dataset,task,protocol_id,source_protocol,expert_id,source_model,expert_prediction_seed,fold,status,reason_codes,artifact_family,canonical_inventory_path,canonical_inventory_sha256,indexed_prediction_path,indexed_prediction_checksum,indexed_size_bytes,resolved_prediction_path,resolved_prediction_checksum,raw_navigation_candidates,source_package,source_archive_path,source_archive_sha256,source_archive_member,archive_present,original_version_alias,alias_lineage,result_path,result_checksum,import_validation,import_validation_path,lock_membership,config_payload,config_sha256,config_provenance_type,config_provenance_path,code_provenance_type,code_provenance_value,code_provenance_path,routing_cost_value,routing_cost_unit,routing_cost_provenance,measured_compute_available,measured_compute_record,base_coordinate_id,base_artifact_hash
dgraphfin,node_classification,isolated_inductive,inductive_isolated,feature_mlp,mlp,1,fold0,INDEX_REFERENCED_FILE_MISSING,CANONICAL_PREDICTION_PATH_MISSING;INDEXED_SOURCE_ARCHIVE_MISSING,RB09v3_structure_decay_10seed,$HISTORICAL_GNN_FRAUD_REPO/results/runs_rb09v3/predictions_manifest.json,528152753c1887ae6fa64631fddbd53926938d9e358b7eb4f003ad2c508b2d4e,kaggleoutputs/dgraphfin_10seed_inductive_isolated/predictions/dgraphfin__inductive_isolated__mlp__seed1.csv,,187148736,,,,dgraphfin_10seed_inductive_isolated.zip,$HISTORICAL_GNN_FRAUD_REPO/kaggleoutputs/dgraphfin_10seed_inductive_isolated.zip,6ce0d2e37893a7a162d6d575347f6606eb63f90b7940cc3a259dc309cf88b8c8,predictions/dgraphfin__inductive_isolated__mlp__seed1.csv,false,RB09v3,,$HISTORICAL_GNN_FRAUD_REPO/results/runs_rb09v3/runs.csv#dgraphfin:inductive_isolated:mlp:seed1,d9f77bfd14ccaf157780858e35ecfee96af1e2fbf60f3559ad888d14c0ace2e9,RB15_IMPORT_ERRORS_EMPTY_AND_MEMBER_REFERENCED,$HISTORICAL_GNN_FRAUD_REPO/results/runs_rb15_graphsafe_tta/import_manifest.json,RB09V3_ARTIFACT_FAMILY_180_AND_RB15_CONSUMED_MEMBER,"{""command"":""/kaggle/working/gnn-fraud/scripts/run_multi_dataset_protocol_benchmark.py --datasets dgraphfin --models mlp,gcn,graphsage --protocols strict_inductive,inductive_isolated,transductive --gnn-only --skip-missing-datasets --hidden-channels 64 --num-layers 2 --early-stopping-metric val_f1 --scaler-mode train_only --output-dir results/runs/multi_dataset_protocol --seeds 1,3,5,7,9 --device cuda --execute --prediction-dir results/runs/predictions --export-predictions"",""early_stopping_metric"":""val_f1"",""early_stopping_split"":""validation"",""graph_mode"":""inductive_isolated_eval"",""scaler_mode"":""train_only"",""split_name"":""t1-14_val15-16_test17-20""}",9ff83529acf18a9128ee8ef0ce4c80c738c6346f08a229acc0bc6d38d0896e44,CANONICAL_RESULT_COMMAND_AND_FIELDS,$HISTORICAL_GNN_FRAUD_REPO/results/runs_rb09v3/runs.csv,UNRESOLVED_LEGACY_CODE,tree-6fa0cc19d70e7c207c9af5b868d89b1b98ed0ed7,$HISTORICAL_GNN_FRAUD_REPO/results/runs_rb09v3/runs.csv,,,UNRESOLVED,true,"{""device"":""cuda"",""hardware"":""unresolved_from_per_run_record"",""measurement_scope"":""per_run_result_record"",""peak_memory"":null,""runtime_seconds"":24.501}",675638befa2d945be57bc01fb298623ad278449f8a5343a23d7a623d0d04652a,
dgraphfin,node_classification,isolated_inductive,inductive_isolated,feature_mlp,mlp,2,fold0,INDEX_REFERENCED_FILE_MISSING,CANONICAL_PREDICTION_PATH_MISSING;INDEXED_SOURCE_ARCHIVE_MISSING,RB09v3_structure_decay_10seed,$HISTORICAL_GNN_FRAUD_REPO/results/runs_rb09v3/predictions_manifest.json,528152753c1887ae6fa64631fddbd53926938d9e358b7eb4f003ad2c508b2d4e,kaggleoutputs/dgraphfin_10seed_inductive_isolated/predictions/dgraphfin__inductive_isolated__mlp__seed2.csv,,187149918,,,,dgraphfin_10seed_inductive_isolated.zip,$HISTORICAL_GNN_FRAUD_REPO/kaggleoutputs/dgraphfin_10seed_inductive_isolated.zip,6ce0d2e37893a7a162d6d575347f6606eb63f90b7940cc3a259dc309cf88b8c8,predictions/dgraphfin__inductive_isolated__mlp__seed2.csv,false,RB09v3,,$HISTORICAL_GNN_FRAUD_REPO/results/runs_rb09v3/runs.csv#dgraphfin:inductive_isolated:mlp:seed2,d9f77bfd14ccaf157780858e35ecfee96af1e2fbf60f3559ad888d14c0ace2e9,RB15_IMPORT_ERRORS_EMPTY_AND_MEMBER_REFERENCED,$HISTORICAL_GNN_FRAUD_REPO/results/runs_rb15_graphsafe_tta/import_manifest.json,RB09V3_ARTIFACT_FAMILY_180_AND_RB15_CONSUMED_MEMBER,"{""command"":""/kaggle/working/gnn-fraud/scripts/run_multi_dataset_protocol_benchmark.py --datasets dgraphfin --models mlp,gcn,graphsage --protocols strict_inductive,inductive_isolated,transductive --gnn-only --skip-missing-datasets --hidden-channels 64 --num-layers 2 --early-stopping-metric val_f1 --scaler-mode train_only --output-dir results/runs/multi_dataset_protocol --seeds 2,4,6,8,10 --device cuda --execute --prediction-dir results/runs/predictions --export-predictions"",""early_stopping_metric"":""val_f1"",""early_stopping_split"":""validation"",""graph_mode"":""inductive_isolated_eval"",""scaler_mode"":""train_only"",""split_name"":""t1-14_val15-16_test17-20""}",1ba45869f075247dc9d4fdcaf2ef6b8b7d99e402e103dae58aae2047f3d4e8bf,CANONICAL_RESULT_COMMAND_AND_FIELDS,$HISTORICAL_GNN_FRAUD_REPO/results/runs_rb09v3/runs.csv,UNRESOLVED_LEGACY_CODE,tree-6fa0cc19d70e7c207c9af5b868d89b1b98ed0ed7,$HISTORICAL_GNN_FRAUD_REPO/results/runs_rb09v3/runs.csv,,,UNRESOLVED,true,"{""device"":""cuda"",""hardware"":""unresolved_from_per_run_record"",""measurement_scope"":""per_run_result_record"",""peak_memory"":null,""runtime_seconds"":24.221}",67336dcaa82c7029c86a3c94d6b4908ff38db51574da609b41e8b3aa30534d72,
dgraphfin,node_classification,isolated_inductive,inductive_isolated,feature_mlp,mlp,3,fold0,INDEX_REFERENCED_FILE_MISSING,CANONICAL_PREDICTION_PATH_MISSING;INDEXED_SOURCE_ARCHIVE_MISSING,RB09v3_structure_decay_10seed,$HISTORICAL_GNN_FRAUD_REPO/results/runs_rb09v3/predictions_manifest.json,528152753c1887ae6fa64631fddbd53926938d9e358b7eb4f003ad2c508b2d4e,kaggleoutputs/dgraphfin_10seed_inductive_isolated/predictions/dgraphfin__inductive_isolated__mlp__seed3.csv,,187123905,,,,dgraphfin_10seed_inductive_isolated.zip,$HISTORICAL_GNN_FRAUD_REPO/kaggleoutputs/dgraphfin_10seed_inductive_isolated.zip,6ce0d2e37893a7a162d6d575347f6606eb63f90b7940cc3a259dc309cf88b8c8,predictions/dgraphfin__inductive_isolated__mlp__seed3.csv,false,RB09v3,,$HISTORICAL_GNN_FRAUD_REPO/results/runs_rb09v3/runs.csv#dgraphfin:inductive_isolated:mlp:seed3,d9f77bfd14ccaf157780858e35ecfee96af1e2fbf60f3559ad888d14c0ace2e9,RB15_IMPORT_ERRORS_EMPTY_AND_MEMBER_REFERENCED,$HISTORICAL_GNN_FRAUD_REPO/results/runs_rb15_graphsafe_tta/import_manifest.json,RB09V3_ARTIFACT_FAMILY_180_AND_RB15_CONSUMED_MEMBER,"{""command"":""/kaggle/working/gnn-fraud/scripts/run_multi_dataset_protocol_benchmark.py --datasets dgraphfin --models mlp,gcn,graphsage --protocols strict_inductive,inductive_isolated,transductive --gnn-only --skip-missing-datasets --hidden-channels 64 --num-layers 2 --early-stopping-metric val_f1 --scaler-mode train_only --output-dir results/runs/multi_dataset_protocol --seeds 1,3,5,7,9 --device cuda --execute --prediction-dir results/runs/predictions --export-predictions"",""early_stopping_metric"":""val_f1"",""early_stopping_split"":""validation"",""graph_mode"":""inductive_isolated_eval"",""scaler_mode"":""train_only"",""split_name"":""t1-14_val15-16_test17-20""}",9ff83529acf18a9128ee8ef0ce4c80c738c6346f08a229acc0bc6d38d0896e44,CANONICAL_RESULT_COMMAND_AND_FIELDS,$HISTORICAL_GNN_FRAUD_REPO/results/runs_rb09v3/runs.csv,UNRESOLVED_LEGACY_CODE,tree-6fa0cc19d70e7c207c9af5b868d89b1b98ed0ed7,$HISTORICAL_GNN_FRAUD_REPO/results/runs_rb09v3/runs.csv,,,UNRESOLVED,true,"{""device"":""cuda"",""hardware"":""unresolved_from_per_run_record"",""measurement_scope"":""per_run_result_record"",""peak_memory"":null,""runtime_seconds"":24.645}",e375af8b19798adc731f5c9aa462d9a3c50957e0d731036ac29f1c84ca1af9fe,
dgraphfin,node_classification,isolated_inductive,inductive_isolated,feature_mlp,mlp,4,fold0,INDEX_REFERENCED_FILE_MISSING,CANONICAL_PREDICTION_PATH_MISSING;INDEXED_SOURCE_ARCHIVE_MISSING,RB09v3_structure_decay_10seed,$HISTORICAL_GNN_FRAUD_REPO/results/runs_rb09v3/predictions_manifest.json,528152753c1887ae6fa64631fddbd53926938d9e358b7eb4f003ad2c508b2d4e,kaggleoutputs/dgraphfin_10seed_inductive_isolated/predictions/dgraphfin__inductive_isolated__mlp__seed4.csv,,187054623,,,,dgraphfin_10seed_inductive_isolated.zip,$HISTORICAL_GNN_FRAUD_REPO/kaggleoutputs/dgraphfin_10seed_inductive_isolated.zip,6ce0d2e37893a7a162d6d575347f6606eb63f90b7940cc3a259dc309cf88b8c8,predictions/dgraphfin__inductive_isolated__mlp__seed4.csv,false,RB09v3,,$HISTORICAL_GNN_FRAUD_REPO/results/runs_rb09v3/runs.csv#dgraphfin:inductive_isolated:mlp:seed4,d9f77bfd14ccaf157780858e35ecfee96af1e2fbf60f3559ad888d14c0ace2e9,RB15_IMPORT_ERRORS_EMPTY_AND_MEMBER_REFERENCED,$HISTORICAL_GNN_FRAUD_REPO/results/runs_rb15_graphsafe_tta/import_manifest.json,RB09V3_ARTIFACT_FAMILY_180_AND_RB15_CONSUMED_MEMBER,"{""command"":""/kaggle/working/gnn-fraud/scripts/run_multi_dataset_protocol_benchmark.py --datasets dgraphfin --models mlp,gcn,graphsage --protocols strict_inductive,inductive_isolated,transductive --gnn-only --skip-missing-datasets --hidden-channels 64 --num-layers 2 --early-stopping-metric val_f1 --scaler-mode train_only --output-dir results/runs/multi_dataset_protocol --seeds 2,4,6,8,10 --device cuda --execute --prediction-dir results/runs/predictions --export-predictions"",""early_stopping_metric"":""val_f1"",""early_stopping_split"":""validation"",""graph_mode"":""inductive_isolated_eval"",""scaler_mode"":""train_only"",""split_name"":""t1-14_val15-16_test17-20""}",1ba45869f075247dc9d4fdcaf2ef6b8b7d99e402e103dae58aae2047f3d4e8bf,CANONICAL_RESULT_COMMAND_AND_FIELDS,$HISTORICAL_GNN_FRAUD_REPO/results/runs_rb09v3/runs.csv,UNRESOLVED_LEGACY_CODE,tree-6fa0cc19d70e7c207c9af5b868d89b1b98ed0ed7,$HISTORICAL_GNN_FRAUD_REPO/results/runs_rb09v3/runs.csv,,,UNRESOLVED,true,"{""device"":""cuda"",""hardware"":""unresolved_from_per_run_record"",""measurement_scope"":""per_run_result_record"",""peak_memory"":null,""runtime_seconds"":24.097}",db3fd0a87d762d29536659033e5f7513ec1e9322508833a7e5d9a456e25b2a25,
dgraphfin,node_classification,isolated_inductive,inductive_isolated,feature_mlp,mlp,5,fold0,INDEX_REFERENCED_FILE_MISSING,CANONICAL_PREDICTION_PATH_MISSING;INDEXED_SOURCE_ARCHIVE_MISSING,RB09v3_structure_decay_10seed,$HISTORICAL_GNN_FRAUD_REPO/results/runs_rb09v3/predictions_manifest.json,528152753c1887ae6fa64631fddbd53926938d9e358b7eb4f003ad2c508b2d4e,kaggleoutputs/dgraphfin_10seed_inductive_isolated/predictions/dgraphfin__inductive_isolated__mlp__seed5.csv,,187072389,,,,dgraphfin_10seed_inductive_isolated.zip,$HISTORICAL_GNN_FRAUD_REPO/kaggleoutputs/dgraphfin_10seed_inductive_isolated.zip,6ce0d2e37893a7a162d6d575347f6606eb63f90b7940cc3a259dc309cf88b8c8,predictions/dgraphfin__inductive_isolated__mlp__seed5.csv,false,RB09v3,,$HISTORICAL_GNN_FRAUD_REPO/results/runs_rb09v3/runs.csv#dgraphfin:inductive_isolated:mlp:seed5,d9f77bfd14ccaf157780858e35ecfee96af1e2fbf60f3559ad888d14c0ace2e9,RB15_IMPORT_ERRORS_EMPTY_AND_MEMBER_REFERENCED,$HISTORICAL_GNN_FRAUD_REPO/results/runs_rb15_graphsafe_tta/import_manifest.json,RB09V3_ARTIFACT_FAMILY_180_AND_RB15_CONSUMED_MEMBER,"{""command"":""/kaggle/working/gnn-fraud/scripts/run_multi_dataset_protocol_benchmark.py --datasets dgraphfin --models mlp,gcn,graphsage --protocols strict_inductive,inductive_isolated,transductive --gnn-only --skip-missing-datasets --hidden-channels 64 --num-layers 2 --early-stopping-metric val_f1 --scaler-mode train_only --output-dir results/runs/multi_dataset_protocol --seeds 1,3,5,7,9 --device cuda --execute --prediction-dir results/runs/predictions --export-predictions"",""early_stopping_metric"":""val_f1"",""early_stopping_split"":""validation"",""graph_mode"":""inductive_isolated_eval"",""scaler_mode"":""train_only"",""split_name"":""t1-14_val15-16_test17-20""}",9ff83529acf18a9128ee8ef0ce4c80c738c6346f08a229acc0bc6d38d0896e44,CANONICAL_RESULT_COMMAND_AND_FIELDS,$HISTORICAL_GNN_FRAUD_REPO/results/runs_rb09v3/runs.csv,UNRESOLVED_LEGACY_CODE,tree-6fa0cc19d70e7c207c9af5b868d89b1b98ed0ed7,$HISTORICAL_GNN_FRAUD_REPO/results/runs_rb09v3/runs.csv,,,UNRESOLVED,true,"{""device"":""cuda"",""hardware"":""unresolved_from_per_run_record"",""measurement_scope"":""per_run_result_record"",""peak_memory"":null,""runtime_seconds"":24.56}",e4c6cbc7bee75edd8fa43c93a103644002e2a6d3f9e4b785bb7729d236d5a59f,
dgraphfin,node_classification,isolated_inductive,inductive_isolated,feature_mlp,mlp,6,fold0,INDEX_REFERENCED_FILE_MISSING,CANONICAL_PREDICTION_PATH_MISSING;INDEXED_SOURCE_ARCHIVE_MISSING,RB09v3_structure_decay_10seed,$HISTORICAL_GNN_FRAUD_REPO/results/runs_rb09v3/predictions_manifest.json,528152753c1887ae6fa64631fddbd53926938d9e358b7eb4f003ad2c508b2d4e,kaggleoutputs/dgraphfin_10seed_inductive_isolated/predictions/dgraphfin__inductive_isolated__mlp__seed6.csv,,186989198,,,,dgraphfin_10seed_inductive_isolated.zip,$HISTORICAL_GNN_FRAUD_REPO/kaggleoutputs/dgraphfin_10seed_inductive_isolated.zip,6ce0d2e37893a7a162d6d575347f6606eb63f90b7940cc3a259dc309cf88b8c8,predictions/dgraphfin__inductive_isolated__mlp__seed6.csv,false,RB09v3,,$HISTORICAL_GNN_FRAUD_REPO/results/runs_rb09v3/runs.csv#dgraphfin:inductive_isolated:mlp:seed6,d9f77bfd14ccaf157780858e35ecfee96af1e2fbf60f3559ad888d14c0ace2e9,RB15_IMPORT_ERRORS_EMPTY_AND_MEMBER_REFERENCED,$HISTORICAL_GNN_FRAUD_REPO/results/runs_rb15_graphsafe_tta/import_manifest.json,RB09V3_ARTIFACT_FAMILY_180_AND_RB15_CONSUMED_MEMBER,"{""command"":""/kaggle/working/gnn-fraud/scripts/run_multi_dataset_protocol_benchmark.py --datasets dgraphfin --models mlp,gcn,graphsage --protocols strict_inductive,inductive_isolated,transductive --gnn-only --skip-missing-datasets --hidden-channels 64 --num-layers 2 --early-stopping-metric val_f1 --scaler-mode train_only --output-dir results/runs/multi_dataset_protocol --seeds 2,4,6,8,10 --device cuda --execute --prediction-dir results/runs/predictions --export-predictions"",""early_stopping_metric"":""val_f1"",""early_stopping_split"":""validation"",""graph_mode"":""inductive_isolated_eval"",""scaler_mode"":""train_only"",""split_name"":""t1-14_val15-16_test17-20""}",1ba45869f075247dc9d4fdcaf2ef6b8b7d99e402e103dae58aae2047f3d4e8bf,CANONICAL_RESULT_COMMAND_AND_FIELDS,$HISTORICAL_GNN_FRAUD_REPO/results/runs_rb09v3/runs.csv,UNRESOLVED_LEGACY_CODE,tree-6fa0cc19d70e7c207c9af5b868d89b1b98ed0ed7,$HISTORICAL_GNN_FRAUD_REPO/results/runs_rb09v3/runs.csv,,,UNRESOLVED,true,"{""device"":""cuda"",""hardware"":""unresolved_from_per_run_record"",""measurement_scope"":""per_run_result_record"",""peak_memory"":null,""runtime_seconds"":24.086}",757e88ee61b20d96ec7d16efd96a6d512ae6baab0d48d4ef6f6da516f07a50ef,
dgraphfin,node_classification,isolated_inductive,inductive_isolated,feature_mlp,mlp,7,fold0,INDEX_REFERENCED_FILE_MISSING,CANONICAL_PREDICTION_PATH_MISSING;INDEXED_SOURCE_ARCHIVE_MISSING,RB09v3_structure_decay_10seed,$HISTORICAL_GNN_FRAUD_REPO/results/runs_rb09v3/predictions_manifest.json,528152753c1887ae6fa64631fddbd53926938d9e358b7eb4f003ad2c508b2d4e,kaggleoutputs/dgraphfin_10seed_inductive_isolated/predictions/dgraphfin__inductive_isolated__mlp__seed7.csv,,187068595,,,,dgraphfin_10seed_inductive_isolated.zip,$HISTORICAL_GNN_FRAUD_REPO/kaggleoutputs/dgraphfin_10seed_inductive_isolated.zip,6ce0d2e37893a7a162d6d575347f6606eb63f90b7940cc3a259dc309cf88b8c8,predictions/dgraphfin__inductive_isolated__mlp__seed7.csv,false,RB09v3,,$HISTORICAL_GNN_FRAUD_REPO/results/runs_rb09v3/runs.csv#dgraphfin:inductive_isolated:mlp:seed7,d9f77bfd14ccaf157780858e35ecfee96af1e2fbf60f3559ad888d14c0ace2e9,RB15_IMPORT_ERRORS_EMPTY_AND_MEMBER_REFERENCED,$HISTORICAL_GNN_FRAUD_REPO/results/runs_rb15_graphsafe_tta/import_manifest.json,RB09V3_ARTIFACT_FAMILY_180_AND_RB15_CONSUMED_MEMBER,"{""command"":""/kaggle/working/gnn-fraud/scripts/run_multi_dataset_protocol_benchmark.py --datasets dgraphfin --models mlp,gcn,graphsage --protocols strict_inductive,inductive_isolated,transductive --gnn-only --skip-missing-datasets --hidden-channels 64 --num-layers 2 --early-stopping-metric val_f1 --scaler-mode train_only --output-dir results/runs/multi_dataset_protocol --seeds 1,3,5,7,9 --device cuda --execute --prediction-dir results/runs/predictions --export-predictions"",""early_stopping_metric"":""val_f1"",""early_stopping_split"":""validation"",""graph_mode"":""inductive_isolated_eval"",""scaler_mode"":""train_only"",""split_name"":""t1-14_val15-16_test17-20""}",9ff83529acf18a9128ee8ef0ce4c80c738c6346f08a229acc0bc6d38d0896e44,CANONICAL_RESULT_COMMAND_AND_FIELDS,$HISTORICAL_GNN_FRAUD_REPO/results/runs_rb09v3/runs.csv,UNRESOLVED_LEGACY_CODE,tree-6fa0cc19d70e7c207c9af5b868d89b1b98ed0ed7,$HISTORICAL_GNN_FRAUD_REPO/results/runs_rb09v3/runs.csv,,,UNRESOLVED,true,"{""device"":""cuda"",""hardware"":""unresolved_from_per_run_record"",""measurement_scope"":""per_run_result_record"",""peak_memory"":null,""runtime_seconds"":24.552}",3ad42754e59f2d60175def7386ea20bbe6dc6be614e07da53e9faa4a1911321a,
dgraphfin,node_classification,isolated_inductive,inductive_isolated,feature_mlp,mlp,8,fold0,INDEX_REFERENCED_FILE_MISSING,CANONICAL_PREDICTION_PATH_MISSING;INDEXED_SOURCE_ARCHIVE_MISSING,RB09v3_structure_decay_10seed,$HISTORICAL_GNN_FRAUD_REPO/results/runs_rb09v3/predictions_manifest.json,528152753c1887ae6fa64631fddbd53926938d9e358b7eb4f003ad2c508b2d4e,kaggleoutputs/dgraphfin_10seed_inductive_isolated/predictions/dgraphfin__inductive_isolated__mlp__seed8.csv,,186980402,,,,dgraphfin_10seed_inductive_isolated.zip,$HISTORICAL_GNN_FRAUD_REPO/kaggleoutputs/dgraphfin_10seed_inductive_isolated.zip,6ce0d2e37893a7a162d6d575347f6606eb63f90b7940cc3a259dc309cf88b8c8,predictions/dgraphfin__inductive_isolated__mlp__seed8.csv,false,RB09v3,,$HISTORICAL_GNN_FRAUD_REPO/results/runs_rb09v3/runs.csv#dgraphfin:inductive_isolated:mlp:seed8,d9f77bfd14ccaf157780858e35ecfee96af1e2fbf60f3559ad888d14c0ace2e9,RB15_IMPORT_ERRORS_EMPTY_AND_MEMBER_REFERENCED,$HISTORICAL_GNN_FRAUD_REPO/results/runs_rb15_graphsafe_tta/import_manifest.json,RB09V3_ARTIFACT_FAMILY_180_AND_RB15_CONSUMED_MEMBER,"{""command"":""/kaggle/working/gnn-fraud/scripts/run_multi_dataset_protocol_benchmark.py --datasets dgraphfin --models mlp,gcn,graphsage --protocols strict_inductive,inductive_isolated,transductive --gnn-only --skip-missing-datasets --hidden-channels 64 --num-layers 2 --early-stopping-metric val_f1 --scaler-mode train_only --output-dir results/runs/multi_dataset_protocol --seeds 2,4,6,8,10 --device cuda --execute --prediction-dir results/runs/predictions --export-predictions"",""early_stopping_metric"":""val_f1"",""early_stopping_split"":""validation"",""graph_mode"":""inductive_isolated_eval"",""scaler_mode"":""train_only"",""split_name"":""t1-14_val15-16_test17-20""}",1ba45869f075247dc9d4fdcaf2ef6b8b7d99e402e103dae58aae2047f3d4e8bf,CANONICAL_RESULT_COMMAND_AND_FIELDS,$HISTORICAL_GNN_FRAUD_REPO/results/runs_rb09v3/runs.csv,UNRESOLVED_LEGACY_CODE,tree-6fa0cc19d70e7c207c9af5b868d89b1b98ed0ed7,$HISTORICAL_GNN_FRAUD_REPO/results/runs_rb09v3/runs.csv,,,UNRESOLVED,true,"{""device"":""cuda"",""hardware"":""unresolved_from_per_run_record"",""measurement_scope"":""per_run_result_record"",""peak_memory"":null,""runtime_seconds"":24.072}",b5fc3f6aec88ab25e47ab0a78e06b2ad3554e6af829288c7d8ceb4d71d5e1093,
dgraphfin,node_classification,isolated_inductive,inductive_isolated,feature_mlp,mlp,9,fold0,INDEX_REFERENCED_FILE_MISSING,CANONICAL_PREDICTION_PATH_MISSING;INDEXED_SOURCE_ARCHIVE_MISSING,RB09v3_structure_decay_10seed,$HISTORICAL_GNN_FRAUD_REPO/results/runs_rb09v3/predictions_manifest.json,528152753c1887ae6fa64631fddbd53926938d9e358b7eb4f003ad2c508b2d4e,kaggleoutputs/dgraphfin_10seed_inductive_isolated/predictions/dgraphfin__inductive_isolated__mlp__seed9.csv,,187141072,,,,dgraphfin_10seed_inductive_isolated.zip,$HISTORICAL_GNN_FRAUD_REPO/kaggleoutputs/dgraphfin_10seed_inductive_isolated.zip,6ce0d2e37893a7a162d6d575347f6606eb63f90b7940cc3a259dc309cf88b8c8,predictions/dgraphfin__inductive_isolated__mlp__seed9.csv,false,RB09v3,,$HISTORICAL_GNN_FRAUD_REPO/results/runs_rb09v3/runs.csv#dgraphfin:inductive_isolated:mlp:seed9,d9f77bfd14ccaf157780858e35ecfee96af1e2fbf60f3559ad888d14c0ace2e9,RB15_IMPORT_ERRORS_EMPTY_AND_MEMBER_REFERENCED,$HISTORICAL_GNN_FRAUD_REPO/results/runs_rb15_graphsafe_tta/import_manifest.json,RB09V3_ARTIFACT_FAMILY_180_AND_RB15_CONSUMED_MEMBER,"{""command"":""/kaggle/working/gnn-fraud/scripts/run_multi_dataset_protocol_benchmark.py --datasets dgraphfin --models mlp,gcn,graphsage --protocols strict_inductive,inductive_isolated,transductive --gnn-only --skip-missing-datasets --hidden-channels 64 --num-layers 2 --early-stopping-metric val_f1 --scaler-mode train_only --output-dir results/runs/multi_dataset_protocol --seeds 1,3,5,7,9 --device cuda --execute --prediction-dir results/runs/predictions --export-predictions"",""early_stopping_metric"":""val_f1"",""early_stopping_split"":""validation"",""graph_mode"":""inductive_isolated_eval"",""scaler_mode"":""train_only"",""split_name"":""t1-14_val15-16_test17-20""}",9ff83529acf18a9128ee8ef0ce4c80c738c6346f08a229acc0bc6d38d0896e44,CANONICAL_RESULT_COMMAND_AND_FIELDS,$HISTORICAL_GNN_FRAUD_REPO/results/runs_rb09v3/runs.csv,UNRESOLVED_LEGACY_CODE,tree-6fa0cc19d70e7c207c9af5b868d89b1b98ed0ed7,$HISTORICAL_GNN_FRAUD_REPO/results/runs_rb09v3/runs.csv,,,UNRESOLVED,true,"{""device"":""cuda"",""hardware"":""unresolved_from_per_run_record"",""measurement_scope"":""per_run_result_record"",""peak_memory"":null,""runtime_seconds"":24.682}",9b49543f519d6cfd9c2014da22d81dae40805a3dbcd828832e03bd49edcfd580,
dgraphfin,node_classification,isolated_inductive,inductive_isolated,feature_mlp,mlp,10,fold0,INDEX_REFERENCED_FILE_MISSING,CANONICAL_PREDICTION_PATH_MISSING;INDEXED_SOURCE_ARCHIVE_MISSING,RB09v3_structure_decay_10seed,$HISTORICAL_GNN_FRAUD_REPO/results/runs_rb09v3/predictions_manifest.json,528152753c1887ae6fa64631fddbd53926938d9e358b7eb4f003ad2c508b2d4e,kaggleoutputs/dgraphfin_10seed_inductive_isolated/predictions/dgraphfin__inductive_isolated__mlp__seed10.csv,,189574248,,,,dgraphfin_10seed_inductive_isolated.zip,$HISTORICAL_GNN_FRAUD_REPO/kaggleoutputs/dgraphfin_10seed_inductive_isolated.zip,6ce0d2e37893a7a162d6d575347f6606eb63f90b7940cc3a259dc309cf88b8c8,predictions/dgraphfin__inductive_isolated__mlp__seed10.csv,false,RB09v3,,$HISTORICAL_GNN_FRAUD_REPO/results/runs_rb09v3/runs.csv#dgraphfin:inductive_isolated:mlp:seed10,d9f77bfd14ccaf157780858e35ecfee96af1e2fbf60f3559ad888d14c0ace2e9,RB15_IMPORT_ERRORS_EMPTY_AND_MEMBER_REFERENCED,$HISTORICAL_GNN_FRAUD_REPO/results/runs_rb15_graphsafe_tta/import_manifest.json,RB09V3_ARTIFACT_FAMILY_180_AND_RB15_CONSUMED_MEMBER,"{""command"":""/kaggle/working/gnn-fraud/scripts/run_multi_dataset_protocol_benchmark.py --datasets dgraphfin --models mlp,gcn,graphsage --protocols strict_inductive,inductive_isolated,transductive --gnn-only --skip-missing-datasets --hidden-channels 64 --num-layers 2 --early-stopping-metric val_f1 --scaler-mode train_only --output-dir results/runs/multi_dataset_protocol --seeds 2,4,6,8,10 --device cuda --execute --prediction-dir results/runs/predictions --export-predictions"",""early_stopping_metric"":""val_f1"",""early_stopping_split"":""validation"",""graph_mode"":""inductive_isolated_eval"",""scaler_mode"":""train_only"",""split_name"":""t1-14_val15-16_test17-20""}",1ba45869f075247dc9d4fdcaf2ef6b8b7d99e402e103dae58aae2047f3d4e8bf,CANONICAL_RESULT_COMMAND_AND_FIELDS,$HISTORICAL_GNN_FRAUD_REPO/results/runs_rb09v3/runs.csv,UNRESOLVED_LEGACY_CODE,tree-6fa0cc19d70e7c207c9af5b868d89b1b98ed0ed7,$HISTORICAL_GNN_FRAUD_REPO/results/runs_rb09v3/runs.csv,,,UNRESOLVED,true,"{""device"":""cuda"",""hardware"":""unresolved_from_per_run_record"",""measurement_scope"":""per_run_result_record"",""peak_memory"":null,""runtime_seconds"":24.036}",b61264bc90609377cc258b2dc1fcc3443d9b0b818c25e4542445e28bb33d92fe,
dgraphfin,node_classification,isolated_inductive,inductive_isolated,gcn,gcn,1,fold0,INDEX_REFERENCED_FILE_MISSING,CANONICAL_PREDICTION_PATH_MISSING;INDEXED_SOURCE_ARCHIVE_MISSING,RB09v3_structure_decay_10seed,$HISTORICAL_GNN_FRAUD_REPO/results/runs_rb09v3/predictions_manifest.json,528152753c1887ae6fa64631fddbd53926938d9e358b7eb4f003ad2c508b2d4e,kaggleoutputs/dgraphfin_10seed_inductive_isolated/predictions/dgraphfin__inductive_isolated__gcn__seed1.csv,,187109745,,,,dgraphfin_10seed_inductive_isolated.zip,$HISTORICAL_GNN_FRAUD_REPO/kaggleoutputs/dgraphfin_10seed_inductive_isolated.zip,6ce0d2e37893a7a162d6d575347f6606eb63f90b7940cc3a259dc309cf88b8c8,predictions/dgraphfin__inductive_isolated__gcn__seed1.csv,false,RB09v3,,$HISTORICAL_GNN_FRAUD_REPO/results/runs_rb09v3/runs.csv#dgraphfin:inductive_isolated:gcn:seed1,d9f77bfd14ccaf157780858e35ecfee96af1e2fbf60f3559ad888d14c0ace2e9,RB15_IMPORT_ERRORS_EMPTY_AND_MEMBER_REFERENCED,$HISTORICAL_GNN_FRAUD_REPO/results/runs_rb15_graphsafe_tta/import_manifest.json,RB09V3_ARTIFACT_FAMILY_180_AND_RB15_CONSUMED_MEMBER,"{""command"":""/kaggle/working/gnn-fraud/scripts/run_multi_dataset_protocol_benchmark.py --datasets dgraphfin --models mlp,gcn,graphsage --protocols strict_inductive,inductive_isolated,transductive --gnn-only --skip-missing-datasets --hidden-channels 64 --num-layers 2 --early-stopping-metric val_f1 --scaler-mode train_only --output-dir results/runs/multi_dataset_protocol --seeds 1,3,5,7,9 --device cuda --execute --prediction-dir results/runs/predictions --export-predictions"",""early_stopping_metric"":""val_f1"",""early_stopping_split"":""validation"",""graph_mode"":""inductive_isolated_eval"",""scaler_mode"":""train_only"",""split_name"":""t1-14_val15-16_test17-20""}",9ff83529acf18a9128ee8ef0ce4c80c738c6346f08a229acc0bc6d38d0896e44,CANONICAL_RESULT_COMMAND_AND_FIELDS,$HISTORICAL_GNN_FRAUD_REPO/results/runs_rb09v3/runs.csv,UNRESOLVED_LEGACY_CODE,tree-6fa0cc19d70e7c207c9af5b868d89b1b98ed0ed7,$HISTORICAL_GNN_FRAUD_REPO/results/runs_rb09v3/runs.csv,,,UNRESOLVED,true,"{""device"":""cuda"",""hardware"":""unresolved_from_per_run_record"",""measurement_scope"":""per_run_result_record"",""peak_memory"":null,""runtime_seconds"":108.701}",f5efa4a18a06de39243394e0dbdedeb38a833f97248b00295792d3f542c38e51,
dgraphfin,node_classification,isolated_inductive,inductive_isolated,gcn,gcn,2,fold0,INDEX_REFERENCED_FILE_MISSING,CANONICAL_PREDICTION_PATH_MISSING;INDEXED_SOURCE_ARCHIVE_MISSING,RB09v3_structure_decay_10seed,$HISTORICAL_GNN_FRAUD_REPO/results/runs_rb09v3/predictions_manifest.json,528152753c1887ae6fa64631fddbd53926938d9e358b7eb4f003ad2c508b2d4e,kaggleoutputs/dgraphfin_10seed_inductive_isolated/predictions/dgraphfin__inductive_isolated__gcn__seed2.csv,,187090656,,,,dgraphfin_10seed_inductive_isolated.zip,$HISTORICAL_GNN_FRAUD_REPO/kaggleoutputs/dgraphfin_10seed_inductive_isolated.zip,6ce0d2e37893a7a162d6d575347f6606eb63f90b7940cc3a259dc309cf88b8c8,predictions/dgraphfin__inductive_isolated__gcn__seed2.csv,false,RB09v3,,$HISTORICAL_GNN_FRAUD_REPO/results/runs_rb09v3/runs.csv#dgraphfin:inductive_isolated:gcn:seed2,d9f77bfd14ccaf157780858e35ecfee96af1e2fbf60f3559ad888d14c0ace2e9,RB15_IMPORT_ERRORS_EMPTY_AND_MEMBER_REFERENCED,$HISTORICAL_GNN_FRAUD_REPO/results/runs_rb15_graphsafe_tta/import_manifest.json,RB09V3_ARTIFACT_FAMILY_180_AND_RB15_CONSUMED_MEMBER,"{""command"":""/kaggle/working/gnn-fraud/scripts/run_multi_dataset_protocol_benchmark.py --datasets dgraphfin --models mlp,gcn,graphsage --protocols strict_inductive,inductive_isolated,transductive --gnn-only --skip-missing-datasets --hidden-channels 64 --num-layers 2 --early-stopping-metric val_f1 --scaler-mode train_only --output-dir results/runs/multi_dataset_protocol --seeds 2,4,6,8,10 --device cuda --execute --prediction-dir results/runs/predictions --export-predictions"",""early_stopping_metric"":""val_f1"",""early_stopping_split"":""validation"",""graph_mode"":""inductive_isolated_eval"",""scaler_mode"":""train_only"",""split_name"":""t1-14_val15-16_test17-20""}",1ba45869f075247dc9d4fdcaf2ef6b8b7d99e402e103dae58aae2047f3d4e8bf,CANONICAL_RESULT_COMMAND_AND_FIELDS,$HISTORICAL_GNN_FRAUD_REPO/results/runs_rb09v3/runs.csv,UNRESOLVED_LEGACY_CODE,tree-6fa0cc19d70e7c207c9af5b868d89b1b98ed0ed7,$HISTORICAL_GNN_FRAUD_REPO/results/runs_rb09v3/runs.csv,,,UNRESOLVED,true,"{""device"":""cuda"",""hardware"":""unresolved_from_per_run_record"",""measurement_scope"":""per_run_result_record"",""peak_memory"":null,""runtime_seconds"":106.717}",90a9e590fdf87a2e0b6f2aee4cbe41aad2849139444692ba7effbe8244df5ad6,
dgraphfin,node_classification,isolated_inductive,inductive_isolated,gcn,gcn,3,fold0,INDEX_REFERENCED_FILE_MISSING,CANONICAL_PREDICTION_PATH_MISSING;INDEXED_SOURCE_ARCHIVE_MISSING,RB09v3_structure_decay_10seed,$HISTORICAL_GNN_FRAUD_REPO/results/runs_rb09v3/predictions_manifest.json,528152753c1887ae6fa64631fddbd53926938d9e358b7eb4f003ad2c508b2d4e,kaggleoutputs/dgraphfin_10seed_inductive_isolated/predictions/dgraphfin__inductive_isolated__gcn__seed3.csv,,187103086,,,,dgraphfin_10seed_inductive_isolated.zip,$HISTORICAL_GNN_FRAUD_REPO/kaggleoutputs/dgraphfin_10seed_inductive_isolated.zip,6ce0d2e37893a7a162d6d575347f6606eb63f90b7940cc3a259dc309cf88b8c8,predictions/dgraphfin__inductive_isolated__gcn__seed3.csv,false,RB09v3,,$HISTORICAL_GNN_FRAUD_REPO/results/runs_rb09v3/runs.csv#dgraphfin:inductive_isolated:gcn:seed3,d9f77bfd14ccaf157780858e35ecfee96af1e2fbf60f3559ad888d14c0ace2e9,RB15_IMPORT_ERRORS_EMPTY_AND_MEMBER_REFERENCED,$HISTORICAL_GNN_FRAUD_REPO/results/runs_rb15_graphsafe_tta/import_manifest.json,RB09V3_ARTIFACT_FAMILY_180_AND_RB15_CONSUMED_MEMBER,"{""command"":""/kaggle/working/gnn-fraud/scripts/run_multi_dataset_protocol_benchmark.py --datasets dgraphfin --models mlp,gcn,graphsage --protocols strict_inductive,inductive_isolated,transductive --gnn-only --skip-missing-datasets --hidden-channels 64 --num-layers 2 --early-stopping-metric val_f1 --scaler-mode train_only --output-dir results/runs/multi_dataset_protocol --seeds 1,3,5,7,9 --device cuda --execute --prediction-dir results/runs/predictions --export-predictions"",""early_stopping_metric"":""val_f1"",""early_stopping_split"":""validation"",""graph_mode"":""inductive_isolated_eval"",""scaler_mode"":""train_only"",""split_name"":""t1-14_val15-16_test17-20""}",9ff83529acf18a9128ee8ef0ce4c80c738c6346f08a229acc0bc6d38d0896e44,CANONICAL_RESULT_COMMAND_AND_FIELDS,$HISTORICAL_GNN_FRAUD_REPO/results/runs_rb09v3/runs.csv,UNRESOLVED_LEGACY_CODE,tree-6fa0cc19d70e7c207c9af5b868d89b1b98ed0ed7,$HISTORICAL_GNN_FRAUD_REPO/results/runs_rb09v3/runs.csv,,,UNRESOLVED,true,"{""device"":""cuda"",""hardware"":""unresolved_from_per_run_record"",""measurement_scope"":""per_run_result_record"",""peak_memory"":null,""runtime_seconds"":108.637}",eed27bc27f9669b6d83ac03b3312175a4807c3834fe6247dd7d21ea60b1a8de2,
dgraphfin,node_classification,isolated_inductive,inductive_isolated,gcn,gcn,4,fold0,INDEX_REFERENCED_FILE_MISSING,CANONICAL_PREDICTION_PATH_MISSING;INDEXED_SOURCE_ARCHIVE_MISSING,RB09v3_structure_decay_10seed,$HISTORICAL_GNN_FRAUD_REPO/results/runs_rb09v3/predictions_manifest.json,528152753c1887ae6fa64631fddbd53926938d9e358b7eb4f003ad2c508b2d4e,kaggleoutputs/dgraphfin_10seed_inductive_isolated/predictions/dgraphfin__inductive_isolated__gcn__seed4.csv,,187091746,,,,dgraphfin_10seed_inductive_isolated.zip,$HISTORICAL_GNN_FRAUD_REPO/kaggleoutputs/dgraphfin_10seed_inductive_isolated.zip,6ce0d2e37893a7a162d6d575347f6606eb63f90b7940cc3a259dc309cf88b8c8,predictions/dgraphfin__inductive_isolated__gcn__seed4.csv,false,RB09v3,,$HISTORICAL_GNN_FRAUD_REPO/results/runs_rb09v3/runs.csv#dgraphfin:inductive_isolated:gcn:seed4,d9f77bfd14ccaf157780858e35ecfee96af1e2fbf60f3559ad888d14c0ace2e9,RB15_IMPORT_ERRORS_EMPTY_AND_MEMBER_REFERENCED,$HISTORICAL_GNN_FRAUD_REPO/results/runs_rb15_graphsafe_tta/import_manifest.json,RB09V3_ARTIFACT_FAMILY_180_AND_RB15_CONSUMED_MEMBER,"{""command"":""/kaggle/working/gnn-fraud/scripts/run_multi_dataset_protocol_benchmark.py --datasets dgraphfin --models mlp,gcn,graphsage --protocols strict_inductive,inductive_isolated,transductive --gnn-only --skip-missing-datasets --hidden-channels 64 --num-layers 2 --early-stopping-metric val_f1 --scaler-mode train_only --output-dir results/runs/multi_dataset_protocol --seeds 2,4,6,8,10 --device cuda --execute --prediction-dir results/runs/predictions --export-predictions"",""early_stopping_metric"":""val_f1"",""early_stopping_split"":""validation"",""graph_mode"":""inductive_isolated_eval"",""scaler_mode"":""train_only"",""split_name"":""t1-14_val15-16_test17-20""}",1ba45869f075247dc9d4fdcaf2ef6b8b7d99e402e103dae58aae2047f3d4e8bf,CANONICAL_RESULT_COMMAND_AND_FIELDS,$HISTORICAL_GNN_FRAUD_REPO/results/runs_rb09v3/runs.csv,UNRESOLVED_LEGACY_CODE,tree-6fa0cc19d70e7c207c9af5b868d89b1b98ed0ed7,$HISTORICAL_GNN_FRAUD_REPO/results/runs_rb09v3/runs.csv,,,UNRESOLVED,true,"{""device"":""cuda"",""hardware"":""unresolved_from_per_run_record"",""measurement_scope"":""per_run_result_record"",""peak_memory"":null,""runtime_seconds"":107.42}",b395751d36deecf4edef87799c4995fbe2c727b5d7637ccb4602d9ee05038e01,
dgraphfin,node_classification,isolated_inductive,inductive_isolated,gcn,gcn,5,fold0,INDEX_REFERENCED_FILE_MISSING,CANONICAL_PREDICTION_PATH_MISSING;INDEXED_SOURCE_ARCHIVE_MISSING,RB09v3_structure_decay_10seed,$HISTORICAL_GNN_FRAUD_REPO/results/runs_rb09v3/predictions_manifest.json,528152753c1887ae6fa64631fddbd53926938d9e358b7eb4f003ad2c508b2d4e,kaggleoutputs/dgraphfin_10seed_inductive_isolated/predictions/dgraphfin__inductive_isolated__gcn__seed5.csv,,187106539,,,,dgraphfin_10seed_inductive_isolated.zip,$HISTORICAL_GNN_FRAUD_REPO/kaggleoutputs/dgraphfin_10seed_inductive_isolated.zip,6ce0d2e37893a7a162d6d575347f6606eb63f90b7940cc3a259dc309cf88b8c8,predictions/dgraphfin__inductive_isolated__gcn__seed5.csv,false,RB09v3,,$HISTORICAL_GNN_FRAUD_REPO/results/runs_rb09v3/runs.csv#dgraphfin:inductive_isolated:gcn:seed5,d9f77bfd14ccaf157780858e35ecfee96af1e2fbf60f3559ad888d14c0ace2e9,RB15_IMPORT_ERRORS_EMPTY_AND_MEMBER_REFERENCED,$HISTORICAL_GNN_FRAUD_REPO/results/runs_rb15_graphsafe_tta/import_manifest.json,RB09V3_ARTIFACT_FAMILY_180_AND_RB15_CONSUMED_MEMBER,"{""command"":""/kaggle/working/gnn-fraud/scripts/run_multi_dataset_protocol_benchmark.py --datasets dgraphfin --models mlp,gcn,graphsage --protocols strict_inductive,inductive_isolated,transductive --gnn-only --skip-missing-datasets --hidden-channels 64 --num-layers 2 --early-stopping-metric val_f1 --scaler-mode train_only --output-dir results/runs/multi_dataset_protocol --seeds 1,3,5,7,9 --device cuda --execute --prediction-dir results/runs/predictions --export-predictions"",""early_stopping_metric"":""val_f1"",""early_stopping_split"":""validation"",""graph_mode"":""inductive_isolated_eval"",""scaler_mode"":""train_only"",""split_name"":""t1-14_val15-16_test17-20""}",9ff83529acf18a9128ee8ef0ce4c80c738c6346f08a229acc0bc6d38d0896e44,CANONICAL_RESULT_COMMAND_AND_FIELDS,$HISTORICAL_GNN_FRAUD_REPO/results/runs_rb09v3/runs.csv,UNRESOLVED_LEGACY_CODE,tree-6fa0cc19d70e7c207c9af5b868d89b1b98ed0ed7,$HISTORICAL_GNN_FRAUD_REPO/results/runs_rb09v3/runs.csv,,,UNRESOLVED,true,"{""device"":""cuda"",""hardware"":""unresolved_from_per_run_record"",""measurement_scope"":""per_run_result_record"",""peak_memory"":null,""runtime_seconds"":108.609}",2959d76f2e1606072d5372a01e191711843df460020c58490fce480967410829,
dgraphfin,node_classification,isolated_inductive,inductive_isolated,gcn,gcn,6,fold0,INDEX_REFERENCED_FILE_MISSING,CANONICAL_PREDICTION_PATH_MISSING;INDEXED_SOURCE_ARCHIVE_MISSING,RB09v3_structure_decay_10seed,$HISTORICAL_GNN_FRAUD_REPO/results/runs_rb09v3/predictions_manifest.json,528152753c1887ae6fa64631fddbd53926938d9e358b7eb4f003ad2c508b2d4e,kaggleoutputs/dgraphfin_10seed_inductive_isolated/predictions/dgraphfin__inductive_isolated__gcn__seed6.csv,,187109067,,,,dgraphfin_10seed_inductive_isolated.zip,$HISTORICAL_GNN_FRAUD_REPO/kaggleoutputs/dgraphfin_10seed_inductive_isolated.zip,6ce0d2e37893a7a162d6d575347f6606eb63f90b7940cc3a259dc309cf88b8c8,predictions/dgraphfin__inductive_isolated__gcn__seed6.csv,false,RB09v3,,$HISTORICAL_GNN_FRAUD_REPO/results/runs_rb09v3/runs.csv#dgraphfin:inductive_isolated:gcn:seed6,d9f77bfd14ccaf157780858e35ecfee96af1e2fbf60f3559ad888d14c0ace2e9,RB15_IMPORT_ERRORS_EMPTY_AND_MEMBER_REFERENCED,$HISTORICAL_GNN_FRAUD_REPO/results/runs_rb15_graphsafe_tta/import_manifest.json,RB09V3_ARTIFACT_FAMILY_180_AND_RB15_CONSUMED_MEMBER,"{""command"":""/kaggle/working/gnn-fraud/scripts/run_multi_dataset_protocol_benchmark.py --datasets dgraphfin --models mlp,gcn,graphsage --protocols strict_inductive,inductive_isolated,transductive --gnn-only --skip-missing-datasets --hidden-channels 64 --num-layers 2 --early-stopping-metric val_f1 --scaler-mode train_only --output-dir results/runs/multi_dataset_protocol --seeds 2,4,6,8,10 --device cuda --execute --prediction-dir results/runs/predictions --export-predictions"",""early_stopping_metric"":""val_f1"",""early_stopping_split"":""validation"",""graph_mode"":""inductive_isolated_eval"",""scaler_mode"":""train_only"",""split_name"":""t1-14_val15-16_test17-20""}",1ba45869f075247dc9d4fdcaf2ef6b8b7d99e402e103dae58aae2047f3d4e8bf,CANONICAL_RESULT_COMMAND_AND_FIELDS,$HISTORICAL_GNN_FRAUD_REPO/results/runs_rb09v3/runs.csv,UNRESOLVED_LEGACY_CODE,tree-6fa0cc19d70e7c207c9af5b868d89b1b98ed0ed7,$HISTORICAL_GNN_FRAUD_REPO/results/runs_rb09v3/runs.csv,,,UNRESOLVED,true,"{""device"":""cuda"",""hardware"":""unresolved_from_per_run_record"",""measurement_scope"":""per_run_result_record"",""peak_memory"":null,""runtime_seconds"":107.306}",aed699b1f7d0e7e9874f4e544f7ba761a7a284603b90a36971f7fe82a85b51b6,
dgraphfin,node_classification,isolated_inductive,inductive_isolated,gcn,gcn,7,fold0,INDEX_REFERENCED_FILE_MISSING,CANONICAL_PREDICTION_PATH_MISSING;INDEXED_SOURCE_ARCHIVE_MISSING,RB09v3_structure_decay_10seed,$HISTORICAL_GNN_FRAUD_REPO/results/runs_rb09v3/predictions_manifest.json,528152753c1887ae6fa64631fddbd53926938d9e358b7eb4f003ad2c508b2d4e,kaggleoutputs/dgraphfin_10seed_inductive_isolated/predictions/dgraphfin__inductive_isolated__gcn__seed7.csv,,187101844,,,,dgraphfin_10seed_inductive_isolated.zip,$HISTORICAL_GNN_FRAUD_REPO/kaggleoutputs/dgraphfin_10seed_inductive_isolated.zip,6ce0d2e37893a7a162d6d575347f6606eb63f90b7940cc3a259dc309cf88b8c8,predictions/dgraphfin__inductive_isolated__gcn__seed7.csv,false,RB09v3,,$HISTORICAL_GNN_FRAUD_REPO/results/runs_rb09v3/runs.csv#dgraphfin:inductive_isolated:gcn:seed7,d9f77bfd14ccaf157780858e35ecfee96af1e2fbf60f3559ad888d14c0ace2e9,RB15_IMPORT_ERRORS_EMPTY_AND_MEMBER_REFERENCED,$HISTORICAL_GNN_FRAUD_REPO/results/runs_rb15_graphsafe_tta/import_manifest.json,RB09V3_ARTIFACT_FAMILY_180_AND_RB15_CONSUMED_MEMBER,"{""command"":""/kaggle/working/gnn-fraud/scripts/run_multi_dataset_protocol_benchmark.py --datasets dgraphfin --models mlp,gcn,graphsage --protocols strict_inductive,inductive_isolated,transductive --gnn-only --skip-missing-datasets --hidden-channels 64 --num-layers 2 --early-stopping-metric val_f1 --scaler-mode train_only --output-dir results/runs/multi_dataset_protocol --seeds 1,3,5,7,9 --device cuda --execute --prediction-dir results/runs/predictions --export-predictions"",""early_stopping_metric"":""val_f1"",""early_stopping_split"":""validation"",""graph_mode"":""inductive_isolated_eval"",""scaler_mode"":""train_only"",""split_name"":""t1-14_val15-16_test17-20""}",9ff83529acf18a9128ee8ef0ce4c80c738c6346f08a229acc0bc6d38d0896e44,CANONICAL_RESULT_COMMAND_AND_FIELDS,$HISTORICAL_GNN_FRAUD_REPO/results/runs_rb09v3/runs.csv,UNRESOLVED_LEGACY_CODE,tree-6fa0cc19d70e7c207c9af5b868d89b1b98ed0ed7,$HISTORICAL_GNN_FRAUD_REPO/results/runs_rb09v3/runs.csv,,,UNRESOLVED,true,"{""device"":""cuda"",""hardware"":""unresolved_from_per_run_record"",""measurement_scope"":""per_run_result_record"",""peak_memory"":null,""runtime_seconds"":108.449}",f4af531a3cdcb55845ddfcbbbce27a446b485cf066a519a68818aeea855e1f73,
dgraphfin,node_classification,isolated_inductive,inductive_isolated,gcn,gcn,8,fold0,INDEX_REFERENCED_FILE_MISSING,CANONICAL_PREDICTION_PATH_MISSING;INDEXED_SOURCE_ARCHIVE_MISSING,RB09v3_structure_decay_10seed,$HISTORICAL_GNN_FRAUD_REPO/results/runs_rb09v3/predictions_manifest.json,528152753c1887ae6fa64631fddbd53926938d9e358b7eb4f003ad2c508b2d4e,kaggleoutputs/dgraphfin_10seed_inductive_isolated/predictions/dgraphfin__inductive_isolated__gcn__seed8.csv,,187095833,,,,dgraphfin_10seed_inductive_isolated.zip,$HISTORICAL_GNN_FRAUD_REPO/kaggleoutputs/dgraphfin_10seed_inductive_isolated.zip,6ce0d2e37893a7a162d6d575347f6606eb63f90b7940cc3a259dc309cf88b8c8,predictions/dgraphfin__inductive_isolated__gcn__seed8.csv,false,RB09v3,,$HISTORICAL_GNN_FRAUD_REPO/results/runs_rb09v3/runs.csv#dgraphfin:inductive_isolated:gcn:seed8,d9f77bfd14ccaf157780858e35ecfee96af1e2fbf60f3559ad888d14c0ace2e9,RB15_IMPORT_ERRORS_EMPTY_AND_MEMBER_REFERENCED,$HISTORICAL_GNN_FRAUD_REPO/results/runs_rb15_graphsafe_tta/import_manifest.json,RB09V3_ARTIFACT_FAMILY_180_AND_RB15_CONSUMED_MEMBER,"{""command"":""/kaggle/working/gnn-fraud/scripts/run_multi_dataset_protocol_benchmark.py --datasets dgraphfin --models mlp,gcn,graphsage --protocols strict_inductive,inductive_isolated,transductive --gnn-only --skip-missing-datasets --hidden-channels 64 --num-layers 2 --early-stopping-metric val_f1 --scaler-mode train_only --output-dir results/runs/multi_dataset_protocol --seeds 2,4,6,8,10 --device cuda --execute --prediction-dir results/runs/predictions --export-predictions"",""early_stopping_metric"":""val_f1"",""early_stopping_split"":""validation"",""graph_mode"":""inductive_isolated_eval"",""scaler_mode"":""train_only"",""split_name"":""t1-14_val15-16_test17-20""}",1ba45869f075247dc9d4fdcaf2ef6b8b7d99e402e103dae58aae2047f3d4e8bf,CANONICAL_RESULT_COMMAND_AND_FIELDS,$HISTORICAL_GNN_FRAUD_REPO/results/runs_rb09v3/runs.csv,UNRESOLVED_LEGACY_CODE,tree-6fa0cc19d70e7c207c9af5b868d89b1b98ed0ed7,$HISTORICAL_GNN_FRAUD_REPO/results/runs_rb09v3/runs.csv,,,UNRESOLVED,true,"{""device"":""cuda"",""hardware"":""unresolved_from_per_run_record"",""measurement_scope"":""per_run_result_record"",""peak_memory"":null,""runtime_seconds"":107.236}",3ecb4e958d00d12b906f01bb09e5cd44c298d5c3d2bb1807a49351807d0e89cd,
dgraphfin,node_classification,isolated_inductive,inductive_isolated,gcn,gcn,9,fold0,INDEX_REFERENCED_FILE_MISSING,CANONICAL_PREDICTION_PATH_MISSING;INDEXED_SOURCE_ARCHIVE_MISSING,RB09v3_structure_decay_10seed,$HISTORICAL_GNN_FRAUD_REPO/results/runs_rb09v3/predictions_manifest.json,528152753c1887ae6fa64631fddbd53926938d9e358b7eb4f003ad2c508b2d4e,kaggleoutputs/dgraphfin_10seed_inductive_isolated/predictions/dgraphfin__inductive_isolated__gcn__seed9.csv,,187109338,,,,dgraphfin_10seed_inductive_isolated.zip,$HISTORICAL_GNN_FRAUD_REPO/kaggleoutputs/dgraphfin_10seed_inductive_isolated.zip,6ce0d2e37893a7a162d6d575347f6606eb63f90b7940cc3a259dc309cf88b8c8,predictions/dgraphfin__inductive_isolated__gcn__seed9.csv,false,RB09v3,,$HISTORICAL_GNN_FRAUD_REPO/results/runs_rb09v3/runs.csv#dgraphfin:inductive_isolated:gcn:seed9,d9f77bfd14ccaf157780858e35ecfee96af1e2fbf60f3559ad888d14c0ace2e9,RB15_IMPORT_ERRORS_EMPTY_AND_MEMBER_REFERENCED,$HISTORICAL_GNN_FRAUD_REPO/results/runs_rb15_graphsafe_tta/import_manifest.json,RB09V3_ARTIFACT_FAMILY_180_AND_RB15_CONSUMED_MEMBER,"{""command"":""/kaggle/working/gnn-fraud/scripts/run_multi_dataset_protocol_benchmark.py --datasets dgraphfin --models mlp,gcn,graphsage --protocols strict_inductive,inductive_isolated,transductive --gnn-only --skip-missing-datasets --hidden-channels 64 --num-layers 2 --early-stopping-metric val_f1 --scaler-mode train_only --output-dir results/runs/multi_dataset_protocol --seeds 1,3,5,7,9 --device cuda --execute --prediction-dir results/runs/predictions --export-predictions"",""early_stopping_metric"":""val_f1"",""early_stopping_split"":""validation"",""graph_mode"":""inductive_isolated_eval"",""scaler_mode"":""train_only"",""split_name"":""t1-14_val15-16_test17-20""}",9ff83529acf18a9128ee8ef0ce4c80c738c6346f08a229acc0bc6d38d0896e44,CANONICAL_RESULT_COMMAND_AND_FIELDS,$HISTORICAL_GNN_FRAUD_REPO/results/runs_rb09v3/runs.csv,UNRESOLVED_LEGACY_CODE,tree-6fa0cc19d70e7c207c9af5b868d89b1b98ed0ed7,$HISTORICAL_GNN_FRAUD_REPO/results/runs_rb09v3/runs.csv,,,UNRESOLVED,true,"{""device"":""cuda"",""hardware"":""unresolved_from_per_run_record"",""measurement_scope"":""per_run_result_record"",""peak_memory"":null,""runtime_seconds"":108.455}",615d2a4d01e42f4ce5e5a0660d27307e07b4d80e9556af938061ff8fe9c4a229,
dgraphfin,node_classification,isolated_inductive,inductive_isolated,gcn,gcn,10,fold0,INDEX_REFERENCED_FILE_MISSING,CANONICAL_PREDICTION_PATH_MISSING;INDEXED_SOURCE_ARCHIVE_MISSING,RB09v3_structure_decay_10seed,$HISTORICAL_GNN_FRAUD_REPO/results/runs_rb09v3/predictions_manifest.json,528152753c1887ae6fa64631fddbd53926938d9e358b7eb4f003ad2c508b2d4e,kaggleoutputs/dgraphfin_10seed_inductive_isolated/predictions/dgraphfin__inductive_isolated__gcn__seed10.csv,,189539956,,,,dgraphfin_10seed_inductive_isolated.zip,$HISTORICAL_GNN_FRAUD_REPO/kaggleoutputs/dgraphfin_10seed_inductive_isolated.zip,6ce0d2e37893a7a162d6d575347f6606eb63f90b7940cc3a259dc309cf88b8c8,predictions/dgraphfin__inductive_isolated__gcn__seed10.csv,false,RB09v3,,$HISTORICAL_GNN_FRAUD_REPO/results/runs_rb09v3/runs.csv#dgraphfin:inductive_isolated:gcn:seed10,d9f77bfd14ccaf157780858e35ecfee96af1e2fbf60f3559ad888d14c0ace2e9,RB15_IMPORT_ERRORS_EMPTY_AND_MEMBER_REFERENCED,$HISTORICAL_GNN_FRAUD_REPO/results/runs_rb15_graphsafe_tta/import_manifest.json,RB09V3_ARTIFACT_FAMILY_180_AND_RB15_CONSUMED_MEMBER,"{""command"":""/kaggle/working/gnn-fraud/scripts/run_multi_dataset_protocol_benchmark.py --datasets dgraphfin --models mlp,gcn,graphsage --protocols strict_inductive,inductive_isolated,transductive --gnn-only --skip-missing-datasets --hidden-channels 64 --num-layers 2 --early-stopping-metric val_f1 --scaler-mode train_only --output-dir results/runs/multi_dataset_protocol --seeds 2,4,6,8,10 --device cuda --execute --prediction-dir results/runs/predictions --export-predictions"",""early_stopping_metric"":""val_f1"",""early_stopping_split"":""validation"",""graph_mode"":""inductive_isolated_eval"",""scaler_mode"":""train_only"",""split_name"":""t1-14_val15-16_test17-20""}",1ba45869f075247dc9d4fdcaf2ef6b8b7d99e402e103dae58aae2047f3d4e8bf,CANONICAL_RESULT_COMMAND_AND_FIELDS,$HISTORICAL_GNN_FRAUD_REPO/results/runs_rb09v3/runs.csv,UNRESOLVED_LEGACY_CODE,tree-6fa0cc19d70e7c207c9af5b868d89b1b98ed0ed7,$HISTORICAL_GNN_FRAUD_REPO/results/runs_rb09v3/runs.csv,,,UNRESOLVED,true,"{""device"":""cuda"",""hardware"":""unresolved_from_per_run_record"",""measurement_scope"":""per_run_result_record"",""peak_memory"":null,""runtime_seconds"":107.209}",1d18d6bf35a711daec15ebbd2f1ce46084dcbfa7944e3cfc6591de7cd47a9953,
dgraphfin,node_classification,isolated_inductive,inductive_isolated,graphsage,sage,1,fold0,INDEX_REFERENCED_FILE_MISSING,CANONICAL_PREDICTION_PATH_MISSING;INDEXED_SOURCE_ARCHIVE_MISSING,RB09v3_structure_decay_10seed,$HISTORICAL_GNN_FRAUD_REPO/results/runs_rb09v3/predictions_manifest.json,528152753c1887ae6fa64631fddbd53926938d9e358b7eb4f003ad2c508b2d4e,kaggleoutputs/dgraphfin_10seed_inductive_isolated/predictions/dgraphfin__inductive_isolated__sage__seed1.csv,,189560090,,,,dgraphfin_10seed_inductive_isolated.zip,$HISTORICAL_GNN_FRAUD_REPO/kaggleoutputs/dgraphfin_10seed_inductive_isolated.zip,6ce0d2e37893a7a162d6d575347f6606eb63f90b7940cc3a259dc309cf88b8c8,predictions/dgraphfin__inductive_isolated__sage__seed1.csv,false,RB09v3,,$HISTORICAL_GNN_FRAUD_REPO/results/runs_rb09v3/runs.csv#dgraphfin:inductive_isolated:sage:seed1,d9f77bfd14ccaf157780858e35ecfee96af1e2fbf60f3559ad888d14c0ace2e9,RB15_IMPORT_ERRORS_EMPTY_AND_MEMBER_REFERENCED,$HISTORICAL_GNN_FRAUD_REPO/results/runs_rb15_graphsafe_tta/import_manifest.json,RB09V3_ARTIFACT_FAMILY_180_AND_RB15_CONSUMED_MEMBER,"{""command"":""/kaggle/working/gnn-fraud/scripts/run_multi_dataset_protocol_benchmark.py --datasets dgraphfin --models mlp,gcn,graphsage --protocols strict_inductive,inductive_isolated,transductive --gnn-only --skip-missing-datasets --hidden-channels 64 --num-layers 2 --early-stopping-metric val_f1 --scaler-mode train_only --output-dir results/runs/multi_dataset_protocol --seeds 1,3,5,7,9 --device cuda --execute --prediction-dir results/runs/predictions --export-predictions"",""early_stopping_metric"":""val_f1"",""early_stopping_split"":""validation"",""graph_mode"":""inductive_isolated_eval"",""scaler_mode"":""train_only"",""split_name"":""t1-14_val15-16_test17-20""}",9ff83529acf18a9128ee8ef0ce4c80c738c6346f08a229acc0bc6d38d0896e44,CANONICAL_RESULT_COMMAND_AND_FIELDS,$HISTORICAL_GNN_FRAUD_REPO/results/runs_rb09v3/runs.csv,UNRESOLVED_LEGACY_CODE,tree-6fa0cc19d70e7c207c9af5b868d89b1b98ed0ed7,$HISTORICAL_GNN_FRAUD_REPO/results/runs_rb09v3/runs.csv,,,UNRESOLVED,true,"{""device"":""cuda"",""hardware"":""unresolved_from_per_run_record"",""measurement_scope"":""per_run_result_record"",""peak_memory"":null,""runtime_seconds"":125.909}",6a8bc9782a178c909220d3cf02e60757657f856c4a2166a69731673bb6e8a0ce,
dgraphfin,node_classification,isolated_inductive,inductive_isolated,graphsage,sage,2,fold0,INDEX_REFERENCED_FILE_MISSING,CANONICAL_PREDICTION_PATH_MISSING;INDEXED_SOURCE_ARCHIVE_MISSING,RB09v3_structure_decay_10seed,$HISTORICAL_GNN_FRAUD_REPO/results/runs_rb09v3/predictions_manifest.json,528152753c1887ae6fa64631fddbd53926938d9e358b7eb4f003ad2c508b2d4e,kaggleoutputs/dgraphfin_10seed_inductive_isolated/predictions/dgraphfin__inductive_isolated__sage__seed2.csv,,189559687,,,,dgraphfin_10seed_inductive_isolated.zip,$HISTORICAL_GNN_FRAUD_REPO/kaggleoutputs/dgraphfin_10seed_inductive_isolated.zip,6ce0d2e37893a7a162d6d575347f6606eb63f90b7940cc3a259dc309cf88b8c8,predictions/dgraphfin__inductive_isolated__sage__seed2.csv,false,RB09v3,,$HISTORICAL_GNN_FRAUD_REPO/results/runs_rb09v3/runs.csv#dgraphfin:inductive_isolated:sage:seed2,d9f77bfd14ccaf157780858e35ecfee96af1e2fbf60f3559ad888d14c0ace2e9,RB15_IMPORT_ERRORS_EMPTY_AND_MEMBER_REFERENCED,$HISTORICAL_GNN_FRAUD_REPO/results/runs_rb15_graphsafe_tta/import_manifest.json,RB09V3_ARTIFACT_FAMILY_180_AND_RB15_CONSUMED_MEMBER,"{""command"":""/kaggle/working/gnn-fraud/scripts/run_multi_dataset_protocol_benchmark.py --datasets dgraphfin --models mlp,gcn,graphsage --protocols strict_inductive,inductive_isolated,transductive --gnn-only --skip-missing-datasets --hidden-channels 64 --num-layers 2 --early-stopping-metric val_f1 --scaler-mode train_only --output-dir results/runs/multi_dataset_protocol --seeds 2,4,6,8,10 --device cuda --execute --prediction-dir results/runs/predictions --export-predictions"",""early_stopping_metric"":""val_f1"",""early_stopping_split"":""validation"",""graph_mode"":""inductive_isolated_eval"",""scaler_mode"":""train_only"",""split_name"":""t1-14_val15-16_test17-20""}",1ba45869f075247dc9d4fdcaf2ef6b8b7d99e402e103dae58aae2047f3d4e8bf,CANONICAL_RESULT_COMMAND_AND_FIELDS,$HISTORICAL_GNN_FRAUD_REPO/results/runs_rb09v3/runs.csv,UNRESOLVED_LEGACY_CODE,tree-6fa0cc19d70e7c207c9af5b868d89b1b98ed0ed7,$HISTORICAL_GNN_FRAUD_REPO/results/runs_rb09v3/runs.csv,,,UNRESOLVED,true,"{""device"":""cuda"",""hardware"":""unresolved_from_per_run_record"",""measurement_scope"":""per_run_result_record"",""peak_memory"":null,""runtime_seconds"":123.853}",21a0163a1e8f2eba52e8c47ccbecba3fa7b711d7cbbde753d19611640272e084,
dgraphfin,node_classification,isolated_inductive,inductive_isolated,graphsage,sage,3,fold0,INDEX_REFERENCED_FILE_MISSING,CANONICAL_PREDICTION_PATH_MISSING;INDEXED_SOURCE_ARCHIVE_MISSING,RB09v3_structure_decay_10seed,$HISTORICAL_GNN_FRAUD_REPO/results/runs_rb09v3/predictions_manifest.json,528152753c1887ae6fa64631fddbd53926938d9e358b7eb4f003ad2c508b2d4e,kaggleoutputs/dgraphfin_10seed_inductive_isolated/predictions/dgraphfin__inductive_isolated__sage__seed3.csv,,189540332,,,,dgraphfin_10seed_inductive_isolated.zip,$HISTORICAL_GNN_FRAUD_REPO/kaggleoutputs/dgraphfin_10seed_inductive_isolated.zip,6ce0d2e37893a7a162d6d575347f6606eb63f90b7940cc3a259dc309cf88b8c8,predictions/dgraphfin__inductive_isolated__sage__seed3.csv,false,RB09v3,,$HISTORICAL_GNN_FRAUD_REPO/results/runs_rb09v3/runs.csv#dgraphfin:inductive_isolated:sage:seed3,d9f77bfd14ccaf157780858e35ecfee96af1e2fbf60f3559ad888d14c0ace2e9,RB15_IMPORT_ERRORS_EMPTY_AND_MEMBER_REFERENCED,$HISTORICAL_GNN_FRAUD_REPO/results/runs_rb15_graphsafe_tta/import_manifest.json,RB09V3_ARTIFACT_FAMILY_180_AND_RB15_CONSUMED_MEMBER,"{""command"":""/kaggle/working/gnn-fraud/scripts/run_multi_dataset_protocol_benchmark.py --datasets dgraphfin --models mlp,gcn,graphsage --protocols strict_inductive,inductive_isolated,transductive --gnn-only --skip-missing-datasets --hidden-channels 64 --num-layers 2 --early-stopping-metric val_f1 --scaler-mode train_only --output-dir results/runs/multi_dataset_protocol --seeds 1,3,5,7,9 --device cuda --execute --prediction-dir results/runs/predictions --export-predictions"",""early_stopping_metric"":""val_f1"",""early_stopping_split"":""validation"",""graph_mode"":""inductive_isolated_eval"",""scaler_mode"":""train_only"",""split_name"":""t1-14_val15-16_test17-20""}",9ff83529acf18a9128ee8ef0ce4c80c738c6346f08a229acc0bc6d38d0896e44,CANONICAL_RESULT_COMMAND_AND_FIELDS,$HISTORICAL_GNN_FRAUD_REPO/results/runs_rb09v3/runs.csv,UNRESOLVED_LEGACY_CODE,tree-6fa0cc19d70e7c207c9af5b868d89b1b98ed0ed7,$HISTORICAL_GNN_FRAUD_REPO/results/runs_rb09v3/runs.csv,,,UNRESOLVED,true,"{""device"":""cuda"",""hardware"":""unresolved_from_per_run_record"",""measurement_scope"":""per_run_result_record"",""peak_memory"":null,""runtime_seconds"":125.873}",f08aa7610ee53a179bb35372f7755e1549b526fc43d10aa42b91af1ef05eb4ad,
dgraphfin,node_classification,isolated_inductive,inductive_isolated,graphsage,sage,4,fold0,INDEX_REFERENCED_FILE_MISSING,CANONICAL_PREDICTION_PATH_MISSING;INDEXED_SOURCE_ARCHIVE_MISSING,RB09v3_structure_decay_10seed,$HISTORICAL_GNN_FRAUD_REPO/results/runs_rb09v3/predictions_manifest.json,528152753c1887ae6fa64631fddbd53926938d9e358b7eb4f003ad2c508b2d4e,kaggleoutputs/dgraphfin_10seed_inductive_isolated/predictions/dgraphfin__inductive_isolated__sage__seed4.csv,,189558495,,,,dgraphfin_10seed_inductive_isolated.zip,$HISTORICAL_GNN_FRAUD_REPO/kaggleoutputs/dgraphfin_10seed_inductive_isolated.zip,6ce0d2e37893a7a162d6d575347f6606eb63f90b7940cc3a259dc309cf88b8c8,predictions/dgraphfin__inductive_isolated__sage__seed4.csv,false,RB09v3,,$HISTORICAL_GNN_FRAUD_REPO/results/runs_rb09v3/runs.csv#dgraphfin:inductive_isolated:sage:seed4,d9f77bfd14ccaf157780858e35ecfee96af1e2fbf60f3559ad888d14c0ace2e9,RB15_IMPORT_ERRORS_EMPTY_AND_MEMBER_REFERENCED,$HISTORICAL_GNN_FRAUD_REPO/results/runs_rb15_graphsafe_tta/import_manifest.json,RB09V3_ARTIFACT_FAMILY_180_AND_RB15_CONSUMED_MEMBER,"{""command"":""/kaggle/working/gnn-fraud/scripts/run_multi_dataset_protocol_benchmark.py --datasets dgraphfin --models mlp,gcn,graphsage --protocols strict_inductive,inductive_isolated,transductive --gnn-only --skip-missing-datasets --hidden-channels 64 --num-layers 2 --early-stopping-metric val_f1 --scaler-mode train_only --output-dir results/runs/multi_dataset_protocol --seeds 2,4,6,8,10 --device cuda --execute --prediction-dir results/runs/predictions --export-predictions"",""early_stopping_metric"":""val_f1"",""early_stopping_split"":""validation"",""graph_mode"":""inductive_isolated_eval"",""scaler_mode"":""train_only"",""split_name"":""t1-14_val15-16_test17-20""}",1ba45869f075247dc9d4fdcaf2ef6b8b7d99e402e103dae58aae2047f3d4e8bf,CANONICAL_RESULT_COMMAND_AND_FIELDS,$HISTORICAL_GNN_FRAUD_REPO/results/runs_rb09v3/runs.csv,UNRESOLVED_LEGACY_CODE,tree-6fa0cc19d70e7c207c9af5b868d89b1b98ed0ed7,$HISTORICAL_GNN_FRAUD_REPO/results/runs_rb09v3/runs.csv,,,UNRESOLVED,true,"{""device"":""cuda"",""hardware"":""unresolved_from_per_run_record"",""measurement_scope"":""per_run_result_record"",""peak_memory"":null,""runtime_seconds"":123.982}",a157b4e0f482082757c616e9dc68ceb2f85215119f08bc4262068b2b148837c5,
dgraphfin,node_classification,isolated_inductive,inductive_isolated,graphsage,sage,5,fold0,INDEX_REFERENCED_FILE_MISSING,CANONICAL_PREDICTION_PATH_MISSING;INDEXED_SOURCE_ARCHIVE_MISSING,RB09v3_structure_decay_10seed,$HISTORICAL_GNN_FRAUD_REPO/results/runs_rb09v3/predictions_manifest.json,528152753c1887ae6fa64631fddbd53926938d9e358b7eb4f003ad2c508b2d4e,kaggleoutputs/dgraphfin_10seed_inductive_isolated/predictions/dgraphfin__inductive_isolated__sage__seed5.csv,,189547709,,,,dgraphfin_10seed_inductive_isolated.zip,$HISTORICAL_GNN_FRAUD_REPO/kaggleoutputs/dgraphfin_10seed_inductive_isolated.zip,6ce0d2e37893a7a162d6d575347f6606eb63f90b7940cc3a259dc309cf88b8c8,predictions/dgraphfin__inductive_isolated__sage__seed5.csv,false,RB09v3,,$HISTORICAL_GNN_FRAUD_REPO/results/runs_rb09v3/runs.csv#dgraphfin:inductive_isolated:sage:seed5,d9f77bfd14ccaf157780858e35ecfee96af1e2fbf60f3559ad888d14c0ace2e9,RB15_IMPORT_ERRORS_EMPTY_AND_MEMBER_REFERENCED,$HISTORICAL_GNN_FRAUD_REPO/results/runs_rb15_graphsafe_tta/import_manifest.json,RB09V3_ARTIFACT_FAMILY_180_AND_RB15_CONSUMED_MEMBER,"{""command"":""/kaggle/working/gnn-fraud/scripts/run_multi_dataset_protocol_benchmark.py --datasets dgraphfin --models mlp,gcn,graphsage --protocols strict_inductive,inductive_isolated,transductive --gnn-only --skip-missing-datasets --hidden-channels 64 --num-layers 2 --early-stopping-metric val_f1 --scaler-mode train_only --output-dir results/runs/multi_dataset_protocol --seeds 1,3,5,7,9 --device cuda --execute --prediction-dir results/runs/predictions --export-predictions"",""early_stopping_metric"":""val_f1"",""early_stopping_split"":""validation"",""graph_mode"":""inductive_isolated_eval"",""scaler_mode"":""train_only"",""split_name"":""t1-14_val15-16_test17-20""}",9ff83529acf18a9128ee8ef0ce4c80c738c6346f08a229acc0bc6d38d0896e44,CANONICAL_RESULT_COMMAND_AND_FIELDS,$HISTORICAL_GNN_FRAUD_REPO/results/runs_rb09v3/runs.csv,UNRESOLVED_LEGACY_CODE,tree-6fa0cc19d70e7c207c9af5b868d89b1b98ed0ed7,$HISTORICAL_GNN_FRAUD_REPO/results/runs_rb09v3/runs.csv,,,UNRESOLVED,true,"{""device"":""cuda"",""hardware"":""unresolved_from_per_run_record"",""measurement_scope"":""per_run_result_record"",""peak_memory"":null,""runtime_seconds"":125.87}",afdd0347a45a56dcaa1c425f1244c8c96e34f54f8ad674e8195ee65d72ec7c70,
dgraphfin,node_classification,isolated_inductive,inductive_isolated,graphsage,sage,6,fold0,INDEX_REFERENCED_FILE_MISSING,CANONICAL_PREDICTION_PATH_MISSING;INDEXED_SOURCE_ARCHIVE_MISSING,RB09v3_structure_decay_10seed,$HISTORICAL_GNN_FRAUD_REPO/results/runs_rb09v3/predictions_manifest.json,528152753c1887ae6fa64631fddbd53926938d9e358b7eb4f003ad2c508b2d4e,kaggleoutputs/dgraphfin_10seed_inductive_isolated/predictions/dgraphfin__inductive_isolated__sage__seed6.csv,,189545279,,,,dgraphfin_10seed_inductive_isolated.zip,$HISTORICAL_GNN_FRAUD_REPO/kaggleoutputs/dgraphfin_10seed_inductive_isolated.zip,6ce0d2e37893a7a162d6d575347f6606eb63f90b7940cc3a259dc309cf88b8c8,predictions/dgraphfin__inductive_isolated__sage__seed6.csv,false,RB09v3,,$HISTORICAL_GNN_FRAUD_REPO/results/runs_rb09v3/runs.csv#dgraphfin:inductive_isolated:sage:seed6,d9f77bfd14ccaf157780858e35ecfee96af1e2fbf60f3559ad888d14c0ace2e9,RB15_IMPORT_ERRORS_EMPTY_AND_MEMBER_REFERENCED,$HISTORICAL_GNN_FRAUD_REPO/results/runs_rb15_graphsafe_tta/import_manifest.json,RB09V3_ARTIFACT_FAMILY_180_AND_RB15_CONSUMED_MEMBER,"{""command"":""/kaggle/working/gnn-fraud/scripts/run_multi_dataset_protocol_benchmark.py --datasets dgraphfin --models mlp,gcn,graphsage --protocols strict_inductive,inductive_isolated,transductive --gnn-only --skip-missing-datasets --hidden-channels 64 --num-layers 2 --early-stopping-metric val_f1 --scaler-mode train_only --output-dir results/runs/multi_dataset_protocol --seeds 2,4,6,8,10 --device cuda --execute --prediction-dir results/runs/predictions --export-predictions"",""early_stopping_metric"":""val_f1"",""early_stopping_split"":""validation"",""graph_mode"":""inductive_isolated_eval"",""scaler_mode"":""train_only"",""split_name"":""t1-14_val15-16_test17-20""}",1ba45869f075247dc9d4fdcaf2ef6b8b7d99e402e103dae58aae2047f3d4e8bf,CANONICAL_RESULT_COMMAND_AND_FIELDS,$HISTORICAL_GNN_FRAUD_REPO/results/runs_rb09v3/runs.csv,UNRESOLVED_LEGACY_CODE,tree-6fa0cc19d70e7c207c9af5b868d89b1b98ed0ed7,$HISTORICAL_GNN_FRAUD_REPO/results/runs_rb09v3/runs.csv,,,UNRESOLVED,true,"{""device"":""cuda"",""hardware"":""unresolved_from_per_run_record"",""measurement_scope"":""per_run_result_record"",""peak_memory"":null,""runtime_seconds"":124.356}",cb63f14600172f331dfb1b1fc1d5eada0d13c00b4474d4d115500cfa3d5c4fae,
dgraphfin,node_classification,isolated_inductive,inductive_isolated,graphsage,sage,7,fold0,INDEX_REFERENCED_FILE_MISSING,CANONICAL_PREDICTION_PATH_MISSING;INDEXED_SOURCE_ARCHIVE_MISSING,RB09v3_structure_decay_10seed,$HISTORICAL_GNN_FRAUD_REPO/results/runs_rb09v3/predictions_manifest.json,528152753c1887ae6fa64631fddbd53926938d9e358b7eb4f003ad2c508b2d4e,kaggleoutputs/dgraphfin_10seed_inductive_isolated/predictions/dgraphfin__inductive_isolated__sage__seed7.csv,,189546311,,,,dgraphfin_10seed_inductive_isolated.zip,$HISTORICAL_GNN_FRAUD_REPO/kaggleoutputs/dgraphfin_10seed_inductive_isolated.zip,6ce0d2e37893a7a162d6d575347f6606eb63f90b7940cc3a259dc309cf88b8c8,predictions/dgraphfin__inductive_isolated__sage__seed7.csv,false,RB09v3,,$HISTORICAL_GNN_FRAUD_REPO/results/runs_rb09v3/runs.csv#dgraphfin:inductive_isolated:sage:seed7,d9f77bfd14ccaf157780858e35ecfee96af1e2fbf60f3559ad888d14c0ace2e9,RB15_IMPORT_ERRORS_EMPTY_AND_MEMBER_REFERENCED,$HISTORICAL_GNN_FRAUD_REPO/results/runs_rb15_graphsafe_tta/import_manifest.json,RB09V3_ARTIFACT_FAMILY_180_AND_RB15_CONSUMED_MEMBER,"{""command"":""/kaggle/working/gnn-fraud/scripts/run_multi_dataset_protocol_benchmark.py --datasets dgraphfin --models mlp,gcn,graphsage --protocols strict_inductive,inductive_isolated,transductive --gnn-only --skip-missing-datasets --hidden-channels 64 --num-layers 2 --early-stopping-metric val_f1 --scaler-mode train_only --output-dir results/runs/multi_dataset_protocol --seeds 1,3,5,7,9 --device cuda --execute --prediction-dir results/runs/predictions --export-predictions"",""early_stopping_metric"":""val_f1"",""early_stopping_split"":""validation"",""graph_mode"":""inductive_isolated_eval"",""scaler_mode"":""train_only"",""split_name"":""t1-14_val15-16_test17-20""}",9ff83529acf18a9128ee8ef0ce4c80c738c6346f08a229acc0bc6d38d0896e44,CANONICAL_RESULT_COMMAND_AND_FIELDS,$HISTORICAL_GNN_FRAUD_REPO/results/runs_rb09v3/runs.csv,UNRESOLVED_LEGACY_CODE,tree-6fa0cc19d70e7c207c9af5b868d89b1b98ed0ed7,$HISTORICAL_GNN_FRAUD_REPO/results/runs_rb09v3/runs.csv,,,UNRESOLVED,true,"{""device"":""cuda"",""hardware"":""unresolved_from_per_run_record"",""measurement_scope"":""per_run_result_record"",""peak_memory"":null,""runtime_seconds"":125.831}",c4780dbea74455d7463dde6dce6b1a39bcf2eae5fe736a492fc570abb1657b05,
dgraphfin,node_classification,isolated_inductive,inductive_isolated,graphsage,sage,8,fold0,INDEX_REFERENCED_FILE_MISSING,CANONICAL_PREDICTION_PATH_MISSING;INDEXED_SOURCE_ARCHIVE_MISSING,RB09v3_structure_decay_10seed,$HISTORICAL_GNN_FRAUD_REPO/results/runs_rb09v3/predictions_manifest.json,528152753c1887ae6fa64631fddbd53926938d9e358b7eb4f003ad2c508b2d4e,kaggleoutputs/dgraphfin_10seed_inductive_isolated/predictions/dgraphfin__inductive_isolated__sage__seed8.csv,,189560152,,,,dgraphfin_10seed_inductive_isolated.zip,$HISTORICAL_GNN_FRAUD_REPO/kaggleoutputs/dgraphfin_10seed_inductive_isolated.zip,6ce0d2e37893a7a162d6d575347f6606eb63f90b7940cc3a259dc309cf88b8c8,predictions/dgraphfin__inductive_isolated__sage__seed8.csv,false,RB09v3,,$HISTORICAL_GNN_FRAUD_REPO/results/runs_rb09v3/runs.csv#dgraphfin:inductive_isolated:sage:seed8,d9f77bfd14ccaf157780858e35ecfee96af1e2fbf60f3559ad888d14c0ace2e9,RB15_IMPORT_ERRORS_EMPTY_AND_MEMBER_REFERENCED,$HISTORICAL_GNN_FRAUD_REPO/results/runs_rb15_graphsafe_tta/import_manifest.json,RB09V3_ARTIFACT_FAMILY_180_AND_RB15_CONSUMED_MEMBER,"{""command"":""/kaggle/working/gnn-fraud/scripts/run_multi_dataset_protocol_benchmark.py --datasets dgraphfin --models mlp,gcn,graphsage --protocols strict_inductive,inductive_isolated,transductive --gnn-only --skip-missing-datasets --hidden-channels 64 --num-layers 2 --early-stopping-metric val_f1 --scaler-mode train_only --output-dir results/runs/multi_dataset_protocol --seeds 2,4,6,8,10 --device cuda --execute --prediction-dir results/runs/predictions --export-predictions"",""early_stopping_metric"":""val_f1"",""early_stopping_split"":""validation"",""graph_mode"":""inductive_isolated_eval"",""scaler_mode"":""train_only"",""split_name"":""t1-14_val15-16_test17-20""}",1ba45869f075247dc9d4fdcaf2ef6b8b7d99e402e103dae58aae2047f3d4e8bf,CANONICAL_RESULT_COMMAND_AND_FIELDS,$HISTORICAL_GNN_FRAUD_REPO/results/runs_rb09v3/runs.csv,UNRESOLVED_LEGACY_CODE,tree-6fa0cc19d70e7c207c9af5b868d89b1b98ed0ed7,$HISTORICAL_GNN_FRAUD_REPO/results/runs_rb09v3/runs.csv,,,UNRESOLVED,true,"{""device"":""cuda"",""hardware"":""unresolved_from_per_run_record"",""measurement_scope"":""per_run_result_record"",""peak_memory"":null,""runtime_seconds"":123.744}",78c61514ab922baeb77b705937fd789c50bc8e7878871b3bcfb555d0c4d1ba8e,
dgraphfin,node_classification,isolated_inductive,inductive_isolated,graphsage,sage,9,fold0,INDEX_REFERENCED_FILE_MISSING,CANONICAL_PREDICTION_PATH_MISSING;INDEXED_SOURCE_ARCHIVE_MISSING,RB09v3_structure_decay_10seed,$HISTORICAL_GNN_FRAUD_REPO/results/runs_rb09v3/predictions_manifest.json,528152753c1887ae6fa64631fddbd53926938d9e358b7eb4f003ad2c508b2d4e,kaggleoutputs/dgraphfin_10seed_inductive_isolated/predictions/dgraphfin__inductive_isolated__sage__seed9.csv,,189560419,,,,dgraphfin_10seed_inductive_isolated.zip,$HISTORICAL_GNN_FRAUD_REPO/kaggleoutputs/dgraphfin_10seed_inductive_isolated.zip,6ce0d2e37893a7a162d6d575347f6606eb63f90b7940cc3a259dc309cf88b8c8,predictions/dgraphfin__inductive_isolated__sage__seed9.csv,false,RB09v3,,$HISTORICAL_GNN_FRAUD_REPO/results/runs_rb09v3/runs.csv#dgraphfin:inductive_isolated:sage:seed9,d9f77bfd14ccaf157780858e35ecfee96af1e2fbf60f3559ad888d14c0ace2e9,RB15_IMPORT_ERRORS_EMPTY_AND_MEMBER_REFERENCED,$HISTORICAL_GNN_FRAUD_REPO/results/runs_rb15_graphsafe_tta/import_manifest.json,RB09V3_ARTIFACT_FAMILY_180_AND_RB15_CONSUMED_MEMBER,"{""command"":""/kaggle/working/gnn-fraud/scripts/run_multi_dataset_protocol_benchmark.py --datasets dgraphfin --models mlp,gcn,graphsage --protocols strict_inductive,inductive_isolated,transductive --gnn-only --skip-missing-datasets --hidden-channels 64 --num-layers 2 --early-stopping-metric val_f1 --scaler-mode train_only --output-dir results/runs/multi_dataset_protocol --seeds 1,3,5,7,9 --device cuda --execute --prediction-dir results/runs/predictions --export-predictions"",""early_stopping_metric"":""val_f1"",""early_stopping_split"":""validation"",""graph_mode"":""inductive_isolated_eval"",""scaler_mode"":""train_only"",""split_name"":""t1-14_val15-16_test17-20""}",9ff83529acf18a9128ee8ef0ce4c80c738c6346f08a229acc0bc6d38d0896e44,CANONICAL_RESULT_COMMAND_AND_FIELDS,$HISTORICAL_GNN_FRAUD_REPO/results/runs_rb09v3/runs.csv,UNRESOLVED_LEGACY_CODE,tree-6fa0cc19d70e7c207c9af5b868d89b1b98ed0ed7,$HISTORICAL_GNN_FRAUD_REPO/results/runs_rb09v3/runs.csv,,,UNRESOLVED,true,"{""device"":""cuda"",""hardware"":""unresolved_from_per_run_record"",""measurement_scope"":""per_run_result_record"",""peak_memory"":null,""runtime_seconds"":125.81}",29307ef756a1467dacd386c2b88b936aea3c5186b2af4de3c96975a2fcc5ed9d,
dgraphfin,node_classification,isolated_inductive,inductive_isolated,graphsage,sage,10,fold0,INDEX_REFERENCED_FILE_MISSING,CANONICAL_PREDICTION_PATH_MISSING;INDEXED_SOURCE_ARCHIVE_MISSING,RB09v3_structure_decay_10seed,$HISTORICAL_GNN_FRAUD_REPO/results/runs_rb09v3/predictions_manifest.json,528152753c1887ae6fa64631fddbd53926938d9e358b7eb4f003ad2c508b2d4e,kaggleoutputs/dgraphfin_10seed_inductive_isolated/predictions/dgraphfin__inductive_isolated__sage__seed10.csv,,191999926,,,,dgraphfin_10seed_inductive_isolated.zip,$HISTORICAL_GNN_FRAUD_REPO/kaggleoutputs/dgraphfin_10seed_inductive_isolated.zip,6ce0d2e37893a7a162d6d575347f6606eb63f90b7940cc3a259dc309cf88b8c8,predictions/dgraphfin__inductive_isolated__sage__seed10.csv,false,RB09v3,,$HISTORICAL_GNN_FRAUD_REPO/results/runs_rb09v3/runs.csv#dgraphfin:inductive_isolated:sage:seed10,d9f77bfd14ccaf157780858e35ecfee96af1e2fbf60f3559ad888d14c0ace2e9,RB15_IMPORT_ERRORS_EMPTY_AND_MEMBER_REFERENCED,$HISTORICAL_GNN_FRAUD_REPO/results/runs_rb15_graphsafe_tta/import_manifest.json,RB09V3_ARTIFACT_FAMILY_180_AND_RB15_CONSUMED_MEMBER,"{""command"":""/kaggle/working/gnn-fraud/scripts/run_multi_dataset_protocol_benchmark.py --datasets dgraphfin --models mlp,gcn,graphsage --protocols strict_inductive,inductive_isolated,transductive --gnn-only --skip-missing-datasets --hidden-channels 64 --num-layers 2 --early-stopping-metric val_f1 --scaler-mode train_only --output-dir results/runs/multi_dataset_protocol --seeds 2,4,6,8,10 --device cuda --execute --prediction-dir results/runs/predictions --export-predictions"",""early_stopping_metric"":""val_f1"",""early_stopping_split"":""validation"",""graph_mode"":""inductive_isolated_eval"",""scaler_mode"":""train_only"",""split_name"":""t1-14_val15-16_test17-20""}",1ba45869f075247dc9d4fdcaf2ef6b8b7d99e402e103dae58aae2047f3d4e8bf,CANONICAL_RESULT_COMMAND_AND_FIELDS,$HISTORICAL_GNN_FRAUD_REPO/results/runs_rb09v3/runs.csv,UNRESOLVED_LEGACY_CODE,tree-6fa0cc19d70e7c207c9af5b868d89b1b98ed0ed7,$HISTORICAL_GNN_FRAUD_REPO/results/runs_rb09v3/runs.csv,,,UNRESOLVED,true,"{""device"":""cuda"",""hardware"":""unresolved_from_per_run_record"",""measurement_scope"":""per_run_result_record"",""peak_memory"":null,""runtime_seconds"":123.585}",88fa06d425fc7c18ed1b96a6c89a5c2bea42bec44c7d90f6f6889ccf26cf36de,
dgraphfin,node_classification,strict_inductive,strict_inductive,feature_mlp,mlp,1,fold0,INDEX_REFERENCED_FILE_MISSING,CANONICAL_PREDICTION_PATH_MISSING;INDEXED_SOURCE_ARCHIVE_MISSING,RB09v3_structure_decay_10seed,$HISTORICAL_GNN_FRAUD_REPO/results/runs_rb09v3/predictions_manifest.json,528152753c1887ae6fa64631fddbd53926938d9e358b7eb4f003ad2c508b2d4e,kaggleoutputs/dgraphfin_10seed_strict_inductive/predictions/dgraphfin__strict_inductive__mlp__seed1.csv,,182246332,,,,dgraphfin_10seed_strict_inductive.zip,$HISTORICAL_GNN_FRAUD_REPO/kaggleoutputs/dgraphfin_10seed_strict_inductive.zip,e0055d3482107d16c7d52574b0a32adc1e7ae9236b67dbdf12f57327c0e6bce5,predictions/dgraphfin__strict_inductive__mlp__seed1.csv,false,RB09v3,,$HISTORICAL_GNN_FRAUD_REPO/results/runs_rb09v3/runs.csv#dgraphfin:strict_inductive:mlp:seed1,d9f77bfd14ccaf157780858e35ecfee96af1e2fbf60f3559ad888d14c0ace2e9,RB15_IMPORT_ERRORS_EMPTY_AND_MEMBER_REFERENCED,$HISTORICAL_GNN_FRAUD_REPO/results/runs_rb15_graphsafe_tta/import_manifest.json,RB09V3_ARTIFACT_FAMILY_180_AND_RB15_CONSUMED_MEMBER,"{""command"":""/kaggle/working/gnn-fraud/scripts/run_multi_dataset_protocol_benchmark.py --datasets dgraphfin --models mlp,gcn,graphsage --protocols strict_inductive,inductive_isolated,transductive --gnn-only --skip-missing-datasets --hidden-channels 64 --num-layers 2 --early-stopping-metric val_f1 --scaler-mode train_only --output-dir results/runs/multi_dataset_protocol --seeds 1,3,5,7,9 --device cuda --execute --prediction-dir results/runs/predictions --export-predictions"",""early_stopping_metric"":""val_f1"",""early_stopping_split"":""validation"",""graph_mode"":""inductive_subgraph"",""scaler_mode"":""train_only"",""split_name"":""t1-14_val15-16_test17-20""}",43e695161bf9a482fdf43850a31aa1c0072b9a8add0b082a0f39c6a36110c3ac,CANONICAL_RESULT_COMMAND_AND_FIELDS,$HISTORICAL_GNN_FRAUD_REPO/results/runs_rb09v3/runs.csv,UNRESOLVED_LEGACY_CODE,tree-6fa0cc19d70e7c207c9af5b868d89b1b98ed0ed7,$HISTORICAL_GNN_FRAUD_REPO/results/runs_rb09v3/runs.csv,,,UNRESOLVED,true,"{""device"":""cuda"",""hardware"":""unresolved_from_per_run_record"",""measurement_scope"":""per_run_result_record"",""peak_memory"":null,""runtime_seconds"":24.166}",52685c12e4917f7a80b31307cafaa6e3ad42bc7953f4f322d6cd0517eac808ff,
dgraphfin,node_classification,strict_inductive,strict_inductive,feature_mlp,mlp,2,fold0,INDEX_REFERENCED_FILE_MISSING,CANONICAL_PREDICTION_PATH_MISSING;INDEXED_SOURCE_ARCHIVE_MISSING,RB09v3_structure_decay_10seed,$HISTORICAL_GNN_FRAUD_REPO/results/runs_rb09v3/predictions_manifest.json,528152753c1887ae6fa64631fddbd53926938d9e358b7eb4f003ad2c508b2d4e,kaggleoutputs/dgraphfin_10seed_strict_inductive/predictions/dgraphfin__strict_inductive__mlp__seed2.csv,,182247514,,,,dgraphfin_10seed_strict_inductive.zip,$HISTORICAL_GNN_FRAUD_REPO/kaggleoutputs/dgraphfin_10seed_strict_inductive.zip,e0055d3482107d16c7d52574b0a32adc1e7ae9236b67dbdf12f57327c0e6bce5,predictions/dgraphfin__strict_inductive__mlp__seed2.csv,false,RB09v3,,$HISTORICAL_GNN_FRAUD_REPO/results/runs_rb09v3/runs.csv#dgraphfin:strict_inductive:mlp:seed2,d9f77bfd14ccaf157780858e35ecfee96af1e2fbf60f3559ad888d14c0ace2e9,RB15_IMPORT_ERRORS_EMPTY_AND_MEMBER_REFERENCED,$HISTORICAL_GNN_FRAUD_REPO/results/runs_rb15_graphsafe_tta/import_manifest.json,RB09V3_ARTIFACT_FAMILY_180_AND_RB15_CONSUMED_MEMBER,"{""command"":""/kaggle/working/gnn-fraud/scripts/run_multi_dataset_protocol_benchmark.py --datasets dgraphfin --models mlp,gcn,graphsage --protocols strict_inductive,inductive_isolated,transductive --gnn-only --skip-missing-datasets --hidden-channels 64 --num-layers 2 --early-stopping-metric val_f1 --scaler-mode train_only --output-dir results/runs/multi_dataset_protocol --seeds 2,4,6,8,10 --device cuda --execute --prediction-dir results/runs/predictions --export-predictions"",""early_stopping_metric"":""val_f1"",""early_stopping_split"":""validation"",""graph_mode"":""inductive_subgraph"",""scaler_mode"":""train_only"",""split_name"":""t1-14_val15-16_test17-20""}",7cd33aba43c112cc69e7ba19aacbf24515cb670b4ab7099ef66f0d404aadfa2a,CANONICAL_RESULT_COMMAND_AND_FIELDS,$HISTORICAL_GNN_FRAUD_REPO/results/runs_rb09v3/runs.csv,UNRESOLVED_LEGACY_CODE,tree-6fa0cc19d70e7c207c9af5b868d89b1b98ed0ed7,$HISTORICAL_GNN_FRAUD_REPO/results/runs_rb09v3/runs.csv,,,UNRESOLVED,true,"{""device"":""cuda"",""hardware"":""unresolved_from_per_run_record"",""measurement_scope"":""per_run_result_record"",""peak_memory"":null,""runtime_seconds"":25.105}",3f8626ebf4031fe19be3063461490c3e227395b6372777b7053468d5f9b04edb,
dgraphfin,node_classification,strict_inductive,strict_inductive,feature_mlp,mlp,3,fold0,INDEX_REFERENCED_FILE_MISSING,CANONICAL_PREDICTION_PATH_MISSING;INDEXED_SOURCE_ARCHIVE_MISSING,RB09v3_structure_decay_10seed,$HISTORICAL_GNN_FRAUD_REPO/results/runs_rb09v3/predictions_manifest.json,528152753c1887ae6fa64631fddbd53926938d9e358b7eb4f003ad2c508b2d4e,kaggleoutputs/dgraphfin_10seed_strict_inductive/predictions/dgraphfin__strict_inductive__mlp__seed3.csv,,182221501,,,,dgraphfin_10seed_strict_inductive.zip,$HISTORICAL_GNN_FRAUD_REPO/kaggleoutputs/dgraphfin_10seed_strict_inductive.zip,e0055d3482107d16c7d52574b0a32adc1e7ae9236b67dbdf12f57327c0e6bce5,predictions/dgraphfin__strict_inductive__mlp__seed3.csv,false,RB09v3,,$HISTORICAL_GNN_FRAUD_REPO/results/runs_rb09v3/runs.csv#dgraphfin:strict_inductive:mlp:seed3,d9f77bfd14ccaf157780858e35ecfee96af1e2fbf60f3559ad888d14c0ace2e9,RB15_IMPORT_ERRORS_EMPTY_AND_MEMBER_REFERENCED,$HISTORICAL_GNN_FRAUD_REPO/results/runs_rb15_graphsafe_tta/import_manifest.json,RB09V3_ARTIFACT_FAMILY_180_AND_RB15_CONSUMED_MEMBER,"{""command"":""/kaggle/working/gnn-fraud/scripts/run_multi_dataset_protocol_benchmark.py --datasets dgraphfin --models mlp,gcn,graphsage --protocols strict_inductive,inductive_isolated,transductive --gnn-only --skip-missing-datasets --hidden-channels 64 --num-layers 2 --early-stopping-metric val_f1 --scaler-mode train_only --output-dir results/runs/multi_dataset_protocol --seeds 1,3,5,7,9 --device cuda --execute --prediction-dir results/runs/predictions --export-predictions"",""early_stopping_metric"":""val_f1"",""early_stopping_split"":""validation"",""graph_mode"":""inductive_subgraph"",""scaler_mode"":""train_only"",""split_name"":""t1-14_val15-16_test17-20""}",43e695161bf9a482fdf43850a31aa1c0072b9a8add0b082a0f39c6a36110c3ac,CANONICAL_RESULT_COMMAND_AND_FIELDS,$HISTORICAL_GNN_FRAUD_REPO/results/runs_rb09v3/runs.csv,UNRESOLVED_LEGACY_CODE,tree-6fa0cc19d70e7c207c9af5b868d89b1b98ed0ed7,$HISTORICAL_GNN_FRAUD_REPO/results/runs_rb09v3/runs.csv,,,UNRESOLVED,true,"{""device"":""cuda"",""hardware"":""unresolved_from_per_run_record"",""measurement_scope"":""per_run_result_record"",""peak_memory"":null,""runtime_seconds"":24.001}",7b4d450599ad9dc6734c6f1c1f1f5234d942db04fc4c2292420760ef83d76f9a,
dgraphfin,node_classification,strict_inductive,strict_inductive,feature_mlp,mlp,4,fold0,INDEX_REFERENCED_FILE_MISSING,CANONICAL_PREDICTION_PATH_MISSING;INDEXED_SOURCE_ARCHIVE_MISSING,RB09v3_structure_decay_10seed,$HISTORICAL_GNN_FRAUD_REPO/results/runs_rb09v3/predictions_manifest.json,528152753c1887ae6fa64631fddbd53926938d9e358b7eb4f003ad2c508b2d4e,kaggleoutputs/dgraphfin_10seed_strict_inductive/predictions/dgraphfin__strict_inductive__mlp__seed4.csv,,182152219,,,,dgraphfin_10seed_strict_inductive.zip,$HISTORICAL_GNN_FRAUD_REPO/kaggleoutputs/dgraphfin_10seed_strict_inductive.zip,e0055d3482107d16c7d52574b0a32adc1e7ae9236b67dbdf12f57327c0e6bce5,predictions/dgraphfin__strict_inductive__mlp__seed4.csv,false,RB09v3,,$HISTORICAL_GNN_FRAUD_REPO/results/runs_rb09v3/runs.csv#dgraphfin:strict_inductive:mlp:seed4,d9f77bfd14ccaf157780858e35ecfee96af1e2fbf60f3559ad888d14c0ace2e9,RB15_IMPORT_ERRORS_EMPTY_AND_MEMBER_REFERENCED,$HISTORICAL_GNN_FRAUD_REPO/results/runs_rb15_graphsafe_tta/import_manifest.json,RB09V3_ARTIFACT_FAMILY_180_AND_RB15_CONSUMED_MEMBER,"{""command"":""/kaggle/working/gnn-fraud/scripts/run_multi_dataset_protocol_benchmark.py --datasets dgraphfin --models mlp,gcn,graphsage --protocols strict_inductive,inductive_isolated,transductive --gnn-only --skip-missing-datasets --hidden-channels 64 --num-layers 2 --early-stopping-metric val_f1 --scaler-mode train_only --output-dir results/runs/multi_dataset_protocol --seeds 2,4,6,8,10 --device cuda --execute --prediction-dir results/runs/predictions --export-predictions"",""early_stopping_metric"":""val_f1"",""early_stopping_split"":""validation"",""graph_mode"":""inductive_subgraph"",""scaler_mode"":""train_only"",""split_name"":""t1-14_val15-16_test17-20""}",7cd33aba43c112cc69e7ba19aacbf24515cb670b4ab7099ef66f0d404aadfa2a,CANONICAL_RESULT_COMMAND_AND_FIELDS,$HISTORICAL_GNN_FRAUD_REPO/results/runs_rb09v3/runs.csv,UNRESOLVED_LEGACY_CODE,tree-6fa0cc19d70e7c207c9af5b868d89b1b98ed0ed7,$HISTORICAL_GNN_FRAUD_REPO/results/runs_rb09v3/runs.csv,,,UNRESOLVED,true,"{""device"":""cuda"",""hardware"":""unresolved_from_per_run_record"",""measurement_scope"":""per_run_result_record"",""peak_memory"":null,""runtime_seconds"":23.943}",13dd60fdcac4eb5d35fb765cb01e25e7fe279c289a7d6e9a52f5f7f0ad7990c2,
dgraphfin,node_classification,strict_inductive,strict_inductive,feature_mlp,mlp,5,fold0,INDEX_REFERENCED_FILE_MISSING,CANONICAL_PREDICTION_PATH_MISSING;INDEXED_SOURCE_ARCHIVE_MISSING,RB09v3_structure_decay_10seed,$HISTORICAL_GNN_FRAUD_REPO/results/runs_rb09v3/predictions_manifest.json,528152753c1887ae6fa64631fddbd53926938d9e358b7eb4f003ad2c508b2d4e,kaggleoutputs/dgraphfin_10seed_strict_inductive/predictions/dgraphfin__strict_inductive__mlp__seed5.csv,,182169985,,,,dgraphfin_10seed_strict_inductive.zip,$HISTORICAL_GNN_FRAUD_REPO/kaggleoutputs/dgraphfin_10seed_strict_inductive.zip,e0055d3482107d16c7d52574b0a32adc1e7ae9236b67dbdf12f57327c0e6bce5,predictions/dgraphfin__strict_inductive__mlp__seed5.csv,false,RB09v3,,$HISTORICAL_GNN_FRAUD_REPO/results/runs_rb09v3/runs.csv#dgraphfin:strict_inductive:mlp:seed5,d9f77bfd14ccaf157780858e35ecfee96af1e2fbf60f3559ad888d14c0ace2e9,RB15_IMPORT_ERRORS_EMPTY_AND_MEMBER_REFERENCED,$HISTORICAL_GNN_FRAUD_REPO/results/runs_rb15_graphsafe_tta/import_manifest.json,RB09V3_ARTIFACT_FAMILY_180_AND_RB15_CONSUMED_MEMBER,"{""command"":""/kaggle/working/gnn-fraud/scripts/run_multi_dataset_protocol_benchmark.py --datasets dgraphfin --models mlp,gcn,graphsage --protocols strict_inductive,inductive_isolated,transductive --gnn-only --skip-missing-datasets --hidden-channels 64 --num-layers 2 --early-stopping-metric val_f1 --scaler-mode train_only --output-dir results/runs/multi_dataset_protocol --seeds 1,3,5,7,9 --device cuda --execute --prediction-dir results/runs/predictions --export-predictions"",""early_stopping_metric"":""val_f1"",""early_stopping_split"":""validation"",""graph_mode"":""inductive_subgraph"",""scaler_mode"":""train_only"",""split_name"":""t1-14_val15-16_test17-20""}",43e695161bf9a482fdf43850a31aa1c0072b9a8add0b082a0f39c6a36110c3ac,CANONICAL_RESULT_COMMAND_AND_FIELDS,$HISTORICAL_GNN_FRAUD_REPO/results/runs_rb09v3/runs.csv,UNRESOLVED_LEGACY_CODE,tree-6fa0cc19d70e7c207c9af5b868d89b1b98ed0ed7,$HISTORICAL_GNN_FRAUD_REPO/results/runs_rb09v3/runs.csv,,,UNRESOLVED,true,"{""device"":""cuda"",""hardware"":""unresolved_from_per_run_record"",""measurement_scope"":""per_run_result_record"",""peak_memory"":null,""runtime_seconds"":24.203}",00a4ba89d4ee6f091cea901da90be475c7e8388c9cdca300ea3f81eaeb572071,
dgraphfin,node_classification,strict_inductive,strict_inductive,feature_mlp,mlp,6,fold0,INDEX_REFERENCED_FILE_MISSING,CANONICAL_PREDICTION_PATH_MISSING;INDEXED_SOURCE_ARCHIVE_MISSING,RB09v3_structure_decay_10seed,$HISTORICAL_GNN_FRAUD_REPO/results/runs_rb09v3/predictions_manifest.json,528152753c1887ae6fa64631fddbd53926938d9e358b7eb4f003ad2c508b2d4e,kaggleoutputs/dgraphfin_10seed_strict_inductive/predictions/dgraphfin__strict_inductive__mlp__seed6.csv,,182086794,,,,dgraphfin_10seed_strict_inductive.zip,$HISTORICAL_GNN_FRAUD_REPO/kaggleoutputs/dgraphfin_10seed_strict_inductive.zip,e0055d3482107d16c7d52574b0a32adc1e7ae9236b67dbdf12f57327c0e6bce5,predictions/dgraphfin__strict_inductive__mlp__seed6.csv,false,RB09v3,,$HISTORICAL_GNN_FRAUD_REPO/results/runs_rb09v3/runs.csv#dgraphfin:strict_inductive:mlp:seed6,d9f77bfd14ccaf157780858e35ecfee96af1e2fbf60f3559ad888d14c0ace2e9,RB15_IMPORT_ERRORS_EMPTY_AND_MEMBER_REFERENCED,$HISTORICAL_GNN_FRAUD_REPO/results/runs_rb15_graphsafe_tta/import_manifest.json,RB09V3_ARTIFACT_FAMILY_180_AND_RB15_CONSUMED_MEMBER,"{""command"":""/kaggle/working/gnn-fraud/scripts/run_multi_dataset_protocol_benchmark.py --datasets dgraphfin --models mlp,gcn,graphsage --protocols strict_inductive,inductive_isolated,transductive --gnn-only --skip-missing-datasets --hidden-channels 64 --num-layers 2 --early-stopping-metric val_f1 --scaler-mode train_only --output-dir results/runs/multi_dataset_protocol --seeds 2,4,6,8,10 --device cuda --execute --prediction-dir results/runs/predictions --export-predictions"",""early_stopping_metric"":""val_f1"",""early_stopping_split"":""validation"",""graph_mode"":""inductive_subgraph"",""scaler_mode"":""train_only"",""split_name"":""t1-14_val15-16_test17-20""}",7cd33aba43c112cc69e7ba19aacbf24515cb670b4ab7099ef66f0d404aadfa2a,CANONICAL_RESULT_COMMAND_AND_FIELDS,$HISTORICAL_GNN_FRAUD_REPO/results/runs_rb09v3/runs.csv,UNRESOLVED_LEGACY_CODE,tree-6fa0cc19d70e7c207c9af5b868d89b1b98ed0ed7,$HISTORICAL_GNN_FRAUD_REPO/results/runs_rb09v3/runs.csv,,,UNRESOLVED,true,"{""device"":""cuda"",""hardware"":""unresolved_from_per_run_record"",""measurement_scope"":""per_run_result_record"",""peak_memory"":null,""runtime_seconds"":23.996}",e77d9298b1a98b90d5f1d588a9f205e0377da5cdca4636d1fe7b8979288158e7,
dgraphfin,node_classification,strict_inductive,strict_inductive,feature_mlp,mlp,7,fold0,INDEX_REFERENCED_FILE_MISSING,CANONICAL_PREDICTION_PATH_MISSING;INDEXED_SOURCE_ARCHIVE_MISSING,RB09v3_structure_decay_10seed,$HISTORICAL_GNN_FRAUD_REPO/results/runs_rb09v3/predictions_manifest.json,528152753c1887ae6fa64631fddbd53926938d9e358b7eb4f003ad2c508b2d4e,kaggleoutputs/dgraphfin_10seed_strict_inductive/predictions/dgraphfin__strict_inductive__mlp__seed7.csv,,182166191,,,,dgraphfin_10seed_strict_inductive.zip,$HISTORICAL_GNN_FRAUD_REPO/kaggleoutputs/dgraphfin_10seed_strict_inductive.zip,e0055d3482107d16c7d52574b0a32adc1e7ae9236b67dbdf12f57327c0e6bce5,predictions/dgraphfin__strict_inductive__mlp__seed7.csv,false,RB09v3,,$HISTORICAL_GNN_FRAUD_REPO/results/runs_rb09v3/runs.csv#dgraphfin:strict_inductive:mlp:seed7,d9f77bfd14ccaf157780858e35ecfee96af1e2fbf60f3559ad888d14c0ace2e9,RB15_IMPORT_ERRORS_EMPTY_AND_MEMBER_REFERENCED,$HISTORICAL_GNN_FRAUD_REPO/results/runs_rb15_graphsafe_tta/import_manifest.json,RB09V3_ARTIFACT_FAMILY_180_AND_RB15_CONSUMED_MEMBER,"{""command"":""/kaggle/working/gnn-fraud/scripts/run_multi_dataset_protocol_benchmark.py --datasets dgraphfin --models mlp,gcn,graphsage --protocols strict_inductive,inductive_isolated,transductive --gnn-only --skip-missing-datasets --hidden-channels 64 --num-layers 2 --early-stopping-metric val_f1 --scaler-mode train_only --output-dir results/runs/multi_dataset_protocol --seeds 1,3,5,7,9 --device cuda --execute --prediction-dir results/runs/predictions --export-predictions"",""early_stopping_metric"":""val_f1"",""early_stopping_split"":""validation"",""graph_mode"":""inductive_subgraph"",""scaler_mode"":""train_only"",""split_name"":""t1-14_val15-16_test17-20""}",43e695161bf9a482fdf43850a31aa1c0072b9a8add0b082a0f39c6a36110c3ac,CANONICAL_RESULT_COMMAND_AND_FIELDS,$HISTORICAL_GNN_FRAUD_REPO/results/runs_rb09v3/runs.csv,UNRESOLVED_LEGACY_CODE,tree-6fa0cc19d70e7c207c9af5b868d89b1b98ed0ed7,$HISTORICAL_GNN_FRAUD_REPO/results/runs_rb09v3/runs.csv,,,UNRESOLVED,true,"{""device"":""cuda"",""hardware"":""unresolved_from_per_run_record"",""measurement_scope"":""per_run_result_record"",""peak_memory"":null,""runtime_seconds"":24.341}",6b7d63e7661ef7286f176f47f4b732e982367117f89416992a67bdecbabd2499,
dgraphfin,node_classification,strict_inductive,strict_inductive,feature_mlp,mlp,8,fold0,INDEX_REFERENCED_FILE_MISSING,CANONICAL_PREDICTION_PATH_MISSING;INDEXED_SOURCE_ARCHIVE_MISSING,RB09v3_structure_decay_10seed,$HISTORICAL_GNN_FRAUD_REPO/results/runs_rb09v3/predictions_manifest.json,528152753c1887ae6fa64631fddbd53926938d9e358b7eb4f003ad2c508b2d4e,kaggleoutputs/dgraphfin_10seed_strict_inductive/predictions/dgraphfin__strict_inductive__mlp__seed8.csv,,182077998,,,,dgraphfin_10seed_strict_inductive.zip,$HISTORICAL_GNN_FRAUD_REPO/kaggleoutputs/dgraphfin_10seed_strict_inductive.zip,e0055d3482107d16c7d52574b0a32adc1e7ae9236b67dbdf12f57327c0e6bce5,predictions/dgraphfin__strict_inductive__mlp__seed8.csv,false,RB09v3,,$HISTORICAL_GNN_FRAUD_REPO/results/runs_rb09v3/runs.csv#dgraphfin:strict_inductive:mlp:seed8,d9f77bfd14ccaf157780858e35ecfee96af1e2fbf60f3559ad888d14c0ace2e9,RB15_IMPORT_ERRORS_EMPTY_AND_MEMBER_REFERENCED,$HISTORICAL_GNN_FRAUD_REPO/results/runs_rb15_graphsafe_tta/import_manifest.json,RB09V3_ARTIFACT_FAMILY_180_AND_RB15_CONSUMED_MEMBER,"{""command"":""/kaggle/working/gnn-fraud/scripts/run_multi_dataset_protocol_benchmark.py --datasets dgraphfin --models mlp,gcn,graphsage --protocols strict_inductive,inductive_isolated,transductive --gnn-only --skip-missing-datasets --hidden-channels 64 --num-layers 2 --early-stopping-metric val_f1 --scaler-mode train_only --output-dir results/runs/multi_dataset_protocol --seeds 2,4,6,8,10 --device cuda --execute --prediction-dir results/runs/predictions --export-predictions"",""early_stopping_metric"":""val_f1"",""early_stopping_split"":""validation"",""graph_mode"":""inductive_subgraph"",""scaler_mode"":""train_only"",""split_name"":""t1-14_val15-16_test17-20""}",7cd33aba43c112cc69e7ba19aacbf24515cb670b4ab7099ef66f0d404aadfa2a,CANONICAL_RESULT_COMMAND_AND_FIELDS,$HISTORICAL_GNN_FRAUD_REPO/results/runs_rb09v3/runs.csv,UNRESOLVED_LEGACY_CODE,tree-6fa0cc19d70e7c207c9af5b868d89b1b98ed0ed7,$HISTORICAL_GNN_FRAUD_REPO/results/runs_rb09v3/runs.csv,,,UNRESOLVED,true,"{""device"":""cuda"",""hardware"":""unresolved_from_per_run_record"",""measurement_scope"":""per_run_result_record"",""peak_memory"":null,""runtime_seconds"":24.043}",c966f96e03610916d4bd40ef9d67fc358b9049ed9aa6dc08a925b71717d4cf11,
dgraphfin,node_classification,strict_inductive,strict_inductive,feature_mlp,mlp,9,fold0,INDEX_REFERENCED_FILE_MISSING,CANONICAL_PREDICTION_PATH_MISSING;INDEXED_SOURCE_ARCHIVE_MISSING,RB09v3_structure_decay_10seed,$HISTORICAL_GNN_FRAUD_REPO/results/runs_rb09v3/predictions_manifest.json,528152753c1887ae6fa64631fddbd53926938d9e358b7eb4f003ad2c508b2d4e,kaggleoutputs/dgraphfin_10seed_strict_inductive/predictions/dgraphfin__strict_inductive__mlp__seed9.csv,,182238668,,,,dgraphfin_10seed_strict_inductive.zip,$HISTORICAL_GNN_FRAUD_REPO/kaggleoutputs/dgraphfin_10seed_strict_inductive.zip,e0055d3482107d16c7d52574b0a32adc1e7ae9236b67dbdf12f57327c0e6bce5,predictions/dgraphfin__strict_inductive__mlp__seed9.csv,false,RB09v3,,$HISTORICAL_GNN_FRAUD_REPO/results/runs_rb09v3/runs.csv#dgraphfin:strict_inductive:mlp:seed9,d9f77bfd14ccaf157780858e35ecfee96af1e2fbf60f3559ad888d14c0ace2e9,RB15_IMPORT_ERRORS_EMPTY_AND_MEMBER_REFERENCED,$HISTORICAL_GNN_FRAUD_REPO/results/runs_rb15_graphsafe_tta/import_manifest.json,RB09V3_ARTIFACT_FAMILY_180_AND_RB15_CONSUMED_MEMBER,"{""command"":""/kaggle/working/gnn-fraud/scripts/run_multi_dataset_protocol_benchmark.py --datasets dgraphfin --models mlp,gcn,graphsage --protocols strict_inductive,inductive_isolated,transductive --gnn-only --skip-missing-datasets --hidden-channels 64 --num-layers 2 --early-stopping-metric val_f1 --scaler-mode train_only --output-dir results/runs/multi_dataset_protocol --seeds 1,3,5,7,9 --device cuda --execute --prediction-dir results/runs/predictions --export-predictions"",""early_stopping_metric"":""val_f1"",""early_stopping_split"":""validation"",""graph_mode"":""inductive_subgraph"",""scaler_mode"":""train_only"",""split_name"":""t1-14_val15-16_test17-20""}",43e695161bf9a482fdf43850a31aa1c0072b9a8add0b082a0f39c6a36110c3ac,CANONICAL_RESULT_COMMAND_AND_FIELDS,$HISTORICAL_GNN_FRAUD_REPO/results/runs_rb09v3/runs.csv,UNRESOLVED_LEGACY_CODE,tree-6fa0cc19d70e7c207c9af5b868d89b1b98ed0ed7,$HISTORICAL_GNN_FRAUD_REPO/results/runs_rb09v3/runs.csv,,,UNRESOLVED,true,"{""device"":""cuda"",""hardware"":""unresolved_from_per_run_record"",""measurement_scope"":""per_run_result_record"",""peak_memory"":null,""runtime_seconds"":24.465}",14b8fa46a1578c3a50a909eab6570615726270cff0c0b3fd446d963c0f30b3d4,
dgraphfin,node_classification,strict_inductive,strict_inductive,feature_mlp,mlp,10,fold0,INDEX_REFERENCED_FILE_MISSING,CANONICAL_PREDICTION_PATH_MISSING;INDEXED_SOURCE_ARCHIVE_MISSING,RB09v3_structure_decay_10seed,$HISTORICAL_GNN_FRAUD_REPO/results/runs_rb09v3/predictions_manifest.json,528152753c1887ae6fa64631fddbd53926938d9e358b7eb4f003ad2c508b2d4e,kaggleoutputs/dgraphfin_10seed_strict_inductive/predictions/dgraphfin__strict_inductive__mlp__seed10.csv,,184671844,,,,dgraphfin_10seed_strict_inductive.zip,$HISTORICAL_GNN_FRAUD_REPO/kaggleoutputs/dgraphfin_10seed_strict_inductive.zip,e0055d3482107d16c7d52574b0a32adc1e7ae9236b67dbdf12f57327c0e6bce5,predictions/dgraphfin__strict_inductive__mlp__seed10.csv,false,RB09v3,,$HISTORICAL_GNN_FRAUD_REPO/results/runs_rb09v3/runs.csv#dgraphfin:strict_inductive:mlp:seed10,d9f77bfd14ccaf157780858e35ecfee96af1e2fbf60f3559ad888d14c0ace2e9,RB15_IMPORT_ERRORS_EMPTY_AND_MEMBER_REFERENCED,$HISTORICAL_GNN_FRAUD_REPO/results/runs_rb15_graphsafe_tta/import_manifest.json,RB09V3_ARTIFACT_FAMILY_180_AND_RB15_CONSUMED_MEMBER,"{""command"":""/kaggle/working/gnn-fraud/scripts/run_multi_dataset_protocol_benchmark.py --datasets dgraphfin --models mlp,gcn,graphsage --protocols strict_inductive,inductive_isolated,transductive --gnn-only --skip-missing-datasets --hidden-channels 64 --num-layers 2 --early-stopping-metric val_f1 --scaler-mode train_only --output-dir results/runs/multi_dataset_protocol --seeds 2,4,6,8,10 --device cuda --execute --prediction-dir results/runs/predictions --export-predictions"",""early_stopping_metric"":""val_f1"",""early_stopping_split"":""validation"",""graph_mode"":""inductive_subgraph"",""scaler_mode"":""train_only"",""split_name"":""t1-14_val15-16_test17-20""}",7cd33aba43c112cc69e7ba19aacbf24515cb670b4ab7099ef66f0d404aadfa2a,CANONICAL_RESULT_COMMAND_AND_FIELDS,$HISTORICAL_GNN_FRAUD_REPO/results/runs_rb09v3/runs.csv,UNRESOLVED_LEGACY_CODE,tree-6fa0cc19d70e7c207c9af5b868d89b1b98ed0ed7,$HISTORICAL_GNN_FRAUD_REPO/results/runs_rb09v3/runs.csv,,,UNRESOLVED,true,"{""device"":""cuda"",""hardware"":""unresolved_from_per_run_record"",""measurement_scope"":""per_run_result_record"",""peak_memory"":null,""runtime_seconds"":23.932}",47a18f3f93eef31ef9628c9183adcc32b12d5e8c96d9e6bfe63e094e5260d4f9,
dgraphfin,node_classification,strict_inductive,strict_inductive,gcn,gcn,1,fold0,INDEX_REFERENCED_FILE_MISSING,CANONICAL_PREDICTION_PATH_MISSING;INDEXED_SOURCE_ARCHIVE_MISSING;UNVERIFIED_RAW_COORDINATE_CANDIDATES_NOT_ALIASED,RB09v3_structure_decay_10seed,$HISTORICAL_GNN_FRAUD_REPO/results/runs_rb09v3/predictions_manifest.json,528152753c1887ae6fa64631fddbd53926938d9e358b7eb4f003ad2c508b2d4e,kaggleoutputs/dgraphfin_10seed_strict_inductive/predictions/dgraphfin__strict_inductive__gcn__seed1.csv,,182198689,,,$HISTORICAL_GNN_FRAUD_REPO/kaggle_workspace/imported_outputs/v22_dualgpu_disk_safe/RB28_DGRAPHFIN_LOSS_ROBUSTNESS_ISOLATED_SEEDS_3_4_DUALGPU_V21/RB28_DGRAPHFIN_LOSS_ROBUSTNESS_ISOLATED_SEEDS_3_4_DUALGPU_V21/predictions/loss_default/dgraphfin__strict_inductive__gcn__seed1.csv;$HISTORICAL_GNN_FRAUD_REPO/kaggle_workspace/imported_outputs/v22_dualgpu_disk_safe/RB28_ELLIPTIC_LOSS_ROBUSTNESS_SEEDS_1_2_DUALGPU_V22/RB28_ELLIPTIC_LOSS_ROBUSTNESS_SEEDS_1_2_DUALGPU_V22/predictions/loss_default/dgraphfin__strict_inductive__gcn__seed1.csv;$HISTORICAL_GNN_FRAUD_REPO/kaggle_workspace/imported_outputs/v22_dualgpu_disk_safe/RB30_ELLIPTIC_EXTRA_ARCH_SEEDS_1_2_DUALGPU_V22/RB30_ELLIPTIC_EXTRA_ARCH_SEEDS_1_2_DUALGPU_V22/predictions/loss_default/dgraphfin__strict_inductive__gcn__seed1.csv,dgraphfin_10seed_strict_inductive.zip,$HISTORICAL_GNN_FRAUD_REPO/kaggleoutputs/dgraphfin_10seed_strict_inductive.zip,e0055d3482107d16c7d52574b0a32adc1e7ae9236b67dbdf12f57327c0e6bce5,predictions/dgraphfin__strict_inductive__gcn__seed1.csv,false,RB09v3,,$HISTORICAL_GNN_FRAUD_REPO/results/runs_rb09v3/runs.csv#dgraphfin:strict_inductive:gcn:seed1,d9f77bfd14ccaf157780858e35ecfee96af1e2fbf60f3559ad888d14c0ace2e9,RB15_IMPORT_ERRORS_EMPTY_AND_MEMBER_REFERENCED,$HISTORICAL_GNN_FRAUD_REPO/results/runs_rb15_graphsafe_tta/import_manifest.json,RB09V3_ARTIFACT_FAMILY_180_AND_RB15_CONSUMED_MEMBER,"{""command"":""/kaggle/working/gnn-fraud/scripts/run_multi_dataset_protocol_benchmark.py --datasets dgraphfin --models mlp,gcn,graphsage --protocols strict_inductive,inductive_isolated,transductive --gnn-only --skip-missing-datasets --hidden-channels 64 --num-layers 2 --early-stopping-metric val_f1 --scaler-mode train_only --output-dir results/runs/multi_dataset_protocol --seeds 1,3,5,7,9 --device cuda --execute --prediction-dir results/runs/predictions --export-predictions"",""early_stopping_metric"":""val_f1"",""early_stopping_split"":""validation"",""graph_mode"":""inductive_subgraph"",""scaler_mode"":""train_only"",""split_name"":""t1-14_val15-16_test17-20""}",43e695161bf9a482fdf43850a31aa1c0072b9a8add0b082a0f39c6a36110c3ac,CANONICAL_RESULT_COMMAND_AND_FIELDS,$HISTORICAL_GNN_FRAUD_REPO/results/runs_rb09v3/runs.csv,UNRESOLVED_LEGACY_CODE,tree-6fa0cc19d70e7c207c9af5b868d89b1b98ed0ed7,$HISTORICAL_GNN_FRAUD_REPO/results/runs_rb09v3/runs.csv,,,UNRESOLVED,true,"{""device"":""cuda"",""hardware"":""unresolved_from_per_run_record"",""measurement_scope"":""per_run_result_record"",""peak_memory"":null,""runtime_seconds"":109.313}",c409978cc8e157cc7053250d8ed12ca6728b967118ddbb3c5abf8699d51957a7,
dgraphfin,node_classification,strict_inductive,strict_inductive,gcn,gcn,2,fold0,INDEX_REFERENCED_FILE_MISSING,CANONICAL_PREDICTION_PATH_MISSING;INDEXED_SOURCE_ARCHIVE_MISSING;UNVERIFIED_RAW_COORDINATE_CANDIDATES_NOT_ALIASED,RB09v3_structure_decay_10seed,$HISTORICAL_GNN_FRAUD_REPO/results/runs_rb09v3/predictions_manifest.json,528152753c1887ae6fa64631fddbd53926938d9e358b7eb4f003ad2c508b2d4e,kaggleoutputs/dgraphfin_10seed_strict_inductive/predictions/dgraphfin__strict_inductive__gcn__seed2.csv,,182198501,,,$HISTORICAL_GNN_FRAUD_REPO/kaggle_workspace/imported_outputs/v22_dualgpu_disk_safe/RB28_DGRAPHFIN_LOSS_ROBUSTNESS_ISOLATED_SEEDS_3_4_DUALGPU_V21/RB28_DGRAPHFIN_LOSS_ROBUSTNESS_ISOLATED_SEEDS_3_4_DUALGPU_V21/predictions/loss_weighted_bce/dgraphfin__strict_inductive__gcn__seed2.csv,dgraphfin_10seed_strict_inductive.zip,$HISTORICAL_GNN_FRAUD_REPO/kaggleoutputs/dgraphfin_10seed_strict_inductive.zip,e0055d3482107d16c7d52574b0a32adc1e7ae9236b67dbdf12f57327c0e6bce5,predictions/dgraphfin__strict_inductive__gcn__seed2.csv,false,RB09v3,,$HISTORICAL_GNN_FRAUD_REPO/results/runs_rb09v3/runs.csv#dgraphfin:strict_inductive:gcn:seed2,d9f77bfd14ccaf157780858e35ecfee96af1e2fbf60f3559ad888d14c0ace2e9,RB15_IMPORT_ERRORS_EMPTY_AND_MEMBER_REFERENCED,$HISTORICAL_GNN_FRAUD_REPO/results/runs_rb15_graphsafe_tta/import_manifest.json,RB09V3_ARTIFACT_FAMILY_180_AND_RB15_CONSUMED_MEMBER,"{""command"":""/kaggle/working/gnn-fraud/scripts/run_multi_dataset_protocol_benchmark.py --datasets dgraphfin --models mlp,gcn,graphsage --protocols strict_inductive,inductive_isolated,transductive --gnn-only --skip-missing-datasets --hidden-channels 64 --num-layers 2 --early-stopping-metric val_f1 --scaler-mode train_only --output-dir results/runs/multi_dataset_protocol --seeds 2,4,6,8,10 --device cuda --execute --prediction-dir results/runs/predictions --export-predictions"",""early_stopping_metric"":""val_f1"",""early_stopping_split"":""validation"",""graph_mode"":""inductive_subgraph"",""scaler_mode"":""train_only"",""split_name"":""t1-14_val15-16_test17-20""}",7cd33aba43c112cc69e7ba19aacbf24515cb670b4ab7099ef66f0d404aadfa2a,CANONICAL_RESULT_COMMAND_AND_FIELDS,$HISTORICAL_GNN_FRAUD_REPO/results/runs_rb09v3/runs.csv,UNRESOLVED_LEGACY_CODE,tree-6fa0cc19d70e7c207c9af5b868d89b1b98ed0ed7,$HISTORICAL_GNN_FRAUD_REPO/results/runs_rb09v3/runs.csv,,,UNRESOLVED,true,"{""device"":""cuda"",""hardware"":""unresolved_from_per_run_record"",""measurement_scope"":""per_run_result_record"",""peak_memory"":null,""runtime_seconds"":107.563}",bd5ee45787b25eaa8e58278803fd8a33845c17b36748ea13fa99e94ab86c5064,
dgraphfin,node_classification,strict_inductive,strict_inductive,gcn,gcn,3,fold0,INDEX_REFERENCED_FILE_MISSING,CANONICAL_PREDICTION_PATH_MISSING;INDEXED_SOURCE_ARCHIVE_MISSING;UNVERIFIED_RAW_COORDINATE_CANDIDATES_NOT_ALIASED,RB09v3_structure_decay_10seed,$HISTORICAL_GNN_FRAUD_REPO/results/runs_rb09v3/predictions_manifest.json,528152753c1887ae6fa64631fddbd53926938d9e358b7eb4f003ad2c508b2d4e,kaggleoutputs/dgraphfin_10seed_strict_inductive/predictions/dgraphfin__strict_inductive__gcn__seed3.csv,,182198593,,,$HISTORICAL_GNN_FRAUD_REPO/kaggle_workspace/imported_outputs/v22_dualgpu_disk_safe/RB28_DGRAPHFIN_LOSS_ROBUSTNESS_ISOLATED_SEEDS_3_4_DUALGPU_V21/RB28_DGRAPHFIN_LOSS_ROBUSTNESS_ISOLATED_SEEDS_3_4_DUALGPU_V21/predictions/loss_focal/dgraphfin__strict_inductive__gcn__seed3.csv,dgraphfin_10seed_strict_inductive.zip,$HISTORICAL_GNN_FRAUD_REPO/kaggleoutputs/dgraphfin_10seed_strict_inductive.zip,e0055d3482107d16c7d52574b0a32adc1e7ae9236b67dbdf12f57327c0e6bce5,predictions/dgraphfin__strict_inductive__gcn__seed3.csv,false,RB09v3,,$HISTORICAL_GNN_FRAUD_REPO/results/runs_rb09v3/runs.csv#dgraphfin:strict_inductive:gcn:seed3,d9f77bfd14ccaf157780858e35ecfee96af1e2fbf60f3559ad888d14c0ace2e9,RB15_IMPORT_ERRORS_EMPTY_AND_MEMBER_REFERENCED,$HISTORICAL_GNN_FRAUD_REPO/results/runs_rb15_graphsafe_tta/import_manifest.json,RB09V3_ARTIFACT_FAMILY_180_AND_RB15_CONSUMED_MEMBER,"{""command"":""/kaggle/working/gnn-fraud/scripts/run_multi_dataset_protocol_benchmark.py --datasets dgraphfin --models mlp,gcn,graphsage --protocols strict_inductive,inductive_isolated,transductive --gnn-only --skip-missing-datasets --hidden-channels 64 --num-layers 2 --early-stopping-metric val_f1 --scaler-mode train_only --output-dir results/runs/multi_dataset_protocol --seeds 1,3,5,7,9 --device cuda --execute --prediction-dir results/runs/predictions --export-predictions"",""early_stopping_metric"":""val_f1"",""early_stopping_split"":""validation"",""graph_mode"":""inductive_subgraph"",""scaler_mode"":""train_only"",""split_name"":""t1-14_val15-16_test17-20""}",43e695161bf9a482fdf43850a31aa1c0072b9a8add0b082a0f39c6a36110c3ac,CANONICAL_RESULT_COMMAND_AND_FIELDS,$HISTORICAL_GNN_FRAUD_REPO/results/runs_rb09v3/runs.csv,UNRESOLVED_LEGACY_CODE,tree-6fa0cc19d70e7c207c9af5b868d89b1b98ed0ed7,$HISTORICAL_GNN_FRAUD_REPO/results/runs_rb09v3/runs.csv,,,UNRESOLVED,true,"{""device"":""cuda"",""hardware"":""unresolved_from_per_run_record"",""measurement_scope"":""per_run_result_record"",""peak_memory"":null,""runtime_seconds"":109.266}",699f0ebe1389ac36857614b4c2bcf8a567db513bed3e05725da60c655767995c,
dgraphfin,node_classification,strict_inductive,strict_inductive,gcn,gcn,4,fold0,INDEX_REFERENCED_FILE_MISSING,CANONICAL_PREDICTION_PATH_MISSING;INDEXED_SOURCE_ARCHIVE_MISSING,RB09v3_structure_decay_10seed,$HISTORICAL_GNN_FRAUD_REPO/results/runs_rb09v3/predictions_manifest.json,528152753c1887ae6fa64631fddbd53926938d9e358b7eb4f003ad2c508b2d4e,kaggleoutputs/dgraphfin_10seed_strict_inductive/predictions/dgraphfin__strict_inductive__gcn__seed4.csv,,182198640,,,,dgraphfin_10seed_strict_inductive.zip,$HISTORICAL_GNN_FRAUD_REPO/kaggleoutputs/dgraphfin_10seed_strict_inductive.zip,e0055d3482107d16c7d52574b0a32adc1e7ae9236b67dbdf12f57327c0e6bce5,predictions/dgraphfin__strict_inductive__gcn__seed4.csv,false,RB09v3,,$HISTORICAL_GNN_FRAUD_REPO/results/runs_rb09v3/runs.csv#dgraphfin:strict_inductive:gcn:seed4,d9f77bfd14ccaf157780858e35ecfee96af1e2fbf60f3559ad888d14c0ace2e9,RB15_IMPORT_ERRORS_EMPTY_AND_MEMBER_REFERENCED,$HISTORICAL_GNN_FRAUD_REPO/results/runs_rb15_graphsafe_tta/import_manifest.json,RB09V3_ARTIFACT_FAMILY_180_AND_RB15_CONSUMED_MEMBER,"{""command"":""/kaggle/working/gnn-fraud/scripts/run_multi_dataset_protocol_benchmark.py --datasets dgraphfin --models mlp,gcn,graphsage --protocols strict_inductive,inductive_isolated,transductive --gnn-only --skip-missing-datasets --hidden-channels 64 --num-layers 2 --early-stopping-metric val_f1 --scaler-mode train_only --output-dir results/runs/multi_dataset_protocol --seeds 2,4,6,8,10 --device cuda --execute --prediction-dir results/runs/predictions --export-predictions"",""early_stopping_metric"":""val_f1"",""early_stopping_split"":""validation"",""graph_mode"":""inductive_subgraph"",""scaler_mode"":""train_only"",""split_name"":""t1-14_val15-16_test17-20""}",7cd33aba43c112cc69e7ba19aacbf24515cb670b4ab7099ef66f0d404aadfa2a,CANONICAL_RESULT_COMMAND_AND_FIELDS,$HISTORICAL_GNN_FRAUD_REPO/results/runs_rb09v3/runs.csv,UNRESOLVED_LEGACY_CODE,tree-6fa0cc19d70e7c207c9af5b868d89b1b98ed0ed7,$HISTORICAL_GNN_FRAUD_REPO/results/runs_rb09v3/runs.csv,,,UNRESOLVED,true,"{""device"":""cuda"",""hardware"":""unresolved_from_per_run_record"",""measurement_scope"":""per_run_result_record"",""peak_memory"":null,""runtime_seconds"":107.85}",cf244b1b927f67b07d941b9bcc78f85a9105a1df0bf0b52cb0dc33f6f3ac8dd3,
dgraphfin,node_classification,strict_inductive,strict_inductive,gcn,gcn,5,fold0,INDEX_REFERENCED_FILE_MISSING,CANONICAL_PREDICTION_PATH_MISSING;INDEXED_SOURCE_ARCHIVE_MISSING,RB09v3_structure_decay_10seed,$HISTORICAL_GNN_FRAUD_REPO/results/runs_rb09v3/predictions_manifest.json,528152753c1887ae6fa64631fddbd53926938d9e358b7eb4f003ad2c508b2d4e,kaggleoutputs/dgraphfin_10seed_strict_inductive/predictions/dgraphfin__strict_inductive__gcn__seed5.csv,,182199559,,,,dgraphfin_10seed_strict_inductive.zip,$HISTORICAL_GNN_FRAUD_REPO/kaggleoutputs/dgraphfin_10seed_strict_inductive.zip,e0055d3482107d16c7d52574b0a32adc1e7ae9236b67dbdf12f57327c0e6bce5,predictions/dgraphfin__strict_inductive__gcn__seed5.csv,false,RB09v3,,$HISTORICAL_GNN_FRAUD_REPO/results/runs_rb09v3/runs.csv#dgraphfin:strict_inductive:gcn:seed5,d9f77bfd14ccaf157780858e35ecfee96af1e2fbf60f3559ad888d14c0ace2e9,RB15_IMPORT_ERRORS_EMPTY_AND_MEMBER_REFERENCED,$HISTORICAL_GNN_FRAUD_REPO/results/runs_rb15_graphsafe_tta/import_manifest.json,RB09V3_ARTIFACT_FAMILY_180_AND_RB15_CONSUMED_MEMBER,"{""command"":""/kaggle/working/gnn-fraud/scripts/run_multi_dataset_protocol_benchmark.py --datasets dgraphfin --models mlp,gcn,graphsage --protocols strict_inductive,inductive_isolated,transductive --gnn-only --skip-missing-datasets --hidden-channels 64 --num-layers 2 --early-stopping-metric val_f1 --scaler-mode train_only --output-dir results/runs/multi_dataset_protocol --seeds 1,3,5,7,9 --device cuda --execute --prediction-dir results/runs/predictions --export-predictions"",""early_stopping_metric"":""val_f1"",""early_stopping_split"":""validation"",""graph_mode"":""inductive_subgraph"",""scaler_mode"":""train_only"",""split_name"":""t1-14_val15-16_test17-20""}",43e695161bf9a482fdf43850a31aa1c0072b9a8add0b082a0f39c6a36110c3ac,CANONICAL_RESULT_COMMAND_AND_FIELDS,$HISTORICAL_GNN_FRAUD_REPO/results/runs_rb09v3/runs.csv,UNRESOLVED_LEGACY_CODE,tree-6fa0cc19d70e7c207c9af5b868d89b1b98ed0ed7,$HISTORICAL_GNN_FRAUD_REPO/results/runs_rb09v3/runs.csv,,,UNRESOLVED,true,"{""device"":""cuda"",""hardware"":""unresolved_from_per_run_record"",""measurement_scope"":""per_run_result_record"",""peak_memory"":null,""runtime_seconds"":109.162}",e2d14d889b32a8a031cce73c3ec01b101132c9313004e3bca4d871080e066365,
dgraphfin,node_classification,strict_inductive,strict_inductive,gcn,gcn,6,fold0,INDEX_REFERENCED_FILE_MISSING,CANONICAL_PREDICTION_PATH_MISSING;INDEXED_SOURCE_ARCHIVE_MISSING,RB09v3_structure_decay_10seed,$HISTORICAL_GNN_FRAUD_REPO/results/runs_rb09v3/predictions_manifest.json,528152753c1887ae6fa64631fddbd53926938d9e358b7eb4f003ad2c508b2d4e,kaggleoutputs/dgraphfin_10seed_strict_inductive/predictions/dgraphfin__strict_inductive__gcn__seed6.csv,,182198142,,,,dgraphfin_10seed_strict_inductive.zip,$HISTORICAL_GNN_FRAUD_REPO/kaggleoutputs/dgraphfin_10seed_strict_inductive.zip,e0055d3482107d16c7d52574b0a32adc1e7ae9236b67dbdf12f57327c0e6bce5,predictions/dgraphfin__strict_inductive__gcn__seed6.csv,false,RB09v3,,$HISTORICAL_GNN_FRAUD_REPO/results/runs_rb09v3/runs.csv#dgraphfin:strict_inductive:gcn:seed6,d9f77bfd14ccaf157780858e35ecfee96af1e2fbf60f3559ad888d14c0ace2e9,RB15_IMPORT_ERRORS_EMPTY_AND_MEMBER_REFERENCED,$HISTORICAL_GNN_FRAUD_REPO/results/runs_rb15_graphsafe_tta/import_manifest.json,RB09V3_ARTIFACT_FAMILY_180_AND_RB15_CONSUMED_MEMBER,"{""command"":""/kaggle/working/gnn-fraud/scripts/run_multi_dataset_protocol_benchmark.py --datasets dgraphfin --models mlp,gcn,graphsage --protocols strict_inductive,inductive_isolated,transductive --gnn-only --skip-missing-datasets --hidden-channels 64 --num-layers 2 --early-stopping-metric val_f1 --scaler-mode train_only --output-dir results/runs/multi_dataset_protocol --seeds 2,4,6,8,10 --device cuda --execute --prediction-dir results/runs/predictions --export-predictions"",""early_stopping_metric"":""val_f1"",""early_stopping_split"":""validation"",""graph_mode"":""inductive_subgraph"",""scaler_mode"":""train_only"",""split_name"":""t1-14_val15-16_test17-20""}",7cd33aba43c112cc69e7ba19aacbf24515cb670b4ab7099ef66f0d404aadfa2a,CANONICAL_RESULT_COMMAND_AND_FIELDS,$HISTORICAL_GNN_FRAUD_REPO/results/runs_rb09v3/runs.csv,UNRESOLVED_LEGACY_CODE,tree-6fa0cc19d70e7c207c9af5b868d89b1b98ed0ed7,$HISTORICAL_GNN_FRAUD_REPO/results/runs_rb09v3/runs.csv,,,UNRESOLVED,true,"{""device"":""cuda"",""hardware"":""unresolved_from_per_run_record"",""measurement_scope"":""per_run_result_record"",""peak_memory"":null,""runtime_seconds"":108.138}",87dfb374ec2ee90a9768ea0c7ee80a2989ba67cc4a30e403920ef6a20a263592,
dgraphfin,node_classification,strict_inductive,strict_inductive,gcn,gcn,7,fold0,INDEX_REFERENCED_FILE_MISSING,CANONICAL_PREDICTION_PATH_MISSING;INDEXED_SOURCE_ARCHIVE_MISSING,RB09v3_structure_decay_10seed,$HISTORICAL_GNN_FRAUD_REPO/results/runs_rb09v3/predictions_manifest.json,528152753c1887ae6fa64631fddbd53926938d9e358b7eb4f003ad2c508b2d4e,kaggleoutputs/dgraphfin_10seed_strict_inductive/predictions/dgraphfin__strict_inductive__gcn__seed7.csv,,182198759,,,,dgraphfin_10seed_strict_inductive.zip,$HISTORICAL_GNN_FRAUD_REPO/kaggleoutputs/dgraphfin_10seed_strict_inductive.zip,e0055d3482107d16c7d52574b0a32adc1e7ae9236b67dbdf12f57327c0e6bce5,predictions/dgraphfin__strict_inductive__gcn__seed7.csv,false,RB09v3,,$HISTORICAL_GNN_FRAUD_REPO/results/runs_rb09v3/runs.csv#dgraphfin:strict_inductive:gcn:seed7,d9f77bfd14ccaf157780858e35ecfee96af1e2fbf60f3559ad888d14c0ace2e9,RB15_IMPORT_ERRORS_EMPTY_AND_MEMBER_REFERENCED,$HISTORICAL_GNN_FRAUD_REPO/results/runs_rb15_graphsafe_tta/import_manifest.json,RB09V3_ARTIFACT_FAMILY_180_AND_RB15_CONSUMED_MEMBER,"{""command"":""/kaggle/working/gnn-fraud/scripts/run_multi_dataset_protocol_benchmark.py --datasets dgraphfin --models mlp,gcn,graphsage --protocols strict_inductive,inductive_isolated,transductive --gnn-only --skip-missing-datasets --hidden-channels 64 --num-layers 2 --early-stopping-metric val_f1 --scaler-mode train_only --output-dir results/runs/multi_dataset_protocol --seeds 1,3,5,7,9 --device cuda --execute --prediction-dir results/runs/predictions --export-predictions"",""early_stopping_metric"":""val_f1"",""early_stopping_split"":""validation"",""graph_mode"":""inductive_subgraph"",""scaler_mode"":""train_only"",""split_name"":""t1-14_val15-16_test17-20""}",43e695161bf9a482fdf43850a31aa1c0072b9a8add0b082a0f39c6a36110c3ac,CANONICAL_RESULT_COMMAND_AND_FIELDS,$HISTORICAL_GNN_FRAUD_REPO/results/runs_rb09v3/runs.csv,UNRESOLVED_LEGACY_CODE,tree-6fa0cc19d70e7c207c9af5b868d89b1b98ed0ed7,$HISTORICAL_GNN_FRAUD_REPO/results/runs_rb09v3/runs.csv,,,UNRESOLVED,true,"{""device"":""cuda"",""hardware"":""unresolved_from_per_run_record"",""measurement_scope"":""per_run_result_record"",""peak_memory"":null,""runtime_seconds"":109.161}",1724d6b9a17c272fa2c30bf9b0b907021044c6e027c376596aef5fbdb6245053,
dgraphfin,node_classification,strict_inductive,strict_inductive,gcn,gcn,8,fold0,INDEX_REFERENCED_FILE_MISSING,CANONICAL_PREDICTION_PATH_MISSING;INDEXED_SOURCE_ARCHIVE_MISSING,RB09v3_structure_decay_10seed,$HISTORICAL_GNN_FRAUD_REPO/results/runs_rb09v3/predictions_manifest.json,528152753c1887ae6fa64631fddbd53926938d9e358b7eb4f003ad2c508b2d4e,kaggleoutputs/dgraphfin_10seed_strict_inductive/predictions/dgraphfin__strict_inductive__gcn__seed8.csv,,182199149,,,,dgraphfin_10seed_strict_inductive.zip,$HISTORICAL_GNN_FRAUD_REPO/kaggleoutputs/dgraphfin_10seed_strict_inductive.zip,e0055d3482107d16c7d52574b0a32adc1e7ae9236b67dbdf12f57327c0e6bce5,predictions/dgraphfin__strict_inductive__gcn__seed8.csv,false,RB09v3,,$HISTORICAL_GNN_FRAUD_REPO/results/runs_rb09v3/runs.csv#dgraphfin:strict_inductive:gcn:seed8,d9f77bfd14ccaf157780858e35ecfee96af1e2fbf60f3559ad888d14c0ace2e9,RB15_IMPORT_ERRORS_EMPTY_AND_MEMBER_REFERENCED,$HISTORICAL_GNN_FRAUD_REPO/results/runs_rb15_graphsafe_tta/import_manifest.json,RB09V3_ARTIFACT_FAMILY_180_AND_RB15_CONSUMED_MEMBER,"{""command"":""/kaggle/working/gnn-fraud/scripts/run_multi_dataset_protocol_benchmark.py --datasets dgraphfin --models mlp,gcn,graphsage --protocols strict_inductive,inductive_isolated,transductive --gnn-only --skip-missing-datasets --hidden-channels 64 --num-layers 2 --early-stopping-metric val_f1 --scaler-mode train_only --output-dir results/runs/multi_dataset_protocol --seeds 2,4,6,8,10 --device cuda --execute --prediction-dir results/runs/predictions --export-predictions"",""early_stopping_metric"":""val_f1"",""early_stopping_split"":""validation"",""graph_mode"":""inductive_subgraph"",""scaler_mode"":""train_only"",""split_name"":""t1-14_val15-16_test17-20""}",7cd33aba43c112cc69e7ba19aacbf24515cb670b4ab7099ef66f0d404aadfa2a,CANONICAL_RESULT_COMMAND_AND_FIELDS,$HISTORICAL_GNN_FRAUD_REPO/results/runs_rb09v3/runs.csv,UNRESOLVED_LEGACY_CODE,tree-6fa0cc19d70e7c207c9af5b868d89b1b98ed0ed7,$HISTORICAL_GNN_FRAUD_REPO/results/runs_rb09v3/runs.csv,,,UNRESOLVED,true,"{""device"":""cuda"",""hardware"":""unresolved_from_per_run_record"",""measurement_scope"":""per_run_result_record"",""peak_memory"":null,""runtime_seconds"":108.348}",af851ff54993722304202e0647492bfa90cc696484622c66b5b42534cfdeb079,
dgraphfin,node_classification,strict_inductive,strict_inductive,gcn,gcn,9,fold0,INDEX_REFERENCED_FILE_MISSING,CANONICAL_PREDICTION_PATH_MISSING;INDEXED_SOURCE_ARCHIVE_MISSING,RB09v3_structure_decay_10seed,$HISTORICAL_GNN_FRAUD_REPO/results/runs_rb09v3/predictions_manifest.json,528152753c1887ae6fa64631fddbd53926938d9e358b7eb4f003ad2c508b2d4e,kaggleoutputs/dgraphfin_10seed_strict_inductive/predictions/dgraphfin__strict_inductive__gcn__seed9.csv,,182198593,,,,dgraphfin_10seed_strict_inductive.zip,$HISTORICAL_GNN_FRAUD_REPO/kaggleoutputs/dgraphfin_10seed_strict_inductive.zip,e0055d3482107d16c7d52574b0a32adc1e7ae9236b67dbdf12f57327c0e6bce5,predictions/dgraphfin__strict_inductive__gcn__seed9.csv,false,RB09v3,,$HISTORICAL_GNN_FRAUD_REPO/results/runs_rb09v3/runs.csv#dgraphfin:strict_inductive:gcn:seed9,d9f77bfd14ccaf157780858e35ecfee96af1e2fbf60f3559ad888d14c0ace2e9,RB15_IMPORT_ERRORS_EMPTY_AND_MEMBER_REFERENCED,$HISTORICAL_GNN_FRAUD_REPO/results/runs_rb15_graphsafe_tta/import_manifest.json,RB09V3_ARTIFACT_FAMILY_180_AND_RB15_CONSUMED_MEMBER,"{""command"":""/kaggle/working/gnn-fraud/scripts/run_multi_dataset_protocol_benchmark.py --datasets dgraphfin --models mlp,gcn,graphsage --protocols strict_inductive,inductive_isolated,transductive --gnn-only --skip-missing-datasets --hidden-channels 64 --num-layers 2 --early-stopping-metric val_f1 --scaler-mode train_only --output-dir results/runs/multi_dataset_protocol --seeds 1,3,5,7,9 --device cuda --execute --prediction-dir results/runs/predictions --export-predictions"",""early_stopping_metric"":""val_f1"",""early_stopping_split"":""validation"",""graph_mode"":""inductive_subgraph"",""scaler_mode"":""train_only"",""split_name"":""t1-14_val15-16_test17-20""}",43e695161bf9a482fdf43850a31aa1c0072b9a8add0b082a0f39c6a36110c3ac,CANONICAL_RESULT_COMMAND_AND_FIELDS,$HISTORICAL_GNN_FRAUD_REPO/results/runs_rb09v3/runs.csv,UNRESOLVED_LEGACY_CODE,tree-6fa0cc19d70e7c207c9af5b868d89b1b98ed0ed7,$HISTORICAL_GNN_FRAUD_REPO/results/runs_rb09v3/runs.csv,,,UNRESOLVED,true,"{""device"":""cuda"",""hardware"":""unresolved_from_per_run_record"",""measurement_scope"":""per_run_result_record"",""peak_memory"":null,""runtime_seconds"":109.141}",77641ed7a474c6b657565f2ba88b2b4772cceab852461b9c97cd7fe57aac4113,
dgraphfin,node_classification,strict_inductive,strict_inductive,gcn,gcn,10,fold0,INDEX_REFERENCED_FILE_MISSING,CANONICAL_PREDICTION_PATH_MISSING;INDEXED_SOURCE_ARCHIVE_MISSING,RB09v3_structure_decay_10seed,$HISTORICAL_GNN_FRAUD_REPO/results/runs_rb09v3/predictions_manifest.json,528152753c1887ae6fa64631fddbd53926938d9e358b7eb4f003ad2c508b2d4e,kaggleoutputs/dgraphfin_10seed_strict_inductive/predictions/dgraphfin__strict_inductive__gcn__seed10.csv,,184649795,,,,dgraphfin_10seed_strict_inductive.zip,$HISTORICAL_GNN_FRAUD_REPO/kaggleoutputs/dgraphfin_10seed_strict_inductive.zip,e0055d3482107d16c7d52574b0a32adc1e7ae9236b67dbdf12f57327c0e6bce5,predictions/dgraphfin__strict_inductive__gcn__seed10.csv,false,RB09v3,,$HISTORICAL_GNN_FRAUD_REPO/results/runs_rb09v3/runs.csv#dgraphfin:strict_inductive:gcn:seed10,d9f77bfd14ccaf157780858e35ecfee96af1e2fbf60f3559ad888d14c0ace2e9,RB15_IMPORT_ERRORS_EMPTY_AND_MEMBER_REFERENCED,$HISTORICAL_GNN_FRAUD_REPO/results/runs_rb15_graphsafe_tta/import_manifest.json,RB09V3_ARTIFACT_FAMILY_180_AND_RB15_CONSUMED_MEMBER,"{""command"":""/kaggle/working/gnn-fraud/scripts/run_multi_dataset_protocol_benchmark.py --datasets dgraphfin --models mlp,gcn,graphsage --protocols strict_inductive,inductive_isolated,transductive --gnn-only --skip-missing-datasets --hidden-channels 64 --num-layers 2 --early-stopping-metric val_f1 --scaler-mode train_only --output-dir results/runs/multi_dataset_protocol --seeds 2,4,6,8,10 --device cuda --execute --prediction-dir results/runs/predictions --export-predictions"",""early_stopping_metric"":""val_f1"",""early_stopping_split"":""validation"",""graph_mode"":""inductive_subgraph"",""scaler_mode"":""train_only"",""split_name"":""t1-14_val15-16_test17-20""}",7cd33aba43c112cc69e7ba19aacbf24515cb670b4ab7099ef66f0d404aadfa2a,CANONICAL_RESULT_COMMAND_AND_FIELDS,$HISTORICAL_GNN_FRAUD_REPO/results/runs_rb09v3/runs.csv,UNRESOLVED_LEGACY_CODE,tree-6fa0cc19d70e7c207c9af5b868d89b1b98ed0ed7,$HISTORICAL_GNN_FRAUD_REPO/results/runs_rb09v3/runs.csv,,,UNRESOLVED,true,"{""device"":""cuda"",""hardware"":""unresolved_from_per_run_record"",""measurement_scope"":""per_run_result_record"",""peak_memory"":null,""runtime_seconds"":108.187}",136845af308a5d8e3536bbf9055ba521235a07610c15f58056f8b32c39057377,
dgraphfin,node_classification,strict_inductive,strict_inductive,graphsage,sage,1,fold0,INDEX_REFERENCED_FILE_MISSING,CANONICAL_PREDICTION_PATH_MISSING;INDEXED_SOURCE_ARCHIVE_MISSING,RB09v3_structure_decay_10seed,$HISTORICAL_GNN_FRAUD_REPO/results/runs_rb09v3/predictions_manifest.json,528152753c1887ae6fa64631fddbd53926938d9e358b7eb4f003ad2c508b2d4e,kaggleoutputs/dgraphfin_10seed_strict_inductive/predictions/dgraphfin__strict_inductive__sage__seed1.csv,,184650184,,,,dgraphfin_10seed_strict_inductive.zip,$HISTORICAL_GNN_FRAUD_REPO/kaggleoutputs/dgraphfin_10seed_strict_inductive.zip,e0055d3482107d16c7d52574b0a32adc1e7ae9236b67dbdf12f57327c0e6bce5,predictions/dgraphfin__strict_inductive__sage__seed1.csv,false,RB09v3,,$HISTORICAL_GNN_FRAUD_REPO/results/runs_rb09v3/runs.csv#dgraphfin:strict_inductive:sage:seed1,d9f77bfd14ccaf157780858e35ecfee96af1e2fbf60f3559ad888d14c0ace2e9,RB15_IMPORT_ERRORS_EMPTY_AND_MEMBER_REFERENCED,$HISTORICAL_GNN_FRAUD_REPO/results/runs_rb15_graphsafe_tta/import_manifest.json,RB09V3_ARTIFACT_FAMILY_180_AND_RB15_CONSUMED_MEMBER,"{""command"":""/kaggle/working/gnn-fraud/scripts/run_multi_dataset_protocol_benchmark.py --datasets dgraphfin --models mlp,gcn,graphsage --protocols strict_inductive,inductive_isolated,transductive --gnn-only --skip-missing-datasets --hidden-channels 64 --num-layers 2 --early-stopping-metric val_f1 --scaler-mode train_only --output-dir results/runs/multi_dataset_protocol --seeds 1,3,5,7,9 --device cuda --execute --prediction-dir results/runs/predictions --export-predictions"",""early_stopping_metric"":""val_f1"",""early_stopping_split"":""validation"",""graph_mode"":""inductive_subgraph"",""scaler_mode"":""train_only"",""split_name"":""t1-14_val15-16_test17-20""}",43e695161bf9a482fdf43850a31aa1c0072b9a8add0b082a0f39c6a36110c3ac,CANONICAL_RESULT_COMMAND_AND_FIELDS,$HISTORICAL_GNN_FRAUD_REPO/results/runs_rb09v3/runs.csv,UNRESOLVED_LEGACY_CODE,tree-6fa0cc19d70e7c207c9af5b868d89b1b98ed0ed7,$HISTORICAL_GNN_FRAUD_REPO/results/runs_rb09v3/runs.csv,,,UNRESOLVED,true,"{""device"":""cuda"",""hardware"":""unresolved_from_per_run_record"",""measurement_scope"":""per_run_result_record"",""peak_memory"":null,""runtime_seconds"":126.379}",e5e5e60cff19b872e27cad3484b19f4bf0814d56c47c414751caa3f3f5ba387c,
dgraphfin,node_classification,strict_inductive,strict_inductive,graphsage,sage,2,fold0,INDEX_REFERENCED_FILE_MISSING,CANONICAL_PREDICTION_PATH_MISSING;INDEXED_SOURCE_ARCHIVE_MISSING,RB09v3_structure_decay_10seed,$HISTORICAL_GNN_FRAUD_REPO/results/runs_rb09v3/predictions_manifest.json,528152753c1887ae6fa64631fddbd53926938d9e358b7eb4f003ad2c508b2d4e,kaggleoutputs/dgraphfin_10seed_strict_inductive/predictions/dgraphfin__strict_inductive__sage__seed2.csv,,184649575,,,,dgraphfin_10seed_strict_inductive.zip,$HISTORICAL_GNN_FRAUD_REPO/kaggleoutputs/dgraphfin_10seed_strict_inductive.zip,e0055d3482107d16c7d52574b0a32adc1e7ae9236b67dbdf12f57327c0e6bce5,predictions/dgraphfin__strict_inductive__sage__seed2.csv,false,RB09v3,,$HISTORICAL_GNN_FRAUD_REPO/results/runs_rb09v3/runs.csv#dgraphfin:strict_inductive:sage:seed2,d9f77bfd14ccaf157780858e35ecfee96af1e2fbf60f3559ad888d14c0ace2e9,RB15_IMPORT_ERRORS_EMPTY_AND_MEMBER_REFERENCED,$HISTORICAL_GNN_FRAUD_REPO/results/runs_rb15_graphsafe_tta/import_manifest.json,RB09V3_ARTIFACT_FAMILY_180_AND_RB15_CONSUMED_MEMBER,"{""command"":""/kaggle/working/gnn-fraud/scripts/run_multi_dataset_protocol_benchmark.py --datasets dgraphfin --models mlp,gcn,graphsage --protocols strict_inductive,inductive_isolated,transductive --gnn-only --skip-missing-datasets --hidden-channels 64 --num-layers 2 --early-stopping-metric val_f1 --scaler-mode train_only --output-dir results/runs/multi_dataset_protocol --seeds 2,4,6,8,10 --device cuda --execute --prediction-dir results/runs/predictions --export-predictions"",""early_stopping_metric"":""val_f1"",""early_stopping_split"":""validation"",""graph_mode"":""inductive_subgraph"",""scaler_mode"":""train_only"",""split_name"":""t1-14_val15-16_test17-20""}",7cd33aba43c112cc69e7ba19aacbf24515cb670b4ab7099ef66f0d404aadfa2a,CANONICAL_RESULT_COMMAND_AND_FIELDS,$HISTORICAL_GNN_FRAUD_REPO/results/runs_rb09v3/runs.csv,UNRESOLVED_LEGACY_CODE,tree-6fa0cc19d70e7c207c9af5b868d89b1b98ed0ed7,$HISTORICAL_GNN_FRAUD_REPO/results/runs_rb09v3/runs.csv,,,UNRESOLVED,true,"{""device"":""cuda"",""hardware"":""unresolved_from_per_run_record"",""measurement_scope"":""per_run_result_record"",""peak_memory"":null,""runtime_seconds"":124.659}",66e853c90106b4f81363bfadbdc609f7d1d34b949618b75dd9bae22c1969c4e5,
dgraphfin,node_classification,strict_inductive,strict_inductive,graphsage,sage,3,fold0,INDEX_REFERENCED_FILE_MISSING,CANONICAL_PREDICTION_PATH_MISSING;INDEXED_SOURCE_ARCHIVE_MISSING,RB09v3_structure_decay_10seed,$HISTORICAL_GNN_FRAUD_REPO/results/runs_rb09v3/predictions_manifest.json,528152753c1887ae6fa64631fddbd53926938d9e358b7eb4f003ad2c508b2d4e,kaggleoutputs/dgraphfin_10seed_strict_inductive/predictions/dgraphfin__strict_inductive__sage__seed3.csv,,184650300,,,,dgraphfin_10seed_strict_inductive.zip,$HISTORICAL_GNN_FRAUD_REPO/kaggleoutputs/dgraphfin_10seed_strict_inductive.zip,e0055d3482107d16c7d52574b0a32adc1e7ae9236b67dbdf12f57327c0e6bce5,predictions/dgraphfin__strict_inductive__sage__seed3.csv,false,RB09v3,,$HISTORICAL_GNN_FRAUD_REPO/results/runs_rb09v3/runs.csv#dgraphfin:strict_inductive:sage:seed3,d9f77bfd14ccaf157780858e35ecfee96af1e2fbf60f3559ad888d14c0ace2e9,RB15_IMPORT_ERRORS_EMPTY_AND_MEMBER_REFERENCED,$HISTORICAL_GNN_FRAUD_REPO/results/runs_rb15_graphsafe_tta/import_manifest.json,RB09V3_ARTIFACT_FAMILY_180_AND_RB15_CONSUMED_MEMBER,"{""command"":""/kaggle/working/gnn-fraud/scripts/run_multi_dataset_protocol_benchmark.py --datasets dgraphfin --models mlp,gcn,graphsage --protocols strict_inductive,inductive_isolated,transductive --gnn-only --skip-missing-datasets --hidden-channels 64 --num-layers 2 --early-stopping-metric val_f1 --scaler-mode train_only --output-dir results/runs/multi_dataset_protocol --seeds 1,3,5,7,9 --device cuda --execute --prediction-dir results/runs/predictions --export-predictions"",""early_stopping_metric"":""val_f1"",""early_stopping_split"":""validation"",""graph_mode"":""inductive_subgraph"",""scaler_mode"":""train_only"",""split_name"":""t1-14_val15-16_test17-20""}",43e695161bf9a482fdf43850a31aa1c0072b9a8add0b082a0f39c6a36110c3ac,CANONICAL_RESULT_COMMAND_AND_FIELDS,$HISTORICAL_GNN_FRAUD_REPO/results/runs_rb09v3/runs.csv,UNRESOLVED_LEGACY_CODE,tree-6fa0cc19d70e7c207c9af5b868d89b1b98ed0ed7,$HISTORICAL_GNN_FRAUD_REPO/results/runs_rb09v3/runs.csv,,,UNRESOLVED,true,"{""device"":""cuda"",""hardware"":""unresolved_from_per_run_record"",""measurement_scope"":""per_run_result_record"",""peak_memory"":null,""runtime_seconds"":126.437}",04a62f40212fc028ce05dfd1f8ea09b8cf59216c34fa0f0ca46d0d9d4ce61be0,
dgraphfin,node_classification,strict_inductive,strict_inductive,graphsage,sage,4,fold0,INDEX_REFERENCED_FILE_MISSING,CANONICAL_PREDICTION_PATH_MISSING;INDEXED_SOURCE_ARCHIVE_MISSING,RB09v3_structure_decay_10seed,$HISTORICAL_GNN_FRAUD_REPO/results/runs_rb09v3/predictions_manifest.json,528152753c1887ae6fa64631fddbd53926938d9e358b7eb4f003ad2c508b2d4e,kaggleoutputs/dgraphfin_10seed_strict_inductive/predictions/dgraphfin__strict_inductive__sage__seed4.csv,,184650046,,,,dgraphfin_10seed_strict_inductive.zip,$HISTORICAL_GNN_FRAUD_REPO/kaggleoutputs/dgraphfin_10seed_strict_inductive.zip,e0055d3482107d16c7d52574b0a32adc1e7ae9236b67dbdf12f57327c0e6bce5,predictions/dgraphfin__strict_inductive__sage__seed4.csv,false,RB09v3,,$HISTORICAL_GNN_FRAUD_REPO/results/runs_rb09v3/runs.csv#dgraphfin:strict_inductive:sage:seed4,d9f77bfd14ccaf157780858e35ecfee96af1e2fbf60f3559ad888d14c0ace2e9,RB15_IMPORT_ERRORS_EMPTY_AND_MEMBER_REFERENCED,$HISTORICAL_GNN_FRAUD_REPO/results/runs_rb15_graphsafe_tta/import_manifest.json,RB09V3_ARTIFACT_FAMILY_180_AND_RB15_CONSUMED_MEMBER,"{""command"":""/kaggle/working/gnn-fraud/scripts/run_multi_dataset_protocol_benchmark.py --datasets dgraphfin --models mlp,gcn,graphsage --protocols strict_inductive,inductive_isolated,transductive --gnn-only --skip-missing-datasets --hidden-channels 64 --num-layers 2 --early-stopping-metric val_f1 --scaler-mode train_only --output-dir results/runs/multi_dataset_protocol --seeds 2,4,6,8,10 --device cuda --execute --prediction-dir results/runs/predictions --export-predictions"",""early_stopping_metric"":""val_f1"",""early_stopping_split"":""validation"",""graph_mode"":""inductive_subgraph"",""scaler_mode"":""train_only"",""split_name"":""t1-14_val15-16_test17-20""}",7cd33aba43c112cc69e7ba19aacbf24515cb670b4ab7099ef66f0d404aadfa2a,CANONICAL_RESULT_COMMAND_AND_FIELDS,$HISTORICAL_GNN_FRAUD_REPO/results/runs_rb09v3/runs.csv,UNRESOLVED_LEGACY_CODE,tree-6fa0cc19d70e7c207c9af5b868d89b1b98ed0ed7,$HISTORICAL_GNN_FRAUD_REPO/results/runs_rb09v3/runs.csv,,,UNRESOLVED,true,"{""device"":""cuda"",""hardware"":""unresolved_from_per_run_record"",""measurement_scope"":""per_run_result_record"",""peak_memory"":null,""runtime_seconds"":124.821}",6980525005315ec3c08e4dfab012b99d1eee2122b725d2ea2ecec1687522a5c0,
dgraphfin,node_classification,strict_inductive,strict_inductive,graphsage,sage,5,fold0,INDEX_REFERENCED_FILE_MISSING,CANONICAL_PREDICTION_PATH_MISSING;INDEXED_SOURCE_ARCHIVE_MISSING,RB09v3_structure_decay_10seed,$HISTORICAL_GNN_FRAUD_REPO/results/runs_rb09v3/predictions_manifest.json,528152753c1887ae6fa64631fddbd53926938d9e358b7eb4f003ad2c508b2d4e,kaggleoutputs/dgraphfin_10seed_strict_inductive/predictions/dgraphfin__strict_inductive__sage__seed5.csv,,184650250,,,,dgraphfin_10seed_strict_inductive.zip,$HISTORICAL_GNN_FRAUD_REPO/kaggleoutputs/dgraphfin_10seed_strict_inductive.zip,e0055d3482107d16c7d52574b0a32adc1e7ae9236b67dbdf12f57327c0e6bce5,predictions/dgraphfin__strict_inductive__sage__seed5.csv,false,RB09v3,,$HISTORICAL_GNN_FRAUD_REPO/results/runs_rb09v3/runs.csv#dgraphfin:strict_inductive:sage:seed5,d9f77bfd14ccaf157780858e35ecfee96af1e2fbf60f3559ad888d14c0ace2e9,RB15_IMPORT_ERRORS_EMPTY_AND_MEMBER_REFERENCED,$HISTORICAL_GNN_FRAUD_REPO/results/runs_rb15_graphsafe_tta/import_manifest.json,RB09V3_ARTIFACT_FAMILY_180_AND_RB15_CONSUMED_MEMBER,"{""command"":""/kaggle/working/gnn-fraud/scripts/run_multi_dataset_protocol_benchmark.py --datasets dgraphfin --models mlp,gcn,graphsage --protocols strict_inductive,inductive_isolated,transductive --gnn-only --skip-missing-datasets --hidden-channels 64 --num-layers 2 --early-stopping-metric val_f1 --scaler-mode train_only --output-dir results/runs/multi_dataset_protocol --seeds 1,3,5,7,9 --device cuda --execute --prediction-dir results/runs/predictions --export-predictions"",""early_stopping_metric"":""val_f1"",""early_stopping_split"":""validation"",""graph_mode"":""inductive_subgraph"",""scaler_mode"":""train_only"",""split_name"":""t1-14_val15-16_test17-20""}",43e695161bf9a482fdf43850a31aa1c0072b9a8add0b082a0f39c6a36110c3ac,CANONICAL_RESULT_COMMAND_AND_FIELDS,$HISTORICAL_GNN_FRAUD_REPO/results/runs_rb09v3/runs.csv,UNRESOLVED_LEGACY_CODE,tree-6fa0cc19d70e7c207c9af5b868d89b1b98ed0ed7,$HISTORICAL_GNN_FRAUD_REPO/results/runs_rb09v3/runs.csv,,,UNRESOLVED,true,"{""device"":""cuda"",""hardware"":""unresolved_from_per_run_record"",""measurement_scope"":""per_run_result_record"",""peak_memory"":null,""runtime_seconds"":126.429}",b5702d342fa5bdbba06156bf6e1ea8b8d5665f07dd87cd0b7814a28ce7980fe2,
dgraphfin,node_classification,strict_inductive,strict_inductive,graphsage,sage,6,fold0,INDEX_REFERENCED_FILE_MISSING,CANONICAL_PREDICTION_PATH_MISSING;INDEXED_SOURCE_ARCHIVE_MISSING,RB09v3_structure_decay_10seed,$HISTORICAL_GNN_FRAUD_REPO/results/runs_rb09v3/predictions_manifest.json,528152753c1887ae6fa64631fddbd53926938d9e358b7eb4f003ad2c508b2d4e,kaggleoutputs/dgraphfin_10seed_strict_inductive/predictions/dgraphfin__strict_inductive__sage__seed6.csv,,184649834,,,,dgraphfin_10seed_strict_inductive.zip,$HISTORICAL_GNN_FRAUD_REPO/kaggleoutputs/dgraphfin_10seed_strict_inductive.zip,e0055d3482107d16c7d52574b0a32adc1e7ae9236b67dbdf12f57327c0e6bce5,predictions/dgraphfin__strict_inductive__sage__seed6.csv,false,RB09v3,,$HISTORICAL_GNN_FRAUD_REPO/results/runs_rb09v3/runs.csv#dgraphfin:strict_inductive:sage:seed6,d9f77bfd14ccaf157780858e35ecfee96af1e2fbf60f3559ad888d14c0ace2e9,RB15_IMPORT_ERRORS_EMPTY_AND_MEMBER_REFERENCED,$HISTORICAL_GNN_FRAUD_REPO/results/runs_rb15_graphsafe_tta/import_manifest.json,RB09V3_ARTIFACT_FAMILY_180_AND_RB15_CONSUMED_MEMBER,"{""command"":""/kaggle/working/gnn-fraud/scripts/run_multi_dataset_protocol_benchmark.py --datasets dgraphfin --models mlp,gcn,graphsage --protocols strict_inductive,inductive_isolated,transductive --gnn-only --skip-missing-datasets --hidden-channels 64 --num-layers 2 --early-stopping-metric val_f1 --scaler-mode train_only --output-dir results/runs/multi_dataset_protocol --seeds 2,4,6,8,10 --device cuda --execute --prediction-dir results/runs/predictions --export-predictions"",""early_stopping_metric"":""val_f1"",""early_stopping_split"":""validation"",""graph_mode"":""inductive_subgraph"",""scaler_mode"":""train_only"",""split_name"":""t1-14_val15-16_test17-20""}",7cd33aba43c112cc69e7ba19aacbf24515cb670b4ab7099ef66f0d404aadfa2a,CANONICAL_RESULT_COMMAND_AND_FIELDS,$HISTORICAL_GNN_FRAUD_REPO/results/runs_rb09v3/runs.csv,UNRESOLVED_LEGACY_CODE,tree-6fa0cc19d70e7c207c9af5b868d89b1b98ed0ed7,$HISTORICAL_GNN_FRAUD_REPO/results/runs_rb09v3/runs.csv,,,UNRESOLVED,true,"{""device"":""cuda"",""hardware"":""unresolved_from_per_run_record"",""measurement_scope"":""per_run_result_record"",""peak_memory"":null,""runtime_seconds"":124.741}",2e8802ebf6b0081fc29d0c22b0051b5a4c2f35b2745d371099ae528b586680e1,
dgraphfin,node_classification,strict_inductive,strict_inductive,graphsage,sage,7,fold0,INDEX_REFERENCED_FILE_MISSING,CANONICAL_PREDICTION_PATH_MISSING;INDEXED_SOURCE_ARCHIVE_MISSING,RB09v3_structure_decay_10seed,$HISTORICAL_GNN_FRAUD_REPO/results/runs_rb09v3/predictions_manifest.json,528152753c1887ae6fa64631fddbd53926938d9e358b7eb4f003ad2c508b2d4e,kaggleoutputs/dgraphfin_10seed_strict_inductive/predictions/dgraphfin__strict_inductive__sage__seed7.csv,,184649724,,,,dgraphfin_10seed_strict_inductive.zip,$HISTORICAL_GNN_FRAUD_REPO/kaggleoutputs/dgraphfin_10seed_strict_inductive.zip,e0055d3482107d16c7d52574b0a32adc1e7ae9236b67dbdf12f57327c0e6bce5,predictions/dgraphfin__strict_inductive__sage__seed7.csv,false,RB09v3,,$HISTORICAL_GNN_FRAUD_REPO/results/runs_rb09v3/runs.csv#dgraphfin:strict_inductive:sage:seed7,d9f77bfd14ccaf157780858e35ecfee96af1e2fbf60f3559ad888d14c0ace2e9,RB15_IMPORT_ERRORS_EMPTY_AND_MEMBER_REFERENCED,$HISTORICAL_GNN_FRAUD_REPO/results/runs_rb15_graphsafe_tta/import_manifest.json,RB09V3_ARTIFACT_FAMILY_180_AND_RB15_CONSUMED_MEMBER,"{""command"":""/kaggle/working/gnn-fraud/scripts/run_multi_dataset_protocol_benchmark.py --datasets dgraphfin --models mlp,gcn,graphsage --protocols strict_inductive,inductive_isolated,transductive --gnn-only --skip-missing-datasets --hidden-channels 64 --num-layers 2 --early-stopping-metric val_f1 --scaler-mode train_only --output-dir results/runs/multi_dataset_protocol --seeds 1,3,5,7,9 --device cuda --execute --prediction-dir results/runs/predictions --export-predictions"",""early_stopping_metric"":""val_f1"",""early_stopping_split"":""validation"",""graph_mode"":""inductive_subgraph"",""scaler_mode"":""train_only"",""split_name"":""t1-14_val15-16_test17-20""}",43e695161bf9a482fdf43850a31aa1c0072b9a8add0b082a0f39c6a36110c3ac,CANONICAL_RESULT_COMMAND_AND_FIELDS,$HISTORICAL_GNN_FRAUD_REPO/results/runs_rb09v3/runs.csv,UNRESOLVED_LEGACY_CODE,tree-6fa0cc19d70e7c207c9af5b868d89b1b98ed0ed7,$HISTORICAL_GNN_FRAUD_REPO/results/runs_rb09v3/runs.csv,,,UNRESOLVED,true,"{""device"":""cuda"",""hardware"":""unresolved_from_per_run_record"",""measurement_scope"":""per_run_result_record"",""peak_memory"":null,""runtime_seconds"":126.327}",371d24dedaed8f5aaa5666311f33003f96b21f062a06c250337cdbd105949891,
dgraphfin,node_classification,strict_inductive,strict_inductive,graphsage,sage,8,fold0,INDEX_REFERENCED_FILE_MISSING,CANONICAL_PREDICTION_PATH_MISSING;INDEXED_SOURCE_ARCHIVE_MISSING,RB09v3_structure_decay_10seed,$HISTORICAL_GNN_FRAUD_REPO/results/runs_rb09v3/predictions_manifest.json,528152753c1887ae6fa64631fddbd53926938d9e358b7eb4f003ad2c508b2d4e,kaggleoutputs/dgraphfin_10seed_strict_inductive/predictions/dgraphfin__strict_inductive__sage__seed8.csv,,184649623,,,,dgraphfin_10seed_strict_inductive.zip,$HISTORICAL_GNN_FRAUD_REPO/kaggleoutputs/dgraphfin_10seed_strict_inductive.zip,e0055d3482107d16c7d52574b0a32adc1e7ae9236b67dbdf12f57327c0e6bce5,predictions/dgraphfin__strict_inductive__sage__seed8.csv,false,RB09v3,,$HISTORICAL_GNN_FRAUD_REPO/results/runs_rb09v3/runs.csv#dgraphfin:strict_inductive:sage:seed8,d9f77bfd14ccaf157780858e35ecfee96af1e2fbf60f3559ad888d14c0ace2e9,RB15_IMPORT_ERRORS_EMPTY_AND_MEMBER_REFERENCED,$HISTORICAL_GNN_FRAUD_REPO/results/runs_rb15_graphsafe_tta/import_manifest.json,RB09V3_ARTIFACT_FAMILY_180_AND_RB15_CONSUMED_MEMBER,"{""command"":""/kaggle/working/gnn-fraud/scripts/run_multi_dataset_protocol_benchmark.py --datasets dgraphfin --models mlp,gcn,graphsage --protocols strict_inductive,inductive_isolated,transductive --gnn-only --skip-missing-datasets --hidden-channels 64 --num-layers 2 --early-stopping-metric val_f1 --scaler-mode train_only --output-dir results/runs/multi_dataset_protocol --seeds 2,4,6,8,10 --device cuda --execute --prediction-dir results/runs/predictions --export-predictions"",""early_stopping_metric"":""val_f1"",""early_stopping_split"":""validation"",""graph_mode"":""inductive_subgraph"",""scaler_mode"":""train_only"",""split_name"":""t1-14_val15-16_test17-20""}",7cd33aba43c112cc69e7ba19aacbf24515cb670b4ab7099ef66f0d404aadfa2a,CANONICAL_RESULT_COMMAND_AND_FIELDS,$HISTORICAL_GNN_FRAUD_REPO/results/runs_rb09v3/runs.csv,UNRESOLVED_LEGACY_CODE,tree-6fa0cc19d70e7c207c9af5b868d89b1b98ed0ed7,$HISTORICAL_GNN_FRAUD_REPO/results/runs_rb09v3/runs.csv,,,UNRESOLVED,true,"{""device"":""cuda"",""hardware"":""unresolved_from_per_run_record"",""measurement_scope"":""per_run_result_record"",""peak_memory"":null,""runtime_seconds"":124.95}",0b186a0be25b5ec4959d64fd53b3ed52e8891bf60f410da725a164464327432f,
dgraphfin,node_classification,strict_inductive,strict_inductive,graphsage,sage,9,fold0,INDEX_REFERENCED_FILE_MISSING,CANONICAL_PREDICTION_PATH_MISSING;INDEXED_SOURCE_ARCHIVE_MISSING,RB09v3_structure_decay_10seed,$HISTORICAL_GNN_FRAUD_REPO/results/runs_rb09v3/predictions_manifest.json,528152753c1887ae6fa64631fddbd53926938d9e358b7eb4f003ad2c508b2d4e,kaggleoutputs/dgraphfin_10seed_strict_inductive/predictions/dgraphfin__strict_inductive__sage__seed9.csv,,184650212,,,,dgraphfin_10seed_strict_inductive.zip,$HISTORICAL_GNN_FRAUD_REPO/kaggleoutputs/dgraphfin_10seed_strict_inductive.zip,e0055d3482107d16c7d52574b0a32adc1e7ae9236b67dbdf12f57327c0e6bce5,predictions/dgraphfin__strict_inductive__sage__seed9.csv,false,RB09v3,,$HISTORICAL_GNN_FRAUD_REPO/results/runs_rb09v3/runs.csv#dgraphfin:strict_inductive:sage:seed9,d9f77bfd14ccaf157780858e35ecfee96af1e2fbf60f3559ad888d14c0ace2e9,RB15_IMPORT_ERRORS_EMPTY_AND_MEMBER_REFERENCED,$HISTORICAL_GNN_FRAUD_REPO/results/runs_rb15_graphsafe_tta/import_manifest.json,RB09V3_ARTIFACT_FAMILY_180_AND_RB15_CONSUMED_MEMBER,"{""command"":""/kaggle/working/gnn-fraud/scripts/run_multi_dataset_protocol_benchmark.py --datasets dgraphfin --models mlp,gcn,graphsage --protocols strict_inductive,inductive_isolated,transductive --gnn-only --skip-missing-datasets --hidden-channels 64 --num-layers 2 --early-stopping-metric val_f1 --scaler-mode train_only --output-dir results/runs/multi_dataset_protocol --seeds 1,3,5,7,9 --device cuda --execute --prediction-dir results/runs/predictions --export-predictions"",""early_stopping_metric"":""val_f1"",""early_stopping_split"":""validation"",""graph_mode"":""inductive_subgraph"",""scaler_mode"":""train_only"",""split_name"":""t1-14_val15-16_test17-20""}",43e695161bf9a482fdf43850a31aa1c0072b9a8add0b082a0f39c6a36110c3ac,CANONICAL_RESULT_COMMAND_AND_FIELDS,$HISTORICAL_GNN_FRAUD_REPO/results/runs_rb09v3/runs.csv,UNRESOLVED_LEGACY_CODE,tree-6fa0cc19d70e7c207c9af5b868d89b1b98ed0ed7,$HISTORICAL_GNN_FRAUD_REPO/results/runs_rb09v3/runs.csv,,,UNRESOLVED,true,"{""device"":""cuda"",""hardware"":""unresolved_from_per_run_record"",""measurement_scope"":""per_run_result_record"",""peak_memory"":null,""runtime_seconds"":126.413}",72f8da5a4ef491f867cc529f61f2cb9853b3ca742663509a022e9fc3b6f47c66,
dgraphfin,node_classification,strict_inductive,strict_inductive,graphsage,sage,10,fold0,INDEX_REFERENCED_FILE_MISSING,CANONICAL_PREDICTION_PATH_MISSING;INDEXED_SOURCE_ARCHIVE_MISSING,RB09v3_structure_decay_10seed,$HISTORICAL_GNN_FRAUD_REPO/results/runs_rb09v3/predictions_manifest.json,528152753c1887ae6fa64631fddbd53926938d9e358b7eb4f003ad2c508b2d4e,kaggleoutputs/dgraphfin_10seed_strict_inductive/predictions/dgraphfin__strict_inductive__sage__seed10.csv,,187101338,,,,dgraphfin_10seed_strict_inductive.zip,$HISTORICAL_GNN_FRAUD_REPO/kaggleoutputs/dgraphfin_10seed_strict_inductive.zip,e0055d3482107d16c7d52574b0a32adc1e7ae9236b67dbdf12f57327c0e6bce5,predictions/dgraphfin__strict_inductive__sage__seed10.csv,false,RB09v3,,$HISTORICAL_GNN_FRAUD_REPO/results/runs_rb09v3/runs.csv#dgraphfin:strict_inductive:sage:seed10,d9f77bfd14ccaf157780858e35ecfee96af1e2fbf60f3559ad888d14c0ace2e9,RB15_IMPORT_ERRORS_EMPTY_AND_MEMBER_REFERENCED,$HISTORICAL_GNN_FRAUD_REPO/results/runs_rb15_graphsafe_tta/import_manifest.json,RB09V3_ARTIFACT_FAMILY_180_AND_RB15_CONSUMED_MEMBER,"{""command"":""/kaggle/working/gnn-fraud/scripts/run_multi_dataset_protocol_benchmark.py --datasets dgraphfin --models mlp,gcn,graphsage --protocols strict_inductive,inductive_isolated,transductive --gnn-only --skip-missing-datasets --hidden-channels 64 --num-layers 2 --early-stopping-metric val_f1 --scaler-mode train_only --output-dir results/runs/multi_dataset_protocol --seeds 2,4,6,8,10 --device cuda --execute --prediction-dir results/runs/predictions --export-predictions"",""early_stopping_metric"":""val_f1"",""early_stopping_split"":""validation"",""graph_mode"":""inductive_subgraph"",""scaler_mode"":""train_only"",""split_name"":""t1-14_val15-16_test17-20""}",7cd33aba43c112cc69e7ba19aacbf24515cb670b4ab7099ef66f0d404aadfa2a,CANONICAL_RESULT_COMMAND_AND_FIELDS,$HISTORICAL_GNN_FRAUD_REPO/results/runs_rb09v3/runs.csv,UNRESOLVED_LEGACY_CODE,tree-6fa0cc19d70e7c207c9af5b868d89b1b98ed0ed7,$HISTORICAL_GNN_FRAUD_REPO/results/runs_rb09v3/runs.csv,,,UNRESOLVED,true,"{""device"":""cuda"",""hardware"":""unresolved_from_per_run_record"",""measurement_scope"":""per_run_result_record"",""peak_memory"":null,""runtime_seconds"":124.968}",a5d844b3cf5780bdbbf5415fcff227b126057dd172171110cc2b98486df0a0f7,
dgraphfin,node_classification,transductive_structure,transductive,feature_mlp,mlp,1,fold0,INDEX_REFERENCED_FILE_MISSING,CANONICAL_PREDICTION_PATH_MISSING;INDEXED_SOURCE_ARCHIVE_MISSING,RB09v3_structure_decay_10seed,$HISTORICAL_GNN_FRAUD_REPO/results/runs_rb09v3/predictions_manifest.json,528152753c1887ae6fa64631fddbd53926938d9e358b7eb4f003ad2c508b2d4e,kaggleoutputs/dgraphfin_10seed_transductive/predictions/dgraphfin__transductive__mlp__seed1.csv,,172432263,,,,dgraphfin_10seed_transductive.zip,$HISTORICAL_GNN_FRAUD_REPO/kaggleoutputs/dgraphfin_10seed_transductive.zip,6d0167aae53b681bb7ffc037b84c723869ba718f30feb955c333890bfe8783d5,predictions/dgraphfin__transductive__mlp__seed1.csv,false,RB09v3,,$HISTORICAL_GNN_FRAUD_REPO/results/runs_rb09v3/runs.csv#dgraphfin:transductive:mlp:seed1,d9f77bfd14ccaf157780858e35ecfee96af1e2fbf60f3559ad888d14c0ace2e9,RB15_IMPORT_ERRORS_EMPTY_AND_MEMBER_REFERENCED,$HISTORICAL_GNN_FRAUD_REPO/results/runs_rb15_graphsafe_tta/import_manifest.json,RB09V3_ARTIFACT_FAMILY_180_AND_RB15_CONSUMED_MEMBER,"{""command"":""/kaggle/working/gnn-fraud/scripts/run_multi_dataset_protocol_benchmark.py --datasets dgraphfin --models mlp,gcn,graphsage --protocols strict_inductive,inductive_isolated,transductive --gnn-only --skip-missing-datasets --hidden-channels 64 --num-layers 2 --early-stopping-metric val_f1 --scaler-mode train_only --output-dir results/runs/multi_dataset_protocol --seeds 1,3,5,7,9 --device cuda --execute --prediction-dir results/runs/predictions --export-predictions"",""early_stopping_metric"":""val_f1"",""early_stopping_split"":""validation"",""graph_mode"":""full_graph"",""scaler_mode"":""train_only"",""split_name"":""t1-14_val15-16_test17-20""}",038ce1d04bb65dadd4a084c4bfdcc7340c3922b54961b4f3d86af4b9ca5e9b84,CANONICAL_RESULT_COMMAND_AND_FIELDS,$HISTORICAL_GNN_FRAUD_REPO/results/runs_rb09v3/runs.csv,UNRESOLVED_LEGACY_CODE,tree-6fa0cc19d70e7c207c9af5b868d89b1b98ed0ed7,$HISTORICAL_GNN_FRAUD_REPO/results/runs_rb09v3/runs.csv,,,UNRESOLVED,true,"{""device"":""cuda"",""hardware"":""unresolved_from_per_run_record"",""measurement_scope"":""per_run_result_record"",""peak_memory"":null,""runtime_seconds"":33.484}",eed58c3cebb40733db2d9ee011beefc10361600a92b63531401bd0c03acc3f64,
dgraphfin,node_classification,transductive_structure,transductive,feature_mlp,mlp,2,fold0,INDEX_REFERENCED_FILE_MISSING,CANONICAL_PREDICTION_PATH_MISSING;INDEXED_SOURCE_ARCHIVE_MISSING,RB09v3_structure_decay_10seed,$HISTORICAL_GNN_FRAUD_REPO/results/runs_rb09v3/predictions_manifest.json,528152753c1887ae6fa64631fddbd53926938d9e358b7eb4f003ad2c508b2d4e,kaggleoutputs/dgraphfin_10seed_transductive/predictions/dgraphfin__transductive__mlp__seed2.csv,,172442510,,,,dgraphfin_10seed_transductive.zip,$HISTORICAL_GNN_FRAUD_REPO/kaggleoutputs/dgraphfin_10seed_transductive.zip,6d0167aae53b681bb7ffc037b84c723869ba718f30feb955c333890bfe8783d5,predictions/dgraphfin__transductive__mlp__seed2.csv,false,RB09v3,,$HISTORICAL_GNN_FRAUD_REPO/results/runs_rb09v3/runs.csv#dgraphfin:transductive:mlp:seed2,d9f77bfd14ccaf157780858e35ecfee96af1e2fbf60f3559ad888d14c0ace2e9,RB15_IMPORT_ERRORS_EMPTY_AND_MEMBER_REFERENCED,$HISTORICAL_GNN_FRAUD_REPO/results/runs_rb15_graphsafe_tta/import_manifest.json,RB09V3_ARTIFACT_FAMILY_180_AND_RB15_CONSUMED_MEMBER,"{""command"":""/kaggle/working/gnn-fraud/scripts/run_multi_dataset_protocol_benchmark.py --datasets dgraphfin --models mlp,gcn,graphsage --protocols strict_inductive,inductive_isolated,transductive --gnn-only --skip-missing-datasets --hidden-channels 64 --num-layers 2 --early-stopping-metric val_f1 --scaler-mode train_only --output-dir results/runs/multi_dataset_protocol --seeds 2,4,6,8,10 --device cuda --execute --prediction-dir results/runs/predictions --export-predictions"",""early_stopping_metric"":""val_f1"",""early_stopping_split"":""validation"",""graph_mode"":""full_graph"",""scaler_mode"":""train_only"",""split_name"":""t1-14_val15-16_test17-20""}",cd937cc8596356df6b101d2b90a03884c640b030e42279298ae241328c5a2db9,CANONICAL_RESULT_COMMAND_AND_FIELDS,$HISTORICAL_GNN_FRAUD_REPO/results/runs_rb09v3/runs.csv,UNRESOLVED_LEGACY_CODE,tree-6fa0cc19d70e7c207c9af5b868d89b1b98ed0ed7,$HISTORICAL_GNN_FRAUD_REPO/results/runs_rb09v3/runs.csv,,,UNRESOLVED,true,"{""device"":""cuda"",""hardware"":""unresolved_from_per_run_record"",""measurement_scope"":""per_run_result_record"",""peak_memory"":null,""runtime_seconds"":32.925}",3250e3f29376680d3e4f213881bd0676a5a9dc7f61c486e47fb442c30775dfc3,
dgraphfin,node_classification,transductive_structure,transductive,feature_mlp,mlp,3,fold0,INDEX_REFERENCED_FILE_MISSING,CANONICAL_PREDICTION_PATH_MISSING;INDEXED_SOURCE_ARCHIVE_MISSING,RB09v3_structure_decay_10seed,$HISTORICAL_GNN_FRAUD_REPO/results/runs_rb09v3/predictions_manifest.json,528152753c1887ae6fa64631fddbd53926938d9e358b7eb4f003ad2c508b2d4e,kaggleoutputs/dgraphfin_10seed_transductive/predictions/dgraphfin__transductive__mlp__seed3.csv,,172398355,,,,dgraphfin_10seed_transductive.zip,$HISTORICAL_GNN_FRAUD_REPO/kaggleoutputs/dgraphfin_10seed_transductive.zip,6d0167aae53b681bb7ffc037b84c723869ba718f30feb955c333890bfe8783d5,predictions/dgraphfin__transductive__mlp__seed3.csv,false,RB09v3,,$HISTORICAL_GNN_FRAUD_REPO/results/runs_rb09v3/runs.csv#dgraphfin:transductive:mlp:seed3,d9f77bfd14ccaf157780858e35ecfee96af1e2fbf60f3559ad888d14c0ace2e9,RB15_IMPORT_ERRORS_EMPTY_AND_MEMBER_REFERENCED,$HISTORICAL_GNN_FRAUD_REPO/results/runs_rb15_graphsafe_tta/import_manifest.json,RB09V3_ARTIFACT_FAMILY_180_AND_RB15_CONSUMED_MEMBER,"{""command"":""/kaggle/working/gnn-fraud/scripts/run_multi_dataset_protocol_benchmark.py --datasets dgraphfin --models mlp,gcn,graphsage --protocols strict_inductive,inductive_isolated,transductive --gnn-only --skip-missing-datasets --hidden-channels 64 --num-layers 2 --early-stopping-metric val_f1 --scaler-mode train_only --output-dir results/runs/multi_dataset_protocol --seeds 1,3,5,7,9 --device cuda --execute --prediction-dir results/runs/predictions --export-predictions"",""early_stopping_metric"":""val_f1"",""early_stopping_split"":""validation"",""graph_mode"":""full_graph"",""scaler_mode"":""train_only"",""split_name"":""t1-14_val15-16_test17-20""}",038ce1d04bb65dadd4a084c4bfdcc7340c3922b54961b4f3d86af4b9ca5e9b84,CANONICAL_RESULT_COMMAND_AND_FIELDS,$HISTORICAL_GNN_FRAUD_REPO/results/runs_rb09v3/runs.csv,UNRESOLVED_LEGACY_CODE,tree-6fa0cc19d70e7c207c9af5b868d89b1b98ed0ed7,$HISTORICAL_GNN_FRAUD_REPO/results/runs_rb09v3/runs.csv,,,UNRESOLVED,true,"{""device"":""cuda"",""hardware"":""unresolved_from_per_run_record"",""measurement_scope"":""per_run_result_record"",""peak_memory"":null,""runtime_seconds"":33.4}",72c3fdf4bbf51160ea29f63d9867a687ef0944742fc7a2cd965a53e2658063f8,
dgraphfin,node_classification,transductive_structure,transductive,feature_mlp,mlp,4,fold0,INDEX_REFERENCED_FILE_MISSING,CANONICAL_PREDICTION_PATH_MISSING;INDEXED_SOURCE_ARCHIVE_MISSING,RB09v3_structure_decay_10seed,$HISTORICAL_GNN_FRAUD_REPO/results/runs_rb09v3/predictions_manifest.json,528152753c1887ae6fa64631fddbd53926938d9e358b7eb4f003ad2c508b2d4e,kaggleoutputs/dgraphfin_10seed_transductive/predictions/dgraphfin__transductive__mlp__seed4.csv,,172403384,,,,dgraphfin_10seed_transductive.zip,$HISTORICAL_GNN_FRAUD_REPO/kaggleoutputs/dgraphfin_10seed_transductive.zip,6d0167aae53b681bb7ffc037b84c723869ba718f30feb955c333890bfe8783d5,predictions/dgraphfin__transductive__mlp__seed4.csv,false,RB09v3,,$HISTORICAL_GNN_FRAUD_REPO/results/runs_rb09v3/runs.csv#dgraphfin:transductive:mlp:seed4,d9f77bfd14ccaf157780858e35ecfee96af1e2fbf60f3559ad888d14c0ace2e9,RB15_IMPORT_ERRORS_EMPTY_AND_MEMBER_REFERENCED,$HISTORICAL_GNN_FRAUD_REPO/results/runs_rb15_graphsafe_tta/import_manifest.json,RB09V3_ARTIFACT_FAMILY_180_AND_RB15_CONSUMED_MEMBER,"{""command"":""/kaggle/working/gnn-fraud/scripts/run_multi_dataset_protocol_benchmark.py --datasets dgraphfin --models mlp,gcn,graphsage --protocols strict_inductive,inductive_isolated,transductive --gnn-only --skip-missing-datasets --hidden-channels 64 --num-layers 2 --early-stopping-metric val_f1 --scaler-mode train_only --output-dir results/runs/multi_dataset_protocol --seeds 2,4,6,8,10 --device cuda --execute --prediction-dir results/runs/predictions --export-predictions"",""early_stopping_metric"":""val_f1"",""early_stopping_split"":""validation"",""graph_mode"":""full_graph"",""scaler_mode"":""train_only"",""split_name"":""t1-14_val15-16_test17-20""}",cd937cc8596356df6b101d2b90a03884c640b030e42279298ae241328c5a2db9,CANONICAL_RESULT_COMMAND_AND_FIELDS,$HISTORICAL_GNN_FRAUD_REPO/results/runs_rb09v3/runs.csv,UNRESOLVED_LEGACY_CODE,tree-6fa0cc19d70e7c207c9af5b868d89b1b98ed0ed7,$HISTORICAL_GNN_FRAUD_REPO/results/runs_rb09v3/runs.csv,,,UNRESOLVED,true,"{""device"":""cuda"",""hardware"":""unresolved_from_per_run_record"",""measurement_scope"":""per_run_result_record"",""peak_memory"":null,""runtime_seconds"":32.556}",34112f56c3d1d4f940ab02763b71f3d1fb7affdaf15b72acd66e38a4bb69901b,
dgraphfin,node_classification,transductive_structure,transductive,feature_mlp,mlp,5,fold0,INDEX_REFERENCED_FILE_MISSING,CANONICAL_PREDICTION_PATH_MISSING;INDEXED_SOURCE_ARCHIVE_MISSING,RB09v3_structure_decay_10seed,$HISTORICAL_GNN_FRAUD_REPO/results/runs_rb09v3/predictions_manifest.json,528152753c1887ae6fa64631fddbd53926938d9e358b7eb4f003ad2c508b2d4e,kaggleoutputs/dgraphfin_10seed_transductive/predictions/dgraphfin__transductive__mlp__seed5.csv,,172419374,,,,dgraphfin_10seed_transductive.zip,$HISTORICAL_GNN_FRAUD_REPO/kaggleoutputs/dgraphfin_10seed_transductive.zip,6d0167aae53b681bb7ffc037b84c723869ba718f30feb955c333890bfe8783d5,predictions/dgraphfin__transductive__mlp__seed5.csv,false,RB09v3,,$HISTORICAL_GNN_FRAUD_REPO/results/runs_rb09v3/runs.csv#dgraphfin:transductive:mlp:seed5,d9f77bfd14ccaf157780858e35ecfee96af1e2fbf60f3559ad888d14c0ace2e9,RB15_IMPORT_ERRORS_EMPTY_AND_MEMBER_REFERENCED,$HISTORICAL_GNN_FRAUD_REPO/results/runs_rb15_graphsafe_tta/import_manifest.json,RB09V3_ARTIFACT_FAMILY_180_AND_RB15_CONSUMED_MEMBER,"{""command"":""/kaggle/working/gnn-fraud/scripts/run_multi_dataset_protocol_benchmark.py --datasets dgraphfin --models mlp,gcn,graphsage --protocols strict_inductive,inductive_isolated,transductive --gnn-only --skip-missing-datasets --hidden-channels 64 --num-layers 2 --early-stopping-metric val_f1 --scaler-mode train_only --output-dir results/runs/multi_dataset_protocol --seeds 1,3,5,7,9 --device cuda --execute --prediction-dir results/runs/predictions --export-predictions"",""early_stopping_metric"":""val_f1"",""early_stopping_split"":""validation"",""graph_mode"":""full_graph"",""scaler_mode"":""train_only"",""split_name"":""t1-14_val15-16_test17-20""}",038ce1d04bb65dadd4a084c4bfdcc7340c3922b54961b4f3d86af4b9ca5e9b84,CANONICAL_RESULT_COMMAND_AND_FIELDS,$HISTORICAL_GNN_FRAUD_REPO/results/runs_rb09v3/runs.csv,UNRESOLVED_LEGACY_CODE,tree-6fa0cc19d70e7c207c9af5b868d89b1b98ed0ed7,$HISTORICAL_GNN_FRAUD_REPO/results/runs_rb09v3/runs.csv,,,UNRESOLVED,true,"{""device"":""cuda"",""hardware"":""unresolved_from_per_run_record"",""measurement_scope"":""per_run_result_record"",""peak_memory"":null,""runtime_seconds"":33.326}",50d3faeb48be6e226d83e9fdabb8b6beb564bfd5a129da4d3e9ba12a20bca9a3,
dgraphfin,node_classification,transductive_structure,transductive,feature_mlp,mlp,6,fold0,INDEX_REFERENCED_FILE_MISSING,CANONICAL_PREDICTION_PATH_MISSING;INDEXED_SOURCE_ARCHIVE_MISSING,RB09v3_structure_decay_10seed,$HISTORICAL_GNN_FRAUD_REPO/results/runs_rb09v3/predictions_manifest.json,528152753c1887ae6fa64631fddbd53926938d9e358b7eb4f003ad2c508b2d4e,kaggleoutputs/dgraphfin_10seed_transductive/predictions/dgraphfin__transductive__mlp__seed6.csv,,172379291,,,,dgraphfin_10seed_transductive.zip,$HISTORICAL_GNN_FRAUD_REPO/kaggleoutputs/dgraphfin_10seed_transductive.zip,6d0167aae53b681bb7ffc037b84c723869ba718f30feb955c333890bfe8783d5,predictions/dgraphfin__transductive__mlp__seed6.csv,false,RB09v3,,$HISTORICAL_GNN_FRAUD_REPO/results/runs_rb09v3/runs.csv#dgraphfin:transductive:mlp:seed6,d9f77bfd14ccaf157780858e35ecfee96af1e2fbf60f3559ad888d14c0ace2e9,RB15_IMPORT_ERRORS_EMPTY_AND_MEMBER_REFERENCED,$HISTORICAL_GNN_FRAUD_REPO/results/runs_rb15_graphsafe_tta/import_manifest.json,RB09V3_ARTIFACT_FAMILY_180_AND_RB15_CONSUMED_MEMBER,"{""command"":""/kaggle/working/gnn-fraud/scripts/run_multi_dataset_protocol_benchmark.py --datasets dgraphfin --models mlp,gcn,graphsage --protocols strict_inductive,inductive_isolated,transductive --gnn-only --skip-missing-datasets --hidden-channels 64 --num-layers 2 --early-stopping-metric val_f1 --scaler-mode train_only --output-dir results/runs/multi_dataset_protocol --seeds 2,4,6,8,10 --device cuda --execute --prediction-dir results/runs/predictions --export-predictions"",""early_stopping_metric"":""val_f1"",""early_stopping_split"":""validation"",""graph_mode"":""full_graph"",""scaler_mode"":""train_only"",""split_name"":""t1-14_val15-16_test17-20""}",cd937cc8596356df6b101d2b90a03884c640b030e42279298ae241328c5a2db9,CANONICAL_RESULT_COMMAND_AND_FIELDS,$HISTORICAL_GNN_FRAUD_REPO/results/runs_rb09v3/runs.csv,UNRESOLVED_LEGACY_CODE,tree-6fa0cc19d70e7c207c9af5b868d89b1b98ed0ed7,$HISTORICAL_GNN_FRAUD_REPO/results/runs_rb09v3/runs.csv,,,UNRESOLVED,true,"{""device"":""cuda"",""hardware"":""unresolved_from_per_run_record"",""measurement_scope"":""per_run_result_record"",""peak_memory"":null,""runtime_seconds"":32.697}",7d260762a2ef82545982e0458ff5f2a2fc11ada5a8fb769ff2c28bd88590332b,
dgraphfin,node_classification,transductive_structure,transductive,feature_mlp,mlp,7,fold0,INDEX_REFERENCED_FILE_MISSING,CANONICAL_PREDICTION_PATH_MISSING;INDEXED_SOURCE_ARCHIVE_MISSING,RB09v3_structure_decay_10seed,$HISTORICAL_GNN_FRAUD_REPO/results/runs_rb09v3/predictions_manifest.json,528152753c1887ae6fa64631fddbd53926938d9e358b7eb4f003ad2c508b2d4e,kaggleoutputs/dgraphfin_10seed_transductive/predictions/dgraphfin__transductive__mlp__seed7.csv,,172365621,,,,dgraphfin_10seed_transductive.zip,$HISTORICAL_GNN_FRAUD_REPO/kaggleoutputs/dgraphfin_10seed_transductive.zip,6d0167aae53b681bb7ffc037b84c723869ba718f30feb955c333890bfe8783d5,predictions/dgraphfin__transductive__mlp__seed7.csv,false,RB09v3,,$HISTORICAL_GNN_FRAUD_REPO/results/runs_rb09v3/runs.csv#dgraphfin:transductive:mlp:seed7,d9f77bfd14ccaf157780858e35ecfee96af1e2fbf60f3559ad888d14c0ace2e9,RB15_IMPORT_ERRORS_EMPTY_AND_MEMBER_REFERENCED,$HISTORICAL_GNN_FRAUD_REPO/results/runs_rb15_graphsafe_tta/import_manifest.json,RB09V3_ARTIFACT_FAMILY_180_AND_RB15_CONSUMED_MEMBER,"{""command"":""/kaggle/working/gnn-fraud/scripts/run_multi_dataset_protocol_benchmark.py --datasets dgraphfin --models mlp,gcn,graphsage --protocols strict_inductive,inductive_isolated,transductive --gnn-only --skip-missing-datasets --hidden-channels 64 --num-layers 2 --early-stopping-metric val_f1 --scaler-mode train_only --output-dir results/runs/multi_dataset_protocol --seeds 1,3,5,7,9 --device cuda --execute --prediction-dir results/runs/predictions --export-predictions"",""early_stopping_metric"":""val_f1"",""early_stopping_split"":""validation"",""graph_mode"":""full_graph"",""scaler_mode"":""train_only"",""split_name"":""t1-14_val15-16_test17-20""}",038ce1d04bb65dadd4a084c4bfdcc7340c3922b54961b4f3d86af4b9ca5e9b84,CANONICAL_RESULT_COMMAND_AND_FIELDS,$HISTORICAL_GNN_FRAUD_REPO/results/runs_rb09v3/runs.csv,UNRESOLVED_LEGACY_CODE,tree-6fa0cc19d70e7c207c9af5b868d89b1b98ed0ed7,$HISTORICAL_GNN_FRAUD_REPO/results/runs_rb09v3/runs.csv,,,UNRESOLVED,true,"{""device"":""cuda"",""hardware"":""unresolved_from_per_run_record"",""measurement_scope"":""per_run_result_record"",""peak_memory"":null,""runtime_seconds"":33.43}",a0090dd11814bdda9d64f6faf6d92a8995220c0a67ef6b90afb521b30cfb4743,
dgraphfin,node_classification,transductive_structure,transductive,feature_mlp,mlp,8,fold0,INDEX_REFERENCED_FILE_MISSING,CANONICAL_PREDICTION_PATH_MISSING;INDEXED_SOURCE_ARCHIVE_MISSING,RB09v3_structure_decay_10seed,$HISTORICAL_GNN_FRAUD_REPO/results/runs_rb09v3/predictions_manifest.json,528152753c1887ae6fa64631fddbd53926938d9e358b7eb4f003ad2c508b2d4e,kaggleoutputs/dgraphfin_10seed_transductive/predictions/dgraphfin__transductive__mlp__seed8.csv,,172356034,,,,dgraphfin_10seed_transductive.zip,$HISTORICAL_GNN_FRAUD_REPO/kaggleoutputs/dgraphfin_10seed_transductive.zip,6d0167aae53b681bb7ffc037b84c723869ba718f30feb955c333890bfe8783d5,predictions/dgraphfin__transductive__mlp__seed8.csv,false,RB09v3,,$HISTORICAL_GNN_FRAUD_REPO/results/runs_rb09v3/runs.csv#dgraphfin:transductive:mlp:seed8,d9f77bfd14ccaf157780858e35ecfee96af1e2fbf60f3559ad888d14c0ace2e9,RB15_IMPORT_ERRORS_EMPTY_AND_MEMBER_REFERENCED,$HISTORICAL_GNN_FRAUD_REPO/results/runs_rb15_graphsafe_tta/import_manifest.json,RB09V3_ARTIFACT_FAMILY_180_AND_RB15_CONSUMED_MEMBER,"{""command"":""/kaggle/working/gnn-fraud/scripts/run_multi_dataset_protocol_benchmark.py --datasets dgraphfin --models mlp,gcn,graphsage --protocols strict_inductive,inductive_isolated,transductive --gnn-only --skip-missing-datasets --hidden-channels 64 --num-layers 2 --early-stopping-metric val_f1 --scaler-mode train_only --output-dir results/runs/multi_dataset_protocol --seeds 2,4,6,8,10 --device cuda --execute --prediction-dir results/runs/predictions --export-predictions"",""early_stopping_metric"":""val_f1"",""early_stopping_split"":""validation"",""graph_mode"":""full_graph"",""scaler_mode"":""train_only"",""split_name"":""t1-14_val15-16_test17-20""}",cd937cc8596356df6b101d2b90a03884c640b030e42279298ae241328c5a2db9,CANONICAL_RESULT_COMMAND_AND_FIELDS,$HISTORICAL_GNN_FRAUD_REPO/results/runs_rb09v3/runs.csv,UNRESOLVED_LEGACY_CODE,tree-6fa0cc19d70e7c207c9af5b868d89b1b98ed0ed7,$HISTORICAL_GNN_FRAUD_REPO/results/runs_rb09v3/runs.csv,,,UNRESOLVED,true,"{""device"":""cuda"",""hardware"":""unresolved_from_per_run_record"",""measurement_scope"":""per_run_result_record"",""peak_memory"":null,""runtime_seconds"":32.697}",fac08da08fd89e0b0d2ef50272d1b7866503e0de38f9bc1614cff6fb7eb925b3,
dgraphfin,node_classification,transductive_structure,transductive,feature_mlp,mlp,9,fold0,INDEX_REFERENCED_FILE_MISSING,CANONICAL_PREDICTION_PATH_MISSING;INDEXED_SOURCE_ARCHIVE_MISSING,RB09v3_structure_decay_10seed,$HISTORICAL_GNN_FRAUD_REPO/results/runs_rb09v3/predictions_manifest.json,528152753c1887ae6fa64631fddbd53926938d9e358b7eb4f003ad2c508b2d4e,kaggleoutputs/dgraphfin_10seed_transductive/predictions/dgraphfin__transductive__mlp__seed9.csv,,172426938,,,,dgraphfin_10seed_transductive.zip,$HISTORICAL_GNN_FRAUD_REPO/kaggleoutputs/dgraphfin_10seed_transductive.zip,6d0167aae53b681bb7ffc037b84c723869ba718f30feb955c333890bfe8783d5,predictions/dgraphfin__transductive__mlp__seed9.csv,false,RB09v3,,$HISTORICAL_GNN_FRAUD_REPO/results/runs_rb09v3/runs.csv#dgraphfin:transductive:mlp:seed9,d9f77bfd14ccaf157780858e35ecfee96af1e2fbf60f3559ad888d14c0ace2e9,RB15_IMPORT_ERRORS_EMPTY_AND_MEMBER_REFERENCED,$HISTORICAL_GNN_FRAUD_REPO/results/runs_rb15_graphsafe_tta/import_manifest.json,RB09V3_ARTIFACT_FAMILY_180_AND_RB15_CONSUMED_MEMBER,"{""command"":""/kaggle/working/gnn-fraud/scripts/run_multi_dataset_protocol_benchmark.py --datasets dgraphfin --models mlp,gcn,graphsage --protocols strict_inductive,inductive_isolated,transductive --gnn-only --skip-missing-datasets --hidden-channels 64 --num-layers 2 --early-stopping-metric val_f1 --scaler-mode train_only --output-dir results/runs/multi_dataset_protocol --seeds 1,3,5,7,9 --device cuda --execute --prediction-dir results/runs/predictions --export-predictions"",""early_stopping_metric"":""val_f1"",""early_stopping_split"":""validation"",""graph_mode"":""full_graph"",""scaler_mode"":""train_only"",""split_name"":""t1-14_val15-16_test17-20""}",038ce1d04bb65dadd4a084c4bfdcc7340c3922b54961b4f3d86af4b9ca5e9b84,CANONICAL_RESULT_COMMAND_AND_FIELDS,$HISTORICAL_GNN_FRAUD_REPO/results/runs_rb09v3/runs.csv,UNRESOLVED_LEGACY_CODE,tree-6fa0cc19d70e7c207c9af5b868d89b1b98ed0ed7,$HISTORICAL_GNN_FRAUD_REPO/results/runs_rb09v3/runs.csv,,,UNRESOLVED,true,"{""device"":""cuda"",""hardware"":""unresolved_from_per_run_record"",""measurement_scope"":""per_run_result_record"",""peak_memory"":null,""runtime_seconds"":33.267}",a4b7a938a4af8cd1b9149132876f89ec2efc20a8878c3d3a92c37c91d6a7943b,
dgraphfin,node_classification,transductive_structure,transductive,feature_mlp,mlp,10,fold0,INDEX_REFERENCED_FILE_MISSING,CANONICAL_PREDICTION_PATH_MISSING;INDEXED_SOURCE_ARCHIVE_MISSING,RB09v3_structure_decay_10seed,$HISTORICAL_GNN_FRAUD_REPO/results/runs_rb09v3/predictions_manifest.json,528152753c1887ae6fa64631fddbd53926938d9e358b7eb4f003ad2c508b2d4e,kaggleoutputs/dgraphfin_10seed_transductive/predictions/dgraphfin__transductive__mlp__seed10.csv,,174848261,,,,dgraphfin_10seed_transductive.zip,$HISTORICAL_GNN_FRAUD_REPO/kaggleoutputs/dgraphfin_10seed_transductive.zip,6d0167aae53b681bb7ffc037b84c723869ba718f30feb955c333890bfe8783d5,predictions/dgraphfin__transductive__mlp__seed10.csv,false,RB09v3,,$HISTORICAL_GNN_FRAUD_REPO/results/runs_rb09v3/runs.csv#dgraphfin:transductive:mlp:seed10,d9f77bfd14ccaf157780858e35ecfee96af1e2fbf60f3559ad888d14c0ace2e9,RB15_IMPORT_ERRORS_EMPTY_AND_MEMBER_REFERENCED,$HISTORICAL_GNN_FRAUD_REPO/results/runs_rb15_graphsafe_tta/import_manifest.json,RB09V3_ARTIFACT_FAMILY_180_AND_RB15_CONSUMED_MEMBER,"{""command"":""/kaggle/working/gnn-fraud/scripts/run_multi_dataset_protocol_benchmark.py --datasets dgraphfin --models mlp,gcn,graphsage --protocols strict_inductive,inductive_isolated,transductive --gnn-only --skip-missing-datasets --hidden-channels 64 --num-layers 2 --early-stopping-metric val_f1 --scaler-mode train_only --output-dir results/runs/multi_dataset_protocol --seeds 2,4,6,8,10 --device cuda --execute --prediction-dir results/runs/predictions --export-predictions"",""early_stopping_metric"":""val_f1"",""early_stopping_split"":""validation"",""graph_mode"":""full_graph"",""scaler_mode"":""train_only"",""split_name"":""t1-14_val15-16_test17-20""}",cd937cc8596356df6b101d2b90a03884c640b030e42279298ae241328c5a2db9,CANONICAL_RESULT_COMMAND_AND_FIELDS,$HISTORICAL_GNN_FRAUD_REPO/results/runs_rb09v3/runs.csv,UNRESOLVED_LEGACY_CODE,tree-6fa0cc19d70e7c207c9af5b868d89b1b98ed0ed7,$HISTORICAL_GNN_FRAUD_REPO/results/runs_rb09v3/runs.csv,,,UNRESOLVED,true,"{""device"":""cuda"",""hardware"":""unresolved_from_per_run_record"",""measurement_scope"":""per_run_result_record"",""peak_memory"":null,""runtime_seconds"":32.633}",2dba41dd2ce583977274866dc563dc4a2c1e70802e8507db48ca76f43486f3aa,
dgraphfin,node_classification,transductive_structure,transductive,gcn,gcn,1,fold0,INDEX_REFERENCED_FILE_MISSING,CANONICAL_PREDICTION_PATH_MISSING;INDEXED_SOURCE_ARCHIVE_MISSING,RB09v3_structure_decay_10seed,$HISTORICAL_GNN_FRAUD_REPO/results/runs_rb09v3/predictions_manifest.json,528152753c1887ae6fa64631fddbd53926938d9e358b7eb4f003ad2c508b2d4e,kaggleoutputs/dgraphfin_10seed_transductive/predictions/dgraphfin__transductive__gcn__seed1.csv,,172393623,,,,dgraphfin_10seed_transductive.zip,$HISTORICAL_GNN_FRAUD_REPO/kaggleoutputs/dgraphfin_10seed_transductive.zip,6d0167aae53b681bb7ffc037b84c723869ba718f30feb955c333890bfe8783d5,predictions/dgraphfin__transductive__gcn__seed1.csv,false,RB09v3,,$HISTORICAL_GNN_FRAUD_REPO/results/runs_rb09v3/runs.csv#dgraphfin:transductive:gcn:seed1,d9f77bfd14ccaf157780858e35ecfee96af1e2fbf60f3559ad888d14c0ace2e9,RB15_IMPORT_ERRORS_EMPTY_AND_MEMBER_REFERENCED,$HISTORICAL_GNN_FRAUD_REPO/results/runs_rb15_graphsafe_tta/import_manifest.json,RB09V3_ARTIFACT_FAMILY_180_AND_RB15_CONSUMED_MEMBER,"{""command"":""/kaggle/working/gnn-fraud/scripts/run_multi_dataset_protocol_benchmark.py --datasets dgraphfin --models mlp,gcn,graphsage --protocols strict_inductive,inductive_isolated,transductive --gnn-only --skip-missing-datasets --hidden-channels 64 --num-layers 2 --early-stopping-metric val_f1 --scaler-mode train_only --output-dir results/runs/multi_dataset_protocol --seeds 1,3,5,7,9 --device cuda --execute --prediction-dir results/runs/predictions --export-predictions"",""early_stopping_metric"":""val_f1"",""early_stopping_split"":""validation"",""graph_mode"":""full_graph"",""scaler_mode"":""train_only"",""split_name"":""t1-14_val15-16_test17-20""}",038ce1d04bb65dadd4a084c4bfdcc7340c3922b54961b4f3d86af4b9ca5e9b84,CANONICAL_RESULT_COMMAND_AND_FIELDS,$HISTORICAL_GNN_FRAUD_REPO/results/runs_rb09v3/runs.csv,UNRESOLVED_LEGACY_CODE,tree-6fa0cc19d70e7c207c9af5b868d89b1b98ed0ed7,$HISTORICAL_GNN_FRAUD_REPO/results/runs_rb09v3/runs.csv,,,UNRESOLVED,true,"{""device"":""cuda"",""hardware"":""unresolved_from_per_run_record"",""measurement_scope"":""per_run_result_record"",""peak_memory"":null,""runtime_seconds"":160.89}",5aae92d61737ddc2e75df663f8394ad244ad2f833d759179553e487a0a301514,
dgraphfin,node_classification,transductive_structure,transductive,gcn,gcn,2,fold0,INDEX_REFERENCED_FILE_MISSING,CANONICAL_PREDICTION_PATH_MISSING;INDEXED_SOURCE_ARCHIVE_MISSING,RB09v3_structure_decay_10seed,$HISTORICAL_GNN_FRAUD_REPO/results/runs_rb09v3/predictions_manifest.json,528152753c1887ae6fa64631fddbd53926938d9e358b7eb4f003ad2c508b2d4e,kaggleoutputs/dgraphfin_10seed_transductive/predictions/dgraphfin__transductive__gcn__seed2.csv,,172394359,,,,dgraphfin_10seed_transductive.zip,$HISTORICAL_GNN_FRAUD_REPO/kaggleoutputs/dgraphfin_10seed_transductive.zip,6d0167aae53b681bb7ffc037b84c723869ba718f30feb955c333890bfe8783d5,predictions/dgraphfin__transductive__gcn__seed2.csv,false,RB09v3,,$HISTORICAL_GNN_FRAUD_REPO/results/runs_rb09v3/runs.csv#dgraphfin:transductive:gcn:seed2,d9f77bfd14ccaf157780858e35ecfee96af1e2fbf60f3559ad888d14c0ace2e9,RB15_IMPORT_ERRORS_EMPTY_AND_MEMBER_REFERENCED,$HISTORICAL_GNN_FRAUD_REPO/results/runs_rb15_graphsafe_tta/import_manifest.json,RB09V3_ARTIFACT_FAMILY_180_AND_RB15_CONSUMED_MEMBER,"{""command"":""/kaggle/working/gnn-fraud/scripts/run_multi_dataset_protocol_benchmark.py --datasets dgraphfin --models mlp,gcn,graphsage --protocols strict_inductive,inductive_isolated,transductive --gnn-only --skip-missing-datasets --hidden-channels 64 --num-layers 2 --early-stopping-metric val_f1 --scaler-mode train_only --output-dir results/runs/multi_dataset_protocol --seeds 2,4,6,8,10 --device cuda --execute --prediction-dir results/runs/predictions --export-predictions"",""early_stopping_metric"":""val_f1"",""early_stopping_split"":""validation"",""graph_mode"":""full_graph"",""scaler_mode"":""train_only"",""split_name"":""t1-14_val15-16_test17-20""}",cd937cc8596356df6b101d2b90a03884c640b030e42279298ae241328c5a2db9,CANONICAL_RESULT_COMMAND_AND_FIELDS,$HISTORICAL_GNN_FRAUD_REPO/results/runs_rb09v3/runs.csv,UNRESOLVED_LEGACY_CODE,tree-6fa0cc19d70e7c207c9af5b868d89b1b98ed0ed7,$HISTORICAL_GNN_FRAUD_REPO/results/runs_rb09v3/runs.csv,,,UNRESOLVED,true,"{""device"":""cuda"",""hardware"":""unresolved_from_per_run_record"",""measurement_scope"":""per_run_result_record"",""peak_memory"":null,""runtime_seconds"":158.749}",de2aab9f98695f2ccfd8a9f6f498c51050411336e8918b558d9ef75517df1fe3,
dgraphfin,node_classification,transductive_structure,transductive,gcn,gcn,3,fold0,INDEX_REFERENCED_FILE_MISSING,CANONICAL_PREDICTION_PATH_MISSING;INDEXED_SOURCE_ARCHIVE_MISSING,RB09v3_structure_decay_10seed,$HISTORICAL_GNN_FRAUD_REPO/results/runs_rb09v3/predictions_manifest.json,528152753c1887ae6fa64631fddbd53926938d9e358b7eb4f003ad2c508b2d4e,kaggleoutputs/dgraphfin_10seed_transductive/predictions/dgraphfin__transductive__gcn__seed3.csv,,172394619,,,,dgraphfin_10seed_transductive.zip,$HISTORICAL_GNN_FRAUD_REPO/kaggleoutputs/dgraphfin_10seed_transductive.zip,6d0167aae53b681bb7ffc037b84c723869ba718f30feb955c333890bfe8783d5,predictions/dgraphfin__transductive__gcn__seed3.csv,false,RB09v3,,$HISTORICAL_GNN_FRAUD_REPO/results/runs_rb09v3/runs.csv#dgraphfin:transductive:gcn:seed3,d9f77bfd14ccaf157780858e35ecfee96af1e2fbf60f3559ad888d14c0ace2e9,RB15_IMPORT_ERRORS_EMPTY_AND_MEMBER_REFERENCED,$HISTORICAL_GNN_FRAUD_REPO/results/runs_rb15_graphsafe_tta/import_manifest.json,RB09V3_ARTIFACT_FAMILY_180_AND_RB15_CONSUMED_MEMBER,"{""command"":""/kaggle/working/gnn-fraud/scripts/run_multi_dataset_protocol_benchmark.py --datasets dgraphfin --models mlp,gcn,graphsage --protocols strict_inductive,inductive_isolated,transductive --gnn-only --skip-missing-datasets --hidden-channels 64 --num-layers 2 --early-stopping-metric val_f1 --scaler-mode train_only --output-dir results/runs/multi_dataset_protocol --seeds 1,3,5,7,9 --device cuda --execute --prediction-dir results/runs/predictions --export-predictions"",""early_stopping_metric"":""val_f1"",""early_stopping_split"":""validation"",""graph_mode"":""full_graph"",""scaler_mode"":""train_only"",""split_name"":""t1-14_val15-16_test17-20""}",038ce1d04bb65dadd4a084c4bfdcc7340c3922b54961b4f3d86af4b9ca5e9b84,CANONICAL_RESULT_COMMAND_AND_FIELDS,$HISTORICAL_GNN_FRAUD_REPO/results/runs_rb09v3/runs.csv,UNRESOLVED_LEGACY_CODE,tree-6fa0cc19d70e7c207c9af5b868d89b1b98ed0ed7,$HISTORICAL_GNN_FRAUD_REPO/results/runs_rb09v3/runs.csv,,,UNRESOLVED,true,"{""device"":""cuda"",""hardware"":""unresolved_from_per_run_record"",""measurement_scope"":""per_run_result_record"",""peak_memory"":null,""runtime_seconds"":160.836}",0481e6f3086b12fe0eb0b7dfd669e8360fe967e76c4da46361b2f91dcf1ea48e,
dgraphfin,node_classification,transductive_structure,transductive,gcn,gcn,4,fold0,INDEX_REFERENCED_FILE_MISSING,CANONICAL_PREDICTION_PATH_MISSING;INDEXED_SOURCE_ARCHIVE_MISSING,RB09v3_structure_decay_10seed,$HISTORICAL_GNN_FRAUD_REPO/results/runs_rb09v3/predictions_manifest.json,528152753c1887ae6fa64631fddbd53926938d9e358b7eb4f003ad2c508b2d4e,kaggleoutputs/dgraphfin_10seed_transductive/predictions/dgraphfin__transductive__gcn__seed4.csv,,172394281,,,,dgraphfin_10seed_transductive.zip,$HISTORICAL_GNN_FRAUD_REPO/kaggleoutputs/dgraphfin_10seed_transductive.zip,6d0167aae53b681bb7ffc037b84c723869ba718f30feb955c333890bfe8783d5,predictions/dgraphfin__transductive__gcn__seed4.csv,false,RB09v3,,$HISTORICAL_GNN_FRAUD_REPO/results/runs_rb09v3/runs.csv#dgraphfin:transductive:gcn:seed4,d9f77bfd14ccaf157780858e35ecfee96af1e2fbf60f3559ad888d14c0ace2e9,RB15_IMPORT_ERRORS_EMPTY_AND_MEMBER_REFERENCED,$HISTORICAL_GNN_FRAUD_REPO/results/runs_rb15_graphsafe_tta/import_manifest.json,RB09V3_ARTIFACT_FAMILY_180_AND_RB15_CONSUMED_MEMBER,"{""command"":""/kaggle/working/gnn-fraud/scripts/run_multi_dataset_protocol_benchmark.py --datasets dgraphfin --models mlp,gcn,graphsage --protocols strict_inductive,inductive_isolated,transductive --gnn-only --skip-missing-datasets --hidden-channels 64 --num-layers 2 --early-stopping-metric val_f1 --scaler-mode train_only --output-dir results/runs/multi_dataset_protocol --seeds 2,4,6,8,10 --device cuda --execute --prediction-dir results/runs/predictions --export-predictions"",""early_stopping_metric"":""val_f1"",""early_stopping_split"":""validation"",""graph_mode"":""full_graph"",""scaler_mode"":""train_only"",""split_name"":""t1-14_val15-16_test17-20""}",cd937cc8596356df6b101d2b90a03884c640b030e42279298ae241328c5a2db9,CANONICAL_RESULT_COMMAND_AND_FIELDS,$HISTORICAL_GNN_FRAUD_REPO/results/runs_rb09v3/runs.csv,UNRESOLVED_LEGACY_CODE,tree-6fa0cc19d70e7c207c9af5b868d89b1b98ed0ed7,$HISTORICAL_GNN_FRAUD_REPO/results/runs_rb09v3/runs.csv,,,UNRESOLVED,true,"{""device"":""cuda"",""hardware"":""unresolved_from_per_run_record"",""measurement_scope"":""per_run_result_record"",""peak_memory"":null,""runtime_seconds"":159.658}",0348900de02583daf9eae3a7a8bd7895343e4946f81761e04d7c9290dced2cfe,
dgraphfin,node_classification,transductive_structure,transductive,gcn,gcn,5,fold0,INDEX_REFERENCED_FILE_MISSING,CANONICAL_PREDICTION_PATH_MISSING;INDEXED_SOURCE_ARCHIVE_MISSING,RB09v3_structure_decay_10seed,$HISTORICAL_GNN_FRAUD_REPO/results/runs_rb09v3/predictions_manifest.json,528152753c1887ae6fa64631fddbd53926938d9e358b7eb4f003ad2c508b2d4e,kaggleoutputs/dgraphfin_10seed_transductive/predictions/dgraphfin__transductive__gcn__seed5.csv,,172393641,,,,dgraphfin_10seed_transductive.zip,$HISTORICAL_GNN_FRAUD_REPO/kaggleoutputs/dgraphfin_10seed_transductive.zip,6d0167aae53b681bb7ffc037b84c723869ba718f30feb955c333890bfe8783d5,predictions/dgraphfin__transductive__gcn__seed5.csv,false,RB09v3,,$HISTORICAL_GNN_FRAUD_REPO/results/runs_rb09v3/runs.csv#dgraphfin:transductive:gcn:seed5,d9f77bfd14ccaf157780858e35ecfee96af1e2fbf60f3559ad888d14c0ace2e9,RB15_IMPORT_ERRORS_EMPTY_AND_MEMBER_REFERENCED,$HISTORICAL_GNN_FRAUD_REPO/results/runs_rb15_graphsafe_tta/import_manifest.json,RB09V3_ARTIFACT_FAMILY_180_AND_RB15_CONSUMED_MEMBER,"{""command"":""/kaggle/working/gnn-fraud/scripts/run_multi_dataset_protocol_benchmark.py --datasets dgraphfin --models mlp,gcn,graphsage --protocols strict_inductive,inductive_isolated,transductive --gnn-only --skip-missing-datasets --hidden-channels 64 --num-layers 2 --early-stopping-metric val_f1 --scaler-mode train_only --output-dir results/runs/multi_dataset_protocol --seeds 1,3,5,7,9 --device cuda --execute --prediction-dir results/runs/predictions --export-predictions"",""early_stopping_metric"":""val_f1"",""early_stopping_split"":""validation"",""graph_mode"":""full_graph"",""scaler_mode"":""train_only"",""split_name"":""t1-14_val15-16_test17-20""}",038ce1d04bb65dadd4a084c4bfdcc7340c3922b54961b4f3d86af4b9ca5e9b84,CANONICAL_RESULT_COMMAND_AND_FIELDS,$HISTORICAL_GNN_FRAUD_REPO/results/runs_rb09v3/runs.csv,UNRESOLVED_LEGACY_CODE,tree-6fa0cc19d70e7c207c9af5b868d89b1b98ed0ed7,$HISTORICAL_GNN_FRAUD_REPO/results/runs_rb09v3/runs.csv,,,UNRESOLVED,true,"{""device"":""cuda"",""hardware"":""unresolved_from_per_run_record"",""measurement_scope"":""per_run_result_record"",""peak_memory"":null,""runtime_seconds"":160.859}",af56865e24d7d3f0daf03854b13c2f771e712b71cd65f6ea3cdd7c0d689418ec,
dgraphfin,node_classification,transductive_structure,transductive,gcn,gcn,6,fold0,INDEX_REFERENCED_FILE_MISSING,CANONICAL_PREDICTION_PATH_MISSING;INDEXED_SOURCE_ARCHIVE_MISSING,RB09v3_structure_decay_10seed,$HISTORICAL_GNN_FRAUD_REPO/results/runs_rb09v3/predictions_manifest.json,528152753c1887ae6fa64631fddbd53926938d9e358b7eb4f003ad2c508b2d4e,kaggleoutputs/dgraphfin_10seed_transductive/predictions/dgraphfin__transductive__gcn__seed6.csv,,172394212,,,,dgraphfin_10seed_transductive.zip,$HISTORICAL_GNN_FRAUD_REPO/kaggleoutputs/dgraphfin_10seed_transductive.zip,6d0167aae53b681bb7ffc037b84c723869ba718f30feb955c333890bfe8783d5,predictions/dgraphfin__transductive__gcn__seed6.csv,false,RB09v3,,$HISTORICAL_GNN_FRAUD_REPO/results/runs_rb09v3/runs.csv#dgraphfin:transductive:gcn:seed6,d9f77bfd14ccaf157780858e35ecfee96af1e2fbf60f3559ad888d14c0ace2e9,RB15_IMPORT_ERRORS_EMPTY_AND_MEMBER_REFERENCED,$HISTORICAL_GNN_FRAUD_REPO/results/runs_rb15_graphsafe_tta/import_manifest.json,RB09V3_ARTIFACT_FAMILY_180_AND_RB15_CONSUMED_MEMBER,"{""command"":""/kaggle/working/gnn-fraud/scripts/run_multi_dataset_protocol_benchmark.py --datasets dgraphfin --models mlp,gcn,graphsage --protocols strict_inductive,inductive_isolated,transductive --gnn-only --skip-missing-datasets --hidden-channels 64 --num-layers 2 --early-stopping-metric val_f1 --scaler-mode train_only --output-dir results/runs/multi_dataset_protocol --seeds 2,4,6,8,10 --device cuda --execute --prediction-dir results/runs/predictions --export-predictions"",""early_stopping_metric"":""val_f1"",""early_stopping_split"":""validation"",""graph_mode"":""full_graph"",""scaler_mode"":""train_only"",""split_name"":""t1-14_val15-16_test17-20""}",cd937cc8596356df6b101d2b90a03884c640b030e42279298ae241328c5a2db9,CANONICAL_RESULT_COMMAND_AND_FIELDS,$HISTORICAL_GNN_FRAUD_REPO/results/runs_rb09v3/runs.csv,UNRESOLVED_LEGACY_CODE,tree-6fa0cc19d70e7c207c9af5b868d89b1b98ed0ed7,$HISTORICAL_GNN_FRAUD_REPO/results/runs_rb09v3/runs.csv,,,UNRESOLVED,true,"{""device"":""cuda"",""hardware"":""unresolved_from_per_run_record"",""measurement_scope"":""per_run_result_record"",""peak_memory"":null,""runtime_seconds"":159.739}",9e46c3736b86adf149ecd64d168cef2e0a69ab750920235ae24b7bb03ae87855,
dgraphfin,node_classification,transductive_structure,transductive,gcn,gcn,7,fold0,INDEX_REFERENCED_FILE_MISSING,CANONICAL_PREDICTION_PATH_MISSING;INDEXED_SOURCE_ARCHIVE_MISSING,RB09v3_structure_decay_10seed,$HISTORICAL_GNN_FRAUD_REPO/results/runs_rb09v3/predictions_manifest.json,528152753c1887ae6fa64631fddbd53926938d9e358b7eb4f003ad2c508b2d4e,kaggleoutputs/dgraphfin_10seed_transductive/predictions/dgraphfin__transductive__gcn__seed7.csv,,172393704,,,,dgraphfin_10seed_transductive.zip,$HISTORICAL_GNN_FRAUD_REPO/kaggleoutputs/dgraphfin_10seed_transductive.zip,6d0167aae53b681bb7ffc037b84c723869ba718f30feb955c333890bfe8783d5,predictions/dgraphfin__transductive__gcn__seed7.csv,false,RB09v3,,$HISTORICAL_GNN_FRAUD_REPO/results/runs_rb09v3/runs.csv#dgraphfin:transductive:gcn:seed7,d9f77bfd14ccaf157780858e35ecfee96af1e2fbf60f3559ad888d14c0ace2e9,RB15_IMPORT_ERRORS_EMPTY_AND_MEMBER_REFERENCED,$HISTORICAL_GNN_FRAUD_REPO/results/runs_rb15_graphsafe_tta/import_manifest.json,RB09V3_ARTIFACT_FAMILY_180_AND_RB15_CONSUMED_MEMBER,"{""command"":""/kaggle/working/gnn-fraud/scripts/run_multi_dataset_protocol_benchmark.py --datasets dgraphfin --models mlp,gcn,graphsage --protocols strict_inductive,inductive_isolated,transductive --gnn-only --skip-missing-datasets --hidden-channels 64 --num-layers 2 --early-stopping-metric val_f1 --scaler-mode train_only --output-dir results/runs/multi_dataset_protocol --seeds 1,3,5,7,9 --device cuda --execute --prediction-dir results/runs/predictions --export-predictions"",""early_stopping_metric"":""val_f1"",""early_stopping_split"":""validation"",""graph_mode"":""full_graph"",""scaler_mode"":""train_only"",""split_name"":""t1-14_val15-16_test17-20""}",038ce1d04bb65dadd4a084c4bfdcc7340c3922b54961b4f3d86af4b9ca5e9b84,CANONICAL_RESULT_COMMAND_AND_FIELDS,$HISTORICAL_GNN_FRAUD_REPO/results/runs_rb09v3/runs.csv,UNRESOLVED_LEGACY_CODE,tree-6fa0cc19d70e7c207c9af5b868d89b1b98ed0ed7,$HISTORICAL_GNN_FRAUD_REPO/results/runs_rb09v3/runs.csv,,,UNRESOLVED,true,"{""device"":""cuda"",""hardware"":""unresolved_from_per_run_record"",""measurement_scope"":""per_run_result_record"",""peak_memory"":null,""runtime_seconds"":160.868}",9e8f97b640ccf396cf195a2983d00e81945acccf94ff5b861dcf7a970624f7e2,
dgraphfin,node_classification,transductive_structure,transductive,gcn,gcn,8,fold0,INDEX_REFERENCED_FILE_MISSING,CANONICAL_PREDICTION_PATH_MISSING;INDEXED_SOURCE_ARCHIVE_MISSING,RB09v3_structure_decay_10seed,$HISTORICAL_GNN_FRAUD_REPO/results/runs_rb09v3/predictions_manifest.json,528152753c1887ae6fa64631fddbd53926938d9e358b7eb4f003ad2c508b2d4e,kaggleoutputs/dgraphfin_10seed_transductive/predictions/dgraphfin__transductive__gcn__seed8.csv,,172394152,,,,dgraphfin_10seed_transductive.zip,$HISTORICAL_GNN_FRAUD_REPO/kaggleoutputs/dgraphfin_10seed_transductive.zip,6d0167aae53b681bb7ffc037b84c723869ba718f30feb955c333890bfe8783d5,predictions/dgraphfin__transductive__gcn__seed8.csv,false,RB09v3,,$HISTORICAL_GNN_FRAUD_REPO/results/runs_rb09v3/runs.csv#dgraphfin:transductive:gcn:seed8,d9f77bfd14ccaf157780858e35ecfee96af1e2fbf60f3559ad888d14c0ace2e9,RB15_IMPORT_ERRORS_EMPTY_AND_MEMBER_REFERENCED,$HISTORICAL_GNN_FRAUD_REPO/results/runs_rb15_graphsafe_tta/import_manifest.json,RB09V3_ARTIFACT_FAMILY_180_AND_RB15_CONSUMED_MEMBER,"{""command"":""/kaggle/working/gnn-fraud/scripts/run_multi_dataset_protocol_benchmark.py --datasets dgraphfin --models mlp,gcn,graphsage --protocols strict_inductive,inductive_isolated,transductive --gnn-only --skip-missing-datasets --hidden-channels 64 --num-layers 2 --early-stopping-metric val_f1 --scaler-mode train_only --output-dir results/runs/multi_dataset_protocol --seeds 2,4,6,8,10 --device cuda --execute --prediction-dir results/runs/predictions --export-predictions"",""early_stopping_metric"":""val_f1"",""early_stopping_split"":""validation"",""graph_mode"":""full_graph"",""scaler_mode"":""train_only"",""split_name"":""t1-14_val15-16_test17-20""}",cd937cc8596356df6b101d2b90a03884c640b030e42279298ae241328c5a2db9,CANONICAL_RESULT_COMMAND_AND_FIELDS,$HISTORICAL_GNN_FRAUD_REPO/results/runs_rb09v3/runs.csv,UNRESOLVED_LEGACY_CODE,tree-6fa0cc19d70e7c207c9af5b868d89b1b98ed0ed7,$HISTORICAL_GNN_FRAUD_REPO/results/runs_rb09v3/runs.csv,,,UNRESOLVED,true,"{""device"":""cuda"",""hardware"":""unresolved_from_per_run_record"",""measurement_scope"":""per_run_result_record"",""peak_memory"":null,""runtime_seconds"":159.609}",68094eb4a9291572a347b166ec8f4b1995f2312ae337e6d3db942fe6d0bb5edb,
dgraphfin,node_classification,transductive_structure,transductive,gcn,gcn,9,fold0,INDEX_REFERENCED_FILE_MISSING,CANONICAL_PREDICTION_PATH_MISSING;INDEXED_SOURCE_ARCHIVE_MISSING,RB09v3_structure_decay_10seed,$HISTORICAL_GNN_FRAUD_REPO/results/runs_rb09v3/predictions_manifest.json,528152753c1887ae6fa64631fddbd53926938d9e358b7eb4f003ad2c508b2d4e,kaggleoutputs/dgraphfin_10seed_transductive/predictions/dgraphfin__transductive__gcn__seed9.csv,,172393600,,,,dgraphfin_10seed_transductive.zip,$HISTORICAL_GNN_FRAUD_REPO/kaggleoutputs/dgraphfin_10seed_transductive.zip,6d0167aae53b681bb7ffc037b84c723869ba718f30feb955c333890bfe8783d5,predictions/dgraphfin__transductive__gcn__seed9.csv,false,RB09v3,,$HISTORICAL_GNN_FRAUD_REPO/results/runs_rb09v3/runs.csv#dgraphfin:transductive:gcn:seed9,d9f77bfd14ccaf157780858e35ecfee96af1e2fbf60f3559ad888d14c0ace2e9,RB15_IMPORT_ERRORS_EMPTY_AND_MEMBER_REFERENCED,$HISTORICAL_GNN_FRAUD_REPO/results/runs_rb15_graphsafe_tta/import_manifest.json,RB09V3_ARTIFACT_FAMILY_180_AND_RB15_CONSUMED_MEMBER,"{""command"":""/kaggle/working/gnn-fraud/scripts/run_multi_dataset_protocol_benchmark.py --datasets dgraphfin --models mlp,gcn,graphsage --protocols strict_inductive,inductive_isolated,transductive --gnn-only --skip-missing-datasets --hidden-channels 64 --num-layers 2 --early-stopping-metric val_f1 --scaler-mode train_only --output-dir results/runs/multi_dataset_protocol --seeds 1,3,5,7,9 --device cuda --execute --prediction-dir results/runs/predictions --export-predictions"",""early_stopping_metric"":""val_f1"",""early_stopping_split"":""validation"",""graph_mode"":""full_graph"",""scaler_mode"":""train_only"",""split_name"":""t1-14_val15-16_test17-20""}",038ce1d04bb65dadd4a084c4bfdcc7340c3922b54961b4f3d86af4b9ca5e9b84,CANONICAL_RESULT_COMMAND_AND_FIELDS,$HISTORICAL_GNN_FRAUD_REPO/results/runs_rb09v3/runs.csv,UNRESOLVED_LEGACY_CODE,tree-6fa0cc19d70e7c207c9af5b868d89b1b98ed0ed7,$HISTORICAL_GNN_FRAUD_REPO/results/runs_rb09v3/runs.csv,,,UNRESOLVED,true,"{""device"":""cuda"",""hardware"":""unresolved_from_per_run_record"",""measurement_scope"":""per_run_result_record"",""peak_memory"":null,""runtime_seconds"":160.832}",87fcdcc0771cbe23126f76b94031dc49887ce42fe4743ceb1b21e728d8415ac9,
dgraphfin,node_classification,transductive_structure,transductive,gcn,gcn,10,fold0,INDEX_REFERENCED_FILE_MISSING,CANONICAL_PREDICTION_PATH_MISSING;INDEXED_SOURCE_ARCHIVE_MISSING,RB09v3_structure_decay_10seed,$HISTORICAL_GNN_FRAUD_REPO/results/runs_rb09v3/predictions_manifest.json,528152753c1887ae6fa64631fddbd53926938d9e358b7eb4f003ad2c508b2d4e,kaggleoutputs/dgraphfin_10seed_transductive/predictions/dgraphfin__transductive__gcn__seed10.csv,,174845003,,,,dgraphfin_10seed_transductive.zip,$HISTORICAL_GNN_FRAUD_REPO/kaggleoutputs/dgraphfin_10seed_transductive.zip,6d0167aae53b681bb7ffc037b84c723869ba718f30feb955c333890bfe8783d5,predictions/dgraphfin__transductive__gcn__seed10.csv,false,RB09v3,,$HISTORICAL_GNN_FRAUD_REPO/results/runs_rb09v3/runs.csv#dgraphfin:transductive:gcn:seed10,d9f77bfd14ccaf157780858e35ecfee96af1e2fbf60f3559ad888d14c0ace2e9,RB15_IMPORT_ERRORS_EMPTY_AND_MEMBER_REFERENCED,$HISTORICAL_GNN_FRAUD_REPO/results/runs_rb15_graphsafe_tta/import_manifest.json,RB09V3_ARTIFACT_FAMILY_180_AND_RB15_CONSUMED_MEMBER,"{""command"":""/kaggle/working/gnn-fraud/scripts/run_multi_dataset_protocol_benchmark.py --datasets dgraphfin --models mlp,gcn,graphsage --protocols strict_inductive,inductive_isolated,transductive --gnn-only --skip-missing-datasets --hidden-channels 64 --num-layers 2 --early-stopping-metric val_f1 --scaler-mode train_only --output-dir results/runs/multi_dataset_protocol --seeds 2,4,6,8,10 --device cuda --execute --prediction-dir results/runs/predictions --export-predictions"",""early_stopping_metric"":""val_f1"",""early_stopping_split"":""validation"",""graph_mode"":""full_graph"",""scaler_mode"":""train_only"",""split_name"":""t1-14_val15-16_test17-20""}",cd937cc8596356df6b101d2b90a03884c640b030e42279298ae241328c5a2db9,CANONICAL_RESULT_COMMAND_AND_FIELDS,$HISTORICAL_GNN_FRAUD_REPO/results/runs_rb09v3/runs.csv,UNRESOLVED_LEGACY_CODE,tree-6fa0cc19d70e7c207c9af5b868d89b1b98ed0ed7,$HISTORICAL_GNN_FRAUD_REPO/results/runs_rb09v3/runs.csv,,,UNRESOLVED,true,"{""device"":""cuda"",""hardware"":""unresolved_from_per_run_record"",""measurement_scope"":""per_run_result_record"",""peak_memory"":null,""runtime_seconds"":159.695}",0102af18030a075ac95d73c7effde3f764db57af2409883c8c2a1fc0c779e378,
dgraphfin,node_classification,transductive_structure,transductive,graphsage,sage,1,fold0,INDEX_REFERENCED_FILE_MISSING,CANONICAL_PREDICTION_PATH_MISSING;INDEXED_SOURCE_ARCHIVE_MISSING,RB09v3_structure_decay_10seed,$HISTORICAL_GNN_FRAUD_REPO/results/runs_rb09v3/predictions_manifest.json,528152753c1887ae6fa64631fddbd53926938d9e358b7eb4f003ad2c508b2d4e,kaggleoutputs/dgraphfin_10seed_transductive/predictions/dgraphfin__transductive__sage__seed1.csv,,174844948,,,,dgraphfin_10seed_transductive.zip,$HISTORICAL_GNN_FRAUD_REPO/kaggleoutputs/dgraphfin_10seed_transductive.zip,6d0167aae53b681bb7ffc037b84c723869ba718f30feb955c333890bfe8783d5,predictions/dgraphfin__transductive__sage__seed1.csv,false,RB09v3,,$HISTORICAL_GNN_FRAUD_REPO/results/runs_rb09v3/runs.csv#dgraphfin:transductive:sage:seed1,d9f77bfd14ccaf157780858e35ecfee96af1e2fbf60f3559ad888d14c0ace2e9,RB15_IMPORT_ERRORS_EMPTY_AND_MEMBER_REFERENCED,$HISTORICAL_GNN_FRAUD_REPO/results/runs_rb15_graphsafe_tta/import_manifest.json,RB09V3_ARTIFACT_FAMILY_180_AND_RB15_CONSUMED_MEMBER,"{""command"":""/kaggle/working/gnn-fraud/scripts/run_multi_dataset_protocol_benchmark.py --datasets dgraphfin --models mlp,gcn,graphsage --protocols strict_inductive,inductive_isolated,transductive --gnn-only --skip-missing-datasets --hidden-channels 64 --num-layers 2 --early-stopping-metric val_f1 --scaler-mode train_only --output-dir results/runs/multi_dataset_protocol --seeds 1,3,5,7,9 --device cuda --execute --prediction-dir results/runs/predictions --export-predictions"",""early_stopping_metric"":""val_f1"",""early_stopping_split"":""validation"",""graph_mode"":""full_graph"",""scaler_mode"":""train_only"",""split_name"":""t1-14_val15-16_test17-20""}",038ce1d04bb65dadd4a084c4bfdcc7340c3922b54961b4f3d86af4b9ca5e9b84,CANONICAL_RESULT_COMMAND_AND_FIELDS,$HISTORICAL_GNN_FRAUD_REPO/results/runs_rb09v3/runs.csv,UNRESOLVED_LEGACY_CODE,tree-6fa0cc19d70e7c207c9af5b868d89b1b98ed0ed7,$HISTORICAL_GNN_FRAUD_REPO/results/runs_rb09v3/runs.csv,,,UNRESOLVED,true,"{""device"":""cuda"",""hardware"":""unresolved_from_per_run_record"",""measurement_scope"":""per_run_result_record"",""peak_memory"":null,""runtime_seconds"":184.857}",a3be05e87fe57d0c626586db103173d67105293a47cd32196c29cdeda68d7428,
dgraphfin,node_classification,transductive_structure,transductive,graphsage,sage,2,fold0,INDEX_REFERENCED_FILE_MISSING,CANONICAL_PREDICTION_PATH_MISSING;INDEXED_SOURCE_ARCHIVE_MISSING,RB09v3_structure_decay_10seed,$HISTORICAL_GNN_FRAUD_REPO/results/runs_rb09v3/predictions_manifest.json,528152753c1887ae6fa64631fddbd53926938d9e358b7eb4f003ad2c508b2d4e,kaggleoutputs/dgraphfin_10seed_transductive/predictions/dgraphfin__transductive__sage__seed2.csv,,174845256,,,,dgraphfin_10seed_transductive.zip,$HISTORICAL_GNN_FRAUD_REPO/kaggleoutputs/dgraphfin_10seed_transductive.zip,6d0167aae53b681bb7ffc037b84c723869ba718f30feb955c333890bfe8783d5,predictions/dgraphfin__transductive__sage__seed2.csv,false,RB09v3,,$HISTORICAL_GNN_FRAUD_REPO/results/runs_rb09v3/runs.csv#dgraphfin:transductive:sage:seed2,d9f77bfd14ccaf157780858e35ecfee96af1e2fbf60f3559ad888d14c0ace2e9,RB15_IMPORT_ERRORS_EMPTY_AND_MEMBER_REFERENCED,$HISTORICAL_GNN_FRAUD_REPO/results/runs_rb15_graphsafe_tta/import_manifest.json,RB09V3_ARTIFACT_FAMILY_180_AND_RB15_CONSUMED_MEMBER,"{""command"":""/kaggle/working/gnn-fraud/scripts/run_multi_dataset_protocol_benchmark.py --datasets dgraphfin --models mlp,gcn,graphsage --protocols strict_inductive,inductive_isolated,transductive --gnn-only --skip-missing-datasets --hidden-channels 64 --num-layers 2 --early-stopping-metric val_f1 --scaler-mode train_only --output-dir results/runs/multi_dataset_protocol --seeds 2,4,6,8,10 --device cuda --execute --prediction-dir results/runs/predictions --export-predictions"",""early_stopping_metric"":""val_f1"",""early_stopping_split"":""validation"",""graph_mode"":""full_graph"",""scaler_mode"":""train_only"",""split_name"":""t1-14_val15-16_test17-20""}",cd937cc8596356df6b101d2b90a03884c640b030e42279298ae241328c5a2db9,CANONICAL_RESULT_COMMAND_AND_FIELDS,$HISTORICAL_GNN_FRAUD_REPO/results/runs_rb09v3/runs.csv,UNRESOLVED_LEGACY_CODE,tree-6fa0cc19d70e7c207c9af5b868d89b1b98ed0ed7,$HISTORICAL_GNN_FRAUD_REPO/results/runs_rb09v3/runs.csv,,,UNRESOLVED,true,"{""device"":""cuda"",""hardware"":""unresolved_from_per_run_record"",""measurement_scope"":""per_run_result_record"",""peak_memory"":null,""runtime_seconds"":182.57}",d62648597292da1a76d55488f67e8fbaf6f87f0c404a643984a256903e29fef1,
dgraphfin,node_classification,transductive_structure,transductive,graphsage,sage,3,fold0,INDEX_REFERENCED_FILE_MISSING,CANONICAL_PREDICTION_PATH_MISSING;INDEXED_SOURCE_ARCHIVE_MISSING,RB09v3_structure_decay_10seed,$HISTORICAL_GNN_FRAUD_REPO/results/runs_rb09v3/predictions_manifest.json,528152753c1887ae6fa64631fddbd53926938d9e358b7eb4f003ad2c508b2d4e,kaggleoutputs/dgraphfin_10seed_transductive/predictions/dgraphfin__transductive__sage__seed3.csv,,174845491,,,,dgraphfin_10seed_transductive.zip,$HISTORICAL_GNN_FRAUD_REPO/kaggleoutputs/dgraphfin_10seed_transductive.zip,6d0167aae53b681bb7ffc037b84c723869ba718f30feb955c333890bfe8783d5,predictions/dgraphfin__transductive__sage__seed3.csv,false,RB09v3,,$HISTORICAL_GNN_FRAUD_REPO/results/runs_rb09v3/runs.csv#dgraphfin:transductive:sage:seed3,d9f77bfd14ccaf157780858e35ecfee96af1e2fbf60f3559ad888d14c0ace2e9,RB15_IMPORT_ERRORS_EMPTY_AND_MEMBER_REFERENCED,$HISTORICAL_GNN_FRAUD_REPO/results/runs_rb15_graphsafe_tta/import_manifest.json,RB09V3_ARTIFACT_FAMILY_180_AND_RB15_CONSUMED_MEMBER,"{""command"":""/kaggle/working/gnn-fraud/scripts/run_multi_dataset_protocol_benchmark.py --datasets dgraphfin --models mlp,gcn,graphsage --protocols strict_inductive,inductive_isolated,transductive --gnn-only --skip-missing-datasets --hidden-channels 64 --num-layers 2 --early-stopping-metric val_f1 --scaler-mode train_only --output-dir results/runs/multi_dataset_protocol --seeds 1,3,5,7,9 --device cuda --execute --prediction-dir results/runs/predictions --export-predictions"",""early_stopping_metric"":""val_f1"",""early_stopping_split"":""validation"",""graph_mode"":""full_graph"",""scaler_mode"":""train_only"",""split_name"":""t1-14_val15-16_test17-20""}",038ce1d04bb65dadd4a084c4bfdcc7340c3922b54961b4f3d86af4b9ca5e9b84,CANONICAL_RESULT_COMMAND_AND_FIELDS,$HISTORICAL_GNN_FRAUD_REPO/results/runs_rb09v3/runs.csv,UNRESOLVED_LEGACY_CODE,tree-6fa0cc19d70e7c207c9af5b868d89b1b98ed0ed7,$HISTORICAL_GNN_FRAUD_REPO/results/runs_rb09v3/runs.csv,,,UNRESOLVED,true,"{""device"":""cuda"",""hardware"":""unresolved_from_per_run_record"",""measurement_scope"":""per_run_result_record"",""peak_memory"":null,""runtime_seconds"":184.412}",73f3a4c6225ca4ec13d271c3019eaf7eae1775332d8616bcd133849edd6e5d6e,
dgraphfin,node_classification,transductive_structure,transductive,graphsage,sage,4,fold0,INDEX_REFERENCED_FILE_MISSING,CANONICAL_PREDICTION_PATH_MISSING;INDEXED_SOURCE_ARCHIVE_MISSING,RB09v3_structure_decay_10seed,$HISTORICAL_GNN_FRAUD_REPO/results/runs_rb09v3/predictions_manifest.json,528152753c1887ae6fa64631fddbd53926938d9e358b7eb4f003ad2c508b2d4e,kaggleoutputs/dgraphfin_10seed_transductive/predictions/dgraphfin__transductive__sage__seed4.csv,,174845183,,,,dgraphfin_10seed_transductive.zip,$HISTORICAL_GNN_FRAUD_REPO/kaggleoutputs/dgraphfin_10seed_transductive.zip,6d0167aae53b681bb7ffc037b84c723869ba718f30feb955c333890bfe8783d5,predictions/dgraphfin__transductive__sage__seed4.csv,false,RB09v3,,$HISTORICAL_GNN_FRAUD_REPO/results/runs_rb09v3/runs.csv#dgraphfin:transductive:sage:seed4,d9f77bfd14ccaf157780858e35ecfee96af1e2fbf60f3559ad888d14c0ace2e9,RB15_IMPORT_ERRORS_EMPTY_AND_MEMBER_REFERENCED,$HISTORICAL_GNN_FRAUD_REPO/results/runs_rb15_graphsafe_tta/import_manifest.json,RB09V3_ARTIFACT_FAMILY_180_AND_RB15_CONSUMED_MEMBER,"{""command"":""/kaggle/working/gnn-fraud/scripts/run_multi_dataset_protocol_benchmark.py --datasets dgraphfin --models mlp,gcn,graphsage --protocols strict_inductive,inductive_isolated,transductive --gnn-only --skip-missing-datasets --hidden-channels 64 --num-layers 2 --early-stopping-metric val_f1 --scaler-mode train_only --output-dir results/runs/multi_dataset_protocol --seeds 2,4,6,8,10 --device cuda --execute --prediction-dir results/runs/predictions --export-predictions"",""early_stopping_metric"":""val_f1"",""early_stopping_split"":""validation"",""graph_mode"":""full_graph"",""scaler_mode"":""train_only"",""split_name"":""t1-14_val15-16_test17-20""}",cd937cc8596356df6b101d2b90a03884c640b030e42279298ae241328c5a2db9,CANONICAL_RESULT_COMMAND_AND_FIELDS,$HISTORICAL_GNN_FRAUD_REPO/results/runs_rb09v3/runs.csv,UNRESOLVED_LEGACY_CODE,tree-6fa0cc19d70e7c207c9af5b868d89b1b98ed0ed7,$HISTORICAL_GNN_FRAUD_REPO/results/runs_rb09v3/runs.csv,,,UNRESOLVED,true,"{""device"":""cuda"",""hardware"":""unresolved_from_per_run_record"",""measurement_scope"":""per_run_result_record"",""peak_memory"":null,""runtime_seconds"":182.322}",74a1dd5ebaddb6b540a28bf8100978d40a26537a6398db7acbbb7a7b9d9d106a,
dgraphfin,node_classification,transductive_structure,transductive,graphsage,sage,5,fold0,INDEX_REFERENCED_FILE_MISSING,CANONICAL_PREDICTION_PATH_MISSING;INDEXED_SOURCE_ARCHIVE_MISSING,RB09v3_structure_decay_10seed,$HISTORICAL_GNN_FRAUD_REPO/results/runs_rb09v3/predictions_manifest.json,528152753c1887ae6fa64631fddbd53926938d9e358b7eb4f003ad2c508b2d4e,kaggleoutputs/dgraphfin_10seed_transductive/predictions/dgraphfin__transductive__sage__seed5.csv,,174845075,,,,dgraphfin_10seed_transductive.zip,$HISTORICAL_GNN_FRAUD_REPO/kaggleoutputs/dgraphfin_10seed_transductive.zip,6d0167aae53b681bb7ffc037b84c723869ba718f30feb955c333890bfe8783d5,predictions/dgraphfin__transductive__sage__seed5.csv,false,RB09v3,,$HISTORICAL_GNN_FRAUD_REPO/results/runs_rb09v3/runs.csv#dgraphfin:transductive:sage:seed5,d9f77bfd14ccaf157780858e35ecfee96af1e2fbf60f3559ad888d14c0ace2e9,RB15_IMPORT_ERRORS_EMPTY_AND_MEMBER_REFERENCED,$HISTORICAL_GNN_FRAUD_REPO/results/runs_rb15_graphsafe_tta/import_manifest.json,RB09V3_ARTIFACT_FAMILY_180_AND_RB15_CONSUMED_MEMBER,"{""command"":""/kaggle/working/gnn-fraud/scripts/run_multi_dataset_protocol_benchmark.py --datasets dgraphfin --models mlp,gcn,graphsage --protocols strict_inductive,inductive_isolated,transductive --gnn-only --skip-missing-datasets --hidden-channels 64 --num-layers 2 --early-stopping-metric val_f1 --scaler-mode train_only --output-dir results/runs/multi_dataset_protocol --seeds 1,3,5,7,9 --device cuda --execute --prediction-dir results/runs/predictions --export-predictions"",""early_stopping_metric"":""val_f1"",""early_stopping_split"":""validation"",""graph_mode"":""full_graph"",""scaler_mode"":""train_only"",""split_name"":""t1-14_val15-16_test17-20""}",038ce1d04bb65dadd4a084c4bfdcc7340c3922b54961b4f3d86af4b9ca5e9b84,CANONICAL_RESULT_COMMAND_AND_FIELDS,$HISTORICAL_GNN_FRAUD_REPO/results/runs_rb09v3/runs.csv,UNRESOLVED_LEGACY_CODE,tree-6fa0cc19d70e7c207c9af5b868d89b1b98ed0ed7,$HISTORICAL_GNN_FRAUD_REPO/results/runs_rb09v3/runs.csv,,,UNRESOLVED,true,"{""device"":""cuda"",""hardware"":""unresolved_from_per_run_record"",""measurement_scope"":""per_run_result_record"",""peak_memory"":null,""runtime_seconds"":184.405}",728d1a268b3c6eef3ffbd8fca6fbac54786072c8d59f0b1e044378cb48a6c6e3,
dgraphfin,node_classification,transductive_structure,transductive,graphsage,sage,6,fold0,INDEX_REFERENCED_FILE_MISSING,CANONICAL_PREDICTION_PATH_MISSING;INDEXED_SOURCE_ARCHIVE_MISSING,RB09v3_structure_decay_10seed,$HISTORICAL_GNN_FRAUD_REPO/results/runs_rb09v3/predictions_manifest.json,528152753c1887ae6fa64631fddbd53926938d9e358b7eb4f003ad2c508b2d4e,kaggleoutputs/dgraphfin_10seed_transductive/predictions/dgraphfin__transductive__sage__seed6.csv,,174845651,,,,dgraphfin_10seed_transductive.zip,$HISTORICAL_GNN_FRAUD_REPO/kaggleoutputs/dgraphfin_10seed_transductive.zip,6d0167aae53b681bb7ffc037b84c723869ba718f30feb955c333890bfe8783d5,predictions/dgraphfin__transductive__sage__seed6.csv,false,RB09v3,,$HISTORICAL_GNN_FRAUD_REPO/results/runs_rb09v3/runs.csv#dgraphfin:transductive:sage:seed6,d9f77bfd14ccaf157780858e35ecfee96af1e2fbf60f3559ad888d14c0ace2e9,RB15_IMPORT_ERRORS_EMPTY_AND_MEMBER_REFERENCED,$HISTORICAL_GNN_FRAUD_REPO/results/runs_rb15_graphsafe_tta/import_manifest.json,RB09V3_ARTIFACT_FAMILY_180_AND_RB15_CONSUMED_MEMBER,"{""command"":""/kaggle/working/gnn-fraud/scripts/run_multi_dataset_protocol_benchmark.py --datasets dgraphfin --models mlp,gcn,graphsage --protocols strict_inductive,inductive_isolated,transductive --gnn-only --skip-missing-datasets --hidden-channels 64 --num-layers 2 --early-stopping-metric val_f1 --scaler-mode train_only --output-dir results/runs/multi_dataset_protocol --seeds 2,4,6,8,10 --device cuda --execute --prediction-dir results/runs/predictions --export-predictions"",""early_stopping_metric"":""val_f1"",""early_stopping_split"":""validation"",""graph_mode"":""full_graph"",""scaler_mode"":""train_only"",""split_name"":""t1-14_val15-16_test17-20""}",cd937cc8596356df6b101d2b90a03884c640b030e42279298ae241328c5a2db9,CANONICAL_RESULT_COMMAND_AND_FIELDS,$HISTORICAL_GNN_FRAUD_REPO/results/runs_rb09v3/runs.csv,UNRESOLVED_LEGACY_CODE,tree-6fa0cc19d70e7c207c9af5b868d89b1b98ed0ed7,$HISTORICAL_GNN_FRAUD_REPO/results/runs_rb09v3/runs.csv,,,UNRESOLVED,true,"{""device"":""cuda"",""hardware"":""unresolved_from_per_run_record"",""measurement_scope"":""per_run_result_record"",""peak_memory"":null,""runtime_seconds"":182.411}",407a7360eb3441fdc5281d687a7cdca38ae81cb2c28fb2f479f6d9b8cb0e64a0,
dgraphfin,node_classification,transductive_structure,transductive,graphsage,sage,7,fold0,INDEX_REFERENCED_FILE_MISSING,CANONICAL_PREDICTION_PATH_MISSING;INDEXED_SOURCE_ARCHIVE_MISSING,RB09v3_structure_decay_10seed,$HISTORICAL_GNN_FRAUD_REPO/results/runs_rb09v3/predictions_manifest.json,528152753c1887ae6fa64631fddbd53926938d9e358b7eb4f003ad2c508b2d4e,kaggleoutputs/dgraphfin_10seed_transductive/predictions/dgraphfin__transductive__sage__seed7.csv,,174845471,,,,dgraphfin_10seed_transductive.zip,$HISTORICAL_GNN_FRAUD_REPO/kaggleoutputs/dgraphfin_10seed_transductive.zip,6d0167aae53b681bb7ffc037b84c723869ba718f30feb955c333890bfe8783d5,predictions/dgraphfin__transductive__sage__seed7.csv,false,RB09v3,,$HISTORICAL_GNN_FRAUD_REPO/results/runs_rb09v3/runs.csv#dgraphfin:transductive:sage:seed7,d9f77bfd14ccaf157780858e35ecfee96af1e2fbf60f3559ad888d14c0ace2e9,RB15_IMPORT_ERRORS_EMPTY_AND_MEMBER_REFERENCED,$HISTORICAL_GNN_FRAUD_REPO/results/runs_rb15_graphsafe_tta/import_manifest.json,RB09V3_ARTIFACT_FAMILY_180_AND_RB15_CONSUMED_MEMBER,"{""command"":""/kaggle/working/gnn-fraud/scripts/run_multi_dataset_protocol_benchmark.py --datasets dgraphfin --models mlp,gcn,graphsage --protocols strict_inductive,inductive_isolated,transductive --gnn-only --skip-missing-datasets --hidden-channels 64 --num-layers 2 --early-stopping-metric val_f1 --scaler-mode train_only --output-dir results/runs/multi_dataset_protocol --seeds 1,3,5,7,9 --device cuda --execute --prediction-dir results/runs/predictions --export-predictions"",""early_stopping_metric"":""val_f1"",""early_stopping_split"":""validation"",""graph_mode"":""full_graph"",""scaler_mode"":""train_only"",""split_name"":""t1-14_val15-16_test17-20""}",038ce1d04bb65dadd4a084c4bfdcc7340c3922b54961b4f3d86af4b9ca5e9b84,CANONICAL_RESULT_COMMAND_AND_FIELDS,$HISTORICAL_GNN_FRAUD_REPO/results/runs_rb09v3/runs.csv,UNRESOLVED_LEGACY_CODE,tree-6fa0cc19d70e7c207c9af5b868d89b1b98ed0ed7,$HISTORICAL_GNN_FRAUD_REPO/results/runs_rb09v3/runs.csv,,,UNRESOLVED,true,"{""device"":""cuda"",""hardware"":""unresolved_from_per_run_record"",""measurement_scope"":""per_run_result_record"",""peak_memory"":null,""runtime_seconds"":184.294}",59c7550c6119364fe789dbe093501b3d459df4865465e00519d311ae07a0d3d7,
dgraphfin,node_classification,transductive_structure,transductive,graphsage,sage,8,fold0,INDEX_REFERENCED_FILE_MISSING,CANONICAL_PREDICTION_PATH_MISSING;INDEXED_SOURCE_ARCHIVE_MISSING,RB09v3_structure_decay_10seed,$HISTORICAL_GNN_FRAUD_REPO/results/runs_rb09v3/predictions_manifest.json,528152753c1887ae6fa64631fddbd53926938d9e358b7eb4f003ad2c508b2d4e,kaggleoutputs/dgraphfin_10seed_transductive/predictions/dgraphfin__transductive__sage__seed8.csv,,174845662,,,,dgraphfin_10seed_transductive.zip,$HISTORICAL_GNN_FRAUD_REPO/kaggleoutputs/dgraphfin_10seed_transductive.zip,6d0167aae53b681bb7ffc037b84c723869ba718f30feb955c333890bfe8783d5,predictions/dgraphfin__transductive__sage__seed8.csv,false,RB09v3,,$HISTORICAL_GNN_FRAUD_REPO/results/runs_rb09v3/runs.csv#dgraphfin:transductive:sage:seed8,d9f77bfd14ccaf157780858e35ecfee96af1e2fbf60f3559ad888d14c0ace2e9,RB15_IMPORT_ERRORS_EMPTY_AND_MEMBER_REFERENCED,$HISTORICAL_GNN_FRAUD_REPO/results/runs_rb15_graphsafe_tta/import_manifest.json,RB09V3_ARTIFACT_FAMILY_180_AND_RB15_CONSUMED_MEMBER,"{""command"":""/kaggle/working/gnn-fraud/scripts/run_multi_dataset_protocol_benchmark.py --datasets dgraphfin --models mlp,gcn,graphsage --protocols strict_inductive,inductive_isolated,transductive --gnn-only --skip-missing-datasets --hidden-channels 64 --num-layers 2 --early-stopping-metric val_f1 --scaler-mode train_only --output-dir results/runs/multi_dataset_protocol --seeds 2,4,6,8,10 --device cuda --execute --prediction-dir results/runs/predictions --export-predictions"",""early_stopping_metric"":""val_f1"",""early_stopping_split"":""validation"",""graph_mode"":""full_graph"",""scaler_mode"":""train_only"",""split_name"":""t1-14_val15-16_test17-20""}",cd937cc8596356df6b101d2b90a03884c640b030e42279298ae241328c5a2db9,CANONICAL_RESULT_COMMAND_AND_FIELDS,$HISTORICAL_GNN_FRAUD_REPO/results/runs_rb09v3/runs.csv,UNRESOLVED_LEGACY_CODE,tree-6fa0cc19d70e7c207c9af5b868d89b1b98ed0ed7,$HISTORICAL_GNN_FRAUD_REPO/results/runs_rb09v3/runs.csv,,,UNRESOLVED,true,"{""device"":""cuda"",""hardware"":""unresolved_from_per_run_record"",""measurement_scope"":""per_run_result_record"",""peak_memory"":null,""runtime_seconds"":181.997}",dfb1b241d3cb1565d89d02cb35aaaaa8053eda073933cc34247d928142e9f047,
dgraphfin,node_classification,transductive_structure,transductive,graphsage,sage,9,fold0,INDEX_REFERENCED_FILE_MISSING,CANONICAL_PREDICTION_PATH_MISSING;INDEXED_SOURCE_ARCHIVE_MISSING,RB09v3_structure_decay_10seed,$HISTORICAL_GNN_FRAUD_REPO/results/runs_rb09v3/predictions_manifest.json,528152753c1887ae6fa64631fddbd53926938d9e358b7eb4f003ad2c508b2d4e,kaggleoutputs/dgraphfin_10seed_transductive/predictions/dgraphfin__transductive__sage__seed9.csv,,174845019,,,,dgraphfin_10seed_transductive.zip,$HISTORICAL_GNN_FRAUD_REPO/kaggleoutputs/dgraphfin_10seed_transductive.zip,6d0167aae53b681bb7ffc037b84c723869ba718f30feb955c333890bfe8783d5,predictions/dgraphfin__transductive__sage__seed9.csv,false,RB09v3,,$HISTORICAL_GNN_FRAUD_REPO/results/runs_rb09v3/runs.csv#dgraphfin:transductive:sage:seed9,d9f77bfd14ccaf157780858e35ecfee96af1e2fbf60f3559ad888d14c0ace2e9,RB15_IMPORT_ERRORS_EMPTY_AND_MEMBER_REFERENCED,$HISTORICAL_GNN_FRAUD_REPO/results/runs_rb15_graphsafe_tta/import_manifest.json,RB09V3_ARTIFACT_FAMILY_180_AND_RB15_CONSUMED_MEMBER,"{""command"":""/kaggle/working/gnn-fraud/scripts/run_multi_dataset_protocol_benchmark.py --datasets dgraphfin --models mlp,gcn,graphsage --protocols strict_inductive,inductive_isolated,transductive --gnn-only --skip-missing-datasets --hidden-channels 64 --num-layers 2 --early-stopping-metric val_f1 --scaler-mode train_only --output-dir results/runs/multi_dataset_protocol --seeds 1,3,5,7,9 --device cuda --execute --prediction-dir results/runs/predictions --export-predictions"",""early_stopping_metric"":""val_f1"",""early_stopping_split"":""validation"",""graph_mode"":""full_graph"",""scaler_mode"":""train_only"",""split_name"":""t1-14_val15-16_test17-20""}",038ce1d04bb65dadd4a084c4bfdcc7340c3922b54961b4f3d86af4b9ca5e9b84,CANONICAL_RESULT_COMMAND_AND_FIELDS,$HISTORICAL_GNN_FRAUD_REPO/results/runs_rb09v3/runs.csv,UNRESOLVED_LEGACY_CODE,tree-6fa0cc19d70e7c207c9af5b868d89b1b98ed0ed7,$HISTORICAL_GNN_FRAUD_REPO/results/runs_rb09v3/runs.csv,,,UNRESOLVED,true,"{""device"":""cuda"",""hardware"":""unresolved_from_per_run_record"",""measurement_scope"":""per_run_result_record"",""peak_memory"":null,""runtime_seconds"":184.142}",10495742df1aaf11158b31ff4b774840704ec03f376a1d33bce2695183024871,
dgraphfin,node_classification,transductive_structure,transductive,graphsage,sage,10,fold0,INDEX_REFERENCED_FILE_MISSING,CANONICAL_PREDICTION_PATH_MISSING;INDEXED_SOURCE_ARCHIVE_MISSING,RB09v3_structure_decay_10seed,$HISTORICAL_GNN_FRAUD_REPO/results/runs_rb09v3/predictions_manifest.json,528152753c1887ae6fa64631fddbd53926938d9e358b7eb4f003ad2c508b2d4e,kaggleoutputs/dgraphfin_10seed_transductive/predictions/dgraphfin__transductive__sage__seed10.csv,,177295611,,,,dgraphfin_10seed_transductive.zip,$HISTORICAL_GNN_FRAUD_REPO/kaggleoutputs/dgraphfin_10seed_transductive.zip,6d0167aae53b681bb7ffc037b84c723869ba718f30feb955c333890bfe8783d5,predictions/dgraphfin__transductive__sage__seed10.csv,false,RB09v3,,$HISTORICAL_GNN_FRAUD_REPO/results/runs_rb09v3/runs.csv#dgraphfin:transductive:sage:seed10,d9f77bfd14ccaf157780858e35ecfee96af1e2fbf60f3559ad888d14c0ace2e9,RB15_IMPORT_ERRORS_EMPTY_AND_MEMBER_REFERENCED,$HISTORICAL_GNN_FRAUD_REPO/results/runs_rb15_graphsafe_tta/import_manifest.json,RB09V3_ARTIFACT_FAMILY_180_AND_RB15_CONSUMED_MEMBER,"{""command"":""/kaggle/working/gnn-fraud/scripts/run_multi_dataset_protocol_benchmark.py --datasets dgraphfin --models mlp,gcn,graphsage --protocols strict_inductive,inductive_isolated,transductive --gnn-only --skip-missing-datasets --hidden-channels 64 --num-layers 2 --early-stopping-metric val_f1 --scaler-mode train_only --output-dir results/runs/multi_dataset_protocol --seeds 2,4,6,8,10 --device cuda --execute --prediction-dir results/runs/predictions --export-predictions"",""early_stopping_metric"":""val_f1"",""early_stopping_split"":""validation"",""graph_mode"":""full_graph"",""scaler_mode"":""train_only"",""split_name"":""t1-14_val15-16_test17-20""}",cd937cc8596356df6b101d2b90a03884c640b030e42279298ae241328c5a2db9,CANONICAL_RESULT_COMMAND_AND_FIELDS,$HISTORICAL_GNN_FRAUD_REPO/results/runs_rb09v3/runs.csv,UNRESOLVED_LEGACY_CODE,tree-6fa0cc19d70e7c207c9af5b868d89b1b98ed0ed7,$HISTORICAL_GNN_FRAUD_REPO/results/runs_rb09v3/runs.csv,,,UNRESOLVED,true,"{""device"":""cuda"",""hardware"":""unresolved_from_per_run_record"",""measurement_scope"":""per_run_result_record"",""peak_memory"":null,""runtime_seconds"":182.253}",c556d3a94d4190b27c05502e5931d1900a3192ad1b032ae88d5bf6bae8489e12,
elliptic,node_classification,isolated_inductive,inductive_isolated,feature_mlp,mlp,1,fold0,INDEX_REFERENCED_FILE_MISSING,CANONICAL_PREDICTION_PATH_MISSING;INDEXED_SOURCE_ARCHIVE_MISSING;UNVERIFIED_RAW_COORDINATE_CANDIDATES_NOT_ALIASED,RB09v3_structure_decay_10seed,$HISTORICAL_GNN_FRAUD_REPO/results/runs_rb09v3/predictions_manifest.json,528152753c1887ae6fa64631fddbd53926938d9e358b7eb4f003ad2c508b2d4e,kaggleoutputs/elliptic_10seed_inductive_isolated/predictions/elliptic__inductive_isolated__mlp__seed1.csv,,6932933,,,$HISTORICAL_GNN_FRAUD_REPO/kaggle_workspace/imported_outputs/v20/RB28_ELLIPTIC_LOSS_ROBUSTNESS_SMOKE_2SEED_V20_DATA_MOUNT/RB28_ELLIPTIC_LOSS_ROBUSTNESS_SMOKE_2SEED_V20_DATA_MOUNT/predictions/loss_default/elliptic__inductive_isolated__mlp__seed1.csv;$HISTORICAL_GNN_FRAUD_REPO/kaggle_workspace/imported_outputs/v20/RB28_ELLIPTIC_LOSS_ROBUSTNESS_SMOKE_2SEED_V20_DATA_MOUNT/RB28_ELLIPTIC_LOSS_ROBUSTNESS_SMOKE_2SEED_V20_DATA_MOUNT/predictions/loss_focal/elliptic__inductive_isolated__mlp__seed1.csv;$HISTORICAL_GNN_FRAUD_REPO/kaggle_workspace/imported_outputs/v20/RB28_ELLIPTIC_LOSS_ROBUSTNESS_SMOKE_2SEED_V20_DATA_MOUNT/RB28_ELLIPTIC_LOSS_ROBUSTNESS_SMOKE_2SEED_V20_DATA_MOUNT/predictions/loss_weighted_bce/elliptic__inductive_isolated__mlp__seed1.csv;$HISTORICAL_GNN_FRAUD_REPO/results/runs_rb11_sage_family/predictions/elliptic__inductive_isolated__mlp__seed1.csv,elliptic_10seed_inductive_isolated.zip,$HISTORICAL_GNN_FRAUD_REPO/kaggleoutputs/elliptic_10seed_inductive_isolated.zip,20f25a1f93604ea5eb8537c8808f9b69dae2fc82eccbccfd36c50c443aee94e8,predictions/elliptic__inductive_isolated__mlp__seed1.csv,false,RB09v3,,$HISTORICAL_GNN_FRAUD_REPO/results/runs_rb09v3/runs.csv#elliptic:inductive_isolated:mlp:seed1,d9f77bfd14ccaf157780858e35ecfee96af1e2fbf60f3559ad888d14c0ace2e9,RB15_IMPORT_ERRORS_EMPTY_AND_MEMBER_REFERENCED,$HISTORICAL_GNN_FRAUD_REPO/results/runs_rb15_graphsafe_tta/import_manifest.json,RB09V3_ARTIFACT_FAMILY_180_AND_RB15_CONSUMED_MEMBER,"{""command"":""/kaggle/working/gnn-fraud/scripts/run_multi_dataset_protocol_benchmark.py --datasets elliptic --models mlp,gcn,graphsage --protocols strict_inductive,inductive_isolated,transductive --gnn-only --skip-missing-datasets --hidden-channels 256 --num-layers 3 --early-stopping-metric val_f1 --scaler-mode train_only --output-dir results/runs/multi_dataset_protocol --seeds 1,3,5,7,9 --device cuda --execute --prediction-dir results/runs/predictions --export-predictions"",""early_stopping_metric"":""val_f1"",""early_stopping_split"":""validation"",""graph_mode"":""inductive_isolated_eval"",""scaler_mode"":""train_only"",""split_name"":""t1-30_val31-34_test35-49""}",da4e03324bc62b70e54bb53a2641d391dcd93a33dee316df5860bbbcd1821758,CANONICAL_RESULT_COMMAND_AND_FIELDS,$HISTORICAL_GNN_FRAUD_REPO/results/runs_rb09v3/runs.csv,UNRESOLVED_LEGACY_CODE,tree-6fa0cc19d70e7c207c9af5b868d89b1b98ed0ed7,$HISTORICAL_GNN_FRAUD_REPO/results/runs_rb09v3/runs.csv,,,UNRESOLVED,true,"{""device"":""cuda"",""hardware"":""unresolved_from_per_run_record"",""measurement_scope"":""per_run_result_record"",""peak_memory"":null,""runtime_seconds"":9.809}",16e17eec69eaa232e7f5439ec0cba60d3d2365b1ab4d0580e54b697b1fabfe18,
elliptic,node_classification,isolated_inductive,inductive_isolated,feature_mlp,mlp,2,fold0,INDEX_REFERENCED_FILE_MISSING,CANONICAL_PREDICTION_PATH_MISSING;INDEXED_SOURCE_ARCHIVE_MISSING;UNVERIFIED_RAW_COORDINATE_CANDIDATES_NOT_ALIASED,RB09v3_structure_decay_10seed,$HISTORICAL_GNN_FRAUD_REPO/results/runs_rb09v3/predictions_manifest.json,528152753c1887ae6fa64631fddbd53926938d9e358b7eb4f003ad2c508b2d4e,kaggleoutputs/elliptic_10seed_inductive_isolated/predictions/elliptic__inductive_isolated__mlp__seed2.csv,,6931217,,,$HISTORICAL_GNN_FRAUD_REPO/kaggle_workspace/imported_outputs/v20/RB28_ELLIPTIC_LOSS_ROBUSTNESS_SMOKE_2SEED_V20_DATA_MOUNT/RB28_ELLIPTIC_LOSS_ROBUSTNESS_SMOKE_2SEED_V20_DATA_MOUNT/predictions/loss_default/elliptic__inductive_isolated__mlp__seed2.csv;$HISTORICAL_GNN_FRAUD_REPO/kaggle_workspace/imported_outputs/v20/RB28_ELLIPTIC_LOSS_ROBUSTNESS_SMOKE_2SEED_V20_DATA_MOUNT/RB28_ELLIPTIC_LOSS_ROBUSTNESS_SMOKE_2SEED_V20_DATA_MOUNT/predictions/loss_focal/elliptic__inductive_isolated__mlp__seed2.csv;$HISTORICAL_GNN_FRAUD_REPO/kaggle_workspace/imported_outputs/v20/RB28_ELLIPTIC_LOSS_ROBUSTNESS_SMOKE_2SEED_V20_DATA_MOUNT/RB28_ELLIPTIC_LOSS_ROBUSTNESS_SMOKE_2SEED_V20_DATA_MOUNT/predictions/loss_weighted_bce/elliptic__inductive_isolated__mlp__seed2.csv;$HISTORICAL_GNN_FRAUD_REPO/results/runs_rb11_sage_family/predictions/elliptic__inductive_isolated__mlp__seed2.csv,elliptic_10seed_inductive_isolated.zip,$HISTORICAL_GNN_FRAUD_REPO/kaggleoutputs/elliptic_10seed_inductive_isolated.zip,20f25a1f93604ea5eb8537c8808f9b69dae2fc82eccbccfd36c50c443aee94e8,predictions/elliptic__inductive_isolated__mlp__seed2.csv,false,RB09v3,,$HISTORICAL_GNN_FRAUD_REPO/results/runs_rb09v3/runs.csv#elliptic:inductive_isolated:mlp:seed2,d9f77bfd14ccaf157780858e35ecfee96af1e2fbf60f3559ad888d14c0ace2e9,RB15_IMPORT_ERRORS_EMPTY_AND_MEMBER_REFERENCED,$HISTORICAL_GNN_FRAUD_REPO/results/runs_rb15_graphsafe_tta/import_manifest.json,RB09V3_ARTIFACT_FAMILY_180_AND_RB15_CONSUMED_MEMBER,"{""command"":""/kaggle/working/gnn-fraud/scripts/run_multi_dataset_protocol_benchmark.py --datasets elliptic --models mlp,gcn,graphsage --protocols strict_inductive,inductive_isolated,transductive --gnn-only --skip-missing-datasets --hidden-channels 256 --num-layers 3 --early-stopping-metric val_f1 --scaler-mode train_only --output-dir results/runs/multi_dataset_protocol --seeds 2,4,6,8,10 --device cuda --execute --prediction-dir results/runs/predictions --export-predictions"",""early_stopping_metric"":""val_f1"",""early_stopping_split"":""validation"",""graph_mode"":""inductive_isolated_eval"",""scaler_mode"":""train_only"",""split_name"":""t1-30_val31-34_test35-49""}",b65f86b2e6f7bde995d5529b122d0e16dd4eea587222d6101d28b7e11ea1f72b,CANONICAL_RESULT_COMMAND_AND_FIELDS,$HISTORICAL_GNN_FRAUD_REPO/results/runs_rb09v3/runs.csv,UNRESOLVED_LEGACY_CODE,tree-6fa0cc19d70e7c207c9af5b868d89b1b98ed0ed7,$HISTORICAL_GNN_FRAUD_REPO/results/runs_rb09v3/runs.csv,,,UNRESOLVED,true,"{""device"":""cuda"",""hardware"":""unresolved_from_per_run_record"",""measurement_scope"":""per_run_result_record"",""peak_memory"":null,""runtime_seconds"":9.849}",836c12477430d8fedb66454cf5f84257bb28b5705df62ea245e6c45005070268,
elliptic,node_classification,isolated_inductive,inductive_isolated,feature_mlp,mlp,3,fold0,INDEX_REFERENCED_FILE_MISSING,CANONICAL_PREDICTION_PATH_MISSING;INDEXED_SOURCE_ARCHIVE_MISSING;UNVERIFIED_RAW_COORDINATE_CANDIDATES_NOT_ALIASED,RB09v3_structure_decay_10seed,$HISTORICAL_GNN_FRAUD_REPO/results/runs_rb09v3/predictions_manifest.json,528152753c1887ae6fa64631fddbd53926938d9e358b7eb4f003ad2c508b2d4e,kaggleoutputs/elliptic_10seed_inductive_isolated/predictions/elliptic__inductive_isolated__mlp__seed3.csv,,6930754,,,$HISTORICAL_GNN_FRAUD_REPO/results/runs_rb11_sage_family/predictions/elliptic__inductive_isolated__mlp__seed3.csv,elliptic_10seed_inductive_isolated.zip,$HISTORICAL_GNN_FRAUD_REPO/kaggleoutputs/elliptic_10seed_inductive_isolated.zip,20f25a1f93604ea5eb8537c8808f9b69dae2fc82eccbccfd36c50c443aee94e8,predictions/elliptic__inductive_isolated__mlp__seed3.csv,false,RB09v3,,$HISTORICAL_GNN_FRAUD_REPO/results/runs_rb09v3/runs.csv#elliptic:inductive_isolated:mlp:seed3,d9f77bfd14ccaf157780858e35ecfee96af1e2fbf60f3559ad888d14c0ace2e9,RB15_IMPORT_ERRORS_EMPTY_AND_MEMBER_REFERENCED,$HISTORICAL_GNN_FRAUD_REPO/results/runs_rb15_graphsafe_tta/import_manifest.json,RB09V3_ARTIFACT_FAMILY_180_AND_RB15_CONSUMED_MEMBER,"{""command"":""/kaggle/working/gnn-fraud/scripts/run_multi_dataset_protocol_benchmark.py --datasets elliptic --models mlp,gcn,graphsage --protocols strict_inductive,inductive_isolated,transductive --gnn-only --skip-missing-datasets --hidden-channels 256 --num-layers 3 --early-stopping-metric val_f1 --scaler-mode train_only --output-dir results/runs/multi_dataset_protocol --seeds 1,3,5,7,9 --device cuda --execute --prediction-dir results/runs/predictions --export-predictions"",""early_stopping_metric"":""val_f1"",""early_stopping_split"":""validation"",""graph_mode"":""inductive_isolated_eval"",""scaler_mode"":""train_only"",""split_name"":""t1-30_val31-34_test35-49""}",da4e03324bc62b70e54bb53a2641d391dcd93a33dee316df5860bbbcd1821758,CANONICAL_RESULT_COMMAND_AND_FIELDS,$HISTORICAL_GNN_FRAUD_REPO/results/runs_rb09v3/runs.csv,UNRESOLVED_LEGACY_CODE,tree-6fa0cc19d70e7c207c9af5b868d89b1b98ed0ed7,$HISTORICAL_GNN_FRAUD_REPO/results/runs_rb09v3/runs.csv,,,UNRESOLVED,true,"{""device"":""cuda"",""hardware"":""unresolved_from_per_run_record"",""measurement_scope"":""per_run_result_record"",""peak_memory"":null,""runtime_seconds"":9.883}",f95bb21b049e142f7d6730166d9ae53ea64b11c3a76ed2124da3b7113407cfa2,
elliptic,node_classification,isolated_inductive,inductive_isolated,feature_mlp,mlp,4,fold0,INDEX_REFERENCED_FILE_MISSING,CANONICAL_PREDICTION_PATH_MISSING;INDEXED_SOURCE_ARCHIVE_MISSING;UNVERIFIED_RAW_COORDINATE_CANDIDATES_NOT_ALIASED,RB09v3_structure_decay_10seed,$HISTORICAL_GNN_FRAUD_REPO/results/runs_rb09v3/predictions_manifest.json,528152753c1887ae6fa64631fddbd53926938d9e358b7eb4f003ad2c508b2d4e,kaggleoutputs/elliptic_10seed_inductive_isolated/predictions/elliptic__inductive_isolated__mlp__seed4.csv,,6931767,,,$HISTORICAL_GNN_FRAUD_REPO/results/runs_rb11_sage_family/predictions/elliptic__inductive_isolated__mlp__seed4.csv,elliptic_10seed_inductive_isolated.zip,$HISTORICAL_GNN_FRAUD_REPO/kaggleoutputs/elliptic_10seed_inductive_isolated.zip,20f25a1f93604ea5eb8537c8808f9b69dae2fc82eccbccfd36c50c443aee94e8,predictions/elliptic__inductive_isolated__mlp__seed4.csv,false,RB09v3,,$HISTORICAL_GNN_FRAUD_REPO/results/runs_rb09v3/runs.csv#elliptic:inductive_isolated:mlp:seed4,d9f77bfd14ccaf157780858e35ecfee96af1e2fbf60f3559ad888d14c0ace2e9,RB15_IMPORT_ERRORS_EMPTY_AND_MEMBER_REFERENCED,$HISTORICAL_GNN_FRAUD_REPO/results/runs_rb15_graphsafe_tta/import_manifest.json,RB09V3_ARTIFACT_FAMILY_180_AND_RB15_CONSUMED_MEMBER,"{""command"":""/kaggle/working/gnn-fraud/scripts/run_multi_dataset_protocol_benchmark.py --datasets elliptic --models mlp,gcn,graphsage --protocols strict_inductive,inductive_isolated,transductive --gnn-only --skip-missing-datasets --hidden-channels 256 --num-layers 3 --early-stopping-metric val_f1 --scaler-mode train_only --output-dir results/runs/multi_dataset_protocol --seeds 2,4,6,8,10 --device cuda --execute --prediction-dir results/runs/predictions --export-predictions"",""early_stopping_metric"":""val_f1"",""early_stopping_split"":""validation"",""graph_mode"":""inductive_isolated_eval"",""scaler_mode"":""train_only"",""split_name"":""t1-30_val31-34_test35-49""}",b65f86b2e6f7bde995d5529b122d0e16dd4eea587222d6101d28b7e11ea1f72b,CANONICAL_RESULT_COMMAND_AND_FIELDS,$HISTORICAL_GNN_FRAUD_REPO/results/runs_rb09v3/runs.csv,UNRESOLVED_LEGACY_CODE,tree-6fa0cc19d70e7c207c9af5b868d89b1b98ed0ed7,$HISTORICAL_GNN_FRAUD_REPO/results/runs_rb09v3/runs.csv,,,UNRESOLVED,true,"{""device"":""cuda"",""hardware"":""unresolved_from_per_run_record"",""measurement_scope"":""per_run_result_record"",""peak_memory"":null,""runtime_seconds"":9.821}",64792b5062ada49f3b8b8e728db96160a75d43fb3b7b4935055e7df68b95f4dd,
elliptic,node_classification,isolated_inductive,inductive_isolated,feature_mlp,mlp,5,fold0,INDEX_REFERENCED_FILE_MISSING,CANONICAL_PREDICTION_PATH_MISSING;INDEXED_SOURCE_ARCHIVE_MISSING;UNVERIFIED_RAW_COORDINATE_CANDIDATES_NOT_ALIASED,RB09v3_structure_decay_10seed,$HISTORICAL_GNN_FRAUD_REPO/results/runs_rb09v3/predictions_manifest.json,528152753c1887ae6fa64631fddbd53926938d9e358b7eb4f003ad2c508b2d4e,kaggleoutputs/elliptic_10seed_inductive_isolated/predictions/elliptic__inductive_isolated__mlp__seed5.csv,,6933443,,,$HISTORICAL_GNN_FRAUD_REPO/results/runs_rb11_sage_family/predictions/elliptic__inductive_isolated__mlp__seed5.csv,elliptic_10seed_inductive_isolated.zip,$HISTORICAL_GNN_FRAUD_REPO/kaggleoutputs/elliptic_10seed_inductive_isolated.zip,20f25a1f93604ea5eb8537c8808f9b69dae2fc82eccbccfd36c50c443aee94e8,predictions/elliptic__inductive_isolated__mlp__seed5.csv,false,RB09v3,,$HISTORICAL_GNN_FRAUD_REPO/results/runs_rb09v3/runs.csv#elliptic:inductive_isolated:mlp:seed5,d9f77bfd14ccaf157780858e35ecfee96af1e2fbf60f3559ad888d14c0ace2e9,RB15_IMPORT_ERRORS_EMPTY_AND_MEMBER_REFERENCED,$HISTORICAL_GNN_FRAUD_REPO/results/runs_rb15_graphsafe_tta/import_manifest.json,RB09V3_ARTIFACT_FAMILY_180_AND_RB15_CONSUMED_MEMBER,"{""command"":""/kaggle/working/gnn-fraud/scripts/run_multi_dataset_protocol_benchmark.py --datasets elliptic --models mlp,gcn,graphsage --protocols strict_inductive,inductive_isolated,transductive --gnn-only --skip-missing-datasets --hidden-channels 256 --num-layers 3 --early-stopping-metric val_f1 --scaler-mode train_only --output-dir results/runs/multi_dataset_protocol --seeds 1,3,5,7,9 --device cuda --execute --prediction-dir results/runs/predictions --export-predictions"",""early_stopping_metric"":""val_f1"",""early_stopping_split"":""validation"",""graph_mode"":""inductive_isolated_eval"",""scaler_mode"":""train_only"",""split_name"":""t1-30_val31-34_test35-49""}",da4e03324bc62b70e54bb53a2641d391dcd93a33dee316df5860bbbcd1821758,CANONICAL_RESULT_COMMAND_AND_FIELDS,$HISTORICAL_GNN_FRAUD_REPO/results/runs_rb09v3/runs.csv,UNRESOLVED_LEGACY_CODE,tree-6fa0cc19d70e7c207c9af5b868d89b1b98ed0ed7,$HISTORICAL_GNN_FRAUD_REPO/results/runs_rb09v3/runs.csv,,,UNRESOLVED,true,"{""device"":""cuda"",""hardware"":""unresolved_from_per_run_record"",""measurement_scope"":""per_run_result_record"",""peak_memory"":null,""runtime_seconds"":10.019}",7cc7513eaef30ea87190177bdf1b70ad196fb96544239b1d30ab28363fd06c7b,
elliptic,node_classification,isolated_inductive,inductive_isolated,feature_mlp,mlp,6,fold0,INDEX_REFERENCED_FILE_MISSING,CANONICAL_PREDICTION_PATH_MISSING;INDEXED_SOURCE_ARCHIVE_MISSING,RB09v3_structure_decay_10seed,$HISTORICAL_GNN_FRAUD_REPO/results/runs_rb09v3/predictions_manifest.json,528152753c1887ae6fa64631fddbd53926938d9e358b7eb4f003ad2c508b2d4e,kaggleoutputs/elliptic_10seed_inductive_isolated/predictions/elliptic__inductive_isolated__mlp__seed6.csv,,6930171,,,,elliptic_10seed_inductive_isolated.zip,$HISTORICAL_GNN_FRAUD_REPO/kaggleoutputs/elliptic_10seed_inductive_isolated.zip,20f25a1f93604ea5eb8537c8808f9b69dae2fc82eccbccfd36c50c443aee94e8,predictions/elliptic__inductive_isolated__mlp__seed6.csv,false,RB09v3,,$HISTORICAL_GNN_FRAUD_REPO/results/runs_rb09v3/runs.csv#elliptic:inductive_isolated:mlp:seed6,d9f77bfd14ccaf157780858e35ecfee96af1e2fbf60f3559ad888d14c0ace2e9,RB15_IMPORT_ERRORS_EMPTY_AND_MEMBER_REFERENCED,$HISTORICAL_GNN_FRAUD_REPO/results/runs_rb15_graphsafe_tta/import_manifest.json,RB09V3_ARTIFACT_FAMILY_180_AND_RB15_CONSUMED_MEMBER,"{""command"":""/kaggle/working/gnn-fraud/scripts/run_multi_dataset_protocol_benchmark.py --datasets elliptic --models mlp,gcn,graphsage --protocols strict_inductive,inductive_isolated,transductive --gnn-only --skip-missing-datasets --hidden-channels 256 --num-layers 3 --early-stopping-metric val_f1 --scaler-mode train_only --output-dir results/runs/multi_dataset_protocol --seeds 2,4,6,8,10 --device cuda --execute --prediction-dir results/runs/predictions --export-predictions"",""early_stopping_metric"":""val_f1"",""early_stopping_split"":""validation"",""graph_mode"":""inductive_isolated_eval"",""scaler_mode"":""train_only"",""split_name"":""t1-30_val31-34_test35-49""}",b65f86b2e6f7bde995d5529b122d0e16dd4eea587222d6101d28b7e11ea1f72b,CANONICAL_RESULT_COMMAND_AND_FIELDS,$HISTORICAL_GNN_FRAUD_REPO/results/runs_rb09v3/runs.csv,UNRESOLVED_LEGACY_CODE,tree-6fa0cc19d70e7c207c9af5b868d89b1b98ed0ed7,$HISTORICAL_GNN_FRAUD_REPO/results/runs_rb09v3/runs.csv,,,UNRESOLVED,true,"{""device"":""cuda"",""hardware"":""unresolved_from_per_run_record"",""measurement_scope"":""per_run_result_record"",""peak_memory"":null,""runtime_seconds"":9.751}",4efc48eb5954dfbf1ddf316c20830251bbe3c592f1d6c0a5807b6c4617f73af4,
elliptic,node_classification,isolated_inductive,inductive_isolated,feature_mlp,mlp,7,fold0,INDEX_REFERENCED_FILE_MISSING,CANONICAL_PREDICTION_PATH_MISSING;INDEXED_SOURCE_ARCHIVE_MISSING,RB09v3_structure_decay_10seed,$HISTORICAL_GNN_FRAUD_REPO/results/runs_rb09v3/predictions_manifest.json,528152753c1887ae6fa64631fddbd53926938d9e358b7eb4f003ad2c508b2d4e,kaggleoutputs/elliptic_10seed_inductive_isolated/predictions/elliptic__inductive_isolated__mlp__seed7.csv,,6935248,,,,elliptic_10seed_inductive_isolated.zip,$HISTORICAL_GNN_FRAUD_REPO/kaggleoutputs/elliptic_10seed_inductive_isolated.zip,20f25a1f93604ea5eb8537c8808f9b69dae2fc82eccbccfd36c50c443aee94e8,predictions/elliptic__inductive_isolated__mlp__seed7.csv,false,RB09v3,,$HISTORICAL_GNN_FRAUD_REPO/results/runs_rb09v3/runs.csv#elliptic:inductive_isolated:mlp:seed7,d9f77bfd14ccaf157780858e35ecfee96af1e2fbf60f3559ad888d14c0ace2e9,RB15_IMPORT_ERRORS_EMPTY_AND_MEMBER_REFERENCED,$HISTORICAL_GNN_FRAUD_REPO/results/runs_rb15_graphsafe_tta/import_manifest.json,RB09V3_ARTIFACT_FAMILY_180_AND_RB15_CONSUMED_MEMBER,"{""command"":""/kaggle/working/gnn-fraud/scripts/run_multi_dataset_protocol_benchmark.py --datasets elliptic --models mlp,gcn,graphsage --protocols strict_inductive,inductive_isolated,transductive --gnn-only --skip-missing-datasets --hidden-channels 256 --num-layers 3 --early-stopping-metric val_f1 --scaler-mode train_only --output-dir results/runs/multi_dataset_protocol --seeds 1,3,5,7,9 --device cuda --execute --prediction-dir results/runs/predictions --export-predictions"",""early_stopping_metric"":""val_f1"",""early_stopping_split"":""validation"",""graph_mode"":""inductive_isolated_eval"",""scaler_mode"":""train_only"",""split_name"":""t1-30_val31-34_test35-49""}",da4e03324bc62b70e54bb53a2641d391dcd93a33dee316df5860bbbcd1821758,CANONICAL_RESULT_COMMAND_AND_FIELDS,$HISTORICAL_GNN_FRAUD_REPO/results/runs_rb09v3/runs.csv,UNRESOLVED_LEGACY_CODE,tree-6fa0cc19d70e7c207c9af5b868d89b1b98ed0ed7,$HISTORICAL_GNN_FRAUD_REPO/results/runs_rb09v3/runs.csv,,,UNRESOLVED,true,"{""device"":""cuda"",""hardware"":""unresolved_from_per_run_record"",""measurement_scope"":""per_run_result_record"",""peak_memory"":null,""runtime_seconds"":9.996}",c6e3f6cbde68d1eda200a072ac4237435ab48efa1ad177d3a9a52c28528fe345,
elliptic,node_classification,isolated_inductive,inductive_isolated,feature_mlp,mlp,8,fold0,INDEX_REFERENCED_FILE_MISSING,CANONICAL_PREDICTION_PATH_MISSING;INDEXED_SOURCE_ARCHIVE_MISSING,RB09v3_structure_decay_10seed,$HISTORICAL_GNN_FRAUD_REPO/results/runs_rb09v3/predictions_manifest.json,528152753c1887ae6fa64631fddbd53926938d9e358b7eb4f003ad2c508b2d4e,kaggleoutputs/elliptic_10seed_inductive_isolated/predictions/elliptic__inductive_isolated__mlp__seed8.csv,,6931384,,,,elliptic_10seed_inductive_isolated.zip,$HISTORICAL_GNN_FRAUD_REPO/kaggleoutputs/elliptic_10seed_inductive_isolated.zip,20f25a1f93604ea5eb8537c8808f9b69dae2fc82eccbccfd36c50c443aee94e8,predictions/elliptic__inductive_isolated__mlp__seed8.csv,false,RB09v3,,$HISTORICAL_GNN_FRAUD_REPO/results/runs_rb09v3/runs.csv#elliptic:inductive_isolated:mlp:seed8,d9f77bfd14ccaf157780858e35ecfee96af1e2fbf60f3559ad888d14c0ace2e9,RB15_IMPORT_ERRORS_EMPTY_AND_MEMBER_REFERENCED,$HISTORICAL_GNN_FRAUD_REPO/results/runs_rb15_graphsafe_tta/import_manifest.json,RB09V3_ARTIFACT_FAMILY_180_AND_RB15_CONSUMED_MEMBER,"{""command"":""/kaggle/working/gnn-fraud/scripts/run_multi_dataset_protocol_benchmark.py --datasets elliptic --models mlp,gcn,graphsage --protocols strict_inductive,inductive_isolated,transductive --gnn-only --skip-missing-datasets --hidden-channels 256 --num-layers 3 --early-stopping-metric val_f1 --scaler-mode train_only --output-dir results/runs/multi_dataset_protocol --seeds 2,4,6,8,10 --device cuda --execute --prediction-dir results/runs/predictions --export-predictions"",""early_stopping_metric"":""val_f1"",""early_stopping_split"":""validation"",""graph_mode"":""inductive_isolated_eval"",""scaler_mode"":""train_only"",""split_name"":""t1-30_val31-34_test35-49""}",b65f86b2e6f7bde995d5529b122d0e16dd4eea587222d6101d28b7e11ea1f72b,CANONICAL_RESULT_COMMAND_AND_FIELDS,$HISTORICAL_GNN_FRAUD_REPO/results/runs_rb09v3/runs.csv,UNRESOLVED_LEGACY_CODE,tree-6fa0cc19d70e7c207c9af5b868d89b1b98ed0ed7,$HISTORICAL_GNN_FRAUD_REPO/results/runs_rb09v3/runs.csv,,,UNRESOLVED,true,"{""device"":""cuda"",""hardware"":""unresolved_from_per_run_record"",""measurement_scope"":""per_run_result_record"",""peak_memory"":null,""runtime_seconds"":9.75}",6e9af7eb01976836967169ec25229405f1f9b6b8ef36f157eba22aaf53b108d3,
elliptic,node_classification,isolated_inductive,inductive_isolated,feature_mlp,mlp,9,fold0,INDEX_REFERENCED_FILE_MISSING,CANONICAL_PREDICTION_PATH_MISSING;INDEXED_SOURCE_ARCHIVE_MISSING,RB09v3_structure_decay_10seed,$HISTORICAL_GNN_FRAUD_REPO/results/runs_rb09v3/predictions_manifest.json,528152753c1887ae6fa64631fddbd53926938d9e358b7eb4f003ad2c508b2d4e,kaggleoutputs/elliptic_10seed_inductive_isolated/predictions/elliptic__inductive_isolated__mlp__seed9.csv,,6933321,,,,elliptic_10seed_inductive_isolated.zip,$HISTORICAL_GNN_FRAUD_REPO/kaggleoutputs/elliptic_10seed_inductive_isolated.zip,20f25a1f93604ea5eb8537c8808f9b69dae2fc82eccbccfd36c50c443aee94e8,predictions/elliptic__inductive_isolated__mlp__seed9.csv,false,RB09v3,,$HISTORICAL_GNN_FRAUD_REPO/results/runs_rb09v3/runs.csv#elliptic:inductive_isolated:mlp:seed9,d9f77bfd14ccaf157780858e35ecfee96af1e2fbf60f3559ad888d14c0ace2e9,RB15_IMPORT_ERRORS_EMPTY_AND_MEMBER_REFERENCED,$HISTORICAL_GNN_FRAUD_REPO/results/runs_rb15_graphsafe_tta/import_manifest.json,RB09V3_ARTIFACT_FAMILY_180_AND_RB15_CONSUMED_MEMBER,"{""command"":""/kaggle/working/gnn-fraud/scripts/run_multi_dataset_protocol_benchmark.py --datasets elliptic --models mlp,gcn,graphsage --protocols strict_inductive,inductive_isolated,transductive --gnn-only --skip-missing-datasets --hidden-channels 256 --num-layers 3 --early-stopping-metric val_f1 --scaler-mode train_only --output-dir results/runs/multi_dataset_protocol --seeds 1,3,5,7,9 --device cuda --execute --prediction-dir results/runs/predictions --export-predictions"",""early_stopping_metric"":""val_f1"",""early_stopping_split"":""validation"",""graph_mode"":""inductive_isolated_eval"",""scaler_mode"":""train_only"",""split_name"":""t1-30_val31-34_test35-49""}",da4e03324bc62b70e54bb53a2641d391dcd93a33dee316df5860bbbcd1821758,CANONICAL_RESULT_COMMAND_AND_FIELDS,$HISTORICAL_GNN_FRAUD_REPO/results/runs_rb09v3/runs.csv,UNRESOLVED_LEGACY_CODE,tree-6fa0cc19d70e7c207c9af5b868d89b1b98ed0ed7,$HISTORICAL_GNN_FRAUD_REPO/results/runs_rb09v3/runs.csv,,,UNRESOLVED,true,"{""device"":""cuda"",""hardware"":""unresolved_from_per_run_record"",""measurement_scope"":""per_run_result_record"",""peak_memory"":null,""runtime_seconds"":9.951}",b76db7cec17279d247e8ea5ae4723a9a644e92d95cc99c6bee284aefd4d9dcd8,
elliptic,node_classification,isolated_inductive,inductive_isolated,feature_mlp,mlp,10,fold0,INDEX_REFERENCED_FILE_MISSING,CANONICAL_PREDICTION_PATH_MISSING;INDEXED_SOURCE_ARCHIVE_MISSING,RB09v3_structure_decay_10seed,$HISTORICAL_GNN_FRAUD_REPO/results/runs_rb09v3/predictions_manifest.json,528152753c1887ae6fa64631fddbd53926938d9e358b7eb4f003ad2c508b2d4e,kaggleoutputs/elliptic_10seed_inductive_isolated/predictions/elliptic__inductive_isolated__mlp__seed10.csv,,7028051,,,,elliptic_10seed_inductive_isolated.zip,$HISTORICAL_GNN_FRAUD_REPO/kaggleoutputs/elliptic_10seed_inductive_isolated.zip,20f25a1f93604ea5eb8537c8808f9b69dae2fc82eccbccfd36c50c443aee94e8,predictions/elliptic__inductive_isolated__mlp__seed10.csv,false,RB09v3,,$HISTORICAL_GNN_FRAUD_REPO/results/runs_rb09v3/runs.csv#elliptic:inductive_isolated:mlp:seed10,d9f77bfd14ccaf157780858e35ecfee96af1e2fbf60f3559ad888d14c0ace2e9,RB15_IMPORT_ERRORS_EMPTY_AND_MEMBER_REFERENCED,$HISTORICAL_GNN_FRAUD_REPO/results/runs_rb15_graphsafe_tta/import_manifest.json,RB09V3_ARTIFACT_FAMILY_180_AND_RB15_CONSUMED_MEMBER,"{""command"":""/kaggle/working/gnn-fraud/scripts/run_multi_dataset_protocol_benchmark.py --datasets elliptic --models mlp,gcn,graphsage --protocols strict_inductive,inductive_isolated,transductive --gnn-only --skip-missing-datasets --hidden-channels 256 --num-layers 3 --early-stopping-metric val_f1 --scaler-mode train_only --output-dir results/runs/multi_dataset_protocol --seeds 2,4,6,8,10 --device cuda --execute --prediction-dir results/runs/predictions --export-predictions"",""early_stopping_metric"":""val_f1"",""early_stopping_split"":""validation"",""graph_mode"":""inductive_isolated_eval"",""scaler_mode"":""train_only"",""split_name"":""t1-30_val31-34_test35-49""}",b65f86b2e6f7bde995d5529b122d0e16dd4eea587222d6101d28b7e11ea1f72b,CANONICAL_RESULT_COMMAND_AND_FIELDS,$HISTORICAL_GNN_FRAUD_REPO/results/runs_rb09v3/runs.csv,UNRESOLVED_LEGACY_CODE,tree-6fa0cc19d70e7c207c9af5b868d89b1b98ed0ed7,$HISTORICAL_GNN_FRAUD_REPO/results/runs_rb09v3/runs.csv,,,UNRESOLVED,true,"{""device"":""cuda"",""hardware"":""unresolved_from_per_run_record"",""measurement_scope"":""per_run_result_record"",""peak_memory"":null,""runtime_seconds"":9.737}",bb50acba9e26ad852938e16192b27ead0a9b2a064e1fd9bfda108bc39f0048cd,
elliptic,node_classification,isolated_inductive,inductive_isolated,gcn,gcn,1,fold0,INDEX_REFERENCED_FILE_MISSING,CANONICAL_PREDICTION_PATH_MISSING;INDEXED_SOURCE_ARCHIVE_MISSING;UNVERIFIED_RAW_COORDINATE_CANDIDATES_NOT_ALIASED,RB09v3_structure_decay_10seed,$HISTORICAL_GNN_FRAUD_REPO/results/runs_rb09v3/predictions_manifest.json,528152753c1887ae6fa64631fddbd53926938d9e358b7eb4f003ad2c508b2d4e,kaggleoutputs/elliptic_10seed_inductive_isolated/predictions/elliptic__inductive_isolated__gcn__seed1.csv,,6939332,,,$HISTORICAL_GNN_FRAUD_REPO/kaggle_workspace/imported_outputs/v20/RB28_ELLIPTIC_LOSS_ROBUSTNESS_SMOKE_2SEED_V20_DATA_MOUNT/RB28_ELLIPTIC_LOSS_ROBUSTNESS_SMOKE_2SEED_V20_DATA_MOUNT/predictions/loss_default/elliptic__inductive_isolated__gcn__seed1.csv;$HISTORICAL_GNN_FRAUD_REPO/kaggle_workspace/imported_outputs/v20/RB28_ELLIPTIC_LOSS_ROBUSTNESS_SMOKE_2SEED_V20_DATA_MOUNT/RB28_ELLIPTIC_LOSS_ROBUSTNESS_SMOKE_2SEED_V20_DATA_MOUNT/predictions/loss_focal/elliptic__inductive_isolated__gcn__seed1.csv;$HISTORICAL_GNN_FRAUD_REPO/kaggle_workspace/imported_outputs/v20/RB28_ELLIPTIC_LOSS_ROBUSTNESS_SMOKE_2SEED_V20_DATA_MOUNT/RB28_ELLIPTIC_LOSS_ROBUSTNESS_SMOKE_2SEED_V20_DATA_MOUNT/predictions/loss_weighted_bce/elliptic__inductive_isolated__gcn__seed1.csv,elliptic_10seed_inductive_isolated.zip,$HISTORICAL_GNN_FRAUD_REPO/kaggleoutputs/elliptic_10seed_inductive_isolated.zip,20f25a1f93604ea5eb8537c8808f9b69dae2fc82eccbccfd36c50c443aee94e8,predictions/elliptic__inductive_isolated__gcn__seed1.csv,false,RB09v3,,$HISTORICAL_GNN_FRAUD_REPO/results/runs_rb09v3/runs.csv#elliptic:inductive_isolated:gcn:seed1,d9f77bfd14ccaf157780858e35ecfee96af1e2fbf60f3559ad888d14c0ace2e9,RB15_IMPORT_ERRORS_EMPTY_AND_MEMBER_REFERENCED,$HISTORICAL_GNN_FRAUD_REPO/results/runs_rb15_graphsafe_tta/import_manifest.json,RB09V3_ARTIFACT_FAMILY_180_AND_RB15_CONSUMED_MEMBER,"{""command"":""/kaggle/working/gnn-fraud/scripts/run_multi_dataset_protocol_benchmark.py --datasets elliptic --models mlp,gcn,graphsage --protocols strict_inductive,inductive_isolated,transductive --gnn-only --skip-missing-datasets --hidden-channels 256 --num-layers 3 --early-stopping-metric val_f1 --scaler-mode train_only --output-dir results/runs/multi_dataset_protocol --seeds 1,3,5,7,9 --device cuda --execute --prediction-dir results/runs/predictions --export-predictions"",""early_stopping_metric"":""val_f1"",""early_stopping_split"":""validation"",""graph_mode"":""inductive_isolated_eval"",""scaler_mode"":""train_only"",""split_name"":""t1-30_val31-34_test35-49""}",da4e03324bc62b70e54bb53a2641d391dcd93a33dee316df5860bbbcd1821758,CANONICAL_RESULT_COMMAND_AND_FIELDS,$HISTORICAL_GNN_FRAUD_REPO/results/runs_rb09v3/runs.csv,UNRESOLVED_LEGACY_CODE,tree-6fa0cc19d70e7c207c9af5b868d89b1b98ed0ed7,$HISTORICAL_GNN_FRAUD_REPO/results/runs_rb09v3/runs.csv,,,UNRESOLVED,true,"{""device"":""cuda"",""hardware"":""unresolved_from_per_run_record"",""measurement_scope"":""per_run_result_record"",""peak_memory"":null,""runtime_seconds"":19.98}",ee029153ccd0bc11672eea2f662e6e9a107791bb66a92b8b669d0f379be8f1ce,
elliptic,node_classification,isolated_inductive,inductive_isolated,gcn,gcn,2,fold0,INDEX_REFERENCED_FILE_MISSING,CANONICAL_PREDICTION_PATH_MISSING;INDEXED_SOURCE_ARCHIVE_MISSING;UNVERIFIED_RAW_COORDINATE_CANDIDATES_NOT_ALIASED,RB09v3_structure_decay_10seed,$HISTORICAL_GNN_FRAUD_REPO/results/runs_rb09v3/predictions_manifest.json,528152753c1887ae6fa64631fddbd53926938d9e358b7eb4f003ad2c508b2d4e,kaggleoutputs/elliptic_10seed_inductive_isolated/predictions/elliptic__inductive_isolated__gcn__seed2.csv,,6932722,,,$HISTORICAL_GNN_FRAUD_REPO/kaggle_workspace/imported_outputs/v20/RB28_ELLIPTIC_LOSS_ROBUSTNESS_SMOKE_2SEED_V20_DATA_MOUNT/RB28_ELLIPTIC_LOSS_ROBUSTNESS_SMOKE_2SEED_V20_DATA_MOUNT/predictions/loss_default/elliptic__inductive_isolated__gcn__seed2.csv;$HISTORICAL_GNN_FRAUD_REPO/kaggle_workspace/imported_outputs/v20/RB28_ELLIPTIC_LOSS_ROBUSTNESS_SMOKE_2SEED_V20_DATA_MOUNT/RB28_ELLIPTIC_LOSS_ROBUSTNESS_SMOKE_2SEED_V20_DATA_MOUNT/predictions/loss_focal/elliptic__inductive_isolated__gcn__seed2.csv;$HISTORICAL_GNN_FRAUD_REPO/kaggle_workspace/imported_outputs/v20/RB28_ELLIPTIC_LOSS_ROBUSTNESS_SMOKE_2SEED_V20_DATA_MOUNT/RB28_ELLIPTIC_LOSS_ROBUSTNESS_SMOKE_2SEED_V20_DATA_MOUNT/predictions/loss_weighted_bce/elliptic__inductive_isolated__gcn__seed2.csv,elliptic_10seed_inductive_isolated.zip,$HISTORICAL_GNN_FRAUD_REPO/kaggleoutputs/elliptic_10seed_inductive_isolated.zip,20f25a1f93604ea5eb8537c8808f9b69dae2fc82eccbccfd36c50c443aee94e8,predictions/elliptic__inductive_isolated__gcn__seed2.csv,false,RB09v3,,$HISTORICAL_GNN_FRAUD_REPO/results/runs_rb09v3/runs.csv#elliptic:inductive_isolated:gcn:seed2,d9f77bfd14ccaf157780858e35ecfee96af1e2fbf60f3559ad888d14c0ace2e9,RB15_IMPORT_ERRORS_EMPTY_AND_MEMBER_REFERENCED,$HISTORICAL_GNN_FRAUD_REPO/results/runs_rb15_graphsafe_tta/import_manifest.json,RB09V3_ARTIFACT_FAMILY_180_AND_RB15_CONSUMED_MEMBER,"{""command"":""/kaggle/working/gnn-fraud/scripts/run_multi_dataset_protocol_benchmark.py --datasets elliptic --models mlp,gcn,graphsage --protocols strict_inductive,inductive_isolated,transductive --gnn-only --skip-missing-datasets --hidden-channels 256 --num-layers 3 --early-stopping-metric val_f1 --scaler-mode train_only --output-dir results/runs/multi_dataset_protocol --seeds 2,4,6,8,10 --device cuda --execute --prediction-dir results/runs/predictions --export-predictions"",""early_stopping_metric"":""val_f1"",""early_stopping_split"":""validation"",""graph_mode"":""inductive_isolated_eval"",""scaler_mode"":""train_only"",""split_name"":""t1-30_val31-34_test35-49""}",b65f86b2e6f7bde995d5529b122d0e16dd4eea587222d6101d28b7e11ea1f72b,CANONICAL_RESULT_COMMAND_AND_FIELDS,$HISTORICAL_GNN_FRAUD_REPO/results/runs_rb09v3/runs.csv,UNRESOLVED_LEGACY_CODE,tree-6fa0cc19d70e7c207c9af5b868d89b1b98ed0ed7,$HISTORICAL_GNN_FRAUD_REPO/results/runs_rb09v3/runs.csv,,,UNRESOLVED,true,"{""device"":""cuda"",""hardware"":""unresolved_from_per_run_record"",""measurement_scope"":""per_run_result_record"",""peak_memory"":null,""runtime_seconds"":19.756}",f8d4c65af1571a7197340c48c7a7b68abb14f322552a436dd4c57819a1e018fc,
elliptic,node_classification,isolated_inductive,inductive_isolated,gcn,gcn,3,fold0,INDEX_REFERENCED_FILE_MISSING,CANONICAL_PREDICTION_PATH_MISSING;INDEXED_SOURCE_ARCHIVE_MISSING,RB09v3_structure_decay_10seed,$HISTORICAL_GNN_FRAUD_REPO/results/runs_rb09v3/predictions_manifest.json,528152753c1887ae6fa64631fddbd53926938d9e358b7eb4f003ad2c508b2d4e,kaggleoutputs/elliptic_10seed_inductive_isolated/predictions/elliptic__inductive_isolated__gcn__seed3.csv,,6928886,,,,elliptic_10seed_inductive_isolated.zip,$HISTORICAL_GNN_FRAUD_REPO/kaggleoutputs/elliptic_10seed_inductive_isolated.zip,20f25a1f93604ea5eb8537c8808f9b69dae2fc82eccbccfd36c50c443aee94e8,predictions/elliptic__inductive_isolated__gcn__seed3.csv,false,RB09v3,,$HISTORICAL_GNN_FRAUD_REPO/results/runs_rb09v3/runs.csv#elliptic:inductive_isolated:gcn:seed3,d9f77bfd14ccaf157780858e35ecfee96af1e2fbf60f3559ad888d14c0ace2e9,RB15_IMPORT_ERRORS_EMPTY_AND_MEMBER_REFERENCED,$HISTORICAL_GNN_FRAUD_REPO/results/runs_rb15_graphsafe_tta/import_manifest.json,RB09V3_ARTIFACT_FAMILY_180_AND_RB15_CONSUMED_MEMBER,"{""command"":""/kaggle/working/gnn-fraud/scripts/run_multi_dataset_protocol_benchmark.py --datasets elliptic --models mlp,gcn,graphsage --protocols strict_inductive,inductive_isolated,transductive --gnn-only --skip-missing-datasets --hidden-channels 256 --num-layers 3 --early-stopping-metric val_f1 --scaler-mode train_only --output-dir results/runs/multi_dataset_protocol --seeds 1,3,5,7,9 --device cuda --execute --prediction-dir results/runs/predictions --export-predictions"",""early_stopping_metric"":""val_f1"",""early_stopping_split"":""validation"",""graph_mode"":""inductive_isolated_eval"",""scaler_mode"":""train_only"",""split_name"":""t1-30_val31-34_test35-49""}",da4e03324bc62b70e54bb53a2641d391dcd93a33dee316df5860bbbcd1821758,CANONICAL_RESULT_COMMAND_AND_FIELDS,$HISTORICAL_GNN_FRAUD_REPO/results/runs_rb09v3/runs.csv,UNRESOLVED_LEGACY_CODE,tree-6fa0cc19d70e7c207c9af5b868d89b1b98ed0ed7,$HISTORICAL_GNN_FRAUD_REPO/results/runs_rb09v3/runs.csv,,,UNRESOLVED,true,"{""device"":""cuda"",""hardware"":""unresolved_from_per_run_record"",""measurement_scope"":""per_run_result_record"",""peak_memory"":null,""runtime_seconds"":19.9}",960fb930d657634e38cb91078ed64d107972340c874d2e287792f1a7a3732e6f,
elliptic,node_classification,isolated_inductive,inductive_isolated,gcn,gcn,4,fold0,INDEX_REFERENCED_FILE_MISSING,CANONICAL_PREDICTION_PATH_MISSING;INDEXED_SOURCE_ARCHIVE_MISSING,RB09v3_structure_decay_10seed,$HISTORICAL_GNN_FRAUD_REPO/results/runs_rb09v3/predictions_manifest.json,528152753c1887ae6fa64631fddbd53926938d9e358b7eb4f003ad2c508b2d4e,kaggleoutputs/elliptic_10seed_inductive_isolated/predictions/elliptic__inductive_isolated__gcn__seed4.csv,,6924424,,,,elliptic_10seed_inductive_isolated.zip,$HISTORICAL_GNN_FRAUD_REPO/kaggleoutputs/elliptic_10seed_inductive_isolated.zip,20f25a1f93604ea5eb8537c8808f9b69dae2fc82eccbccfd36c50c443aee94e8,predictions/elliptic__inductive_isolated__gcn__seed4.csv,false,RB09v3,,$HISTORICAL_GNN_FRAUD_REPO/results/runs_rb09v3/runs.csv#elliptic:inductive_isolated:gcn:seed4,d9f77bfd14ccaf157780858e35ecfee96af1e2fbf60f3559ad888d14c0ace2e9,RB15_IMPORT_ERRORS_EMPTY_AND_MEMBER_REFERENCED,$HISTORICAL_GNN_FRAUD_REPO/results/runs_rb15_graphsafe_tta/import_manifest.json,RB09V3_ARTIFACT_FAMILY_180_AND_RB15_CONSUMED_MEMBER,"{""command"":""/kaggle/working/gnn-fraud/scripts/run_multi_dataset_protocol_benchmark.py --datasets elliptic --models mlp,gcn,graphsage --protocols strict_inductive,inductive_isolated,transductive --gnn-only --skip-missing-datasets --hidden-channels 256 --num-layers 3 --early-stopping-metric val_f1 --scaler-mode train_only --output-dir results/runs/multi_dataset_protocol --seeds 2,4,6,8,10 --device cuda --execute --prediction-dir results/runs/predictions --export-predictions"",""early_stopping_metric"":""val_f1"",""early_stopping_split"":""validation"",""graph_mode"":""inductive_isolated_eval"",""scaler_mode"":""train_only"",""split_name"":""t1-30_val31-34_test35-49""}",b65f86b2e6f7bde995d5529b122d0e16dd4eea587222d6101d28b7e11ea1f72b,CANONICAL_RESULT_COMMAND_AND_FIELDS,$HISTORICAL_GNN_FRAUD_REPO/results/runs_rb09v3/runs.csv,UNRESOLVED_LEGACY_CODE,tree-6fa0cc19d70e7c207c9af5b868d89b1b98ed0ed7,$HISTORICAL_GNN_FRAUD_REPO/results/runs_rb09v3/runs.csv,,,UNRESOLVED,true,"{""device"":""cuda"",""hardware"":""unresolved_from_per_run_record"",""measurement_scope"":""per_run_result_record"",""peak_memory"":null,""runtime_seconds"":19.786}",92bbf278a2912b0f8bb26525d0153e99ad1298e4227b4be8770825557158e124,
elliptic,node_classification,isolated_inductive,inductive_isolated,gcn,gcn,5,fold0,INDEX_REFERENCED_FILE_MISSING,CANONICAL_PREDICTION_PATH_MISSING;INDEXED_SOURCE_ARCHIVE_MISSING,RB09v3_structure_decay_10seed,$HISTORICAL_GNN_FRAUD_REPO/results/runs_rb09v3/predictions_manifest.json,528152753c1887ae6fa64631fddbd53926938d9e358b7eb4f003ad2c508b2d4e,kaggleoutputs/elliptic_10seed_inductive_isolated/predictions/elliptic__inductive_isolated__gcn__seed5.csv,,6940209,,,,elliptic_10seed_inductive_isolated.zip,$HISTORICAL_GNN_FRAUD_REPO/kaggleoutputs/elliptic_10seed_inductive_isolated.zip,20f25a1f93604ea5eb8537c8808f9b69dae2fc82eccbccfd36c50c443aee94e8,predictions/elliptic__inductive_isolated__gcn__seed5.csv,false,RB09v3,,$HISTORICAL_GNN_FRAUD_REPO/results/runs_rb09v3/runs.csv#elliptic:inductive_isolated:gcn:seed5,d9f77bfd14ccaf157780858e35ecfee96af1e2fbf60f3559ad888d14c0ace2e9,RB15_IMPORT_ERRORS_EMPTY_AND_MEMBER_REFERENCED,$HISTORICAL_GNN_FRAUD_REPO/results/runs_rb15_graphsafe_tta/import_manifest.json,RB09V3_ARTIFACT_FAMILY_180_AND_RB15_CONSUMED_MEMBER,"{""command"":""/kaggle/working/gnn-fraud/scripts/run_multi_dataset_protocol_benchmark.py --datasets elliptic --models mlp,gcn,graphsage --protocols strict_inductive,inductive_isolated,transductive --gnn-only --skip-missing-datasets --hidden-channels 256 --num-layers 3 --early-stopping-metric val_f1 --scaler-mode train_only --output-dir results/runs/multi_dataset_protocol --seeds 1,3,5,7,9 --device cuda --execute --prediction-dir results/runs/predictions --export-predictions"",""early_stopping_metric"":""val_f1"",""early_stopping_split"":""validation"",""graph_mode"":""inductive_isolated_eval"",""scaler_mode"":""train_only"",""split_name"":""t1-30_val31-34_test35-49""}",da4e03324bc62b70e54bb53a2641d391dcd93a33dee316df5860bbbcd1821758,CANONICAL_RESULT_COMMAND_AND_FIELDS,$HISTORICAL_GNN_FRAUD_REPO/results/runs_rb09v3/runs.csv,UNRESOLVED_LEGACY_CODE,tree-6fa0cc19d70e7c207c9af5b868d89b1b98ed0ed7,$HISTORICAL_GNN_FRAUD_REPO/results/runs_rb09v3/runs.csv,,,UNRESOLVED,true,"{""device"":""cuda"",""hardware"":""unresolved_from_per_run_record"",""measurement_scope"":""per_run_result_record"",""peak_memory"":null,""runtime_seconds"":19.883}",fc8ebcab24e72c52e48fc0fc5040bf0913525e0211b12a5c848627a7c6a4fd30,
elliptic,node_classification,isolated_inductive,inductive_isolated,gcn,gcn,6,fold0,INDEX_REFERENCED_FILE_MISSING,CANONICAL_PREDICTION_PATH_MISSING;INDEXED_SOURCE_ARCHIVE_MISSING,RB09v3_structure_decay_10seed,$HISTORICAL_GNN_FRAUD_REPO/results/runs_rb09v3/predictions_manifest.json,528152753c1887ae6fa64631fddbd53926938d9e358b7eb4f003ad2c508b2d4e,kaggleoutputs/elliptic_10seed_inductive_isolated/predictions/elliptic__inductive_isolated__gcn__seed6.csv,,6925389,,,,elliptic_10seed_inductive_isolated.zip,$HISTORICAL_GNN_FRAUD_REPO/kaggleoutputs/elliptic_10seed_inductive_isolated.zip,20f25a1f93604ea5eb8537c8808f9b69dae2fc82eccbccfd36c50c443aee94e8,predictions/elliptic__inductive_isolated__gcn__seed6.csv,false,RB09v3,,$HISTORICAL_GNN_FRAUD_REPO/results/runs_rb09v3/runs.csv#elliptic:inductive_isolated:gcn:seed6,d9f77bfd14ccaf157780858e35ecfee96af1e2fbf60f3559ad888d14c0ace2e9,RB15_IMPORT_ERRORS_EMPTY_AND_MEMBER_REFERENCED,$HISTORICAL_GNN_FRAUD_REPO/results/runs_rb15_graphsafe_tta/import_manifest.json,RB09V3_ARTIFACT_FAMILY_180_AND_RB15_CONSUMED_MEMBER,"{""command"":""/kaggle/working/gnn-fraud/scripts/run_multi_dataset_protocol_benchmark.py --datasets elliptic --models mlp,gcn,graphsage --protocols strict_inductive,inductive_isolated,transductive --gnn-only --skip-missing-datasets --hidden-channels 256 --num-layers 3 --early-stopping-metric val_f1 --scaler-mode train_only --output-dir results/runs/multi_dataset_protocol --seeds 2,4,6,8,10 --device cuda --execute --prediction-dir results/runs/predictions --export-predictions"",""early_stopping_metric"":""val_f1"",""early_stopping_split"":""validation"",""graph_mode"":""inductive_isolated_eval"",""scaler_mode"":""train_only"",""split_name"":""t1-30_val31-34_test35-49""}",b65f86b2e6f7bde995d5529b122d0e16dd4eea587222d6101d28b7e11ea1f72b,CANONICAL_RESULT_COMMAND_AND_FIELDS,$HISTORICAL_GNN_FRAUD_REPO/results/runs_rb09v3/runs.csv,UNRESOLVED_LEGACY_CODE,tree-6fa0cc19d70e7c207c9af5b868d89b1b98ed0ed7,$HISTORICAL_GNN_FRAUD_REPO/results/runs_rb09v3/runs.csv,,,UNRESOLVED,true,"{""device"":""cuda"",""hardware"":""unresolved_from_per_run_record"",""measurement_scope"":""per_run_result_record"",""peak_memory"":null,""runtime_seconds"":19.863}",9bbecf623a1014267b04e8f962047d196ec38e46097cdfb8dd89a4d356304028,
elliptic,node_classification,isolated_inductive,inductive_isolated,gcn,gcn,7,fold0,INDEX_REFERENCED_FILE_MISSING,CANONICAL_PREDICTION_PATH_MISSING;INDEXED_SOURCE_ARCHIVE_MISSING,RB09v3_structure_decay_10seed,$HISTORICAL_GNN_FRAUD_REPO/results/runs_rb09v3/predictions_manifest.json,528152753c1887ae6fa64631fddbd53926938d9e358b7eb4f003ad2c508b2d4e,kaggleoutputs/elliptic_10seed_inductive_isolated/predictions/elliptic__inductive_isolated__gcn__seed7.csv,,6925542,,,,elliptic_10seed_inductive_isolated.zip,$HISTORICAL_GNN_FRAUD_REPO/kaggleoutputs/elliptic_10seed_inductive_isolated.zip,20f25a1f93604ea5eb8537c8808f9b69dae2fc82eccbccfd36c50c443aee94e8,predictions/elliptic__inductive_isolated__gcn__seed7.csv,false,RB09v3,,$HISTORICAL_GNN_FRAUD_REPO/results/runs_rb09v3/runs.csv#elliptic:inductive_isolated:gcn:seed7,d9f77bfd14ccaf157780858e35ecfee96af1e2fbf60f3559ad888d14c0ace2e9,RB15_IMPORT_ERRORS_EMPTY_AND_MEMBER_REFERENCED,$HISTORICAL_GNN_FRAUD_REPO/results/runs_rb15_graphsafe_tta/import_manifest.json,RB09V3_ARTIFACT_FAMILY_180_AND_RB15_CONSUMED_MEMBER,"{""command"":""/kaggle/working/gnn-fraud/scripts/run_multi_dataset_protocol_benchmark.py --datasets elliptic --models mlp,gcn,graphsage --protocols strict_inductive,inductive_isolated,transductive --gnn-only --skip-missing-datasets --hidden-channels 256 --num-layers 3 --early-stopping-metric val_f1 --scaler-mode train_only --output-dir results/runs/multi_dataset_protocol --seeds 1,3,5,7,9 --device cuda --execute --prediction-dir results/runs/predictions --export-predictions"",""early_stopping_metric"":""val_f1"",""early_stopping_split"":""validation"",""graph_mode"":""inductive_isolated_eval"",""scaler_mode"":""train_only"",""split_name"":""t1-30_val31-34_test35-49""}",da4e03324bc62b70e54bb53a2641d391dcd93a33dee316df5860bbbcd1821758,CANONICAL_RESULT_COMMAND_AND_FIELDS,$HISTORICAL_GNN_FRAUD_REPO/results/runs_rb09v3/runs.csv,UNRESOLVED_LEGACY_CODE,tree-6fa0cc19d70e7c207c9af5b868d89b1b98ed0ed7,$HISTORICAL_GNN_FRAUD_REPO/results/runs_rb09v3/runs.csv,,,UNRESOLVED,true,"{""device"":""cuda"",""hardware"":""unresolved_from_per_run_record"",""measurement_scope"":""per_run_result_record"",""peak_memory"":null,""runtime_seconds"":19.956}",0aa5c3704989735ce8ff0e6dc3e311746b1d9739d1e400cbce8cbe600711dbf9,
elliptic,node_classification,isolated_inductive,inductive_isolated,gcn,gcn,8,fold0,INDEX_REFERENCED_FILE_MISSING,CANONICAL_PREDICTION_PATH_MISSING;INDEXED_SOURCE_ARCHIVE_MISSING,RB09v3_structure_decay_10seed,$HISTORICAL_GNN_FRAUD_REPO/results/runs_rb09v3/predictions_manifest.json,528152753c1887ae6fa64631fddbd53926938d9e358b7eb4f003ad2c508b2d4e,kaggleoutputs/elliptic_10seed_inductive_isolated/predictions/elliptic__inductive_isolated__gcn__seed8.csv,,6926859,,,,elliptic_10seed_inductive_isolated.zip,$HISTORICAL_GNN_FRAUD_REPO/kaggleoutputs/elliptic_10seed_inductive_isolated.zip,20f25a1f93604ea5eb8537c8808f9b69dae2fc82eccbccfd36c50c443aee94e8,predictions/elliptic__inductive_isolated__gcn__seed8.csv,false,RB09v3,,$HISTORICAL_GNN_FRAUD_REPO/results/runs_rb09v3/runs.csv#elliptic:inductive_isolated:gcn:seed8,d9f77bfd14ccaf157780858e35ecfee96af1e2fbf60f3559ad888d14c0ace2e9,RB15_IMPORT_ERRORS_EMPTY_AND_MEMBER_REFERENCED,$HISTORICAL_GNN_FRAUD_REPO/results/runs_rb15_graphsafe_tta/import_manifest.json,RB09V3_ARTIFACT_FAMILY_180_AND_RB15_CONSUMED_MEMBER,"{""command"":""/kaggle/working/gnn-fraud/scripts/run_multi_dataset_protocol_benchmark.py --datasets elliptic --models mlp,gcn,graphsage --protocols strict_inductive,inductive_isolated,transductive --gnn-only --skip-missing-datasets --hidden-channels 256 --num-layers 3 --early-stopping-metric val_f1 --scaler-mode train_only --output-dir results/runs/multi_dataset_protocol --seeds 2,4,6,8,10 --device cuda --execute --prediction-dir results/runs/predictions --export-predictions"",""early_stopping_metric"":""val_f1"",""early_stopping_split"":""validation"",""graph_mode"":""inductive_isolated_eval"",""scaler_mode"":""train_only"",""split_name"":""t1-30_val31-34_test35-49""}",b65f86b2e6f7bde995d5529b122d0e16dd4eea587222d6101d28b7e11ea1f72b,CANONICAL_RESULT_COMMAND_AND_FIELDS,$HISTORICAL_GNN_FRAUD_REPO/results/runs_rb09v3/runs.csv,UNRESOLVED_LEGACY_CODE,tree-6fa0cc19d70e7c207c9af5b868d89b1b98ed0ed7,$HISTORICAL_GNN_FRAUD_REPO/results/runs_rb09v3/runs.csv,,,UNRESOLVED,true,"{""device"":""cuda"",""hardware"":""unresolved_from_per_run_record"",""measurement_scope"":""per_run_result_record"",""peak_memory"":null,""runtime_seconds"":19.81}",ca1436c560eb08fa7947b3d74fcc112a2f7332f1103cd41b8ca720c4fbed3ce6,
elliptic,node_classification,isolated_inductive,inductive_isolated,gcn,gcn,9,fold0,INDEX_REFERENCED_FILE_MISSING,CANONICAL_PREDICTION_PATH_MISSING;INDEXED_SOURCE_ARCHIVE_MISSING,RB09v3_structure_decay_10seed,$HISTORICAL_GNN_FRAUD_REPO/results/runs_rb09v3/predictions_manifest.json,528152753c1887ae6fa64631fddbd53926938d9e358b7eb4f003ad2c508b2d4e,kaggleoutputs/elliptic_10seed_inductive_isolated/predictions/elliptic__inductive_isolated__gcn__seed9.csv,,6925100,,,,elliptic_10seed_inductive_isolated.zip,$HISTORICAL_GNN_FRAUD_REPO/kaggleoutputs/elliptic_10seed_inductive_isolated.zip,20f25a1f93604ea5eb8537c8808f9b69dae2fc82eccbccfd36c50c443aee94e8,predictions/elliptic__inductive_isolated__gcn__seed9.csv,false,RB09v3,,$HISTORICAL_GNN_FRAUD_REPO/results/runs_rb09v3/runs.csv#elliptic:inductive_isolated:gcn:seed9,d9f77bfd14ccaf157780858e35ecfee96af1e2fbf60f3559ad888d14c0ace2e9,RB15_IMPORT_ERRORS_EMPTY_AND_MEMBER_REFERENCED,$HISTORICAL_GNN_FRAUD_REPO/results/runs_rb15_graphsafe_tta/import_manifest.json,RB09V3_ARTIFACT_FAMILY_180_AND_RB15_CONSUMED_MEMBER,"{""command"":""/kaggle/working/gnn-fraud/scripts/run_multi_dataset_protocol_benchmark.py --datasets elliptic --models mlp,gcn,graphsage --protocols strict_inductive,inductive_isolated,transductive --gnn-only --skip-missing-datasets --hidden-channels 256 --num-layers 3 --early-stopping-metric val_f1 --scaler-mode train_only --output-dir results/runs/multi_dataset_protocol --seeds 1,3,5,7,9 --device cuda --execute --prediction-dir results/runs/predictions --export-predictions"",""early_stopping_metric"":""val_f1"",""early_stopping_split"":""validation"",""graph_mode"":""inductive_isolated_eval"",""scaler_mode"":""train_only"",""split_name"":""t1-30_val31-34_test35-49""}",da4e03324bc62b70e54bb53a2641d391dcd93a33dee316df5860bbbcd1821758,CANONICAL_RESULT_COMMAND_AND_FIELDS,$HISTORICAL_GNN_FRAUD_REPO/results/runs_rb09v3/runs.csv,UNRESOLVED_LEGACY_CODE,tree-6fa0cc19d70e7c207c9af5b868d89b1b98ed0ed7,$HISTORICAL_GNN_FRAUD_REPO/results/runs_rb09v3/runs.csv,,,UNRESOLVED,true,"{""device"":""cuda"",""hardware"":""unresolved_from_per_run_record"",""measurement_scope"":""per_run_result_record"",""peak_memory"":null,""runtime_seconds"":19.89}",d0acde552bde3a867bfd77068cdb13a235bbe2eb3bedf2c91f4ff806ba16434a,
elliptic,node_classification,isolated_inductive,inductive_isolated,gcn,gcn,10,fold0,INDEX_REFERENCED_FILE_MISSING,CANONICAL_PREDICTION_PATH_MISSING;INDEXED_SOURCE_ARCHIVE_MISSING,RB09v3_structure_decay_10seed,$HISTORICAL_GNN_FRAUD_REPO/results/runs_rb09v3/predictions_manifest.json,528152753c1887ae6fa64631fddbd53926938d9e358b7eb4f003ad2c508b2d4e,kaggleoutputs/elliptic_10seed_inductive_isolated/predictions/elliptic__inductive_isolated__gcn__seed10.csv,,7018199,,,,elliptic_10seed_inductive_isolated.zip,$HISTORICAL_GNN_FRAUD_REPO/kaggleoutputs/elliptic_10seed_inductive_isolated.zip,20f25a1f93604ea5eb8537c8808f9b69dae2fc82eccbccfd36c50c443aee94e8,predictions/elliptic__inductive_isolated__gcn__seed10.csv,false,RB09v3,,$HISTORICAL_GNN_FRAUD_REPO/results/runs_rb09v3/runs.csv#elliptic:inductive_isolated:gcn:seed10,d9f77bfd14ccaf157780858e35ecfee96af1e2fbf60f3559ad888d14c0ace2e9,RB15_IMPORT_ERRORS_EMPTY_AND_MEMBER_REFERENCED,$HISTORICAL_GNN_FRAUD_REPO/results/runs_rb15_graphsafe_tta/import_manifest.json,RB09V3_ARTIFACT_FAMILY_180_AND_RB15_CONSUMED_MEMBER,"{""command"":""/kaggle/working/gnn-fraud/scripts/run_multi_dataset_protocol_benchmark.py --datasets elliptic --models mlp,gcn,graphsage --protocols strict_inductive,inductive_isolated,transductive --gnn-only --skip-missing-datasets --hidden-channels 256 --num-layers 3 --early-stopping-metric val_f1 --scaler-mode train_only --output-dir results/runs/multi_dataset_protocol --seeds 2,4,6,8,10 --device cuda --execute --prediction-dir results/runs/predictions --export-predictions"",""early_stopping_metric"":""val_f1"",""early_stopping_split"":""validation"",""graph_mode"":""inductive_isolated_eval"",""scaler_mode"":""train_only"",""split_name"":""t1-30_val31-34_test35-49""}",b65f86b2e6f7bde995d5529b122d0e16dd4eea587222d6101d28b7e11ea1f72b,CANONICAL_RESULT_COMMAND_AND_FIELDS,$HISTORICAL_GNN_FRAUD_REPO/results/runs_rb09v3/runs.csv,UNRESOLVED_LEGACY_CODE,tree-6fa0cc19d70e7c207c9af5b868d89b1b98ed0ed7,$HISTORICAL_GNN_FRAUD_REPO/results/runs_rb09v3/runs.csv,,,UNRESOLVED,true,"{""device"":""cuda"",""hardware"":""unresolved_from_per_run_record"",""measurement_scope"":""per_run_result_record"",""peak_memory"":null,""runtime_seconds"":19.799}",ee4833898e118c8e67ca508e7b6d1f134aa4a81019071e54795602d469ab3ea5,
elliptic,node_classification,isolated_inductive,inductive_isolated,graphsage,sage,1,fold0,INDEX_REFERENCED_FILE_MISSING,CANONICAL_PREDICTION_PATH_MISSING;INDEXED_SOURCE_ARCHIVE_MISSING;UNVERIFIED_RAW_COORDINATE_CANDIDATES_NOT_ALIASED,RB09v3_structure_decay_10seed,$HISTORICAL_GNN_FRAUD_REPO/results/runs_rb09v3/predictions_manifest.json,528152753c1887ae6fa64631fddbd53926938d9e358b7eb4f003ad2c508b2d4e,kaggleoutputs/elliptic_10seed_inductive_isolated/predictions/elliptic__inductive_isolated__sage__seed1.csv,,7051785,,,$HISTORICAL_GNN_FRAUD_REPO/kaggle_workspace/imported_outputs/v20/RB28_ELLIPTIC_LOSS_ROBUSTNESS_SMOKE_2SEED_V20_DATA_MOUNT/RB28_ELLIPTIC_LOSS_ROBUSTNESS_SMOKE_2SEED_V20_DATA_MOUNT/predictions/loss_default/elliptic__inductive_isolated__sage__seed1.csv;$HISTORICAL_GNN_FRAUD_REPO/kaggle_workspace/imported_outputs/v20/RB28_ELLIPTIC_LOSS_ROBUSTNESS_SMOKE_2SEED_V20_DATA_MOUNT/RB28_ELLIPTIC_LOSS_ROBUSTNESS_SMOKE_2SEED_V20_DATA_MOUNT/predictions/loss_focal/elliptic__inductive_isolated__sage__seed1.csv;$HISTORICAL_GNN_FRAUD_REPO/kaggle_workspace/imported_outputs/v20/RB28_ELLIPTIC_LOSS_ROBUSTNESS_SMOKE_2SEED_V20_DATA_MOUNT/RB28_ELLIPTIC_LOSS_ROBUSTNESS_SMOKE_2SEED_V20_DATA_MOUNT/predictions/loss_weighted_bce/elliptic__inductive_isolated__sage__seed1.csv;$HISTORICAL_GNN_FRAUD_REPO/results/runs_rb11_sage_family/predictions/elliptic__inductive_isolated__sage__seed1.csv,elliptic_10seed_inductive_isolated.zip,$HISTORICAL_GNN_FRAUD_REPO/kaggleoutputs/elliptic_10seed_inductive_isolated.zip,20f25a1f93604ea5eb8537c8808f9b69dae2fc82eccbccfd36c50c443aee94e8,predictions/elliptic__inductive_isolated__sage__seed1.csv,false,RB09v3,,$HISTORICAL_GNN_FRAUD_REPO/results/runs_rb09v3/runs.csv#elliptic:inductive_isolated:sage:seed1,d9f77bfd14ccaf157780858e35ecfee96af1e2fbf60f3559ad888d14c0ace2e9,RB15_IMPORT_ERRORS_EMPTY_AND_MEMBER_REFERENCED,$HISTORICAL_GNN_FRAUD_REPO/results/runs_rb15_graphsafe_tta/import_manifest.json,RB09V3_ARTIFACT_FAMILY_180_AND_RB15_CONSUMED_MEMBER,"{""command"":""/kaggle/working/gnn-fraud/scripts/run_multi_dataset_protocol_benchmark.py --datasets elliptic --models mlp,gcn,graphsage --protocols strict_inductive,inductive_isolated,transductive --gnn-only --skip-missing-datasets --hidden-channels 256 --num-layers 3 --early-stopping-metric val_f1 --scaler-mode train_only --output-dir results/runs/multi_dataset_protocol --seeds 1,3,5,7,9 --device cuda --execute --prediction-dir results/runs/predictions --export-predictions"",""early_stopping_metric"":""val_f1"",""early_stopping_split"":""validation"",""graph_mode"":""inductive_isolated_eval"",""scaler_mode"":""train_only"",""split_name"":""t1-30_val31-34_test35-49""}",da4e03324bc62b70e54bb53a2641d391dcd93a33dee316df5860bbbcd1821758,CANONICAL_RESULT_COMMAND_AND_FIELDS,$HISTORICAL_GNN_FRAUD_REPO/results/runs_rb09v3/runs.csv,UNRESOLVED_LEGACY_CODE,tree-6fa0cc19d70e7c207c9af5b868d89b1b98ed0ed7,$HISTORICAL_GNN_FRAUD_REPO/results/runs_rb09v3/runs.csv,,,UNRESOLVED,true,"{""device"":""cuda"",""hardware"":""unresolved_from_per_run_record"",""measurement_scope"":""per_run_result_record"",""peak_memory"":null,""runtime_seconds"":40.453}",0aef2b2e82ceb2d0c5eebe81d8ce5e60981051072d72a511f65518d4ffaeab3f,
elliptic,node_classification,isolated_inductive,inductive_isolated,graphsage,sage,2,fold0,INDEX_REFERENCED_FILE_MISSING,CANONICAL_PREDICTION_PATH_MISSING;INDEXED_SOURCE_ARCHIVE_MISSING;UNVERIFIED_RAW_COORDINATE_CANDIDATES_NOT_ALIASED,RB09v3_structure_decay_10seed,$HISTORICAL_GNN_FRAUD_REPO/results/runs_rb09v3/predictions_manifest.json,528152753c1887ae6fa64631fddbd53926938d9e358b7eb4f003ad2c508b2d4e,kaggleoutputs/elliptic_10seed_inductive_isolated/predictions/elliptic__inductive_isolated__sage__seed2.csv,,7051420,,,$HISTORICAL_GNN_FRAUD_REPO/kaggle_workspace/imported_outputs/v20/RB28_ELLIPTIC_LOSS_ROBUSTNESS_SMOKE_2SEED_V20_DATA_MOUNT/RB28_ELLIPTIC_LOSS_ROBUSTNESS_SMOKE_2SEED_V20_DATA_MOUNT/predictions/loss_default/elliptic__inductive_isolated__sage__seed2.csv;$HISTORICAL_GNN_FRAUD_REPO/kaggle_workspace/imported_outputs/v20/RB28_ELLIPTIC_LOSS_ROBUSTNESS_SMOKE_2SEED_V20_DATA_MOUNT/RB28_ELLIPTIC_LOSS_ROBUSTNESS_SMOKE_2SEED_V20_DATA_MOUNT/predictions/loss_focal/elliptic__inductive_isolated__sage__seed2.csv;$HISTORICAL_GNN_FRAUD_REPO/kaggle_workspace/imported_outputs/v20/RB28_ELLIPTIC_LOSS_ROBUSTNESS_SMOKE_2SEED_V20_DATA_MOUNT/RB28_ELLIPTIC_LOSS_ROBUSTNESS_SMOKE_2SEED_V20_DATA_MOUNT/predictions/loss_weighted_bce/elliptic__inductive_isolated__sage__seed2.csv;$HISTORICAL_GNN_FRAUD_REPO/results/runs_rb11_sage_family/predictions/elliptic__inductive_isolated__sage__seed2.csv,elliptic_10seed_inductive_isolated.zip,$HISTORICAL_GNN_FRAUD_REPO/kaggleoutputs/elliptic_10seed_inductive_isolated.zip,20f25a1f93604ea5eb8537c8808f9b69dae2fc82eccbccfd36c50c443aee94e8,predictions/elliptic__inductive_isolated__sage__seed2.csv,false,RB09v3,,$HISTORICAL_GNN_FRAUD_REPO/results/runs_rb09v3/runs.csv#elliptic:inductive_isolated:sage:seed2,d9f77bfd14ccaf157780858e35ecfee96af1e2fbf60f3559ad888d14c0ace2e9,RB15_IMPORT_ERRORS_EMPTY_AND_MEMBER_REFERENCED,$HISTORICAL_GNN_FRAUD_REPO/results/runs_rb15_graphsafe_tta/import_manifest.json,RB09V3_ARTIFACT_FAMILY_180_AND_RB15_CONSUMED_MEMBER,"{""command"":""/kaggle/working/gnn-fraud/scripts/run_multi_dataset_protocol_benchmark.py --datasets elliptic --models mlp,gcn,graphsage --protocols strict_inductive,inductive_isolated,transductive --gnn-only --skip-missing-datasets --hidden-channels 256 --num-layers 3 --early-stopping-metric val_f1 --scaler-mode train_only --output-dir results/runs/multi_dataset_protocol --seeds 2,4,6,8,10 --device cuda --execute --prediction-dir results/runs/predictions --export-predictions"",""early_stopping_metric"":""val_f1"",""early_stopping_split"":""validation"",""graph_mode"":""inductive_isolated_eval"",""scaler_mode"":""train_only"",""split_name"":""t1-30_val31-34_test35-49""}",b65f86b2e6f7bde995d5529b122d0e16dd4eea587222d6101d28b7e11ea1f72b,CANONICAL_RESULT_COMMAND_AND_FIELDS,$HISTORICAL_GNN_FRAUD_REPO/results/runs_rb09v3/runs.csv,UNRESOLVED_LEGACY_CODE,tree-6fa0cc19d70e7c207c9af5b868d89b1b98ed0ed7,$HISTORICAL_GNN_FRAUD_REPO/results/runs_rb09v3/runs.csv,,,UNRESOLVED,true,"{""device"":""cuda"",""hardware"":""unresolved_from_per_run_record"",""measurement_scope"":""per_run_result_record"",""peak_memory"":null,""runtime_seconds"":40.339}",7942161b606b38cad5c6684f3412d7169bef94000311037aad02c2c6ba3f0175,
elliptic,node_classification,isolated_inductive,inductive_isolated,graphsage,sage,3,fold0,INDEX_REFERENCED_FILE_MISSING,CANONICAL_PREDICTION_PATH_MISSING;INDEXED_SOURCE_ARCHIVE_MISSING;UNVERIFIED_RAW_COORDINATE_CANDIDATES_NOT_ALIASED,RB09v3_structure_decay_10seed,$HISTORICAL_GNN_FRAUD_REPO/results/runs_rb09v3/predictions_manifest.json,528152753c1887ae6fa64631fddbd53926938d9e358b7eb4f003ad2c508b2d4e,kaggleoutputs/elliptic_10seed_inductive_isolated/predictions/elliptic__inductive_isolated__sage__seed3.csv,,7052026,,,$HISTORICAL_GNN_FRAUD_REPO/results/runs_rb11_sage_family/predictions/elliptic__inductive_isolated__sage__seed3.csv,elliptic_10seed_inductive_isolated.zip,$HISTORICAL_GNN_FRAUD_REPO/kaggleoutputs/elliptic_10seed_inductive_isolated.zip,20f25a1f93604ea5eb8537c8808f9b69dae2fc82eccbccfd36c50c443aee94e8,predictions/elliptic__inductive_isolated__sage__seed3.csv,false,RB09v3,,$HISTORICAL_GNN_FRAUD_REPO/results/runs_rb09v3/runs.csv#elliptic:inductive_isolated:sage:seed3,d9f77bfd14ccaf157780858e35ecfee96af1e2fbf60f3559ad888d14c0ace2e9,RB15_IMPORT_ERRORS_EMPTY_AND_MEMBER_REFERENCED,$HISTORICAL_GNN_FRAUD_REPO/results/runs_rb15_graphsafe_tta/import_manifest.json,RB09V3_ARTIFACT_FAMILY_180_AND_RB15_CONSUMED_MEMBER,"{""command"":""/kaggle/working/gnn-fraud/scripts/run_multi_dataset_protocol_benchmark.py --datasets elliptic --models mlp,gcn,graphsage --protocols strict_inductive,inductive_isolated,transductive --gnn-only --skip-missing-datasets --hidden-channels 256 --num-layers 3 --early-stopping-metric val_f1 --scaler-mode train_only --output-dir results/runs/multi_dataset_protocol --seeds 1,3,5,7,9 --device cuda --execute --prediction-dir results/runs/predictions --export-predictions"",""early_stopping_metric"":""val_f1"",""early_stopping_split"":""validation"",""graph_mode"":""inductive_isolated_eval"",""scaler_mode"":""train_only"",""split_name"":""t1-30_val31-34_test35-49""}",da4e03324bc62b70e54bb53a2641d391dcd93a33dee316df5860bbbcd1821758,CANONICAL_RESULT_COMMAND_AND_FIELDS,$HISTORICAL_GNN_FRAUD_REPO/results/runs_rb09v3/runs.csv,UNRESOLVED_LEGACY_CODE,tree-6fa0cc19d70e7c207c9af5b868d89b1b98ed0ed7,$HISTORICAL_GNN_FRAUD_REPO/results/runs_rb09v3/runs.csv,,,UNRESOLVED,true,"{""device"":""cuda"",""hardware"":""unresolved_from_per_run_record"",""measurement_scope"":""per_run_result_record"",""peak_memory"":null,""runtime_seconds"":40.599}",7a08ffcd64d7582fe380616b1911635c90a7d9df60af400a7c453812d3792f7e,
elliptic,node_classification,isolated_inductive,inductive_isolated,graphsage,sage,4,fold0,INDEX_REFERENCED_FILE_MISSING,CANONICAL_PREDICTION_PATH_MISSING;INDEXED_SOURCE_ARCHIVE_MISSING;UNVERIFIED_RAW_COORDINATE_CANDIDATES_NOT_ALIASED,RB09v3_structure_decay_10seed,$HISTORICAL_GNN_FRAUD_REPO/results/runs_rb09v3/predictions_manifest.json,528152753c1887ae6fa64631fddbd53926938d9e358b7eb4f003ad2c508b2d4e,kaggleoutputs/elliptic_10seed_inductive_isolated/predictions/elliptic__inductive_isolated__sage__seed4.csv,,7049803,,,$HISTORICAL_GNN_FRAUD_REPO/results/runs_rb11_sage_family/predictions/elliptic__inductive_isolated__sage__seed4.csv,elliptic_10seed_inductive_isolated.zip,$HISTORICAL_GNN_FRAUD_REPO/kaggleoutputs/elliptic_10seed_inductive_isolated.zip,20f25a1f93604ea5eb8537c8808f9b69dae2fc82eccbccfd36c50c443aee94e8,predictions/elliptic__inductive_isolated__sage__seed4.csv,false,RB09v3,,$HISTORICAL_GNN_FRAUD_REPO/results/runs_rb09v3/runs.csv#elliptic:inductive_isolated:sage:seed4,d9f77bfd14ccaf157780858e35ecfee96af1e2fbf60f3559ad888d14c0ace2e9,RB15_IMPORT_ERRORS_EMPTY_AND_MEMBER_REFERENCED,$HISTORICAL_GNN_FRAUD_REPO/results/runs_rb15_graphsafe_tta/import_manifest.json,RB09V3_ARTIFACT_FAMILY_180_AND_RB15_CONSUMED_MEMBER,"{""command"":""/kaggle/working/gnn-fraud/scripts/run_multi_dataset_protocol_benchmark.py --datasets elliptic --models mlp,gcn,graphsage --protocols strict_inductive,inductive_isolated,transductive --gnn-only --skip-missing-datasets --hidden-channels 256 --num-layers 3 --early-stopping-metric val_f1 --scaler-mode train_only --output-dir results/runs/multi_dataset_protocol --seeds 2,4,6,8,10 --device cuda --execute --prediction-dir results/runs/predictions --export-predictions"",""early_stopping_metric"":""val_f1"",""early_stopping_split"":""validation"",""graph_mode"":""inductive_isolated_eval"",""scaler_mode"":""train_only"",""split_name"":""t1-30_val31-34_test35-49""}",b65f86b2e6f7bde995d5529b122d0e16dd4eea587222d6101d28b7e11ea1f72b,CANONICAL_RESULT_COMMAND_AND_FIELDS,$HISTORICAL_GNN_FRAUD_REPO/results/runs_rb09v3/runs.csv,UNRESOLVED_LEGACY_CODE,tree-6fa0cc19d70e7c207c9af5b868d89b1b98ed0ed7,$HISTORICAL_GNN_FRAUD_REPO/results/runs_rb09v3/runs.csv,,,UNRESOLVED,true,"{""device"":""cuda"",""hardware"":""unresolved_from_per_run_record"",""measurement_scope"":""per_run_result_record"",""peak_memory"":null,""runtime_seconds"":39.919}",530a58845e8bb3bea44f136ace941f014a43a81dcb879a88505fba898b002c45,
elliptic,node_classification,isolated_inductive,inductive_isolated,graphsage,sage,5,fold0,INDEX_REFERENCED_FILE_MISSING,CANONICAL_PREDICTION_PATH_MISSING;INDEXED_SOURCE_ARCHIVE_MISSING;UNVERIFIED_RAW_COORDINATE_CANDIDATES_NOT_ALIASED,RB09v3_structure_decay_10seed,$HISTORICAL_GNN_FRAUD_REPO/results/runs_rb09v3/predictions_manifest.json,528152753c1887ae6fa64631fddbd53926938d9e358b7eb4f003ad2c508b2d4e,kaggleoutputs/elliptic_10seed_inductive_isolated/predictions/elliptic__inductive_isolated__sage__seed5.csv,,7045744,,,$HISTORICAL_GNN_FRAUD_REPO/results/runs_rb11_sage_family/predictions/elliptic__inductive_isolated__sage__seed5.csv,elliptic_10seed_inductive_isolated.zip,$HISTORICAL_GNN_FRAUD_REPO/kaggleoutputs/elliptic_10seed_inductive_isolated.zip,20f25a1f93604ea5eb8537c8808f9b69dae2fc82eccbccfd36c50c443aee94e8,predictions/elliptic__inductive_isolated__sage__seed5.csv,false,RB09v3,,$HISTORICAL_GNN_FRAUD_REPO/results/runs_rb09v3/runs.csv#elliptic:inductive_isolated:sage:seed5,d9f77bfd14ccaf157780858e35ecfee96af1e2fbf60f3559ad888d14c0ace2e9,RB15_IMPORT_ERRORS_EMPTY_AND_MEMBER_REFERENCED,$HISTORICAL_GNN_FRAUD_REPO/results/runs_rb15_graphsafe_tta/import_manifest.json,RB09V3_ARTIFACT_FAMILY_180_AND_RB15_CONSUMED_MEMBER,"{""command"":""/kaggle/working/gnn-fraud/scripts/run_multi_dataset_protocol_benchmark.py --datasets elliptic --models mlp,gcn,graphsage --protocols strict_inductive,inductive_isolated,transductive --gnn-only --skip-missing-datasets --hidden-channels 256 --num-layers 3 --early-stopping-metric val_f1 --scaler-mode train_only --output-dir results/runs/multi_dataset_protocol --seeds 1,3,5,7,9 --device cuda --execute --prediction-dir results/runs/predictions --export-predictions"",""early_stopping_metric"":""val_f1"",""early_stopping_split"":""validation"",""graph_mode"":""inductive_isolated_eval"",""scaler_mode"":""train_only"",""split_name"":""t1-30_val31-34_test35-49""}",da4e03324bc62b70e54bb53a2641d391dcd93a33dee316df5860bbbcd1821758,CANONICAL_RESULT_COMMAND_AND_FIELDS,$HISTORICAL_GNN_FRAUD_REPO/results/runs_rb09v3/runs.csv,UNRESOLVED_LEGACY_CODE,tree-6fa0cc19d70e7c207c9af5b868d89b1b98ed0ed7,$HISTORICAL_GNN_FRAUD_REPO/results/runs_rb09v3/runs.csv,,,UNRESOLVED,true,"{""device"":""cuda"",""hardware"":""unresolved_from_per_run_record"",""measurement_scope"":""per_run_result_record"",""peak_memory"":null,""runtime_seconds"":40.44}",9c6359637b832d135773cd2eb758bbd4629e7b2b24194bdc6fc8508b8c582ff5,
elliptic,node_classification,isolated_inductive,inductive_isolated,graphsage,sage,6,fold0,INDEX_REFERENCED_FILE_MISSING,CANONICAL_PREDICTION_PATH_MISSING;INDEXED_SOURCE_ARCHIVE_MISSING,RB09v3_structure_decay_10seed,$HISTORICAL_GNN_FRAUD_REPO/results/runs_rb09v3/predictions_manifest.json,528152753c1887ae6fa64631fddbd53926938d9e358b7eb4f003ad2c508b2d4e,kaggleoutputs/elliptic_10seed_inductive_isolated/predictions/elliptic__inductive_isolated__sage__seed6.csv,,7049850,,,,elliptic_10seed_inductive_isolated.zip,$HISTORICAL_GNN_FRAUD_REPO/kaggleoutputs/elliptic_10seed_inductive_isolated.zip,20f25a1f93604ea5eb8537c8808f9b69dae2fc82eccbccfd36c50c443aee94e8,predictions/elliptic__inductive_isolated__sage__seed6.csv,false,RB09v3,,$HISTORICAL_GNN_FRAUD_REPO/results/runs_rb09v3/runs.csv#elliptic:inductive_isolated:sage:seed6,d9f77bfd14ccaf157780858e35ecfee96af1e2fbf60f3559ad888d14c0ace2e9,RB15_IMPORT_ERRORS_EMPTY_AND_MEMBER_REFERENCED,$HISTORICAL_GNN_FRAUD_REPO/results/runs_rb15_graphsafe_tta/import_manifest.json,RB09V3_ARTIFACT_FAMILY_180_AND_RB15_CONSUMED_MEMBER,"{""command"":""/kaggle/working/gnn-fraud/scripts/run_multi_dataset_protocol_benchmark.py --datasets elliptic --models mlp,gcn,graphsage --protocols strict_inductive,inductive_isolated,transductive --gnn-only --skip-missing-datasets --hidden-channels 256 --num-layers 3 --early-stopping-metric val_f1 --scaler-mode train_only --output-dir results/runs/multi_dataset_protocol --seeds 2,4,6,8,10 --device cuda --execute --prediction-dir results/runs/predictions --export-predictions"",""early_stopping_metric"":""val_f1"",""early_stopping_split"":""validation"",""graph_mode"":""inductive_isolated_eval"",""scaler_mode"":""train_only"",""split_name"":""t1-30_val31-34_test35-49""}",b65f86b2e6f7bde995d5529b122d0e16dd4eea587222d6101d28b7e11ea1f72b,CANONICAL_RESULT_COMMAND_AND_FIELDS,$HISTORICAL_GNN_FRAUD_REPO/results/runs_rb09v3/runs.csv,UNRESOLVED_LEGACY_CODE,tree-6fa0cc19d70e7c207c9af5b868d89b1b98ed0ed7,$HISTORICAL_GNN_FRAUD_REPO/results/runs_rb09v3/runs.csv,,,UNRESOLVED,true,"{""device"":""cuda"",""hardware"":""unresolved_from_per_run_record"",""measurement_scope"":""per_run_result_record"",""peak_memory"":null,""runtime_seconds"":40.059}",183635a5912e6f32b5628c7fd95e8014cbf3e26f2ad3de64abaad3bc82f8f183,
elliptic,node_classification,isolated_inductive,inductive_isolated,graphsage,sage,7,fold0,INDEX_REFERENCED_FILE_MISSING,CANONICAL_PREDICTION_PATH_MISSING;INDEXED_SOURCE_ARCHIVE_MISSING,RB09v3_structure_decay_10seed,$HISTORICAL_GNN_FRAUD_REPO/results/runs_rb09v3/predictions_manifest.json,528152753c1887ae6fa64631fddbd53926938d9e358b7eb4f003ad2c508b2d4e,kaggleoutputs/elliptic_10seed_inductive_isolated/predictions/elliptic__inductive_isolated__sage__seed7.csv,,7051446,,,,elliptic_10seed_inductive_isolated.zip,$HISTORICAL_GNN_FRAUD_REPO/kaggleoutputs/elliptic_10seed_inductive_isolated.zip,20f25a1f93604ea5eb8537c8808f9b69dae2fc82eccbccfd36c50c443aee94e8,predictions/elliptic__inductive_isolated__sage__seed7.csv,false,RB09v3,,$HISTORICAL_GNN_FRAUD_REPO/results/runs_rb09v3/runs.csv#elliptic:inductive_isolated:sage:seed7,d9f77bfd14ccaf157780858e35ecfee96af1e2fbf60f3559ad888d14c0ace2e9,RB15_IMPORT_ERRORS_EMPTY_AND_MEMBER_REFERENCED,$HISTORICAL_GNN_FRAUD_REPO/results/runs_rb15_graphsafe_tta/import_manifest.json,RB09V3_ARTIFACT_FAMILY_180_AND_RB15_CONSUMED_MEMBER,"{""command"":""/kaggle/working/gnn-fraud/scripts/run_multi_dataset_protocol_benchmark.py --datasets elliptic --models mlp,gcn,graphsage --protocols strict_inductive,inductive_isolated,transductive --gnn-only --skip-missing-datasets --hidden-channels 256 --num-layers 3 --early-stopping-metric val_f1 --scaler-mode train_only --output-dir results/runs/multi_dataset_protocol --seeds 1,3,5,7,9 --device cuda --execute --prediction-dir results/runs/predictions --export-predictions"",""early_stopping_metric"":""val_f1"",""early_stopping_split"":""validation"",""graph_mode"":""inductive_isolated_eval"",""scaler_mode"":""train_only"",""split_name"":""t1-30_val31-34_test35-49""}",da4e03324bc62b70e54bb53a2641d391dcd93a33dee316df5860bbbcd1821758,CANONICAL_RESULT_COMMAND_AND_FIELDS,$HISTORICAL_GNN_FRAUD_REPO/results/runs_rb09v3/runs.csv,UNRESOLVED_LEGACY_CODE,tree-6fa0cc19d70e7c207c9af5b868d89b1b98ed0ed7,$HISTORICAL_GNN_FRAUD_REPO/results/runs_rb09v3/runs.csv,,,UNRESOLVED,true,"{""device"":""cuda"",""hardware"":""unresolved_from_per_run_record"",""measurement_scope"":""per_run_result_record"",""peak_memory"":null,""runtime_seconds"":40.555}",ca0e2769d397b7a6f21345517073a8edcc824b6a8ca6ade0b217dd98830ea235,
elliptic,node_classification,isolated_inductive,inductive_isolated,graphsage,sage,8,fold0,INDEX_REFERENCED_FILE_MISSING,CANONICAL_PREDICTION_PATH_MISSING;INDEXED_SOURCE_ARCHIVE_MISSING,RB09v3_structure_decay_10seed,$HISTORICAL_GNN_FRAUD_REPO/results/runs_rb09v3/predictions_manifest.json,528152753c1887ae6fa64631fddbd53926938d9e358b7eb4f003ad2c508b2d4e,kaggleoutputs/elliptic_10seed_inductive_isolated/predictions/elliptic__inductive_isolated__sage__seed8.csv,,7052145,,,,elliptic_10seed_inductive_isolated.zip,$HISTORICAL_GNN_FRAUD_REPO/kaggleoutputs/elliptic_10seed_inductive_isolated.zip,20f25a1f93604ea5eb8537c8808f9b69dae2fc82eccbccfd36c50c443aee94e8,predictions/elliptic__inductive_isolated__sage__seed8.csv,false,RB09v3,,$HISTORICAL_GNN_FRAUD_REPO/results/runs_rb09v3/runs.csv#elliptic:inductive_isolated:sage:seed8,d9f77bfd14ccaf157780858e35ecfee96af1e2fbf60f3559ad888d14c0ace2e9,RB15_IMPORT_ERRORS_EMPTY_AND_MEMBER_REFERENCED,$HISTORICAL_GNN_FRAUD_REPO/results/runs_rb15_graphsafe_tta/import_manifest.json,RB09V3_ARTIFACT_FAMILY_180_AND_RB15_CONSUMED_MEMBER,"{""command"":""/kaggle/working/gnn-fraud/scripts/run_multi_dataset_protocol_benchmark.py --datasets elliptic --models mlp,gcn,graphsage --protocols strict_inductive,inductive_isolated,transductive --gnn-only --skip-missing-datasets --hidden-channels 256 --num-layers 3 --early-stopping-metric val_f1 --scaler-mode train_only --output-dir results/runs/multi_dataset_protocol --seeds 2,4,6,8,10 --device cuda --execute --prediction-dir results/runs/predictions --export-predictions"",""early_stopping_metric"":""val_f1"",""early_stopping_split"":""validation"",""graph_mode"":""inductive_isolated_eval"",""scaler_mode"":""train_only"",""split_name"":""t1-30_val31-34_test35-49""}",b65f86b2e6f7bde995d5529b122d0e16dd4eea587222d6101d28b7e11ea1f72b,CANONICAL_RESULT_COMMAND_AND_FIELDS,$HISTORICAL_GNN_FRAUD_REPO/results/runs_rb09v3/runs.csv,UNRESOLVED_LEGACY_CODE,tree-6fa0cc19d70e7c207c9af5b868d89b1b98ed0ed7,$HISTORICAL_GNN_FRAUD_REPO/results/runs_rb09v3/runs.csv,,,UNRESOLVED,true,"{""device"":""cuda"",""hardware"":""unresolved_from_per_run_record"",""measurement_scope"":""per_run_result_record"",""peak_memory"":null,""runtime_seconds"":40.261}",e69f98f51516ca8fdad5d8c15ab11e78a9fb9dda3cf79de5de2d75731d7f66c4,
elliptic,node_classification,isolated_inductive,inductive_isolated,graphsage,sage,9,fold0,INDEX_REFERENCED_FILE_MISSING,CANONICAL_PREDICTION_PATH_MISSING;INDEXED_SOURCE_ARCHIVE_MISSING,RB09v3_structure_decay_10seed,$HISTORICAL_GNN_FRAUD_REPO/results/runs_rb09v3/predictions_manifest.json,528152753c1887ae6fa64631fddbd53926938d9e358b7eb4f003ad2c508b2d4e,kaggleoutputs/elliptic_10seed_inductive_isolated/predictions/elliptic__inductive_isolated__sage__seed9.csv,,7050012,,,,elliptic_10seed_inductive_isolated.zip,$HISTORICAL_GNN_FRAUD_REPO/kaggleoutputs/elliptic_10seed_inductive_isolated.zip,20f25a1f93604ea5eb8537c8808f9b69dae2fc82eccbccfd36c50c443aee94e8,predictions/elliptic__inductive_isolated__sage__seed9.csv,false,RB09v3,,$HISTORICAL_GNN_FRAUD_REPO/results/runs_rb09v3/runs.csv#elliptic:inductive_isolated:sage:seed9,d9f77bfd14ccaf157780858e35ecfee96af1e2fbf60f3559ad888d14c0ace2e9,RB15_IMPORT_ERRORS_EMPTY_AND_MEMBER_REFERENCED,$HISTORICAL_GNN_FRAUD_REPO/results/runs_rb15_graphsafe_tta/import_manifest.json,RB09V3_ARTIFACT_FAMILY_180_AND_RB15_CONSUMED_MEMBER,"{""command"":""/kaggle/working/gnn-fraud/scripts/run_multi_dataset_protocol_benchmark.py --datasets elliptic --models mlp,gcn,graphsage --protocols strict_inductive,inductive_isolated,transductive --gnn-only --skip-missing-datasets --hidden-channels 256 --num-layers 3 --early-stopping-metric val_f1 --scaler-mode train_only --output-dir results/runs/multi_dataset_protocol --seeds 1,3,5,7,9 --device cuda --execute --prediction-dir results/runs/predictions --export-predictions"",""early_stopping_metric"":""val_f1"",""early_stopping_split"":""validation"",""graph_mode"":""inductive_isolated_eval"",""scaler_mode"":""train_only"",""split_name"":""t1-30_val31-34_test35-49""}",da4e03324bc62b70e54bb53a2641d391dcd93a33dee316df5860bbbcd1821758,CANONICAL_RESULT_COMMAND_AND_FIELDS,$HISTORICAL_GNN_FRAUD_REPO/results/runs_rb09v3/runs.csv,UNRESOLVED_LEGACY_CODE,tree-6fa0cc19d70e7c207c9af5b868d89b1b98ed0ed7,$HISTORICAL_GNN_FRAUD_REPO/results/runs_rb09v3/runs.csv,,,UNRESOLVED,true,"{""device"":""cuda"",""hardware"":""unresolved_from_per_run_record"",""measurement_scope"":""per_run_result_record"",""peak_memory"":null,""runtime_seconds"":40.552}",60da44482946090779f942dc8f2420923fc0b0afc1139039f4ada8192d1ffcb8,
elliptic,node_classification,isolated_inductive,inductive_isolated,graphsage,sage,10,fold0,INDEX_REFERENCED_FILE_MISSING,CANONICAL_PREDICTION_PATH_MISSING;INDEXED_SOURCE_ARCHIVE_MISSING,RB09v3_structure_decay_10seed,$HISTORICAL_GNN_FRAUD_REPO/results/runs_rb09v3/predictions_manifest.json,528152753c1887ae6fa64631fddbd53926938d9e358b7eb4f003ad2c508b2d4e,kaggleoutputs/elliptic_10seed_inductive_isolated/predictions/elliptic__inductive_isolated__sage__seed10.csv,,7146435,,,,elliptic_10seed_inductive_isolated.zip,$HISTORICAL_GNN_FRAUD_REPO/kaggleoutputs/elliptic_10seed_inductive_isolated.zip,20f25a1f93604ea5eb8537c8808f9b69dae2fc82eccbccfd36c50c443aee94e8,predictions/elliptic__inductive_isolated__sage__seed10.csv,false,RB09v3,,$HISTORICAL_GNN_FRAUD_REPO/results/runs_rb09v3/runs.csv#elliptic:inductive_isolated:sage:seed10,d9f77bfd14ccaf157780858e35ecfee96af1e2fbf60f3559ad888d14c0ace2e9,RB15_IMPORT_ERRORS_EMPTY_AND_MEMBER_REFERENCED,$HISTORICAL_GNN_FRAUD_REPO/results/runs_rb15_graphsafe_tta/import_manifest.json,RB09V3_ARTIFACT_FAMILY_180_AND_RB15_CONSUMED_MEMBER,"{""command"":""/kaggle/working/gnn-fraud/scripts/run_multi_dataset_protocol_benchmark.py --datasets elliptic --models mlp,gcn,graphsage --protocols strict_inductive,inductive_isolated,transductive --gnn-only --skip-missing-datasets --hidden-channels 256 --num-layers 3 --early-stopping-metric val_f1 --scaler-mode train_only --output-dir results/runs/multi_dataset_protocol --seeds 2,4,6,8,10 --device cuda --execute --prediction-dir results/runs/predictions --export-predictions"",""early_stopping_metric"":""val_f1"",""early_stopping_split"":""validation"",""graph_mode"":""inductive_isolated_eval"",""scaler_mode"":""train_only"",""split_name"":""t1-30_val31-34_test35-49""}",b65f86b2e6f7bde995d5529b122d0e16dd4eea587222d6101d28b7e11ea1f72b,CANONICAL_RESULT_COMMAND_AND_FIELDS,$HISTORICAL_GNN_FRAUD_REPO/results/runs_rb09v3/runs.csv,UNRESOLVED_LEGACY_CODE,tree-6fa0cc19d70e7c207c9af5b868d89b1b98ed0ed7,$HISTORICAL_GNN_FRAUD_REPO/results/runs_rb09v3/runs.csv,,,UNRESOLVED,true,"{""device"":""cuda"",""hardware"":""unresolved_from_per_run_record"",""measurement_scope"":""per_run_result_record"",""peak_memory"":null,""runtime_seconds"":40.258}",4e4e80410c602cbfbbf969b8c656227907b15e195496d638bfc77e21560e47b2,
elliptic,node_classification,strict_inductive,strict_inductive,feature_mlp,mlp,1,fold0,INDEX_REFERENCED_FILE_MISSING,CANONICAL_PREDICTION_PATH_MISSING;INDEXED_SOURCE_ARCHIVE_MISSING;UNVERIFIED_RAW_COORDINATE_CANDIDATES_NOT_ALIASED,RB09v3_structure_decay_10seed,$HISTORICAL_GNN_FRAUD_REPO/results/runs_rb09v3/predictions_manifest.json,528152753c1887ae6fa64631fddbd53926938d9e358b7eb4f003ad2c508b2d4e,kaggleoutputs/elliptic_10seed_strict_inductive/predictions/elliptic__strict_inductive__mlp__seed1.csv,,6746677,,,$HISTORICAL_GNN_FRAUD_REPO/_rb_refresh_archive_2026-06-20/rb_refresh_2026-06-20/rb01_clean/predictions/elliptic__strict_inductive__mlp__seed1.csv;$HISTORICAL_GNN_FRAUD_REPO/kaggle_workspace/imported_outputs/v20/RB28_ELLIPTIC_LOSS_ROBUSTNESS_SMOKE_2SEED_V20_DATA_MOUNT/RB28_ELLIPTIC_LOSS_ROBUSTNESS_SMOKE_2SEED_V20_DATA_MOUNT/predictions/loss_default/elliptic__strict_inductive__mlp__seed1.csv;$HISTORICAL_GNN_FRAUD_REPO/kaggle_workspace/imported_outputs/v20/RB28_ELLIPTIC_LOSS_ROBUSTNESS_SMOKE_2SEED_V20_DATA_MOUNT/RB28_ELLIPTIC_LOSS_ROBUSTNESS_SMOKE_2SEED_V20_DATA_MOUNT/predictions/loss_focal/elliptic__strict_inductive__mlp__seed1.csv;$HISTORICAL_GNN_FRAUD_REPO/kaggle_workspace/imported_outputs/v20/RB28_ELLIPTIC_LOSS_ROBUSTNESS_SMOKE_2SEED_V20_DATA_MOUNT/RB28_ELLIPTIC_LOSS_ROBUSTNESS_SMOKE_2SEED_V20_DATA_MOUNT/predictions/loss_weighted_bce/elliptic__strict_inductive__mlp__seed1.csv;$HISTORICAL_GNN_FRAUD_REPO/results/runs_rb01/predictions/elliptic__strict_inductive__mlp__seed1.csv;$HISTORICAL_GNN_FRAUD_REPO/results/runs_rb11_sage_family/predictions/elliptic__strict_inductive__mlp__seed1.csv,elliptic_10seed_strict_inductive.zip,$HISTORICAL_GNN_FRAUD_REPO/kaggleoutputs/elliptic_10seed_strict_inductive.zip,24752f5ffdc082dc79ca5084701fccd04d2ac9588b4b15712598bdfe8daa1e4a,predictions/elliptic__strict_inductive__mlp__seed1.csv,false,RB09v3,,$HISTORICAL_GNN_FRAUD_REPO/results/runs_rb09v3/runs.csv#elliptic:strict_inductive:mlp:seed1,d9f77bfd14ccaf157780858e35ecfee96af1e2fbf60f3559ad888d14c0ace2e9,RB15_IMPORT_ERRORS_EMPTY_AND_MEMBER_REFERENCED,$HISTORICAL_GNN_FRAUD_REPO/results/runs_rb15_graphsafe_tta/import_manifest.json,RB09V3_ARTIFACT_FAMILY_180_AND_RB15_CONSUMED_MEMBER,"{""command"":""/kaggle/working/gnn-fraud/scripts/run_multi_dataset_protocol_benchmark.py --datasets elliptic --models mlp,gcn,graphsage --protocols strict_inductive,inductive_isolated,transductive --gnn-only --skip-missing-datasets --hidden-channels 256 --num-layers 3 --early-stopping-metric val_f1 --scaler-mode train_only --output-dir results/runs/multi_dataset_protocol --seeds 1,3,5,7,9 --device cuda --execute --prediction-dir results/runs/predictions --export-predictions"",""early_stopping_metric"":""val_f1"",""early_stopping_split"":""validation"",""graph_mode"":""inductive_subgraph"",""scaler_mode"":""train_only"",""split_name"":""t1-30_val31-34_test35-49""}",5ec4bb160e75b47f8937b3dde8f72e9157e8cbe54442e469d0e9b00876142bdb,CANONICAL_RESULT_COMMAND_AND_FIELDS,$HISTORICAL_GNN_FRAUD_REPO/results/runs_rb09v3/runs.csv,UNRESOLVED_LEGACY_CODE,tree-6fa0cc19d70e7c207c9af5b868d89b1b98ed0ed7,$HISTORICAL_GNN_FRAUD_REPO/results/runs_rb09v3/runs.csv,,,UNRESOLVED,true,"{""device"":""cuda"",""hardware"":""unresolved_from_per_run_record"",""measurement_scope"":""per_run_result_record"",""peak_memory"":null,""runtime_seconds"":9.438}",7dcfe709dd044b65932327804556541b6dc1a6cab2d68ebb2cd6842d66dccec8,
elliptic,node_classification,strict_inductive,strict_inductive,feature_mlp,mlp,2,fold0,INDEX_REFERENCED_FILE_MISSING,CANONICAL_PREDICTION_PATH_MISSING;INDEXED_SOURCE_ARCHIVE_MISSING;UNVERIFIED_RAW_COORDINATE_CANDIDATES_NOT_ALIASED,RB09v3_structure_decay_10seed,$HISTORICAL_GNN_FRAUD_REPO/results/runs_rb09v3/predictions_manifest.json,528152753c1887ae6fa64631fddbd53926938d9e358b7eb4f003ad2c508b2d4e,kaggleoutputs/elliptic_10seed_strict_inductive/predictions/elliptic__strict_inductive__mlp__seed2.csv,,6744961,,,$HISTORICAL_GNN_FRAUD_REPO/_rb_refresh_archive_2026-06-20/rb_refresh_2026-06-20/rb01_clean/predictions/elliptic__strict_inductive__mlp__seed2.csv;$HISTORICAL_GNN_FRAUD_REPO/kaggle_workspace/imported_outputs/v20/RB28_ELLIPTIC_LOSS_ROBUSTNESS_SMOKE_2SEED_V20_DATA_MOUNT/RB28_ELLIPTIC_LOSS_ROBUSTNESS_SMOKE_2SEED_V20_DATA_MOUNT/predictions/loss_default/elliptic__strict_inductive__mlp__seed2.csv;$HISTORICAL_GNN_FRAUD_REPO/kaggle_workspace/imported_outputs/v20/RB28_ELLIPTIC_LOSS_ROBUSTNESS_SMOKE_2SEED_V20_DATA_MOUNT/RB28_ELLIPTIC_LOSS_ROBUSTNESS_SMOKE_2SEED_V20_DATA_MOUNT/predictions/loss_focal/elliptic__strict_inductive__mlp__seed2.csv;$HISTORICAL_GNN_FRAUD_REPO/kaggle_workspace/imported_outputs/v20/RB28_ELLIPTIC_LOSS_ROBUSTNESS_SMOKE_2SEED_V20_DATA_MOUNT/RB28_ELLIPTIC_LOSS_ROBUSTNESS_SMOKE_2SEED_V20_DATA_MOUNT/predictions/loss_weighted_bce/elliptic__strict_inductive__mlp__seed2.csv;$HISTORICAL_GNN_FRAUD_REPO/results/runs_rb01/predictions/elliptic__strict_inductive__mlp__seed2.csv;$HISTORICAL_GNN_FRAUD_REPO/results/runs_rb11_sage_family/predictions/elliptic__strict_inductive__mlp__seed2.csv,elliptic_10seed_strict_inductive.zip,$HISTORICAL_GNN_FRAUD_REPO/kaggleoutputs/elliptic_10seed_strict_inductive.zip,24752f5ffdc082dc79ca5084701fccd04d2ac9588b4b15712598bdfe8daa1e4a,predictions/elliptic__strict_inductive__mlp__seed2.csv,false,RB09v3,,$HISTORICAL_GNN_FRAUD_REPO/results/runs_rb09v3/runs.csv#elliptic:strict_inductive:mlp:seed2,d9f77bfd14ccaf157780858e35ecfee96af1e2fbf60f3559ad888d14c0ace2e9,RB15_IMPORT_ERRORS_EMPTY_AND_MEMBER_REFERENCED,$HISTORICAL_GNN_FRAUD_REPO/results/runs_rb15_graphsafe_tta/import_manifest.json,RB09V3_ARTIFACT_FAMILY_180_AND_RB15_CONSUMED_MEMBER,"{""command"":""/kaggle/working/gnn-fraud/scripts/run_multi_dataset_protocol_benchmark.py --datasets elliptic --models mlp,gcn,graphsage --protocols strict_inductive,inductive_isolated,transductive --gnn-only --skip-missing-datasets --hidden-channels 256 --num-layers 3 --early-stopping-metric val_f1 --scaler-mode train_only --output-dir results/runs/multi_dataset_protocol --seeds 2,4,6,8,10 --device cuda --execute --prediction-dir results/runs/predictions --export-predictions"",""early_stopping_metric"":""val_f1"",""early_stopping_split"":""validation"",""graph_mode"":""inductive_subgraph"",""scaler_mode"":""train_only"",""split_name"":""t1-30_val31-34_test35-49""}",6930b65733193b866c727848ec94808105e734a5963c4b1bd0f10d636bcb04ca,CANONICAL_RESULT_COMMAND_AND_FIELDS,$HISTORICAL_GNN_FRAUD_REPO/results/runs_rb09v3/runs.csv,UNRESOLVED_LEGACY_CODE,tree-6fa0cc19d70e7c207c9af5b868d89b1b98ed0ed7,$HISTORICAL_GNN_FRAUD_REPO/results/runs_rb09v3/runs.csv,,,UNRESOLVED,true,"{""device"":""cuda"",""hardware"":""unresolved_from_per_run_record"",""measurement_scope"":""per_run_result_record"",""peak_memory"":null,""runtime_seconds"":9.34}",ea69dac0012c9481a31ef6f8dc512df9990143fc83e3d5f00ff0053a5cafd0fb,
elliptic,node_classification,strict_inductive,strict_inductive,feature_mlp,mlp,3,fold0,INDEX_REFERENCED_FILE_MISSING,CANONICAL_PREDICTION_PATH_MISSING;INDEXED_SOURCE_ARCHIVE_MISSING;UNVERIFIED_RAW_COORDINATE_CANDIDATES_NOT_ALIASED,RB09v3_structure_decay_10seed,$HISTORICAL_GNN_FRAUD_REPO/results/runs_rb09v3/predictions_manifest.json,528152753c1887ae6fa64631fddbd53926938d9e358b7eb4f003ad2c508b2d4e,kaggleoutputs/elliptic_10seed_strict_inductive/predictions/elliptic__strict_inductive__mlp__seed3.csv,,6744498,,,$HISTORICAL_GNN_FRAUD_REPO/_rb_refresh_archive_2026-06-20/rb_refresh_2026-06-20/rb01_clean/predictions/elliptic__strict_inductive__mlp__seed3.csv;$HISTORICAL_GNN_FRAUD_REPO/results/runs_rb01/predictions/elliptic__strict_inductive__mlp__seed3.csv;$HISTORICAL_GNN_FRAUD_REPO/results/runs_rb11_sage_family/predictions/elliptic__strict_inductive__mlp__seed3.csv,elliptic_10seed_strict_inductive.zip,$HISTORICAL_GNN_FRAUD_REPO/kaggleoutputs/elliptic_10seed_strict_inductive.zip,24752f5ffdc082dc79ca5084701fccd04d2ac9588b4b15712598bdfe8daa1e4a,predictions/elliptic__strict_inductive__mlp__seed3.csv,false,RB09v3,,$HISTORICAL_GNN_FRAUD_REPO/results/runs_rb09v3/runs.csv#elliptic:strict_inductive:mlp:seed3,d9f77bfd14ccaf157780858e35ecfee96af1e2fbf60f3559ad888d14c0ace2e9,RB15_IMPORT_ERRORS_EMPTY_AND_MEMBER_REFERENCED,$HISTORICAL_GNN_FRAUD_REPO/results/runs_rb15_graphsafe_tta/import_manifest.json,RB09V3_ARTIFACT_FAMILY_180_AND_RB15_CONSUMED_MEMBER,"{""command"":""/kaggle/working/gnn-fraud/scripts/run_multi_dataset_protocol_benchmark.py --datasets elliptic --models mlp,gcn,graphsage --protocols strict_inductive,inductive_isolated,transductive --gnn-only --skip-missing-datasets --hidden-channels 256 --num-layers 3 --early-stopping-metric val_f1 --scaler-mode train_only --output-dir results/runs/multi_dataset_protocol --seeds 1,3,5,7,9 --device cuda --execute --prediction-dir results/runs/predictions --export-predictions"",""early_stopping_metric"":""val_f1"",""early_stopping_split"":""validation"",""graph_mode"":""inductive_subgraph"",""scaler_mode"":""train_only"",""split_name"":""t1-30_val31-34_test35-49""}",5ec4bb160e75b47f8937b3dde8f72e9157e8cbe54442e469d0e9b00876142bdb,CANONICAL_RESULT_COMMAND_AND_FIELDS,$HISTORICAL_GNN_FRAUD_REPO/results/runs_rb09v3/runs.csv,UNRESOLVED_LEGACY_CODE,tree-6fa0cc19d70e7c207c9af5b868d89b1b98ed0ed7,$HISTORICAL_GNN_FRAUD_REPO/results/runs_rb09v3/runs.csv,,,UNRESOLVED,true,"{""device"":""cuda"",""hardware"":""unresolved_from_per_run_record"",""measurement_scope"":""per_run_result_record"",""peak_memory"":null,""runtime_seconds"":9.043}",cb261392c80665327080dffe40feb95c8755e7b598042d512362540cf4738d04,
elliptic,node_classification,strict_inductive,strict_inductive,feature_mlp,mlp,4,fold0,INDEX_REFERENCED_FILE_MISSING,CANONICAL_PREDICTION_PATH_MISSING;INDEXED_SOURCE_ARCHIVE_MISSING;UNVERIFIED_RAW_COORDINATE_CANDIDATES_NOT_ALIASED,RB09v3_structure_decay_10seed,$HISTORICAL_GNN_FRAUD_REPO/results/runs_rb09v3/predictions_manifest.json,528152753c1887ae6fa64631fddbd53926938d9e358b7eb4f003ad2c508b2d4e,kaggleoutputs/elliptic_10seed_strict_inductive/predictions/elliptic__strict_inductive__mlp__seed4.csv,,6745511,,,$HISTORICAL_GNN_FRAUD_REPO/_rb_refresh_archive_2026-06-20/rb_refresh_2026-06-20/rb01_clean/predictions/elliptic__strict_inductive__mlp__seed4.csv;$HISTORICAL_GNN_FRAUD_REPO/results/runs_rb01/predictions/elliptic__strict_inductive__mlp__seed4.csv;$HISTORICAL_GNN_FRAUD_REPO/results/runs_rb11_sage_family/predictions/elliptic__strict_inductive__mlp__seed4.csv,elliptic_10seed_strict_inductive.zip,$HISTORICAL_GNN_FRAUD_REPO/kaggleoutputs/elliptic_10seed_strict_inductive.zip,24752f5ffdc082dc79ca5084701fccd04d2ac9588b4b15712598bdfe8daa1e4a,predictions/elliptic__strict_inductive__mlp__seed4.csv,false,RB09v3,,$HISTORICAL_GNN_FRAUD_REPO/results/runs_rb09v3/runs.csv#elliptic:strict_inductive:mlp:seed4,d9f77bfd14ccaf157780858e35ecfee96af1e2fbf60f3559ad888d14c0ace2e9,RB15_IMPORT_ERRORS_EMPTY_AND_MEMBER_REFERENCED,$HISTORICAL_GNN_FRAUD_REPO/results/runs_rb15_graphsafe_tta/import_manifest.json,RB09V3_ARTIFACT_FAMILY_180_AND_RB15_CONSUMED_MEMBER,"{""command"":""/kaggle/working/gnn-fraud/scripts/run_multi_dataset_protocol_benchmark.py --datasets elliptic --models mlp,gcn,graphsage --protocols strict_inductive,inductive_isolated,transductive --gnn-only --skip-missing-datasets --hidden-channels 256 --num-layers 3 --early-stopping-metric val_f1 --scaler-mode train_only --output-dir results/runs/multi_dataset_protocol --seeds 2,4,6,8,10 --device cuda --execute --prediction-dir results/runs/predictions --export-predictions"",""early_stopping_metric"":""val_f1"",""early_stopping_split"":""validation"",""graph_mode"":""inductive_subgraph"",""scaler_mode"":""train_only"",""split_name"":""t1-30_val31-34_test35-49""}",6930b65733193b866c727848ec94808105e734a5963c4b1bd0f10d636bcb04ca,CANONICAL_RESULT_COMMAND_AND_FIELDS,$HISTORICAL_GNN_FRAUD_REPO/results/runs_rb09v3/runs.csv,UNRESOLVED_LEGACY_CODE,tree-6fa0cc19d70e7c207c9af5b868d89b1b98ed0ed7,$HISTORICAL_GNN_FRAUD_REPO/results/runs_rb09v3/runs.csv,,,UNRESOLVED,true,"{""device"":""cuda"",""hardware"":""unresolved_from_per_run_record"",""measurement_scope"":""per_run_result_record"",""peak_memory"":null,""runtime_seconds"":9.024}",8d7d67f9dd8cb9556ce3bfeabc9e654a342055d11d6558b195253916185bed0a,
elliptic,node_classification,strict_inductive,strict_inductive,feature_mlp,mlp,5,fold0,INDEX_REFERENCED_FILE_MISSING,CANONICAL_PREDICTION_PATH_MISSING;INDEXED_SOURCE_ARCHIVE_MISSING;UNVERIFIED_RAW_COORDINATE_CANDIDATES_NOT_ALIASED,RB09v3_structure_decay_10seed,$HISTORICAL_GNN_FRAUD_REPO/results/runs_rb09v3/predictions_manifest.json,528152753c1887ae6fa64631fddbd53926938d9e358b7eb4f003ad2c508b2d4e,kaggleoutputs/elliptic_10seed_strict_inductive/predictions/elliptic__strict_inductive__mlp__seed5.csv,,6747187,,,$HISTORICAL_GNN_FRAUD_REPO/_rb_refresh_archive_2026-06-20/rb_refresh_2026-06-20/rb01_clean/predictions/elliptic__strict_inductive__mlp__seed5.csv;$HISTORICAL_GNN_FRAUD_REPO/results/runs_rb01/predictions/elliptic__strict_inductive__mlp__seed5.csv;$HISTORICAL_GNN_FRAUD_REPO/results/runs_rb11_sage_family/predictions/elliptic__strict_inductive__mlp__seed5.csv,elliptic_10seed_strict_inductive.zip,$HISTORICAL_GNN_FRAUD_REPO/kaggleoutputs/elliptic_10seed_strict_inductive.zip,24752f5ffdc082dc79ca5084701fccd04d2ac9588b4b15712598bdfe8daa1e4a,predictions/elliptic__strict_inductive__mlp__seed5.csv,false,RB09v3,,$HISTORICAL_GNN_FRAUD_REPO/results/runs_rb09v3/runs.csv#elliptic:strict_inductive:mlp:seed5,d9f77bfd14ccaf157780858e35ecfee96af1e2fbf60f3559ad888d14c0ace2e9,RB15_IMPORT_ERRORS_EMPTY_AND_MEMBER_REFERENCED,$HISTORICAL_GNN_FRAUD_REPO/results/runs_rb15_graphsafe_tta/import_manifest.json,RB09V3_ARTIFACT_FAMILY_180_AND_RB15_CONSUMED_MEMBER,"{""command"":""/kaggle/working/gnn-fraud/scripts/run_multi_dataset_protocol_benchmark.py --datasets elliptic --models mlp,gcn,graphsage --protocols strict_inductive,inductive_isolated,transductive --gnn-only --skip-missing-datasets --hidden-channels 256 --num-layers 3 --early-stopping-metric val_f1 --scaler-mode train_only --output-dir results/runs/multi_dataset_protocol --seeds 1,3,5,7,9 --device cuda --execute --prediction-dir results/runs/predictions --export-predictions"",""early_stopping_metric"":""val_f1"",""early_stopping_split"":""validation"",""graph_mode"":""inductive_subgraph"",""scaler_mode"":""train_only"",""split_name"":""t1-30_val31-34_test35-49""}",5ec4bb160e75b47f8937b3dde8f72e9157e8cbe54442e469d0e9b00876142bdb,CANONICAL_RESULT_COMMAND_AND_FIELDS,$HISTORICAL_GNN_FRAUD_REPO/results/runs_rb09v3/runs.csv,UNRESOLVED_LEGACY_CODE,tree-6fa0cc19d70e7c207c9af5b868d89b1b98ed0ed7,$HISTORICAL_GNN_FRAUD_REPO/results/runs_rb09v3/runs.csv,,,UNRESOLVED,true,"{""device"":""cuda"",""hardware"":""unresolved_from_per_run_record"",""measurement_scope"":""per_run_result_record"",""peak_memory"":null,""runtime_seconds"":9.114}",b76a0a629899e7e024469f79a5303ca819a6d748072ac5f3fdab0216ea11e35f,
elliptic,node_classification,strict_inductive,strict_inductive,feature_mlp,mlp,6,fold0,INDEX_REFERENCED_FILE_MISSING,CANONICAL_PREDICTION_PATH_MISSING;INDEXED_SOURCE_ARCHIVE_MISSING;UNVERIFIED_RAW_COORDINATE_CANDIDATES_NOT_ALIASED,RB09v3_structure_decay_10seed,$HISTORICAL_GNN_FRAUD_REPO/results/runs_rb09v3/predictions_manifest.json,528152753c1887ae6fa64631fddbd53926938d9e358b7eb4f003ad2c508b2d4e,kaggleoutputs/elliptic_10seed_strict_inductive/predictions/elliptic__strict_inductive__mlp__seed6.csv,,6743915,,,$HISTORICAL_GNN_FRAUD_REPO/_rb_refresh_archive_2026-06-20/rb_refresh_2026-06-20/rb01_clean/predictions/elliptic__strict_inductive__mlp__seed6.csv;$HISTORICAL_GNN_FRAUD_REPO/results/runs_rb01/predictions/elliptic__strict_inductive__mlp__seed6.csv,elliptic_10seed_strict_inductive.zip,$HISTORICAL_GNN_FRAUD_REPO/kaggleoutputs/elliptic_10seed_strict_inductive.zip,24752f5ffdc082dc79ca5084701fccd04d2ac9588b4b15712598bdfe8daa1e4a,predictions/elliptic__strict_inductive__mlp__seed6.csv,false,RB09v3,,$HISTORICAL_GNN_FRAUD_REPO/results/runs_rb09v3/runs.csv#elliptic:strict_inductive:mlp:seed6,d9f77bfd14ccaf157780858e35ecfee96af1e2fbf60f3559ad888d14c0ace2e9,RB15_IMPORT_ERRORS_EMPTY_AND_MEMBER_REFERENCED,$HISTORICAL_GNN_FRAUD_REPO/results/runs_rb15_graphsafe_tta/import_manifest.json,RB09V3_ARTIFACT_FAMILY_180_AND_RB15_CONSUMED_MEMBER,"{""command"":""/kaggle/working/gnn-fraud/scripts/run_multi_dataset_protocol_benchmark.py --datasets elliptic --models mlp,gcn,graphsage --protocols strict_inductive,inductive_isolated,transductive --gnn-only --skip-missing-datasets --hidden-channels 256 --num-layers 3 --early-stopping-metric val_f1 --scaler-mode train_only --output-dir results/runs/multi_dataset_protocol --seeds 2,4,6,8,10 --device cuda --execute --prediction-dir results/runs/predictions --export-predictions"",""early_stopping_metric"":""val_f1"",""early_stopping_split"":""validation"",""graph_mode"":""inductive_subgraph"",""scaler_mode"":""train_only"",""split_name"":""t1-30_val31-34_test35-49""}",6930b65733193b866c727848ec94808105e734a5963c4b1bd0f10d636bcb04ca,CANONICAL_RESULT_COMMAND_AND_FIELDS,$HISTORICAL_GNN_FRAUD_REPO/results/runs_rb09v3/runs.csv,UNRESOLVED_LEGACY_CODE,tree-6fa0cc19d70e7c207c9af5b868d89b1b98ed0ed7,$HISTORICAL_GNN_FRAUD_REPO/results/runs_rb09v3/runs.csv,,,UNRESOLVED,true,"{""device"":""cuda"",""hardware"":""unresolved_from_per_run_record"",""measurement_scope"":""per_run_result_record"",""peak_memory"":null,""runtime_seconds"":9.064}",5f07e52e3369933ff796d4291649444b15bf4ef64792c46e0e6687afd83d1623,
elliptic,node_classification,strict_inductive,strict_inductive,feature_mlp,mlp,7,fold0,INDEX_REFERENCED_FILE_MISSING,CANONICAL_PREDICTION_PATH_MISSING;INDEXED_SOURCE_ARCHIVE_MISSING;UNVERIFIED_RAW_COORDINATE_CANDIDATES_NOT_ALIASED,RB09v3_structure_decay_10seed,$HISTORICAL_GNN_FRAUD_REPO/results/runs_rb09v3/predictions_manifest.json,528152753c1887ae6fa64631fddbd53926938d9e358b7eb4f003ad2c508b2d4e,kaggleoutputs/elliptic_10seed_strict_inductive/predictions/elliptic__strict_inductive__mlp__seed7.csv,,6748992,,,$HISTORICAL_GNN_FRAUD_REPO/_rb_refresh_archive_2026-06-20/rb_refresh_2026-06-20/rb01_clean/predictions/elliptic__strict_inductive__mlp__seed7.csv;$HISTORICAL_GNN_FRAUD_REPO/results/runs_rb01/predictions/elliptic__strict_inductive__mlp__seed7.csv,elliptic_10seed_strict_inductive.zip,$HISTORICAL_GNN_FRAUD_REPO/kaggleoutputs/elliptic_10seed_strict_inductive.zip,24752f5ffdc082dc79ca5084701fccd04d2ac9588b4b15712598bdfe8daa1e4a,predictions/elliptic__strict_inductive__mlp__seed7.csv,false,RB09v3,,$HISTORICAL_GNN_FRAUD_REPO/results/runs_rb09v3/runs.csv#elliptic:strict_inductive:mlp:seed7,d9f77bfd14ccaf157780858e35ecfee96af1e2fbf60f3559ad888d14c0ace2e9,RB15_IMPORT_ERRORS_EMPTY_AND_MEMBER_REFERENCED,$HISTORICAL_GNN_FRAUD_REPO/results/runs_rb15_graphsafe_tta/import_manifest.json,RB09V3_ARTIFACT_FAMILY_180_AND_RB15_CONSUMED_MEMBER,"{""command"":""/kaggle/working/gnn-fraud/scripts/run_multi_dataset_protocol_benchmark.py --datasets elliptic --models mlp,gcn,graphsage --protocols strict_inductive,inductive_isolated,transductive --gnn-only --skip-missing-datasets --hidden-channels 256 --num-layers 3 --early-stopping-metric val_f1 --scaler-mode train_only --output-dir results/runs/multi_dataset_protocol --seeds 1,3,5,7,9 --device cuda --execute --prediction-dir results/runs/predictions --export-predictions"",""early_stopping_metric"":""val_f1"",""early_stopping_split"":""validation"",""graph_mode"":""inductive_subgraph"",""scaler_mode"":""train_only"",""split_name"":""t1-30_val31-34_test35-49""}",5ec4bb160e75b47f8937b3dde8f72e9157e8cbe54442e469d0e9b00876142bdb,CANONICAL_RESULT_COMMAND_AND_FIELDS,$HISTORICAL_GNN_FRAUD_REPO/results/runs_rb09v3/runs.csv,UNRESOLVED_LEGACY_CODE,tree-6fa0cc19d70e7c207c9af5b868d89b1b98ed0ed7,$HISTORICAL_GNN_FRAUD_REPO/results/runs_rb09v3/runs.csv,,,UNRESOLVED,true,"{""device"":""cuda"",""hardware"":""unresolved_from_per_run_record"",""measurement_scope"":""per_run_result_record"",""peak_memory"":null,""runtime_seconds"":9.19}",dae43e4a26bcde3a091f38e1d2065970e00cf8c1dfa8a588822f2d0ce0539e08,
elliptic,node_classification,strict_inductive,strict_inductive,feature_mlp,mlp,8,fold0,INDEX_REFERENCED_FILE_MISSING,CANONICAL_PREDICTION_PATH_MISSING;INDEXED_SOURCE_ARCHIVE_MISSING;UNVERIFIED_RAW_COORDINATE_CANDIDATES_NOT_ALIASED,RB09v3_structure_decay_10seed,$HISTORICAL_GNN_FRAUD_REPO/results/runs_rb09v3/predictions_manifest.json,528152753c1887ae6fa64631fddbd53926938d9e358b7eb4f003ad2c508b2d4e,kaggleoutputs/elliptic_10seed_strict_inductive/predictions/elliptic__strict_inductive__mlp__seed8.csv,,6745128,,,$HISTORICAL_GNN_FRAUD_REPO/_rb_refresh_archive_2026-06-20/rb_refresh_2026-06-20/rb01_clean/predictions/elliptic__strict_inductive__mlp__seed8.csv;$HISTORICAL_GNN_FRAUD_REPO/results/runs_rb01/predictions/elliptic__strict_inductive__mlp__seed8.csv,elliptic_10seed_strict_inductive.zip,$HISTORICAL_GNN_FRAUD_REPO/kaggleoutputs/elliptic_10seed_strict_inductive.zip,24752f5ffdc082dc79ca5084701fccd04d2ac9588b4b15712598bdfe8daa1e4a,predictions/elliptic__strict_inductive__mlp__seed8.csv,false,RB09v3,,$HISTORICAL_GNN_FRAUD_REPO/results/runs_rb09v3/runs.csv#elliptic:strict_inductive:mlp:seed8,d9f77bfd14ccaf157780858e35ecfee96af1e2fbf60f3559ad888d14c0ace2e9,RB15_IMPORT_ERRORS_EMPTY_AND_MEMBER_REFERENCED,$HISTORICAL_GNN_FRAUD_REPO/results/runs_rb15_graphsafe_tta/import_manifest.json,RB09V3_ARTIFACT_FAMILY_180_AND_RB15_CONSUMED_MEMBER,"{""command"":""/kaggle/working/gnn-fraud/scripts/run_multi_dataset_protocol_benchmark.py --datasets elliptic --models mlp,gcn,graphsage --protocols strict_inductive,inductive_isolated,transductive --gnn-only --skip-missing-datasets --hidden-channels 256 --num-layers 3 --early-stopping-metric val_f1 --scaler-mode train_only --output-dir results/runs/multi_dataset_protocol --seeds 2,4,6,8,10 --device cuda --execute --prediction-dir results/runs/predictions --export-predictions"",""early_stopping_metric"":""val_f1"",""early_stopping_split"":""validation"",""graph_mode"":""inductive_subgraph"",""scaler_mode"":""train_only"",""split_name"":""t1-30_val31-34_test35-49""}",6930b65733193b866c727848ec94808105e734a5963c4b1bd0f10d636bcb04ca,CANONICAL_RESULT_COMMAND_AND_FIELDS,$HISTORICAL_GNN_FRAUD_REPO/results/runs_rb09v3/runs.csv,UNRESOLVED_LEGACY_CODE,tree-6fa0cc19d70e7c207c9af5b868d89b1b98ed0ed7,$HISTORICAL_GNN_FRAUD_REPO/results/runs_rb09v3/runs.csv,,,UNRESOLVED,true,"{""device"":""cuda"",""hardware"":""unresolved_from_per_run_record"",""measurement_scope"":""per_run_result_record"",""peak_memory"":null,""runtime_seconds"":9.114}",f88fc8784787f54a41ce60eabba47e56430035ed39375c79e2f9bff6f3762020,
elliptic,node_classification,strict_inductive,strict_inductive,feature_mlp,mlp,9,fold0,INDEX_REFERENCED_FILE_MISSING,CANONICAL_PREDICTION_PATH_MISSING;INDEXED_SOURCE_ARCHIVE_MISSING;UNVERIFIED_RAW_COORDINATE_CANDIDATES_NOT_ALIASED,RB09v3_structure_decay_10seed,$HISTORICAL_GNN_FRAUD_REPO/results/runs_rb09v3/predictions_manifest.json,528152753c1887ae6fa64631fddbd53926938d9e358b7eb4f003ad2c508b2d4e,kaggleoutputs/elliptic_10seed_strict_inductive/predictions/elliptic__strict_inductive__mlp__seed9.csv,,6747065,,,$HISTORICAL_GNN_FRAUD_REPO/_rb_refresh_archive_2026-06-20/rb_refresh_2026-06-20/rb01_clean/predictions/elliptic__strict_inductive__mlp__seed9.csv;$HISTORICAL_GNN_FRAUD_REPO/results/runs_rb01/predictions/elliptic__strict_inductive__mlp__seed9.csv,elliptic_10seed_strict_inductive.zip,$HISTORICAL_GNN_FRAUD_REPO/kaggleoutputs/elliptic_10seed_strict_inductive.zip,24752f5ffdc082dc79ca5084701fccd04d2ac9588b4b15712598bdfe8daa1e4a,predictions/elliptic__strict_inductive__mlp__seed9.csv,false,RB09v3,,$HISTORICAL_GNN_FRAUD_REPO/results/runs_rb09v3/runs.csv#elliptic:strict_inductive:mlp:seed9,d9f77bfd14ccaf157780858e35ecfee96af1e2fbf60f3559ad888d14c0ace2e9,RB15_IMPORT_ERRORS_EMPTY_AND_MEMBER_REFERENCED,$HISTORICAL_GNN_FRAUD_REPO/results/runs_rb15_graphsafe_tta/import_manifest.json,RB09V3_ARTIFACT_FAMILY_180_AND_RB15_CONSUMED_MEMBER,"{""command"":""/kaggle/working/gnn-fraud/scripts/run_multi_dataset_protocol_benchmark.py --datasets elliptic --models mlp,gcn,graphsage --protocols strict_inductive,inductive_isolated,transductive --gnn-only --skip-missing-datasets --hidden-channels 256 --num-layers 3 --early-stopping-metric val_f1 --scaler-mode train_only --output-dir results/runs/multi_dataset_protocol --seeds 1,3,5,7,9 --device cuda --execute --prediction-dir results/runs/predictions --export-predictions"",""early_stopping_metric"":""val_f1"",""early_stopping_split"":""validation"",""graph_mode"":""inductive_subgraph"",""scaler_mode"":""train_only"",""split_name"":""t1-30_val31-34_test35-49""}",5ec4bb160e75b47f8937b3dde8f72e9157e8cbe54442e469d0e9b00876142bdb,CANONICAL_RESULT_COMMAND_AND_FIELDS,$HISTORICAL_GNN_FRAUD_REPO/results/runs_rb09v3/runs.csv,UNRESOLVED_LEGACY_CODE,tree-6fa0cc19d70e7c207c9af5b868d89b1b98ed0ed7,$HISTORICAL_GNN_FRAUD_REPO/results/runs_rb09v3/runs.csv,,,UNRESOLVED,true,"{""device"":""cuda"",""hardware"":""unresolved_from_per_run_record"",""measurement_scope"":""per_run_result_record"",""peak_memory"":null,""runtime_seconds"":9.255}",5fe7faaab6618fa32997e15b6bd7a509889f900a179fe7e3fd83e6fbee08b8ba,
elliptic,node_classification,strict_inductive,strict_inductive,feature_mlp,mlp,10,fold0,INDEX_REFERENCED_FILE_MISSING,CANONICAL_PREDICTION_PATH_MISSING;INDEXED_SOURCE_ARCHIVE_MISSING;UNVERIFIED_RAW_COORDINATE_CANDIDATES_NOT_ALIASED,RB09v3_structure_decay_10seed,$HISTORICAL_GNN_FRAUD_REPO/results/runs_rb09v3/predictions_manifest.json,528152753c1887ae6fa64631fddbd53926938d9e358b7eb4f003ad2c508b2d4e,kaggleoutputs/elliptic_10seed_strict_inductive/predictions/elliptic__strict_inductive__mlp__seed10.csv,,6841795,,,$HISTORICAL_GNN_FRAUD_REPO/_rb_refresh_archive_2026-06-20/rb_refresh_2026-06-20/rb01_clean/predictions/elliptic__strict_inductive__mlp__seed10.csv;$HISTORICAL_GNN_FRAUD_REPO/results/runs_rb01/predictions/elliptic__strict_inductive__mlp__seed10.csv,elliptic_10seed_strict_inductive.zip,$HISTORICAL_GNN_FRAUD_REPO/kaggleoutputs/elliptic_10seed_strict_inductive.zip,24752f5ffdc082dc79ca5084701fccd04d2ac9588b4b15712598bdfe8daa1e4a,predictions/elliptic__strict_inductive__mlp__seed10.csv,false,RB09v3,,$HISTORICAL_GNN_FRAUD_REPO/results/runs_rb09v3/runs.csv#elliptic:strict_inductive:mlp:seed10,d9f77bfd14ccaf157780858e35ecfee96af1e2fbf60f3559ad888d14c0ace2e9,RB15_IMPORT_ERRORS_EMPTY_AND_MEMBER_REFERENCED,$HISTORICAL_GNN_FRAUD_REPO/results/runs_rb15_graphsafe_tta/import_manifest.json,RB09V3_ARTIFACT_FAMILY_180_AND_RB15_CONSUMED_MEMBER,"{""command"":""/kaggle/working/gnn-fraud/scripts/run_multi_dataset_protocol_benchmark.py --datasets elliptic --models mlp,gcn,graphsage --protocols strict_inductive,inductive_isolated,transductive --gnn-only --skip-missing-datasets --hidden-channels 256 --num-layers 3 --early-stopping-metric val_f1 --scaler-mode train_only --output-dir results/runs/multi_dataset_protocol --seeds 2,4,6,8,10 --device cuda --execute --prediction-dir results/runs/predictions --export-predictions"",""early_stopping_metric"":""val_f1"",""early_stopping_split"":""validation"",""graph_mode"":""inductive_subgraph"",""scaler_mode"":""train_only"",""split_name"":""t1-30_val31-34_test35-49""}",6930b65733193b866c727848ec94808105e734a5963c4b1bd0f10d636bcb04ca,CANONICAL_RESULT_COMMAND_AND_FIELDS,$HISTORICAL_GNN_FRAUD_REPO/results/runs_rb09v3/runs.csv,UNRESOLVED_LEGACY_CODE,tree-6fa0cc19d70e7c207c9af5b868d89b1b98ed0ed7,$HISTORICAL_GNN_FRAUD_REPO/results/runs_rb09v3/runs.csv,,,UNRESOLVED,true,"{""device"":""cuda"",""hardware"":""unresolved_from_per_run_record"",""measurement_scope"":""per_run_result_record"",""peak_memory"":null,""runtime_seconds"":9.15}",7d1ebd9c2ae7bec283a826f45e454da28cff3912c9be7481f45bf8b8d5ac1185,
elliptic,node_classification,strict_inductive,strict_inductive,gcn,gcn,1,fold0,INDEX_REFERENCED_FILE_MISSING,CANONICAL_PREDICTION_PATH_MISSING;INDEXED_SOURCE_ARCHIVE_MISSING;UNVERIFIED_RAW_COORDINATE_CANDIDATES_NOT_ALIASED,RB09v3_structure_decay_10seed,$HISTORICAL_GNN_FRAUD_REPO/results/runs_rb09v3/predictions_manifest.json,528152753c1887ae6fa64631fddbd53926938d9e358b7eb4f003ad2c508b2d4e,kaggleoutputs/elliptic_10seed_strict_inductive/predictions/elliptic__strict_inductive__gcn__seed1.csv,,6750587,,,$HISTORICAL_GNN_FRAUD_REPO/_rb_refresh_archive_2026-06-20/_pre_rb_refresh_backup_20260620T041421Z/predictions/elliptic__strict_inductive__gcn__seed1.csv;$HISTORICAL_GNN_FRAUD_REPO/_rb_refresh_archive_2026-06-20/rb_refresh_2026-06-20/rb01_clean/predictions/elliptic__strict_inductive__gcn__seed1.csv;$HISTORICAL_GNN_FRAUD_REPO/kaggle_workspace/imported_outputs/v20/RB28_ELLIPTIC_LOSS_ROBUSTNESS_SMOKE_2SEED_V20_DATA_MOUNT/RB28_ELLIPTIC_LOSS_ROBUSTNESS_SMOKE_2SEED_V20_DATA_MOUNT/predictions/loss_default/elliptic__strict_inductive__gcn__seed1.csv;$HISTORICAL_GNN_FRAUD_REPO/kaggle_workspace/imported_outputs/v20/RB28_ELLIPTIC_LOSS_ROBUSTNESS_SMOKE_2SEED_V20_DATA_MOUNT/RB28_ELLIPTIC_LOSS_ROBUSTNESS_SMOKE_2SEED_V20_DATA_MOUNT/predictions/loss_focal/elliptic__strict_inductive__gcn__seed1.csv;$HISTORICAL_GNN_FRAUD_REPO/kaggle_workspace/imported_outputs/v20/RB28_ELLIPTIC_LOSS_ROBUSTNESS_SMOKE_2SEED_V20_DATA_MOUNT/RB28_ELLIPTIC_LOSS_ROBUSTNESS_SMOKE_2SEED_V20_DATA_MOUNT/predictions/loss_weighted_bce/elliptic__strict_inductive__gcn__seed1.csv;$HISTORICAL_GNN_FRAUD_REPO/kaggleresults/runs_outputs/predictions/elliptic__strict_inductive__gcn__seed1.csv;$HISTORICAL_GNN_FRAUD_REPO/results/runs/predictions/elliptic__strict_inductive__gcn__seed1.csv;$HISTORICAL_GNN_FRAUD_REPO/results/runs_rb01/predictions/elliptic__strict_inductive__gcn__seed1.csv,elliptic_10seed_strict_inductive.zip,$HISTORICAL_GNN_FRAUD_REPO/kaggleoutputs/elliptic_10seed_strict_inductive.zip,24752f5ffdc082dc79ca5084701fccd04d2ac9588b4b15712598bdfe8daa1e4a,predictions/elliptic__strict_inductive__gcn__seed1.csv,false,RB09v3,,$HISTORICAL_GNN_FRAUD_REPO/results/runs_rb09v3/runs.csv#elliptic:strict_inductive:gcn:seed1,d9f77bfd14ccaf157780858e35ecfee96af1e2fbf60f3559ad888d14c0ace2e9,RB15_IMPORT_ERRORS_EMPTY_AND_MEMBER_REFERENCED,$HISTORICAL_GNN_FRAUD_REPO/results/runs_rb15_graphsafe_tta/import_manifest.json,RB09V3_ARTIFACT_FAMILY_180_AND_RB15_CONSUMED_MEMBER,"{""command"":""/kaggle/working/gnn-fraud/scripts/run_multi_dataset_protocol_benchmark.py --datasets elliptic --models mlp,gcn,graphsage --protocols strict_inductive,inductive_isolated,transductive --gnn-only --skip-missing-datasets --hidden-channels 256 --num-layers 3 --early-stopping-metric val_f1 --scaler-mode train_only --output-dir results/runs/multi_dataset_protocol --seeds 1,3,5,7,9 --device cuda --execute --prediction-dir results/runs/predictions --export-predictions"",""early_stopping_metric"":""val_f1"",""early_stopping_split"":""validation"",""graph_mode"":""inductive_subgraph"",""scaler_mode"":""train_only"",""split_name"":""t1-30_val31-34_test35-49""}",5ec4bb160e75b47f8937b3dde8f72e9157e8cbe54442e469d0e9b00876142bdb,CANONICAL_RESULT_COMMAND_AND_FIELDS,$HISTORICAL_GNN_FRAUD_REPO/results/runs_rb09v3/runs.csv,UNRESOLVED_LEGACY_CODE,tree-6fa0cc19d70e7c207c9af5b868d89b1b98ed0ed7,$HISTORICAL_GNN_FRAUD_REPO/results/runs_rb09v3/runs.csv,,,UNRESOLVED,true,"{""device"":""cuda"",""hardware"":""unresolved_from_per_run_record"",""measurement_scope"":""per_run_result_record"",""peak_memory"":null,""runtime_seconds"":19.658}",7dbd3718c9680798ae3a179ef39b2b9fd59423fa1af71f26515894ba4562e649,
elliptic,node_classification,strict_inductive,strict_inductive,gcn,gcn,2,fold0,INDEX_REFERENCED_FILE_MISSING,CANONICAL_PREDICTION_PATH_MISSING;INDEXED_SOURCE_ARCHIVE_MISSING;UNVERIFIED_RAW_COORDINATE_CANDIDATES_NOT_ALIASED,RB09v3_structure_decay_10seed,$HISTORICAL_GNN_FRAUD_REPO/results/runs_rb09v3/predictions_manifest.json,528152753c1887ae6fa64631fddbd53926938d9e358b7eb4f003ad2c508b2d4e,kaggleoutputs/elliptic_10seed_strict_inductive/predictions/elliptic__strict_inductive__gcn__seed2.csv,,6749814,,,$HISTORICAL_GNN_FRAUD_REPO/_rb_refresh_archive_2026-06-20/_pre_rb_refresh_backup_20260620T041421Z/predictions/elliptic__strict_inductive__gcn__seed2.csv;$HISTORICAL_GNN_FRAUD_REPO/_rb_refresh_archive_2026-06-20/rb_refresh_2026-06-20/rb01_clean/predictions/elliptic__strict_inductive__gcn__seed2.csv;$HISTORICAL_GNN_FRAUD_REPO/kaggle_workspace/imported_outputs/v20/RB28_ELLIPTIC_LOSS_ROBUSTNESS_SMOKE_2SEED_V20_DATA_MOUNT/RB28_ELLIPTIC_LOSS_ROBUSTNESS_SMOKE_2SEED_V20_DATA_MOUNT/predictions/loss_default/elliptic__strict_inductive__gcn__seed2.csv;$HISTORICAL_GNN_FRAUD_REPO/kaggle_workspace/imported_outputs/v20/RB28_ELLIPTIC_LOSS_ROBUSTNESS_SMOKE_2SEED_V20_DATA_MOUNT/RB28_ELLIPTIC_LOSS_ROBUSTNESS_SMOKE_2SEED_V20_DATA_MOUNT/predictions/loss_focal/elliptic__strict_inductive__gcn__seed2.csv;$HISTORICAL_GNN_FRAUD_REPO/kaggle_workspace/imported_outputs/v20/RB28_ELLIPTIC_LOSS_ROBUSTNESS_SMOKE_2SEED_V20_DATA_MOUNT/RB28_ELLIPTIC_LOSS_ROBUSTNESS_SMOKE_2SEED_V20_DATA_MOUNT/predictions/loss_weighted_bce/elliptic__strict_inductive__gcn__seed2.csv;$HISTORICAL_GNN_FRAUD_REPO/kaggleresults/runs_outputs/predictions/elliptic__strict_inductive__gcn__seed2.csv;$HISTORICAL_GNN_FRAUD_REPO/results/runs/predictions/elliptic__strict_inductive__gcn__seed2.csv;$HISTORICAL_GNN_FRAUD_REPO/results/runs_rb01/predictions/elliptic__strict_inductive__gcn__seed2.csv,elliptic_10seed_strict_inductive.zip,$HISTORICAL_GNN_FRAUD_REPO/kaggleoutputs/elliptic_10seed_strict_inductive.zip,24752f5ffdc082dc79ca5084701fccd04d2ac9588b4b15712598bdfe8daa1e4a,predictions/elliptic__strict_inductive__gcn__seed2.csv,false,RB09v3,,$HISTORICAL_GNN_FRAUD_REPO/results/runs_rb09v3/runs.csv#elliptic:strict_inductive:gcn:seed2,d9f77bfd14ccaf157780858e35ecfee96af1e2fbf60f3559ad888d14c0ace2e9,RB15_IMPORT_ERRORS_EMPTY_AND_MEMBER_REFERENCED,$HISTORICAL_GNN_FRAUD_REPO/results/runs_rb15_graphsafe_tta/import_manifest.json,RB09V3_ARTIFACT_FAMILY_180_AND_RB15_CONSUMED_MEMBER,"{""command"":""/kaggle/working/gnn-fraud/scripts/run_multi_dataset_protocol_benchmark.py --datasets elliptic --models mlp,gcn,graphsage --protocols strict_inductive,inductive_isolated,transductive --gnn-only --skip-missing-datasets --hidden-channels 256 --num-layers 3 --early-stopping-metric val_f1 --scaler-mode train_only --output-dir results/runs/multi_dataset_protocol --seeds 2,4,6,8,10 --device cuda --execute --prediction-dir results/runs/predictions --export-predictions"",""early_stopping_metric"":""val_f1"",""early_stopping_split"":""validation"",""graph_mode"":""inductive_subgraph"",""scaler_mode"":""train_only"",""split_name"":""t1-30_val31-34_test35-49""}",6930b65733193b866c727848ec94808105e734a5963c4b1bd0f10d636bcb04ca,CANONICAL_RESULT_COMMAND_AND_FIELDS,$HISTORICAL_GNN_FRAUD_REPO/results/runs_rb09v3/runs.csv,UNRESOLVED_LEGACY_CODE,tree-6fa0cc19d70e7c207c9af5b868d89b1b98ed0ed7,$HISTORICAL_GNN_FRAUD_REPO/results/runs_rb09v3/runs.csv,,,UNRESOLVED,true,"{""device"":""cuda"",""hardware"":""unresolved_from_per_run_record"",""measurement_scope"":""per_run_result_record"",""peak_memory"":null,""runtime_seconds"":19.565}",e02570a0d493d604704523c99c7e7d4a4b5b9802c2773b69b94bb5580a1c3e70,
elliptic,node_classification,strict_inductive,strict_inductive,gcn,gcn,3,fold0,INDEX_REFERENCED_FILE_MISSING,CANONICAL_PREDICTION_PATH_MISSING;INDEXED_SOURCE_ARCHIVE_MISSING;UNVERIFIED_RAW_COORDINATE_CANDIDATES_NOT_ALIASED,RB09v3_structure_decay_10seed,$HISTORICAL_GNN_FRAUD_REPO/results/runs_rb09v3/predictions_manifest.json,528152753c1887ae6fa64631fddbd53926938d9e358b7eb4f003ad2c508b2d4e,kaggleoutputs/elliptic_10seed_strict_inductive/predictions/elliptic__strict_inductive__gcn__seed3.csv,,6748395,,,$HISTORICAL_GNN_FRAUD_REPO/_rb_refresh_archive_2026-06-20/_pre_rb_refresh_backup_20260620T041421Z/predictions/elliptic__strict_inductive__gcn__seed3.csv;$HISTORICAL_GNN_FRAUD_REPO/_rb_refresh_archive_2026-06-20/rb_refresh_2026-06-20/rb01_clean/predictions/elliptic__strict_inductive__gcn__seed3.csv;$HISTORICAL_GNN_FRAUD_REPO/kaggleresults/runs_outputs/predictions/elliptic__strict_inductive__gcn__seed3.csv;$HISTORICAL_GNN_FRAUD_REPO/results/runs/predictions/elliptic__strict_inductive__gcn__seed3.csv;$HISTORICAL_GNN_FRAUD_REPO/results/runs_rb01/predictions/elliptic__strict_inductive__gcn__seed3.csv,elliptic_10seed_strict_inductive.zip,$HISTORICAL_GNN_FRAUD_REPO/kaggleoutputs/elliptic_10seed_strict_inductive.zip,24752f5ffdc082dc79ca5084701fccd04d2ac9588b4b15712598bdfe8daa1e4a,predictions/elliptic__strict_inductive__gcn__seed3.csv,false,RB09v3,,$HISTORICAL_GNN_FRAUD_REPO/results/runs_rb09v3/runs.csv#elliptic:strict_inductive:gcn:seed3,d9f77bfd14ccaf157780858e35ecfee96af1e2fbf60f3559ad888d14c0ace2e9,RB15_IMPORT_ERRORS_EMPTY_AND_MEMBER_REFERENCED,$HISTORICAL_GNN_FRAUD_REPO/results/runs_rb15_graphsafe_tta/import_manifest.json,RB09V3_ARTIFACT_FAMILY_180_AND_RB15_CONSUMED_MEMBER,"{""command"":""/kaggle/working/gnn-fraud/scripts/run_multi_dataset_protocol_benchmark.py --datasets elliptic --models mlp,gcn,graphsage --protocols strict_inductive,inductive_isolated,transductive --gnn-only --skip-missing-datasets --hidden-channels 256 --num-layers 3 --early-stopping-metric val_f1 --scaler-mode train_only --output-dir results/runs/multi_dataset_protocol --seeds 1,3,5,7,9 --device cuda --execute --prediction-dir results/runs/predictions --export-predictions"",""early_stopping_metric"":""val_f1"",""early_stopping_split"":""validation"",""graph_mode"":""inductive_subgraph"",""scaler_mode"":""train_only"",""split_name"":""t1-30_val31-34_test35-49""}",5ec4bb160e75b47f8937b3dde8f72e9157e8cbe54442e469d0e9b00876142bdb,CANONICAL_RESULT_COMMAND_AND_FIELDS,$HISTORICAL_GNN_FRAUD_REPO/results/runs_rb09v3/runs.csv,UNRESOLVED_LEGACY_CODE,tree-6fa0cc19d70e7c207c9af5b868d89b1b98ed0ed7,$HISTORICAL_GNN_FRAUD_REPO/results/runs_rb09v3/runs.csv,,,UNRESOLVED,true,"{""device"":""cuda"",""hardware"":""unresolved_from_per_run_record"",""measurement_scope"":""per_run_result_record"",""peak_memory"":null,""runtime_seconds"":19.701}",9862792a2c3b130795585d5e2ab571ff0fae898332800fadf19fe2faa483f506,
elliptic,node_classification,strict_inductive,strict_inductive,gcn,gcn,4,fold0,INDEX_REFERENCED_FILE_MISSING,CANONICAL_PREDICTION_PATH_MISSING;INDEXED_SOURCE_ARCHIVE_MISSING;UNVERIFIED_RAW_COORDINATE_CANDIDATES_NOT_ALIASED,RB09v3_structure_decay_10seed,$HISTORICAL_GNN_FRAUD_REPO/results/runs_rb09v3/predictions_manifest.json,528152753c1887ae6fa64631fddbd53926938d9e358b7eb4f003ad2c508b2d4e,kaggleoutputs/elliptic_10seed_strict_inductive/predictions/elliptic__strict_inductive__gcn__seed4.csv,,6744093,,,$HISTORICAL_GNN_FRAUD_REPO/_rb_refresh_archive_2026-06-20/_pre_rb_refresh_backup_20260620T041421Z/predictions/elliptic__strict_inductive__gcn__seed4.csv;$HISTORICAL_GNN_FRAUD_REPO/_rb_refresh_archive_2026-06-20/rb_refresh_2026-06-20/rb01_clean/predictions/elliptic__strict_inductive__gcn__seed4.csv;$HISTORICAL_GNN_FRAUD_REPO/kaggleresults/runs_outputs/predictions/elliptic__strict_inductive__gcn__seed4.csv;$HISTORICAL_GNN_FRAUD_REPO/results/runs/predictions/elliptic__strict_inductive__gcn__seed4.csv;$HISTORICAL_GNN_FRAUD_REPO/results/runs_rb01/predictions/elliptic__strict_inductive__gcn__seed4.csv,elliptic_10seed_strict_inductive.zip,$HISTORICAL_GNN_FRAUD_REPO/kaggleoutputs/elliptic_10seed_strict_inductive.zip,24752f5ffdc082dc79ca5084701fccd04d2ac9588b4b15712598bdfe8daa1e4a,predictions/elliptic__strict_inductive__gcn__seed4.csv,false,RB09v3,,$HISTORICAL_GNN_FRAUD_REPO/results/runs_rb09v3/runs.csv#elliptic:strict_inductive:gcn:seed4,d9f77bfd14ccaf157780858e35ecfee96af1e2fbf60f3559ad888d14c0ace2e9,RB15_IMPORT_ERRORS_EMPTY_AND_MEMBER_REFERENCED,$HISTORICAL_GNN_FRAUD_REPO/results/runs_rb15_graphsafe_tta/import_manifest.json,RB09V3_ARTIFACT_FAMILY_180_AND_RB15_CONSUMED_MEMBER,"{""command"":""/kaggle/working/gnn-fraud/scripts/run_multi_dataset_protocol_benchmark.py --datasets elliptic --models mlp,gcn,graphsage --protocols strict_inductive,inductive_isolated,transductive --gnn-only --skip-missing-datasets --hidden-channels 256 --num-layers 3 --early-stopping-metric val_f1 --scaler-mode train_only --output-dir results/runs/multi_dataset_protocol --seeds 2,4,6,8,10 --device cuda --execute --prediction-dir results/runs/predictions --export-predictions"",""early_stopping_metric"":""val_f1"",""early_stopping_split"":""validation"",""graph_mode"":""inductive_subgraph"",""scaler_mode"":""train_only"",""split_name"":""t1-30_val31-34_test35-49""}",6930b65733193b866c727848ec94808105e734a5963c4b1bd0f10d636bcb04ca,CANONICAL_RESULT_COMMAND_AND_FIELDS,$HISTORICAL_GNN_FRAUD_REPO/results/runs_rb09v3/runs.csv,UNRESOLVED_LEGACY_CODE,tree-6fa0cc19d70e7c207c9af5b868d89b1b98ed0ed7,$HISTORICAL_GNN_FRAUD_REPO/results/runs_rb09v3/runs.csv,,,UNRESOLVED,true,"{""device"":""cuda"",""hardware"":""unresolved_from_per_run_record"",""measurement_scope"":""per_run_result_record"",""peak_memory"":null,""runtime_seconds"":19.538}",66cd63ce5ed06c7afec540df7e29bf73d7c53f0b5db9fe906c058c9e57402d1f,
elliptic,node_classification,strict_inductive,strict_inductive,gcn,gcn,5,fold0,INDEX_REFERENCED_FILE_MISSING,CANONICAL_PREDICTION_PATH_MISSING;INDEXED_SOURCE_ARCHIVE_MISSING;UNVERIFIED_RAW_COORDINATE_CANDIDATES_NOT_ALIASED,RB09v3_structure_decay_10seed,$HISTORICAL_GNN_FRAUD_REPO/results/runs_rb09v3/predictions_manifest.json,528152753c1887ae6fa64631fddbd53926938d9e358b7eb4f003ad2c508b2d4e,kaggleoutputs/elliptic_10seed_strict_inductive/predictions/elliptic__strict_inductive__gcn__seed5.csv,,6748495,,,$HISTORICAL_GNN_FRAUD_REPO/_rb_refresh_archive_2026-06-20/_pre_rb_refresh_backup_20260620T041421Z/predictions/elliptic__strict_inductive__gcn__seed5.csv;$HISTORICAL_GNN_FRAUD_REPO/_rb_refresh_archive_2026-06-20/rb_refresh_2026-06-20/rb01_clean/predictions/elliptic__strict_inductive__gcn__seed5.csv;$HISTORICAL_GNN_FRAUD_REPO/kaggleresults/runs_outputs/predictions/elliptic__strict_inductive__gcn__seed5.csv;$HISTORICAL_GNN_FRAUD_REPO/results/runs/predictions/elliptic__strict_inductive__gcn__seed5.csv;$HISTORICAL_GNN_FRAUD_REPO/results/runs_rb01/predictions/elliptic__strict_inductive__gcn__seed5.csv,elliptic_10seed_strict_inductive.zip,$HISTORICAL_GNN_FRAUD_REPO/kaggleoutputs/elliptic_10seed_strict_inductive.zip,24752f5ffdc082dc79ca5084701fccd04d2ac9588b4b15712598bdfe8daa1e4a,predictions/elliptic__strict_inductive__gcn__seed5.csv,false,RB09v3,,$HISTORICAL_GNN_FRAUD_REPO/results/runs_rb09v3/runs.csv#elliptic:strict_inductive:gcn:seed5,d9f77bfd14ccaf157780858e35ecfee96af1e2fbf60f3559ad888d14c0ace2e9,RB15_IMPORT_ERRORS_EMPTY_AND_MEMBER_REFERENCED,$HISTORICAL_GNN_FRAUD_REPO/results/runs_rb15_graphsafe_tta/import_manifest.json,RB09V3_ARTIFACT_FAMILY_180_AND_RB15_CONSUMED_MEMBER,"{""command"":""/kaggle/working/gnn-fraud/scripts/run_multi_dataset_protocol_benchmark.py --datasets elliptic --models mlp,gcn,graphsage --protocols strict_inductive,inductive_isolated,transductive --gnn-only --skip-missing-datasets --hidden-channels 256 --num-layers 3 --early-stopping-metric val_f1 --scaler-mode train_only --output-dir results/runs/multi_dataset_protocol --seeds 1,3,5,7,9 --device cuda --execute --prediction-dir results/runs/predictions --export-predictions"",""early_stopping_metric"":""val_f1"",""early_stopping_split"":""validation"",""graph_mode"":""inductive_subgraph"",""scaler_mode"":""train_only"",""split_name"":""t1-30_val31-34_test35-49""}",5ec4bb160e75b47f8937b3dde8f72e9157e8cbe54442e469d0e9b00876142bdb,CANONICAL_RESULT_COMMAND_AND_FIELDS,$HISTORICAL_GNN_FRAUD_REPO/results/runs_rb09v3/runs.csv,UNRESOLVED_LEGACY_CODE,tree-6fa0cc19d70e7c207c9af5b868d89b1b98ed0ed7,$HISTORICAL_GNN_FRAUD_REPO/results/runs_rb09v3/runs.csv,,,UNRESOLVED,true,"{""device"":""cuda"",""hardware"":""unresolved_from_per_run_record"",""measurement_scope"":""per_run_result_record"",""peak_memory"":null,""runtime_seconds"":19.828}",2070f94c3c92ba3fbca7d7e37532ce7436b2132df7447925c47572625eb38fa3,
elliptic,node_classification,strict_inductive,strict_inductive,gcn,gcn,6,fold0,INDEX_REFERENCED_FILE_MISSING,CANONICAL_PREDICTION_PATH_MISSING;INDEXED_SOURCE_ARCHIVE_MISSING;UNVERIFIED_RAW_COORDINATE_CANDIDATES_NOT_ALIASED,RB09v3_structure_decay_10seed,$HISTORICAL_GNN_FRAUD_REPO/results/runs_rb09v3/predictions_manifest.json,528152753c1887ae6fa64631fddbd53926938d9e358b7eb4f003ad2c508b2d4e,kaggleoutputs/elliptic_10seed_strict_inductive/predictions/elliptic__strict_inductive__gcn__seed6.csv,,6745420,,,$HISTORICAL_GNN_FRAUD_REPO/_rb_refresh_archive_2026-06-20/rb_refresh_2026-06-20/rb01_clean/predictions/elliptic__strict_inductive__gcn__seed6.csv;$HISTORICAL_GNN_FRAUD_REPO/results/runs/predictions/elliptic__strict_inductive__gcn__seed6.csv;$HISTORICAL_GNN_FRAUD_REPO/results/runs_rb01/predictions/elliptic__strict_inductive__gcn__seed6.csv,elliptic_10seed_strict_inductive.zip,$HISTORICAL_GNN_FRAUD_REPO/kaggleoutputs/elliptic_10seed_strict_inductive.zip,24752f5ffdc082dc79ca5084701fccd04d2ac9588b4b15712598bdfe8daa1e4a,predictions/elliptic__strict_inductive__gcn__seed6.csv,false,RB09v3,,$HISTORICAL_GNN_FRAUD_REPO/results/runs_rb09v3/runs.csv#elliptic:strict_inductive:gcn:seed6,d9f77bfd14ccaf157780858e35ecfee96af1e2fbf60f3559ad888d14c0ace2e9,RB15_IMPORT_ERRORS_EMPTY_AND_MEMBER_REFERENCED,$HISTORICAL_GNN_FRAUD_REPO/results/runs_rb15_graphsafe_tta/import_manifest.json,RB09V3_ARTIFACT_FAMILY_180_AND_RB15_CONSUMED_MEMBER,"{""command"":""/kaggle/working/gnn-fraud/scripts/run_multi_dataset_protocol_benchmark.py --datasets elliptic --models mlp,gcn,graphsage --protocols strict_inductive,inductive_isolated,transductive --gnn-only --skip-missing-datasets --hidden-channels 256 --num-layers 3 --early-stopping-metric val_f1 --scaler-mode train_only --output-dir results/runs/multi_dataset_protocol --seeds 2,4,6,8,10 --device cuda --execute --prediction-dir results/runs/predictions --export-predictions"",""early_stopping_metric"":""val_f1"",""early_stopping_split"":""validation"",""graph_mode"":""inductive_subgraph"",""scaler_mode"":""train_only"",""split_name"":""t1-30_val31-34_test35-49""}",6930b65733193b866c727848ec94808105e734a5963c4b1bd0f10d636bcb04ca,CANONICAL_RESULT_COMMAND_AND_FIELDS,$HISTORICAL_GNN_FRAUD_REPO/results/runs_rb09v3/runs.csv,UNRESOLVED_LEGACY_CODE,tree-6fa0cc19d70e7c207c9af5b868d89b1b98ed0ed7,$HISTORICAL_GNN_FRAUD_REPO/results/runs_rb09v3/runs.csv,,,UNRESOLVED,true,"{""device"":""cuda"",""hardware"":""unresolved_from_per_run_record"",""measurement_scope"":""per_run_result_record"",""peak_memory"":null,""runtime_seconds"":19.569}",25aecff71b6d2e5b00b1e9ce682a47f2d74400c64de7ae08995259bb88b117b3,
elliptic,node_classification,strict_inductive,strict_inductive,gcn,gcn,7,fold0,INDEX_REFERENCED_FILE_MISSING,CANONICAL_PREDICTION_PATH_MISSING;INDEXED_SOURCE_ARCHIVE_MISSING;UNVERIFIED_RAW_COORDINATE_CANDIDATES_NOT_ALIASED,RB09v3_structure_decay_10seed,$HISTORICAL_GNN_FRAUD_REPO/results/runs_rb09v3/predictions_manifest.json,528152753c1887ae6fa64631fddbd53926938d9e358b7eb4f003ad2c508b2d4e,kaggleoutputs/elliptic_10seed_strict_inductive/predictions/elliptic__strict_inductive__gcn__seed7.csv,,6743934,,,$HISTORICAL_GNN_FRAUD_REPO/_rb_refresh_archive_2026-06-20/rb_refresh_2026-06-20/rb01_clean/predictions/elliptic__strict_inductive__gcn__seed7.csv;$HISTORICAL_GNN_FRAUD_REPO/results/runs/predictions/elliptic__strict_inductive__gcn__seed7.csv;$HISTORICAL_GNN_FRAUD_REPO/results/runs_rb01/predictions/elliptic__strict_inductive__gcn__seed7.csv,elliptic_10seed_strict_inductive.zip,$HISTORICAL_GNN_FRAUD_REPO/kaggleoutputs/elliptic_10seed_strict_inductive.zip,24752f5ffdc082dc79ca5084701fccd04d2ac9588b4b15712598bdfe8daa1e4a,predictions/elliptic__strict_inductive__gcn__seed7.csv,false,RB09v3,,$HISTORICAL_GNN_FRAUD_REPO/results/runs_rb09v3/runs.csv#elliptic:strict_inductive:gcn:seed7,d9f77bfd14ccaf157780858e35ecfee96af1e2fbf60f3559ad888d14c0ace2e9,RB15_IMPORT_ERRORS_EMPTY_AND_MEMBER_REFERENCED,$HISTORICAL_GNN_FRAUD_REPO/results/runs_rb15_graphsafe_tta/import_manifest.json,RB09V3_ARTIFACT_FAMILY_180_AND_RB15_CONSUMED_MEMBER,"{""command"":""/kaggle/working/gnn-fraud/scripts/run_multi_dataset_protocol_benchmark.py --datasets elliptic --models mlp,gcn,graphsage --protocols strict_inductive,inductive_isolated,transductive --gnn-only --skip-missing-datasets --hidden-channels 256 --num-layers 3 --early-stopping-metric val_f1 --scaler-mode train_only --output-dir results/runs/multi_dataset_protocol --seeds 1,3,5,7,9 --device cuda --execute --prediction-dir results/runs/predictions --export-predictions"",""early_stopping_metric"":""val_f1"",""early_stopping_split"":""validation"",""graph_mode"":""inductive_subgraph"",""scaler_mode"":""train_only"",""split_name"":""t1-30_val31-34_test35-49""}",5ec4bb160e75b47f8937b3dde8f72e9157e8cbe54442e469d0e9b00876142bdb,CANONICAL_RESULT_COMMAND_AND_FIELDS,$HISTORICAL_GNN_FRAUD_REPO/results/runs_rb09v3/runs.csv,UNRESOLVED_LEGACY_CODE,tree-6fa0cc19d70e7c207c9af5b868d89b1b98ed0ed7,$HISTORICAL_GNN_FRAUD_REPO/results/runs_rb09v3/runs.csv,,,UNRESOLVED,true,"{""device"":""cuda"",""hardware"":""unresolved_from_per_run_record"",""measurement_scope"":""per_run_result_record"",""peak_memory"":null,""runtime_seconds"":19.991}",7ef8474190838a52f64598251056f63f9dc80628c7f2971cc39da91e5f77296a,
elliptic,node_classification,strict_inductive,strict_inductive,gcn,gcn,8,fold0,INDEX_REFERENCED_FILE_MISSING,CANONICAL_PREDICTION_PATH_MISSING;INDEXED_SOURCE_ARCHIVE_MISSING;UNVERIFIED_RAW_COORDINATE_CANDIDATES_NOT_ALIASED,RB09v3_structure_decay_10seed,$HISTORICAL_GNN_FRAUD_REPO/results/runs_rb09v3/predictions_manifest.json,528152753c1887ae6fa64631fddbd53926938d9e358b7eb4f003ad2c508b2d4e,kaggleoutputs/elliptic_10seed_strict_inductive/predictions/elliptic__strict_inductive__gcn__seed8.csv,,6745519,,,$HISTORICAL_GNN_FRAUD_REPO/_rb_refresh_archive_2026-06-20/rb_refresh_2026-06-20/rb01_clean/predictions/elliptic__strict_inductive__gcn__seed8.csv;$HISTORICAL_GNN_FRAUD_REPO/results/runs/predictions/elliptic__strict_inductive__gcn__seed8.csv;$HISTORICAL_GNN_FRAUD_REPO/results/runs_rb01/predictions/elliptic__strict_inductive__gcn__seed8.csv,elliptic_10seed_strict_inductive.zip,$HISTORICAL_GNN_FRAUD_REPO/kaggleoutputs/elliptic_10seed_strict_inductive.zip,24752f5ffdc082dc79ca5084701fccd04d2ac9588b4b15712598bdfe8daa1e4a,predictions/elliptic__strict_inductive__gcn__seed8.csv,false,RB09v3,,$HISTORICAL_GNN_FRAUD_REPO/results/runs_rb09v3/runs.csv#elliptic:strict_inductive:gcn:seed8,d9f77bfd14ccaf157780858e35ecfee96af1e2fbf60f3559ad888d14c0ace2e9,RB15_IMPORT_ERRORS_EMPTY_AND_MEMBER_REFERENCED,$HISTORICAL_GNN_FRAUD_REPO/results/runs_rb15_graphsafe_tta/import_manifest.json,RB09V3_ARTIFACT_FAMILY_180_AND_RB15_CONSUMED_MEMBER,"{""command"":""/kaggle/working/gnn-fraud/scripts/run_multi_dataset_protocol_benchmark.py --datasets elliptic --models mlp,gcn,graphsage --protocols strict_inductive,inductive_isolated,transductive --gnn-only --skip-missing-datasets --hidden-channels 256 --num-layers 3 --early-stopping-metric val_f1 --scaler-mode train_only --output-dir results/runs/multi_dataset_protocol --seeds 2,4,6,8,10 --device cuda --execute --prediction-dir results/runs/predictions --export-predictions"",""early_stopping_metric"":""val_f1"",""early_stopping_split"":""validation"",""graph_mode"":""inductive_subgraph"",""scaler_mode"":""train_only"",""split_name"":""t1-30_val31-34_test35-49""}",6930b65733193b866c727848ec94808105e734a5963c4b1bd0f10d636bcb04ca,CANONICAL_RESULT_COMMAND_AND_FIELDS,$HISTORICAL_GNN_FRAUD_REPO/results/runs_rb09v3/runs.csv,UNRESOLVED_LEGACY_CODE,tree-6fa0cc19d70e7c207c9af5b868d89b1b98ed0ed7,$HISTORICAL_GNN_FRAUD_REPO/results/runs_rb09v3/runs.csv,,,UNRESOLVED,true,"{""device"":""cuda"",""hardware"":""unresolved_from_per_run_record"",""measurement_scope"":""per_run_result_record"",""peak_memory"":null,""runtime_seconds"":19.64}",51a24d05aaffcb2eced5197e817823afb73767f9df75e4a88db07d9e379a23bd,
elliptic,node_classification,strict_inductive,strict_inductive,gcn,gcn,9,fold0,INDEX_REFERENCED_FILE_MISSING,CANONICAL_PREDICTION_PATH_MISSING;INDEXED_SOURCE_ARCHIVE_MISSING;UNVERIFIED_RAW_COORDINATE_CANDIDATES_NOT_ALIASED,RB09v3_structure_decay_10seed,$HISTORICAL_GNN_FRAUD_REPO/results/runs_rb09v3/predictions_manifest.json,528152753c1887ae6fa64631fddbd53926938d9e358b7eb4f003ad2c508b2d4e,kaggleoutputs/elliptic_10seed_strict_inductive/predictions/elliptic__strict_inductive__gcn__seed9.csv,,6744392,,,$HISTORICAL_GNN_FRAUD_REPO/_rb_refresh_archive_2026-06-20/rb_refresh_2026-06-20/rb01_clean/predictions/elliptic__strict_inductive__gcn__seed9.csv;$HISTORICAL_GNN_FRAUD_REPO/results/runs/predictions/elliptic__strict_inductive__gcn__seed9.csv;$HISTORICAL_GNN_FRAUD_REPO/results/runs_rb01/predictions/elliptic__strict_inductive__gcn__seed9.csv,elliptic_10seed_strict_inductive.zip,$HISTORICAL_GNN_FRAUD_REPO/kaggleoutputs/elliptic_10seed_strict_inductive.zip,24752f5ffdc082dc79ca5084701fccd04d2ac9588b4b15712598bdfe8daa1e4a,predictions/elliptic__strict_inductive__gcn__seed9.csv,false,RB09v3,,$HISTORICAL_GNN_FRAUD_REPO/results/runs_rb09v3/runs.csv#elliptic:strict_inductive:gcn:seed9,d9f77bfd14ccaf157780858e35ecfee96af1e2fbf60f3559ad888d14c0ace2e9,RB15_IMPORT_ERRORS_EMPTY_AND_MEMBER_REFERENCED,$HISTORICAL_GNN_FRAUD_REPO/results/runs_rb15_graphsafe_tta/import_manifest.json,RB09V3_ARTIFACT_FAMILY_180_AND_RB15_CONSUMED_MEMBER,"{""command"":""/kaggle/working/gnn-fraud/scripts/run_multi_dataset_protocol_benchmark.py --datasets elliptic --models mlp,gcn,graphsage --protocols strict_inductive,inductive_isolated,transductive --gnn-only --skip-missing-datasets --hidden-channels 256 --num-layers 3 --early-stopping-metric val_f1 --scaler-mode train_only --output-dir results/runs/multi_dataset_protocol --seeds 1,3,5,7,9 --device cuda --execute --prediction-dir results/runs/predictions --export-predictions"",""early_stopping_metric"":""val_f1"",""early_stopping_split"":""validation"",""graph_mode"":""inductive_subgraph"",""scaler_mode"":""train_only"",""split_name"":""t1-30_val31-34_test35-49""}",5ec4bb160e75b47f8937b3dde8f72e9157e8cbe54442e469d0e9b00876142bdb,CANONICAL_RESULT_COMMAND_AND_FIELDS,$HISTORICAL_GNN_FRAUD_REPO/results/runs_rb09v3/runs.csv,UNRESOLVED_LEGACY_CODE,tree-6fa0cc19d70e7c207c9af5b868d89b1b98ed0ed7,$HISTORICAL_GNN_FRAUD_REPO/results/runs_rb09v3/runs.csv,,,UNRESOLVED,true,"{""device"":""cuda"",""hardware"":""unresolved_from_per_run_record"",""measurement_scope"":""per_run_result_record"",""peak_memory"":null,""runtime_seconds"":19.998}",ae877be5e5b6d88ad3d62199c42da2937488dd90249291ae2594f08f16669110,
elliptic,node_classification,strict_inductive,strict_inductive,gcn,gcn,10,fold0,INDEX_REFERENCED_FILE_MISSING,CANONICAL_PREDICTION_PATH_MISSING;INDEXED_SOURCE_ARCHIVE_MISSING;UNVERIFIED_RAW_COORDINATE_CANDIDATES_NOT_ALIASED,RB09v3_structure_decay_10seed,$HISTORICAL_GNN_FRAUD_REPO/results/runs_rb09v3/predictions_manifest.json,528152753c1887ae6fa64631fddbd53926938d9e358b7eb4f003ad2c508b2d4e,kaggleoutputs/elliptic_10seed_strict_inductive/predictions/elliptic__strict_inductive__gcn__seed10.csv,,6838056,,,$HISTORICAL_GNN_FRAUD_REPO/_rb_refresh_archive_2026-06-20/rb_refresh_2026-06-20/rb01_clean/predictions/elliptic__strict_inductive__gcn__seed10.csv;$HISTORICAL_GNN_FRAUD_REPO/results/runs/predictions/elliptic__strict_inductive__gcn__seed10.csv;$HISTORICAL_GNN_FRAUD_REPO/results/runs_rb01/predictions/elliptic__strict_inductive__gcn__seed10.csv,elliptic_10seed_strict_inductive.zip,$HISTORICAL_GNN_FRAUD_REPO/kaggleoutputs/elliptic_10seed_strict_inductive.zip,24752f5ffdc082dc79ca5084701fccd04d2ac9588b4b15712598bdfe8daa1e4a,predictions/elliptic__strict_inductive__gcn__seed10.csv,false,RB09v3,,$HISTORICAL_GNN_FRAUD_REPO/results/runs_rb09v3/runs.csv#elliptic:strict_inductive:gcn:seed10,d9f77bfd14ccaf157780858e35ecfee96af1e2fbf60f3559ad888d14c0ace2e9,RB15_IMPORT_ERRORS_EMPTY_AND_MEMBER_REFERENCED,$HISTORICAL_GNN_FRAUD_REPO/results/runs_rb15_graphsafe_tta/import_manifest.json,RB09V3_ARTIFACT_FAMILY_180_AND_RB15_CONSUMED_MEMBER,"{""command"":""/kaggle/working/gnn-fraud/scripts/run_multi_dataset_protocol_benchmark.py --datasets elliptic --models mlp,gcn,graphsage --protocols strict_inductive,inductive_isolated,transductive --gnn-only --skip-missing-datasets --hidden-channels 256 --num-layers 3 --early-stopping-metric val_f1 --scaler-mode train_only --output-dir results/runs/multi_dataset_protocol --seeds 2,4,6,8,10 --device cuda --execute --prediction-dir results/runs/predictions --export-predictions"",""early_stopping_metric"":""val_f1"",""early_stopping_split"":""validation"",""graph_mode"":""inductive_subgraph"",""scaler_mode"":""train_only"",""split_name"":""t1-30_val31-34_test35-49""}",6930b65733193b866c727848ec94808105e734a5963c4b1bd0f10d636bcb04ca,CANONICAL_RESULT_COMMAND_AND_FIELDS,$HISTORICAL_GNN_FRAUD_REPO/results/runs_rb09v3/runs.csv,UNRESOLVED_LEGACY_CODE,tree-6fa0cc19d70e7c207c9af5b868d89b1b98ed0ed7,$HISTORICAL_GNN_FRAUD_REPO/results/runs_rb09v3/runs.csv,,,UNRESOLVED,true,"{""device"":""cuda"",""hardware"":""unresolved_from_per_run_record"",""measurement_scope"":""per_run_result_record"",""peak_memory"":null,""runtime_seconds"":19.686}",4d0b3888c2018b5838836daaaf78327d89ae67b33da6f88f1ae4d09dd6c73e09,
elliptic,node_classification,strict_inductive,strict_inductive,graphsage,sage,1,fold0,INDEX_REFERENCED_FILE_MISSING,CANONICAL_PREDICTION_PATH_MISSING;INDEXED_SOURCE_ARCHIVE_MISSING;UNVERIFIED_RAW_COORDINATE_CANDIDATES_NOT_ALIASED,RB09v3_structure_decay_10seed,$HISTORICAL_GNN_FRAUD_REPO/results/runs_rb09v3/predictions_manifest.json,528152753c1887ae6fa64631fddbd53926938d9e358b7eb4f003ad2c508b2d4e,kaggleoutputs/elliptic_10seed_strict_inductive/predictions/elliptic__strict_inductive__sage__seed1.csv,,6861738,,,$HISTORICAL_GNN_FRAUD_REPO/_rb_refresh_archive_2026-06-20/_pre_rb_refresh_backup_20260620T041421Z/predictions/elliptic__strict_inductive__sage__seed1.csv;$HISTORICAL_GNN_FRAUD_REPO/_rb_refresh_archive_2026-06-20/rb_refresh_2026-06-20/rb01_clean/predictions/elliptic__strict_inductive__sage__seed1.csv;$HISTORICAL_GNN_FRAUD_REPO/kaggle_workspace/imported_outputs/v20/RB28_ELLIPTIC_LOSS_ROBUSTNESS_SMOKE_2SEED_V20_DATA_MOUNT/RB28_ELLIPTIC_LOSS_ROBUSTNESS_SMOKE_2SEED_V20_DATA_MOUNT/predictions/loss_default/elliptic__strict_inductive__sage__seed1.csv;$HISTORICAL_GNN_FRAUD_REPO/kaggle_workspace/imported_outputs/v20/RB28_ELLIPTIC_LOSS_ROBUSTNESS_SMOKE_2SEED_V20_DATA_MOUNT/RB28_ELLIPTIC_LOSS_ROBUSTNESS_SMOKE_2SEED_V20_DATA_MOUNT/predictions/loss_focal/elliptic__strict_inductive__sage__seed1.csv;$HISTORICAL_GNN_FRAUD_REPO/kaggle_workspace/imported_outputs/v20/RB28_ELLIPTIC_LOSS_ROBUSTNESS_SMOKE_2SEED_V20_DATA_MOUNT/RB28_ELLIPTIC_LOSS_ROBUSTNESS_SMOKE_2SEED_V20_DATA_MOUNT/predictions/loss_weighted_bce/elliptic__strict_inductive__sage__seed1.csv;$HISTORICAL_GNN_FRAUD_REPO/kaggleresults/runs_outputs/predictions/elliptic__strict_inductive__sage__seed1.csv;$HISTORICAL_GNN_FRAUD_REPO/results/runs/predictions/elliptic__strict_inductive__sage__seed1.csv;$HISTORICAL_GNN_FRAUD_REPO/results/runs_rb01/predictions/elliptic__strict_inductive__sage__seed1.csv;$HISTORICAL_GNN_FRAUD_REPO/results/runs_rb11_sage_family/predictions/elliptic__strict_inductive__sage__seed1.csv,elliptic_10seed_strict_inductive.zip,$HISTORICAL_GNN_FRAUD_REPO/kaggleoutputs/elliptic_10seed_strict_inductive.zip,24752f5ffdc082dc79ca5084701fccd04d2ac9588b4b15712598bdfe8daa1e4a,predictions/elliptic__strict_inductive__sage__seed1.csv,false,RB09v3,,$HISTORICAL_GNN_FRAUD_REPO/results/runs_rb09v3/runs.csv#elliptic:strict_inductive:sage:seed1,d9f77bfd14ccaf157780858e35ecfee96af1e2fbf60f3559ad888d14c0ace2e9,RB15_IMPORT_ERRORS_EMPTY_AND_MEMBER_REFERENCED,$HISTORICAL_GNN_FRAUD_REPO/results/runs_rb15_graphsafe_tta/import_manifest.json,RB09V3_ARTIFACT_FAMILY_180_AND_RB15_CONSUMED_MEMBER,"{""command"":""/kaggle/working/gnn-fraud/scripts/run_multi_dataset_protocol_benchmark.py --datasets elliptic --models mlp,gcn,graphsage --protocols strict_inductive,inductive_isolated,transductive --gnn-only --skip-missing-datasets --hidden-channels 256 --num-layers 3 --early-stopping-metric val_f1 --scaler-mode train_only --output-dir results/runs/multi_dataset_protocol --seeds 1,3,5,7,9 --device cuda --execute --prediction-dir results/runs/predictions --export-predictions"",""early_stopping_metric"":""val_f1"",""early_stopping_split"":""validation"",""graph_mode"":""inductive_subgraph"",""scaler_mode"":""train_only"",""split_name"":""t1-30_val31-34_test35-49""}",5ec4bb160e75b47f8937b3dde8f72e9157e8cbe54442e469d0e9b00876142bdb,CANONICAL_RESULT_COMMAND_AND_FIELDS,$HISTORICAL_GNN_FRAUD_REPO/results/runs_rb09v3/runs.csv,UNRESOLVED_LEGACY_CODE,tree-6fa0cc19d70e7c207c9af5b868d89b1b98ed0ed7,$HISTORICAL_GNN_FRAUD_REPO/results/runs_rb09v3/runs.csv,,,UNRESOLVED,true,"{""device"":""cuda"",""hardware"":""unresolved_from_per_run_record"",""measurement_scope"":""per_run_result_record"",""peak_memory"":null,""runtime_seconds"":40.391}",2cefd1a6a18dcf9d93c43ac5d1cf8d5028037e704def3d280db2fae03d2d66c5,
elliptic,node_classification,strict_inductive,strict_inductive,graphsage,sage,2,fold0,INDEX_REFERENCED_FILE_MISSING,CANONICAL_PREDICTION_PATH_MISSING;INDEXED_SOURCE_ARCHIVE_MISSING;UNVERIFIED_RAW_COORDINATE_CANDIDATES_NOT_ALIASED,RB09v3_structure_decay_10seed,$HISTORICAL_GNN_FRAUD_REPO/results/runs_rb09v3/predictions_manifest.json,528152753c1887ae6fa64631fddbd53926938d9e358b7eb4f003ad2c508b2d4e,kaggleoutputs/elliptic_10seed_strict_inductive/predictions/elliptic__strict_inductive__sage__seed2.csv,,6863775,,,$HISTORICAL_GNN_FRAUD_REPO/_rb_refresh_archive_2026-06-20/_pre_rb_refresh_backup_20260620T041421Z/predictions/elliptic__strict_inductive__sage__seed2.csv;$HISTORICAL_GNN_FRAUD_REPO/_rb_refresh_archive_2026-06-20/rb_refresh_2026-06-20/rb01_clean/predictions/elliptic__strict_inductive__sage__seed2.csv;$HISTORICAL_GNN_FRAUD_REPO/kaggle_workspace/imported_outputs/v20/RB28_ELLIPTIC_LOSS_ROBUSTNESS_SMOKE_2SEED_V20_DATA_MOUNT/RB28_ELLIPTIC_LOSS_ROBUSTNESS_SMOKE_2SEED_V20_DATA_MOUNT/predictions/loss_default/elliptic__strict_inductive__sage__seed2.csv;$HISTORICAL_GNN_FRAUD_REPO/kaggle_workspace/imported_outputs/v20/RB28_ELLIPTIC_LOSS_ROBUSTNESS_SMOKE_2SEED_V20_DATA_MOUNT/RB28_ELLIPTIC_LOSS_ROBUSTNESS_SMOKE_2SEED_V20_DATA_MOUNT/predictions/loss_focal/elliptic__strict_inductive__sage__seed2.csv;$HISTORICAL_GNN_FRAUD_REPO/kaggle_workspace/imported_outputs/v20/RB28_ELLIPTIC_LOSS_ROBUSTNESS_SMOKE_2SEED_V20_DATA_MOUNT/RB28_ELLIPTIC_LOSS_ROBUSTNESS_SMOKE_2SEED_V20_DATA_MOUNT/predictions/loss_weighted_bce/elliptic__strict_inductive__sage__seed2.csv;$HISTORICAL_GNN_FRAUD_REPO/kaggleresults/runs_outputs/predictions/elliptic__strict_inductive__sage__seed2.csv;$HISTORICAL_GNN_FRAUD_REPO/results/runs/predictions/elliptic__strict_inductive__sage__seed2.csv;$HISTORICAL_GNN_FRAUD_REPO/results/runs_rb01/predictions/elliptic__strict_inductive__sage__seed2.csv;$HISTORICAL_GNN_FRAUD_REPO/results/runs_rb11_sage_family/predictions/elliptic__strict_inductive__sage__seed2.csv,elliptic_10seed_strict_inductive.zip,$HISTORICAL_GNN_FRAUD_REPO/kaggleoutputs/elliptic_10seed_strict_inductive.zip,24752f5ffdc082dc79ca5084701fccd04d2ac9588b4b15712598bdfe8daa1e4a,predictions/elliptic__strict_inductive__sage__seed2.csv,false,RB09v3,,$HISTORICAL_GNN_FRAUD_REPO/results/runs_rb09v3/runs.csv#elliptic:strict_inductive:sage:seed2,d9f77bfd14ccaf157780858e35ecfee96af1e2fbf60f3559ad888d14c0ace2e9,RB15_IMPORT_ERRORS_EMPTY_AND_MEMBER_REFERENCED,$HISTORICAL_GNN_FRAUD_REPO/results/runs_rb15_graphsafe_tta/import_manifest.json,RB09V3_ARTIFACT_FAMILY_180_AND_RB15_CONSUMED_MEMBER,"{""command"":""/kaggle/working/gnn-fraud/scripts/run_multi_dataset_protocol_benchmark.py --datasets elliptic --models mlp,gcn,graphsage --protocols strict_inductive,inductive_isolated,transductive --gnn-only --skip-missing-datasets --hidden-channels 256 --num-layers 3 --early-stopping-metric val_f1 --scaler-mode train_only --output-dir results/runs/multi_dataset_protocol --seeds 2,4,6,8,10 --device cuda --execute --prediction-dir results/runs/predictions --export-predictions"",""early_stopping_metric"":""val_f1"",""early_stopping_split"":""validation"",""graph_mode"":""inductive_subgraph"",""scaler_mode"":""train_only"",""split_name"":""t1-30_val31-34_test35-49""}",6930b65733193b866c727848ec94808105e734a5963c4b1bd0f10d636bcb04ca,CANONICAL_RESULT_COMMAND_AND_FIELDS,$HISTORICAL_GNN_FRAUD_REPO/results/runs_rb09v3/runs.csv,UNRESOLVED_LEGACY_CODE,tree-6fa0cc19d70e7c207c9af5b868d89b1b98ed0ed7,$HISTORICAL_GNN_FRAUD_REPO/results/runs_rb09v3/runs.csv,,,UNRESOLVED,true,"{""device"":""cuda"",""hardware"":""unresolved_from_per_run_record"",""measurement_scope"":""per_run_result_record"",""peak_memory"":null,""runtime_seconds"":39.104}",649948f85d2a72ae2834e5741070085a3d8890c58ae236bb61ad357b74777c5d,
elliptic,node_classification,strict_inductive,strict_inductive,graphsage,sage,3,fold0,INDEX_REFERENCED_FILE_MISSING,CANONICAL_PREDICTION_PATH_MISSING;INDEXED_SOURCE_ARCHIVE_MISSING;UNVERIFIED_RAW_COORDINATE_CANDIDATES_NOT_ALIASED,RB09v3_structure_decay_10seed,$HISTORICAL_GNN_FRAUD_REPO/results/runs_rb09v3/predictions_manifest.json,528152753c1887ae6fa64631fddbd53926938d9e358b7eb4f003ad2c508b2d4e,kaggleoutputs/elliptic_10seed_strict_inductive/predictions/elliptic__strict_inductive__sage__seed3.csv,,6863092,,,$HISTORICAL_GNN_FRAUD_REPO/_rb_refresh_archive_2026-06-20/_pre_rb_refresh_backup_20260620T041421Z/predictions/elliptic__strict_inductive__sage__seed3.csv;$HISTORICAL_GNN_FRAUD_REPO/_rb_refresh_archive_2026-06-20/rb_refresh_2026-06-20/rb01_clean/predictions/elliptic__strict_inductive__sage__seed3.csv;$HISTORICAL_GNN_FRAUD_REPO/kaggleresults/runs_outputs/predictions/elliptic__strict_inductive__sage__seed3.csv;$HISTORICAL_GNN_FRAUD_REPO/results/runs/predictions/elliptic__strict_inductive__sage__seed3.csv;$HISTORICAL_GNN_FRAUD_REPO/results/runs_rb01/predictions/elliptic__strict_inductive__sage__seed3.csv;$HISTORICAL_GNN_FRAUD_REPO/results/runs_rb11_sage_family/predictions/elliptic__strict_inductive__sage__seed3.csv,elliptic_10seed_strict_inductive.zip,$HISTORICAL_GNN_FRAUD_REPO/kaggleoutputs/elliptic_10seed_strict_inductive.zip,24752f5ffdc082dc79ca5084701fccd04d2ac9588b4b15712598bdfe8daa1e4a,predictions/elliptic__strict_inductive__sage__seed3.csv,false,RB09v3,,$HISTORICAL_GNN_FRAUD_REPO/results/runs_rb09v3/runs.csv#elliptic:strict_inductive:sage:seed3,d9f77bfd14ccaf157780858e35ecfee96af1e2fbf60f3559ad888d14c0ace2e9,RB15_IMPORT_ERRORS_EMPTY_AND_MEMBER_REFERENCED,$HISTORICAL_GNN_FRAUD_REPO/results/runs_rb15_graphsafe_tta/import_manifest.json,RB09V3_ARTIFACT_FAMILY_180_AND_RB15_CONSUMED_MEMBER,"{""command"":""/kaggle/working/gnn-fraud/scripts/run_multi_dataset_protocol_benchmark.py --datasets elliptic --models mlp,gcn,graphsage --protocols strict_inductive,inductive_isolated,transductive --gnn-only --skip-missing-datasets --hidden-channels 256 --num-layers 3 --early-stopping-metric val_f1 --scaler-mode train_only --output-dir results/runs/multi_dataset_protocol --seeds 1,3,5,7,9 --device cuda --execute --prediction-dir results/runs/predictions --export-predictions"",""early_stopping_metric"":""val_f1"",""early_stopping_split"":""validation"",""graph_mode"":""inductive_subgraph"",""scaler_mode"":""train_only"",""split_name"":""t1-30_val31-34_test35-49""}",5ec4bb160e75b47f8937b3dde8f72e9157e8cbe54442e469d0e9b00876142bdb,CANONICAL_RESULT_COMMAND_AND_FIELDS,$HISTORICAL_GNN_FRAUD_REPO/results/runs_rb09v3/runs.csv,UNRESOLVED_LEGACY_CODE,tree-6fa0cc19d70e7c207c9af5b868d89b1b98ed0ed7,$HISTORICAL_GNN_FRAUD_REPO/results/runs_rb09v3/runs.csv,,,UNRESOLVED,true,"{""device"":""cuda"",""hardware"":""unresolved_from_per_run_record"",""measurement_scope"":""per_run_result_record"",""peak_memory"":null,""runtime_seconds"":40.623}",13eea981784dde22252688c8c686658f7da132ae76f71b8d983a54fd68002637,
elliptic,node_classification,strict_inductive,strict_inductive,graphsage,sage,4,fold0,INDEX_REFERENCED_FILE_MISSING,CANONICAL_PREDICTION_PATH_MISSING;INDEXED_SOURCE_ARCHIVE_MISSING;UNVERIFIED_RAW_COORDINATE_CANDIDATES_NOT_ALIASED,RB09v3_structure_decay_10seed,$HISTORICAL_GNN_FRAUD_REPO/results/runs_rb09v3/predictions_manifest.json,528152753c1887ae6fa64631fddbd53926938d9e358b7eb4f003ad2c508b2d4e,kaggleoutputs/elliptic_10seed_strict_inductive/predictions/elliptic__strict_inductive__sage__seed4.csv,,6861456,,,$HISTORICAL_GNN_FRAUD_REPO/_rb_refresh_archive_2026-06-20/_pre_rb_refresh_backup_20260620T041421Z/predictions/elliptic__strict_inductive__sage__seed4.csv;$HISTORICAL_GNN_FRAUD_REPO/_rb_refresh_archive_2026-06-20/rb_refresh_2026-06-20/rb01_clean/predictions/elliptic__strict_inductive__sage__seed4.csv;$HISTORICAL_GNN_FRAUD_REPO/kaggleresults/runs_outputs/predictions/elliptic__strict_inductive__sage__seed4.csv;$HISTORICAL_GNN_FRAUD_REPO/results/runs/predictions/elliptic__strict_inductive__sage__seed4.csv;$HISTORICAL_GNN_FRAUD_REPO/results/runs_rb01/predictions/elliptic__strict_inductive__sage__seed4.csv;$HISTORICAL_GNN_FRAUD_REPO/results/runs_rb11_sage_family/predictions/elliptic__strict_inductive__sage__seed4.csv,elliptic_10seed_strict_inductive.zip,$HISTORICAL_GNN_FRAUD_REPO/kaggleoutputs/elliptic_10seed_strict_inductive.zip,24752f5ffdc082dc79ca5084701fccd04d2ac9588b4b15712598bdfe8daa1e4a,predictions/elliptic__strict_inductive__sage__seed4.csv,false,RB09v3,,$HISTORICAL_GNN_FRAUD_REPO/results/runs_rb09v3/runs.csv#elliptic:strict_inductive:sage:seed4,d9f77bfd14ccaf157780858e35ecfee96af1e2fbf60f3559ad888d14c0ace2e9,RB15_IMPORT_ERRORS_EMPTY_AND_MEMBER_REFERENCED,$HISTORICAL_GNN_FRAUD_REPO/results/runs_rb15_graphsafe_tta/import_manifest.json,RB09V3_ARTIFACT_FAMILY_180_AND_RB15_CONSUMED_MEMBER,"{""command"":""/kaggle/working/gnn-fraud/scripts/run_multi_dataset_protocol_benchmark.py --datasets elliptic --models mlp,gcn,graphsage --protocols strict_inductive,inductive_isolated,transductive --gnn-only --skip-missing-datasets --hidden-channels 256 --num-layers 3 --early-stopping-metric val_f1 --scaler-mode train_only --output-dir results/runs/multi_dataset_protocol --seeds 2,4,6,8,10 --device cuda --execute --prediction-dir results/runs/predictions --export-predictions"",""early_stopping_metric"":""val_f1"",""early_stopping_split"":""validation"",""graph_mode"":""inductive_subgraph"",""scaler_mode"":""train_only"",""split_name"":""t1-30_val31-34_test35-49""}",6930b65733193b866c727848ec94808105e734a5963c4b1bd0f10d636bcb04ca,CANONICAL_RESULT_COMMAND_AND_FIELDS,$HISTORICAL_GNN_FRAUD_REPO/results/runs_rb09v3/runs.csv,UNRESOLVED_LEGACY_CODE,tree-6fa0cc19d70e7c207c9af5b868d89b1b98ed0ed7,$HISTORICAL_GNN_FRAUD_REPO/results/runs_rb09v3/runs.csv,,,UNRESOLVED,true,"{""device"":""cuda"",""hardware"":""unresolved_from_per_run_record"",""measurement_scope"":""per_run_result_record"",""peak_memory"":null,""runtime_seconds"":39.457}",55b209474dcceb89dc835323abbfc1ab201b5f5e159f3d1475be030fc95e7b3d,
elliptic,node_classification,strict_inductive,strict_inductive,graphsage,sage,5,fold0,INDEX_REFERENCED_FILE_MISSING,CANONICAL_PREDICTION_PATH_MISSING;INDEXED_SOURCE_ARCHIVE_MISSING;UNVERIFIED_RAW_COORDINATE_CANDIDATES_NOT_ALIASED,RB09v3_structure_decay_10seed,$HISTORICAL_GNN_FRAUD_REPO/results/runs_rb09v3/predictions_manifest.json,528152753c1887ae6fa64631fddbd53926938d9e358b7eb4f003ad2c508b2d4e,kaggleoutputs/elliptic_10seed_strict_inductive/predictions/elliptic__strict_inductive__sage__seed5.csv,,6857825,,,$HISTORICAL_GNN_FRAUD_REPO/_rb_refresh_archive_2026-06-20/_pre_rb_refresh_backup_20260620T041421Z/predictions/elliptic__strict_inductive__sage__seed5.csv;$HISTORICAL_GNN_FRAUD_REPO/_rb_refresh_archive_2026-06-20/rb_refresh_2026-06-20/rb01_clean/predictions/elliptic__strict_inductive__sage__seed5.csv;$HISTORICAL_GNN_FRAUD_REPO/kaggleresults/runs_outputs/predictions/elliptic__strict_inductive__sage__seed5.csv;$HISTORICAL_GNN_FRAUD_REPO/results/runs/predictions/elliptic__strict_inductive__sage__seed5.csv;$HISTORICAL_GNN_FRAUD_REPO/results/runs_rb01/predictions/elliptic__strict_inductive__sage__seed5.csv;$HISTORICAL_GNN_FRAUD_REPO/results/runs_rb11_sage_family/predictions/elliptic__strict_inductive__sage__seed5.csv,elliptic_10seed_strict_inductive.zip,$HISTORICAL_GNN_FRAUD_REPO/kaggleoutputs/elliptic_10seed_strict_inductive.zip,24752f5ffdc082dc79ca5084701fccd04d2ac9588b4b15712598bdfe8daa1e4a,predictions/elliptic__strict_inductive__sage__seed5.csv,false,RB09v3,,$HISTORICAL_GNN_FRAUD_REPO/results/runs_rb09v3/runs.csv#elliptic:strict_inductive:sage:seed5,d9f77bfd14ccaf157780858e35ecfee96af1e2fbf60f3559ad888d14c0ace2e9,RB15_IMPORT_ERRORS_EMPTY_AND_MEMBER_REFERENCED,$HISTORICAL_GNN_FRAUD_REPO/results/runs_rb15_graphsafe_tta/import_manifest.json,RB09V3_ARTIFACT_FAMILY_180_AND_RB15_CONSUMED_MEMBER,"{""command"":""/kaggle/working/gnn-fraud/scripts/run_multi_dataset_protocol_benchmark.py --datasets elliptic --models mlp,gcn,graphsage --protocols strict_inductive,inductive_isolated,transductive --gnn-only --skip-missing-datasets --hidden-channels 256 --num-layers 3 --early-stopping-metric val_f1 --scaler-mode train_only --output-dir results/runs/multi_dataset_protocol --seeds 1,3,5,7,9 --device cuda --execute --prediction-dir results/runs/predictions --export-predictions"",""early_stopping_metric"":""val_f1"",""early_stopping_split"":""validation"",""graph_mode"":""inductive_subgraph"",""scaler_mode"":""train_only"",""split_name"":""t1-30_val31-34_test35-49""}",5ec4bb160e75b47f8937b3dde8f72e9157e8cbe54442e469d0e9b00876142bdb,CANONICAL_RESULT_COMMAND_AND_FIELDS,$HISTORICAL_GNN_FRAUD_REPO/results/runs_rb09v3/runs.csv,UNRESOLVED_LEGACY_CODE,tree-6fa0cc19d70e7c207c9af5b868d89b1b98ed0ed7,$HISTORICAL_GNN_FRAUD_REPO/results/runs_rb09v3/runs.csv,,,UNRESOLVED,true,"{""device"":""cuda"",""hardware"":""unresolved_from_per_run_record"",""measurement_scope"":""per_run_result_record"",""peak_memory"":null,""runtime_seconds"":40.586}",c59001e133e57f2afe72e3e95993393e9c204f41dce8871750b500984e1d8c3e,
elliptic,node_classification,strict_inductive,strict_inductive,graphsage,sage,6,fold0,INDEX_REFERENCED_FILE_MISSING,CANONICAL_PREDICTION_PATH_MISSING;INDEXED_SOURCE_ARCHIVE_MISSING;UNVERIFIED_RAW_COORDINATE_CANDIDATES_NOT_ALIASED,RB09v3_structure_decay_10seed,$HISTORICAL_GNN_FRAUD_REPO/results/runs_rb09v3/predictions_manifest.json,528152753c1887ae6fa64631fddbd53926938d9e358b7eb4f003ad2c508b2d4e,kaggleoutputs/elliptic_10seed_strict_inductive/predictions/elliptic__strict_inductive__sage__seed6.csv,,6862537,,,$HISTORICAL_GNN_FRAUD_REPO/_rb_refresh_archive_2026-06-20/rb_refresh_2026-06-20/rb01_clean/predictions/elliptic__strict_inductive__sage__seed6.csv;$HISTORICAL_GNN_FRAUD_REPO/results/runs/predictions/elliptic__strict_inductive__sage__seed6.csv;$HISTORICAL_GNN_FRAUD_REPO/results/runs_rb01/predictions/elliptic__strict_inductive__sage__seed6.csv,elliptic_10seed_strict_inductive.zip,$HISTORICAL_GNN_FRAUD_REPO/kaggleoutputs/elliptic_10seed_strict_inductive.zip,24752f5ffdc082dc79ca5084701fccd04d2ac9588b4b15712598bdfe8daa1e4a,predictions/elliptic__strict_inductive__sage__seed6.csv,false,RB09v3,,$HISTORICAL_GNN_FRAUD_REPO/results/runs_rb09v3/runs.csv#elliptic:strict_inductive:sage:seed6,d9f77bfd14ccaf157780858e35ecfee96af1e2fbf60f3559ad888d14c0ace2e9,RB15_IMPORT_ERRORS_EMPTY_AND_MEMBER_REFERENCED,$HISTORICAL_GNN_FRAUD_REPO/results/runs_rb15_graphsafe_tta/import_manifest.json,RB09V3_ARTIFACT_FAMILY_180_AND_RB15_CONSUMED_MEMBER,"{""command"":""/kaggle/working/gnn-fraud/scripts/run_multi_dataset_protocol_benchmark.py --datasets elliptic --models mlp,gcn,graphsage --protocols strict_inductive,inductive_isolated,transductive --gnn-only --skip-missing-datasets --hidden-channels 256 --num-layers 3 --early-stopping-metric val_f1 --scaler-mode train_only --output-dir results/runs/multi_dataset_protocol --seeds 2,4,6,8,10 --device cuda --execute --prediction-dir results/runs/predictions --export-predictions"",""early_stopping_metric"":""val_f1"",""early_stopping_split"":""validation"",""graph_mode"":""inductive_subgraph"",""scaler_mode"":""train_only"",""split_name"":""t1-30_val31-34_test35-49""}",6930b65733193b866c727848ec94808105e734a5963c4b1bd0f10d636bcb04ca,CANONICAL_RESULT_COMMAND_AND_FIELDS,$HISTORICAL_GNN_FRAUD_REPO/results/runs_rb09v3/runs.csv,UNRESOLVED_LEGACY_CODE,tree-6fa0cc19d70e7c207c9af5b868d89b1b98ed0ed7,$HISTORICAL_GNN_FRAUD_REPO/results/runs_rb09v3/runs.csv,,,UNRESOLVED,true,"{""device"":""cuda"",""hardware"":""unresolved_from_per_run_record"",""measurement_scope"":""per_run_result_record"",""peak_memory"":null,""runtime_seconds"":39.578}",d73dbaa3e4a387061a70a51df47520f41185ec9d2dd6f30a1cd467ac2ae58c8c,
elliptic,node_classification,strict_inductive,strict_inductive,graphsage,sage,7,fold0,INDEX_REFERENCED_FILE_MISSING,CANONICAL_PREDICTION_PATH_MISSING;INDEXED_SOURCE_ARCHIVE_MISSING;UNVERIFIED_RAW_COORDINATE_CANDIDATES_NOT_ALIASED,RB09v3_structure_decay_10seed,$HISTORICAL_GNN_FRAUD_REPO/results/runs_rb09v3/predictions_manifest.json,528152753c1887ae6fa64631fddbd53926938d9e358b7eb4f003ad2c508b2d4e,kaggleoutputs/elliptic_10seed_strict_inductive/predictions/elliptic__strict_inductive__sage__seed7.csv,,6863435,,,$HISTORICAL_GNN_FRAUD_REPO/_rb_refresh_archive_2026-06-20/rb_refresh_2026-06-20/rb01_clean/predictions/elliptic__strict_inductive__sage__seed7.csv;$HISTORICAL_GNN_FRAUD_REPO/results/runs/predictions/elliptic__strict_inductive__sage__seed7.csv;$HISTORICAL_GNN_FRAUD_REPO/results/runs_rb01/predictions/elliptic__strict_inductive__sage__seed7.csv,elliptic_10seed_strict_inductive.zip,$HISTORICAL_GNN_FRAUD_REPO/kaggleoutputs/elliptic_10seed_strict_inductive.zip,24752f5ffdc082dc79ca5084701fccd04d2ac9588b4b15712598bdfe8daa1e4a,predictions/elliptic__strict_inductive__sage__seed7.csv,false,RB09v3,,$HISTORICAL_GNN_FRAUD_REPO/results/runs_rb09v3/runs.csv#elliptic:strict_inductive:sage:seed7,d9f77bfd14ccaf157780858e35ecfee96af1e2fbf60f3559ad888d14c0ace2e9,RB15_IMPORT_ERRORS_EMPTY_AND_MEMBER_REFERENCED,$HISTORICAL_GNN_FRAUD_REPO/results/runs_rb15_graphsafe_tta/import_manifest.json,RB09V3_ARTIFACT_FAMILY_180_AND_RB15_CONSUMED_MEMBER,"{""command"":""/kaggle/working/gnn-fraud/scripts/run_multi_dataset_protocol_benchmark.py --datasets elliptic --models mlp,gcn,graphsage --protocols strict_inductive,inductive_isolated,transductive --gnn-only --skip-missing-datasets --hidden-channels 256 --num-layers 3 --early-stopping-metric val_f1 --scaler-mode train_only --output-dir results/runs/multi_dataset_protocol --seeds 1,3,5,7,9 --device cuda --execute --prediction-dir results/runs/predictions --export-predictions"",""early_stopping_metric"":""val_f1"",""early_stopping_split"":""validation"",""graph_mode"":""inductive_subgraph"",""scaler_mode"":""train_only"",""split_name"":""t1-30_val31-34_test35-49""}",5ec4bb160e75b47f8937b3dde8f72e9157e8cbe54442e469d0e9b00876142bdb,CANONICAL_RESULT_COMMAND_AND_FIELDS,$HISTORICAL_GNN_FRAUD_REPO/results/runs_rb09v3/runs.csv,UNRESOLVED_LEGACY_CODE,tree-6fa0cc19d70e7c207c9af5b868d89b1b98ed0ed7,$HISTORICAL_GNN_FRAUD_REPO/results/runs_rb09v3/runs.csv,,,UNRESOLVED,true,"{""device"":""cuda"",""hardware"":""unresolved_from_per_run_record"",""measurement_scope"":""per_run_result_record"",""peak_memory"":null,""runtime_seconds"":40.59}",611bbcb78c717dd34c70ce140645b6b5d870fba32f03e03f8a8fa9db7d339e73,
elliptic,node_classification,strict_inductive,strict_inductive,graphsage,sage,8,fold0,INDEX_REFERENCED_FILE_MISSING,CANONICAL_PREDICTION_PATH_MISSING;INDEXED_SOURCE_ARCHIVE_MISSING;UNVERIFIED_RAW_COORDINATE_CANDIDATES_NOT_ALIASED,RB09v3_structure_decay_10seed,$HISTORICAL_GNN_FRAUD_REPO/results/runs_rb09v3/predictions_manifest.json,528152753c1887ae6fa64631fddbd53926938d9e358b7eb4f003ad2c508b2d4e,kaggleoutputs/elliptic_10seed_strict_inductive/predictions/elliptic__strict_inductive__sage__seed8.csv,,6864937,,,$HISTORICAL_GNN_FRAUD_REPO/_rb_refresh_archive_2026-06-20/rb_refresh_2026-06-20/rb01_clean/predictions/elliptic__strict_inductive__sage__seed8.csv;$HISTORICAL_GNN_FRAUD_REPO/results/runs/predictions/elliptic__strict_inductive__sage__seed8.csv;$HISTORICAL_GNN_FRAUD_REPO/results/runs_rb01/predictions/elliptic__strict_inductive__sage__seed8.csv,elliptic_10seed_strict_inductive.zip,$HISTORICAL_GNN_FRAUD_REPO/kaggleoutputs/elliptic_10seed_strict_inductive.zip,24752f5ffdc082dc79ca5084701fccd04d2ac9588b4b15712598bdfe8daa1e4a,predictions/elliptic__strict_inductive__sage__seed8.csv,false,RB09v3,,$HISTORICAL_GNN_FRAUD_REPO/results/runs_rb09v3/runs.csv#elliptic:strict_inductive:sage:seed8,d9f77bfd14ccaf157780858e35ecfee96af1e2fbf60f3559ad888d14c0ace2e9,RB15_IMPORT_ERRORS_EMPTY_AND_MEMBER_REFERENCED,$HISTORICAL_GNN_FRAUD_REPO/results/runs_rb15_graphsafe_tta/import_manifest.json,RB09V3_ARTIFACT_FAMILY_180_AND_RB15_CONSUMED_MEMBER,"{""command"":""/kaggle/working/gnn-fraud/scripts/run_multi_dataset_protocol_benchmark.py --datasets elliptic --models mlp,gcn,graphsage --protocols strict_inductive,inductive_isolated,transductive --gnn-only --skip-missing-datasets --hidden-channels 256 --num-layers 3 --early-stopping-metric val_f1 --scaler-mode train_only --output-dir results/runs/multi_dataset_protocol --seeds 2,4,6,8,10 --device cuda --execute --prediction-dir results/runs/predictions --export-predictions"",""early_stopping_metric"":""val_f1"",""early_stopping_split"":""validation"",""graph_mode"":""inductive_subgraph"",""scaler_mode"":""train_only"",""split_name"":""t1-30_val31-34_test35-49""}",6930b65733193b866c727848ec94808105e734a5963c4b1bd0f10d636bcb04ca,CANONICAL_RESULT_COMMAND_AND_FIELDS,$HISTORICAL_GNN_FRAUD_REPO/results/runs_rb09v3/runs.csv,UNRESOLVED_LEGACY_CODE,tree-6fa0cc19d70e7c207c9af5b868d89b1b98ed0ed7,$HISTORICAL_GNN_FRAUD_REPO/results/runs_rb09v3/runs.csv,,,UNRESOLVED,true,"{""device"":""cuda"",""hardware"":""unresolved_from_per_run_record"",""measurement_scope"":""per_run_result_record"",""peak_memory"":null,""runtime_seconds"":40.393}",d1c492ef1e2f790358d91e5eee6cf2fc989cfbb7b18c01043486c4ca67989e57,
elliptic,node_classification,strict_inductive,strict_inductive,graphsage,sage,9,fold0,INDEX_REFERENCED_FILE_MISSING,CANONICAL_PREDICTION_PATH_MISSING;INDEXED_SOURCE_ARCHIVE_MISSING;UNVERIFIED_RAW_COORDINATE_CANDIDATES_NOT_ALIASED,RB09v3_structure_decay_10seed,$HISTORICAL_GNN_FRAUD_REPO/results/runs_rb09v3/predictions_manifest.json,528152753c1887ae6fa64631fddbd53926938d9e358b7eb4f003ad2c508b2d4e,kaggleoutputs/elliptic_10seed_strict_inductive/predictions/elliptic__strict_inductive__sage__seed9.csv,,6861798,,,$HISTORICAL_GNN_FRAUD_REPO/_rb_refresh_archive_2026-06-20/rb_refresh_2026-06-20/rb01_clean/predictions/elliptic__strict_inductive__sage__seed9.csv;$HISTORICAL_GNN_FRAUD_REPO/results/runs/predictions/elliptic__strict_inductive__sage__seed9.csv;$HISTORICAL_GNN_FRAUD_REPO/results/runs_rb01/predictions/elliptic__strict_inductive__sage__seed9.csv,elliptic_10seed_strict_inductive.zip,$HISTORICAL_GNN_FRAUD_REPO/kaggleoutputs/elliptic_10seed_strict_inductive.zip,24752f5ffdc082dc79ca5084701fccd04d2ac9588b4b15712598bdfe8daa1e4a,predictions/elliptic__strict_inductive__sage__seed9.csv,false,RB09v3,,$HISTORICAL_GNN_FRAUD_REPO/results/runs_rb09v3/runs.csv#elliptic:strict_inductive:sage:seed9,d9f77bfd14ccaf157780858e35ecfee96af1e2fbf60f3559ad888d14c0ace2e9,RB15_IMPORT_ERRORS_EMPTY_AND_MEMBER_REFERENCED,$HISTORICAL_GNN_FRAUD_REPO/results/runs_rb15_graphsafe_tta/import_manifest.json,RB09V3_ARTIFACT_FAMILY_180_AND_RB15_CONSUMED_MEMBER,"{""command"":""/kaggle/working/gnn-fraud/scripts/run_multi_dataset_protocol_benchmark.py --datasets elliptic --models mlp,gcn,graphsage --protocols strict_inductive,inductive_isolated,transductive --gnn-only --skip-missing-datasets --hidden-channels 256 --num-layers 3 --early-stopping-metric val_f1 --scaler-mode train_only --output-dir results/runs/multi_dataset_protocol --seeds 1,3,5,7,9 --device cuda --execute --prediction-dir results/runs/predictions --export-predictions"",""early_stopping_metric"":""val_f1"",""early_stopping_split"":""validation"",""graph_mode"":""inductive_subgraph"",""scaler_mode"":""train_only"",""split_name"":""t1-30_val31-34_test35-49""}",5ec4bb160e75b47f8937b3dde8f72e9157e8cbe54442e469d0e9b00876142bdb,CANONICAL_RESULT_COMMAND_AND_FIELDS,$HISTORICAL_GNN_FRAUD_REPO/results/runs_rb09v3/runs.csv,UNRESOLVED_LEGACY_CODE,tree-6fa0cc19d70e7c207c9af5b868d89b1b98ed0ed7,$HISTORICAL_GNN_FRAUD_REPO/results/runs_rb09v3/runs.csv,,,UNRESOLVED,true,"{""device"":""cuda"",""hardware"":""unresolved_from_per_run_record"",""measurement_scope"":""per_run_result_record"",""peak_memory"":null,""runtime_seconds"":40.676}",afcb1208b7c479fed43e427241538e5b057ca2991aa495980f3366a6a2be448d,
elliptic,node_classification,strict_inductive,strict_inductive,graphsage,sage,10,fold0,INDEX_REFERENCED_FILE_MISSING,CANONICAL_PREDICTION_PATH_MISSING;INDEXED_SOURCE_ARCHIVE_MISSING;UNVERIFIED_RAW_COORDINATE_CANDIDATES_NOT_ALIASED,RB09v3_structure_decay_10seed,$HISTORICAL_GNN_FRAUD_REPO/results/runs_rb09v3/predictions_manifest.json,528152753c1887ae6fa64631fddbd53926938d9e358b7eb4f003ad2c508b2d4e,kaggleoutputs/elliptic_10seed_strict_inductive/predictions/elliptic__strict_inductive__sage__seed10.csv,,6957806,,,$HISTORICAL_GNN_FRAUD_REPO/_rb_refresh_archive_2026-06-20/rb_refresh_2026-06-20/rb01_clean/predictions/elliptic__strict_inductive__sage__seed10.csv;$HISTORICAL_GNN_FRAUD_REPO/results/runs/predictions/elliptic__strict_inductive__sage__seed10.csv;$HISTORICAL_GNN_FRAUD_REPO/results/runs_rb01/predictions/elliptic__strict_inductive__sage__seed10.csv,elliptic_10seed_strict_inductive.zip,$HISTORICAL_GNN_FRAUD_REPO/kaggleoutputs/elliptic_10seed_strict_inductive.zip,24752f5ffdc082dc79ca5084701fccd04d2ac9588b4b15712598bdfe8daa1e4a,predictions/elliptic__strict_inductive__sage__seed10.csv,false,RB09v3,,$HISTORICAL_GNN_FRAUD_REPO/results/runs_rb09v3/runs.csv#elliptic:strict_inductive:sage:seed10,d9f77bfd14ccaf157780858e35ecfee96af1e2fbf60f3559ad888d14c0ace2e9,RB15_IMPORT_ERRORS_EMPTY_AND_MEMBER_REFERENCED,$HISTORICAL_GNN_FRAUD_REPO/results/runs_rb15_graphsafe_tta/import_manifest.json,RB09V3_ARTIFACT_FAMILY_180_AND_RB15_CONSUMED_MEMBER,"{""command"":""/kaggle/working/gnn-fraud/scripts/run_multi_dataset_protocol_benchmark.py --datasets elliptic --models mlp,gcn,graphsage --protocols strict_inductive,inductive_isolated,transductive --gnn-only --skip-missing-datasets --hidden-channels 256 --num-layers 3 --early-stopping-metric val_f1 --scaler-mode train_only --output-dir results/runs/multi_dataset_protocol --seeds 2,4,6,8,10 --device cuda --execute --prediction-dir results/runs/predictions --export-predictions"",""early_stopping_metric"":""val_f1"",""early_stopping_split"":""validation"",""graph_mode"":""inductive_subgraph"",""scaler_mode"":""train_only"",""split_name"":""t1-30_val31-34_test35-49""}",6930b65733193b866c727848ec94808105e734a5963c4b1bd0f10d636bcb04ca,CANONICAL_RESULT_COMMAND_AND_FIELDS,$HISTORICAL_GNN_FRAUD_REPO/results/runs_rb09v3/runs.csv,UNRESOLVED_LEGACY_CODE,tree-6fa0cc19d70e7c207c9af5b868d89b1b98ed0ed7,$HISTORICAL_GNN_FRAUD_REPO/results/runs_rb09v3/runs.csv,,,UNRESOLVED,true,"{""device"":""cuda"",""hardware"":""unresolved_from_per_run_record"",""measurement_scope"":""per_run_result_record"",""peak_memory"":null,""runtime_seconds"":40.145}",a71655a9a9d6f98a90c218ab9d52f9492753a3c397a68288ed929cd2d16dca3d,
elliptic,node_classification,transductive_structure,transductive,feature_mlp,mlp,1,fold0,INDEX_REFERENCED_FILE_MISSING,CANONICAL_PREDICTION_PATH_MISSING;INDEXED_SOURCE_ARCHIVE_MISSING,RB09v3_structure_decay_10seed,$HISTORICAL_GNN_FRAUD_REPO/results/runs_rb09v3/predictions_manifest.json,528152753c1887ae6fa64631fddbd53926938d9e358b7eb4f003ad2c508b2d4e,kaggleoutputs/elliptic_10seed_transductive/predictions/elliptic__transductive__mlp__seed1.csv,,6378499,,,,elliptic_10seed_transductive.zip,$HISTORICAL_GNN_FRAUD_REPO/kaggleoutputs/elliptic_10seed_transductive.zip,99d2f7ad1ad95fd7c30c193da9003c091b0c3fdce028dccd2bd0019f35869c08,predictions/elliptic__transductive__mlp__seed1.csv,false,RB09v3,,$HISTORICAL_GNN_FRAUD_REPO/results/runs_rb09v3/runs.csv#elliptic:transductive:mlp:seed1,d9f77bfd14ccaf157780858e35ecfee96af1e2fbf60f3559ad888d14c0ace2e9,RB15_IMPORT_ERRORS_EMPTY_AND_MEMBER_REFERENCED,$HISTORICAL_GNN_FRAUD_REPO/results/runs_rb15_graphsafe_tta/import_manifest.json,RB09V3_ARTIFACT_FAMILY_180_AND_RB15_CONSUMED_MEMBER,"{""command"":""/kaggle/working/gnn-fraud/scripts/run_multi_dataset_protocol_benchmark.py --datasets elliptic --models mlp,gcn,graphsage --protocols strict_inductive,inductive_isolated,transductive --gnn-only --skip-missing-datasets --hidden-channels 256 --num-layers 3 --early-stopping-metric val_f1 --scaler-mode train_only --output-dir results/runs/multi_dataset_protocol --seeds 1,3,5,7,9 --device cuda --execute --prediction-dir results/runs/predictions --export-predictions"",""early_stopping_metric"":""val_f1"",""early_stopping_split"":""validation"",""graph_mode"":""full_graph"",""scaler_mode"":""train_only"",""split_name"":""t1-30_val31-34_test35-49""}",4bc3cab31927f67202b7b5518340fd10ed2cc530abc3ce555112ae150963444b,CANONICAL_RESULT_COMMAND_AND_FIELDS,$HISTORICAL_GNN_FRAUD_REPO/results/runs_rb09v3/runs.csv,UNRESOLVED_LEGACY_CODE,tree-6fa0cc19d70e7c207c9af5b868d89b1b98ed0ed7,$HISTORICAL_GNN_FRAUD_REPO/results/runs_rb09v3/runs.csv,,,UNRESOLVED,true,"{""device"":""cuda"",""hardware"":""unresolved_from_per_run_record"",""measurement_scope"":""per_run_result_record"",""peak_memory"":null,""runtime_seconds"":15.895}",2087e7f0bd0480bcd4eee435ba6bae9b728c55de5734579733c7754b56e78b53,
elliptic,node_classification,transductive_structure,transductive,feature_mlp,mlp,2,fold0,INDEX_REFERENCED_FILE_MISSING,CANONICAL_PREDICTION_PATH_MISSING;INDEXED_SOURCE_ARCHIVE_MISSING,RB09v3_structure_decay_10seed,$HISTORICAL_GNN_FRAUD_REPO/results/runs_rb09v3/predictions_manifest.json,528152753c1887ae6fa64631fddbd53926938d9e358b7eb4f003ad2c508b2d4e,kaggleoutputs/elliptic_10seed_transductive/predictions/elliptic__transductive__mlp__seed2.csv,,6380742,,,,elliptic_10seed_transductive.zip,$HISTORICAL_GNN_FRAUD_REPO/kaggleoutputs/elliptic_10seed_transductive.zip,99d2f7ad1ad95fd7c30c193da9003c091b0c3fdce028dccd2bd0019f35869c08,predictions/elliptic__transductive__mlp__seed2.csv,false,RB09v3,,$HISTORICAL_GNN_FRAUD_REPO/results/runs_rb09v3/runs.csv#elliptic:transductive:mlp:seed2,d9f77bfd14ccaf157780858e35ecfee96af1e2fbf60f3559ad888d14c0ace2e9,RB15_IMPORT_ERRORS_EMPTY_AND_MEMBER_REFERENCED,$HISTORICAL_GNN_FRAUD_REPO/results/runs_rb15_graphsafe_tta/import_manifest.json,RB09V3_ARTIFACT_FAMILY_180_AND_RB15_CONSUMED_MEMBER,"{""command"":""/kaggle/working/gnn-fraud/scripts/run_multi_dataset_protocol_benchmark.py --datasets elliptic --models mlp,gcn,graphsage --protocols strict_inductive,inductive_isolated,transductive --gnn-only --skip-missing-datasets --hidden-channels 256 --num-layers 3 --early-stopping-metric val_f1 --scaler-mode train_only --output-dir results/runs/multi_dataset_protocol --seeds 2,4,6,8,10 --device cuda --execute --prediction-dir results/runs/predictions --export-predictions"",""early_stopping_metric"":""val_f1"",""early_stopping_split"":""validation"",""graph_mode"":""full_graph"",""scaler_mode"":""train_only"",""split_name"":""t1-30_val31-34_test35-49""}",f7fbc1e77ed0dcd4154d2610f8c0961452849ec443f532b56bd565762f186e87,CANONICAL_RESULT_COMMAND_AND_FIELDS,$HISTORICAL_GNN_FRAUD_REPO/results/runs_rb09v3/runs.csv,UNRESOLVED_LEGACY_CODE,tree-6fa0cc19d70e7c207c9af5b868d89b1b98ed0ed7,$HISTORICAL_GNN_FRAUD_REPO/results/runs_rb09v3/runs.csv,,,UNRESOLVED,true,"{""device"":""cuda"",""hardware"":""unresolved_from_per_run_record"",""measurement_scope"":""per_run_result_record"",""peak_memory"":null,""runtime_seconds"":15.722}",8aec4dba6e3bd27c5f77ae2e0580c5622c35e540946a6804f3c852e55dac8bbc,
elliptic,node_classification,transductive_structure,transductive,feature_mlp,mlp,3,fold0,INDEX_REFERENCED_FILE_MISSING,CANONICAL_PREDICTION_PATH_MISSING;INDEXED_SOURCE_ARCHIVE_MISSING,RB09v3_structure_decay_10seed,$HISTORICAL_GNN_FRAUD_REPO/results/runs_rb09v3/predictions_manifest.json,528152753c1887ae6fa64631fddbd53926938d9e358b7eb4f003ad2c508b2d4e,kaggleoutputs/elliptic_10seed_transductive/predictions/elliptic__transductive__mlp__seed3.csv,,6377830,,,,elliptic_10seed_transductive.zip,$HISTORICAL_GNN_FRAUD_REPO/kaggleoutputs/elliptic_10seed_transductive.zip,99d2f7ad1ad95fd7c30c193da9003c091b0c3fdce028dccd2bd0019f35869c08,predictions/elliptic__transductive__mlp__seed3.csv,false,RB09v3,,$HISTORICAL_GNN_FRAUD_REPO/results/runs_rb09v3/runs.csv#elliptic:transductive:mlp:seed3,d9f77bfd14ccaf157780858e35ecfee96af1e2fbf60f3559ad888d14c0ace2e9,RB15_IMPORT_ERRORS_EMPTY_AND_MEMBER_REFERENCED,$HISTORICAL_GNN_FRAUD_REPO/results/runs_rb15_graphsafe_tta/import_manifest.json,RB09V3_ARTIFACT_FAMILY_180_AND_RB15_CONSUMED_MEMBER,"{""command"":""/kaggle/working/gnn-fraud/scripts/run_multi_dataset_protocol_benchmark.py --datasets elliptic --models mlp,gcn,graphsage --protocols strict_inductive,inductive_isolated,transductive --gnn-only --skip-missing-datasets --hidden-channels 256 --num-layers 3 --early-stopping-metric val_f1 --scaler-mode train_only --output-dir results/runs/multi_dataset_protocol --seeds 1,3,5,7,9 --device cuda --execute --prediction-dir results/runs/predictions --export-predictions"",""early_stopping_metric"":""val_f1"",""early_stopping_split"":""validation"",""graph_mode"":""full_graph"",""scaler_mode"":""train_only"",""split_name"":""t1-30_val31-34_test35-49""}",4bc3cab31927f67202b7b5518340fd10ed2cc530abc3ce555112ae150963444b,CANONICAL_RESULT_COMMAND_AND_FIELDS,$HISTORICAL_GNN_FRAUD_REPO/results/runs_rb09v3/runs.csv,UNRESOLVED_LEGACY_CODE,tree-6fa0cc19d70e7c207c9af5b868d89b1b98ed0ed7,$HISTORICAL_GNN_FRAUD_REPO/results/runs_rb09v3/runs.csv,,,UNRESOLVED,true,"{""device"":""cuda"",""hardware"":""unresolved_from_per_run_record"",""measurement_scope"":""per_run_result_record"",""peak_memory"":null,""runtime_seconds"":16.118}",6fdef3ca0e6ecdde3f57f3e2b3cbf9ec975a0f1629a128d159d14560d417d0a0,
elliptic,node_classification,transductive_structure,transductive,feature_mlp,mlp,4,fold0,INDEX_REFERENCED_FILE_MISSING,CANONICAL_PREDICTION_PATH_MISSING;INDEXED_SOURCE_ARCHIVE_MISSING,RB09v3_structure_decay_10seed,$HISTORICAL_GNN_FRAUD_REPO/results/runs_rb09v3/predictions_manifest.json,528152753c1887ae6fa64631fddbd53926938d9e358b7eb4f003ad2c508b2d4e,kaggleoutputs/elliptic_10seed_transductive/predictions/elliptic__transductive__mlp__seed4.csv,,6379887,,,,elliptic_10seed_transductive.zip,$HISTORICAL_GNN_FRAUD_REPO/kaggleoutputs/elliptic_10seed_transductive.zip,99d2f7ad1ad95fd7c30c193da9003c091b0c3fdce028dccd2bd0019f35869c08,predictions/elliptic__transductive__mlp__seed4.csv,false,RB09v3,,$HISTORICAL_GNN_FRAUD_REPO/results/runs_rb09v3/runs.csv#elliptic:transductive:mlp:seed4,d9f77bfd14ccaf157780858e35ecfee96af1e2fbf60f3559ad888d14c0ace2e9,RB15_IMPORT_ERRORS_EMPTY_AND_MEMBER_REFERENCED,$HISTORICAL_GNN_FRAUD_REPO/results/runs_rb15_graphsafe_tta/import_manifest.json,RB09V3_ARTIFACT_FAMILY_180_AND_RB15_CONSUMED_MEMBER,"{""command"":""/kaggle/working/gnn-fraud/scripts/run_multi_dataset_protocol_benchmark.py --datasets elliptic --models mlp,gcn,graphsage --protocols strict_inductive,inductive_isolated,transductive --gnn-only --skip-missing-datasets --hidden-channels 256 --num-layers 3 --early-stopping-metric val_f1 --scaler-mode train_only --output-dir results/runs/multi_dataset_protocol --seeds 2,4,6,8,10 --device cuda --execute --prediction-dir results/runs/predictions --export-predictions"",""early_stopping_metric"":""val_f1"",""early_stopping_split"":""validation"",""graph_mode"":""full_graph"",""scaler_mode"":""train_only"",""split_name"":""t1-30_val31-34_test35-49""}",f7fbc1e77ed0dcd4154d2610f8c0961452849ec443f532b56bd565762f186e87,CANONICAL_RESULT_COMMAND_AND_FIELDS,$HISTORICAL_GNN_FRAUD_REPO/results/runs_rb09v3/runs.csv,UNRESOLVED_LEGACY_CODE,tree-6fa0cc19d70e7c207c9af5b868d89b1b98ed0ed7,$HISTORICAL_GNN_FRAUD_REPO/results/runs_rb09v3/runs.csv,,,UNRESOLVED,true,"{""device"":""cuda"",""hardware"":""unresolved_from_per_run_record"",""measurement_scope"":""per_run_result_record"",""peak_memory"":null,""runtime_seconds"":15.917}",fac4857fc2700d65b4c8efef79306353a086e1092304cc9c48e0f8119bfac1ac,
elliptic,node_classification,transductive_structure,transductive,feature_mlp,mlp,5,fold0,INDEX_REFERENCED_FILE_MISSING,CANONICAL_PREDICTION_PATH_MISSING;INDEXED_SOURCE_ARCHIVE_MISSING,RB09v3_structure_decay_10seed,$HISTORICAL_GNN_FRAUD_REPO/results/runs_rb09v3/predictions_manifest.json,528152753c1887ae6fa64631fddbd53926938d9e358b7eb4f003ad2c508b2d4e,kaggleoutputs/elliptic_10seed_transductive/predictions/elliptic__transductive__mlp__seed5.csv,,6383315,,,,elliptic_10seed_transductive.zip,$HISTORICAL_GNN_FRAUD_REPO/kaggleoutputs/elliptic_10seed_transductive.zip,99d2f7ad1ad95fd7c30c193da9003c091b0c3fdce028dccd2bd0019f35869c08,predictions/elliptic__transductive__mlp__seed5.csv,false,RB09v3,,$HISTORICAL_GNN_FRAUD_REPO/results/runs_rb09v3/runs.csv#elliptic:transductive:mlp:seed5,d9f77bfd14ccaf157780858e35ecfee96af1e2fbf60f3559ad888d14c0ace2e9,RB15_IMPORT_ERRORS_EMPTY_AND_MEMBER_REFERENCED,$HISTORICAL_GNN_FRAUD_REPO/results/runs_rb15_graphsafe_tta/import_manifest.json,RB09V3_ARTIFACT_FAMILY_180_AND_RB15_CONSUMED_MEMBER,"{""command"":""/kaggle/working/gnn-fraud/scripts/run_multi_dataset_protocol_benchmark.py --datasets elliptic --models mlp,gcn,graphsage --protocols strict_inductive,inductive_isolated,transductive --gnn-only --skip-missing-datasets --hidden-channels 256 --num-layers 3 --early-stopping-metric val_f1 --scaler-mode train_only --output-dir results/runs/multi_dataset_protocol --seeds 1,3,5,7,9 --device cuda --execute --prediction-dir results/runs/predictions --export-predictions"",""early_stopping_metric"":""val_f1"",""early_stopping_split"":""validation"",""graph_mode"":""full_graph"",""scaler_mode"":""train_only"",""split_name"":""t1-30_val31-34_test35-49""}",4bc3cab31927f67202b7b5518340fd10ed2cc530abc3ce555112ae150963444b,CANONICAL_RESULT_COMMAND_AND_FIELDS,$HISTORICAL_GNN_FRAUD_REPO/results/runs_rb09v3/runs.csv,UNRESOLVED_LEGACY_CODE,tree-6fa0cc19d70e7c207c9af5b868d89b1b98ed0ed7,$HISTORICAL_GNN_FRAUD_REPO/results/runs_rb09v3/runs.csv,,,UNRESOLVED,true,"{""device"":""cuda"",""hardware"":""unresolved_from_per_run_record"",""measurement_scope"":""per_run_result_record"",""peak_memory"":null,""runtime_seconds"":16.013}",a1875e4b7e3bbbc2c45a3672ccc21b075176ec3ebcb187050ae9a3a28cc60558,
elliptic,node_classification,transductive_structure,transductive,feature_mlp,mlp,6,fold0,INDEX_REFERENCED_FILE_MISSING,CANONICAL_PREDICTION_PATH_MISSING;INDEXED_SOURCE_ARCHIVE_MISSING,RB09v3_structure_decay_10seed,$HISTORICAL_GNN_FRAUD_REPO/results/runs_rb09v3/predictions_manifest.json,528152753c1887ae6fa64631fddbd53926938d9e358b7eb4f003ad2c508b2d4e,kaggleoutputs/elliptic_10seed_transductive/predictions/elliptic__transductive__mlp__seed6.csv,,6378146,,,,elliptic_10seed_transductive.zip,$HISTORICAL_GNN_FRAUD_REPO/kaggleoutputs/elliptic_10seed_transductive.zip,99d2f7ad1ad95fd7c30c193da9003c091b0c3fdce028dccd2bd0019f35869c08,predictions/elliptic__transductive__mlp__seed6.csv,false,RB09v3,,$HISTORICAL_GNN_FRAUD_REPO/results/runs_rb09v3/runs.csv#elliptic:transductive:mlp:seed6,d9f77bfd14ccaf157780858e35ecfee96af1e2fbf60f3559ad888d14c0ace2e9,RB15_IMPORT_ERRORS_EMPTY_AND_MEMBER_REFERENCED,$HISTORICAL_GNN_FRAUD_REPO/results/runs_rb15_graphsafe_tta/import_manifest.json,RB09V3_ARTIFACT_FAMILY_180_AND_RB15_CONSUMED_MEMBER,"{""command"":""/kaggle/working/gnn-fraud/scripts/run_multi_dataset_protocol_benchmark.py --datasets elliptic --models mlp,gcn,graphsage --protocols strict_inductive,inductive_isolated,transductive --gnn-only --skip-missing-datasets --hidden-channels 256 --num-layers 3 --early-stopping-metric val_f1 --scaler-mode train_only --output-dir results/runs/multi_dataset_protocol --seeds 2,4,6,8,10 --device cuda --execute --prediction-dir results/runs/predictions --export-predictions"",""early_stopping_metric"":""val_f1"",""early_stopping_split"":""validation"",""graph_mode"":""full_graph"",""scaler_mode"":""train_only"",""split_name"":""t1-30_val31-34_test35-49""}",f7fbc1e77ed0dcd4154d2610f8c0961452849ec443f532b56bd565762f186e87,CANONICAL_RESULT_COMMAND_AND_FIELDS,$HISTORICAL_GNN_FRAUD_REPO/results/runs_rb09v3/runs.csv,UNRESOLVED_LEGACY_CODE,tree-6fa0cc19d70e7c207c9af5b868d89b1b98ed0ed7,$HISTORICAL_GNN_FRAUD_REPO/results/runs_rb09v3/runs.csv,,,UNRESOLVED,true,"{""device"":""cuda"",""hardware"":""unresolved_from_per_run_record"",""measurement_scope"":""per_run_result_record"",""peak_memory"":null,""runtime_seconds"":15.884}",6ae249aa0bf5a510a5b24be85b06eebae946dc3084bf25e861b5808430ba5f18,
elliptic,node_classification,transductive_structure,transductive,feature_mlp,mlp,7,fold0,INDEX_REFERENCED_FILE_MISSING,CANONICAL_PREDICTION_PATH_MISSING;INDEXED_SOURCE_ARCHIVE_MISSING,RB09v3_structure_decay_10seed,$HISTORICAL_GNN_FRAUD_REPO/results/runs_rb09v3/predictions_manifest.json,528152753c1887ae6fa64631fddbd53926938d9e358b7eb4f003ad2c508b2d4e,kaggleoutputs/elliptic_10seed_transductive/predictions/elliptic__transductive__mlp__seed7.csv,,6379039,,,,elliptic_10seed_transductive.zip,$HISTORICAL_GNN_FRAUD_REPO/kaggleoutputs/elliptic_10seed_transductive.zip,99d2f7ad1ad95fd7c30c193da9003c091b0c3fdce028dccd2bd0019f35869c08,predictions/elliptic__transductive__mlp__seed7.csv,false,RB09v3,,$HISTORICAL_GNN_FRAUD_REPO/results/runs_rb09v3/runs.csv#elliptic:transductive:mlp:seed7,d9f77bfd14ccaf157780858e35ecfee96af1e2fbf60f3559ad888d14c0ace2e9,RB15_IMPORT_ERRORS_EMPTY_AND_MEMBER_REFERENCED,$HISTORICAL_GNN_FRAUD_REPO/results/runs_rb15_graphsafe_tta/import_manifest.json,RB09V3_ARTIFACT_FAMILY_180_AND_RB15_CONSUMED_MEMBER,"{""command"":""/kaggle/working/gnn-fraud/scripts/run_multi_dataset_protocol_benchmark.py --datasets elliptic --models mlp,gcn,graphsage --protocols strict_inductive,inductive_isolated,transductive --gnn-only --skip-missing-datasets --hidden-channels 256 --num-layers 3 --early-stopping-metric val_f1 --scaler-mode train_only --output-dir results/runs/multi_dataset_protocol --seeds 1,3,5,7,9 --device cuda --execute --prediction-dir results/runs/predictions --export-predictions"",""early_stopping_metric"":""val_f1"",""early_stopping_split"":""validation"",""graph_mode"":""full_graph"",""scaler_mode"":""train_only"",""split_name"":""t1-30_val31-34_test35-49""}",4bc3cab31927f67202b7b5518340fd10ed2cc530abc3ce555112ae150963444b,CANONICAL_RESULT_COMMAND_AND_FIELDS,$HISTORICAL_GNN_FRAUD_REPO/results/runs_rb09v3/runs.csv,UNRESOLVED_LEGACY_CODE,tree-6fa0cc19d70e7c207c9af5b868d89b1b98ed0ed7,$HISTORICAL_GNN_FRAUD_REPO/results/runs_rb09v3/runs.csv,,,UNRESOLVED,true,"{""device"":""cuda"",""hardware"":""unresolved_from_per_run_record"",""measurement_scope"":""per_run_result_record"",""peak_memory"":null,""runtime_seconds"":16.044}",1628d0f6792faf4dd6b339175d7c60a0b265e30781eb15d5b75d468245253266,
elliptic,node_classification,transductive_structure,transductive,feature_mlp,mlp,8,fold0,INDEX_REFERENCED_FILE_MISSING,CANONICAL_PREDICTION_PATH_MISSING;INDEXED_SOURCE_ARCHIVE_MISSING,RB09v3_structure_decay_10seed,$HISTORICAL_GNN_FRAUD_REPO/results/runs_rb09v3/predictions_manifest.json,528152753c1887ae6fa64631fddbd53926938d9e358b7eb4f003ad2c508b2d4e,kaggleoutputs/elliptic_10seed_transductive/predictions/elliptic__transductive__mlp__seed8.csv,,6381460,,,,elliptic_10seed_transductive.zip,$HISTORICAL_GNN_FRAUD_REPO/kaggleoutputs/elliptic_10seed_transductive.zip,99d2f7ad1ad95fd7c30c193da9003c091b0c3fdce028dccd2bd0019f35869c08,predictions/elliptic__transductive__mlp__seed8.csv,false,RB09v3,,$HISTORICAL_GNN_FRAUD_REPO/results/runs_rb09v3/runs.csv#elliptic:transductive:mlp:seed8,d9f77bfd14ccaf157780858e35ecfee96af1e2fbf60f3559ad888d14c0ace2e9,RB15_IMPORT_ERRORS_EMPTY_AND_MEMBER_REFERENCED,$HISTORICAL_GNN_FRAUD_REPO/results/runs_rb15_graphsafe_tta/import_manifest.json,RB09V3_ARTIFACT_FAMILY_180_AND_RB15_CONSUMED_MEMBER,"{""command"":""/kaggle/working/gnn-fraud/scripts/run_multi_dataset_protocol_benchmark.py --datasets elliptic --models mlp,gcn,graphsage --protocols strict_inductive,inductive_isolated,transductive --gnn-only --skip-missing-datasets --hidden-channels 256 --num-layers 3 --early-stopping-metric val_f1 --scaler-mode train_only --output-dir results/runs/multi_dataset_protocol --seeds 2,4,6,8,10 --device cuda --execute --prediction-dir results/runs/predictions --export-predictions"",""early_stopping_metric"":""val_f1"",""early_stopping_split"":""validation"",""graph_mode"":""full_graph"",""scaler_mode"":""train_only"",""split_name"":""t1-30_val31-34_test35-49""}",f7fbc1e77ed0dcd4154d2610f8c0961452849ec443f532b56bd565762f186e87,CANONICAL_RESULT_COMMAND_AND_FIELDS,$HISTORICAL_GNN_FRAUD_REPO/results/runs_rb09v3/runs.csv,UNRESOLVED_LEGACY_CODE,tree-6fa0cc19d70e7c207c9af5b868d89b1b98ed0ed7,$HISTORICAL_GNN_FRAUD_REPO/results/runs_rb09v3/runs.csv,,,UNRESOLVED,true,"{""device"":""cuda"",""hardware"":""unresolved_from_per_run_record"",""measurement_scope"":""per_run_result_record"",""peak_memory"":null,""runtime_seconds"":15.688}",6c042a089f9de7d72d5691297b087e825f16ccf51baa3b356a53ded8c7011a91,
elliptic,node_classification,transductive_structure,transductive,feature_mlp,mlp,9,fold0,INDEX_REFERENCED_FILE_MISSING,CANONICAL_PREDICTION_PATH_MISSING;INDEXED_SOURCE_ARCHIVE_MISSING,RB09v3_structure_decay_10seed,$HISTORICAL_GNN_FRAUD_REPO/results/runs_rb09v3/predictions_manifest.json,528152753c1887ae6fa64631fddbd53926938d9e358b7eb4f003ad2c508b2d4e,kaggleoutputs/elliptic_10seed_transductive/predictions/elliptic__transductive__mlp__seed9.csv,,6381206,,,,elliptic_10seed_transductive.zip,$HISTORICAL_GNN_FRAUD_REPO/kaggleoutputs/elliptic_10seed_transductive.zip,99d2f7ad1ad95fd7c30c193da9003c091b0c3fdce028dccd2bd0019f35869c08,predictions/elliptic__transductive__mlp__seed9.csv,false,RB09v3,,$HISTORICAL_GNN_FRAUD_REPO/results/runs_rb09v3/runs.csv#elliptic:transductive:mlp:seed9,d9f77bfd14ccaf157780858e35ecfee96af1e2fbf60f3559ad888d14c0ace2e9,RB15_IMPORT_ERRORS_EMPTY_AND_MEMBER_REFERENCED,$HISTORICAL_GNN_FRAUD_REPO/results/runs_rb15_graphsafe_tta/import_manifest.json,RB09V3_ARTIFACT_FAMILY_180_AND_RB15_CONSUMED_MEMBER,"{""command"":""/kaggle/working/gnn-fraud/scripts/run_multi_dataset_protocol_benchmark.py --datasets elliptic --models mlp,gcn,graphsage --protocols strict_inductive,inductive_isolated,transductive --gnn-only --skip-missing-datasets --hidden-channels 256 --num-layers 3 --early-stopping-metric val_f1 --scaler-mode train_only --output-dir results/runs/multi_dataset_protocol --seeds 1,3,5,7,9 --device cuda --execute --prediction-dir results/runs/predictions --export-predictions"",""early_stopping_metric"":""val_f1"",""early_stopping_split"":""validation"",""graph_mode"":""full_graph"",""scaler_mode"":""train_only"",""split_name"":""t1-30_val31-34_test35-49""}",4bc3cab31927f67202b7b5518340fd10ed2cc530abc3ce555112ae150963444b,CANONICAL_RESULT_COMMAND_AND_FIELDS,$HISTORICAL_GNN_FRAUD_REPO/results/runs_rb09v3/runs.csv,UNRESOLVED_LEGACY_CODE,tree-6fa0cc19d70e7c207c9af5b868d89b1b98ed0ed7,$HISTORICAL_GNN_FRAUD_REPO/results/runs_rb09v3/runs.csv,,,UNRESOLVED,true,"{""device"":""cuda"",""hardware"":""unresolved_from_per_run_record"",""measurement_scope"":""per_run_result_record"",""peak_memory"":null,""runtime_seconds"":16.045}",e8f586c6ed4c6a4286e487115bd38da7e5631a7182efb048b6c95979486ba224,
elliptic,node_classification,transductive_structure,transductive,feature_mlp,mlp,10,fold0,INDEX_REFERENCED_FILE_MISSING,CANONICAL_PREDICTION_PATH_MISSING;INDEXED_SOURCE_ARCHIVE_MISSING,RB09v3_structure_decay_10seed,$HISTORICAL_GNN_FRAUD_REPO/results/runs_rb09v3/predictions_manifest.json,528152753c1887ae6fa64631fddbd53926938d9e358b7eb4f003ad2c508b2d4e,kaggleoutputs/elliptic_10seed_transductive/predictions/elliptic__transductive__mlp__seed10.csv,,6475334,,,,elliptic_10seed_transductive.zip,$HISTORICAL_GNN_FRAUD_REPO/kaggleoutputs/elliptic_10seed_transductive.zip,99d2f7ad1ad95fd7c30c193da9003c091b0c3fdce028dccd2bd0019f35869c08,predictions/elliptic__transductive__mlp__seed10.csv,false,RB09v3,,$HISTORICAL_GNN_FRAUD_REPO/results/runs_rb09v3/runs.csv#elliptic:transductive:mlp:seed10,d9f77bfd14ccaf157780858e35ecfee96af1e2fbf60f3559ad888d14c0ace2e9,RB15_IMPORT_ERRORS_EMPTY_AND_MEMBER_REFERENCED,$HISTORICAL_GNN_FRAUD_REPO/results/runs_rb15_graphsafe_tta/import_manifest.json,RB09V3_ARTIFACT_FAMILY_180_AND_RB15_CONSUMED_MEMBER,"{""command"":""/kaggle/working/gnn-fraud/scripts/run_multi_dataset_protocol_benchmark.py --datasets elliptic --models mlp,gcn,graphsage --protocols strict_inductive,inductive_isolated,transductive --gnn-only --skip-missing-datasets --hidden-channels 256 --num-layers 3 --early-stopping-metric val_f1 --scaler-mode train_only --output-dir results/runs/multi_dataset_protocol --seeds 2,4,6,8,10 --device cuda --execute --prediction-dir results/runs/predictions --export-predictions"",""early_stopping_metric"":""val_f1"",""early_stopping_split"":""validation"",""graph_mode"":""full_graph"",""scaler_mode"":""train_only"",""split_name"":""t1-30_val31-34_test35-49""}",f7fbc1e77ed0dcd4154d2610f8c0961452849ec443f532b56bd565762f186e87,CANONICAL_RESULT_COMMAND_AND_FIELDS,$HISTORICAL_GNN_FRAUD_REPO/results/runs_rb09v3/runs.csv,UNRESOLVED_LEGACY_CODE,tree-6fa0cc19d70e7c207c9af5b868d89b1b98ed0ed7,$HISTORICAL_GNN_FRAUD_REPO/results/runs_rb09v3/runs.csv,,,UNRESOLVED,true,"{""device"":""cuda"",""hardware"":""unresolved_from_per_run_record"",""measurement_scope"":""per_run_result_record"",""peak_memory"":null,""runtime_seconds"":15.766}",d9bfa07501e0a262922f25df83dc9641f1f744103f53c812170d544eb7b7635c,
elliptic,node_classification,transductive_structure,transductive,gcn,gcn,1,fold0,INDEX_REFERENCED_FILE_MISSING,CANONICAL_PREDICTION_PATH_MISSING;INDEXED_SOURCE_ARCHIVE_MISSING;UNVERIFIED_RAW_COORDINATE_CANDIDATES_NOT_ALIASED,RB09v3_structure_decay_10seed,$HISTORICAL_GNN_FRAUD_REPO/results/runs_rb09v3/predictions_manifest.json,528152753c1887ae6fa64631fddbd53926938d9e358b7eb4f003ad2c508b2d4e,kaggleoutputs/elliptic_10seed_transductive/predictions/elliptic__transductive__gcn__seed1.csv,,6378002,,,$HISTORICAL_GNN_FRAUD_REPO/_rb_refresh_archive_2026-06-20/_pre_rb_refresh_backup_20260620T041421Z/predictions/elliptic__transductive__gcn__seed1.csv;$HISTORICAL_GNN_FRAUD_REPO/kaggleresults/runs_outputs/predictions/elliptic__transductive__gcn__seed1.csv;$HISTORICAL_GNN_FRAUD_REPO/results/runs/predictions/elliptic__transductive__gcn__seed1.csv,elliptic_10seed_transductive.zip,$HISTORICAL_GNN_FRAUD_REPO/kaggleoutputs/elliptic_10seed_transductive.zip,99d2f7ad1ad95fd7c30c193da9003c091b0c3fdce028dccd2bd0019f35869c08,predictions/elliptic__transductive__gcn__seed1.csv,false,RB09v3,,$HISTORICAL_GNN_FRAUD_REPO/results/runs_rb09v3/runs.csv#elliptic:transductive:gcn:seed1,d9f77bfd14ccaf157780858e35ecfee96af1e2fbf60f3559ad888d14c0ace2e9,RB15_IMPORT_ERRORS_EMPTY_AND_MEMBER_REFERENCED,$HISTORICAL_GNN_FRAUD_REPO/results/runs_rb15_graphsafe_tta/import_manifest.json,RB09V3_ARTIFACT_FAMILY_180_AND_RB15_CONSUMED_MEMBER,"{""command"":""/kaggle/working/gnn-fraud/scripts/run_multi_dataset_protocol_benchmark.py --datasets elliptic --models mlp,gcn,graphsage --protocols strict_inductive,inductive_isolated,transductive --gnn-only --skip-missing-datasets --hidden-channels 256 --num-layers 3 --early-stopping-metric val_f1 --scaler-mode train_only --output-dir results/runs/multi_dataset_protocol --seeds 1,3,5,7,9 --device cuda --execute --prediction-dir results/runs/predictions --export-predictions"",""early_stopping_metric"":""val_f1"",""early_stopping_split"":""validation"",""graph_mode"":""full_graph"",""scaler_mode"":""train_only"",""split_name"":""t1-30_val31-34_test35-49""}",4bc3cab31927f67202b7b5518340fd10ed2cc530abc3ce555112ae150963444b,CANONICAL_RESULT_COMMAND_AND_FIELDS,$HISTORICAL_GNN_FRAUD_REPO/results/runs_rb09v3/runs.csv,UNRESOLVED_LEGACY_CODE,tree-6fa0cc19d70e7c207c9af5b868d89b1b98ed0ed7,$HISTORICAL_GNN_FRAUD_REPO/results/runs_rb09v3/runs.csv,,,UNRESOLVED,true,"{""device"":""cuda"",""hardware"":""unresolved_from_per_run_record"",""measurement_scope"":""per_run_result_record"",""peak_memory"":null,""runtime_seconds"":31.407}",38c595e72c208dcc367145c5383f5c68dfa25312e94e24b07d1baa9edb139bbc,
elliptic,node_classification,transductive_structure,transductive,gcn,gcn,2,fold0,INDEX_REFERENCED_FILE_MISSING,CANONICAL_PREDICTION_PATH_MISSING;INDEXED_SOURCE_ARCHIVE_MISSING;UNVERIFIED_RAW_COORDINATE_CANDIDATES_NOT_ALIASED,RB09v3_structure_decay_10seed,$HISTORICAL_GNN_FRAUD_REPO/results/runs_rb09v3/predictions_manifest.json,528152753c1887ae6fa64631fddbd53926938d9e358b7eb4f003ad2c508b2d4e,kaggleoutputs/elliptic_10seed_transductive/predictions/elliptic__transductive__gcn__seed2.csv,,6377161,,,$HISTORICAL_GNN_FRAUD_REPO/_rb_refresh_archive_2026-06-20/_pre_rb_refresh_backup_20260620T041421Z/predictions/elliptic__transductive__gcn__seed2.csv;$HISTORICAL_GNN_FRAUD_REPO/kaggleresults/runs_outputs/predictions/elliptic__transductive__gcn__seed2.csv;$HISTORICAL_GNN_FRAUD_REPO/results/runs/predictions/elliptic__transductive__gcn__seed2.csv,elliptic_10seed_transductive.zip,$HISTORICAL_GNN_FRAUD_REPO/kaggleoutputs/elliptic_10seed_transductive.zip,99d2f7ad1ad95fd7c30c193da9003c091b0c3fdce028dccd2bd0019f35869c08,predictions/elliptic__transductive__gcn__seed2.csv,false,RB09v3,,$HISTORICAL_GNN_FRAUD_REPO/results/runs_rb09v3/runs.csv#elliptic:transductive:gcn:seed2,d9f77bfd14ccaf157780858e35ecfee96af1e2fbf60f3559ad888d14c0ace2e9,RB15_IMPORT_ERRORS_EMPTY_AND_MEMBER_REFERENCED,$HISTORICAL_GNN_FRAUD_REPO/results/runs_rb15_graphsafe_tta/import_manifest.json,RB09V3_ARTIFACT_FAMILY_180_AND_RB15_CONSUMED_MEMBER,"{""command"":""/kaggle/working/gnn-fraud/scripts/run_multi_dataset_protocol_benchmark.py --datasets elliptic --models mlp,gcn,graphsage --protocols strict_inductive,inductive_isolated,transductive --gnn-only --skip-missing-datasets --hidden-channels 256 --num-layers 3 --early-stopping-metric val_f1 --scaler-mode train_only --output-dir results/runs/multi_dataset_protocol --seeds 2,4,6,8,10 --device cuda --execute --prediction-dir results/runs/predictions --export-predictions"",""early_stopping_metric"":""val_f1"",""early_stopping_split"":""validation"",""graph_mode"":""full_graph"",""scaler_mode"":""train_only"",""split_name"":""t1-30_val31-34_test35-49""}",f7fbc1e77ed0dcd4154d2610f8c0961452849ec443f532b56bd565762f186e87,CANONICAL_RESULT_COMMAND_AND_FIELDS,$HISTORICAL_GNN_FRAUD_REPO/results/runs_rb09v3/runs.csv,UNRESOLVED_LEGACY_CODE,tree-6fa0cc19d70e7c207c9af5b868d89b1b98ed0ed7,$HISTORICAL_GNN_FRAUD_REPO/results/runs_rb09v3/runs.csv,,,UNRESOLVED,true,"{""device"":""cuda"",""hardware"":""unresolved_from_per_run_record"",""measurement_scope"":""per_run_result_record"",""peak_memory"":null,""runtime_seconds"":31.194}",ebf7b76ccb77a8d91fe3627a897cdc094a3fe2137bc534354a520cec601ba855,
elliptic,node_classification,transductive_structure,transductive,gcn,gcn,3,fold0,INDEX_REFERENCED_FILE_MISSING,CANONICAL_PREDICTION_PATH_MISSING;INDEXED_SOURCE_ARCHIVE_MISSING;UNVERIFIED_RAW_COORDINATE_CANDIDATES_NOT_ALIASED,RB09v3_structure_decay_10seed,$HISTORICAL_GNN_FRAUD_REPO/results/runs_rb09v3/predictions_manifest.json,528152753c1887ae6fa64631fddbd53926938d9e358b7eb4f003ad2c508b2d4e,kaggleoutputs/elliptic_10seed_transductive/predictions/elliptic__transductive__gcn__seed3.csv,,6375214,,,$HISTORICAL_GNN_FRAUD_REPO/_rb_refresh_archive_2026-06-20/_pre_rb_refresh_backup_20260620T041421Z/predictions/elliptic__transductive__gcn__seed3.csv;$HISTORICAL_GNN_FRAUD_REPO/kaggleresults/runs_outputs/predictions/elliptic__transductive__gcn__seed3.csv;$HISTORICAL_GNN_FRAUD_REPO/results/runs/predictions/elliptic__transductive__gcn__seed3.csv,elliptic_10seed_transductive.zip,$HISTORICAL_GNN_FRAUD_REPO/kaggleoutputs/elliptic_10seed_transductive.zip,99d2f7ad1ad95fd7c30c193da9003c091b0c3fdce028dccd2bd0019f35869c08,predictions/elliptic__transductive__gcn__seed3.csv,false,RB09v3,,$HISTORICAL_GNN_FRAUD_REPO/results/runs_rb09v3/runs.csv#elliptic:transductive:gcn:seed3,d9f77bfd14ccaf157780858e35ecfee96af1e2fbf60f3559ad888d14c0ace2e9,RB15_IMPORT_ERRORS_EMPTY_AND_MEMBER_REFERENCED,$HISTORICAL_GNN_FRAUD_REPO/results/runs_rb15_graphsafe_tta/import_manifest.json,RB09V3_ARTIFACT_FAMILY_180_AND_RB15_CONSUMED_MEMBER,"{""command"":""/kaggle/working/gnn-fraud/scripts/run_multi_dataset_protocol_benchmark.py --datasets elliptic --models mlp,gcn,graphsage --protocols strict_inductive,inductive_isolated,transductive --gnn-only --skip-missing-datasets --hidden-channels 256 --num-layers 3 --early-stopping-metric val_f1 --scaler-mode train_only --output-dir results/runs/multi_dataset_protocol --seeds 1,3,5,7,9 --device cuda --execute --prediction-dir results/runs/predictions --export-predictions"",""early_stopping_metric"":""val_f1"",""early_stopping_split"":""validation"",""graph_mode"":""full_graph"",""scaler_mode"":""train_only"",""split_name"":""t1-30_val31-34_test35-49""}",4bc3cab31927f67202b7b5518340fd10ed2cc530abc3ce555112ae150963444b,CANONICAL_RESULT_COMMAND_AND_FIELDS,$HISTORICAL_GNN_FRAUD_REPO/results/runs_rb09v3/runs.csv,UNRESOLVED_LEGACY_CODE,tree-6fa0cc19d70e7c207c9af5b868d89b1b98ed0ed7,$HISTORICAL_GNN_FRAUD_REPO/results/runs_rb09v3/runs.csv,,,UNRESOLVED,true,"{""device"":""cuda"",""hardware"":""unresolved_from_per_run_record"",""measurement_scope"":""per_run_result_record"",""peak_memory"":null,""runtime_seconds"":31.327}",ff7e5e2c5900f5c260c209787181ee70c9878a5557d7e6cf2ac9587769c2ef05,
elliptic,node_classification,transductive_structure,transductive,gcn,gcn,4,fold0,INDEX_REFERENCED_FILE_MISSING,CANONICAL_PREDICTION_PATH_MISSING;INDEXED_SOURCE_ARCHIVE_MISSING;UNVERIFIED_RAW_COORDINATE_CANDIDATES_NOT_ALIASED,RB09v3_structure_decay_10seed,$HISTORICAL_GNN_FRAUD_REPO/results/runs_rb09v3/predictions_manifest.json,528152753c1887ae6fa64631fddbd53926938d9e358b7eb4f003ad2c508b2d4e,kaggleoutputs/elliptic_10seed_transductive/predictions/elliptic__transductive__gcn__seed4.csv,,6371608,,,$HISTORICAL_GNN_FRAUD_REPO/_rb_refresh_archive_2026-06-20/_pre_rb_refresh_backup_20260620T041421Z/predictions/elliptic__transductive__gcn__seed4.csv;$HISTORICAL_GNN_FRAUD_REPO/kaggleresults/runs_outputs/predictions/elliptic__transductive__gcn__seed4.csv;$HISTORICAL_GNN_FRAUD_REPO/results/runs/predictions/elliptic__transductive__gcn__seed4.csv,elliptic_10seed_transductive.zip,$HISTORICAL_GNN_FRAUD_REPO/kaggleoutputs/elliptic_10seed_transductive.zip,99d2f7ad1ad95fd7c30c193da9003c091b0c3fdce028dccd2bd0019f35869c08,predictions/elliptic__transductive__gcn__seed4.csv,false,RB09v3,,$HISTORICAL_GNN_FRAUD_REPO/results/runs_rb09v3/runs.csv#elliptic:transductive:gcn:seed4,d9f77bfd14ccaf157780858e35ecfee96af1e2fbf60f3559ad888d14c0ace2e9,RB15_IMPORT_ERRORS_EMPTY_AND_MEMBER_REFERENCED,$HISTORICAL_GNN_FRAUD_REPO/results/runs_rb15_graphsafe_tta/import_manifest.json,RB09V3_ARTIFACT_FAMILY_180_AND_RB15_CONSUMED_MEMBER,"{""command"":""/kaggle/working/gnn-fraud/scripts/run_multi_dataset_protocol_benchmark.py --datasets elliptic --models mlp,gcn,graphsage --protocols strict_inductive,inductive_isolated,transductive --gnn-only --skip-missing-datasets --hidden-channels 256 --num-layers 3 --early-stopping-metric val_f1 --scaler-mode train_only --output-dir results/runs/multi_dataset_protocol --seeds 2,4,6,8,10 --device cuda --execute --prediction-dir results/runs/predictions --export-predictions"",""early_stopping_metric"":""val_f1"",""early_stopping_split"":""validation"",""graph_mode"":""full_graph"",""scaler_mode"":""train_only"",""split_name"":""t1-30_val31-34_test35-49""}",f7fbc1e77ed0dcd4154d2610f8c0961452849ec443f532b56bd565762f186e87,CANONICAL_RESULT_COMMAND_AND_FIELDS,$HISTORICAL_GNN_FRAUD_REPO/results/runs_rb09v3/runs.csv,UNRESOLVED_LEGACY_CODE,tree-6fa0cc19d70e7c207c9af5b868d89b1b98ed0ed7,$HISTORICAL_GNN_FRAUD_REPO/results/runs_rb09v3/runs.csv,,,UNRESOLVED,true,"{""device"":""cuda"",""hardware"":""unresolved_from_per_run_record"",""measurement_scope"":""per_run_result_record"",""peak_memory"":null,""runtime_seconds"":31.243}",c482efeae8a013e5b9f8d34c3ec83cad6f0e3593cfe736070d9dd63ff518b44f,
elliptic,node_classification,transductive_structure,transductive,gcn,gcn,5,fold0,INDEX_REFERENCED_FILE_MISSING,CANONICAL_PREDICTION_PATH_MISSING;INDEXED_SOURCE_ARCHIVE_MISSING;UNVERIFIED_RAW_COORDINATE_CANDIDATES_NOT_ALIASED,RB09v3_structure_decay_10seed,$HISTORICAL_GNN_FRAUD_REPO/results/runs_rb09v3/predictions_manifest.json,528152753c1887ae6fa64631fddbd53926938d9e358b7eb4f003ad2c508b2d4e,kaggleoutputs/elliptic_10seed_transductive/predictions/elliptic__transductive__gcn__seed5.csv,,6375945,,,$HISTORICAL_GNN_FRAUD_REPO/_rb_refresh_archive_2026-06-20/_pre_rb_refresh_backup_20260620T041421Z/predictions/elliptic__transductive__gcn__seed5.csv;$HISTORICAL_GNN_FRAUD_REPO/kaggleresults/runs_outputs/predictions/elliptic__transductive__gcn__seed5.csv;$HISTORICAL_GNN_FRAUD_REPO/results/runs/predictions/elliptic__transductive__gcn__seed5.csv,elliptic_10seed_transductive.zip,$HISTORICAL_GNN_FRAUD_REPO/kaggleoutputs/elliptic_10seed_transductive.zip,99d2f7ad1ad95fd7c30c193da9003c091b0c3fdce028dccd2bd0019f35869c08,predictions/elliptic__transductive__gcn__seed5.csv,false,RB09v3,,$HISTORICAL_GNN_FRAUD_REPO/results/runs_rb09v3/runs.csv#elliptic:transductive:gcn:seed5,d9f77bfd14ccaf157780858e35ecfee96af1e2fbf60f3559ad888d14c0ace2e9,RB15_IMPORT_ERRORS_EMPTY_AND_MEMBER_REFERENCED,$HISTORICAL_GNN_FRAUD_REPO/results/runs_rb15_graphsafe_tta/import_manifest.json,RB09V3_ARTIFACT_FAMILY_180_AND_RB15_CONSUMED_MEMBER,"{""command"":""/kaggle/working/gnn-fraud/scripts/run_multi_dataset_protocol_benchmark.py --datasets elliptic --models mlp,gcn,graphsage --protocols strict_inductive,inductive_isolated,transductive --gnn-only --skip-missing-datasets --hidden-channels 256 --num-layers 3 --early-stopping-metric val_f1 --scaler-mode train_only --output-dir results/runs/multi_dataset_protocol --seeds 1,3,5,7,9 --device cuda --execute --prediction-dir results/runs/predictions --export-predictions"",""early_stopping_metric"":""val_f1"",""early_stopping_split"":""validation"",""graph_mode"":""full_graph"",""scaler_mode"":""train_only"",""split_name"":""t1-30_val31-34_test35-49""}",4bc3cab31927f67202b7b5518340fd10ed2cc530abc3ce555112ae150963444b,CANONICAL_RESULT_COMMAND_AND_FIELDS,$HISTORICAL_GNN_FRAUD_REPO/results/runs_rb09v3/runs.csv,UNRESOLVED_LEGACY_CODE,tree-6fa0cc19d70e7c207c9af5b868d89b1b98ed0ed7,$HISTORICAL_GNN_FRAUD_REPO/results/runs_rb09v3/runs.csv,,,UNRESOLVED,true,"{""device"":""cuda"",""hardware"":""unresolved_from_per_run_record"",""measurement_scope"":""per_run_result_record"",""peak_memory"":null,""runtime_seconds"":31.371}",4205813865ac445a9361d66739960bf450a16ae20aa5570d574ee1290d6bd566,
elliptic,node_classification,transductive_structure,transductive,gcn,gcn,6,fold0,INDEX_REFERENCED_FILE_MISSING,CANONICAL_PREDICTION_PATH_MISSING;INDEXED_SOURCE_ARCHIVE_MISSING;UNVERIFIED_RAW_COORDINATE_CANDIDATES_NOT_ALIASED,RB09v3_structure_decay_10seed,$HISTORICAL_GNN_FRAUD_REPO/results/runs_rb09v3/predictions_manifest.json,528152753c1887ae6fa64631fddbd53926938d9e358b7eb4f003ad2c508b2d4e,kaggleoutputs/elliptic_10seed_transductive/predictions/elliptic__transductive__gcn__seed6.csv,,6373451,,,$HISTORICAL_GNN_FRAUD_REPO/results/runs/predictions/elliptic__transductive__gcn__seed6.csv,elliptic_10seed_transductive.zip,$HISTORICAL_GNN_FRAUD_REPO/kaggleoutputs/elliptic_10seed_transductive.zip,99d2f7ad1ad95fd7c30c193da9003c091b0c3fdce028dccd2bd0019f35869c08,predictions/elliptic__transductive__gcn__seed6.csv,false,RB09v3,,$HISTORICAL_GNN_FRAUD_REPO/results/runs_rb09v3/runs.csv#elliptic:transductive:gcn:seed6,d9f77bfd14ccaf157780858e35ecfee96af1e2fbf60f3559ad888d14c0ace2e9,RB15_IMPORT_ERRORS_EMPTY_AND_MEMBER_REFERENCED,$HISTORICAL_GNN_FRAUD_REPO/results/runs_rb15_graphsafe_tta/import_manifest.json,RB09V3_ARTIFACT_FAMILY_180_AND_RB15_CONSUMED_MEMBER,"{""command"":""/kaggle/working/gnn-fraud/scripts/run_multi_dataset_protocol_benchmark.py --datasets elliptic --models mlp,gcn,graphsage --protocols strict_inductive,inductive_isolated,transductive --gnn-only --skip-missing-datasets --hidden-channels 256 --num-layers 3 --early-stopping-metric val_f1 --scaler-mode train_only --output-dir results/runs/multi_dataset_protocol --seeds 2,4,6,8,10 --device cuda --execute --prediction-dir results/runs/predictions --export-predictions"",""early_stopping_metric"":""val_f1"",""early_stopping_split"":""validation"",""graph_mode"":""full_graph"",""scaler_mode"":""train_only"",""split_name"":""t1-30_val31-34_test35-49""}",f7fbc1e77ed0dcd4154d2610f8c0961452849ec443f532b56bd565762f186e87,CANONICAL_RESULT_COMMAND_AND_FIELDS,$HISTORICAL_GNN_FRAUD_REPO/results/runs_rb09v3/runs.csv,UNRESOLVED_LEGACY_CODE,tree-6fa0cc19d70e7c207c9af5b868d89b1b98ed0ed7,$HISTORICAL_GNN_FRAUD_REPO/results/runs_rb09v3/runs.csv,,,UNRESOLVED,true,"{""device"":""cuda"",""hardware"":""unresolved_from_per_run_record"",""measurement_scope"":""per_run_result_record"",""peak_memory"":null,""runtime_seconds"":31.287}",2652124bba71270a870dcf48a7a52814961c7eafe8fefa7d145942bfdaaa855a,
elliptic,node_classification,transductive_structure,transductive,gcn,gcn,7,fold0,INDEX_REFERENCED_FILE_MISSING,CANONICAL_PREDICTION_PATH_MISSING;INDEXED_SOURCE_ARCHIVE_MISSING;UNVERIFIED_RAW_COORDINATE_CANDIDATES_NOT_ALIASED,RB09v3_structure_decay_10seed,$HISTORICAL_GNN_FRAUD_REPO/results/runs_rb09v3/predictions_manifest.json,528152753c1887ae6fa64631fddbd53926938d9e358b7eb4f003ad2c508b2d4e,kaggleoutputs/elliptic_10seed_transductive/predictions/elliptic__transductive__gcn__seed7.csv,,6371053,,,$HISTORICAL_GNN_FRAUD_REPO/results/runs/predictions/elliptic__transductive__gcn__seed7.csv,elliptic_10seed_transductive.zip,$HISTORICAL_GNN_FRAUD_REPO/kaggleoutputs/elliptic_10seed_transductive.zip,99d2f7ad1ad95fd7c30c193da9003c091b0c3fdce028dccd2bd0019f35869c08,predictions/elliptic__transductive__gcn__seed7.csv,false,RB09v3,,$HISTORICAL_GNN_FRAUD_REPO/results/runs_rb09v3/runs.csv#elliptic:transductive:gcn:seed7,d9f77bfd14ccaf157780858e35ecfee96af1e2fbf60f3559ad888d14c0ace2e9,RB15_IMPORT_ERRORS_EMPTY_AND_MEMBER_REFERENCED,$HISTORICAL_GNN_FRAUD_REPO/results/runs_rb15_graphsafe_tta/import_manifest.json,RB09V3_ARTIFACT_FAMILY_180_AND_RB15_CONSUMED_MEMBER,"{""command"":""/kaggle/working/gnn-fraud/scripts/run_multi_dataset_protocol_benchmark.py --datasets elliptic --models mlp,gcn,graphsage --protocols strict_inductive,inductive_isolated,transductive --gnn-only --skip-missing-datasets --hidden-channels 256 --num-layers 3 --early-stopping-metric val_f1 --scaler-mode train_only --output-dir results/runs/multi_dataset_protocol --seeds 1,3,5,7,9 --device cuda --execute --prediction-dir results/runs/predictions --export-predictions"",""early_stopping_metric"":""val_f1"",""early_stopping_split"":""validation"",""graph_mode"":""full_graph"",""scaler_mode"":""train_only"",""split_name"":""t1-30_val31-34_test35-49""}",4bc3cab31927f67202b7b5518340fd10ed2cc530abc3ce555112ae150963444b,CANONICAL_RESULT_COMMAND_AND_FIELDS,$HISTORICAL_GNN_FRAUD_REPO/results/runs_rb09v3/runs.csv,UNRESOLVED_LEGACY_CODE,tree-6fa0cc19d70e7c207c9af5b868d89b1b98ed0ed7,$HISTORICAL_GNN_FRAUD_REPO/results/runs_rb09v3/runs.csv,,,UNRESOLVED,true,"{""device"":""cuda"",""hardware"":""unresolved_from_per_run_record"",""measurement_scope"":""per_run_result_record"",""peak_memory"":null,""runtime_seconds"":31.369}",3cb3e761964fe17cdcc4cbdce77e826f078fd4030e386603116c560116c4d6c3,
elliptic,node_classification,transductive_structure,transductive,gcn,gcn,8,fold0,INDEX_REFERENCED_FILE_MISSING,CANONICAL_PREDICTION_PATH_MISSING;INDEXED_SOURCE_ARCHIVE_MISSING;UNVERIFIED_RAW_COORDINATE_CANDIDATES_NOT_ALIASED,RB09v3_structure_decay_10seed,$HISTORICAL_GNN_FRAUD_REPO/results/runs_rb09v3/predictions_manifest.json,528152753c1887ae6fa64631fddbd53926938d9e358b7eb4f003ad2c508b2d4e,kaggleoutputs/elliptic_10seed_transductive/predictions/elliptic__transductive__gcn__seed8.csv,,6374761,,,$HISTORICAL_GNN_FRAUD_REPO/results/runs/predictions/elliptic__transductive__gcn__seed8.csv,elliptic_10seed_transductive.zip,$HISTORICAL_GNN_FRAUD_REPO/kaggleoutputs/elliptic_10seed_transductive.zip,99d2f7ad1ad95fd7c30c193da9003c091b0c3fdce028dccd2bd0019f35869c08,predictions/elliptic__transductive__gcn__seed8.csv,false,RB09v3,,$HISTORICAL_GNN_FRAUD_REPO/results/runs_rb09v3/runs.csv#elliptic:transductive:gcn:seed8,d9f77bfd14ccaf157780858e35ecfee96af1e2fbf60f3559ad888d14c0ace2e9,RB15_IMPORT_ERRORS_EMPTY_AND_MEMBER_REFERENCED,$HISTORICAL_GNN_FRAUD_REPO/results/runs_rb15_graphsafe_tta/import_manifest.json,RB09V3_ARTIFACT_FAMILY_180_AND_RB15_CONSUMED_MEMBER,"{""command"":""/kaggle/working/gnn-fraud/scripts/run_multi_dataset_protocol_benchmark.py --datasets elliptic --models mlp,gcn,graphsage --protocols strict_inductive,inductive_isolated,transductive --gnn-only --skip-missing-datasets --hidden-channels 256 --num-layers 3 --early-stopping-metric val_f1 --scaler-mode train_only --output-dir results/runs/multi_dataset_protocol --seeds 2,4,6,8,10 --device cuda --execute --prediction-dir results/runs/predictions --export-predictions"",""early_stopping_metric"":""val_f1"",""early_stopping_split"":""validation"",""graph_mode"":""full_graph"",""scaler_mode"":""train_only"",""split_name"":""t1-30_val31-34_test35-49""}",f7fbc1e77ed0dcd4154d2610f8c0961452849ec443f532b56bd565762f186e87,CANONICAL_RESULT_COMMAND_AND_FIELDS,$HISTORICAL_GNN_FRAUD_REPO/results/runs_rb09v3/runs.csv,UNRESOLVED_LEGACY_CODE,tree-6fa0cc19d70e7c207c9af5b868d89b1b98ed0ed7,$HISTORICAL_GNN_FRAUD_REPO/results/runs_rb09v3/runs.csv,,,UNRESOLVED,true,"{""device"":""cuda"",""hardware"":""unresolved_from_per_run_record"",""measurement_scope"":""per_run_result_record"",""peak_memory"":null,""runtime_seconds"":31.29}",0016f344ece91d9e648acaa575622bfb45bc255566fb770fae5eea3e250b027d,
elliptic,node_classification,transductive_structure,transductive,gcn,gcn,9,fold0,INDEX_REFERENCED_FILE_MISSING,CANONICAL_PREDICTION_PATH_MISSING;INDEXED_SOURCE_ARCHIVE_MISSING;UNVERIFIED_RAW_COORDINATE_CANDIDATES_NOT_ALIASED,RB09v3_structure_decay_10seed,$HISTORICAL_GNN_FRAUD_REPO/results/runs_rb09v3/predictions_manifest.json,528152753c1887ae6fa64631fddbd53926938d9e358b7eb4f003ad2c508b2d4e,kaggleoutputs/elliptic_10seed_transductive/predictions/elliptic__transductive__gcn__seed9.csv,,6372551,,,$HISTORICAL_GNN_FRAUD_REPO/results/runs/predictions/elliptic__transductive__gcn__seed9.csv,elliptic_10seed_transductive.zip,$HISTORICAL_GNN_FRAUD_REPO/kaggleoutputs/elliptic_10seed_transductive.zip,99d2f7ad1ad95fd7c30c193da9003c091b0c3fdce028dccd2bd0019f35869c08,predictions/elliptic__transductive__gcn__seed9.csv,false,RB09v3,,$HISTORICAL_GNN_FRAUD_REPO/results/runs_rb09v3/runs.csv#elliptic:transductive:gcn:seed9,d9f77bfd14ccaf157780858e35ecfee96af1e2fbf60f3559ad888d14c0ace2e9,RB15_IMPORT_ERRORS_EMPTY_AND_MEMBER_REFERENCED,$HISTORICAL_GNN_FRAUD_REPO/results/runs_rb15_graphsafe_tta/import_manifest.json,RB09V3_ARTIFACT_FAMILY_180_AND_RB15_CONSUMED_MEMBER,"{""command"":""/kaggle/working/gnn-fraud/scripts/run_multi_dataset_protocol_benchmark.py --datasets elliptic --models mlp,gcn,graphsage --protocols strict_inductive,inductive_isolated,transductive --gnn-only --skip-missing-datasets --hidden-channels 256 --num-layers 3 --early-stopping-metric val_f1 --scaler-mode train_only --output-dir results/runs/multi_dataset_protocol --seeds 1,3,5,7,9 --device cuda --execute --prediction-dir results/runs/predictions --export-predictions"",""early_stopping_metric"":""val_f1"",""early_stopping_split"":""validation"",""graph_mode"":""full_graph"",""scaler_mode"":""train_only"",""split_name"":""t1-30_val31-34_test35-49""}",4bc3cab31927f67202b7b5518340fd10ed2cc530abc3ce555112ae150963444b,CANONICAL_RESULT_COMMAND_AND_FIELDS,$HISTORICAL_GNN_FRAUD_REPO/results/runs_rb09v3/runs.csv,UNRESOLVED_LEGACY_CODE,tree-6fa0cc19d70e7c207c9af5b868d89b1b98ed0ed7,$HISTORICAL_GNN_FRAUD_REPO/results/runs_rb09v3/runs.csv,,,UNRESOLVED,true,"{""device"":""cuda"",""hardware"":""unresolved_from_per_run_record"",""measurement_scope"":""per_run_result_record"",""peak_memory"":null,""runtime_seconds"":31.402}",24464229a4176e9a6273df0f0b3e5b77a3cf185b65deef6c802b011ed74ede5f,
elliptic,node_classification,transductive_structure,transductive,gcn,gcn,10,fold0,INDEX_REFERENCED_FILE_MISSING,CANONICAL_PREDICTION_PATH_MISSING;INDEXED_SOURCE_ARCHIVE_MISSING;UNVERIFIED_RAW_COORDINATE_CANDIDATES_NOT_ALIASED,RB09v3_structure_decay_10seed,$HISTORICAL_GNN_FRAUD_REPO/results/runs_rb09v3/predictions_manifest.json,528152753c1887ae6fa64631fddbd53926938d9e358b7eb4f003ad2c508b2d4e,kaggleoutputs/elliptic_10seed_transductive/predictions/elliptic__transductive__gcn__seed10.csv,,6466031,,,$HISTORICAL_GNN_FRAUD_REPO/results/runs/predictions/elliptic__transductive__gcn__seed10.csv,elliptic_10seed_transductive.zip,$HISTORICAL_GNN_FRAUD_REPO/kaggleoutputs/elliptic_10seed_transductive.zip,99d2f7ad1ad95fd7c30c193da9003c091b0c3fdce028dccd2bd0019f35869c08,predictions/elliptic__transductive__gcn__seed10.csv,false,RB09v3,,$HISTORICAL_GNN_FRAUD_REPO/results/runs_rb09v3/runs.csv#elliptic:transductive:gcn:seed10,d9f77bfd14ccaf157780858e35ecfee96af1e2fbf60f3559ad888d14c0ace2e9,RB15_IMPORT_ERRORS_EMPTY_AND_MEMBER_REFERENCED,$HISTORICAL_GNN_FRAUD_REPO/results/runs_rb15_graphsafe_tta/import_manifest.json,RB09V3_ARTIFACT_FAMILY_180_AND_RB15_CONSUMED_MEMBER,"{""command"":""/kaggle/working/gnn-fraud/scripts/run_multi_dataset_protocol_benchmark.py --datasets elliptic --models mlp,gcn,graphsage --protocols strict_inductive,inductive_isolated,transductive --gnn-only --skip-missing-datasets --hidden-channels 256 --num-layers 3 --early-stopping-metric val_f1 --scaler-mode train_only --output-dir results/runs/multi_dataset_protocol --seeds 2,4,6,8,10 --device cuda --execute --prediction-dir results/runs/predictions --export-predictions"",""early_stopping_metric"":""val_f1"",""early_stopping_split"":""validation"",""graph_mode"":""full_graph"",""scaler_mode"":""train_only"",""split_name"":""t1-30_val31-34_test35-49""}",f7fbc1e77ed0dcd4154d2610f8c0961452849ec443f532b56bd565762f186e87,CANONICAL_RESULT_COMMAND_AND_FIELDS,$HISTORICAL_GNN_FRAUD_REPO/results/runs_rb09v3/runs.csv,UNRESOLVED_LEGACY_CODE,tree-6fa0cc19d70e7c207c9af5b868d89b1b98ed0ed7,$HISTORICAL_GNN_FRAUD_REPO/results/runs_rb09v3/runs.csv,,,UNRESOLVED,true,"{""device"":""cuda"",""hardware"":""unresolved_from_per_run_record"",""measurement_scope"":""per_run_result_record"",""peak_memory"":null,""runtime_seconds"":31.365}",b2765caaa04b23236497a642edde6c7ff4efa3d812f59345d378170fd41cd7e7,
elliptic,node_classification,transductive_structure,transductive,graphsage,sage,1,fold0,INDEX_REFERENCED_FILE_MISSING,CANONICAL_PREDICTION_PATH_MISSING;INDEXED_SOURCE_ARCHIVE_MISSING;UNVERIFIED_RAW_COORDINATE_CANDIDATES_NOT_ALIASED,RB09v3_structure_decay_10seed,$HISTORICAL_GNN_FRAUD_REPO/results/runs_rb09v3/predictions_manifest.json,528152753c1887ae6fa64631fddbd53926938d9e358b7eb4f003ad2c508b2d4e,kaggleoutputs/elliptic_10seed_transductive/predictions/elliptic__transductive__sage__seed1.csv,,6488871,,,$HISTORICAL_GNN_FRAUD_REPO/_rb_refresh_archive_2026-06-20/_pre_rb_refresh_backup_20260620T041421Z/predictions/elliptic__transductive__sage__seed1.csv;$HISTORICAL_GNN_FRAUD_REPO/kaggleresults/runs_outputs/predictions/elliptic__transductive__sage__seed1.csv;$HISTORICAL_GNN_FRAUD_REPO/results/runs/predictions/elliptic__transductive__sage__seed1.csv,elliptic_10seed_transductive.zip,$HISTORICAL_GNN_FRAUD_REPO/kaggleoutputs/elliptic_10seed_transductive.zip,99d2f7ad1ad95fd7c30c193da9003c091b0c3fdce028dccd2bd0019f35869c08,predictions/elliptic__transductive__sage__seed1.csv,false,RB09v3,,$HISTORICAL_GNN_FRAUD_REPO/results/runs_rb09v3/runs.csv#elliptic:transductive:sage:seed1,d9f77bfd14ccaf157780858e35ecfee96af1e2fbf60f3559ad888d14c0ace2e9,RB15_IMPORT_ERRORS_EMPTY_AND_MEMBER_REFERENCED,$HISTORICAL_GNN_FRAUD_REPO/results/runs_rb15_graphsafe_tta/import_manifest.json,RB09V3_ARTIFACT_FAMILY_180_AND_RB15_CONSUMED_MEMBER,"{""command"":""/kaggle/working/gnn-fraud/scripts/run_multi_dataset_protocol_benchmark.py --datasets elliptic --models mlp,gcn,graphsage --protocols strict_inductive,inductive_isolated,transductive --gnn-only --skip-missing-datasets --hidden-channels 256 --num-layers 3 --early-stopping-metric val_f1 --scaler-mode train_only --output-dir results/runs/multi_dataset_protocol --seeds 1,3,5,7,9 --device cuda --execute --prediction-dir results/runs/predictions --export-predictions"",""early_stopping_metric"":""val_f1"",""early_stopping_split"":""validation"",""graph_mode"":""full_graph"",""scaler_mode"":""train_only"",""split_name"":""t1-30_val31-34_test35-49""}",4bc3cab31927f67202b7b5518340fd10ed2cc530abc3ce555112ae150963444b,CANONICAL_RESULT_COMMAND_AND_FIELDS,$HISTORICAL_GNN_FRAUD_REPO/results/runs_rb09v3/runs.csv,UNRESOLVED_LEGACY_CODE,tree-6fa0cc19d70e7c207c9af5b868d89b1b98ed0ed7,$HISTORICAL_GNN_FRAUD_REPO/results/runs_rb09v3/runs.csv,,,UNRESOLVED,true,"{""device"":""cuda"",""hardware"":""unresolved_from_per_run_record"",""measurement_scope"":""per_run_result_record"",""peak_memory"":null,""runtime_seconds"":64.895}",7b8c61c7fa23e685f90b267f7ea37187f20f420a5f33fccfeec062198ef06156,
elliptic,node_classification,transductive_structure,transductive,graphsage,sage,2,fold0,INDEX_REFERENCED_FILE_MISSING,CANONICAL_PREDICTION_PATH_MISSING;INDEXED_SOURCE_ARCHIVE_MISSING;UNVERIFIED_RAW_COORDINATE_CANDIDATES_NOT_ALIASED,RB09v3_structure_decay_10seed,$HISTORICAL_GNN_FRAUD_REPO/results/runs_rb09v3/predictions_manifest.json,528152753c1887ae6fa64631fddbd53926938d9e358b7eb4f003ad2c508b2d4e,kaggleoutputs/elliptic_10seed_transductive/predictions/elliptic__transductive__sage__seed2.csv,,6488486,,,$HISTORICAL_GNN_FRAUD_REPO/_rb_refresh_archive_2026-06-20/_pre_rb_refresh_backup_20260620T041421Z/predictions/elliptic__transductive__sage__seed2.csv;$HISTORICAL_GNN_FRAUD_REPO/kaggleresults/runs_outputs/predictions/elliptic__transductive__sage__seed2.csv;$HISTORICAL_GNN_FRAUD_REPO/results/runs/predictions/elliptic__transductive__sage__seed2.csv,elliptic_10seed_transductive.zip,$HISTORICAL_GNN_FRAUD_REPO/kaggleoutputs/elliptic_10seed_transductive.zip,99d2f7ad1ad95fd7c30c193da9003c091b0c3fdce028dccd2bd0019f35869c08,predictions/elliptic__transductive__sage__seed2.csv,false,RB09v3,,$HISTORICAL_GNN_FRAUD_REPO/results/runs_rb09v3/runs.csv#elliptic:transductive:sage:seed2,d9f77bfd14ccaf157780858e35ecfee96af1e2fbf60f3559ad888d14c0ace2e9,RB15_IMPORT_ERRORS_EMPTY_AND_MEMBER_REFERENCED,$HISTORICAL_GNN_FRAUD_REPO/results/runs_rb15_graphsafe_tta/import_manifest.json,RB09V3_ARTIFACT_FAMILY_180_AND_RB15_CONSUMED_MEMBER,"{""command"":""/kaggle/working/gnn-fraud/scripts/run_multi_dataset_protocol_benchmark.py --datasets elliptic --models mlp,gcn,graphsage --protocols strict_inductive,inductive_isolated,transductive --gnn-only --skip-missing-datasets --hidden-channels 256 --num-layers 3 --early-stopping-metric val_f1 --scaler-mode train_only --output-dir results/runs/multi_dataset_protocol --seeds 2,4,6,8,10 --device cuda --execute --prediction-dir results/runs/predictions --export-predictions"",""early_stopping_metric"":""val_f1"",""early_stopping_split"":""validation"",""graph_mode"":""full_graph"",""scaler_mode"":""train_only"",""split_name"":""t1-30_val31-34_test35-49""}",f7fbc1e77ed0dcd4154d2610f8c0961452849ec443f532b56bd565762f186e87,CANONICAL_RESULT_COMMAND_AND_FIELDS,$HISTORICAL_GNN_FRAUD_REPO/results/runs_rb09v3/runs.csv,UNRESOLVED_LEGACY_CODE,tree-6fa0cc19d70e7c207c9af5b868d89b1b98ed0ed7,$HISTORICAL_GNN_FRAUD_REPO/results/runs_rb09v3/runs.csv,,,UNRESOLVED,true,"{""device"":""cuda"",""hardware"":""unresolved_from_per_run_record"",""measurement_scope"":""per_run_result_record"",""peak_memory"":null,""runtime_seconds"":64.072}",6b6e09d5a0208e50068bb14a20533623acb02239a3671fc6165fe5ec9c2f4a76,
elliptic,node_classification,transductive_structure,transductive,graphsage,sage,3,fold0,INDEX_REFERENCED_FILE_MISSING,CANONICAL_PREDICTION_PATH_MISSING;INDEXED_SOURCE_ARCHIVE_MISSING;UNVERIFIED_RAW_COORDINATE_CANDIDATES_NOT_ALIASED,RB09v3_structure_decay_10seed,$HISTORICAL_GNN_FRAUD_REPO/results/runs_rb09v3/predictions_manifest.json,528152753c1887ae6fa64631fddbd53926938d9e358b7eb4f003ad2c508b2d4e,kaggleoutputs/elliptic_10seed_transductive/predictions/elliptic__transductive__sage__seed3.csv,,6488328,,,$HISTORICAL_GNN_FRAUD_REPO/_rb_refresh_archive_2026-06-20/_pre_rb_refresh_backup_20260620T041421Z/predictions/elliptic__transductive__sage__seed3.csv;$HISTORICAL_GNN_FRAUD_REPO/kaggleresults/runs_outputs/predictions/elliptic__transductive__sage__seed3.csv;$HISTORICAL_GNN_FRAUD_REPO/results/runs/predictions/elliptic__transductive__sage__seed3.csv,elliptic_10seed_transductive.zip,$HISTORICAL_GNN_FRAUD_REPO/kaggleoutputs/elliptic_10seed_transductive.zip,99d2f7ad1ad95fd7c30c193da9003c091b0c3fdce028dccd2bd0019f35869c08,predictions/elliptic__transductive__sage__seed3.csv,false,RB09v3,,$HISTORICAL_GNN_FRAUD_REPO/results/runs_rb09v3/runs.csv#elliptic:transductive:sage:seed3,d9f77bfd14ccaf157780858e35ecfee96af1e2fbf60f3559ad888d14c0ace2e9,RB15_IMPORT_ERRORS_EMPTY_AND_MEMBER_REFERENCED,$HISTORICAL_GNN_FRAUD_REPO/results/runs_rb15_graphsafe_tta/import_manifest.json,RB09V3_ARTIFACT_FAMILY_180_AND_RB15_CONSUMED_MEMBER,"{""command"":""/kaggle/working/gnn-fraud/scripts/run_multi_dataset_protocol_benchmark.py --datasets elliptic --models mlp,gcn,graphsage --protocols strict_inductive,inductive_isolated,transductive --gnn-only --skip-missing-datasets --hidden-channels 256 --num-layers 3 --early-stopping-metric val_f1 --scaler-mode train_only --output-dir results/runs/multi_dataset_protocol --seeds 1,3,5,7,9 --device cuda --execute --prediction-dir results/runs/predictions --export-predictions"",""early_stopping_metric"":""val_f1"",""early_stopping_split"":""validation"",""graph_mode"":""full_graph"",""scaler_mode"":""train_only"",""split_name"":""t1-30_val31-34_test35-49""}",4bc3cab31927f67202b7b5518340fd10ed2cc530abc3ce555112ae150963444b,CANONICAL_RESULT_COMMAND_AND_FIELDS,$HISTORICAL_GNN_FRAUD_REPO/results/runs_rb09v3/runs.csv,UNRESOLVED_LEGACY_CODE,tree-6fa0cc19d70e7c207c9af5b868d89b1b98ed0ed7,$HISTORICAL_GNN_FRAUD_REPO/results/runs_rb09v3/runs.csv,,,UNRESOLVED,true,"{""device"":""cuda"",""hardware"":""unresolved_from_per_run_record"",""measurement_scope"":""per_run_result_record"",""peak_memory"":null,""runtime_seconds"":65.001}",e9829f9239cbb8d827d55c3701493c2815562a70357e3cd208bebea664cac7fb,
elliptic,node_classification,transductive_structure,transductive,graphsage,sage,4,fold0,INDEX_REFERENCED_FILE_MISSING,CANONICAL_PREDICTION_PATH_MISSING;INDEXED_SOURCE_ARCHIVE_MISSING;UNVERIFIED_RAW_COORDINATE_CANDIDATES_NOT_ALIASED,RB09v3_structure_decay_10seed,$HISTORICAL_GNN_FRAUD_REPO/results/runs_rb09v3/predictions_manifest.json,528152753c1887ae6fa64631fddbd53926938d9e358b7eb4f003ad2c508b2d4e,kaggleoutputs/elliptic_10seed_transductive/predictions/elliptic__transductive__sage__seed4.csv,,6485988,,,$HISTORICAL_GNN_FRAUD_REPO/_rb_refresh_archive_2026-06-20/_pre_rb_refresh_backup_20260620T041421Z/predictions/elliptic__transductive__sage__seed4.csv;$HISTORICAL_GNN_FRAUD_REPO/kaggleresults/runs_outputs/predictions/elliptic__transductive__sage__seed4.csv;$HISTORICAL_GNN_FRAUD_REPO/results/runs/predictions/elliptic__transductive__sage__seed4.csv,elliptic_10seed_transductive.zip,$HISTORICAL_GNN_FRAUD_REPO/kaggleoutputs/elliptic_10seed_transductive.zip,99d2f7ad1ad95fd7c30c193da9003c091b0c3fdce028dccd2bd0019f35869c08,predictions/elliptic__transductive__sage__seed4.csv,false,RB09v3,,$HISTORICAL_GNN_FRAUD_REPO/results/runs_rb09v3/runs.csv#elliptic:transductive:sage:seed4,d9f77bfd14ccaf157780858e35ecfee96af1e2fbf60f3559ad888d14c0ace2e9,RB15_IMPORT_ERRORS_EMPTY_AND_MEMBER_REFERENCED,$HISTORICAL_GNN_FRAUD_REPO/results/runs_rb15_graphsafe_tta/import_manifest.json,RB09V3_ARTIFACT_FAMILY_180_AND_RB15_CONSUMED_MEMBER,"{""command"":""/kaggle/working/gnn-fraud/scripts/run_multi_dataset_protocol_benchmark.py --datasets elliptic --models mlp,gcn,graphsage --protocols strict_inductive,inductive_isolated,transductive --gnn-only --skip-missing-datasets --hidden-channels 256 --num-layers 3 --early-stopping-metric val_f1 --scaler-mode train_only --output-dir results/runs/multi_dataset_protocol --seeds 2,4,6,8,10 --device cuda --execute --prediction-dir results/runs/predictions --export-predictions"",""early_stopping_metric"":""val_f1"",""early_stopping_split"":""validation"",""graph_mode"":""full_graph"",""scaler_mode"":""train_only"",""split_name"":""t1-30_val31-34_test35-49""}",f7fbc1e77ed0dcd4154d2610f8c0961452849ec443f532b56bd565762f186e87,CANONICAL_RESULT_COMMAND_AND_FIELDS,$HISTORICAL_GNN_FRAUD_REPO/results/runs_rb09v3/runs.csv,UNRESOLVED_LEGACY_CODE,tree-6fa0cc19d70e7c207c9af5b868d89b1b98ed0ed7,$HISTORICAL_GNN_FRAUD_REPO/results/runs_rb09v3/runs.csv,,,UNRESOLVED,true,"{""device"":""cuda"",""hardware"":""unresolved_from_per_run_record"",""measurement_scope"":""per_run_result_record"",""peak_memory"":null,""runtime_seconds"":64.276}",ab27a47b0aec2e56be7cc2a06da5bd6df28d1c7cc3feb3363b2cbf92d410f2eb,
elliptic,node_classification,transductive_structure,transductive,graphsage,sage,5,fold0,INDEX_REFERENCED_FILE_MISSING,CANONICAL_PREDICTION_PATH_MISSING;INDEXED_SOURCE_ARCHIVE_MISSING;UNVERIFIED_RAW_COORDINATE_CANDIDATES_NOT_ALIASED,RB09v3_structure_decay_10seed,$HISTORICAL_GNN_FRAUD_REPO/results/runs_rb09v3/predictions_manifest.json,528152753c1887ae6fa64631fddbd53926938d9e358b7eb4f003ad2c508b2d4e,kaggleoutputs/elliptic_10seed_transductive/predictions/elliptic__transductive__sage__seed5.csv,,6488955,,,$HISTORICAL_GNN_FRAUD_REPO/_rb_refresh_archive_2026-06-20/_pre_rb_refresh_backup_20260620T041421Z/predictions/elliptic__transductive__sage__seed5.csv;$HISTORICAL_GNN_FRAUD_REPO/kaggleresults/runs_outputs/predictions/elliptic__transductive__sage__seed5.csv;$HISTORICAL_GNN_FRAUD_REPO/results/runs/predictions/elliptic__transductive__sage__seed5.csv,elliptic_10seed_transductive.zip,$HISTORICAL_GNN_FRAUD_REPO/kaggleoutputs/elliptic_10seed_transductive.zip,99d2f7ad1ad95fd7c30c193da9003c091b0c3fdce028dccd2bd0019f35869c08,predictions/elliptic__transductive__sage__seed5.csv,false,RB09v3,,$HISTORICAL_GNN_FRAUD_REPO/results/runs_rb09v3/runs.csv#elliptic:transductive:sage:seed5,d9f77bfd14ccaf157780858e35ecfee96af1e2fbf60f3559ad888d14c0ace2e9,RB15_IMPORT_ERRORS_EMPTY_AND_MEMBER_REFERENCED,$HISTORICAL_GNN_FRAUD_REPO/results/runs_rb15_graphsafe_tta/import_manifest.json,RB09V3_ARTIFACT_FAMILY_180_AND_RB15_CONSUMED_MEMBER,"{""command"":""/kaggle/working/gnn-fraud/scripts/run_multi_dataset_protocol_benchmark.py --datasets elliptic --models mlp,gcn,graphsage --protocols strict_inductive,inductive_isolated,transductive --gnn-only --skip-missing-datasets --hidden-channels 256 --num-layers 3 --early-stopping-metric val_f1 --scaler-mode train_only --output-dir results/runs/multi_dataset_protocol --seeds 1,3,5,7,9 --device cuda --execute --prediction-dir results/runs/predictions --export-predictions"",""early_stopping_metric"":""val_f1"",""early_stopping_split"":""validation"",""graph_mode"":""full_graph"",""scaler_mode"":""train_only"",""split_name"":""t1-30_val31-34_test35-49""}",4bc3cab31927f67202b7b5518340fd10ed2cc530abc3ce555112ae150963444b,CANONICAL_RESULT_COMMAND_AND_FIELDS,$HISTORICAL_GNN_FRAUD_REPO/results/runs_rb09v3/runs.csv,UNRESOLVED_LEGACY_CODE,tree-6fa0cc19d70e7c207c9af5b868d89b1b98ed0ed7,$HISTORICAL_GNN_FRAUD_REPO/results/runs_rb09v3/runs.csv,,,UNRESOLVED,true,"{""device"":""cuda"",""hardware"":""unresolved_from_per_run_record"",""measurement_scope"":""per_run_result_record"",""peak_memory"":null,""runtime_seconds"":64.971}",1bd4e09b477a893bbdf696e3590514874f005108cca6a2ef1af0ed18f45dd7cb,
elliptic,node_classification,transductive_structure,transductive,graphsage,sage,6,fold0,INDEX_REFERENCED_FILE_MISSING,CANONICAL_PREDICTION_PATH_MISSING;INDEXED_SOURCE_ARCHIVE_MISSING;UNVERIFIED_RAW_COORDINATE_CANDIDATES_NOT_ALIASED,RB09v3_structure_decay_10seed,$HISTORICAL_GNN_FRAUD_REPO/results/runs_rb09v3/predictions_manifest.json,528152753c1887ae6fa64631fddbd53926938d9e358b7eb4f003ad2c508b2d4e,kaggleoutputs/elliptic_10seed_transductive/predictions/elliptic__transductive__sage__seed6.csv,,6487178,,,$HISTORICAL_GNN_FRAUD_REPO/results/runs/predictions/elliptic__transductive__sage__seed6.csv,elliptic_10seed_transductive.zip,$HISTORICAL_GNN_FRAUD_REPO/kaggleoutputs/elliptic_10seed_transductive.zip,99d2f7ad1ad95fd7c30c193da9003c091b0c3fdce028dccd2bd0019f35869c08,predictions/elliptic__transductive__sage__seed6.csv,false,RB09v3,,$HISTORICAL_GNN_FRAUD_REPO/results/runs_rb09v3/runs.csv#elliptic:transductive:sage:seed6,d9f77bfd14ccaf157780858e35ecfee96af1e2fbf60f3559ad888d14c0ace2e9,RB15_IMPORT_ERRORS_EMPTY_AND_MEMBER_REFERENCED,$HISTORICAL_GNN_FRAUD_REPO/results/runs_rb15_graphsafe_tta/import_manifest.json,RB09V3_ARTIFACT_FAMILY_180_AND_RB15_CONSUMED_MEMBER,"{""command"":""/kaggle/working/gnn-fraud/scripts/run_multi_dataset_protocol_benchmark.py --datasets elliptic --models mlp,gcn,graphsage --protocols strict_inductive,inductive_isolated,transductive --gnn-only --skip-missing-datasets --hidden-channels 256 --num-layers 3 --early-stopping-metric val_f1 --scaler-mode train_only --output-dir results/runs/multi_dataset_protocol --seeds 2,4,6,8,10 --device cuda --execute --prediction-dir results/runs/predictions --export-predictions"",""early_stopping_metric"":""val_f1"",""early_stopping_split"":""validation"",""graph_mode"":""full_graph"",""scaler_mode"":""train_only"",""split_name"":""t1-30_val31-34_test35-49""}",f7fbc1e77ed0dcd4154d2610f8c0961452849ec443f532b56bd565762f186e87,CANONICAL_RESULT_COMMAND_AND_FIELDS,$HISTORICAL_GNN_FRAUD_REPO/results/runs_rb09v3/runs.csv,UNRESOLVED_LEGACY_CODE,tree-6fa0cc19d70e7c207c9af5b868d89b1b98ed0ed7,$HISTORICAL_GNN_FRAUD_REPO/results/runs_rb09v3/runs.csv,,,UNRESOLVED,true,"{""device"":""cuda"",""hardware"":""unresolved_from_per_run_record"",""measurement_scope"":""per_run_result_record"",""peak_memory"":null,""runtime_seconds"":64.564}",92a01a9e6a6f969cc027cda420a73a14a42472bab778c53b467d6a21f40a3432,
elliptic,node_classification,transductive_structure,transductive,graphsage,sage,7,fold0,INDEX_REFERENCED_FILE_MISSING,CANONICAL_PREDICTION_PATH_MISSING;INDEXED_SOURCE_ARCHIVE_MISSING;UNVERIFIED_RAW_COORDINATE_CANDIDATES_NOT_ALIASED,RB09v3_structure_decay_10seed,$HISTORICAL_GNN_FRAUD_REPO/results/runs_rb09v3/predictions_manifest.json,528152753c1887ae6fa64631fddbd53926938d9e358b7eb4f003ad2c508b2d4e,kaggleoutputs/elliptic_10seed_transductive/predictions/elliptic__transductive__sage__seed7.csv,,6490969,,,$HISTORICAL_GNN_FRAUD_REPO/results/runs/predictions/elliptic__transductive__sage__seed7.csv,elliptic_10seed_transductive.zip,$HISTORICAL_GNN_FRAUD_REPO/kaggleoutputs/elliptic_10seed_transductive.zip,99d2f7ad1ad95fd7c30c193da9003c091b0c3fdce028dccd2bd0019f35869c08,predictions/elliptic__transductive__sage__seed7.csv,false,RB09v3,,$HISTORICAL_GNN_FRAUD_REPO/results/runs_rb09v3/runs.csv#elliptic:transductive:sage:seed7,d9f77bfd14ccaf157780858e35ecfee96af1e2fbf60f3559ad888d14c0ace2e9,RB15_IMPORT_ERRORS_EMPTY_AND_MEMBER_REFERENCED,$HISTORICAL_GNN_FRAUD_REPO/results/runs_rb15_graphsafe_tta/import_manifest.json,RB09V3_ARTIFACT_FAMILY_180_AND_RB15_CONSUMED_MEMBER,"{""command"":""/kaggle/working/gnn-fraud/scripts/run_multi_dataset_protocol_benchmark.py --datasets elliptic --models mlp,gcn,graphsage --protocols strict_inductive,inductive_isolated,transductive --gnn-only --skip-missing-datasets --hidden-channels 256 --num-layers 3 --early-stopping-metric val_f1 --scaler-mode train_only --output-dir results/runs/multi_dataset_protocol --seeds 1,3,5,7,9 --device cuda --execute --prediction-dir results/runs/predictions --export-predictions"",""early_stopping_metric"":""val_f1"",""early_stopping_split"":""validation"",""graph_mode"":""full_graph"",""scaler_mode"":""train_only"",""split_name"":""t1-30_val31-34_test35-49""}",4bc3cab31927f67202b7b5518340fd10ed2cc530abc3ce555112ae150963444b,CANONICAL_RESULT_COMMAND_AND_FIELDS,$HISTORICAL_GNN_FRAUD_REPO/results/runs_rb09v3/runs.csv,UNRESOLVED_LEGACY_CODE,tree-6fa0cc19d70e7c207c9af5b868d89b1b98ed0ed7,$HISTORICAL_GNN_FRAUD_REPO/results/runs_rb09v3/runs.csv,,,UNRESOLVED,true,"{""device"":""cuda"",""hardware"":""unresolved_from_per_run_record"",""measurement_scope"":""per_run_result_record"",""peak_memory"":null,""runtime_seconds"":64.978}",a7d5de8b2d66061cd9614dfbc3572880171c61fd8bee5e683db0d424d67944b4,
elliptic,node_classification,transductive_structure,transductive,graphsage,sage,8,fold0,INDEX_REFERENCED_FILE_MISSING,CANONICAL_PREDICTION_PATH_MISSING;INDEXED_SOURCE_ARCHIVE_MISSING;UNVERIFIED_RAW_COORDINATE_CANDIDATES_NOT_ALIASED,RB09v3_structure_decay_10seed,$HISTORICAL_GNN_FRAUD_REPO/results/runs_rb09v3/predictions_manifest.json,528152753c1887ae6fa64631fddbd53926938d9e358b7eb4f003ad2c508b2d4e,kaggleoutputs/elliptic_10seed_transductive/predictions/elliptic__transductive__sage__seed8.csv,,6489350,,,$HISTORICAL_GNN_FRAUD_REPO/results/runs/predictions/elliptic__transductive__sage__seed8.csv,elliptic_10seed_transductive.zip,$HISTORICAL_GNN_FRAUD_REPO/kaggleoutputs/elliptic_10seed_transductive.zip,99d2f7ad1ad95fd7c30c193da9003c091b0c3fdce028dccd2bd0019f35869c08,predictions/elliptic__transductive__sage__seed8.csv,false,RB09v3,,$HISTORICAL_GNN_FRAUD_REPO/results/runs_rb09v3/runs.csv#elliptic:transductive:sage:seed8,d9f77bfd14ccaf157780858e35ecfee96af1e2fbf60f3559ad888d14c0ace2e9,RB15_IMPORT_ERRORS_EMPTY_AND_MEMBER_REFERENCED,$HISTORICAL_GNN_FRAUD_REPO/results/runs_rb15_graphsafe_tta/import_manifest.json,RB09V3_ARTIFACT_FAMILY_180_AND_RB15_CONSUMED_MEMBER,"{""command"":""/kaggle/working/gnn-fraud/scripts/run_multi_dataset_protocol_benchmark.py --datasets elliptic --models mlp,gcn,graphsage --protocols strict_inductive,inductive_isolated,transductive --gnn-only --skip-missing-datasets --hidden-channels 256 --num-layers 3 --early-stopping-metric val_f1 --scaler-mode train_only --output-dir results/runs/multi_dataset_protocol --seeds 2,4,6,8,10 --device cuda --execute --prediction-dir results/runs/predictions --export-predictions"",""early_stopping_metric"":""val_f1"",""early_stopping_split"":""validation"",""graph_mode"":""full_graph"",""scaler_mode"":""train_only"",""split_name"":""t1-30_val31-34_test35-49""}",f7fbc1e77ed0dcd4154d2610f8c0961452849ec443f532b56bd565762f186e87,CANONICAL_RESULT_COMMAND_AND_FIELDS,$HISTORICAL_GNN_FRAUD_REPO/results/runs_rb09v3/runs.csv,UNRESOLVED_LEGACY_CODE,tree-6fa0cc19d70e7c207c9af5b868d89b1b98ed0ed7,$HISTORICAL_GNN_FRAUD_REPO/results/runs_rb09v3/runs.csv,,,UNRESOLVED,true,"{""device"":""cuda"",""hardware"":""unresolved_from_per_run_record"",""measurement_scope"":""per_run_result_record"",""peak_memory"":null,""runtime_seconds"":64.489}",5368ff45da484caab02c506ab5fc6a4344d357a3d9307634cb508ed021f62494,
elliptic,node_classification,transductive_structure,transductive,graphsage,sage,9,fold0,INDEX_REFERENCED_FILE_MISSING,CANONICAL_PREDICTION_PATH_MISSING;INDEXED_SOURCE_ARCHIVE_MISSING;UNVERIFIED_RAW_COORDINATE_CANDIDATES_NOT_ALIASED,RB09v3_structure_decay_10seed,$HISTORICAL_GNN_FRAUD_REPO/results/runs_rb09v3/predictions_manifest.json,528152753c1887ae6fa64631fddbd53926938d9e358b7eb4f003ad2c508b2d4e,kaggleoutputs/elliptic_10seed_transductive/predictions/elliptic__transductive__sage__seed9.csv,,6486242,,,$HISTORICAL_GNN_FRAUD_REPO/results/runs/predictions/elliptic__transductive__sage__seed9.csv,elliptic_10seed_transductive.zip,$HISTORICAL_GNN_FRAUD_REPO/kaggleoutputs/elliptic_10seed_transductive.zip,99d2f7ad1ad95fd7c30c193da9003c091b0c3fdce028dccd2bd0019f35869c08,predictions/elliptic__transductive__sage__seed9.csv,false,RB09v3,,$HISTORICAL_GNN_FRAUD_REPO/results/runs_rb09v3/runs.csv#elliptic:transductive:sage:seed9,d9f77bfd14ccaf157780858e35ecfee96af1e2fbf60f3559ad888d14c0ace2e9,RB15_IMPORT_ERRORS_EMPTY_AND_MEMBER_REFERENCED,$HISTORICAL_GNN_FRAUD_REPO/results/runs_rb15_graphsafe_tta/import_manifest.json,RB09V3_ARTIFACT_FAMILY_180_AND_RB15_CONSUMED_MEMBER,"{""command"":""/kaggle/working/gnn-fraud/scripts/run_multi_dataset_protocol_benchmark.py --datasets elliptic --models mlp,gcn,graphsage --protocols strict_inductive,inductive_isolated,transductive --gnn-only --skip-missing-datasets --hidden-channels 256 --num-layers 3 --early-stopping-metric val_f1 --scaler-mode train_only --output-dir results/runs/multi_dataset_protocol --seeds 1,3,5,7,9 --device cuda --execute --prediction-dir results/runs/predictions --export-predictions"",""early_stopping_metric"":""val_f1"",""early_stopping_split"":""validation"",""graph_mode"":""full_graph"",""scaler_mode"":""train_only"",""split_name"":""t1-30_val31-34_test35-49""}",4bc3cab31927f67202b7b5518340fd10ed2cc530abc3ce555112ae150963444b,CANONICAL_RESULT_COMMAND_AND_FIELDS,$HISTORICAL_GNN_FRAUD_REPO/results/runs_rb09v3/runs.csv,UNRESOLVED_LEGACY_CODE,tree-6fa0cc19d70e7c207c9af5b868d89b1b98ed0ed7,$HISTORICAL_GNN_FRAUD_REPO/results/runs_rb09v3/runs.csv,,,UNRESOLVED,true,"{""device"":""cuda"",""hardware"":""unresolved_from_per_run_record"",""measurement_scope"":""per_run_result_record"",""peak_memory"":null,""runtime_seconds"":65.05}",4cf2f2784aa7d1fa80baa2065128044621d7f6dbf1f1f9066e4bd8989d99694a,
elliptic,node_classification,transductive_structure,transductive,graphsage,sage,10,fold0,INDEX_REFERENCED_FILE_MISSING,CANONICAL_PREDICTION_PATH_MISSING;INDEXED_SOURCE_ARCHIVE_MISSING;UNVERIFIED_RAW_COORDINATE_CANDIDATES_NOT_ALIASED,RB09v3_structure_decay_10seed,$HISTORICAL_GNN_FRAUD_REPO/results/runs_rb09v3/predictions_manifest.json,528152753c1887ae6fa64631fddbd53926938d9e358b7eb4f003ad2c508b2d4e,kaggleoutputs/elliptic_10seed_transductive/predictions/elliptic__transductive__sage__seed10.csv,,6581636,,,$HISTORICAL_GNN_FRAUD_REPO/results/runs/predictions/elliptic__transductive__sage__seed10.csv,elliptic_10seed_transductive.zip,$HISTORICAL_GNN_FRAUD_REPO/kaggleoutputs/elliptic_10seed_transductive.zip,99d2f7ad1ad95fd7c30c193da9003c091b0c3fdce028dccd2bd0019f35869c08,predictions/elliptic__transductive__sage__seed10.csv,false,RB09v3,,$HISTORICAL_GNN_FRAUD_REPO/results/runs_rb09v3/runs.csv#elliptic:transductive:sage:seed10,d9f77bfd14ccaf157780858e35ecfee96af1e2fbf60f3559ad888d14c0ace2e9,RB15_IMPORT_ERRORS_EMPTY_AND_MEMBER_REFERENCED,$HISTORICAL_GNN_FRAUD_REPO/results/runs_rb15_graphsafe_tta/import_manifest.json,RB09V3_ARTIFACT_FAMILY_180_AND_RB15_CONSUMED_MEMBER,"{""command"":""/kaggle/working/gnn-fraud/scripts/run_multi_dataset_protocol_benchmark.py --datasets elliptic --models mlp,gcn,graphsage --protocols strict_inductive,inductive_isolated,transductive --gnn-only --skip-missing-datasets --hidden-channels 256 --num-layers 3 --early-stopping-metric val_f1 --scaler-mode train_only --output-dir results/runs/multi_dataset_protocol --seeds 2,4,6,8,10 --device cuda --execute --prediction-dir results/runs/predictions --export-predictions"",""early_stopping_metric"":""val_f1"",""early_stopping_split"":""validation"",""graph_mode"":""full_graph"",""scaler_mode"":""train_only"",""split_name"":""t1-30_val31-34_test35-49""}",f7fbc1e77ed0dcd4154d2610f8c0961452849ec443f532b56bd565762f186e87,CANONICAL_RESULT_COMMAND_AND_FIELDS,$HISTORICAL_GNN_FRAUD_REPO/results/runs_rb09v3/runs.csv,UNRESOLVED_LEGACY_CODE,tree-6fa0cc19d70e7c207c9af5b868d89b1b98ed0ed7,$HISTORICAL_GNN_FRAUD_REPO/results/runs_rb09v3/runs.csv,,,UNRESOLVED,true,"{""device"":""cuda"",""hardware"":""unresolved_from_per_run_record"",""measurement_scope"":""per_run_result_record"",""peak_memory"":null,""runtime_seconds"":64.46}",d59b031a52eec333e00fa6811b41ecafb75611036e54498597fd142f0b18d9a6,
