run_id,dataset,contract,held_out_composition,expert_set,baseline,seed,budget,resource_mask,routing_mode,objective_ablation,encoder_ablation,diagnostic_ablation,synthetic_mechanism,graph_ood_adapter,expected_device,expected_runtime,expected_memory,expected_output,dependency,priority,claim_supported
run-5e245c7504beb03f653b0ddb,elliptic,scenario-0234a7202fed52f7dba3db45,strict_inductive,feature_mlp;gcn;graphsage,coregraph,1,declared_by_scenario,all_experts_available,hierarchical,none,none,none,NOT_APPLICABLE,NOT_APPLICABLE,CPU_SAVED_OUTPUT_PILOT,UNKNOWN_UNTIL_PILOT,BLOCKED_RESOURCE_UNMEASURED,run_manifest+predictions+resource_record+validation,CANONICAL_SAVED_OUTPUTS,PILOT_MUST_RUN,L4-H1;L4-H2;L4-H3;L4-H4;L4-H6
run-a1e6cb02a2faeb598258b1a7,elliptic,scenario-0234a7202fed52f7dba3db45,strict_inductive,feature_mlp;gcn;graphsage,uniform_average,1,declared_by_scenario,all_experts_available,fixed,none,none,none,NOT_APPLICABLE,NOT_APPLICABLE,CPU_SAVED_OUTPUT_PILOT,UNKNOWN_UNTIL_PILOT,BLOCKED_RESOURCE_UNMEASURED,run_manifest+predictions+resource_record+validation,CANONICAL_SAVED_OUTPUTS,PILOT_MUST_RUN,L4-H1
run-2e7464b98240f024fff3b7d5,elliptic,scenario-0234a7202fed52f7dba3db45,strict_inductive,feature_mlp;gcn;graphsage,best_fixed_expert,1,declared_by_scenario,all_experts_available,fixed,none,none,none,NOT_APPLICABLE,NOT_APPLICABLE,CPU_SAVED_OUTPUT_PILOT,UNKNOWN_UNTIL_PILOT,BLOCKED_RESOURCE_UNMEASURED,run_manifest+predictions+resource_record+validation,CANONICAL_SAVED_OUTPUTS,PILOT_MUST_RUN,L4-H1
run-c3412d4948609573de40b1a6,elliptic,scenario-0234a7202fed52f7dba3db45,strict_inductive,feature_mlp;gcn;graphsage,source_logistic_gate,1,declared_by_scenario,all_experts_available,instance,none,none,none,NOT_APPLICABLE,NOT_APPLICABLE,CPU_SAVED_OUTPUT_PILOT,UNKNOWN_UNTIL_PILOT,BLOCKED_RESOURCE_UNMEASURED,run_manifest+predictions+resource_record+validation,CANONICAL_SAVED_OUTPUTS,PILOT_MUST_RUN,L4-H2
run-0a5d61958b8c6b221d0d967d,elliptic,scenario-0234a7202fed52f7dba3db45,strict_inductive,feature_mlp;gcn;graphsage,source_mlp_gate,1,declared_by_scenario,all_experts_available,instance,none,none,none,NOT_APPLICABLE,NOT_APPLICABLE,CPU_SAVED_OUTPUT_PILOT,UNKNOWN_UNTIL_PILOT,BLOCKED_RESOURCE_UNMEASURED,run_manifest+predictions+resource_record+validation,CANONICAL_SAVED_OUTPUTS,FULL_MUST_RUN,L4-H2
run-cb35f73873a561657ec46675,elliptic,scenario-0234a7202fed52f7dba3db45,strict_inductive,feature_mlp;gcn;graphsage,contract_router,1,declared_by_scenario,all_experts_available,contract,none,none,none,NOT_APPLICABLE,NOT_APPLICABLE,CPU_SAVED_OUTPUT_PILOT,UNKNOWN_UNTIL_PILOT,BLOCKED_RESOURCE_UNMEASURED,run_manifest+predictions+resource_record+validation,CANONICAL_SAVED_OUTPUTS,FULL_MUST_RUN,L4-H3
run-9bdcd010e1664d64b3d859f7,elliptic,scenario-0234a7202fed52f7dba3db45,strict_inductive,feature_mlp;gcn;graphsage,instance_router,1,declared_by_scenario,all_experts_available,instance,none,none,none,NOT_APPLICABLE,NOT_APPLICABLE,CPU_SAVED_OUTPUT_PILOT,UNKNOWN_UNTIL_PILOT,BLOCKED_RESOURCE_UNMEASURED,run_manifest+predictions+resource_record+validation,CANONICAL_SAVED_OUTPUTS,FULL_MUST_RUN,L4-H3
run-c85550c82f1af57ba949f4c6,elliptic,scenario-0234a7202fed52f7dba3db45,strict_inductive,feature_mlp;gcn;graphsage,resource_aware_heuristic,1,declared_by_scenario,all_experts_available,contract,none,none,none,NOT_APPLICABLE,NOT_APPLICABLE,CPU_SAVED_OUTPUT_PILOT,UNKNOWN_UNTIL_PILOT,BLOCKED_RESOURCE_UNMEASURED,run_manifest+predictions+resource_record+validation,CANONICAL_SAVED_OUTPUTS,STRONG_RECOMMENDED,L4-H5
run-88a245ee5f5bd9d77df2b3bd,elliptic,scenario-0234a7202fed52f7dba3db45,strict_inductive,feature_mlp;gcn;graphsage,cheapest_feasible_expert,1,declared_by_scenario,all_experts_available,fixed,none,none,none,NOT_APPLICABLE,NOT_APPLICABLE,CPU_SAVED_OUTPUT_PILOT,UNKNOWN_UNTIL_PILOT,BLOCKED_RESOURCE_UNMEASURED,run_manifest+predictions+resource_record+validation,CANONICAL_SAVED_OUTPUTS,DIAGNOSTIC,L4-H5
run-9c031ab555fa82c10539e879,elliptic,scenario-cc539dcaf41c71bdfc9dc73b,strict_inductive,feature_mlp;gcn;graphsage,coregraph,2,declared_by_scenario,all_experts_available,hierarchical,none,none,none,NOT_APPLICABLE,NOT_APPLICABLE,CPU_SAVED_OUTPUT_PILOT,UNKNOWN_UNTIL_PILOT,BLOCKED_RESOURCE_UNMEASURED,run_manifest+predictions+resource_record+validation,CANONICAL_SAVED_OUTPUTS,PILOT_MUST_RUN,L4-H1;L4-H2;L4-H3;L4-H4;L4-H6
run-d52b57c3a1bb015bcc159555,elliptic,scenario-cc539dcaf41c71bdfc9dc73b,strict_inductive,feature_mlp;gcn;graphsage,uniform_average,2,declared_by_scenario,all_experts_available,fixed,none,none,none,NOT_APPLICABLE,NOT_APPLICABLE,CPU_SAVED_OUTPUT_PILOT,UNKNOWN_UNTIL_PILOT,BLOCKED_RESOURCE_UNMEASURED,run_manifest+predictions+resource_record+validation,CANONICAL_SAVED_OUTPUTS,PILOT_MUST_RUN,L4-H1
run-ebf16c8fef9b1ec84a6d27c3,elliptic,scenario-cc539dcaf41c71bdfc9dc73b,strict_inductive,feature_mlp;gcn;graphsage,best_fixed_expert,2,declared_by_scenario,all_experts_available,fixed,none,none,none,NOT_APPLICABLE,NOT_APPLICABLE,CPU_SAVED_OUTPUT_PILOT,UNKNOWN_UNTIL_PILOT,BLOCKED_RESOURCE_UNMEASURED,run_manifest+predictions+resource_record+validation,CANONICAL_SAVED_OUTPUTS,PILOT_MUST_RUN,L4-H1
run-31a1035fccf406fa5da6d9f4,elliptic,scenario-cc539dcaf41c71bdfc9dc73b,strict_inductive,feature_mlp;gcn;graphsage,source_logistic_gate,2,declared_by_scenario,all_experts_available,instance,none,none,none,NOT_APPLICABLE,NOT_APPLICABLE,CPU_SAVED_OUTPUT_PILOT,UNKNOWN_UNTIL_PILOT,BLOCKED_RESOURCE_UNMEASURED,run_manifest+predictions+resource_record+validation,CANONICAL_SAVED_OUTPUTS,PILOT_MUST_RUN,L4-H2
run-c52ab2d6526f8008c5ca809f,elliptic,scenario-cc539dcaf41c71bdfc9dc73b,strict_inductive,feature_mlp;gcn;graphsage,source_mlp_gate,2,declared_by_scenario,all_experts_available,instance,none,none,none,NOT_APPLICABLE,NOT_APPLICABLE,CPU_SAVED_OUTPUT_PILOT,UNKNOWN_UNTIL_PILOT,BLOCKED_RESOURCE_UNMEASURED,run_manifest+predictions+resource_record+validation,CANONICAL_SAVED_OUTPUTS,FULL_MUST_RUN,L4-H2
run-118e5c15f7e1fde842d43672,elliptic,scenario-cc539dcaf41c71bdfc9dc73b,strict_inductive,feature_mlp;gcn;graphsage,contract_router,2,declared_by_scenario,all_experts_available,contract,none,none,none,NOT_APPLICABLE,NOT_APPLICABLE,CPU_SAVED_OUTPUT_PILOT,UNKNOWN_UNTIL_PILOT,BLOCKED_RESOURCE_UNMEASURED,run_manifest+predictions+resource_record+validation,CANONICAL_SAVED_OUTPUTS,FULL_MUST_RUN,L4-H3
run-4430907639e4ca8de41e7980,elliptic,scenario-cc539dcaf41c71bdfc9dc73b,strict_inductive,feature_mlp;gcn;graphsage,instance_router,2,declared_by_scenario,all_experts_available,instance,none,none,none,NOT_APPLICABLE,NOT_APPLICABLE,CPU_SAVED_OUTPUT_PILOT,UNKNOWN_UNTIL_PILOT,BLOCKED_RESOURCE_UNMEASURED,run_manifest+predictions+resource_record+validation,CANONICAL_SAVED_OUTPUTS,FULL_MUST_RUN,L4-H3
run-ae3797265b88e0095b576b6f,elliptic,scenario-cc539dcaf41c71bdfc9dc73b,strict_inductive,feature_mlp;gcn;graphsage,resource_aware_heuristic,2,declared_by_scenario,all_experts_available,contract,none,none,none,NOT_APPLICABLE,NOT_APPLICABLE,CPU_SAVED_OUTPUT_PILOT,UNKNOWN_UNTIL_PILOT,BLOCKED_RESOURCE_UNMEASURED,run_manifest+predictions+resource_record+validation,CANONICAL_SAVED_OUTPUTS,STRONG_RECOMMENDED,L4-H5
run-71ea518eecfb116d743347fd,elliptic,scenario-cc539dcaf41c71bdfc9dc73b,strict_inductive,feature_mlp;gcn;graphsage,cheapest_feasible_expert,2,declared_by_scenario,all_experts_available,fixed,none,none,none,NOT_APPLICABLE,NOT_APPLICABLE,CPU_SAVED_OUTPUT_PILOT,UNKNOWN_UNTIL_PILOT,BLOCKED_RESOURCE_UNMEASURED,run_manifest+predictions+resource_record+validation,CANONICAL_SAVED_OUTPUTS,DIAGNOSTIC,L4-H5
run-9a2ef1c98348f67cc202e164,elliptic,scenario-350758023f31831bb84d7d1e,strict_inductive,feature_mlp;gcn;graphsage,coregraph,3,declared_by_scenario,all_experts_available,hierarchical,none,none,none,NOT_APPLICABLE,NOT_APPLICABLE,CPU_SAVED_OUTPUT_PILOT,UNKNOWN_UNTIL_PILOT,BLOCKED_RESOURCE_UNMEASURED,run_manifest+predictions+resource_record+validation,CANONICAL_SAVED_OUTPUTS,PILOT_MUST_RUN,L4-H1;L4-H2;L4-H3;L4-H4;L4-H6
run-af8132b51f2f1ddf69028c55,elliptic,scenario-350758023f31831bb84d7d1e,strict_inductive,feature_mlp;gcn;graphsage,uniform_average,3,declared_by_scenario,all_experts_available,fixed,none,none,none,NOT_APPLICABLE,NOT_APPLICABLE,CPU_SAVED_OUTPUT_PILOT,UNKNOWN_UNTIL_PILOT,BLOCKED_RESOURCE_UNMEASURED,run_manifest+predictions+resource_record+validation,CANONICAL_SAVED_OUTPUTS,PILOT_MUST_RUN,L4-H1
run-a63af0bd0a5f6e1817d9a150,elliptic,scenario-350758023f31831bb84d7d1e,strict_inductive,feature_mlp;gcn;graphsage,best_fixed_expert,3,declared_by_scenario,all_experts_available,fixed,none,none,none,NOT_APPLICABLE,NOT_APPLICABLE,CPU_SAVED_OUTPUT_PILOT,UNKNOWN_UNTIL_PILOT,BLOCKED_RESOURCE_UNMEASURED,run_manifest+predictions+resource_record+validation,CANONICAL_SAVED_OUTPUTS,PILOT_MUST_RUN,L4-H1
run-05febe4c18cf3732a9ef6771,elliptic,scenario-350758023f31831bb84d7d1e,strict_inductive,feature_mlp;gcn;graphsage,source_logistic_gate,3,declared_by_scenario,all_experts_available,instance,none,none,none,NOT_APPLICABLE,NOT_APPLICABLE,CPU_SAVED_OUTPUT_PILOT,UNKNOWN_UNTIL_PILOT,BLOCKED_RESOURCE_UNMEASURED,run_manifest+predictions+resource_record+validation,CANONICAL_SAVED_OUTPUTS,PILOT_MUST_RUN,L4-H2
run-2bcd644b561ce9e1e73d1eed,elliptic,scenario-350758023f31831bb84d7d1e,strict_inductive,feature_mlp;gcn;graphsage,source_mlp_gate,3,declared_by_scenario,all_experts_available,instance,none,none,none,NOT_APPLICABLE,NOT_APPLICABLE,CPU_SAVED_OUTPUT_PILOT,UNKNOWN_UNTIL_PILOT,BLOCKED_RESOURCE_UNMEASURED,run_manifest+predictions+resource_record+validation,CANONICAL_SAVED_OUTPUTS,FULL_MUST_RUN,L4-H2
run-0449687c8527f51b23b6edd6,elliptic,scenario-350758023f31831bb84d7d1e,strict_inductive,feature_mlp;gcn;graphsage,contract_router,3,declared_by_scenario,all_experts_available,contract,none,none,none,NOT_APPLICABLE,NOT_APPLICABLE,CPU_SAVED_OUTPUT_PILOT,UNKNOWN_UNTIL_PILOT,BLOCKED_RESOURCE_UNMEASURED,run_manifest+predictions+resource_record+validation,CANONICAL_SAVED_OUTPUTS,FULL_MUST_RUN,L4-H3
run-4b2ccc7de1db34d425e51d75,elliptic,scenario-350758023f31831bb84d7d1e,strict_inductive,feature_mlp;gcn;graphsage,instance_router,3,declared_by_scenario,all_experts_available,instance,none,none,none,NOT_APPLICABLE,NOT_APPLICABLE,CPU_SAVED_OUTPUT_PILOT,UNKNOWN_UNTIL_PILOT,BLOCKED_RESOURCE_UNMEASURED,run_manifest+predictions+resource_record+validation,CANONICAL_SAVED_OUTPUTS,FULL_MUST_RUN,L4-H3
run-f5a8ffe0dad6198202d82030,elliptic,scenario-350758023f31831bb84d7d1e,strict_inductive,feature_mlp;gcn;graphsage,resource_aware_heuristic,3,declared_by_scenario,all_experts_available,contract,none,none,none,NOT_APPLICABLE,NOT_APPLICABLE,CPU_SAVED_OUTPUT_PILOT,UNKNOWN_UNTIL_PILOT,BLOCKED_RESOURCE_UNMEASURED,run_manifest+predictions+resource_record+validation,CANONICAL_SAVED_OUTPUTS,STRONG_RECOMMENDED,L4-H5
run-dccb652bf84e3ab93ef76d2d,elliptic,scenario-350758023f31831bb84d7d1e,strict_inductive,feature_mlp;gcn;graphsage,cheapest_feasible_expert,3,declared_by_scenario,all_experts_available,fixed,none,none,none,NOT_APPLICABLE,NOT_APPLICABLE,CPU_SAVED_OUTPUT_PILOT,UNKNOWN_UNTIL_PILOT,BLOCKED_RESOURCE_UNMEASURED,run_manifest+predictions+resource_record+validation,CANONICAL_SAVED_OUTPUTS,DIAGNOSTIC,L4-H5
run-52623e0a0a566274fec41cb6,elliptic,scenario-c949682b1a540d55687d540f,strict_inductive,feature_mlp;gcn;graphsage,coregraph,4,declared_by_scenario,all_experts_available,hierarchical,none,none,none,NOT_APPLICABLE,NOT_APPLICABLE,CPU_SAVED_OUTPUT_PILOT,UNKNOWN_UNTIL_PILOT,BLOCKED_RESOURCE_UNMEASURED,run_manifest+predictions+resource_record+validation,CANONICAL_SAVED_OUTPUTS,PILOT_MUST_RUN,L4-H1;L4-H2;L4-H3;L4-H4;L4-H6
run-d1e76180c2d14079b5f50732,elliptic,scenario-c949682b1a540d55687d540f,strict_inductive,feature_mlp;gcn;graphsage,uniform_average,4,declared_by_scenario,all_experts_available,fixed,none,none,none,NOT_APPLICABLE,NOT_APPLICABLE,CPU_SAVED_OUTPUT_PILOT,UNKNOWN_UNTIL_PILOT,BLOCKED_RESOURCE_UNMEASURED,run_manifest+predictions+resource_record+validation,CANONICAL_SAVED_OUTPUTS,PILOT_MUST_RUN,L4-H1
run-352fa5c9bf39898d3e435d3b,elliptic,scenario-c949682b1a540d55687d540f,strict_inductive,feature_mlp;gcn;graphsage,best_fixed_expert,4,declared_by_scenario,all_experts_available,fixed,none,none,none,NOT_APPLICABLE,NOT_APPLICABLE,CPU_SAVED_OUTPUT_PILOT,UNKNOWN_UNTIL_PILOT,BLOCKED_RESOURCE_UNMEASURED,run_manifest+predictions+resource_record+validation,CANONICAL_SAVED_OUTPUTS,PILOT_MUST_RUN,L4-H1
run-be889af7417b5478b681654b,elliptic,scenario-c949682b1a540d55687d540f,strict_inductive,feature_mlp;gcn;graphsage,source_logistic_gate,4,declared_by_scenario,all_experts_available,instance,none,none,none,NOT_APPLICABLE,NOT_APPLICABLE,CPU_SAVED_OUTPUT_PILOT,UNKNOWN_UNTIL_PILOT,BLOCKED_RESOURCE_UNMEASURED,run_manifest+predictions+resource_record+validation,CANONICAL_SAVED_OUTPUTS,PILOT_MUST_RUN,L4-H2
run-f82130c4d00146a70201ec29,elliptic,scenario-c949682b1a540d55687d540f,strict_inductive,feature_mlp;gcn;graphsage,source_mlp_gate,4,declared_by_scenario,all_experts_available,instance,none,none,none,NOT_APPLICABLE,NOT_APPLICABLE,CPU_SAVED_OUTPUT_PILOT,UNKNOWN_UNTIL_PILOT,BLOCKED_RESOURCE_UNMEASURED,run_manifest+predictions+resource_record+validation,CANONICAL_SAVED_OUTPUTS,FULL_MUST_RUN,L4-H2
run-02b484324f6246d55437f900,elliptic,scenario-c949682b1a540d55687d540f,strict_inductive,feature_mlp;gcn;graphsage,contract_router,4,declared_by_scenario,all_experts_available,contract,none,none,none,NOT_APPLICABLE,NOT_APPLICABLE,CPU_SAVED_OUTPUT_PILOT,UNKNOWN_UNTIL_PILOT,BLOCKED_RESOURCE_UNMEASURED,run_manifest+predictions+resource_record+validation,CANONICAL_SAVED_OUTPUTS,FULL_MUST_RUN,L4-H3
run-208bcf9c7d5baec87e9aca97,elliptic,scenario-c949682b1a540d55687d540f,strict_inductive,feature_mlp;gcn;graphsage,instance_router,4,declared_by_scenario,all_experts_available,instance,none,none,none,NOT_APPLICABLE,NOT_APPLICABLE,CPU_SAVED_OUTPUT_PILOT,UNKNOWN_UNTIL_PILOT,BLOCKED_RESOURCE_UNMEASURED,run_manifest+predictions+resource_record+validation,CANONICAL_SAVED_OUTPUTS,FULL_MUST_RUN,L4-H3
run-837b0f19d0604efbc6796cef,elliptic,scenario-c949682b1a540d55687d540f,strict_inductive,feature_mlp;gcn;graphsage,resource_aware_heuristic,4,declared_by_scenario,all_experts_available,contract,none,none,none,NOT_APPLICABLE,NOT_APPLICABLE,CPU_SAVED_OUTPUT_PILOT,UNKNOWN_UNTIL_PILOT,BLOCKED_RESOURCE_UNMEASURED,run_manifest+predictions+resource_record+validation,CANONICAL_SAVED_OUTPUTS,STRONG_RECOMMENDED,L4-H5
run-4cb39c27028b9ddabbf61297,elliptic,scenario-c949682b1a540d55687d540f,strict_inductive,feature_mlp;gcn;graphsage,cheapest_feasible_expert,4,declared_by_scenario,all_experts_available,fixed,none,none,none,NOT_APPLICABLE,NOT_APPLICABLE,CPU_SAVED_OUTPUT_PILOT,UNKNOWN_UNTIL_PILOT,BLOCKED_RESOURCE_UNMEASURED,run_manifest+predictions+resource_record+validation,CANONICAL_SAVED_OUTPUTS,DIAGNOSTIC,L4-H5
run-5c4eb2d59e203505fcbc672f,elliptic,scenario-9d6ecf1320d8b0797fa63772,strict_inductive,feature_mlp;gcn;graphsage,coregraph,5,declared_by_scenario,all_experts_available,hierarchical,none,none,none,NOT_APPLICABLE,NOT_APPLICABLE,CPU_SAVED_OUTPUT_PILOT,UNKNOWN_UNTIL_PILOT,BLOCKED_RESOURCE_UNMEASURED,run_manifest+predictions+resource_record+validation,CANONICAL_SAVED_OUTPUTS,PILOT_MUST_RUN,L4-H1;L4-H2;L4-H3;L4-H4;L4-H6
run-3fa459e37f4231dc664083fa,elliptic,scenario-9d6ecf1320d8b0797fa63772,strict_inductive,feature_mlp;gcn;graphsage,uniform_average,5,declared_by_scenario,all_experts_available,fixed,none,none,none,NOT_APPLICABLE,NOT_APPLICABLE,CPU_SAVED_OUTPUT_PILOT,UNKNOWN_UNTIL_PILOT,BLOCKED_RESOURCE_UNMEASURED,run_manifest+predictions+resource_record+validation,CANONICAL_SAVED_OUTPUTS,PILOT_MUST_RUN,L4-H1
run-eb9b0af931bf3a9577945a8d,elliptic,scenario-9d6ecf1320d8b0797fa63772,strict_inductive,feature_mlp;gcn;graphsage,best_fixed_expert,5,declared_by_scenario,all_experts_available,fixed,none,none,none,NOT_APPLICABLE,NOT_APPLICABLE,CPU_SAVED_OUTPUT_PILOT,UNKNOWN_UNTIL_PILOT,BLOCKED_RESOURCE_UNMEASURED,run_manifest+predictions+resource_record+validation,CANONICAL_SAVED_OUTPUTS,PILOT_MUST_RUN,L4-H1
run-b02523e1f22c50c5086ab5ac,elliptic,scenario-9d6ecf1320d8b0797fa63772,strict_inductive,feature_mlp;gcn;graphsage,source_logistic_gate,5,declared_by_scenario,all_experts_available,instance,none,none,none,NOT_APPLICABLE,NOT_APPLICABLE,CPU_SAVED_OUTPUT_PILOT,UNKNOWN_UNTIL_PILOT,BLOCKED_RESOURCE_UNMEASURED,run_manifest+predictions+resource_record+validation,CANONICAL_SAVED_OUTPUTS,PILOT_MUST_RUN,L4-H2
run-57d5e7079e2f2b84ae7e104d,elliptic,scenario-9d6ecf1320d8b0797fa63772,strict_inductive,feature_mlp;gcn;graphsage,source_mlp_gate,5,declared_by_scenario,all_experts_available,instance,none,none,none,NOT_APPLICABLE,NOT_APPLICABLE,CPU_SAVED_OUTPUT_PILOT,UNKNOWN_UNTIL_PILOT,BLOCKED_RESOURCE_UNMEASURED,run_manifest+predictions+resource_record+validation,CANONICAL_SAVED_OUTPUTS,FULL_MUST_RUN,L4-H2
run-7482c7a33773c82057eef5ec,elliptic,scenario-9d6ecf1320d8b0797fa63772,strict_inductive,feature_mlp;gcn;graphsage,contract_router,5,declared_by_scenario,all_experts_available,contract,none,none,none,NOT_APPLICABLE,NOT_APPLICABLE,CPU_SAVED_OUTPUT_PILOT,UNKNOWN_UNTIL_PILOT,BLOCKED_RESOURCE_UNMEASURED,run_manifest+predictions+resource_record+validation,CANONICAL_SAVED_OUTPUTS,FULL_MUST_RUN,L4-H3
run-47b7e2d53bbb42fc4c7a4b87,elliptic,scenario-9d6ecf1320d8b0797fa63772,strict_inductive,feature_mlp;gcn;graphsage,instance_router,5,declared_by_scenario,all_experts_available,instance,none,none,none,NOT_APPLICABLE,NOT_APPLICABLE,CPU_SAVED_OUTPUT_PILOT,UNKNOWN_UNTIL_PILOT,BLOCKED_RESOURCE_UNMEASURED,run_manifest+predictions+resource_record+validation,CANONICAL_SAVED_OUTPUTS,FULL_MUST_RUN,L4-H3
run-2634e0eeb85e3b0b6e97c33f,elliptic,scenario-9d6ecf1320d8b0797fa63772,strict_inductive,feature_mlp;gcn;graphsage,resource_aware_heuristic,5,declared_by_scenario,all_experts_available,contract,none,none,none,NOT_APPLICABLE,NOT_APPLICABLE,CPU_SAVED_OUTPUT_PILOT,UNKNOWN_UNTIL_PILOT,BLOCKED_RESOURCE_UNMEASURED,run_manifest+predictions+resource_record+validation,CANONICAL_SAVED_OUTPUTS,STRONG_RECOMMENDED,L4-H5
run-ecfcfb40b503bc0da4a9ec00,elliptic,scenario-9d6ecf1320d8b0797fa63772,strict_inductive,feature_mlp;gcn;graphsage,cheapest_feasible_expert,5,declared_by_scenario,all_experts_available,fixed,none,none,none,NOT_APPLICABLE,NOT_APPLICABLE,CPU_SAVED_OUTPUT_PILOT,UNKNOWN_UNTIL_PILOT,BLOCKED_RESOURCE_UNMEASURED,run_manifest+predictions+resource_record+validation,CANONICAL_SAVED_OUTPUTS,DIAGNOSTIC,L4-H5
run-d2fe87bb55aa5d075358759a,elliptic,scenario-c51365541cd41cf288508464,strict_inductive,feature_mlp;gcn;graphsage,coregraph,6,declared_by_scenario,all_experts_available,hierarchical,none,none,none,NOT_APPLICABLE,NOT_APPLICABLE,CPU_SAVED_OUTPUT_PILOT,UNKNOWN_UNTIL_PILOT,BLOCKED_RESOURCE_UNMEASURED,run_manifest+predictions+resource_record+validation,CANONICAL_SAVED_OUTPUTS,PILOT_MUST_RUN,L4-H1;L4-H2;L4-H3;L4-H4;L4-H6
run-f7261d3dcc3e299c107fea56,elliptic,scenario-c51365541cd41cf288508464,strict_inductive,feature_mlp;gcn;graphsage,uniform_average,6,declared_by_scenario,all_experts_available,fixed,none,none,none,NOT_APPLICABLE,NOT_APPLICABLE,CPU_SAVED_OUTPUT_PILOT,UNKNOWN_UNTIL_PILOT,BLOCKED_RESOURCE_UNMEASURED,run_manifest+predictions+resource_record+validation,CANONICAL_SAVED_OUTPUTS,PILOT_MUST_RUN,L4-H1
run-458675c366a31a0278d4552b,elliptic,scenario-c51365541cd41cf288508464,strict_inductive,feature_mlp;gcn;graphsage,best_fixed_expert,6,declared_by_scenario,all_experts_available,fixed,none,none,none,NOT_APPLICABLE,NOT_APPLICABLE,CPU_SAVED_OUTPUT_PILOT,UNKNOWN_UNTIL_PILOT,BLOCKED_RESOURCE_UNMEASURED,run_manifest+predictions+resource_record+validation,CANONICAL_SAVED_OUTPUTS,PILOT_MUST_RUN,L4-H1
run-fe9a1b214e37903c6c6b89e7,elliptic,scenario-c51365541cd41cf288508464,strict_inductive,feature_mlp;gcn;graphsage,source_logistic_gate,6,declared_by_scenario,all_experts_available,instance,none,none,none,NOT_APPLICABLE,NOT_APPLICABLE,CPU_SAVED_OUTPUT_PILOT,UNKNOWN_UNTIL_PILOT,BLOCKED_RESOURCE_UNMEASURED,run_manifest+predictions+resource_record+validation,CANONICAL_SAVED_OUTPUTS,PILOT_MUST_RUN,L4-H2
run-8823eadc300f2c6782f3ff6c,elliptic,scenario-c51365541cd41cf288508464,strict_inductive,feature_mlp;gcn;graphsage,source_mlp_gate,6,declared_by_scenario,all_experts_available,instance,none,none,none,NOT_APPLICABLE,NOT_APPLICABLE,CPU_SAVED_OUTPUT_PILOT,UNKNOWN_UNTIL_PILOT,BLOCKED_RESOURCE_UNMEASURED,run_manifest+predictions+resource_record+validation,CANONICAL_SAVED_OUTPUTS,FULL_MUST_RUN,L4-H2
run-6e26505df28d8f61766434aa,elliptic,scenario-c51365541cd41cf288508464,strict_inductive,feature_mlp;gcn;graphsage,contract_router,6,declared_by_scenario,all_experts_available,contract,none,none,none,NOT_APPLICABLE,NOT_APPLICABLE,CPU_SAVED_OUTPUT_PILOT,UNKNOWN_UNTIL_PILOT,BLOCKED_RESOURCE_UNMEASURED,run_manifest+predictions+resource_record+validation,CANONICAL_SAVED_OUTPUTS,FULL_MUST_RUN,L4-H3
run-06a368653694842497d4c188,elliptic,scenario-c51365541cd41cf288508464,strict_inductive,feature_mlp;gcn;graphsage,instance_router,6,declared_by_scenario,all_experts_available,instance,none,none,none,NOT_APPLICABLE,NOT_APPLICABLE,CPU_SAVED_OUTPUT_PILOT,UNKNOWN_UNTIL_PILOT,BLOCKED_RESOURCE_UNMEASURED,run_manifest+predictions+resource_record+validation,CANONICAL_SAVED_OUTPUTS,FULL_MUST_RUN,L4-H3
run-b59d8be38b867a244a1b954e,elliptic,scenario-c51365541cd41cf288508464,strict_inductive,feature_mlp;gcn;graphsage,resource_aware_heuristic,6,declared_by_scenario,all_experts_available,contract,none,none,none,NOT_APPLICABLE,NOT_APPLICABLE,CPU_SAVED_OUTPUT_PILOT,UNKNOWN_UNTIL_PILOT,BLOCKED_RESOURCE_UNMEASURED,run_manifest+predictions+resource_record+validation,CANONICAL_SAVED_OUTPUTS,STRONG_RECOMMENDED,L4-H5
run-31e85dd87f348c0a5ac031ee,elliptic,scenario-c51365541cd41cf288508464,strict_inductive,feature_mlp;gcn;graphsage,cheapest_feasible_expert,6,declared_by_scenario,all_experts_available,fixed,none,none,none,NOT_APPLICABLE,NOT_APPLICABLE,CPU_SAVED_OUTPUT_PILOT,UNKNOWN_UNTIL_PILOT,BLOCKED_RESOURCE_UNMEASURED,run_manifest+predictions+resource_record+validation,CANONICAL_SAVED_OUTPUTS,DIAGNOSTIC,L4-H5
run-f9db0cead7adb951ae0f71b9,elliptic,scenario-b3d034413de438245eea70c5,strict_inductive,feature_mlp;gcn;graphsage,coregraph,7,declared_by_scenario,all_experts_available,hierarchical,none,none,none,NOT_APPLICABLE,NOT_APPLICABLE,CPU_SAVED_OUTPUT_PILOT,UNKNOWN_UNTIL_PILOT,BLOCKED_RESOURCE_UNMEASURED,run_manifest+predictions+resource_record+validation,CANONICAL_SAVED_OUTPUTS,PILOT_MUST_RUN,L4-H1;L4-H2;L4-H3;L4-H4;L4-H6
run-4fb63e698ac9266a207ec1e0,elliptic,scenario-b3d034413de438245eea70c5,strict_inductive,feature_mlp;gcn;graphsage,uniform_average,7,declared_by_scenario,all_experts_available,fixed,none,none,none,NOT_APPLICABLE,NOT_APPLICABLE,CPU_SAVED_OUTPUT_PILOT,UNKNOWN_UNTIL_PILOT,BLOCKED_RESOURCE_UNMEASURED,run_manifest+predictions+resource_record+validation,CANONICAL_SAVED_OUTPUTS,PILOT_MUST_RUN,L4-H1
run-104cd177e538d4116b4d4030,elliptic,scenario-b3d034413de438245eea70c5,strict_inductive,feature_mlp;gcn;graphsage,best_fixed_expert,7,declared_by_scenario,all_experts_available,fixed,none,none,none,NOT_APPLICABLE,NOT_APPLICABLE,CPU_SAVED_OUTPUT_PILOT,UNKNOWN_UNTIL_PILOT,BLOCKED_RESOURCE_UNMEASURED,run_manifest+predictions+resource_record+validation,CANONICAL_SAVED_OUTPUTS,PILOT_MUST_RUN,L4-H1
run-c203445c3620efa85eaf0322,elliptic,scenario-b3d034413de438245eea70c5,strict_inductive,feature_mlp;gcn;graphsage,source_logistic_gate,7,declared_by_scenario,all_experts_available,instance,none,none,none,NOT_APPLICABLE,NOT_APPLICABLE,CPU_SAVED_OUTPUT_PILOT,UNKNOWN_UNTIL_PILOT,BLOCKED_RESOURCE_UNMEASURED,run_manifest+predictions+resource_record+validation,CANONICAL_SAVED_OUTPUTS,PILOT_MUST_RUN,L4-H2
run-52eed8051cc38db5de1f851d,elliptic,scenario-b3d034413de438245eea70c5,strict_inductive,feature_mlp;gcn;graphsage,source_mlp_gate,7,declared_by_scenario,all_experts_available,instance,none,none,none,NOT_APPLICABLE,NOT_APPLICABLE,CPU_SAVED_OUTPUT_PILOT,UNKNOWN_UNTIL_PILOT,BLOCKED_RESOURCE_UNMEASURED,run_manifest+predictions+resource_record+validation,CANONICAL_SAVED_OUTPUTS,FULL_MUST_RUN,L4-H2
run-e547abf5c53309c30187d09a,elliptic,scenario-b3d034413de438245eea70c5,strict_inductive,feature_mlp;gcn;graphsage,contract_router,7,declared_by_scenario,all_experts_available,contract,none,none,none,NOT_APPLICABLE,NOT_APPLICABLE,CPU_SAVED_OUTPUT_PILOT,UNKNOWN_UNTIL_PILOT,BLOCKED_RESOURCE_UNMEASURED,run_manifest+predictions+resource_record+validation,CANONICAL_SAVED_OUTPUTS,FULL_MUST_RUN,L4-H3
run-b596a4f7672bf7c9684a70a7,elliptic,scenario-b3d034413de438245eea70c5,strict_inductive,feature_mlp;gcn;graphsage,instance_router,7,declared_by_scenario,all_experts_available,instance,none,none,none,NOT_APPLICABLE,NOT_APPLICABLE,CPU_SAVED_OUTPUT_PILOT,UNKNOWN_UNTIL_PILOT,BLOCKED_RESOURCE_UNMEASURED,run_manifest+predictions+resource_record+validation,CANONICAL_SAVED_OUTPUTS,FULL_MUST_RUN,L4-H3
run-9b4918dd0d56f15ababa3c6e,elliptic,scenario-b3d034413de438245eea70c5,strict_inductive,feature_mlp;gcn;graphsage,resource_aware_heuristic,7,declared_by_scenario,all_experts_available,contract,none,none,none,NOT_APPLICABLE,NOT_APPLICABLE,CPU_SAVED_OUTPUT_PILOT,UNKNOWN_UNTIL_PILOT,BLOCKED_RESOURCE_UNMEASURED,run_manifest+predictions+resource_record+validation,CANONICAL_SAVED_OUTPUTS,STRONG_RECOMMENDED,L4-H5
run-b691ef8d46389145246e82c7,elliptic,scenario-b3d034413de438245eea70c5,strict_inductive,feature_mlp;gcn;graphsage,cheapest_feasible_expert,7,declared_by_scenario,all_experts_available,fixed,none,none,none,NOT_APPLICABLE,NOT_APPLICABLE,CPU_SAVED_OUTPUT_PILOT,UNKNOWN_UNTIL_PILOT,BLOCKED_RESOURCE_UNMEASURED,run_manifest+predictions+resource_record+validation,CANONICAL_SAVED_OUTPUTS,DIAGNOSTIC,L4-H5
run-20779b4c34a402f89ad22ea5,elliptic,scenario-ad31926c0a7dfcf08b4bbef8,strict_inductive,feature_mlp;gcn;graphsage,coregraph,8,declared_by_scenario,all_experts_available,hierarchical,none,none,none,NOT_APPLICABLE,NOT_APPLICABLE,CPU_SAVED_OUTPUT_PILOT,UNKNOWN_UNTIL_PILOT,BLOCKED_RESOURCE_UNMEASURED,run_manifest+predictions+resource_record+validation,CANONICAL_SAVED_OUTPUTS,PILOT_MUST_RUN,L4-H1;L4-H2;L4-H3;L4-H4;L4-H6
run-f9b375195d113117955b3683,elliptic,scenario-ad31926c0a7dfcf08b4bbef8,strict_inductive,feature_mlp;gcn;graphsage,uniform_average,8,declared_by_scenario,all_experts_available,fixed,none,none,none,NOT_APPLICABLE,NOT_APPLICABLE,CPU_SAVED_OUTPUT_PILOT,UNKNOWN_UNTIL_PILOT,BLOCKED_RESOURCE_UNMEASURED,run_manifest+predictions+resource_record+validation,CANONICAL_SAVED_OUTPUTS,PILOT_MUST_RUN,L4-H1
run-19516b31c709154dec369c09,elliptic,scenario-ad31926c0a7dfcf08b4bbef8,strict_inductive,feature_mlp;gcn;graphsage,best_fixed_expert,8,declared_by_scenario,all_experts_available,fixed,none,none,none,NOT_APPLICABLE,NOT_APPLICABLE,CPU_SAVED_OUTPUT_PILOT,UNKNOWN_UNTIL_PILOT,BLOCKED_RESOURCE_UNMEASURED,run_manifest+predictions+resource_record+validation,CANONICAL_SAVED_OUTPUTS,PILOT_MUST_RUN,L4-H1
run-1cf49cd18339fc891a61cfbf,elliptic,scenario-ad31926c0a7dfcf08b4bbef8,strict_inductive,feature_mlp;gcn;graphsage,source_logistic_gate,8,declared_by_scenario,all_experts_available,instance,none,none,none,NOT_APPLICABLE,NOT_APPLICABLE,CPU_SAVED_OUTPUT_PILOT,UNKNOWN_UNTIL_PILOT,BLOCKED_RESOURCE_UNMEASURED,run_manifest+predictions+resource_record+validation,CANONICAL_SAVED_OUTPUTS,PILOT_MUST_RUN,L4-H2
run-0244aeb46d0f30991631ca34,elliptic,scenario-ad31926c0a7dfcf08b4bbef8,strict_inductive,feature_mlp;gcn;graphsage,source_mlp_gate,8,declared_by_scenario,all_experts_available,instance,none,none,none,NOT_APPLICABLE,NOT_APPLICABLE,CPU_SAVED_OUTPUT_PILOT,UNKNOWN_UNTIL_PILOT,BLOCKED_RESOURCE_UNMEASURED,run_manifest+predictions+resource_record+validation,CANONICAL_SAVED_OUTPUTS,FULL_MUST_RUN,L4-H2
run-d04f18117ce6dffd3a24b07c,elliptic,scenario-ad31926c0a7dfcf08b4bbef8,strict_inductive,feature_mlp;gcn;graphsage,contract_router,8,declared_by_scenario,all_experts_available,contract,none,none,none,NOT_APPLICABLE,NOT_APPLICABLE,CPU_SAVED_OUTPUT_PILOT,UNKNOWN_UNTIL_PILOT,BLOCKED_RESOURCE_UNMEASURED,run_manifest+predictions+resource_record+validation,CANONICAL_SAVED_OUTPUTS,FULL_MUST_RUN,L4-H3
run-6e3b7168952833d150066393,elliptic,scenario-ad31926c0a7dfcf08b4bbef8,strict_inductive,feature_mlp;gcn;graphsage,instance_router,8,declared_by_scenario,all_experts_available,instance,none,none,none,NOT_APPLICABLE,NOT_APPLICABLE,CPU_SAVED_OUTPUT_PILOT,UNKNOWN_UNTIL_PILOT,BLOCKED_RESOURCE_UNMEASURED,run_manifest+predictions+resource_record+validation,CANONICAL_SAVED_OUTPUTS,FULL_MUST_RUN,L4-H3
run-cb855e77318ea6b78af84109,elliptic,scenario-ad31926c0a7dfcf08b4bbef8,strict_inductive,feature_mlp;gcn;graphsage,resource_aware_heuristic,8,declared_by_scenario,all_experts_available,contract,none,none,none,NOT_APPLICABLE,NOT_APPLICABLE,CPU_SAVED_OUTPUT_PILOT,UNKNOWN_UNTIL_PILOT,BLOCKED_RESOURCE_UNMEASURED,run_manifest+predictions+resource_record+validation,CANONICAL_SAVED_OUTPUTS,STRONG_RECOMMENDED,L4-H5
run-b03291ad4a535e7e5e56f1bd,elliptic,scenario-ad31926c0a7dfcf08b4bbef8,strict_inductive,feature_mlp;gcn;graphsage,cheapest_feasible_expert,8,declared_by_scenario,all_experts_available,fixed,none,none,none,NOT_APPLICABLE,NOT_APPLICABLE,CPU_SAVED_OUTPUT_PILOT,UNKNOWN_UNTIL_PILOT,BLOCKED_RESOURCE_UNMEASURED,run_manifest+predictions+resource_record+validation,CANONICAL_SAVED_OUTPUTS,DIAGNOSTIC,L4-H5
run-04ae2e62fc8b7ad85bd7d470,elliptic,scenario-947e815f03f380574a0890d7,strict_inductive,feature_mlp;gcn;graphsage,coregraph,9,declared_by_scenario,all_experts_available,hierarchical,none,none,none,NOT_APPLICABLE,NOT_APPLICABLE,CPU_SAVED_OUTPUT_PILOT,UNKNOWN_UNTIL_PILOT,BLOCKED_RESOURCE_UNMEASURED,run_manifest+predictions+resource_record+validation,CANONICAL_SAVED_OUTPUTS,PILOT_MUST_RUN,L4-H1;L4-H2;L4-H3;L4-H4;L4-H6
run-eb586ce01e0631deb4ad78df,elliptic,scenario-947e815f03f380574a0890d7,strict_inductive,feature_mlp;gcn;graphsage,uniform_average,9,declared_by_scenario,all_experts_available,fixed,none,none,none,NOT_APPLICABLE,NOT_APPLICABLE,CPU_SAVED_OUTPUT_PILOT,UNKNOWN_UNTIL_PILOT,BLOCKED_RESOURCE_UNMEASURED,run_manifest+predictions+resource_record+validation,CANONICAL_SAVED_OUTPUTS,PILOT_MUST_RUN,L4-H1
run-7dcb1395f24831df432a0639,elliptic,scenario-947e815f03f380574a0890d7,strict_inductive,feature_mlp;gcn;graphsage,best_fixed_expert,9,declared_by_scenario,all_experts_available,fixed,none,none,none,NOT_APPLICABLE,NOT_APPLICABLE,CPU_SAVED_OUTPUT_PILOT,UNKNOWN_UNTIL_PILOT,BLOCKED_RESOURCE_UNMEASURED,run_manifest+predictions+resource_record+validation,CANONICAL_SAVED_OUTPUTS,PILOT_MUST_RUN,L4-H1
run-3341b02b3a3ae6a079ffe949,elliptic,scenario-947e815f03f380574a0890d7,strict_inductive,feature_mlp;gcn;graphsage,source_logistic_gate,9,declared_by_scenario,all_experts_available,instance,none,none,none,NOT_APPLICABLE,NOT_APPLICABLE,CPU_SAVED_OUTPUT_PILOT,UNKNOWN_UNTIL_PILOT,BLOCKED_RESOURCE_UNMEASURED,run_manifest+predictions+resource_record+validation,CANONICAL_SAVED_OUTPUTS,PILOT_MUST_RUN,L4-H2
run-a8d6e29fd2e7404194c70bb4,elliptic,scenario-947e815f03f380574a0890d7,strict_inductive,feature_mlp;gcn;graphsage,source_mlp_gate,9,declared_by_scenario,all_experts_available,instance,none,none,none,NOT_APPLICABLE,NOT_APPLICABLE,CPU_SAVED_OUTPUT_PILOT,UNKNOWN_UNTIL_PILOT,BLOCKED_RESOURCE_UNMEASURED,run_manifest+predictions+resource_record+validation,CANONICAL_SAVED_OUTPUTS,FULL_MUST_RUN,L4-H2
run-b255f271d010fcd63db13e69,elliptic,scenario-947e815f03f380574a0890d7,strict_inductive,feature_mlp;gcn;graphsage,contract_router,9,declared_by_scenario,all_experts_available,contract,none,none,none,NOT_APPLICABLE,NOT_APPLICABLE,CPU_SAVED_OUTPUT_PILOT,UNKNOWN_UNTIL_PILOT,BLOCKED_RESOURCE_UNMEASURED,run_manifest+predictions+resource_record+validation,CANONICAL_SAVED_OUTPUTS,FULL_MUST_RUN,L4-H3
run-c7a76d77e9959bfa11ecc9c6,elliptic,scenario-947e815f03f380574a0890d7,strict_inductive,feature_mlp;gcn;graphsage,instance_router,9,declared_by_scenario,all_experts_available,instance,none,none,none,NOT_APPLICABLE,NOT_APPLICABLE,CPU_SAVED_OUTPUT_PILOT,UNKNOWN_UNTIL_PILOT,BLOCKED_RESOURCE_UNMEASURED,run_manifest+predictions+resource_record+validation,CANONICAL_SAVED_OUTPUTS,FULL_MUST_RUN,L4-H3
run-699a9935ff8e4289f762dd19,elliptic,scenario-947e815f03f380574a0890d7,strict_inductive,feature_mlp;gcn;graphsage,resource_aware_heuristic,9,declared_by_scenario,all_experts_available,contract,none,none,none,NOT_APPLICABLE,NOT_APPLICABLE,CPU_SAVED_OUTPUT_PILOT,UNKNOWN_UNTIL_PILOT,BLOCKED_RESOURCE_UNMEASURED,run_manifest+predictions+resource_record+validation,CANONICAL_SAVED_OUTPUTS,STRONG_RECOMMENDED,L4-H5
run-0db4f837629ab7028167aab6,elliptic,scenario-947e815f03f380574a0890d7,strict_inductive,feature_mlp;gcn;graphsage,cheapest_feasible_expert,9,declared_by_scenario,all_experts_available,fixed,none,none,none,NOT_APPLICABLE,NOT_APPLICABLE,CPU_SAVED_OUTPUT_PILOT,UNKNOWN_UNTIL_PILOT,BLOCKED_RESOURCE_UNMEASURED,run_manifest+predictions+resource_record+validation,CANONICAL_SAVED_OUTPUTS,DIAGNOSTIC,L4-H5
run-a53e8e5f4de9ec1a79b16420,elliptic,scenario-fa5f47c1f82b36e961e0d1e8,strict_inductive,feature_mlp;gcn;graphsage,coregraph,10,declared_by_scenario,all_experts_available,hierarchical,none,none,none,NOT_APPLICABLE,NOT_APPLICABLE,CPU_SAVED_OUTPUT_PILOT,UNKNOWN_UNTIL_PILOT,BLOCKED_RESOURCE_UNMEASURED,run_manifest+predictions+resource_record+validation,CANONICAL_SAVED_OUTPUTS,PILOT_MUST_RUN,L4-H1;L4-H2;L4-H3;L4-H4;L4-H6
run-2df01267f85e1f09f5d5c734,elliptic,scenario-fa5f47c1f82b36e961e0d1e8,strict_inductive,feature_mlp;gcn;graphsage,uniform_average,10,declared_by_scenario,all_experts_available,fixed,none,none,none,NOT_APPLICABLE,NOT_APPLICABLE,CPU_SAVED_OUTPUT_PILOT,UNKNOWN_UNTIL_PILOT,BLOCKED_RESOURCE_UNMEASURED,run_manifest+predictions+resource_record+validation,CANONICAL_SAVED_OUTPUTS,PILOT_MUST_RUN,L4-H1
run-4b18d1089a78d0efa8323a56,elliptic,scenario-fa5f47c1f82b36e961e0d1e8,strict_inductive,feature_mlp;gcn;graphsage,best_fixed_expert,10,declared_by_scenario,all_experts_available,fixed,none,none,none,NOT_APPLICABLE,NOT_APPLICABLE,CPU_SAVED_OUTPUT_PILOT,UNKNOWN_UNTIL_PILOT,BLOCKED_RESOURCE_UNMEASURED,run_manifest+predictions+resource_record+validation,CANONICAL_SAVED_OUTPUTS,PILOT_MUST_RUN,L4-H1
run-15406a7baf243533bb5c2dd7,elliptic,scenario-fa5f47c1f82b36e961e0d1e8,strict_inductive,feature_mlp;gcn;graphsage,source_logistic_gate,10,declared_by_scenario,all_experts_available,instance,none,none,none,NOT_APPLICABLE,NOT_APPLICABLE,CPU_SAVED_OUTPUT_PILOT,UNKNOWN_UNTIL_PILOT,BLOCKED_RESOURCE_UNMEASURED,run_manifest+predictions+resource_record+validation,CANONICAL_SAVED_OUTPUTS,PILOT_MUST_RUN,L4-H2
run-79eefeb30be2308a41176de2,elliptic,scenario-fa5f47c1f82b36e961e0d1e8,strict_inductive,feature_mlp;gcn;graphsage,source_mlp_gate,10,declared_by_scenario,all_experts_available,instance,none,none,none,NOT_APPLICABLE,NOT_APPLICABLE,CPU_SAVED_OUTPUT_PILOT,UNKNOWN_UNTIL_PILOT,BLOCKED_RESOURCE_UNMEASURED,run_manifest+predictions+resource_record+validation,CANONICAL_SAVED_OUTPUTS,FULL_MUST_RUN,L4-H2
run-4e45b8aff7daaa6c01248e2c,elliptic,scenario-fa5f47c1f82b36e961e0d1e8,strict_inductive,feature_mlp;gcn;graphsage,contract_router,10,declared_by_scenario,all_experts_available,contract,none,none,none,NOT_APPLICABLE,NOT_APPLICABLE,CPU_SAVED_OUTPUT_PILOT,UNKNOWN_UNTIL_PILOT,BLOCKED_RESOURCE_UNMEASURED,run_manifest+predictions+resource_record+validation,CANONICAL_SAVED_OUTPUTS,FULL_MUST_RUN,L4-H3
run-e5697bfd692a5b9a07d1b36b,elliptic,scenario-fa5f47c1f82b36e961e0d1e8,strict_inductive,feature_mlp;gcn;graphsage,instance_router,10,declared_by_scenario,all_experts_available,instance,none,none,none,NOT_APPLICABLE,NOT_APPLICABLE,CPU_SAVED_OUTPUT_PILOT,UNKNOWN_UNTIL_PILOT,BLOCKED_RESOURCE_UNMEASURED,run_manifest+predictions+resource_record+validation,CANONICAL_SAVED_OUTPUTS,FULL_MUST_RUN,L4-H3
run-b40595983057f5c02fb0ecf7,elliptic,scenario-fa5f47c1f82b36e961e0d1e8,strict_inductive,feature_mlp;gcn;graphsage,resource_aware_heuristic,10,declared_by_scenario,all_experts_available,contract,none,none,none,NOT_APPLICABLE,NOT_APPLICABLE,CPU_SAVED_OUTPUT_PILOT,UNKNOWN_UNTIL_PILOT,BLOCKED_RESOURCE_UNMEASURED,run_manifest+predictions+resource_record+validation,CANONICAL_SAVED_OUTPUTS,STRONG_RECOMMENDED,L4-H5
run-4ef8e18f1cd500e663eead78,elliptic,scenario-fa5f47c1f82b36e961e0d1e8,strict_inductive,feature_mlp;gcn;graphsage,cheapest_feasible_expert,10,declared_by_scenario,all_experts_available,fixed,none,none,none,NOT_APPLICABLE,NOT_APPLICABLE,CPU_SAVED_OUTPUT_PILOT,UNKNOWN_UNTIL_PILOT,BLOCKED_RESOURCE_UNMEASURED,run_manifest+predictions+resource_record+validation,CANONICAL_SAVED_OUTPUTS,DIAGNOSTIC,L4-H5
run-12e5b59786a156083984a597,elliptic,scenario-8f6bc8423e2023f191ec6ac1,isolated_inductive,feature_mlp;gcn;graphsage,coregraph,1,declared_by_scenario,all_experts_available,hierarchical,none,none,none,NOT_APPLICABLE,NOT_APPLICABLE,CPU_SAVED_OUTPUT_PILOT,UNKNOWN_UNTIL_PILOT,BLOCKED_RESOURCE_UNMEASURED,run_manifest+predictions+resource_record+validation,CANONICAL_SAVED_OUTPUTS,PILOT_MUST_RUN,L4-H1;L4-H2;L4-H3;L4-H4;L4-H6
run-7e5573e4e7c47d3ba0fbaab7,elliptic,scenario-8f6bc8423e2023f191ec6ac1,isolated_inductive,feature_mlp;gcn;graphsage,uniform_average,1,declared_by_scenario,all_experts_available,fixed,none,none,none,NOT_APPLICABLE,NOT_APPLICABLE,CPU_SAVED_OUTPUT_PILOT,UNKNOWN_UNTIL_PILOT,BLOCKED_RESOURCE_UNMEASURED,run_manifest+predictions+resource_record+validation,CANONICAL_SAVED_OUTPUTS,PILOT_MUST_RUN,L4-H1
run-01ef9f8546076485448de129,elliptic,scenario-8f6bc8423e2023f191ec6ac1,isolated_inductive,feature_mlp;gcn;graphsage,best_fixed_expert,1,declared_by_scenario,all_experts_available,fixed,none,none,none,NOT_APPLICABLE,NOT_APPLICABLE,CPU_SAVED_OUTPUT_PILOT,UNKNOWN_UNTIL_PILOT,BLOCKED_RESOURCE_UNMEASURED,run_manifest+predictions+resource_record+validation,CANONICAL_SAVED_OUTPUTS,PILOT_MUST_RUN,L4-H1
run-a9885bc2ea0a37a0d5f0591e,elliptic,scenario-8f6bc8423e2023f191ec6ac1,isolated_inductive,feature_mlp;gcn;graphsage,source_logistic_gate,1,declared_by_scenario,all_experts_available,instance,none,none,none,NOT_APPLICABLE,NOT_APPLICABLE,CPU_SAVED_OUTPUT_PILOT,UNKNOWN_UNTIL_PILOT,BLOCKED_RESOURCE_UNMEASURED,run_manifest+predictions+resource_record+validation,CANONICAL_SAVED_OUTPUTS,PILOT_MUST_RUN,L4-H2
run-3462a2f79dd0d5db15410612,elliptic,scenario-8f6bc8423e2023f191ec6ac1,isolated_inductive,feature_mlp;gcn;graphsage,source_mlp_gate,1,declared_by_scenario,all_experts_available,instance,none,none,none,NOT_APPLICABLE,NOT_APPLICABLE,CPU_SAVED_OUTPUT_PILOT,UNKNOWN_UNTIL_PILOT,BLOCKED_RESOURCE_UNMEASURED,run_manifest+predictions+resource_record+validation,CANONICAL_SAVED_OUTPUTS,FULL_MUST_RUN,L4-H2
run-ff035a8c7993ef23b15bd12d,elliptic,scenario-8f6bc8423e2023f191ec6ac1,isolated_inductive,feature_mlp;gcn;graphsage,contract_router,1,declared_by_scenario,all_experts_available,contract,none,none,none,NOT_APPLICABLE,NOT_APPLICABLE,CPU_SAVED_OUTPUT_PILOT,UNKNOWN_UNTIL_PILOT,BLOCKED_RESOURCE_UNMEASURED,run_manifest+predictions+resource_record+validation,CANONICAL_SAVED_OUTPUTS,FULL_MUST_RUN,L4-H3
run-d086ce8823ae61ac02ad31c9,elliptic,scenario-8f6bc8423e2023f191ec6ac1,isolated_inductive,feature_mlp;gcn;graphsage,instance_router,1,declared_by_scenario,all_experts_available,instance,none,none,none,NOT_APPLICABLE,NOT_APPLICABLE,CPU_SAVED_OUTPUT_PILOT,UNKNOWN_UNTIL_PILOT,BLOCKED_RESOURCE_UNMEASURED,run_manifest+predictions+resource_record+validation,CANONICAL_SAVED_OUTPUTS,FULL_MUST_RUN,L4-H3
run-638fcaa2d4ae54d79ba38a12,elliptic,scenario-8f6bc8423e2023f191ec6ac1,isolated_inductive,feature_mlp;gcn;graphsage,resource_aware_heuristic,1,declared_by_scenario,all_experts_available,contract,none,none,none,NOT_APPLICABLE,NOT_APPLICABLE,CPU_SAVED_OUTPUT_PILOT,UNKNOWN_UNTIL_PILOT,BLOCKED_RESOURCE_UNMEASURED,run_manifest+predictions+resource_record+validation,CANONICAL_SAVED_OUTPUTS,STRONG_RECOMMENDED,L4-H5
run-7e8c92077f5c55465ccd4635,elliptic,scenario-8f6bc8423e2023f191ec6ac1,isolated_inductive,feature_mlp;gcn;graphsage,cheapest_feasible_expert,1,declared_by_scenario,all_experts_available,fixed,none,none,none,NOT_APPLICABLE,NOT_APPLICABLE,CPU_SAVED_OUTPUT_PILOT,UNKNOWN_UNTIL_PILOT,BLOCKED_RESOURCE_UNMEASURED,run_manifest+predictions+resource_record+validation,CANONICAL_SAVED_OUTPUTS,DIAGNOSTIC,L4-H5
run-f6600664fd4b783ba44e37db,elliptic,scenario-2f1df10d50617845ee4bb99a,isolated_inductive,feature_mlp;gcn;graphsage,coregraph,2,declared_by_scenario,all_experts_available,hierarchical,none,none,none,NOT_APPLICABLE,NOT_APPLICABLE,CPU_SAVED_OUTPUT_PILOT,UNKNOWN_UNTIL_PILOT,BLOCKED_RESOURCE_UNMEASURED,run_manifest+predictions+resource_record+validation,CANONICAL_SAVED_OUTPUTS,PILOT_MUST_RUN,L4-H1;L4-H2;L4-H3;L4-H4;L4-H6
run-1602f5585d376cd1f0a61aa8,elliptic,scenario-2f1df10d50617845ee4bb99a,isolated_inductive,feature_mlp;gcn;graphsage,uniform_average,2,declared_by_scenario,all_experts_available,fixed,none,none,none,NOT_APPLICABLE,NOT_APPLICABLE,CPU_SAVED_OUTPUT_PILOT,UNKNOWN_UNTIL_PILOT,BLOCKED_RESOURCE_UNMEASURED,run_manifest+predictions+resource_record+validation,CANONICAL_SAVED_OUTPUTS,PILOT_MUST_RUN,L4-H1
run-08f445df5eb060bfdfc1e936,elliptic,scenario-2f1df10d50617845ee4bb99a,isolated_inductive,feature_mlp;gcn;graphsage,best_fixed_expert,2,declared_by_scenario,all_experts_available,fixed,none,none,none,NOT_APPLICABLE,NOT_APPLICABLE,CPU_SAVED_OUTPUT_PILOT,UNKNOWN_UNTIL_PILOT,BLOCKED_RESOURCE_UNMEASURED,run_manifest+predictions+resource_record+validation,CANONICAL_SAVED_OUTPUTS,PILOT_MUST_RUN,L4-H1
run-71de536111b1adffe5511459,elliptic,scenario-2f1df10d50617845ee4bb99a,isolated_inductive,feature_mlp;gcn;graphsage,source_logistic_gate,2,declared_by_scenario,all_experts_available,instance,none,none,none,NOT_APPLICABLE,NOT_APPLICABLE,CPU_SAVED_OUTPUT_PILOT,UNKNOWN_UNTIL_PILOT,BLOCKED_RESOURCE_UNMEASURED,run_manifest+predictions+resource_record+validation,CANONICAL_SAVED_OUTPUTS,PILOT_MUST_RUN,L4-H2
run-764e1ee0c1f118c8127c18d8,elliptic,scenario-2f1df10d50617845ee4bb99a,isolated_inductive,feature_mlp;gcn;graphsage,source_mlp_gate,2,declared_by_scenario,all_experts_available,instance,none,none,none,NOT_APPLICABLE,NOT_APPLICABLE,CPU_SAVED_OUTPUT_PILOT,UNKNOWN_UNTIL_PILOT,BLOCKED_RESOURCE_UNMEASURED,run_manifest+predictions+resource_record+validation,CANONICAL_SAVED_OUTPUTS,FULL_MUST_RUN,L4-H2
run-2a2d44088f2b14bc488feb6a,elliptic,scenario-2f1df10d50617845ee4bb99a,isolated_inductive,feature_mlp;gcn;graphsage,contract_router,2,declared_by_scenario,all_experts_available,contract,none,none,none,NOT_APPLICABLE,NOT_APPLICABLE,CPU_SAVED_OUTPUT_PILOT,UNKNOWN_UNTIL_PILOT,BLOCKED_RESOURCE_UNMEASURED,run_manifest+predictions+resource_record+validation,CANONICAL_SAVED_OUTPUTS,FULL_MUST_RUN,L4-H3
run-5ee046a5720fcbc291d4bd22,elliptic,scenario-2f1df10d50617845ee4bb99a,isolated_inductive,feature_mlp;gcn;graphsage,instance_router,2,declared_by_scenario,all_experts_available,instance,none,none,none,NOT_APPLICABLE,NOT_APPLICABLE,CPU_SAVED_OUTPUT_PILOT,UNKNOWN_UNTIL_PILOT,BLOCKED_RESOURCE_UNMEASURED,run_manifest+predictions+resource_record+validation,CANONICAL_SAVED_OUTPUTS,FULL_MUST_RUN,L4-H3
run-7f6b001294bf1b3382ac8505,elliptic,scenario-2f1df10d50617845ee4bb99a,isolated_inductive,feature_mlp;gcn;graphsage,resource_aware_heuristic,2,declared_by_scenario,all_experts_available,contract,none,none,none,NOT_APPLICABLE,NOT_APPLICABLE,CPU_SAVED_OUTPUT_PILOT,UNKNOWN_UNTIL_PILOT,BLOCKED_RESOURCE_UNMEASURED,run_manifest+predictions+resource_record+validation,CANONICAL_SAVED_OUTPUTS,STRONG_RECOMMENDED,L4-H5
run-10a135d4768b9774ea964791,elliptic,scenario-2f1df10d50617845ee4bb99a,isolated_inductive,feature_mlp;gcn;graphsage,cheapest_feasible_expert,2,declared_by_scenario,all_experts_available,fixed,none,none,none,NOT_APPLICABLE,NOT_APPLICABLE,CPU_SAVED_OUTPUT_PILOT,UNKNOWN_UNTIL_PILOT,BLOCKED_RESOURCE_UNMEASURED,run_manifest+predictions+resource_record+validation,CANONICAL_SAVED_OUTPUTS,DIAGNOSTIC,L4-H5
run-6d1788faf84df98c63d60e95,elliptic,scenario-b32e5f2cf6e2910548439f73,isolated_inductive,feature_mlp;gcn;graphsage,coregraph,3,declared_by_scenario,all_experts_available,hierarchical,none,none,none,NOT_APPLICABLE,NOT_APPLICABLE,CPU_SAVED_OUTPUT_PILOT,UNKNOWN_UNTIL_PILOT,BLOCKED_RESOURCE_UNMEASURED,run_manifest+predictions+resource_record+validation,CANONICAL_SAVED_OUTPUTS,PILOT_MUST_RUN,L4-H1;L4-H2;L4-H3;L4-H4;L4-H6
run-13c6124f619f5feba0e79f70,elliptic,scenario-b32e5f2cf6e2910548439f73,isolated_inductive,feature_mlp;gcn;graphsage,uniform_average,3,declared_by_scenario,all_experts_available,fixed,none,none,none,NOT_APPLICABLE,NOT_APPLICABLE,CPU_SAVED_OUTPUT_PILOT,UNKNOWN_UNTIL_PILOT,BLOCKED_RESOURCE_UNMEASURED,run_manifest+predictions+resource_record+validation,CANONICAL_SAVED_OUTPUTS,PILOT_MUST_RUN,L4-H1
run-5e2b9b69fa377d5e4f2c5a29,elliptic,scenario-b32e5f2cf6e2910548439f73,isolated_inductive,feature_mlp;gcn;graphsage,best_fixed_expert,3,declared_by_scenario,all_experts_available,fixed,none,none,none,NOT_APPLICABLE,NOT_APPLICABLE,CPU_SAVED_OUTPUT_PILOT,UNKNOWN_UNTIL_PILOT,BLOCKED_RESOURCE_UNMEASURED,run_manifest+predictions+resource_record+validation,CANONICAL_SAVED_OUTPUTS,PILOT_MUST_RUN,L4-H1
run-25d6ef69ef10e1831ccc2615,elliptic,scenario-b32e5f2cf6e2910548439f73,isolated_inductive,feature_mlp;gcn;graphsage,source_logistic_gate,3,declared_by_scenario,all_experts_available,instance,none,none,none,NOT_APPLICABLE,NOT_APPLICABLE,CPU_SAVED_OUTPUT_PILOT,UNKNOWN_UNTIL_PILOT,BLOCKED_RESOURCE_UNMEASURED,run_manifest+predictions+resource_record+validation,CANONICAL_SAVED_OUTPUTS,PILOT_MUST_RUN,L4-H2
run-8679805918d881e696a3174a,elliptic,scenario-b32e5f2cf6e2910548439f73,isolated_inductive,feature_mlp;gcn;graphsage,source_mlp_gate,3,declared_by_scenario,all_experts_available,instance,none,none,none,NOT_APPLICABLE,NOT_APPLICABLE,CPU_SAVED_OUTPUT_PILOT,UNKNOWN_UNTIL_PILOT,BLOCKED_RESOURCE_UNMEASURED,run_manifest+predictions+resource_record+validation,CANONICAL_SAVED_OUTPUTS,FULL_MUST_RUN,L4-H2
run-ca46dcb75dc71ca1870433bd,elliptic,scenario-b32e5f2cf6e2910548439f73,isolated_inductive,feature_mlp;gcn;graphsage,contract_router,3,declared_by_scenario,all_experts_available,contract,none,none,none,NOT_APPLICABLE,NOT_APPLICABLE,CPU_SAVED_OUTPUT_PILOT,UNKNOWN_UNTIL_PILOT,BLOCKED_RESOURCE_UNMEASURED,run_manifest+predictions+resource_record+validation,CANONICAL_SAVED_OUTPUTS,FULL_MUST_RUN,L4-H3
run-61b25df69dc51bbd4d478d23,elliptic,scenario-b32e5f2cf6e2910548439f73,isolated_inductive,feature_mlp;gcn;graphsage,instance_router,3,declared_by_scenario,all_experts_available,instance,none,none,none,NOT_APPLICABLE,NOT_APPLICABLE,CPU_SAVED_OUTPUT_PILOT,UNKNOWN_UNTIL_PILOT,BLOCKED_RESOURCE_UNMEASURED,run_manifest+predictions+resource_record+validation,CANONICAL_SAVED_OUTPUTS,FULL_MUST_RUN,L4-H3
run-47d0791c95bfd56d15a28b61,elliptic,scenario-b32e5f2cf6e2910548439f73,isolated_inductive,feature_mlp;gcn;graphsage,resource_aware_heuristic,3,declared_by_scenario,all_experts_available,contract,none,none,none,NOT_APPLICABLE,NOT_APPLICABLE,CPU_SAVED_OUTPUT_PILOT,UNKNOWN_UNTIL_PILOT,BLOCKED_RESOURCE_UNMEASURED,run_manifest+predictions+resource_record+validation,CANONICAL_SAVED_OUTPUTS,STRONG_RECOMMENDED,L4-H5
run-99a58bf5e256bd90aa9aa08b,elliptic,scenario-b32e5f2cf6e2910548439f73,isolated_inductive,feature_mlp;gcn;graphsage,cheapest_feasible_expert,3,declared_by_scenario,all_experts_available,fixed,none,none,none,NOT_APPLICABLE,NOT_APPLICABLE,CPU_SAVED_OUTPUT_PILOT,UNKNOWN_UNTIL_PILOT,BLOCKED_RESOURCE_UNMEASURED,run_manifest+predictions+resource_record+validation,CANONICAL_SAVED_OUTPUTS,DIAGNOSTIC,L4-H5
run-91a8572b5292df5d0c07f336,elliptic,scenario-91f50c17209399f059f87cc5,isolated_inductive,feature_mlp;gcn;graphsage,coregraph,4,declared_by_scenario,all_experts_available,hierarchical,none,none,none,NOT_APPLICABLE,NOT_APPLICABLE,CPU_SAVED_OUTPUT_PILOT,UNKNOWN_UNTIL_PILOT,BLOCKED_RESOURCE_UNMEASURED,run_manifest+predictions+resource_record+validation,CANONICAL_SAVED_OUTPUTS,PILOT_MUST_RUN,L4-H1;L4-H2;L4-H3;L4-H4;L4-H6
run-5fe43cd841eba8551c820c61,elliptic,scenario-91f50c17209399f059f87cc5,isolated_inductive,feature_mlp;gcn;graphsage,uniform_average,4,declared_by_scenario,all_experts_available,fixed,none,none,none,NOT_APPLICABLE,NOT_APPLICABLE,CPU_SAVED_OUTPUT_PILOT,UNKNOWN_UNTIL_PILOT,BLOCKED_RESOURCE_UNMEASURED,run_manifest+predictions+resource_record+validation,CANONICAL_SAVED_OUTPUTS,PILOT_MUST_RUN,L4-H1
run-36d487115df147d64f603985,elliptic,scenario-91f50c17209399f059f87cc5,isolated_inductive,feature_mlp;gcn;graphsage,best_fixed_expert,4,declared_by_scenario,all_experts_available,fixed,none,none,none,NOT_APPLICABLE,NOT_APPLICABLE,CPU_SAVED_OUTPUT_PILOT,UNKNOWN_UNTIL_PILOT,BLOCKED_RESOURCE_UNMEASURED,run_manifest+predictions+resource_record+validation,CANONICAL_SAVED_OUTPUTS,PILOT_MUST_RUN,L4-H1
run-fe5c8576b3d67aadd992d423,elliptic,scenario-91f50c17209399f059f87cc5,isolated_inductive,feature_mlp;gcn;graphsage,source_logistic_gate,4,declared_by_scenario,all_experts_available,instance,none,none,none,NOT_APPLICABLE,NOT_APPLICABLE,CPU_SAVED_OUTPUT_PILOT,UNKNOWN_UNTIL_PILOT,BLOCKED_RESOURCE_UNMEASURED,run_manifest+predictions+resource_record+validation,CANONICAL_SAVED_OUTPUTS,PILOT_MUST_RUN,L4-H2
run-b9b17c6369dd5db98372f17f,elliptic,scenario-91f50c17209399f059f87cc5,isolated_inductive,feature_mlp;gcn;graphsage,source_mlp_gate,4,declared_by_scenario,all_experts_available,instance,none,none,none,NOT_APPLICABLE,NOT_APPLICABLE,CPU_SAVED_OUTPUT_PILOT,UNKNOWN_UNTIL_PILOT,BLOCKED_RESOURCE_UNMEASURED,run_manifest+predictions+resource_record+validation,CANONICAL_SAVED_OUTPUTS,FULL_MUST_RUN,L4-H2
run-82d70c2a6dcdd8080e2573ac,elliptic,scenario-91f50c17209399f059f87cc5,isolated_inductive,feature_mlp;gcn;graphsage,contract_router,4,declared_by_scenario,all_experts_available,contract,none,none,none,NOT_APPLICABLE,NOT_APPLICABLE,CPU_SAVED_OUTPUT_PILOT,UNKNOWN_UNTIL_PILOT,BLOCKED_RESOURCE_UNMEASURED,run_manifest+predictions+resource_record+validation,CANONICAL_SAVED_OUTPUTS,FULL_MUST_RUN,L4-H3
run-83fdd2e23fe22bce0e379c41,elliptic,scenario-91f50c17209399f059f87cc5,isolated_inductive,feature_mlp;gcn;graphsage,instance_router,4,declared_by_scenario,all_experts_available,instance,none,none,none,NOT_APPLICABLE,NOT_APPLICABLE,CPU_SAVED_OUTPUT_PILOT,UNKNOWN_UNTIL_PILOT,BLOCKED_RESOURCE_UNMEASURED,run_manifest+predictions+resource_record+validation,CANONICAL_SAVED_OUTPUTS,FULL_MUST_RUN,L4-H3
run-7d08c93aab046637bb1fa612,elliptic,scenario-91f50c17209399f059f87cc5,isolated_inductive,feature_mlp;gcn;graphsage,resource_aware_heuristic,4,declared_by_scenario,all_experts_available,contract,none,none,none,NOT_APPLICABLE,NOT_APPLICABLE,CPU_SAVED_OUTPUT_PILOT,UNKNOWN_UNTIL_PILOT,BLOCKED_RESOURCE_UNMEASURED,run_manifest+predictions+resource_record+validation,CANONICAL_SAVED_OUTPUTS,STRONG_RECOMMENDED,L4-H5
run-6727c5027bad6702f361ba15,elliptic,scenario-91f50c17209399f059f87cc5,isolated_inductive,feature_mlp;gcn;graphsage,cheapest_feasible_expert,4,declared_by_scenario,all_experts_available,fixed,none,none,none,NOT_APPLICABLE,NOT_APPLICABLE,CPU_SAVED_OUTPUT_PILOT,UNKNOWN_UNTIL_PILOT,BLOCKED_RESOURCE_UNMEASURED,run_manifest+predictions+resource_record+validation,CANONICAL_SAVED_OUTPUTS,DIAGNOSTIC,L4-H5
run-ba8df438c280944520c8ddd1,elliptic,scenario-73c6998f885889a0b3eca882,isolated_inductive,feature_mlp;gcn;graphsage,coregraph,5,declared_by_scenario,all_experts_available,hierarchical,none,none,none,NOT_APPLICABLE,NOT_APPLICABLE,CPU_SAVED_OUTPUT_PILOT,UNKNOWN_UNTIL_PILOT,BLOCKED_RESOURCE_UNMEASURED,run_manifest+predictions+resource_record+validation,CANONICAL_SAVED_OUTPUTS,PILOT_MUST_RUN,L4-H1;L4-H2;L4-H3;L4-H4;L4-H6
run-514e3d8c2d6ca8fe6fe0e234,elliptic,scenario-73c6998f885889a0b3eca882,isolated_inductive,feature_mlp;gcn;graphsage,uniform_average,5,declared_by_scenario,all_experts_available,fixed,none,none,none,NOT_APPLICABLE,NOT_APPLICABLE,CPU_SAVED_OUTPUT_PILOT,UNKNOWN_UNTIL_PILOT,BLOCKED_RESOURCE_UNMEASURED,run_manifest+predictions+resource_record+validation,CANONICAL_SAVED_OUTPUTS,PILOT_MUST_RUN,L4-H1
run-864479b5a0fa7bae93efd557,elliptic,scenario-73c6998f885889a0b3eca882,isolated_inductive,feature_mlp;gcn;graphsage,best_fixed_expert,5,declared_by_scenario,all_experts_available,fixed,none,none,none,NOT_APPLICABLE,NOT_APPLICABLE,CPU_SAVED_OUTPUT_PILOT,UNKNOWN_UNTIL_PILOT,BLOCKED_RESOURCE_UNMEASURED,run_manifest+predictions+resource_record+validation,CANONICAL_SAVED_OUTPUTS,PILOT_MUST_RUN,L4-H1
run-7e73789b62944ec03a92bb9f,elliptic,scenario-73c6998f885889a0b3eca882,isolated_inductive,feature_mlp;gcn;graphsage,source_logistic_gate,5,declared_by_scenario,all_experts_available,instance,none,none,none,NOT_APPLICABLE,NOT_APPLICABLE,CPU_SAVED_OUTPUT_PILOT,UNKNOWN_UNTIL_PILOT,BLOCKED_RESOURCE_UNMEASURED,run_manifest+predictions+resource_record+validation,CANONICAL_SAVED_OUTPUTS,PILOT_MUST_RUN,L4-H2
run-d202f81ac82f68d8b34c7851,elliptic,scenario-73c6998f885889a0b3eca882,isolated_inductive,feature_mlp;gcn;graphsage,source_mlp_gate,5,declared_by_scenario,all_experts_available,instance,none,none,none,NOT_APPLICABLE,NOT_APPLICABLE,CPU_SAVED_OUTPUT_PILOT,UNKNOWN_UNTIL_PILOT,BLOCKED_RESOURCE_UNMEASURED,run_manifest+predictions+resource_record+validation,CANONICAL_SAVED_OUTPUTS,FULL_MUST_RUN,L4-H2
run-42021ae4b3b078b6fd3af123,elliptic,scenario-73c6998f885889a0b3eca882,isolated_inductive,feature_mlp;gcn;graphsage,contract_router,5,declared_by_scenario,all_experts_available,contract,none,none,none,NOT_APPLICABLE,NOT_APPLICABLE,CPU_SAVED_OUTPUT_PILOT,UNKNOWN_UNTIL_PILOT,BLOCKED_RESOURCE_UNMEASURED,run_manifest+predictions+resource_record+validation,CANONICAL_SAVED_OUTPUTS,FULL_MUST_RUN,L4-H3
run-64a38a4845305bfdd7298833,elliptic,scenario-73c6998f885889a0b3eca882,isolated_inductive,feature_mlp;gcn;graphsage,instance_router,5,declared_by_scenario,all_experts_available,instance,none,none,none,NOT_APPLICABLE,NOT_APPLICABLE,CPU_SAVED_OUTPUT_PILOT,UNKNOWN_UNTIL_PILOT,BLOCKED_RESOURCE_UNMEASURED,run_manifest+predictions+resource_record+validation,CANONICAL_SAVED_OUTPUTS,FULL_MUST_RUN,L4-H3
run-e2c401ae4fb80c53a3d72714,elliptic,scenario-73c6998f885889a0b3eca882,isolated_inductive,feature_mlp;gcn;graphsage,resource_aware_heuristic,5,declared_by_scenario,all_experts_available,contract,none,none,none,NOT_APPLICABLE,NOT_APPLICABLE,CPU_SAVED_OUTPUT_PILOT,UNKNOWN_UNTIL_PILOT,BLOCKED_RESOURCE_UNMEASURED,run_manifest+predictions+resource_record+validation,CANONICAL_SAVED_OUTPUTS,STRONG_RECOMMENDED,L4-H5
run-a7db35a6ec182d5c164d3a11,elliptic,scenario-73c6998f885889a0b3eca882,isolated_inductive,feature_mlp;gcn;graphsage,cheapest_feasible_expert,5,declared_by_scenario,all_experts_available,fixed,none,none,none,NOT_APPLICABLE,NOT_APPLICABLE,CPU_SAVED_OUTPUT_PILOT,UNKNOWN_UNTIL_PILOT,BLOCKED_RESOURCE_UNMEASURED,run_manifest+predictions+resource_record+validation,CANONICAL_SAVED_OUTPUTS,DIAGNOSTIC,L4-H5
run-02940421f18d89dd795e9fa5,elliptic,scenario-6dd3b81a5ba9b1c350f300de,isolated_inductive,feature_mlp;gcn;graphsage,coregraph,6,declared_by_scenario,all_experts_available,hierarchical,none,none,none,NOT_APPLICABLE,NOT_APPLICABLE,CPU_SAVED_OUTPUT_PILOT,UNKNOWN_UNTIL_PILOT,BLOCKED_RESOURCE_UNMEASURED,run_manifest+predictions+resource_record+validation,CANONICAL_SAVED_OUTPUTS,PILOT_MUST_RUN,L4-H1;L4-H2;L4-H3;L4-H4;L4-H6
run-938fc9ff7f5be68a64bccd42,elliptic,scenario-6dd3b81a5ba9b1c350f300de,isolated_inductive,feature_mlp;gcn;graphsage,uniform_average,6,declared_by_scenario,all_experts_available,fixed,none,none,none,NOT_APPLICABLE,NOT_APPLICABLE,CPU_SAVED_OUTPUT_PILOT,UNKNOWN_UNTIL_PILOT,BLOCKED_RESOURCE_UNMEASURED,run_manifest+predictions+resource_record+validation,CANONICAL_SAVED_OUTPUTS,PILOT_MUST_RUN,L4-H1
run-fb508c496de7f3f476f216d1,elliptic,scenario-6dd3b81a5ba9b1c350f300de,isolated_inductive,feature_mlp;gcn;graphsage,best_fixed_expert,6,declared_by_scenario,all_experts_available,fixed,none,none,none,NOT_APPLICABLE,NOT_APPLICABLE,CPU_SAVED_OUTPUT_PILOT,UNKNOWN_UNTIL_PILOT,BLOCKED_RESOURCE_UNMEASURED,run_manifest+predictions+resource_record+validation,CANONICAL_SAVED_OUTPUTS,PILOT_MUST_RUN,L4-H1
run-5b92bba86072455904b753b8,elliptic,scenario-6dd3b81a5ba9b1c350f300de,isolated_inductive,feature_mlp;gcn;graphsage,source_logistic_gate,6,declared_by_scenario,all_experts_available,instance,none,none,none,NOT_APPLICABLE,NOT_APPLICABLE,CPU_SAVED_OUTPUT_PILOT,UNKNOWN_UNTIL_PILOT,BLOCKED_RESOURCE_UNMEASURED,run_manifest+predictions+resource_record+validation,CANONICAL_SAVED_OUTPUTS,PILOT_MUST_RUN,L4-H2
run-9cbac6f95a2157ad122095d3,elliptic,scenario-6dd3b81a5ba9b1c350f300de,isolated_inductive,feature_mlp;gcn;graphsage,source_mlp_gate,6,declared_by_scenario,all_experts_available,instance,none,none,none,NOT_APPLICABLE,NOT_APPLICABLE,CPU_SAVED_OUTPUT_PILOT,UNKNOWN_UNTIL_PILOT,BLOCKED_RESOURCE_UNMEASURED,run_manifest+predictions+resource_record+validation,CANONICAL_SAVED_OUTPUTS,FULL_MUST_RUN,L4-H2
run-e8cffa99af3077fda902d3b8,elliptic,scenario-6dd3b81a5ba9b1c350f300de,isolated_inductive,feature_mlp;gcn;graphsage,contract_router,6,declared_by_scenario,all_experts_available,contract,none,none,none,NOT_APPLICABLE,NOT_APPLICABLE,CPU_SAVED_OUTPUT_PILOT,UNKNOWN_UNTIL_PILOT,BLOCKED_RESOURCE_UNMEASURED,run_manifest+predictions+resource_record+validation,CANONICAL_SAVED_OUTPUTS,FULL_MUST_RUN,L4-H3
run-a027b5a36999146dc4393207,elliptic,scenario-6dd3b81a5ba9b1c350f300de,isolated_inductive,feature_mlp;gcn;graphsage,instance_router,6,declared_by_scenario,all_experts_available,instance,none,none,none,NOT_APPLICABLE,NOT_APPLICABLE,CPU_SAVED_OUTPUT_PILOT,UNKNOWN_UNTIL_PILOT,BLOCKED_RESOURCE_UNMEASURED,run_manifest+predictions+resource_record+validation,CANONICAL_SAVED_OUTPUTS,FULL_MUST_RUN,L4-H3
run-abe7612f5011e4c6622adf6f,elliptic,scenario-6dd3b81a5ba9b1c350f300de,isolated_inductive,feature_mlp;gcn;graphsage,resource_aware_heuristic,6,declared_by_scenario,all_experts_available,contract,none,none,none,NOT_APPLICABLE,NOT_APPLICABLE,CPU_SAVED_OUTPUT_PILOT,UNKNOWN_UNTIL_PILOT,BLOCKED_RESOURCE_UNMEASURED,run_manifest+predictions+resource_record+validation,CANONICAL_SAVED_OUTPUTS,STRONG_RECOMMENDED,L4-H5
run-9f4d1347a64e84ba91077d7e,elliptic,scenario-6dd3b81a5ba9b1c350f300de,isolated_inductive,feature_mlp;gcn;graphsage,cheapest_feasible_expert,6,declared_by_scenario,all_experts_available,fixed,none,none,none,NOT_APPLICABLE,NOT_APPLICABLE,CPU_SAVED_OUTPUT_PILOT,UNKNOWN_UNTIL_PILOT,BLOCKED_RESOURCE_UNMEASURED,run_manifest+predictions+resource_record+validation,CANONICAL_SAVED_OUTPUTS,DIAGNOSTIC,L4-H5
run-40798b65defc123090c3f753,elliptic,scenario-fcd87f3e1c8e65202b68873f,isolated_inductive,feature_mlp;gcn;graphsage,coregraph,7,declared_by_scenario,all_experts_available,hierarchical,none,none,none,NOT_APPLICABLE,NOT_APPLICABLE,CPU_SAVED_OUTPUT_PILOT,UNKNOWN_UNTIL_PILOT,BLOCKED_RESOURCE_UNMEASURED,run_manifest+predictions+resource_record+validation,CANONICAL_SAVED_OUTPUTS,PILOT_MUST_RUN,L4-H1;L4-H2;L4-H3;L4-H4;L4-H6
run-27b7826ba943d4bab9e8548d,elliptic,scenario-fcd87f3e1c8e65202b68873f,isolated_inductive,feature_mlp;gcn;graphsage,uniform_average,7,declared_by_scenario,all_experts_available,fixed,none,none,none,NOT_APPLICABLE,NOT_APPLICABLE,CPU_SAVED_OUTPUT_PILOT,UNKNOWN_UNTIL_PILOT,BLOCKED_RESOURCE_UNMEASURED,run_manifest+predictions+resource_record+validation,CANONICAL_SAVED_OUTPUTS,PILOT_MUST_RUN,L4-H1
run-e43a1c8a52aed76b1e85488a,elliptic,scenario-fcd87f3e1c8e65202b68873f,isolated_inductive,feature_mlp;gcn;graphsage,best_fixed_expert,7,declared_by_scenario,all_experts_available,fixed,none,none,none,NOT_APPLICABLE,NOT_APPLICABLE,CPU_SAVED_OUTPUT_PILOT,UNKNOWN_UNTIL_PILOT,BLOCKED_RESOURCE_UNMEASURED,run_manifest+predictions+resource_record+validation,CANONICAL_SAVED_OUTPUTS,PILOT_MUST_RUN,L4-H1
run-af9bb18b86fb0fae0acaff82,elliptic,scenario-fcd87f3e1c8e65202b68873f,isolated_inductive,feature_mlp;gcn;graphsage,source_logistic_gate,7,declared_by_scenario,all_experts_available,instance,none,none,none,NOT_APPLICABLE,NOT_APPLICABLE,CPU_SAVED_OUTPUT_PILOT,UNKNOWN_UNTIL_PILOT,BLOCKED_RESOURCE_UNMEASURED,run_manifest+predictions+resource_record+validation,CANONICAL_SAVED_OUTPUTS,PILOT_MUST_RUN,L4-H2
run-3757daea3c262958ca06a629,elliptic,scenario-fcd87f3e1c8e65202b68873f,isolated_inductive,feature_mlp;gcn;graphsage,source_mlp_gate,7,declared_by_scenario,all_experts_available,instance,none,none,none,NOT_APPLICABLE,NOT_APPLICABLE,CPU_SAVED_OUTPUT_PILOT,UNKNOWN_UNTIL_PILOT,BLOCKED_RESOURCE_UNMEASURED,run_manifest+predictions+resource_record+validation,CANONICAL_SAVED_OUTPUTS,FULL_MUST_RUN,L4-H2
run-aa18755a41492ea965fa0f81,elliptic,scenario-fcd87f3e1c8e65202b68873f,isolated_inductive,feature_mlp;gcn;graphsage,contract_router,7,declared_by_scenario,all_experts_available,contract,none,none,none,NOT_APPLICABLE,NOT_APPLICABLE,CPU_SAVED_OUTPUT_PILOT,UNKNOWN_UNTIL_PILOT,BLOCKED_RESOURCE_UNMEASURED,run_manifest+predictions+resource_record+validation,CANONICAL_SAVED_OUTPUTS,FULL_MUST_RUN,L4-H3
run-868e27572b797b09769cb3aa,elliptic,scenario-fcd87f3e1c8e65202b68873f,isolated_inductive,feature_mlp;gcn;graphsage,instance_router,7,declared_by_scenario,all_experts_available,instance,none,none,none,NOT_APPLICABLE,NOT_APPLICABLE,CPU_SAVED_OUTPUT_PILOT,UNKNOWN_UNTIL_PILOT,BLOCKED_RESOURCE_UNMEASURED,run_manifest+predictions+resource_record+validation,CANONICAL_SAVED_OUTPUTS,FULL_MUST_RUN,L4-H3
run-d9590f07015d1cacd2c04598,elliptic,scenario-fcd87f3e1c8e65202b68873f,isolated_inductive,feature_mlp;gcn;graphsage,resource_aware_heuristic,7,declared_by_scenario,all_experts_available,contract,none,none,none,NOT_APPLICABLE,NOT_APPLICABLE,CPU_SAVED_OUTPUT_PILOT,UNKNOWN_UNTIL_PILOT,BLOCKED_RESOURCE_UNMEASURED,run_manifest+predictions+resource_record+validation,CANONICAL_SAVED_OUTPUTS,STRONG_RECOMMENDED,L4-H5
run-e87fb6d754037d399dd65135,elliptic,scenario-fcd87f3e1c8e65202b68873f,isolated_inductive,feature_mlp;gcn;graphsage,cheapest_feasible_expert,7,declared_by_scenario,all_experts_available,fixed,none,none,none,NOT_APPLICABLE,NOT_APPLICABLE,CPU_SAVED_OUTPUT_PILOT,UNKNOWN_UNTIL_PILOT,BLOCKED_RESOURCE_UNMEASURED,run_manifest+predictions+resource_record+validation,CANONICAL_SAVED_OUTPUTS,DIAGNOSTIC,L4-H5
run-45af46cb945313763a0fd621,elliptic,scenario-f93196aa27b9118526a61fde,isolated_inductive,feature_mlp;gcn;graphsage,coregraph,8,declared_by_scenario,all_experts_available,hierarchical,none,none,none,NOT_APPLICABLE,NOT_APPLICABLE,CPU_SAVED_OUTPUT_PILOT,UNKNOWN_UNTIL_PILOT,BLOCKED_RESOURCE_UNMEASURED,run_manifest+predictions+resource_record+validation,CANONICAL_SAVED_OUTPUTS,PILOT_MUST_RUN,L4-H1;L4-H2;L4-H3;L4-H4;L4-H6
run-fb47cce73c16711e1b976757,elliptic,scenario-f93196aa27b9118526a61fde,isolated_inductive,feature_mlp;gcn;graphsage,uniform_average,8,declared_by_scenario,all_experts_available,fixed,none,none,none,NOT_APPLICABLE,NOT_APPLICABLE,CPU_SAVED_OUTPUT_PILOT,UNKNOWN_UNTIL_PILOT,BLOCKED_RESOURCE_UNMEASURED,run_manifest+predictions+resource_record+validation,CANONICAL_SAVED_OUTPUTS,PILOT_MUST_RUN,L4-H1
run-14a9778f5ee408e6f853e033,elliptic,scenario-f93196aa27b9118526a61fde,isolated_inductive,feature_mlp;gcn;graphsage,best_fixed_expert,8,declared_by_scenario,all_experts_available,fixed,none,none,none,NOT_APPLICABLE,NOT_APPLICABLE,CPU_SAVED_OUTPUT_PILOT,UNKNOWN_UNTIL_PILOT,BLOCKED_RESOURCE_UNMEASURED,run_manifest+predictions+resource_record+validation,CANONICAL_SAVED_OUTPUTS,PILOT_MUST_RUN,L4-H1
run-732f66a5d53ce6979d413577,elliptic,scenario-f93196aa27b9118526a61fde,isolated_inductive,feature_mlp;gcn;graphsage,source_logistic_gate,8,declared_by_scenario,all_experts_available,instance,none,none,none,NOT_APPLICABLE,NOT_APPLICABLE,CPU_SAVED_OUTPUT_PILOT,UNKNOWN_UNTIL_PILOT,BLOCKED_RESOURCE_UNMEASURED,run_manifest+predictions+resource_record+validation,CANONICAL_SAVED_OUTPUTS,PILOT_MUST_RUN,L4-H2
run-2df3b2b0f45ad351963bc4cd,elliptic,scenario-f93196aa27b9118526a61fde,isolated_inductive,feature_mlp;gcn;graphsage,source_mlp_gate,8,declared_by_scenario,all_experts_available,instance,none,none,none,NOT_APPLICABLE,NOT_APPLICABLE,CPU_SAVED_OUTPUT_PILOT,UNKNOWN_UNTIL_PILOT,BLOCKED_RESOURCE_UNMEASURED,run_manifest+predictions+resource_record+validation,CANONICAL_SAVED_OUTPUTS,FULL_MUST_RUN,L4-H2
run-671816f089e8da856136ed72,elliptic,scenario-f93196aa27b9118526a61fde,isolated_inductive,feature_mlp;gcn;graphsage,contract_router,8,declared_by_scenario,all_experts_available,contract,none,none,none,NOT_APPLICABLE,NOT_APPLICABLE,CPU_SAVED_OUTPUT_PILOT,UNKNOWN_UNTIL_PILOT,BLOCKED_RESOURCE_UNMEASURED,run_manifest+predictions+resource_record+validation,CANONICAL_SAVED_OUTPUTS,FULL_MUST_RUN,L4-H3
run-39e799eec6a7236c2d562ed0,elliptic,scenario-f93196aa27b9118526a61fde,isolated_inductive,feature_mlp;gcn;graphsage,instance_router,8,declared_by_scenario,all_experts_available,instance,none,none,none,NOT_APPLICABLE,NOT_APPLICABLE,CPU_SAVED_OUTPUT_PILOT,UNKNOWN_UNTIL_PILOT,BLOCKED_RESOURCE_UNMEASURED,run_manifest+predictions+resource_record+validation,CANONICAL_SAVED_OUTPUTS,FULL_MUST_RUN,L4-H3
run-36c962bed81c746d51f1a099,elliptic,scenario-f93196aa27b9118526a61fde,isolated_inductive,feature_mlp;gcn;graphsage,resource_aware_heuristic,8,declared_by_scenario,all_experts_available,contract,none,none,none,NOT_APPLICABLE,NOT_APPLICABLE,CPU_SAVED_OUTPUT_PILOT,UNKNOWN_UNTIL_PILOT,BLOCKED_RESOURCE_UNMEASURED,run_manifest+predictions+resource_record+validation,CANONICAL_SAVED_OUTPUTS,STRONG_RECOMMENDED,L4-H5
run-810c8aa4ad9e4034a572099d,elliptic,scenario-f93196aa27b9118526a61fde,isolated_inductive,feature_mlp;gcn;graphsage,cheapest_feasible_expert,8,declared_by_scenario,all_experts_available,fixed,none,none,none,NOT_APPLICABLE,NOT_APPLICABLE,CPU_SAVED_OUTPUT_PILOT,UNKNOWN_UNTIL_PILOT,BLOCKED_RESOURCE_UNMEASURED,run_manifest+predictions+resource_record+validation,CANONICAL_SAVED_OUTPUTS,DIAGNOSTIC,L4-H5
run-4163a58817fc2be2f0da5505,elliptic,scenario-85771e98399777bdd4477bf7,isolated_inductive,feature_mlp;gcn;graphsage,coregraph,9,declared_by_scenario,all_experts_available,hierarchical,none,none,none,NOT_APPLICABLE,NOT_APPLICABLE,CPU_SAVED_OUTPUT_PILOT,UNKNOWN_UNTIL_PILOT,BLOCKED_RESOURCE_UNMEASURED,run_manifest+predictions+resource_record+validation,CANONICAL_SAVED_OUTPUTS,PILOT_MUST_RUN,L4-H1;L4-H2;L4-H3;L4-H4;L4-H6
run-37cde509655c0ff1d4a2ff45,elliptic,scenario-85771e98399777bdd4477bf7,isolated_inductive,feature_mlp;gcn;graphsage,uniform_average,9,declared_by_scenario,all_experts_available,fixed,none,none,none,NOT_APPLICABLE,NOT_APPLICABLE,CPU_SAVED_OUTPUT_PILOT,UNKNOWN_UNTIL_PILOT,BLOCKED_RESOURCE_UNMEASURED,run_manifest+predictions+resource_record+validation,CANONICAL_SAVED_OUTPUTS,PILOT_MUST_RUN,L4-H1
run-155ffcfc59b1947e1099379c,elliptic,scenario-85771e98399777bdd4477bf7,isolated_inductive,feature_mlp;gcn;graphsage,best_fixed_expert,9,declared_by_scenario,all_experts_available,fixed,none,none,none,NOT_APPLICABLE,NOT_APPLICABLE,CPU_SAVED_OUTPUT_PILOT,UNKNOWN_UNTIL_PILOT,BLOCKED_RESOURCE_UNMEASURED,run_manifest+predictions+resource_record+validation,CANONICAL_SAVED_OUTPUTS,PILOT_MUST_RUN,L4-H1
run-c7ebecb466e6b891c615e619,elliptic,scenario-85771e98399777bdd4477bf7,isolated_inductive,feature_mlp;gcn;graphsage,source_logistic_gate,9,declared_by_scenario,all_experts_available,instance,none,none,none,NOT_APPLICABLE,NOT_APPLICABLE,CPU_SAVED_OUTPUT_PILOT,UNKNOWN_UNTIL_PILOT,BLOCKED_RESOURCE_UNMEASURED,run_manifest+predictions+resource_record+validation,CANONICAL_SAVED_OUTPUTS,PILOT_MUST_RUN,L4-H2
run-fcbce7094eba38781b7831a3,elliptic,scenario-85771e98399777bdd4477bf7,isolated_inductive,feature_mlp;gcn;graphsage,source_mlp_gate,9,declared_by_scenario,all_experts_available,instance,none,none,none,NOT_APPLICABLE,NOT_APPLICABLE,CPU_SAVED_OUTPUT_PILOT,UNKNOWN_UNTIL_PILOT,BLOCKED_RESOURCE_UNMEASURED,run_manifest+predictions+resource_record+validation,CANONICAL_SAVED_OUTPUTS,FULL_MUST_RUN,L4-H2
run-5a21d71cfdc2ff4a8c622d7e,elliptic,scenario-85771e98399777bdd4477bf7,isolated_inductive,feature_mlp;gcn;graphsage,contract_router,9,declared_by_scenario,all_experts_available,contract,none,none,none,NOT_APPLICABLE,NOT_APPLICABLE,CPU_SAVED_OUTPUT_PILOT,UNKNOWN_UNTIL_PILOT,BLOCKED_RESOURCE_UNMEASURED,run_manifest+predictions+resource_record+validation,CANONICAL_SAVED_OUTPUTS,FULL_MUST_RUN,L4-H3
run-816bd28b937a9a92f6f1595d,elliptic,scenario-85771e98399777bdd4477bf7,isolated_inductive,feature_mlp;gcn;graphsage,instance_router,9,declared_by_scenario,all_experts_available,instance,none,none,none,NOT_APPLICABLE,NOT_APPLICABLE,CPU_SAVED_OUTPUT_PILOT,UNKNOWN_UNTIL_PILOT,BLOCKED_RESOURCE_UNMEASURED,run_manifest+predictions+resource_record+validation,CANONICAL_SAVED_OUTPUTS,FULL_MUST_RUN,L4-H3
run-88f813abdf63733bc3b48e49,elliptic,scenario-85771e98399777bdd4477bf7,isolated_inductive,feature_mlp;gcn;graphsage,resource_aware_heuristic,9,declared_by_scenario,all_experts_available,contract,none,none,none,NOT_APPLICABLE,NOT_APPLICABLE,CPU_SAVED_OUTPUT_PILOT,UNKNOWN_UNTIL_PILOT,BLOCKED_RESOURCE_UNMEASURED,run_manifest+predictions+resource_record+validation,CANONICAL_SAVED_OUTPUTS,STRONG_RECOMMENDED,L4-H5
run-a0bdc403cd7f8a52c69f1af8,elliptic,scenario-85771e98399777bdd4477bf7,isolated_inductive,feature_mlp;gcn;graphsage,cheapest_feasible_expert,9,declared_by_scenario,all_experts_available,fixed,none,none,none,NOT_APPLICABLE,NOT_APPLICABLE,CPU_SAVED_OUTPUT_PILOT,UNKNOWN_UNTIL_PILOT,BLOCKED_RESOURCE_UNMEASURED,run_manifest+predictions+resource_record+validation,CANONICAL_SAVED_OUTPUTS,DIAGNOSTIC,L4-H5
run-6460740f3749088da9089165,elliptic,scenario-68a922896cdb36bd43c2b1d2,isolated_inductive,feature_mlp;gcn;graphsage,coregraph,10,declared_by_scenario,all_experts_available,hierarchical,none,none,none,NOT_APPLICABLE,NOT_APPLICABLE,CPU_SAVED_OUTPUT_PILOT,UNKNOWN_UNTIL_PILOT,BLOCKED_RESOURCE_UNMEASURED,run_manifest+predictions+resource_record+validation,CANONICAL_SAVED_OUTPUTS,PILOT_MUST_RUN,L4-H1;L4-H2;L4-H3;L4-H4;L4-H6
run-04fa8fae295fab728535ad1d,elliptic,scenario-68a922896cdb36bd43c2b1d2,isolated_inductive,feature_mlp;gcn;graphsage,uniform_average,10,declared_by_scenario,all_experts_available,fixed,none,none,none,NOT_APPLICABLE,NOT_APPLICABLE,CPU_SAVED_OUTPUT_PILOT,UNKNOWN_UNTIL_PILOT,BLOCKED_RESOURCE_UNMEASURED,run_manifest+predictions+resource_record+validation,CANONICAL_SAVED_OUTPUTS,PILOT_MUST_RUN,L4-H1
run-ac08b8ebbc1f764c0f7b1195,elliptic,scenario-68a922896cdb36bd43c2b1d2,isolated_inductive,feature_mlp;gcn;graphsage,best_fixed_expert,10,declared_by_scenario,all_experts_available,fixed,none,none,none,NOT_APPLICABLE,NOT_APPLICABLE,CPU_SAVED_OUTPUT_PILOT,UNKNOWN_UNTIL_PILOT,BLOCKED_RESOURCE_UNMEASURED,run_manifest+predictions+resource_record+validation,CANONICAL_SAVED_OUTPUTS,PILOT_MUST_RUN,L4-H1
run-09961d6210813394fc4af81f,elliptic,scenario-68a922896cdb36bd43c2b1d2,isolated_inductive,feature_mlp;gcn;graphsage,source_logistic_gate,10,declared_by_scenario,all_experts_available,instance,none,none,none,NOT_APPLICABLE,NOT_APPLICABLE,CPU_SAVED_OUTPUT_PILOT,UNKNOWN_UNTIL_PILOT,BLOCKED_RESOURCE_UNMEASURED,run_manifest+predictions+resource_record+validation,CANONICAL_SAVED_OUTPUTS,PILOT_MUST_RUN,L4-H2
run-b61080298d58933b3b74ffd8,elliptic,scenario-68a922896cdb36bd43c2b1d2,isolated_inductive,feature_mlp;gcn;graphsage,source_mlp_gate,10,declared_by_scenario,all_experts_available,instance,none,none,none,NOT_APPLICABLE,NOT_APPLICABLE,CPU_SAVED_OUTPUT_PILOT,UNKNOWN_UNTIL_PILOT,BLOCKED_RESOURCE_UNMEASURED,run_manifest+predictions+resource_record+validation,CANONICAL_SAVED_OUTPUTS,FULL_MUST_RUN,L4-H2
run-e7409b6371bd8809b876d850,elliptic,scenario-68a922896cdb36bd43c2b1d2,isolated_inductive,feature_mlp;gcn;graphsage,contract_router,10,declared_by_scenario,all_experts_available,contract,none,none,none,NOT_APPLICABLE,NOT_APPLICABLE,CPU_SAVED_OUTPUT_PILOT,UNKNOWN_UNTIL_PILOT,BLOCKED_RESOURCE_UNMEASURED,run_manifest+predictions+resource_record+validation,CANONICAL_SAVED_OUTPUTS,FULL_MUST_RUN,L4-H3
run-119be217e107c740272a95b8,elliptic,scenario-68a922896cdb36bd43c2b1d2,isolated_inductive,feature_mlp;gcn;graphsage,instance_router,10,declared_by_scenario,all_experts_available,instance,none,none,none,NOT_APPLICABLE,NOT_APPLICABLE,CPU_SAVED_OUTPUT_PILOT,UNKNOWN_UNTIL_PILOT,BLOCKED_RESOURCE_UNMEASURED,run_manifest+predictions+resource_record+validation,CANONICAL_SAVED_OUTPUTS,FULL_MUST_RUN,L4-H3
run-06a4af4c2f4bf5798cf9a37a,elliptic,scenario-68a922896cdb36bd43c2b1d2,isolated_inductive,feature_mlp;gcn;graphsage,resource_aware_heuristic,10,declared_by_scenario,all_experts_available,contract,none,none,none,NOT_APPLICABLE,NOT_APPLICABLE,CPU_SAVED_OUTPUT_PILOT,UNKNOWN_UNTIL_PILOT,BLOCKED_RESOURCE_UNMEASURED,run_manifest+predictions+resource_record+validation,CANONICAL_SAVED_OUTPUTS,STRONG_RECOMMENDED,L4-H5
run-8d4273f6423c0711e3f7ab2a,elliptic,scenario-68a922896cdb36bd43c2b1d2,isolated_inductive,feature_mlp;gcn;graphsage,cheapest_feasible_expert,10,declared_by_scenario,all_experts_available,fixed,none,none,none,NOT_APPLICABLE,NOT_APPLICABLE,CPU_SAVED_OUTPUT_PILOT,UNKNOWN_UNTIL_PILOT,BLOCKED_RESOURCE_UNMEASURED,run_manifest+predictions+resource_record+validation,CANONICAL_SAVED_OUTPUTS,DIAGNOSTIC,L4-H5
run-b29f6cf35fd9e4e3ce6116e1,elliptic,scenario-7a8758aa7b8ec5ed7d763f35,transductive_structure,feature_mlp;gcn;graphsage,coregraph,1,declared_by_scenario,all_experts_available,hierarchical,none,none,none,NOT_APPLICABLE,NOT_APPLICABLE,CPU_SAVED_OUTPUT_PILOT,UNKNOWN_UNTIL_PILOT,BLOCKED_RESOURCE_UNMEASURED,run_manifest+predictions+resource_record+validation,CANONICAL_SAVED_OUTPUTS,PILOT_MUST_RUN,L4-H1;L4-H2;L4-H3;L4-H4;L4-H6
run-8fd0e37123cfe5c5de54a420,elliptic,scenario-7a8758aa7b8ec5ed7d763f35,transductive_structure,feature_mlp;gcn;graphsage,uniform_average,1,declared_by_scenario,all_experts_available,fixed,none,none,none,NOT_APPLICABLE,NOT_APPLICABLE,CPU_SAVED_OUTPUT_PILOT,UNKNOWN_UNTIL_PILOT,BLOCKED_RESOURCE_UNMEASURED,run_manifest+predictions+resource_record+validation,CANONICAL_SAVED_OUTPUTS,PILOT_MUST_RUN,L4-H1
run-d4ca3acfcaaf1ad64a2682b0,elliptic,scenario-7a8758aa7b8ec5ed7d763f35,transductive_structure,feature_mlp;gcn;graphsage,best_fixed_expert,1,declared_by_scenario,all_experts_available,fixed,none,none,none,NOT_APPLICABLE,NOT_APPLICABLE,CPU_SAVED_OUTPUT_PILOT,UNKNOWN_UNTIL_PILOT,BLOCKED_RESOURCE_UNMEASURED,run_manifest+predictions+resource_record+validation,CANONICAL_SAVED_OUTPUTS,PILOT_MUST_RUN,L4-H1
run-b1c394e245c924b35b902bfb,elliptic,scenario-7a8758aa7b8ec5ed7d763f35,transductive_structure,feature_mlp;gcn;graphsage,source_logistic_gate,1,declared_by_scenario,all_experts_available,instance,none,none,none,NOT_APPLICABLE,NOT_APPLICABLE,CPU_SAVED_OUTPUT_PILOT,UNKNOWN_UNTIL_PILOT,BLOCKED_RESOURCE_UNMEASURED,run_manifest+predictions+resource_record+validation,CANONICAL_SAVED_OUTPUTS,PILOT_MUST_RUN,L4-H2
run-1af361a6b3a054e778c1a82a,elliptic,scenario-7a8758aa7b8ec5ed7d763f35,transductive_structure,feature_mlp;gcn;graphsage,source_mlp_gate,1,declared_by_scenario,all_experts_available,instance,none,none,none,NOT_APPLICABLE,NOT_APPLICABLE,CPU_SAVED_OUTPUT_PILOT,UNKNOWN_UNTIL_PILOT,BLOCKED_RESOURCE_UNMEASURED,run_manifest+predictions+resource_record+validation,CANONICAL_SAVED_OUTPUTS,FULL_MUST_RUN,L4-H2
run-62c2764039c7f16625ffea1f,elliptic,scenario-7a8758aa7b8ec5ed7d763f35,transductive_structure,feature_mlp;gcn;graphsage,contract_router,1,declared_by_scenario,all_experts_available,contract,none,none,none,NOT_APPLICABLE,NOT_APPLICABLE,CPU_SAVED_OUTPUT_PILOT,UNKNOWN_UNTIL_PILOT,BLOCKED_RESOURCE_UNMEASURED,run_manifest+predictions+resource_record+validation,CANONICAL_SAVED_OUTPUTS,FULL_MUST_RUN,L4-H3
run-f2ebed57443be913ed5fb878,elliptic,scenario-7a8758aa7b8ec5ed7d763f35,transductive_structure,feature_mlp;gcn;graphsage,instance_router,1,declared_by_scenario,all_experts_available,instance,none,none,none,NOT_APPLICABLE,NOT_APPLICABLE,CPU_SAVED_OUTPUT_PILOT,UNKNOWN_UNTIL_PILOT,BLOCKED_RESOURCE_UNMEASURED,run_manifest+predictions+resource_record+validation,CANONICAL_SAVED_OUTPUTS,FULL_MUST_RUN,L4-H3
run-2462f50c7bd51b28fced12f2,elliptic,scenario-7a8758aa7b8ec5ed7d763f35,transductive_structure,feature_mlp;gcn;graphsage,resource_aware_heuristic,1,declared_by_scenario,all_experts_available,contract,none,none,none,NOT_APPLICABLE,NOT_APPLICABLE,CPU_SAVED_OUTPUT_PILOT,UNKNOWN_UNTIL_PILOT,BLOCKED_RESOURCE_UNMEASURED,run_manifest+predictions+resource_record+validation,CANONICAL_SAVED_OUTPUTS,STRONG_RECOMMENDED,L4-H5
run-0d518f6014a7f70ff982bd25,elliptic,scenario-7a8758aa7b8ec5ed7d763f35,transductive_structure,feature_mlp;gcn;graphsage,cheapest_feasible_expert,1,declared_by_scenario,all_experts_available,fixed,none,none,none,NOT_APPLICABLE,NOT_APPLICABLE,CPU_SAVED_OUTPUT_PILOT,UNKNOWN_UNTIL_PILOT,BLOCKED_RESOURCE_UNMEASURED,run_manifest+predictions+resource_record+validation,CANONICAL_SAVED_OUTPUTS,DIAGNOSTIC,L4-H5
run-00dbda8dfe0e0b6f3bd39ad2,elliptic,scenario-ec2ca7eefc813fb7479979f0,transductive_structure,feature_mlp;gcn;graphsage,coregraph,2,declared_by_scenario,all_experts_available,hierarchical,none,none,none,NOT_APPLICABLE,NOT_APPLICABLE,CPU_SAVED_OUTPUT_PILOT,UNKNOWN_UNTIL_PILOT,BLOCKED_RESOURCE_UNMEASURED,run_manifest+predictions+resource_record+validation,CANONICAL_SAVED_OUTPUTS,PILOT_MUST_RUN,L4-H1;L4-H2;L4-H3;L4-H4;L4-H6
run-16253915a5e94f6c18a555b2,elliptic,scenario-ec2ca7eefc813fb7479979f0,transductive_structure,feature_mlp;gcn;graphsage,uniform_average,2,declared_by_scenario,all_experts_available,fixed,none,none,none,NOT_APPLICABLE,NOT_APPLICABLE,CPU_SAVED_OUTPUT_PILOT,UNKNOWN_UNTIL_PILOT,BLOCKED_RESOURCE_UNMEASURED,run_manifest+predictions+resource_record+validation,CANONICAL_SAVED_OUTPUTS,PILOT_MUST_RUN,L4-H1
run-9066188f379c224b12c871d5,elliptic,scenario-ec2ca7eefc813fb7479979f0,transductive_structure,feature_mlp;gcn;graphsage,best_fixed_expert,2,declared_by_scenario,all_experts_available,fixed,none,none,none,NOT_APPLICABLE,NOT_APPLICABLE,CPU_SAVED_OUTPUT_PILOT,UNKNOWN_UNTIL_PILOT,BLOCKED_RESOURCE_UNMEASURED,run_manifest+predictions+resource_record+validation,CANONICAL_SAVED_OUTPUTS,PILOT_MUST_RUN,L4-H1
run-7f73c39d1464be41766c73c8,elliptic,scenario-ec2ca7eefc813fb7479979f0,transductive_structure,feature_mlp;gcn;graphsage,source_logistic_gate,2,declared_by_scenario,all_experts_available,instance,none,none,none,NOT_APPLICABLE,NOT_APPLICABLE,CPU_SAVED_OUTPUT_PILOT,UNKNOWN_UNTIL_PILOT,BLOCKED_RESOURCE_UNMEASURED,run_manifest+predictions+resource_record+validation,CANONICAL_SAVED_OUTPUTS,PILOT_MUST_RUN,L4-H2
run-887a5e3cdf7735b4a339a7a2,elliptic,scenario-ec2ca7eefc813fb7479979f0,transductive_structure,feature_mlp;gcn;graphsage,source_mlp_gate,2,declared_by_scenario,all_experts_available,instance,none,none,none,NOT_APPLICABLE,NOT_APPLICABLE,CPU_SAVED_OUTPUT_PILOT,UNKNOWN_UNTIL_PILOT,BLOCKED_RESOURCE_UNMEASURED,run_manifest+predictions+resource_record+validation,CANONICAL_SAVED_OUTPUTS,FULL_MUST_RUN,L4-H2
run-20a15ae1e198501e6a73104b,elliptic,scenario-ec2ca7eefc813fb7479979f0,transductive_structure,feature_mlp;gcn;graphsage,contract_router,2,declared_by_scenario,all_experts_available,contract,none,none,none,NOT_APPLICABLE,NOT_APPLICABLE,CPU_SAVED_OUTPUT_PILOT,UNKNOWN_UNTIL_PILOT,BLOCKED_RESOURCE_UNMEASURED,run_manifest+predictions+resource_record+validation,CANONICAL_SAVED_OUTPUTS,FULL_MUST_RUN,L4-H3
run-18951b06c8c1c7763bb26a48,elliptic,scenario-ec2ca7eefc813fb7479979f0,transductive_structure,feature_mlp;gcn;graphsage,instance_router,2,declared_by_scenario,all_experts_available,instance,none,none,none,NOT_APPLICABLE,NOT_APPLICABLE,CPU_SAVED_OUTPUT_PILOT,UNKNOWN_UNTIL_PILOT,BLOCKED_RESOURCE_UNMEASURED,run_manifest+predictions+resource_record+validation,CANONICAL_SAVED_OUTPUTS,FULL_MUST_RUN,L4-H3
run-e538a60898cd75a70a76b425,elliptic,scenario-ec2ca7eefc813fb7479979f0,transductive_structure,feature_mlp;gcn;graphsage,resource_aware_heuristic,2,declared_by_scenario,all_experts_available,contract,none,none,none,NOT_APPLICABLE,NOT_APPLICABLE,CPU_SAVED_OUTPUT_PILOT,UNKNOWN_UNTIL_PILOT,BLOCKED_RESOURCE_UNMEASURED,run_manifest+predictions+resource_record+validation,CANONICAL_SAVED_OUTPUTS,STRONG_RECOMMENDED,L4-H5
run-eb1703a40a1216ac7050f932,elliptic,scenario-ec2ca7eefc813fb7479979f0,transductive_structure,feature_mlp;gcn;graphsage,cheapest_feasible_expert,2,declared_by_scenario,all_experts_available,fixed,none,none,none,NOT_APPLICABLE,NOT_APPLICABLE,CPU_SAVED_OUTPUT_PILOT,UNKNOWN_UNTIL_PILOT,BLOCKED_RESOURCE_UNMEASURED,run_manifest+predictions+resource_record+validation,CANONICAL_SAVED_OUTPUTS,DIAGNOSTIC,L4-H5
run-7f3770350015c07c956d48fc,elliptic,scenario-d0a2b4ed50cb0ae6f6858cd0,transductive_structure,feature_mlp;gcn;graphsage,coregraph,3,declared_by_scenario,all_experts_available,hierarchical,none,none,none,NOT_APPLICABLE,NOT_APPLICABLE,CPU_SAVED_OUTPUT_PILOT,UNKNOWN_UNTIL_PILOT,BLOCKED_RESOURCE_UNMEASURED,run_manifest+predictions+resource_record+validation,CANONICAL_SAVED_OUTPUTS,PILOT_MUST_RUN,L4-H1;L4-H2;L4-H3;L4-H4;L4-H6
run-7763cb3133e84f34168268b8,elliptic,scenario-d0a2b4ed50cb0ae6f6858cd0,transductive_structure,feature_mlp;gcn;graphsage,uniform_average,3,declared_by_scenario,all_experts_available,fixed,none,none,none,NOT_APPLICABLE,NOT_APPLICABLE,CPU_SAVED_OUTPUT_PILOT,UNKNOWN_UNTIL_PILOT,BLOCKED_RESOURCE_UNMEASURED,run_manifest+predictions+resource_record+validation,CANONICAL_SAVED_OUTPUTS,PILOT_MUST_RUN,L4-H1
run-56d50317b0a7dbf0a0fc6690,elliptic,scenario-d0a2b4ed50cb0ae6f6858cd0,transductive_structure,feature_mlp;gcn;graphsage,best_fixed_expert,3,declared_by_scenario,all_experts_available,fixed,none,none,none,NOT_APPLICABLE,NOT_APPLICABLE,CPU_SAVED_OUTPUT_PILOT,UNKNOWN_UNTIL_PILOT,BLOCKED_RESOURCE_UNMEASURED,run_manifest+predictions+resource_record+validation,CANONICAL_SAVED_OUTPUTS,PILOT_MUST_RUN,L4-H1
run-fb2019063a02448c050f8287,elliptic,scenario-d0a2b4ed50cb0ae6f6858cd0,transductive_structure,feature_mlp;gcn;graphsage,source_logistic_gate,3,declared_by_scenario,all_experts_available,instance,none,none,none,NOT_APPLICABLE,NOT_APPLICABLE,CPU_SAVED_OUTPUT_PILOT,UNKNOWN_UNTIL_PILOT,BLOCKED_RESOURCE_UNMEASURED,run_manifest+predictions+resource_record+validation,CANONICAL_SAVED_OUTPUTS,PILOT_MUST_RUN,L4-H2
run-28fa6401bbb064b219ad060a,elliptic,scenario-d0a2b4ed50cb0ae6f6858cd0,transductive_structure,feature_mlp;gcn;graphsage,source_mlp_gate,3,declared_by_scenario,all_experts_available,instance,none,none,none,NOT_APPLICABLE,NOT_APPLICABLE,CPU_SAVED_OUTPUT_PILOT,UNKNOWN_UNTIL_PILOT,BLOCKED_RESOURCE_UNMEASURED,run_manifest+predictions+resource_record+validation,CANONICAL_SAVED_OUTPUTS,FULL_MUST_RUN,L4-H2
run-77f39f95e4fe429e556e52bd,elliptic,scenario-d0a2b4ed50cb0ae6f6858cd0,transductive_structure,feature_mlp;gcn;graphsage,contract_router,3,declared_by_scenario,all_experts_available,contract,none,none,none,NOT_APPLICABLE,NOT_APPLICABLE,CPU_SAVED_OUTPUT_PILOT,UNKNOWN_UNTIL_PILOT,BLOCKED_RESOURCE_UNMEASURED,run_manifest+predictions+resource_record+validation,CANONICAL_SAVED_OUTPUTS,FULL_MUST_RUN,L4-H3
run-b36bef1d6d408eb2739b75e2,elliptic,scenario-d0a2b4ed50cb0ae6f6858cd0,transductive_structure,feature_mlp;gcn;graphsage,instance_router,3,declared_by_scenario,all_experts_available,instance,none,none,none,NOT_APPLICABLE,NOT_APPLICABLE,CPU_SAVED_OUTPUT_PILOT,UNKNOWN_UNTIL_PILOT,BLOCKED_RESOURCE_UNMEASURED,run_manifest+predictions+resource_record+validation,CANONICAL_SAVED_OUTPUTS,FULL_MUST_RUN,L4-H3
run-c5c418797405435bac62f492,elliptic,scenario-d0a2b4ed50cb0ae6f6858cd0,transductive_structure,feature_mlp;gcn;graphsage,resource_aware_heuristic,3,declared_by_scenario,all_experts_available,contract,none,none,none,NOT_APPLICABLE,NOT_APPLICABLE,CPU_SAVED_OUTPUT_PILOT,UNKNOWN_UNTIL_PILOT,BLOCKED_RESOURCE_UNMEASURED,run_manifest+predictions+resource_record+validation,CANONICAL_SAVED_OUTPUTS,STRONG_RECOMMENDED,L4-H5
run-2c5797f6e22f65fb397c1e74,elliptic,scenario-d0a2b4ed50cb0ae6f6858cd0,transductive_structure,feature_mlp;gcn;graphsage,cheapest_feasible_expert,3,declared_by_scenario,all_experts_available,fixed,none,none,none,NOT_APPLICABLE,NOT_APPLICABLE,CPU_SAVED_OUTPUT_PILOT,UNKNOWN_UNTIL_PILOT,BLOCKED_RESOURCE_UNMEASURED,run_manifest+predictions+resource_record+validation,CANONICAL_SAVED_OUTPUTS,DIAGNOSTIC,L4-H5
run-82f5b7be8516edd08a9af7e7,elliptic,scenario-f27915f8624bce77a4d563d9,transductive_structure,feature_mlp;gcn;graphsage,coregraph,4,declared_by_scenario,all_experts_available,hierarchical,none,none,none,NOT_APPLICABLE,NOT_APPLICABLE,CPU_SAVED_OUTPUT_PILOT,UNKNOWN_UNTIL_PILOT,BLOCKED_RESOURCE_UNMEASURED,run_manifest+predictions+resource_record+validation,CANONICAL_SAVED_OUTPUTS,PILOT_MUST_RUN,L4-H1;L4-H2;L4-H3;L4-H4;L4-H6
run-3471f709d5637daafa1253b2,elliptic,scenario-f27915f8624bce77a4d563d9,transductive_structure,feature_mlp;gcn;graphsage,uniform_average,4,declared_by_scenario,all_experts_available,fixed,none,none,none,NOT_APPLICABLE,NOT_APPLICABLE,CPU_SAVED_OUTPUT_PILOT,UNKNOWN_UNTIL_PILOT,BLOCKED_RESOURCE_UNMEASURED,run_manifest+predictions+resource_record+validation,CANONICAL_SAVED_OUTPUTS,PILOT_MUST_RUN,L4-H1
run-ca28d6948815b2c6e4764594,elliptic,scenario-f27915f8624bce77a4d563d9,transductive_structure,feature_mlp;gcn;graphsage,best_fixed_expert,4,declared_by_scenario,all_experts_available,fixed,none,none,none,NOT_APPLICABLE,NOT_APPLICABLE,CPU_SAVED_OUTPUT_PILOT,UNKNOWN_UNTIL_PILOT,BLOCKED_RESOURCE_UNMEASURED,run_manifest+predictions+resource_record+validation,CANONICAL_SAVED_OUTPUTS,PILOT_MUST_RUN,L4-H1
run-099ef0356c09a4d306dcfb51,elliptic,scenario-f27915f8624bce77a4d563d9,transductive_structure,feature_mlp;gcn;graphsage,source_logistic_gate,4,declared_by_scenario,all_experts_available,instance,none,none,none,NOT_APPLICABLE,NOT_APPLICABLE,CPU_SAVED_OUTPUT_PILOT,UNKNOWN_UNTIL_PILOT,BLOCKED_RESOURCE_UNMEASURED,run_manifest+predictions+resource_record+validation,CANONICAL_SAVED_OUTPUTS,PILOT_MUST_RUN,L4-H2
run-3563b1c29d0f2b9d2e7c9c37,elliptic,scenario-f27915f8624bce77a4d563d9,transductive_structure,feature_mlp;gcn;graphsage,source_mlp_gate,4,declared_by_scenario,all_experts_available,instance,none,none,none,NOT_APPLICABLE,NOT_APPLICABLE,CPU_SAVED_OUTPUT_PILOT,UNKNOWN_UNTIL_PILOT,BLOCKED_RESOURCE_UNMEASURED,run_manifest+predictions+resource_record+validation,CANONICAL_SAVED_OUTPUTS,FULL_MUST_RUN,L4-H2
run-0ce23ab4f9ac089d80510cfa,elliptic,scenario-f27915f8624bce77a4d563d9,transductive_structure,feature_mlp;gcn;graphsage,contract_router,4,declared_by_scenario,all_experts_available,contract,none,none,none,NOT_APPLICABLE,NOT_APPLICABLE,CPU_SAVED_OUTPUT_PILOT,UNKNOWN_UNTIL_PILOT,BLOCKED_RESOURCE_UNMEASURED,run_manifest+predictions+resource_record+validation,CANONICAL_SAVED_OUTPUTS,FULL_MUST_RUN,L4-H3
run-342f404262d52864d50266a5,elliptic,scenario-f27915f8624bce77a4d563d9,transductive_structure,feature_mlp;gcn;graphsage,instance_router,4,declared_by_scenario,all_experts_available,instance,none,none,none,NOT_APPLICABLE,NOT_APPLICABLE,CPU_SAVED_OUTPUT_PILOT,UNKNOWN_UNTIL_PILOT,BLOCKED_RESOURCE_UNMEASURED,run_manifest+predictions+resource_record+validation,CANONICAL_SAVED_OUTPUTS,FULL_MUST_RUN,L4-H3
run-329ddd6b01b81d20fd612519,elliptic,scenario-f27915f8624bce77a4d563d9,transductive_structure,feature_mlp;gcn;graphsage,resource_aware_heuristic,4,declared_by_scenario,all_experts_available,contract,none,none,none,NOT_APPLICABLE,NOT_APPLICABLE,CPU_SAVED_OUTPUT_PILOT,UNKNOWN_UNTIL_PILOT,BLOCKED_RESOURCE_UNMEASURED,run_manifest+predictions+resource_record+validation,CANONICAL_SAVED_OUTPUTS,STRONG_RECOMMENDED,L4-H5
run-d8ce27f24e5e742e8d210e22,elliptic,scenario-f27915f8624bce77a4d563d9,transductive_structure,feature_mlp;gcn;graphsage,cheapest_feasible_expert,4,declared_by_scenario,all_experts_available,fixed,none,none,none,NOT_APPLICABLE,NOT_APPLICABLE,CPU_SAVED_OUTPUT_PILOT,UNKNOWN_UNTIL_PILOT,BLOCKED_RESOURCE_UNMEASURED,run_manifest+predictions+resource_record+validation,CANONICAL_SAVED_OUTPUTS,DIAGNOSTIC,L4-H5
run-f8cc03ee3ea11a40cd90c21b,elliptic,scenario-ff14471b38147f1696f18a93,transductive_structure,feature_mlp;gcn;graphsage,coregraph,5,declared_by_scenario,all_experts_available,hierarchical,none,none,none,NOT_APPLICABLE,NOT_APPLICABLE,CPU_SAVED_OUTPUT_PILOT,UNKNOWN_UNTIL_PILOT,BLOCKED_RESOURCE_UNMEASURED,run_manifest+predictions+resource_record+validation,CANONICAL_SAVED_OUTPUTS,PILOT_MUST_RUN,L4-H1;L4-H2;L4-H3;L4-H4;L4-H6
run-98bd3c6a1726063f3eb895f0,elliptic,scenario-ff14471b38147f1696f18a93,transductive_structure,feature_mlp;gcn;graphsage,uniform_average,5,declared_by_scenario,all_experts_available,fixed,none,none,none,NOT_APPLICABLE,NOT_APPLICABLE,CPU_SAVED_OUTPUT_PILOT,UNKNOWN_UNTIL_PILOT,BLOCKED_RESOURCE_UNMEASURED,run_manifest+predictions+resource_record+validation,CANONICAL_SAVED_OUTPUTS,PILOT_MUST_RUN,L4-H1
run-9bdb5e0867c72ad706d9f98d,elliptic,scenario-ff14471b38147f1696f18a93,transductive_structure,feature_mlp;gcn;graphsage,best_fixed_expert,5,declared_by_scenario,all_experts_available,fixed,none,none,none,NOT_APPLICABLE,NOT_APPLICABLE,CPU_SAVED_OUTPUT_PILOT,UNKNOWN_UNTIL_PILOT,BLOCKED_RESOURCE_UNMEASURED,run_manifest+predictions+resource_record+validation,CANONICAL_SAVED_OUTPUTS,PILOT_MUST_RUN,L4-H1
run-7605278b2f962abf7e150603,elliptic,scenario-ff14471b38147f1696f18a93,transductive_structure,feature_mlp;gcn;graphsage,source_logistic_gate,5,declared_by_scenario,all_experts_available,instance,none,none,none,NOT_APPLICABLE,NOT_APPLICABLE,CPU_SAVED_OUTPUT_PILOT,UNKNOWN_UNTIL_PILOT,BLOCKED_RESOURCE_UNMEASURED,run_manifest+predictions+resource_record+validation,CANONICAL_SAVED_OUTPUTS,PILOT_MUST_RUN,L4-H2
run-6e8c3a9838e37efb39fec4fb,elliptic,scenario-ff14471b38147f1696f18a93,transductive_structure,feature_mlp;gcn;graphsage,source_mlp_gate,5,declared_by_scenario,all_experts_available,instance,none,none,none,NOT_APPLICABLE,NOT_APPLICABLE,CPU_SAVED_OUTPUT_PILOT,UNKNOWN_UNTIL_PILOT,BLOCKED_RESOURCE_UNMEASURED,run_manifest+predictions+resource_record+validation,CANONICAL_SAVED_OUTPUTS,FULL_MUST_RUN,L4-H2
run-f69d5f50eaec52c6c743b026,elliptic,scenario-ff14471b38147f1696f18a93,transductive_structure,feature_mlp;gcn;graphsage,contract_router,5,declared_by_scenario,all_experts_available,contract,none,none,none,NOT_APPLICABLE,NOT_APPLICABLE,CPU_SAVED_OUTPUT_PILOT,UNKNOWN_UNTIL_PILOT,BLOCKED_RESOURCE_UNMEASURED,run_manifest+predictions+resource_record+validation,CANONICAL_SAVED_OUTPUTS,FULL_MUST_RUN,L4-H3
run-6d1f17e508eeef72063380aa,elliptic,scenario-ff14471b38147f1696f18a93,transductive_structure,feature_mlp;gcn;graphsage,instance_router,5,declared_by_scenario,all_experts_available,instance,none,none,none,NOT_APPLICABLE,NOT_APPLICABLE,CPU_SAVED_OUTPUT_PILOT,UNKNOWN_UNTIL_PILOT,BLOCKED_RESOURCE_UNMEASURED,run_manifest+predictions+resource_record+validation,CANONICAL_SAVED_OUTPUTS,FULL_MUST_RUN,L4-H3
run-206538d9d796fc1ee3e7793a,elliptic,scenario-ff14471b38147f1696f18a93,transductive_structure,feature_mlp;gcn;graphsage,resource_aware_heuristic,5,declared_by_scenario,all_experts_available,contract,none,none,none,NOT_APPLICABLE,NOT_APPLICABLE,CPU_SAVED_OUTPUT_PILOT,UNKNOWN_UNTIL_PILOT,BLOCKED_RESOURCE_UNMEASURED,run_manifest+predictions+resource_record+validation,CANONICAL_SAVED_OUTPUTS,STRONG_RECOMMENDED,L4-H5
run-216686ec8738ae9eb95efb39,elliptic,scenario-ff14471b38147f1696f18a93,transductive_structure,feature_mlp;gcn;graphsage,cheapest_feasible_expert,5,declared_by_scenario,all_experts_available,fixed,none,none,none,NOT_APPLICABLE,NOT_APPLICABLE,CPU_SAVED_OUTPUT_PILOT,UNKNOWN_UNTIL_PILOT,BLOCKED_RESOURCE_UNMEASURED,run_manifest+predictions+resource_record+validation,CANONICAL_SAVED_OUTPUTS,DIAGNOSTIC,L4-H5
run-0fca928d828c498c44827b6e,elliptic,scenario-c81d8e36ba9c70aded889d6f,transductive_structure,feature_mlp;gcn;graphsage,coregraph,6,declared_by_scenario,all_experts_available,hierarchical,none,none,none,NOT_APPLICABLE,NOT_APPLICABLE,CPU_SAVED_OUTPUT_PILOT,UNKNOWN_UNTIL_PILOT,BLOCKED_RESOURCE_UNMEASURED,run_manifest+predictions+resource_record+validation,CANONICAL_SAVED_OUTPUTS,PILOT_MUST_RUN,L4-H1;L4-H2;L4-H3;L4-H4;L4-H6
run-61506682e354a3298a218290,elliptic,scenario-c81d8e36ba9c70aded889d6f,transductive_structure,feature_mlp;gcn;graphsage,uniform_average,6,declared_by_scenario,all_experts_available,fixed,none,none,none,NOT_APPLICABLE,NOT_APPLICABLE,CPU_SAVED_OUTPUT_PILOT,UNKNOWN_UNTIL_PILOT,BLOCKED_RESOURCE_UNMEASURED,run_manifest+predictions+resource_record+validation,CANONICAL_SAVED_OUTPUTS,PILOT_MUST_RUN,L4-H1
run-875dfa03382a41a24e2d4224,elliptic,scenario-c81d8e36ba9c70aded889d6f,transductive_structure,feature_mlp;gcn;graphsage,best_fixed_expert,6,declared_by_scenario,all_experts_available,fixed,none,none,none,NOT_APPLICABLE,NOT_APPLICABLE,CPU_SAVED_OUTPUT_PILOT,UNKNOWN_UNTIL_PILOT,BLOCKED_RESOURCE_UNMEASURED,run_manifest+predictions+resource_record+validation,CANONICAL_SAVED_OUTPUTS,PILOT_MUST_RUN,L4-H1
run-4a62ccb92f31b020cf50748d,elliptic,scenario-c81d8e36ba9c70aded889d6f,transductive_structure,feature_mlp;gcn;graphsage,source_logistic_gate,6,declared_by_scenario,all_experts_available,instance,none,none,none,NOT_APPLICABLE,NOT_APPLICABLE,CPU_SAVED_OUTPUT_PILOT,UNKNOWN_UNTIL_PILOT,BLOCKED_RESOURCE_UNMEASURED,run_manifest+predictions+resource_record+validation,CANONICAL_SAVED_OUTPUTS,PILOT_MUST_RUN,L4-H2
run-9897207f55343b3e55fa7343,elliptic,scenario-c81d8e36ba9c70aded889d6f,transductive_structure,feature_mlp;gcn;graphsage,source_mlp_gate,6,declared_by_scenario,all_experts_available,instance,none,none,none,NOT_APPLICABLE,NOT_APPLICABLE,CPU_SAVED_OUTPUT_PILOT,UNKNOWN_UNTIL_PILOT,BLOCKED_RESOURCE_UNMEASURED,run_manifest+predictions+resource_record+validation,CANONICAL_SAVED_OUTPUTS,FULL_MUST_RUN,L4-H2
run-6db68b8a307280e2bac85167,elliptic,scenario-c81d8e36ba9c70aded889d6f,transductive_structure,feature_mlp;gcn;graphsage,contract_router,6,declared_by_scenario,all_experts_available,contract,none,none,none,NOT_APPLICABLE,NOT_APPLICABLE,CPU_SAVED_OUTPUT_PILOT,UNKNOWN_UNTIL_PILOT,BLOCKED_RESOURCE_UNMEASURED,run_manifest+predictions+resource_record+validation,CANONICAL_SAVED_OUTPUTS,FULL_MUST_RUN,L4-H3
run-915e6f5f901e5db56479aab6,elliptic,scenario-c81d8e36ba9c70aded889d6f,transductive_structure,feature_mlp;gcn;graphsage,instance_router,6,declared_by_scenario,all_experts_available,instance,none,none,none,NOT_APPLICABLE,NOT_APPLICABLE,CPU_SAVED_OUTPUT_PILOT,UNKNOWN_UNTIL_PILOT,BLOCKED_RESOURCE_UNMEASURED,run_manifest+predictions+resource_record+validation,CANONICAL_SAVED_OUTPUTS,FULL_MUST_RUN,L4-H3
run-ad979b8fcba18832e53e446a,elliptic,scenario-c81d8e36ba9c70aded889d6f,transductive_structure,feature_mlp;gcn;graphsage,resource_aware_heuristic,6,declared_by_scenario,all_experts_available,contract,none,none,none,NOT_APPLICABLE,NOT_APPLICABLE,CPU_SAVED_OUTPUT_PILOT,UNKNOWN_UNTIL_PILOT,BLOCKED_RESOURCE_UNMEASURED,run_manifest+predictions+resource_record+validation,CANONICAL_SAVED_OUTPUTS,STRONG_RECOMMENDED,L4-H5
run-618b51798ed3706581439541,elliptic,scenario-c81d8e36ba9c70aded889d6f,transductive_structure,feature_mlp;gcn;graphsage,cheapest_feasible_expert,6,declared_by_scenario,all_experts_available,fixed,none,none,none,NOT_APPLICABLE,NOT_APPLICABLE,CPU_SAVED_OUTPUT_PILOT,UNKNOWN_UNTIL_PILOT,BLOCKED_RESOURCE_UNMEASURED,run_manifest+predictions+resource_record+validation,CANONICAL_SAVED_OUTPUTS,DIAGNOSTIC,L4-H5
run-a32db0ec5a66dbe0e030401d,elliptic,scenario-02886163cea65183854312f2,transductive_structure,feature_mlp;gcn;graphsage,coregraph,7,declared_by_scenario,all_experts_available,hierarchical,none,none,none,NOT_APPLICABLE,NOT_APPLICABLE,CPU_SAVED_OUTPUT_PILOT,UNKNOWN_UNTIL_PILOT,BLOCKED_RESOURCE_UNMEASURED,run_manifest+predictions+resource_record+validation,CANONICAL_SAVED_OUTPUTS,PILOT_MUST_RUN,L4-H1;L4-H2;L4-H3;L4-H4;L4-H6
run-e106ee7cf90953f9b0d0f867,elliptic,scenario-02886163cea65183854312f2,transductive_structure,feature_mlp;gcn;graphsage,uniform_average,7,declared_by_scenario,all_experts_available,fixed,none,none,none,NOT_APPLICABLE,NOT_APPLICABLE,CPU_SAVED_OUTPUT_PILOT,UNKNOWN_UNTIL_PILOT,BLOCKED_RESOURCE_UNMEASURED,run_manifest+predictions+resource_record+validation,CANONICAL_SAVED_OUTPUTS,PILOT_MUST_RUN,L4-H1
run-01c2344b36f7b3db20b1418a,elliptic,scenario-02886163cea65183854312f2,transductive_structure,feature_mlp;gcn;graphsage,best_fixed_expert,7,declared_by_scenario,all_experts_available,fixed,none,none,none,NOT_APPLICABLE,NOT_APPLICABLE,CPU_SAVED_OUTPUT_PILOT,UNKNOWN_UNTIL_PILOT,BLOCKED_RESOURCE_UNMEASURED,run_manifest+predictions+resource_record+validation,CANONICAL_SAVED_OUTPUTS,PILOT_MUST_RUN,L4-H1
run-f9fb0be397949f514028ab00,elliptic,scenario-02886163cea65183854312f2,transductive_structure,feature_mlp;gcn;graphsage,source_logistic_gate,7,declared_by_scenario,all_experts_available,instance,none,none,none,NOT_APPLICABLE,NOT_APPLICABLE,CPU_SAVED_OUTPUT_PILOT,UNKNOWN_UNTIL_PILOT,BLOCKED_RESOURCE_UNMEASURED,run_manifest+predictions+resource_record+validation,CANONICAL_SAVED_OUTPUTS,PILOT_MUST_RUN,L4-H2
run-d14f6020570b8848c3a5835e,elliptic,scenario-02886163cea65183854312f2,transductive_structure,feature_mlp;gcn;graphsage,source_mlp_gate,7,declared_by_scenario,all_experts_available,instance,none,none,none,NOT_APPLICABLE,NOT_APPLICABLE,CPU_SAVED_OUTPUT_PILOT,UNKNOWN_UNTIL_PILOT,BLOCKED_RESOURCE_UNMEASURED,run_manifest+predictions+resource_record+validation,CANONICAL_SAVED_OUTPUTS,FULL_MUST_RUN,L4-H2
run-2c48c3bfba0fb6f53e27e4b3,elliptic,scenario-02886163cea65183854312f2,transductive_structure,feature_mlp;gcn;graphsage,contract_router,7,declared_by_scenario,all_experts_available,contract,none,none,none,NOT_APPLICABLE,NOT_APPLICABLE,CPU_SAVED_OUTPUT_PILOT,UNKNOWN_UNTIL_PILOT,BLOCKED_RESOURCE_UNMEASURED,run_manifest+predictions+resource_record+validation,CANONICAL_SAVED_OUTPUTS,FULL_MUST_RUN,L4-H3
run-4953539798255e19d9e5fb57,elliptic,scenario-02886163cea65183854312f2,transductive_structure,feature_mlp;gcn;graphsage,instance_router,7,declared_by_scenario,all_experts_available,instance,none,none,none,NOT_APPLICABLE,NOT_APPLICABLE,CPU_SAVED_OUTPUT_PILOT,UNKNOWN_UNTIL_PILOT,BLOCKED_RESOURCE_UNMEASURED,run_manifest+predictions+resource_record+validation,CANONICAL_SAVED_OUTPUTS,FULL_MUST_RUN,L4-H3
run-5248e644624d59ff4012c13b,elliptic,scenario-02886163cea65183854312f2,transductive_structure,feature_mlp;gcn;graphsage,resource_aware_heuristic,7,declared_by_scenario,all_experts_available,contract,none,none,none,NOT_APPLICABLE,NOT_APPLICABLE,CPU_SAVED_OUTPUT_PILOT,UNKNOWN_UNTIL_PILOT,BLOCKED_RESOURCE_UNMEASURED,run_manifest+predictions+resource_record+validation,CANONICAL_SAVED_OUTPUTS,STRONG_RECOMMENDED,L4-H5
run-7a121d16e899c4d7e5b5607e,elliptic,scenario-02886163cea65183854312f2,transductive_structure,feature_mlp;gcn;graphsage,cheapest_feasible_expert,7,declared_by_scenario,all_experts_available,fixed,none,none,none,NOT_APPLICABLE,NOT_APPLICABLE,CPU_SAVED_OUTPUT_PILOT,UNKNOWN_UNTIL_PILOT,BLOCKED_RESOURCE_UNMEASURED,run_manifest+predictions+resource_record+validation,CANONICAL_SAVED_OUTPUTS,DIAGNOSTIC,L4-H5
run-51011a01bcfa99835a34c0c6,elliptic,scenario-e3f3bc0aefe98e912b42f3a7,transductive_structure,feature_mlp;gcn;graphsage,coregraph,8,declared_by_scenario,all_experts_available,hierarchical,none,none,none,NOT_APPLICABLE,NOT_APPLICABLE,CPU_SAVED_OUTPUT_PILOT,UNKNOWN_UNTIL_PILOT,BLOCKED_RESOURCE_UNMEASURED,run_manifest+predictions+resource_record+validation,CANONICAL_SAVED_OUTPUTS,PILOT_MUST_RUN,L4-H1;L4-H2;L4-H3;L4-H4;L4-H6
run-893f71dc8c57c0ea29e3c813,elliptic,scenario-e3f3bc0aefe98e912b42f3a7,transductive_structure,feature_mlp;gcn;graphsage,uniform_average,8,declared_by_scenario,all_experts_available,fixed,none,none,none,NOT_APPLICABLE,NOT_APPLICABLE,CPU_SAVED_OUTPUT_PILOT,UNKNOWN_UNTIL_PILOT,BLOCKED_RESOURCE_UNMEASURED,run_manifest+predictions+resource_record+validation,CANONICAL_SAVED_OUTPUTS,PILOT_MUST_RUN,L4-H1
run-fb6b7d1510ce41f6beb0def1,elliptic,scenario-e3f3bc0aefe98e912b42f3a7,transductive_structure,feature_mlp;gcn;graphsage,best_fixed_expert,8,declared_by_scenario,all_experts_available,fixed,none,none,none,NOT_APPLICABLE,NOT_APPLICABLE,CPU_SAVED_OUTPUT_PILOT,UNKNOWN_UNTIL_PILOT,BLOCKED_RESOURCE_UNMEASURED,run_manifest+predictions+resource_record+validation,CANONICAL_SAVED_OUTPUTS,PILOT_MUST_RUN,L4-H1
run-57738c5315c00384cf0aa3b3,elliptic,scenario-e3f3bc0aefe98e912b42f3a7,transductive_structure,feature_mlp;gcn;graphsage,source_logistic_gate,8,declared_by_scenario,all_experts_available,instance,none,none,none,NOT_APPLICABLE,NOT_APPLICABLE,CPU_SAVED_OUTPUT_PILOT,UNKNOWN_UNTIL_PILOT,BLOCKED_RESOURCE_UNMEASURED,run_manifest+predictions+resource_record+validation,CANONICAL_SAVED_OUTPUTS,PILOT_MUST_RUN,L4-H2
run-eaae67592c7fc3530c9b078d,elliptic,scenario-e3f3bc0aefe98e912b42f3a7,transductive_structure,feature_mlp;gcn;graphsage,source_mlp_gate,8,declared_by_scenario,all_experts_available,instance,none,none,none,NOT_APPLICABLE,NOT_APPLICABLE,CPU_SAVED_OUTPUT_PILOT,UNKNOWN_UNTIL_PILOT,BLOCKED_RESOURCE_UNMEASURED,run_manifest+predictions+resource_record+validation,CANONICAL_SAVED_OUTPUTS,FULL_MUST_RUN,L4-H2
run-8e95a49ad7cc83e3fd9f4db6,elliptic,scenario-e3f3bc0aefe98e912b42f3a7,transductive_structure,feature_mlp;gcn;graphsage,contract_router,8,declared_by_scenario,all_experts_available,contract,none,none,none,NOT_APPLICABLE,NOT_APPLICABLE,CPU_SAVED_OUTPUT_PILOT,UNKNOWN_UNTIL_PILOT,BLOCKED_RESOURCE_UNMEASURED,run_manifest+predictions+resource_record+validation,CANONICAL_SAVED_OUTPUTS,FULL_MUST_RUN,L4-H3
run-3418a2d33e411cc2f103ffe3,elliptic,scenario-e3f3bc0aefe98e912b42f3a7,transductive_structure,feature_mlp;gcn;graphsage,instance_router,8,declared_by_scenario,all_experts_available,instance,none,none,none,NOT_APPLICABLE,NOT_APPLICABLE,CPU_SAVED_OUTPUT_PILOT,UNKNOWN_UNTIL_PILOT,BLOCKED_RESOURCE_UNMEASURED,run_manifest+predictions+resource_record+validation,CANONICAL_SAVED_OUTPUTS,FULL_MUST_RUN,L4-H3
run-7aefee017bb08a5c941c6350,elliptic,scenario-e3f3bc0aefe98e912b42f3a7,transductive_structure,feature_mlp;gcn;graphsage,resource_aware_heuristic,8,declared_by_scenario,all_experts_available,contract,none,none,none,NOT_APPLICABLE,NOT_APPLICABLE,CPU_SAVED_OUTPUT_PILOT,UNKNOWN_UNTIL_PILOT,BLOCKED_RESOURCE_UNMEASURED,run_manifest+predictions+resource_record+validation,CANONICAL_SAVED_OUTPUTS,STRONG_RECOMMENDED,L4-H5
run-ef20bd2c7b0e0c2b11a1d190,elliptic,scenario-e3f3bc0aefe98e912b42f3a7,transductive_structure,feature_mlp;gcn;graphsage,cheapest_feasible_expert,8,declared_by_scenario,all_experts_available,fixed,none,none,none,NOT_APPLICABLE,NOT_APPLICABLE,CPU_SAVED_OUTPUT_PILOT,UNKNOWN_UNTIL_PILOT,BLOCKED_RESOURCE_UNMEASURED,run_manifest+predictions+resource_record+validation,CANONICAL_SAVED_OUTPUTS,DIAGNOSTIC,L4-H5
run-556115544ca67142c7fae809,elliptic,scenario-5f7e6bde8fe2dfb89a620c0b,transductive_structure,feature_mlp;gcn;graphsage,coregraph,9,declared_by_scenario,all_experts_available,hierarchical,none,none,none,NOT_APPLICABLE,NOT_APPLICABLE,CPU_SAVED_OUTPUT_PILOT,UNKNOWN_UNTIL_PILOT,BLOCKED_RESOURCE_UNMEASURED,run_manifest+predictions+resource_record+validation,CANONICAL_SAVED_OUTPUTS,PILOT_MUST_RUN,L4-H1;L4-H2;L4-H3;L4-H4;L4-H6
run-62ee3ee3dbd3f8866a99e58e,elliptic,scenario-5f7e6bde8fe2dfb89a620c0b,transductive_structure,feature_mlp;gcn;graphsage,uniform_average,9,declared_by_scenario,all_experts_available,fixed,none,none,none,NOT_APPLICABLE,NOT_APPLICABLE,CPU_SAVED_OUTPUT_PILOT,UNKNOWN_UNTIL_PILOT,BLOCKED_RESOURCE_UNMEASURED,run_manifest+predictions+resource_record+validation,CANONICAL_SAVED_OUTPUTS,PILOT_MUST_RUN,L4-H1
run-bf239c410dc5bca9b62f6931,elliptic,scenario-5f7e6bde8fe2dfb89a620c0b,transductive_structure,feature_mlp;gcn;graphsage,best_fixed_expert,9,declared_by_scenario,all_experts_available,fixed,none,none,none,NOT_APPLICABLE,NOT_APPLICABLE,CPU_SAVED_OUTPUT_PILOT,UNKNOWN_UNTIL_PILOT,BLOCKED_RESOURCE_UNMEASURED,run_manifest+predictions+resource_record+validation,CANONICAL_SAVED_OUTPUTS,PILOT_MUST_RUN,L4-H1
run-241e31d2d280c1e0dfcfd994,elliptic,scenario-5f7e6bde8fe2dfb89a620c0b,transductive_structure,feature_mlp;gcn;graphsage,source_logistic_gate,9,declared_by_scenario,all_experts_available,instance,none,none,none,NOT_APPLICABLE,NOT_APPLICABLE,CPU_SAVED_OUTPUT_PILOT,UNKNOWN_UNTIL_PILOT,BLOCKED_RESOURCE_UNMEASURED,run_manifest+predictions+resource_record+validation,CANONICAL_SAVED_OUTPUTS,PILOT_MUST_RUN,L4-H2
run-436a18b8953e73d43bbad31e,elliptic,scenario-5f7e6bde8fe2dfb89a620c0b,transductive_structure,feature_mlp;gcn;graphsage,source_mlp_gate,9,declared_by_scenario,all_experts_available,instance,none,none,none,NOT_APPLICABLE,NOT_APPLICABLE,CPU_SAVED_OUTPUT_PILOT,UNKNOWN_UNTIL_PILOT,BLOCKED_RESOURCE_UNMEASURED,run_manifest+predictions+resource_record+validation,CANONICAL_SAVED_OUTPUTS,FULL_MUST_RUN,L4-H2
run-08e2afb4c413186ac3feea04,elliptic,scenario-5f7e6bde8fe2dfb89a620c0b,transductive_structure,feature_mlp;gcn;graphsage,contract_router,9,declared_by_scenario,all_experts_available,contract,none,none,none,NOT_APPLICABLE,NOT_APPLICABLE,CPU_SAVED_OUTPUT_PILOT,UNKNOWN_UNTIL_PILOT,BLOCKED_RESOURCE_UNMEASURED,run_manifest+predictions+resource_record+validation,CANONICAL_SAVED_OUTPUTS,FULL_MUST_RUN,L4-H3
run-00f7a74de004c32463f8edfd,elliptic,scenario-5f7e6bde8fe2dfb89a620c0b,transductive_structure,feature_mlp;gcn;graphsage,instance_router,9,declared_by_scenario,all_experts_available,instance,none,none,none,NOT_APPLICABLE,NOT_APPLICABLE,CPU_SAVED_OUTPUT_PILOT,UNKNOWN_UNTIL_PILOT,BLOCKED_RESOURCE_UNMEASURED,run_manifest+predictions+resource_record+validation,CANONICAL_SAVED_OUTPUTS,FULL_MUST_RUN,L4-H3
run-983be9c4b15f18ec2e67ed9c,elliptic,scenario-5f7e6bde8fe2dfb89a620c0b,transductive_structure,feature_mlp;gcn;graphsage,resource_aware_heuristic,9,declared_by_scenario,all_experts_available,contract,none,none,none,NOT_APPLICABLE,NOT_APPLICABLE,CPU_SAVED_OUTPUT_PILOT,UNKNOWN_UNTIL_PILOT,BLOCKED_RESOURCE_UNMEASURED,run_manifest+predictions+resource_record+validation,CANONICAL_SAVED_OUTPUTS,STRONG_RECOMMENDED,L4-H5
run-42dc25929111f6114eac0d9a,elliptic,scenario-5f7e6bde8fe2dfb89a620c0b,transductive_structure,feature_mlp;gcn;graphsage,cheapest_feasible_expert,9,declared_by_scenario,all_experts_available,fixed,none,none,none,NOT_APPLICABLE,NOT_APPLICABLE,CPU_SAVED_OUTPUT_PILOT,UNKNOWN_UNTIL_PILOT,BLOCKED_RESOURCE_UNMEASURED,run_manifest+predictions+resource_record+validation,CANONICAL_SAVED_OUTPUTS,DIAGNOSTIC,L4-H5
run-0b5c8e2d53f2b81d36bd65a4,elliptic,scenario-83721c54507e574a04c867e9,transductive_structure,feature_mlp;gcn;graphsage,coregraph,10,declared_by_scenario,all_experts_available,hierarchical,none,none,none,NOT_APPLICABLE,NOT_APPLICABLE,CPU_SAVED_OUTPUT_PILOT,UNKNOWN_UNTIL_PILOT,BLOCKED_RESOURCE_UNMEASURED,run_manifest+predictions+resource_record+validation,CANONICAL_SAVED_OUTPUTS,PILOT_MUST_RUN,L4-H1;L4-H2;L4-H3;L4-H4;L4-H6
run-602008df27f3e62c09128f03,elliptic,scenario-83721c54507e574a04c867e9,transductive_structure,feature_mlp;gcn;graphsage,uniform_average,10,declared_by_scenario,all_experts_available,fixed,none,none,none,NOT_APPLICABLE,NOT_APPLICABLE,CPU_SAVED_OUTPUT_PILOT,UNKNOWN_UNTIL_PILOT,BLOCKED_RESOURCE_UNMEASURED,run_manifest+predictions+resource_record+validation,CANONICAL_SAVED_OUTPUTS,PILOT_MUST_RUN,L4-H1
run-9160be44403a7ab60e827af8,elliptic,scenario-83721c54507e574a04c867e9,transductive_structure,feature_mlp;gcn;graphsage,best_fixed_expert,10,declared_by_scenario,all_experts_available,fixed,none,none,none,NOT_APPLICABLE,NOT_APPLICABLE,CPU_SAVED_OUTPUT_PILOT,UNKNOWN_UNTIL_PILOT,BLOCKED_RESOURCE_UNMEASURED,run_manifest+predictions+resource_record+validation,CANONICAL_SAVED_OUTPUTS,PILOT_MUST_RUN,L4-H1
run-6903d9e28579ecffc7624ee0,elliptic,scenario-83721c54507e574a04c867e9,transductive_structure,feature_mlp;gcn;graphsage,source_logistic_gate,10,declared_by_scenario,all_experts_available,instance,none,none,none,NOT_APPLICABLE,NOT_APPLICABLE,CPU_SAVED_OUTPUT_PILOT,UNKNOWN_UNTIL_PILOT,BLOCKED_RESOURCE_UNMEASURED,run_manifest+predictions+resource_record+validation,CANONICAL_SAVED_OUTPUTS,PILOT_MUST_RUN,L4-H2
run-40b5ac4234d5c9aca471ed25,elliptic,scenario-83721c54507e574a04c867e9,transductive_structure,feature_mlp;gcn;graphsage,source_mlp_gate,10,declared_by_scenario,all_experts_available,instance,none,none,none,NOT_APPLICABLE,NOT_APPLICABLE,CPU_SAVED_OUTPUT_PILOT,UNKNOWN_UNTIL_PILOT,BLOCKED_RESOURCE_UNMEASURED,run_manifest+predictions+resource_record+validation,CANONICAL_SAVED_OUTPUTS,FULL_MUST_RUN,L4-H2
run-565a032ed283f1e7af692aea,elliptic,scenario-83721c54507e574a04c867e9,transductive_structure,feature_mlp;gcn;graphsage,contract_router,10,declared_by_scenario,all_experts_available,contract,none,none,none,NOT_APPLICABLE,NOT_APPLICABLE,CPU_SAVED_OUTPUT_PILOT,UNKNOWN_UNTIL_PILOT,BLOCKED_RESOURCE_UNMEASURED,run_manifest+predictions+resource_record+validation,CANONICAL_SAVED_OUTPUTS,FULL_MUST_RUN,L4-H3
run-e2ecfb729d51f6cc17bec57f,elliptic,scenario-83721c54507e574a04c867e9,transductive_structure,feature_mlp;gcn;graphsage,instance_router,10,declared_by_scenario,all_experts_available,instance,none,none,none,NOT_APPLICABLE,NOT_APPLICABLE,CPU_SAVED_OUTPUT_PILOT,UNKNOWN_UNTIL_PILOT,BLOCKED_RESOURCE_UNMEASURED,run_manifest+predictions+resource_record+validation,CANONICAL_SAVED_OUTPUTS,FULL_MUST_RUN,L4-H3
run-c54ed82a4991b944c7ef57fb,elliptic,scenario-83721c54507e574a04c867e9,transductive_structure,feature_mlp;gcn;graphsage,resource_aware_heuristic,10,declared_by_scenario,all_experts_available,contract,none,none,none,NOT_APPLICABLE,NOT_APPLICABLE,CPU_SAVED_OUTPUT_PILOT,UNKNOWN_UNTIL_PILOT,BLOCKED_RESOURCE_UNMEASURED,run_manifest+predictions+resource_record+validation,CANONICAL_SAVED_OUTPUTS,STRONG_RECOMMENDED,L4-H5
run-d7bfa8d5b6f65f3327354310,elliptic,scenario-83721c54507e574a04c867e9,transductive_structure,feature_mlp;gcn;graphsage,cheapest_feasible_expert,10,declared_by_scenario,all_experts_available,fixed,none,none,none,NOT_APPLICABLE,NOT_APPLICABLE,CPU_SAVED_OUTPUT_PILOT,UNKNOWN_UNTIL_PILOT,BLOCKED_RESOURCE_UNMEASURED,run_manifest+predictions+resource_record+validation,CANONICAL_SAVED_OUTPUTS,DIAGNOSTIC,L4-H5
run-ca3de10057748fb002e45f8a,dgraphfin,scenario-be8ab824e4375a55c2a0ef11,strict_inductive,feature_mlp;gcn;graphsage,coregraph,1,declared_by_scenario,all_experts_available,hierarchical,none,none,none,NOT_APPLICABLE,NOT_APPLICABLE,CPU_SAVED_OUTPUT_PILOT,UNKNOWN_UNTIL_PILOT,BLOCKED_RESOURCE_UNMEASURED,run_manifest+predictions+resource_record+validation,CANONICAL_SAVED_OUTPUTS,PILOT_MUST_RUN,L4-H1;L4-H2;L4-H3;L4-H4;L4-H6
run-07228b900b0345fa6cce2753,dgraphfin,scenario-be8ab824e4375a55c2a0ef11,strict_inductive,feature_mlp;gcn;graphsage,uniform_average,1,declared_by_scenario,all_experts_available,fixed,none,none,none,NOT_APPLICABLE,NOT_APPLICABLE,CPU_SAVED_OUTPUT_PILOT,UNKNOWN_UNTIL_PILOT,BLOCKED_RESOURCE_UNMEASURED,run_manifest+predictions+resource_record+validation,CANONICAL_SAVED_OUTPUTS,PILOT_MUST_RUN,L4-H1
run-872c2d1ff0bfd84057be0fe9,dgraphfin,scenario-be8ab824e4375a55c2a0ef11,strict_inductive,feature_mlp;gcn;graphsage,best_fixed_expert,1,declared_by_scenario,all_experts_available,fixed,none,none,none,NOT_APPLICABLE,NOT_APPLICABLE,CPU_SAVED_OUTPUT_PILOT,UNKNOWN_UNTIL_PILOT,BLOCKED_RESOURCE_UNMEASURED,run_manifest+predictions+resource_record+validation,CANONICAL_SAVED_OUTPUTS,PILOT_MUST_RUN,L4-H1
run-ebd58c96a381587e0c3eb12c,dgraphfin,scenario-be8ab824e4375a55c2a0ef11,strict_inductive,feature_mlp;gcn;graphsage,source_logistic_gate,1,declared_by_scenario,all_experts_available,instance,none,none,none,NOT_APPLICABLE,NOT_APPLICABLE,CPU_SAVED_OUTPUT_PILOT,UNKNOWN_UNTIL_PILOT,BLOCKED_RESOURCE_UNMEASURED,run_manifest+predictions+resource_record+validation,CANONICAL_SAVED_OUTPUTS,PILOT_MUST_RUN,L4-H2
run-aac518fd0b162c42dda8bf47,dgraphfin,scenario-be8ab824e4375a55c2a0ef11,strict_inductive,feature_mlp;gcn;graphsage,source_mlp_gate,1,declared_by_scenario,all_experts_available,instance,none,none,none,NOT_APPLICABLE,NOT_APPLICABLE,CPU_SAVED_OUTPUT_PILOT,UNKNOWN_UNTIL_PILOT,BLOCKED_RESOURCE_UNMEASURED,run_manifest+predictions+resource_record+validation,CANONICAL_SAVED_OUTPUTS,FULL_MUST_RUN,L4-H2
run-c2e163114b383e379c41ed1b,dgraphfin,scenario-be8ab824e4375a55c2a0ef11,strict_inductive,feature_mlp;gcn;graphsage,contract_router,1,declared_by_scenario,all_experts_available,contract,none,none,none,NOT_APPLICABLE,NOT_APPLICABLE,CPU_SAVED_OUTPUT_PILOT,UNKNOWN_UNTIL_PILOT,BLOCKED_RESOURCE_UNMEASURED,run_manifest+predictions+resource_record+validation,CANONICAL_SAVED_OUTPUTS,FULL_MUST_RUN,L4-H3
run-69f6be462cec898d90c669be,dgraphfin,scenario-be8ab824e4375a55c2a0ef11,strict_inductive,feature_mlp;gcn;graphsage,instance_router,1,declared_by_scenario,all_experts_available,instance,none,none,none,NOT_APPLICABLE,NOT_APPLICABLE,CPU_SAVED_OUTPUT_PILOT,UNKNOWN_UNTIL_PILOT,BLOCKED_RESOURCE_UNMEASURED,run_manifest+predictions+resource_record+validation,CANONICAL_SAVED_OUTPUTS,FULL_MUST_RUN,L4-H3
run-287811b1b73313879873a7ba,dgraphfin,scenario-be8ab824e4375a55c2a0ef11,strict_inductive,feature_mlp;gcn;graphsage,resource_aware_heuristic,1,declared_by_scenario,all_experts_available,contract,none,none,none,NOT_APPLICABLE,NOT_APPLICABLE,CPU_SAVED_OUTPUT_PILOT,UNKNOWN_UNTIL_PILOT,BLOCKED_RESOURCE_UNMEASURED,run_manifest+predictions+resource_record+validation,CANONICAL_SAVED_OUTPUTS,STRONG_RECOMMENDED,L4-H5
run-843c2f76d8269b27cba497e0,dgraphfin,scenario-be8ab824e4375a55c2a0ef11,strict_inductive,feature_mlp;gcn;graphsage,cheapest_feasible_expert,1,declared_by_scenario,all_experts_available,fixed,none,none,none,NOT_APPLICABLE,NOT_APPLICABLE,CPU_SAVED_OUTPUT_PILOT,UNKNOWN_UNTIL_PILOT,BLOCKED_RESOURCE_UNMEASURED,run_manifest+predictions+resource_record+validation,CANONICAL_SAVED_OUTPUTS,DIAGNOSTIC,L4-H5
run-cf67d976a415584b908baa7d,dgraphfin,scenario-cfe841f4f840791b099bae6a,strict_inductive,feature_mlp;gcn;graphsage,coregraph,2,declared_by_scenario,all_experts_available,hierarchical,none,none,none,NOT_APPLICABLE,NOT_APPLICABLE,CPU_SAVED_OUTPUT_PILOT,UNKNOWN_UNTIL_PILOT,BLOCKED_RESOURCE_UNMEASURED,run_manifest+predictions+resource_record+validation,CANONICAL_SAVED_OUTPUTS,PILOT_MUST_RUN,L4-H1;L4-H2;L4-H3;L4-H4;L4-H6
run-e6b3e98a0fe4466bc75d0b4a,dgraphfin,scenario-cfe841f4f840791b099bae6a,strict_inductive,feature_mlp;gcn;graphsage,uniform_average,2,declared_by_scenario,all_experts_available,fixed,none,none,none,NOT_APPLICABLE,NOT_APPLICABLE,CPU_SAVED_OUTPUT_PILOT,UNKNOWN_UNTIL_PILOT,BLOCKED_RESOURCE_UNMEASURED,run_manifest+predictions+resource_record+validation,CANONICAL_SAVED_OUTPUTS,PILOT_MUST_RUN,L4-H1
run-d168e4e3d108a619ba7bff96,dgraphfin,scenario-cfe841f4f840791b099bae6a,strict_inductive,feature_mlp;gcn;graphsage,best_fixed_expert,2,declared_by_scenario,all_experts_available,fixed,none,none,none,NOT_APPLICABLE,NOT_APPLICABLE,CPU_SAVED_OUTPUT_PILOT,UNKNOWN_UNTIL_PILOT,BLOCKED_RESOURCE_UNMEASURED,run_manifest+predictions+resource_record+validation,CANONICAL_SAVED_OUTPUTS,PILOT_MUST_RUN,L4-H1
run-f640925a75e2afaaa5055466,dgraphfin,scenario-cfe841f4f840791b099bae6a,strict_inductive,feature_mlp;gcn;graphsage,source_logistic_gate,2,declared_by_scenario,all_experts_available,instance,none,none,none,NOT_APPLICABLE,NOT_APPLICABLE,CPU_SAVED_OUTPUT_PILOT,UNKNOWN_UNTIL_PILOT,BLOCKED_RESOURCE_UNMEASURED,run_manifest+predictions+resource_record+validation,CANONICAL_SAVED_OUTPUTS,PILOT_MUST_RUN,L4-H2
run-6410a9309f0d3d420224f57f,dgraphfin,scenario-cfe841f4f840791b099bae6a,strict_inductive,feature_mlp;gcn;graphsage,source_mlp_gate,2,declared_by_scenario,all_experts_available,instance,none,none,none,NOT_APPLICABLE,NOT_APPLICABLE,CPU_SAVED_OUTPUT_PILOT,UNKNOWN_UNTIL_PILOT,BLOCKED_RESOURCE_UNMEASURED,run_manifest+predictions+resource_record+validation,CANONICAL_SAVED_OUTPUTS,FULL_MUST_RUN,L4-H2
run-aef0f99a4964fcbc479e28b9,dgraphfin,scenario-cfe841f4f840791b099bae6a,strict_inductive,feature_mlp;gcn;graphsage,contract_router,2,declared_by_scenario,all_experts_available,contract,none,none,none,NOT_APPLICABLE,NOT_APPLICABLE,CPU_SAVED_OUTPUT_PILOT,UNKNOWN_UNTIL_PILOT,BLOCKED_RESOURCE_UNMEASURED,run_manifest+predictions+resource_record+validation,CANONICAL_SAVED_OUTPUTS,FULL_MUST_RUN,L4-H3
run-7ce77f1ca43e15914ad51028,dgraphfin,scenario-cfe841f4f840791b099bae6a,strict_inductive,feature_mlp;gcn;graphsage,instance_router,2,declared_by_scenario,all_experts_available,instance,none,none,none,NOT_APPLICABLE,NOT_APPLICABLE,CPU_SAVED_OUTPUT_PILOT,UNKNOWN_UNTIL_PILOT,BLOCKED_RESOURCE_UNMEASURED,run_manifest+predictions+resource_record+validation,CANONICAL_SAVED_OUTPUTS,FULL_MUST_RUN,L4-H3
run-9b07c105dadd8abe4e655832,dgraphfin,scenario-cfe841f4f840791b099bae6a,strict_inductive,feature_mlp;gcn;graphsage,resource_aware_heuristic,2,declared_by_scenario,all_experts_available,contract,none,none,none,NOT_APPLICABLE,NOT_APPLICABLE,CPU_SAVED_OUTPUT_PILOT,UNKNOWN_UNTIL_PILOT,BLOCKED_RESOURCE_UNMEASURED,run_manifest+predictions+resource_record+validation,CANONICAL_SAVED_OUTPUTS,STRONG_RECOMMENDED,L4-H5
run-ec5abafb1b885f0d8be0f51f,dgraphfin,scenario-cfe841f4f840791b099bae6a,strict_inductive,feature_mlp;gcn;graphsage,cheapest_feasible_expert,2,declared_by_scenario,all_experts_available,fixed,none,none,none,NOT_APPLICABLE,NOT_APPLICABLE,CPU_SAVED_OUTPUT_PILOT,UNKNOWN_UNTIL_PILOT,BLOCKED_RESOURCE_UNMEASURED,run_manifest+predictions+resource_record+validation,CANONICAL_SAVED_OUTPUTS,DIAGNOSTIC,L4-H5
run-730c365e5ea5a3361c91d63c,dgraphfin,scenario-3e0cd249e6192ae3d624f854,strict_inductive,feature_mlp;gcn;graphsage,coregraph,3,declared_by_scenario,all_experts_available,hierarchical,none,none,none,NOT_APPLICABLE,NOT_APPLICABLE,CPU_SAVED_OUTPUT_PILOT,UNKNOWN_UNTIL_PILOT,BLOCKED_RESOURCE_UNMEASURED,run_manifest+predictions+resource_record+validation,CANONICAL_SAVED_OUTPUTS,PILOT_MUST_RUN,L4-H1;L4-H2;L4-H3;L4-H4;L4-H6
run-3ba6e47926a1ba5820dca616,dgraphfin,scenario-3e0cd249e6192ae3d624f854,strict_inductive,feature_mlp;gcn;graphsage,uniform_average,3,declared_by_scenario,all_experts_available,fixed,none,none,none,NOT_APPLICABLE,NOT_APPLICABLE,CPU_SAVED_OUTPUT_PILOT,UNKNOWN_UNTIL_PILOT,BLOCKED_RESOURCE_UNMEASURED,run_manifest+predictions+resource_record+validation,CANONICAL_SAVED_OUTPUTS,PILOT_MUST_RUN,L4-H1
run-f1adc71ed3543a66627479c2,dgraphfin,scenario-3e0cd249e6192ae3d624f854,strict_inductive,feature_mlp;gcn;graphsage,best_fixed_expert,3,declared_by_scenario,all_experts_available,fixed,none,none,none,NOT_APPLICABLE,NOT_APPLICABLE,CPU_SAVED_OUTPUT_PILOT,UNKNOWN_UNTIL_PILOT,BLOCKED_RESOURCE_UNMEASURED,run_manifest+predictions+resource_record+validation,CANONICAL_SAVED_OUTPUTS,PILOT_MUST_RUN,L4-H1
run-c5f8740cc1d6b30b0db3649b,dgraphfin,scenario-3e0cd249e6192ae3d624f854,strict_inductive,feature_mlp;gcn;graphsage,source_logistic_gate,3,declared_by_scenario,all_experts_available,instance,none,none,none,NOT_APPLICABLE,NOT_APPLICABLE,CPU_SAVED_OUTPUT_PILOT,UNKNOWN_UNTIL_PILOT,BLOCKED_RESOURCE_UNMEASURED,run_manifest+predictions+resource_record+validation,CANONICAL_SAVED_OUTPUTS,PILOT_MUST_RUN,L4-H2
run-bb11c7fe54137d1ef3aeb576,dgraphfin,scenario-3e0cd249e6192ae3d624f854,strict_inductive,feature_mlp;gcn;graphsage,source_mlp_gate,3,declared_by_scenario,all_experts_available,instance,none,none,none,NOT_APPLICABLE,NOT_APPLICABLE,CPU_SAVED_OUTPUT_PILOT,UNKNOWN_UNTIL_PILOT,BLOCKED_RESOURCE_UNMEASURED,run_manifest+predictions+resource_record+validation,CANONICAL_SAVED_OUTPUTS,FULL_MUST_RUN,L4-H2
run-fab74a3858fd210b00ff4f10,dgraphfin,scenario-3e0cd249e6192ae3d624f854,strict_inductive,feature_mlp;gcn;graphsage,contract_router,3,declared_by_scenario,all_experts_available,contract,none,none,none,NOT_APPLICABLE,NOT_APPLICABLE,CPU_SAVED_OUTPUT_PILOT,UNKNOWN_UNTIL_PILOT,BLOCKED_RESOURCE_UNMEASURED,run_manifest+predictions+resource_record+validation,CANONICAL_SAVED_OUTPUTS,FULL_MUST_RUN,L4-H3
run-819cc5f147c395322dd8cab7,dgraphfin,scenario-3e0cd249e6192ae3d624f854,strict_inductive,feature_mlp;gcn;graphsage,instance_router,3,declared_by_scenario,all_experts_available,instance,none,none,none,NOT_APPLICABLE,NOT_APPLICABLE,CPU_SAVED_OUTPUT_PILOT,UNKNOWN_UNTIL_PILOT,BLOCKED_RESOURCE_UNMEASURED,run_manifest+predictions+resource_record+validation,CANONICAL_SAVED_OUTPUTS,FULL_MUST_RUN,L4-H3
run-3b7d904f3701045bd82703b7,dgraphfin,scenario-3e0cd249e6192ae3d624f854,strict_inductive,feature_mlp;gcn;graphsage,resource_aware_heuristic,3,declared_by_scenario,all_experts_available,contract,none,none,none,NOT_APPLICABLE,NOT_APPLICABLE,CPU_SAVED_OUTPUT_PILOT,UNKNOWN_UNTIL_PILOT,BLOCKED_RESOURCE_UNMEASURED,run_manifest+predictions+resource_record+validation,CANONICAL_SAVED_OUTPUTS,STRONG_RECOMMENDED,L4-H5
run-d9a2ad6867b5a0950a80512f,dgraphfin,scenario-3e0cd249e6192ae3d624f854,strict_inductive,feature_mlp;gcn;graphsage,cheapest_feasible_expert,3,declared_by_scenario,all_experts_available,fixed,none,none,none,NOT_APPLICABLE,NOT_APPLICABLE,CPU_SAVED_OUTPUT_PILOT,UNKNOWN_UNTIL_PILOT,BLOCKED_RESOURCE_UNMEASURED,run_manifest+predictions+resource_record+validation,CANONICAL_SAVED_OUTPUTS,DIAGNOSTIC,L4-H5
run-1f1166ec7b78480880744187,dgraphfin,scenario-742792b2111479f851651a36,strict_inductive,feature_mlp;gcn;graphsage,coregraph,4,declared_by_scenario,all_experts_available,hierarchical,none,none,none,NOT_APPLICABLE,NOT_APPLICABLE,CPU_SAVED_OUTPUT_PILOT,UNKNOWN_UNTIL_PILOT,BLOCKED_RESOURCE_UNMEASURED,run_manifest+predictions+resource_record+validation,CANONICAL_SAVED_OUTPUTS,PILOT_MUST_RUN,L4-H1;L4-H2;L4-H3;L4-H4;L4-H6
run-34a1eeedf2c11dea30290f44,dgraphfin,scenario-742792b2111479f851651a36,strict_inductive,feature_mlp;gcn;graphsage,uniform_average,4,declared_by_scenario,all_experts_available,fixed,none,none,none,NOT_APPLICABLE,NOT_APPLICABLE,CPU_SAVED_OUTPUT_PILOT,UNKNOWN_UNTIL_PILOT,BLOCKED_RESOURCE_UNMEASURED,run_manifest+predictions+resource_record+validation,CANONICAL_SAVED_OUTPUTS,PILOT_MUST_RUN,L4-H1
run-4cdee308a389872789fc89f7,dgraphfin,scenario-742792b2111479f851651a36,strict_inductive,feature_mlp;gcn;graphsage,best_fixed_expert,4,declared_by_scenario,all_experts_available,fixed,none,none,none,NOT_APPLICABLE,NOT_APPLICABLE,CPU_SAVED_OUTPUT_PILOT,UNKNOWN_UNTIL_PILOT,BLOCKED_RESOURCE_UNMEASURED,run_manifest+predictions+resource_record+validation,CANONICAL_SAVED_OUTPUTS,PILOT_MUST_RUN,L4-H1
run-2988977baa65b0230a7e38af,dgraphfin,scenario-742792b2111479f851651a36,strict_inductive,feature_mlp;gcn;graphsage,source_logistic_gate,4,declared_by_scenario,all_experts_available,instance,none,none,none,NOT_APPLICABLE,NOT_APPLICABLE,CPU_SAVED_OUTPUT_PILOT,UNKNOWN_UNTIL_PILOT,BLOCKED_RESOURCE_UNMEASURED,run_manifest+predictions+resource_record+validation,CANONICAL_SAVED_OUTPUTS,PILOT_MUST_RUN,L4-H2
run-cdbcfe2c60cf2911396ef43c,dgraphfin,scenario-742792b2111479f851651a36,strict_inductive,feature_mlp;gcn;graphsage,source_mlp_gate,4,declared_by_scenario,all_experts_available,instance,none,none,none,NOT_APPLICABLE,NOT_APPLICABLE,CPU_SAVED_OUTPUT_PILOT,UNKNOWN_UNTIL_PILOT,BLOCKED_RESOURCE_UNMEASURED,run_manifest+predictions+resource_record+validation,CANONICAL_SAVED_OUTPUTS,FULL_MUST_RUN,L4-H2
run-7be86fe3b314c53d9c751759,dgraphfin,scenario-742792b2111479f851651a36,strict_inductive,feature_mlp;gcn;graphsage,contract_router,4,declared_by_scenario,all_experts_available,contract,none,none,none,NOT_APPLICABLE,NOT_APPLICABLE,CPU_SAVED_OUTPUT_PILOT,UNKNOWN_UNTIL_PILOT,BLOCKED_RESOURCE_UNMEASURED,run_manifest+predictions+resource_record+validation,CANONICAL_SAVED_OUTPUTS,FULL_MUST_RUN,L4-H3
run-14782c57612337fefc299b17,dgraphfin,scenario-742792b2111479f851651a36,strict_inductive,feature_mlp;gcn;graphsage,instance_router,4,declared_by_scenario,all_experts_available,instance,none,none,none,NOT_APPLICABLE,NOT_APPLICABLE,CPU_SAVED_OUTPUT_PILOT,UNKNOWN_UNTIL_PILOT,BLOCKED_RESOURCE_UNMEASURED,run_manifest+predictions+resource_record+validation,CANONICAL_SAVED_OUTPUTS,FULL_MUST_RUN,L4-H3
run-f684f532dde018a8b0776a8b,dgraphfin,scenario-742792b2111479f851651a36,strict_inductive,feature_mlp;gcn;graphsage,resource_aware_heuristic,4,declared_by_scenario,all_experts_available,contract,none,none,none,NOT_APPLICABLE,NOT_APPLICABLE,CPU_SAVED_OUTPUT_PILOT,UNKNOWN_UNTIL_PILOT,BLOCKED_RESOURCE_UNMEASURED,run_manifest+predictions+resource_record+validation,CANONICAL_SAVED_OUTPUTS,STRONG_RECOMMENDED,L4-H5
run-551491b8676ad6fd7277c0c2,dgraphfin,scenario-742792b2111479f851651a36,strict_inductive,feature_mlp;gcn;graphsage,cheapest_feasible_expert,4,declared_by_scenario,all_experts_available,fixed,none,none,none,NOT_APPLICABLE,NOT_APPLICABLE,CPU_SAVED_OUTPUT_PILOT,UNKNOWN_UNTIL_PILOT,BLOCKED_RESOURCE_UNMEASURED,run_manifest+predictions+resource_record+validation,CANONICAL_SAVED_OUTPUTS,DIAGNOSTIC,L4-H5
run-89337f9e173482b5fa532948,dgraphfin,scenario-e78de6d7dc26017270475525,strict_inductive,feature_mlp;gcn;graphsage,coregraph,5,declared_by_scenario,all_experts_available,hierarchical,none,none,none,NOT_APPLICABLE,NOT_APPLICABLE,CPU_SAVED_OUTPUT_PILOT,UNKNOWN_UNTIL_PILOT,BLOCKED_RESOURCE_UNMEASURED,run_manifest+predictions+resource_record+validation,CANONICAL_SAVED_OUTPUTS,PILOT_MUST_RUN,L4-H1;L4-H2;L4-H3;L4-H4;L4-H6
run-8e2be167356bf5834abc1264,dgraphfin,scenario-e78de6d7dc26017270475525,strict_inductive,feature_mlp;gcn;graphsage,uniform_average,5,declared_by_scenario,all_experts_available,fixed,none,none,none,NOT_APPLICABLE,NOT_APPLICABLE,CPU_SAVED_OUTPUT_PILOT,UNKNOWN_UNTIL_PILOT,BLOCKED_RESOURCE_UNMEASURED,run_manifest+predictions+resource_record+validation,CANONICAL_SAVED_OUTPUTS,PILOT_MUST_RUN,L4-H1
run-22fa75d9127f01ab576835ef,dgraphfin,scenario-e78de6d7dc26017270475525,strict_inductive,feature_mlp;gcn;graphsage,best_fixed_expert,5,declared_by_scenario,all_experts_available,fixed,none,none,none,NOT_APPLICABLE,NOT_APPLICABLE,CPU_SAVED_OUTPUT_PILOT,UNKNOWN_UNTIL_PILOT,BLOCKED_RESOURCE_UNMEASURED,run_manifest+predictions+resource_record+validation,CANONICAL_SAVED_OUTPUTS,PILOT_MUST_RUN,L4-H1
run-8db776ef81a4931b5a37cb70,dgraphfin,scenario-e78de6d7dc26017270475525,strict_inductive,feature_mlp;gcn;graphsage,source_logistic_gate,5,declared_by_scenario,all_experts_available,instance,none,none,none,NOT_APPLICABLE,NOT_APPLICABLE,CPU_SAVED_OUTPUT_PILOT,UNKNOWN_UNTIL_PILOT,BLOCKED_RESOURCE_UNMEASURED,run_manifest+predictions+resource_record+validation,CANONICAL_SAVED_OUTPUTS,PILOT_MUST_RUN,L4-H2
run-f7857ceb62ccb84084de59ac,dgraphfin,scenario-e78de6d7dc26017270475525,strict_inductive,feature_mlp;gcn;graphsage,source_mlp_gate,5,declared_by_scenario,all_experts_available,instance,none,none,none,NOT_APPLICABLE,NOT_APPLICABLE,CPU_SAVED_OUTPUT_PILOT,UNKNOWN_UNTIL_PILOT,BLOCKED_RESOURCE_UNMEASURED,run_manifest+predictions+resource_record+validation,CANONICAL_SAVED_OUTPUTS,FULL_MUST_RUN,L4-H2
run-cbd49532d0b1f22589d4aadf,dgraphfin,scenario-e78de6d7dc26017270475525,strict_inductive,feature_mlp;gcn;graphsage,contract_router,5,declared_by_scenario,all_experts_available,contract,none,none,none,NOT_APPLICABLE,NOT_APPLICABLE,CPU_SAVED_OUTPUT_PILOT,UNKNOWN_UNTIL_PILOT,BLOCKED_RESOURCE_UNMEASURED,run_manifest+predictions+resource_record+validation,CANONICAL_SAVED_OUTPUTS,FULL_MUST_RUN,L4-H3
run-a6fb3e1aae9f9c05f13671f0,dgraphfin,scenario-e78de6d7dc26017270475525,strict_inductive,feature_mlp;gcn;graphsage,instance_router,5,declared_by_scenario,all_experts_available,instance,none,none,none,NOT_APPLICABLE,NOT_APPLICABLE,CPU_SAVED_OUTPUT_PILOT,UNKNOWN_UNTIL_PILOT,BLOCKED_RESOURCE_UNMEASURED,run_manifest+predictions+resource_record+validation,CANONICAL_SAVED_OUTPUTS,FULL_MUST_RUN,L4-H3
run-73925fc49596fd78e4d68bd8,dgraphfin,scenario-e78de6d7dc26017270475525,strict_inductive,feature_mlp;gcn;graphsage,resource_aware_heuristic,5,declared_by_scenario,all_experts_available,contract,none,none,none,NOT_APPLICABLE,NOT_APPLICABLE,CPU_SAVED_OUTPUT_PILOT,UNKNOWN_UNTIL_PILOT,BLOCKED_RESOURCE_UNMEASURED,run_manifest+predictions+resource_record+validation,CANONICAL_SAVED_OUTPUTS,STRONG_RECOMMENDED,L4-H5
run-db36049baf186f037ef8d22a,dgraphfin,scenario-e78de6d7dc26017270475525,strict_inductive,feature_mlp;gcn;graphsage,cheapest_feasible_expert,5,declared_by_scenario,all_experts_available,fixed,none,none,none,NOT_APPLICABLE,NOT_APPLICABLE,CPU_SAVED_OUTPUT_PILOT,UNKNOWN_UNTIL_PILOT,BLOCKED_RESOURCE_UNMEASURED,run_manifest+predictions+resource_record+validation,CANONICAL_SAVED_OUTPUTS,DIAGNOSTIC,L4-H5
run-65b136ffc5f71a9ccf778d33,dgraphfin,scenario-f011749392c93d114b8d646c,strict_inductive,feature_mlp;gcn;graphsage,coregraph,6,declared_by_scenario,all_experts_available,hierarchical,none,none,none,NOT_APPLICABLE,NOT_APPLICABLE,CPU_SAVED_OUTPUT_PILOT,UNKNOWN_UNTIL_PILOT,BLOCKED_RESOURCE_UNMEASURED,run_manifest+predictions+resource_record+validation,CANONICAL_SAVED_OUTPUTS,PILOT_MUST_RUN,L4-H1;L4-H2;L4-H3;L4-H4;L4-H6
run-8523c55bf61eecfbde40e939,dgraphfin,scenario-f011749392c93d114b8d646c,strict_inductive,feature_mlp;gcn;graphsage,uniform_average,6,declared_by_scenario,all_experts_available,fixed,none,none,none,NOT_APPLICABLE,NOT_APPLICABLE,CPU_SAVED_OUTPUT_PILOT,UNKNOWN_UNTIL_PILOT,BLOCKED_RESOURCE_UNMEASURED,run_manifest+predictions+resource_record+validation,CANONICAL_SAVED_OUTPUTS,PILOT_MUST_RUN,L4-H1
run-64aa2c45dfe1ae70a83028a1,dgraphfin,scenario-f011749392c93d114b8d646c,strict_inductive,feature_mlp;gcn;graphsage,best_fixed_expert,6,declared_by_scenario,all_experts_available,fixed,none,none,none,NOT_APPLICABLE,NOT_APPLICABLE,CPU_SAVED_OUTPUT_PILOT,UNKNOWN_UNTIL_PILOT,BLOCKED_RESOURCE_UNMEASURED,run_manifest+predictions+resource_record+validation,CANONICAL_SAVED_OUTPUTS,PILOT_MUST_RUN,L4-H1
run-dbfe2023063abff21168ab4a,dgraphfin,scenario-f011749392c93d114b8d646c,strict_inductive,feature_mlp;gcn;graphsage,source_logistic_gate,6,declared_by_scenario,all_experts_available,instance,none,none,none,NOT_APPLICABLE,NOT_APPLICABLE,CPU_SAVED_OUTPUT_PILOT,UNKNOWN_UNTIL_PILOT,BLOCKED_RESOURCE_UNMEASURED,run_manifest+predictions+resource_record+validation,CANONICAL_SAVED_OUTPUTS,PILOT_MUST_RUN,L4-H2
run-33df186a06bd225a94d0c12f,dgraphfin,scenario-f011749392c93d114b8d646c,strict_inductive,feature_mlp;gcn;graphsage,source_mlp_gate,6,declared_by_scenario,all_experts_available,instance,none,none,none,NOT_APPLICABLE,NOT_APPLICABLE,CPU_SAVED_OUTPUT_PILOT,UNKNOWN_UNTIL_PILOT,BLOCKED_RESOURCE_UNMEASURED,run_manifest+predictions+resource_record+validation,CANONICAL_SAVED_OUTPUTS,FULL_MUST_RUN,L4-H2
run-ba6668b53e0a2f3ba6da7ddd,dgraphfin,scenario-f011749392c93d114b8d646c,strict_inductive,feature_mlp;gcn;graphsage,contract_router,6,declared_by_scenario,all_experts_available,contract,none,none,none,NOT_APPLICABLE,NOT_APPLICABLE,CPU_SAVED_OUTPUT_PILOT,UNKNOWN_UNTIL_PILOT,BLOCKED_RESOURCE_UNMEASURED,run_manifest+predictions+resource_record+validation,CANONICAL_SAVED_OUTPUTS,FULL_MUST_RUN,L4-H3
run-6e33a214015de2ee03182ede,dgraphfin,scenario-f011749392c93d114b8d646c,strict_inductive,feature_mlp;gcn;graphsage,instance_router,6,declared_by_scenario,all_experts_available,instance,none,none,none,NOT_APPLICABLE,NOT_APPLICABLE,CPU_SAVED_OUTPUT_PILOT,UNKNOWN_UNTIL_PILOT,BLOCKED_RESOURCE_UNMEASURED,run_manifest+predictions+resource_record+validation,CANONICAL_SAVED_OUTPUTS,FULL_MUST_RUN,L4-H3
run-1249da7caef9991b47ee6784,dgraphfin,scenario-f011749392c93d114b8d646c,strict_inductive,feature_mlp;gcn;graphsage,resource_aware_heuristic,6,declared_by_scenario,all_experts_available,contract,none,none,none,NOT_APPLICABLE,NOT_APPLICABLE,CPU_SAVED_OUTPUT_PILOT,UNKNOWN_UNTIL_PILOT,BLOCKED_RESOURCE_UNMEASURED,run_manifest+predictions+resource_record+validation,CANONICAL_SAVED_OUTPUTS,STRONG_RECOMMENDED,L4-H5
run-47a7b07328cbe59fa648b60b,dgraphfin,scenario-f011749392c93d114b8d646c,strict_inductive,feature_mlp;gcn;graphsage,cheapest_feasible_expert,6,declared_by_scenario,all_experts_available,fixed,none,none,none,NOT_APPLICABLE,NOT_APPLICABLE,CPU_SAVED_OUTPUT_PILOT,UNKNOWN_UNTIL_PILOT,BLOCKED_RESOURCE_UNMEASURED,run_manifest+predictions+resource_record+validation,CANONICAL_SAVED_OUTPUTS,DIAGNOSTIC,L4-H5
run-b34ebb4b1e2310602df344d0,dgraphfin,scenario-230a91dc8dd2c7847902479a,strict_inductive,feature_mlp;gcn;graphsage,coregraph,7,declared_by_scenario,all_experts_available,hierarchical,none,none,none,NOT_APPLICABLE,NOT_APPLICABLE,CPU_SAVED_OUTPUT_PILOT,UNKNOWN_UNTIL_PILOT,BLOCKED_RESOURCE_UNMEASURED,run_manifest+predictions+resource_record+validation,CANONICAL_SAVED_OUTPUTS,PILOT_MUST_RUN,L4-H1;L4-H2;L4-H3;L4-H4;L4-H6
run-cbaa820c47e8b9279534de2a,dgraphfin,scenario-230a91dc8dd2c7847902479a,strict_inductive,feature_mlp;gcn;graphsage,uniform_average,7,declared_by_scenario,all_experts_available,fixed,none,none,none,NOT_APPLICABLE,NOT_APPLICABLE,CPU_SAVED_OUTPUT_PILOT,UNKNOWN_UNTIL_PILOT,BLOCKED_RESOURCE_UNMEASURED,run_manifest+predictions+resource_record+validation,CANONICAL_SAVED_OUTPUTS,PILOT_MUST_RUN,L4-H1
run-37a4d525e603511119e03461,dgraphfin,scenario-230a91dc8dd2c7847902479a,strict_inductive,feature_mlp;gcn;graphsage,best_fixed_expert,7,declared_by_scenario,all_experts_available,fixed,none,none,none,NOT_APPLICABLE,NOT_APPLICABLE,CPU_SAVED_OUTPUT_PILOT,UNKNOWN_UNTIL_PILOT,BLOCKED_RESOURCE_UNMEASURED,run_manifest+predictions+resource_record+validation,CANONICAL_SAVED_OUTPUTS,PILOT_MUST_RUN,L4-H1
run-ff048165ff99816609bdbbed,dgraphfin,scenario-230a91dc8dd2c7847902479a,strict_inductive,feature_mlp;gcn;graphsage,source_logistic_gate,7,declared_by_scenario,all_experts_available,instance,none,none,none,NOT_APPLICABLE,NOT_APPLICABLE,CPU_SAVED_OUTPUT_PILOT,UNKNOWN_UNTIL_PILOT,BLOCKED_RESOURCE_UNMEASURED,run_manifest+predictions+resource_record+validation,CANONICAL_SAVED_OUTPUTS,PILOT_MUST_RUN,L4-H2
run-85bd31244172d79251a6845c,dgraphfin,scenario-230a91dc8dd2c7847902479a,strict_inductive,feature_mlp;gcn;graphsage,source_mlp_gate,7,declared_by_scenario,all_experts_available,instance,none,none,none,NOT_APPLICABLE,NOT_APPLICABLE,CPU_SAVED_OUTPUT_PILOT,UNKNOWN_UNTIL_PILOT,BLOCKED_RESOURCE_UNMEASURED,run_manifest+predictions+resource_record+validation,CANONICAL_SAVED_OUTPUTS,FULL_MUST_RUN,L4-H2
run-8167f9dd33307d62b41d88b6,dgraphfin,scenario-230a91dc8dd2c7847902479a,strict_inductive,feature_mlp;gcn;graphsage,contract_router,7,declared_by_scenario,all_experts_available,contract,none,none,none,NOT_APPLICABLE,NOT_APPLICABLE,CPU_SAVED_OUTPUT_PILOT,UNKNOWN_UNTIL_PILOT,BLOCKED_RESOURCE_UNMEASURED,run_manifest+predictions+resource_record+validation,CANONICAL_SAVED_OUTPUTS,FULL_MUST_RUN,L4-H3
run-15cdce5d8edaee78d519f4fa,dgraphfin,scenario-230a91dc8dd2c7847902479a,strict_inductive,feature_mlp;gcn;graphsage,instance_router,7,declared_by_scenario,all_experts_available,instance,none,none,none,NOT_APPLICABLE,NOT_APPLICABLE,CPU_SAVED_OUTPUT_PILOT,UNKNOWN_UNTIL_PILOT,BLOCKED_RESOURCE_UNMEASURED,run_manifest+predictions+resource_record+validation,CANONICAL_SAVED_OUTPUTS,FULL_MUST_RUN,L4-H3
run-bf254314bfe60af1cf86e90b,dgraphfin,scenario-230a91dc8dd2c7847902479a,strict_inductive,feature_mlp;gcn;graphsage,resource_aware_heuristic,7,declared_by_scenario,all_experts_available,contract,none,none,none,NOT_APPLICABLE,NOT_APPLICABLE,CPU_SAVED_OUTPUT_PILOT,UNKNOWN_UNTIL_PILOT,BLOCKED_RESOURCE_UNMEASURED,run_manifest+predictions+resource_record+validation,CANONICAL_SAVED_OUTPUTS,STRONG_RECOMMENDED,L4-H5
run-ee990c4b4807eff472f13724,dgraphfin,scenario-230a91dc8dd2c7847902479a,strict_inductive,feature_mlp;gcn;graphsage,cheapest_feasible_expert,7,declared_by_scenario,all_experts_available,fixed,none,none,none,NOT_APPLICABLE,NOT_APPLICABLE,CPU_SAVED_OUTPUT_PILOT,UNKNOWN_UNTIL_PILOT,BLOCKED_RESOURCE_UNMEASURED,run_manifest+predictions+resource_record+validation,CANONICAL_SAVED_OUTPUTS,DIAGNOSTIC,L4-H5
run-917471e57b2eed8b0c058ef0,dgraphfin,scenario-28636a4410c14a8824cb732e,strict_inductive,feature_mlp;gcn;graphsage,coregraph,8,declared_by_scenario,all_experts_available,hierarchical,none,none,none,NOT_APPLICABLE,NOT_APPLICABLE,CPU_SAVED_OUTPUT_PILOT,UNKNOWN_UNTIL_PILOT,BLOCKED_RESOURCE_UNMEASURED,run_manifest+predictions+resource_record+validation,CANONICAL_SAVED_OUTPUTS,PILOT_MUST_RUN,L4-H1;L4-H2;L4-H3;L4-H4;L4-H6
run-d964802954d003cbacbd0999,dgraphfin,scenario-28636a4410c14a8824cb732e,strict_inductive,feature_mlp;gcn;graphsage,uniform_average,8,declared_by_scenario,all_experts_available,fixed,none,none,none,NOT_APPLICABLE,NOT_APPLICABLE,CPU_SAVED_OUTPUT_PILOT,UNKNOWN_UNTIL_PILOT,BLOCKED_RESOURCE_UNMEASURED,run_manifest+predictions+resource_record+validation,CANONICAL_SAVED_OUTPUTS,PILOT_MUST_RUN,L4-H1
run-27fc7f05eb7f7cb66fa68b68,dgraphfin,scenario-28636a4410c14a8824cb732e,strict_inductive,feature_mlp;gcn;graphsage,best_fixed_expert,8,declared_by_scenario,all_experts_available,fixed,none,none,none,NOT_APPLICABLE,NOT_APPLICABLE,CPU_SAVED_OUTPUT_PILOT,UNKNOWN_UNTIL_PILOT,BLOCKED_RESOURCE_UNMEASURED,run_manifest+predictions+resource_record+validation,CANONICAL_SAVED_OUTPUTS,PILOT_MUST_RUN,L4-H1
run-70f4611f587d912cf094987e,dgraphfin,scenario-28636a4410c14a8824cb732e,strict_inductive,feature_mlp;gcn;graphsage,source_logistic_gate,8,declared_by_scenario,all_experts_available,instance,none,none,none,NOT_APPLICABLE,NOT_APPLICABLE,CPU_SAVED_OUTPUT_PILOT,UNKNOWN_UNTIL_PILOT,BLOCKED_RESOURCE_UNMEASURED,run_manifest+predictions+resource_record+validation,CANONICAL_SAVED_OUTPUTS,PILOT_MUST_RUN,L4-H2
run-b094b9e0dc36fb8dcc63cb16,dgraphfin,scenario-28636a4410c14a8824cb732e,strict_inductive,feature_mlp;gcn;graphsage,source_mlp_gate,8,declared_by_scenario,all_experts_available,instance,none,none,none,NOT_APPLICABLE,NOT_APPLICABLE,CPU_SAVED_OUTPUT_PILOT,UNKNOWN_UNTIL_PILOT,BLOCKED_RESOURCE_UNMEASURED,run_manifest+predictions+resource_record+validation,CANONICAL_SAVED_OUTPUTS,FULL_MUST_RUN,L4-H2
run-5b79b60d7b957aab30abd5ac,dgraphfin,scenario-28636a4410c14a8824cb732e,strict_inductive,feature_mlp;gcn;graphsage,contract_router,8,declared_by_scenario,all_experts_available,contract,none,none,none,NOT_APPLICABLE,NOT_APPLICABLE,CPU_SAVED_OUTPUT_PILOT,UNKNOWN_UNTIL_PILOT,BLOCKED_RESOURCE_UNMEASURED,run_manifest+predictions+resource_record+validation,CANONICAL_SAVED_OUTPUTS,FULL_MUST_RUN,L4-H3
run-8b9c0ea56fbf8ae1d204d6ab,dgraphfin,scenario-28636a4410c14a8824cb732e,strict_inductive,feature_mlp;gcn;graphsage,instance_router,8,declared_by_scenario,all_experts_available,instance,none,none,none,NOT_APPLICABLE,NOT_APPLICABLE,CPU_SAVED_OUTPUT_PILOT,UNKNOWN_UNTIL_PILOT,BLOCKED_RESOURCE_UNMEASURED,run_manifest+predictions+resource_record+validation,CANONICAL_SAVED_OUTPUTS,FULL_MUST_RUN,L4-H3
run-2f83f9487cd9d86bfdf54819,dgraphfin,scenario-28636a4410c14a8824cb732e,strict_inductive,feature_mlp;gcn;graphsage,resource_aware_heuristic,8,declared_by_scenario,all_experts_available,contract,none,none,none,NOT_APPLICABLE,NOT_APPLICABLE,CPU_SAVED_OUTPUT_PILOT,UNKNOWN_UNTIL_PILOT,BLOCKED_RESOURCE_UNMEASURED,run_manifest+predictions+resource_record+validation,CANONICAL_SAVED_OUTPUTS,STRONG_RECOMMENDED,L4-H5
run-fd246d6fb8a8759a51e49e6e,dgraphfin,scenario-28636a4410c14a8824cb732e,strict_inductive,feature_mlp;gcn;graphsage,cheapest_feasible_expert,8,declared_by_scenario,all_experts_available,fixed,none,none,none,NOT_APPLICABLE,NOT_APPLICABLE,CPU_SAVED_OUTPUT_PILOT,UNKNOWN_UNTIL_PILOT,BLOCKED_RESOURCE_UNMEASURED,run_manifest+predictions+resource_record+validation,CANONICAL_SAVED_OUTPUTS,DIAGNOSTIC,L4-H5
run-1a571c18abbcc94775d9eb83,dgraphfin,scenario-413ef5e8d1c097ac8518a7a6,strict_inductive,feature_mlp;gcn;graphsage,coregraph,9,declared_by_scenario,all_experts_available,hierarchical,none,none,none,NOT_APPLICABLE,NOT_APPLICABLE,CPU_SAVED_OUTPUT_PILOT,UNKNOWN_UNTIL_PILOT,BLOCKED_RESOURCE_UNMEASURED,run_manifest+predictions+resource_record+validation,CANONICAL_SAVED_OUTPUTS,PILOT_MUST_RUN,L4-H1;L4-H2;L4-H3;L4-H4;L4-H6
run-8629186e468827830a500b8f,dgraphfin,scenario-413ef5e8d1c097ac8518a7a6,strict_inductive,feature_mlp;gcn;graphsage,uniform_average,9,declared_by_scenario,all_experts_available,fixed,none,none,none,NOT_APPLICABLE,NOT_APPLICABLE,CPU_SAVED_OUTPUT_PILOT,UNKNOWN_UNTIL_PILOT,BLOCKED_RESOURCE_UNMEASURED,run_manifest+predictions+resource_record+validation,CANONICAL_SAVED_OUTPUTS,PILOT_MUST_RUN,L4-H1
run-44dff87045a9042f8717d7fc,dgraphfin,scenario-413ef5e8d1c097ac8518a7a6,strict_inductive,feature_mlp;gcn;graphsage,best_fixed_expert,9,declared_by_scenario,all_experts_available,fixed,none,none,none,NOT_APPLICABLE,NOT_APPLICABLE,CPU_SAVED_OUTPUT_PILOT,UNKNOWN_UNTIL_PILOT,BLOCKED_RESOURCE_UNMEASURED,run_manifest+predictions+resource_record+validation,CANONICAL_SAVED_OUTPUTS,PILOT_MUST_RUN,L4-H1
run-9ccf230a9999128b6347975a,dgraphfin,scenario-413ef5e8d1c097ac8518a7a6,strict_inductive,feature_mlp;gcn;graphsage,source_logistic_gate,9,declared_by_scenario,all_experts_available,instance,none,none,none,NOT_APPLICABLE,NOT_APPLICABLE,CPU_SAVED_OUTPUT_PILOT,UNKNOWN_UNTIL_PILOT,BLOCKED_RESOURCE_UNMEASURED,run_manifest+predictions+resource_record+validation,CANONICAL_SAVED_OUTPUTS,PILOT_MUST_RUN,L4-H2
run-bdf598f5aba0018939153834,dgraphfin,scenario-413ef5e8d1c097ac8518a7a6,strict_inductive,feature_mlp;gcn;graphsage,source_mlp_gate,9,declared_by_scenario,all_experts_available,instance,none,none,none,NOT_APPLICABLE,NOT_APPLICABLE,CPU_SAVED_OUTPUT_PILOT,UNKNOWN_UNTIL_PILOT,BLOCKED_RESOURCE_UNMEASURED,run_manifest+predictions+resource_record+validation,CANONICAL_SAVED_OUTPUTS,FULL_MUST_RUN,L4-H2
run-442025ca2d5347219688e204,dgraphfin,scenario-413ef5e8d1c097ac8518a7a6,strict_inductive,feature_mlp;gcn;graphsage,contract_router,9,declared_by_scenario,all_experts_available,contract,none,none,none,NOT_APPLICABLE,NOT_APPLICABLE,CPU_SAVED_OUTPUT_PILOT,UNKNOWN_UNTIL_PILOT,BLOCKED_RESOURCE_UNMEASURED,run_manifest+predictions+resource_record+validation,CANONICAL_SAVED_OUTPUTS,FULL_MUST_RUN,L4-H3
run-60d5102adcb95a7b1b81fb24,dgraphfin,scenario-413ef5e8d1c097ac8518a7a6,strict_inductive,feature_mlp;gcn;graphsage,instance_router,9,declared_by_scenario,all_experts_available,instance,none,none,none,NOT_APPLICABLE,NOT_APPLICABLE,CPU_SAVED_OUTPUT_PILOT,UNKNOWN_UNTIL_PILOT,BLOCKED_RESOURCE_UNMEASURED,run_manifest+predictions+resource_record+validation,CANONICAL_SAVED_OUTPUTS,FULL_MUST_RUN,L4-H3
run-81aeb9348f296330cb7aa63b,dgraphfin,scenario-413ef5e8d1c097ac8518a7a6,strict_inductive,feature_mlp;gcn;graphsage,resource_aware_heuristic,9,declared_by_scenario,all_experts_available,contract,none,none,none,NOT_APPLICABLE,NOT_APPLICABLE,CPU_SAVED_OUTPUT_PILOT,UNKNOWN_UNTIL_PILOT,BLOCKED_RESOURCE_UNMEASURED,run_manifest+predictions+resource_record+validation,CANONICAL_SAVED_OUTPUTS,STRONG_RECOMMENDED,L4-H5
run-f0cbb1cb18cc157eec4e0b3d,dgraphfin,scenario-413ef5e8d1c097ac8518a7a6,strict_inductive,feature_mlp;gcn;graphsage,cheapest_feasible_expert,9,declared_by_scenario,all_experts_available,fixed,none,none,none,NOT_APPLICABLE,NOT_APPLICABLE,CPU_SAVED_OUTPUT_PILOT,UNKNOWN_UNTIL_PILOT,BLOCKED_RESOURCE_UNMEASURED,run_manifest+predictions+resource_record+validation,CANONICAL_SAVED_OUTPUTS,DIAGNOSTIC,L4-H5
run-17423ddbb2030e0d5b3c8b96,dgraphfin,scenario-291b1252fb5c7e5c8c89c7ea,strict_inductive,feature_mlp;gcn;graphsage,coregraph,10,declared_by_scenario,all_experts_available,hierarchical,none,none,none,NOT_APPLICABLE,NOT_APPLICABLE,CPU_SAVED_OUTPUT_PILOT,UNKNOWN_UNTIL_PILOT,BLOCKED_RESOURCE_UNMEASURED,run_manifest+predictions+resource_record+validation,CANONICAL_SAVED_OUTPUTS,PILOT_MUST_RUN,L4-H1;L4-H2;L4-H3;L4-H4;L4-H6
run-791b01b98073cad3fc94386f,dgraphfin,scenario-291b1252fb5c7e5c8c89c7ea,strict_inductive,feature_mlp;gcn;graphsage,uniform_average,10,declared_by_scenario,all_experts_available,fixed,none,none,none,NOT_APPLICABLE,NOT_APPLICABLE,CPU_SAVED_OUTPUT_PILOT,UNKNOWN_UNTIL_PILOT,BLOCKED_RESOURCE_UNMEASURED,run_manifest+predictions+resource_record+validation,CANONICAL_SAVED_OUTPUTS,PILOT_MUST_RUN,L4-H1
run-7c5dede1bf1fbf6f5463c8be,dgraphfin,scenario-291b1252fb5c7e5c8c89c7ea,strict_inductive,feature_mlp;gcn;graphsage,best_fixed_expert,10,declared_by_scenario,all_experts_available,fixed,none,none,none,NOT_APPLICABLE,NOT_APPLICABLE,CPU_SAVED_OUTPUT_PILOT,UNKNOWN_UNTIL_PILOT,BLOCKED_RESOURCE_UNMEASURED,run_manifest+predictions+resource_record+validation,CANONICAL_SAVED_OUTPUTS,PILOT_MUST_RUN,L4-H1
run-4476d0d35b62c8b45e9e38bb,dgraphfin,scenario-291b1252fb5c7e5c8c89c7ea,strict_inductive,feature_mlp;gcn;graphsage,source_logistic_gate,10,declared_by_scenario,all_experts_available,instance,none,none,none,NOT_APPLICABLE,NOT_APPLICABLE,CPU_SAVED_OUTPUT_PILOT,UNKNOWN_UNTIL_PILOT,BLOCKED_RESOURCE_UNMEASURED,run_manifest+predictions+resource_record+validation,CANONICAL_SAVED_OUTPUTS,PILOT_MUST_RUN,L4-H2
run-c47f5e939740459c3a9182a4,dgraphfin,scenario-291b1252fb5c7e5c8c89c7ea,strict_inductive,feature_mlp;gcn;graphsage,source_mlp_gate,10,declared_by_scenario,all_experts_available,instance,none,none,none,NOT_APPLICABLE,NOT_APPLICABLE,CPU_SAVED_OUTPUT_PILOT,UNKNOWN_UNTIL_PILOT,BLOCKED_RESOURCE_UNMEASURED,run_manifest+predictions+resource_record+validation,CANONICAL_SAVED_OUTPUTS,FULL_MUST_RUN,L4-H2
run-b86938bb4e58f3e48a60760d,dgraphfin,scenario-291b1252fb5c7e5c8c89c7ea,strict_inductive,feature_mlp;gcn;graphsage,contract_router,10,declared_by_scenario,all_experts_available,contract,none,none,none,NOT_APPLICABLE,NOT_APPLICABLE,CPU_SAVED_OUTPUT_PILOT,UNKNOWN_UNTIL_PILOT,BLOCKED_RESOURCE_UNMEASURED,run_manifest+predictions+resource_record+validation,CANONICAL_SAVED_OUTPUTS,FULL_MUST_RUN,L4-H3
run-83eab31f4e9af8736f117908,dgraphfin,scenario-291b1252fb5c7e5c8c89c7ea,strict_inductive,feature_mlp;gcn;graphsage,instance_router,10,declared_by_scenario,all_experts_available,instance,none,none,none,NOT_APPLICABLE,NOT_APPLICABLE,CPU_SAVED_OUTPUT_PILOT,UNKNOWN_UNTIL_PILOT,BLOCKED_RESOURCE_UNMEASURED,run_manifest+predictions+resource_record+validation,CANONICAL_SAVED_OUTPUTS,FULL_MUST_RUN,L4-H3
run-a737cad5de4789e281a443ee,dgraphfin,scenario-291b1252fb5c7e5c8c89c7ea,strict_inductive,feature_mlp;gcn;graphsage,resource_aware_heuristic,10,declared_by_scenario,all_experts_available,contract,none,none,none,NOT_APPLICABLE,NOT_APPLICABLE,CPU_SAVED_OUTPUT_PILOT,UNKNOWN_UNTIL_PILOT,BLOCKED_RESOURCE_UNMEASURED,run_manifest+predictions+resource_record+validation,CANONICAL_SAVED_OUTPUTS,STRONG_RECOMMENDED,L4-H5
run-2db6478566e4633d8a08b571,dgraphfin,scenario-291b1252fb5c7e5c8c89c7ea,strict_inductive,feature_mlp;gcn;graphsage,cheapest_feasible_expert,10,declared_by_scenario,all_experts_available,fixed,none,none,none,NOT_APPLICABLE,NOT_APPLICABLE,CPU_SAVED_OUTPUT_PILOT,UNKNOWN_UNTIL_PILOT,BLOCKED_RESOURCE_UNMEASURED,run_manifest+predictions+resource_record+validation,CANONICAL_SAVED_OUTPUTS,DIAGNOSTIC,L4-H5
run-245c62dee9c96008aff27911,dgraphfin,scenario-9f522bb45cbf89fd03c376e4,isolated_inductive,feature_mlp;gcn;graphsage,coregraph,1,declared_by_scenario,all_experts_available,hierarchical,none,none,none,NOT_APPLICABLE,NOT_APPLICABLE,CPU_SAVED_OUTPUT_PILOT,UNKNOWN_UNTIL_PILOT,BLOCKED_RESOURCE_UNMEASURED,run_manifest+predictions+resource_record+validation,CANONICAL_SAVED_OUTPUTS,PILOT_MUST_RUN,L4-H1;L4-H2;L4-H3;L4-H4;L4-H6
run-6b7cb506c9793e794e655238,dgraphfin,scenario-9f522bb45cbf89fd03c376e4,isolated_inductive,feature_mlp;gcn;graphsage,uniform_average,1,declared_by_scenario,all_experts_available,fixed,none,none,none,NOT_APPLICABLE,NOT_APPLICABLE,CPU_SAVED_OUTPUT_PILOT,UNKNOWN_UNTIL_PILOT,BLOCKED_RESOURCE_UNMEASURED,run_manifest+predictions+resource_record+validation,CANONICAL_SAVED_OUTPUTS,PILOT_MUST_RUN,L4-H1
run-f546c3f75a1d1ef27cc2ba3d,dgraphfin,scenario-9f522bb45cbf89fd03c376e4,isolated_inductive,feature_mlp;gcn;graphsage,best_fixed_expert,1,declared_by_scenario,all_experts_available,fixed,none,none,none,NOT_APPLICABLE,NOT_APPLICABLE,CPU_SAVED_OUTPUT_PILOT,UNKNOWN_UNTIL_PILOT,BLOCKED_RESOURCE_UNMEASURED,run_manifest+predictions+resource_record+validation,CANONICAL_SAVED_OUTPUTS,PILOT_MUST_RUN,L4-H1
run-426383e5861e40d8a01ef398,dgraphfin,scenario-9f522bb45cbf89fd03c376e4,isolated_inductive,feature_mlp;gcn;graphsage,source_logistic_gate,1,declared_by_scenario,all_experts_available,instance,none,none,none,NOT_APPLICABLE,NOT_APPLICABLE,CPU_SAVED_OUTPUT_PILOT,UNKNOWN_UNTIL_PILOT,BLOCKED_RESOURCE_UNMEASURED,run_manifest+predictions+resource_record+validation,CANONICAL_SAVED_OUTPUTS,PILOT_MUST_RUN,L4-H2
run-d1998d2732423a4214673a21,dgraphfin,scenario-9f522bb45cbf89fd03c376e4,isolated_inductive,feature_mlp;gcn;graphsage,source_mlp_gate,1,declared_by_scenario,all_experts_available,instance,none,none,none,NOT_APPLICABLE,NOT_APPLICABLE,CPU_SAVED_OUTPUT_PILOT,UNKNOWN_UNTIL_PILOT,BLOCKED_RESOURCE_UNMEASURED,run_manifest+predictions+resource_record+validation,CANONICAL_SAVED_OUTPUTS,FULL_MUST_RUN,L4-H2
run-8092e57b5af40690e210f2df,dgraphfin,scenario-9f522bb45cbf89fd03c376e4,isolated_inductive,feature_mlp;gcn;graphsage,contract_router,1,declared_by_scenario,all_experts_available,contract,none,none,none,NOT_APPLICABLE,NOT_APPLICABLE,CPU_SAVED_OUTPUT_PILOT,UNKNOWN_UNTIL_PILOT,BLOCKED_RESOURCE_UNMEASURED,run_manifest+predictions+resource_record+validation,CANONICAL_SAVED_OUTPUTS,FULL_MUST_RUN,L4-H3
run-c62a57929af28bd9cfc51948,dgraphfin,scenario-9f522bb45cbf89fd03c376e4,isolated_inductive,feature_mlp;gcn;graphsage,instance_router,1,declared_by_scenario,all_experts_available,instance,none,none,none,NOT_APPLICABLE,NOT_APPLICABLE,CPU_SAVED_OUTPUT_PILOT,UNKNOWN_UNTIL_PILOT,BLOCKED_RESOURCE_UNMEASURED,run_manifest+predictions+resource_record+validation,CANONICAL_SAVED_OUTPUTS,FULL_MUST_RUN,L4-H3
run-a4a16bb1f0103ad79cd2bb90,dgraphfin,scenario-9f522bb45cbf89fd03c376e4,isolated_inductive,feature_mlp;gcn;graphsage,resource_aware_heuristic,1,declared_by_scenario,all_experts_available,contract,none,none,none,NOT_APPLICABLE,NOT_APPLICABLE,CPU_SAVED_OUTPUT_PILOT,UNKNOWN_UNTIL_PILOT,BLOCKED_RESOURCE_UNMEASURED,run_manifest+predictions+resource_record+validation,CANONICAL_SAVED_OUTPUTS,STRONG_RECOMMENDED,L4-H5
run-b9dd0266726afde89114aa82,dgraphfin,scenario-9f522bb45cbf89fd03c376e4,isolated_inductive,feature_mlp;gcn;graphsage,cheapest_feasible_expert,1,declared_by_scenario,all_experts_available,fixed,none,none,none,NOT_APPLICABLE,NOT_APPLICABLE,CPU_SAVED_OUTPUT_PILOT,UNKNOWN_UNTIL_PILOT,BLOCKED_RESOURCE_UNMEASURED,run_manifest+predictions+resource_record+validation,CANONICAL_SAVED_OUTPUTS,DIAGNOSTIC,L4-H5
run-dd62d5b0da2da21037363b96,dgraphfin,scenario-a56238bb529f67cb54b9ccf7,isolated_inductive,feature_mlp;gcn;graphsage,coregraph,2,declared_by_scenario,all_experts_available,hierarchical,none,none,none,NOT_APPLICABLE,NOT_APPLICABLE,CPU_SAVED_OUTPUT_PILOT,UNKNOWN_UNTIL_PILOT,BLOCKED_RESOURCE_UNMEASURED,run_manifest+predictions+resource_record+validation,CANONICAL_SAVED_OUTPUTS,PILOT_MUST_RUN,L4-H1;L4-H2;L4-H3;L4-H4;L4-H6
run-1f2625cc4fb25df6c8cafbae,dgraphfin,scenario-a56238bb529f67cb54b9ccf7,isolated_inductive,feature_mlp;gcn;graphsage,uniform_average,2,declared_by_scenario,all_experts_available,fixed,none,none,none,NOT_APPLICABLE,NOT_APPLICABLE,CPU_SAVED_OUTPUT_PILOT,UNKNOWN_UNTIL_PILOT,BLOCKED_RESOURCE_UNMEASURED,run_manifest+predictions+resource_record+validation,CANONICAL_SAVED_OUTPUTS,PILOT_MUST_RUN,L4-H1
run-01f0f59ca58e2a9b05af6c92,dgraphfin,scenario-a56238bb529f67cb54b9ccf7,isolated_inductive,feature_mlp;gcn;graphsage,best_fixed_expert,2,declared_by_scenario,all_experts_available,fixed,none,none,none,NOT_APPLICABLE,NOT_APPLICABLE,CPU_SAVED_OUTPUT_PILOT,UNKNOWN_UNTIL_PILOT,BLOCKED_RESOURCE_UNMEASURED,run_manifest+predictions+resource_record+validation,CANONICAL_SAVED_OUTPUTS,PILOT_MUST_RUN,L4-H1
run-f1e73591522ea24458bb4ac6,dgraphfin,scenario-a56238bb529f67cb54b9ccf7,isolated_inductive,feature_mlp;gcn;graphsage,source_logistic_gate,2,declared_by_scenario,all_experts_available,instance,none,none,none,NOT_APPLICABLE,NOT_APPLICABLE,CPU_SAVED_OUTPUT_PILOT,UNKNOWN_UNTIL_PILOT,BLOCKED_RESOURCE_UNMEASURED,run_manifest+predictions+resource_record+validation,CANONICAL_SAVED_OUTPUTS,PILOT_MUST_RUN,L4-H2
run-18bf0ca9a72c3c52a9cee324,dgraphfin,scenario-a56238bb529f67cb54b9ccf7,isolated_inductive,feature_mlp;gcn;graphsage,source_mlp_gate,2,declared_by_scenario,all_experts_available,instance,none,none,none,NOT_APPLICABLE,NOT_APPLICABLE,CPU_SAVED_OUTPUT_PILOT,UNKNOWN_UNTIL_PILOT,BLOCKED_RESOURCE_UNMEASURED,run_manifest+predictions+resource_record+validation,CANONICAL_SAVED_OUTPUTS,FULL_MUST_RUN,L4-H2
run-7874486ece317e93d77c844b,dgraphfin,scenario-a56238bb529f67cb54b9ccf7,isolated_inductive,feature_mlp;gcn;graphsage,contract_router,2,declared_by_scenario,all_experts_available,contract,none,none,none,NOT_APPLICABLE,NOT_APPLICABLE,CPU_SAVED_OUTPUT_PILOT,UNKNOWN_UNTIL_PILOT,BLOCKED_RESOURCE_UNMEASURED,run_manifest+predictions+resource_record+validation,CANONICAL_SAVED_OUTPUTS,FULL_MUST_RUN,L4-H3
run-1317ce159deae96aa125b855,dgraphfin,scenario-a56238bb529f67cb54b9ccf7,isolated_inductive,feature_mlp;gcn;graphsage,instance_router,2,declared_by_scenario,all_experts_available,instance,none,none,none,NOT_APPLICABLE,NOT_APPLICABLE,CPU_SAVED_OUTPUT_PILOT,UNKNOWN_UNTIL_PILOT,BLOCKED_RESOURCE_UNMEASURED,run_manifest+predictions+resource_record+validation,CANONICAL_SAVED_OUTPUTS,FULL_MUST_RUN,L4-H3
run-6e3933b02d28b0beedfe7e82,dgraphfin,scenario-a56238bb529f67cb54b9ccf7,isolated_inductive,feature_mlp;gcn;graphsage,resource_aware_heuristic,2,declared_by_scenario,all_experts_available,contract,none,none,none,NOT_APPLICABLE,NOT_APPLICABLE,CPU_SAVED_OUTPUT_PILOT,UNKNOWN_UNTIL_PILOT,BLOCKED_RESOURCE_UNMEASURED,run_manifest+predictions+resource_record+validation,CANONICAL_SAVED_OUTPUTS,STRONG_RECOMMENDED,L4-H5
run-9f73a04e1ccdbc9aa16062f5,dgraphfin,scenario-a56238bb529f67cb54b9ccf7,isolated_inductive,feature_mlp;gcn;graphsage,cheapest_feasible_expert,2,declared_by_scenario,all_experts_available,fixed,none,none,none,NOT_APPLICABLE,NOT_APPLICABLE,CPU_SAVED_OUTPUT_PILOT,UNKNOWN_UNTIL_PILOT,BLOCKED_RESOURCE_UNMEASURED,run_manifest+predictions+resource_record+validation,CANONICAL_SAVED_OUTPUTS,DIAGNOSTIC,L4-H5
run-58a6104c889fc0c0f75fccfb,dgraphfin,scenario-bafa09f6b77ad149064f587d,isolated_inductive,feature_mlp;gcn;graphsage,coregraph,3,declared_by_scenario,all_experts_available,hierarchical,none,none,none,NOT_APPLICABLE,NOT_APPLICABLE,CPU_SAVED_OUTPUT_PILOT,UNKNOWN_UNTIL_PILOT,BLOCKED_RESOURCE_UNMEASURED,run_manifest+predictions+resource_record+validation,CANONICAL_SAVED_OUTPUTS,PILOT_MUST_RUN,L4-H1;L4-H2;L4-H3;L4-H4;L4-H6
run-0bc8cd599ce8b09d4000aeac,dgraphfin,scenario-bafa09f6b77ad149064f587d,isolated_inductive,feature_mlp;gcn;graphsage,uniform_average,3,declared_by_scenario,all_experts_available,fixed,none,none,none,NOT_APPLICABLE,NOT_APPLICABLE,CPU_SAVED_OUTPUT_PILOT,UNKNOWN_UNTIL_PILOT,BLOCKED_RESOURCE_UNMEASURED,run_manifest+predictions+resource_record+validation,CANONICAL_SAVED_OUTPUTS,PILOT_MUST_RUN,L4-H1
run-a7b4bbe7aa8278e71fdfa028,dgraphfin,scenario-bafa09f6b77ad149064f587d,isolated_inductive,feature_mlp;gcn;graphsage,best_fixed_expert,3,declared_by_scenario,all_experts_available,fixed,none,none,none,NOT_APPLICABLE,NOT_APPLICABLE,CPU_SAVED_OUTPUT_PILOT,UNKNOWN_UNTIL_PILOT,BLOCKED_RESOURCE_UNMEASURED,run_manifest+predictions+resource_record+validation,CANONICAL_SAVED_OUTPUTS,PILOT_MUST_RUN,L4-H1
run-282246e0bb0f3c51beae2321,dgraphfin,scenario-bafa09f6b77ad149064f587d,isolated_inductive,feature_mlp;gcn;graphsage,source_logistic_gate,3,declared_by_scenario,all_experts_available,instance,none,none,none,NOT_APPLICABLE,NOT_APPLICABLE,CPU_SAVED_OUTPUT_PILOT,UNKNOWN_UNTIL_PILOT,BLOCKED_RESOURCE_UNMEASURED,run_manifest+predictions+resource_record+validation,CANONICAL_SAVED_OUTPUTS,PILOT_MUST_RUN,L4-H2
run-52a58f11e67777786945fedc,dgraphfin,scenario-bafa09f6b77ad149064f587d,isolated_inductive,feature_mlp;gcn;graphsage,source_mlp_gate,3,declared_by_scenario,all_experts_available,instance,none,none,none,NOT_APPLICABLE,NOT_APPLICABLE,CPU_SAVED_OUTPUT_PILOT,UNKNOWN_UNTIL_PILOT,BLOCKED_RESOURCE_UNMEASURED,run_manifest+predictions+resource_record+validation,CANONICAL_SAVED_OUTPUTS,FULL_MUST_RUN,L4-H2
run-da22f8e75cf866a95bf304fc,dgraphfin,scenario-bafa09f6b77ad149064f587d,isolated_inductive,feature_mlp;gcn;graphsage,contract_router,3,declared_by_scenario,all_experts_available,contract,none,none,none,NOT_APPLICABLE,NOT_APPLICABLE,CPU_SAVED_OUTPUT_PILOT,UNKNOWN_UNTIL_PILOT,BLOCKED_RESOURCE_UNMEASURED,run_manifest+predictions+resource_record+validation,CANONICAL_SAVED_OUTPUTS,FULL_MUST_RUN,L4-H3
run-3f97ffc9297a99c2ecf0d846,dgraphfin,scenario-bafa09f6b77ad149064f587d,isolated_inductive,feature_mlp;gcn;graphsage,instance_router,3,declared_by_scenario,all_experts_available,instance,none,none,none,NOT_APPLICABLE,NOT_APPLICABLE,CPU_SAVED_OUTPUT_PILOT,UNKNOWN_UNTIL_PILOT,BLOCKED_RESOURCE_UNMEASURED,run_manifest+predictions+resource_record+validation,CANONICAL_SAVED_OUTPUTS,FULL_MUST_RUN,L4-H3
run-71cb30a0c0bf6d57f739a745,dgraphfin,scenario-bafa09f6b77ad149064f587d,isolated_inductive,feature_mlp;gcn;graphsage,resource_aware_heuristic,3,declared_by_scenario,all_experts_available,contract,none,none,none,NOT_APPLICABLE,NOT_APPLICABLE,CPU_SAVED_OUTPUT_PILOT,UNKNOWN_UNTIL_PILOT,BLOCKED_RESOURCE_UNMEASURED,run_manifest+predictions+resource_record+validation,CANONICAL_SAVED_OUTPUTS,STRONG_RECOMMENDED,L4-H5
run-93584322f66333b58cbabdfc,dgraphfin,scenario-bafa09f6b77ad149064f587d,isolated_inductive,feature_mlp;gcn;graphsage,cheapest_feasible_expert,3,declared_by_scenario,all_experts_available,fixed,none,none,none,NOT_APPLICABLE,NOT_APPLICABLE,CPU_SAVED_OUTPUT_PILOT,UNKNOWN_UNTIL_PILOT,BLOCKED_RESOURCE_UNMEASURED,run_manifest+predictions+resource_record+validation,CANONICAL_SAVED_OUTPUTS,DIAGNOSTIC,L4-H5
run-7cd36461e1c5717086d8bd0c,dgraphfin,scenario-c2c1550352f378eb6ba116f6,isolated_inductive,feature_mlp;gcn;graphsage,coregraph,4,declared_by_scenario,all_experts_available,hierarchical,none,none,none,NOT_APPLICABLE,NOT_APPLICABLE,CPU_SAVED_OUTPUT_PILOT,UNKNOWN_UNTIL_PILOT,BLOCKED_RESOURCE_UNMEASURED,run_manifest+predictions+resource_record+validation,CANONICAL_SAVED_OUTPUTS,PILOT_MUST_RUN,L4-H1;L4-H2;L4-H3;L4-H4;L4-H6
run-733f0bba31b2d85f77684094,dgraphfin,scenario-c2c1550352f378eb6ba116f6,isolated_inductive,feature_mlp;gcn;graphsage,uniform_average,4,declared_by_scenario,all_experts_available,fixed,none,none,none,NOT_APPLICABLE,NOT_APPLICABLE,CPU_SAVED_OUTPUT_PILOT,UNKNOWN_UNTIL_PILOT,BLOCKED_RESOURCE_UNMEASURED,run_manifest+predictions+resource_record+validation,CANONICAL_SAVED_OUTPUTS,PILOT_MUST_RUN,L4-H1
run-a11d8d89e3518b5201142e05,dgraphfin,scenario-c2c1550352f378eb6ba116f6,isolated_inductive,feature_mlp;gcn;graphsage,best_fixed_expert,4,declared_by_scenario,all_experts_available,fixed,none,none,none,NOT_APPLICABLE,NOT_APPLICABLE,CPU_SAVED_OUTPUT_PILOT,UNKNOWN_UNTIL_PILOT,BLOCKED_RESOURCE_UNMEASURED,run_manifest+predictions+resource_record+validation,CANONICAL_SAVED_OUTPUTS,PILOT_MUST_RUN,L4-H1
run-547bea18fba5cacc77bc0f6c,dgraphfin,scenario-c2c1550352f378eb6ba116f6,isolated_inductive,feature_mlp;gcn;graphsage,source_logistic_gate,4,declared_by_scenario,all_experts_available,instance,none,none,none,NOT_APPLICABLE,NOT_APPLICABLE,CPU_SAVED_OUTPUT_PILOT,UNKNOWN_UNTIL_PILOT,BLOCKED_RESOURCE_UNMEASURED,run_manifest+predictions+resource_record+validation,CANONICAL_SAVED_OUTPUTS,PILOT_MUST_RUN,L4-H2
run-6b8c2733b93935d4e732e0b5,dgraphfin,scenario-c2c1550352f378eb6ba116f6,isolated_inductive,feature_mlp;gcn;graphsage,source_mlp_gate,4,declared_by_scenario,all_experts_available,instance,none,none,none,NOT_APPLICABLE,NOT_APPLICABLE,CPU_SAVED_OUTPUT_PILOT,UNKNOWN_UNTIL_PILOT,BLOCKED_RESOURCE_UNMEASURED,run_manifest+predictions+resource_record+validation,CANONICAL_SAVED_OUTPUTS,FULL_MUST_RUN,L4-H2
run-bb0f9c786cfbb775d6ea5f6d,dgraphfin,scenario-c2c1550352f378eb6ba116f6,isolated_inductive,feature_mlp;gcn;graphsage,contract_router,4,declared_by_scenario,all_experts_available,contract,none,none,none,NOT_APPLICABLE,NOT_APPLICABLE,CPU_SAVED_OUTPUT_PILOT,UNKNOWN_UNTIL_PILOT,BLOCKED_RESOURCE_UNMEASURED,run_manifest+predictions+resource_record+validation,CANONICAL_SAVED_OUTPUTS,FULL_MUST_RUN,L4-H3
run-c40214b22b26b3b26dfc13fa,dgraphfin,scenario-c2c1550352f378eb6ba116f6,isolated_inductive,feature_mlp;gcn;graphsage,instance_router,4,declared_by_scenario,all_experts_available,instance,none,none,none,NOT_APPLICABLE,NOT_APPLICABLE,CPU_SAVED_OUTPUT_PILOT,UNKNOWN_UNTIL_PILOT,BLOCKED_RESOURCE_UNMEASURED,run_manifest+predictions+resource_record+validation,CANONICAL_SAVED_OUTPUTS,FULL_MUST_RUN,L4-H3
run-cc280beaaa7a73c1c1b3b90a,dgraphfin,scenario-c2c1550352f378eb6ba116f6,isolated_inductive,feature_mlp;gcn;graphsage,resource_aware_heuristic,4,declared_by_scenario,all_experts_available,contract,none,none,none,NOT_APPLICABLE,NOT_APPLICABLE,CPU_SAVED_OUTPUT_PILOT,UNKNOWN_UNTIL_PILOT,BLOCKED_RESOURCE_UNMEASURED,run_manifest+predictions+resource_record+validation,CANONICAL_SAVED_OUTPUTS,STRONG_RECOMMENDED,L4-H5
run-13e4b4bf814edb65fca9169b,dgraphfin,scenario-c2c1550352f378eb6ba116f6,isolated_inductive,feature_mlp;gcn;graphsage,cheapest_feasible_expert,4,declared_by_scenario,all_experts_available,fixed,none,none,none,NOT_APPLICABLE,NOT_APPLICABLE,CPU_SAVED_OUTPUT_PILOT,UNKNOWN_UNTIL_PILOT,BLOCKED_RESOURCE_UNMEASURED,run_manifest+predictions+resource_record+validation,CANONICAL_SAVED_OUTPUTS,DIAGNOSTIC,L4-H5
run-cecd390adadf95f392cf11de,dgraphfin,scenario-e218558573abc38d3cee1e5d,isolated_inductive,feature_mlp;gcn;graphsage,coregraph,5,declared_by_scenario,all_experts_available,hierarchical,none,none,none,NOT_APPLICABLE,NOT_APPLICABLE,CPU_SAVED_OUTPUT_PILOT,UNKNOWN_UNTIL_PILOT,BLOCKED_RESOURCE_UNMEASURED,run_manifest+predictions+resource_record+validation,CANONICAL_SAVED_OUTPUTS,PILOT_MUST_RUN,L4-H1;L4-H2;L4-H3;L4-H4;L4-H6
run-3c439afa4a7670792f69f02b,dgraphfin,scenario-e218558573abc38d3cee1e5d,isolated_inductive,feature_mlp;gcn;graphsage,uniform_average,5,declared_by_scenario,all_experts_available,fixed,none,none,none,NOT_APPLICABLE,NOT_APPLICABLE,CPU_SAVED_OUTPUT_PILOT,UNKNOWN_UNTIL_PILOT,BLOCKED_RESOURCE_UNMEASURED,run_manifest+predictions+resource_record+validation,CANONICAL_SAVED_OUTPUTS,PILOT_MUST_RUN,L4-H1
run-ad5d79564eb4b3cfb41f4933,dgraphfin,scenario-e218558573abc38d3cee1e5d,isolated_inductive,feature_mlp;gcn;graphsage,best_fixed_expert,5,declared_by_scenario,all_experts_available,fixed,none,none,none,NOT_APPLICABLE,NOT_APPLICABLE,CPU_SAVED_OUTPUT_PILOT,UNKNOWN_UNTIL_PILOT,BLOCKED_RESOURCE_UNMEASURED,run_manifest+predictions+resource_record+validation,CANONICAL_SAVED_OUTPUTS,PILOT_MUST_RUN,L4-H1
run-46211ed0e9d3c7e1401a4bee,dgraphfin,scenario-e218558573abc38d3cee1e5d,isolated_inductive,feature_mlp;gcn;graphsage,source_logistic_gate,5,declared_by_scenario,all_experts_available,instance,none,none,none,NOT_APPLICABLE,NOT_APPLICABLE,CPU_SAVED_OUTPUT_PILOT,UNKNOWN_UNTIL_PILOT,BLOCKED_RESOURCE_UNMEASURED,run_manifest+predictions+resource_record+validation,CANONICAL_SAVED_OUTPUTS,PILOT_MUST_RUN,L4-H2
run-c76d91726e291c41eddb0306,dgraphfin,scenario-e218558573abc38d3cee1e5d,isolated_inductive,feature_mlp;gcn;graphsage,source_mlp_gate,5,declared_by_scenario,all_experts_available,instance,none,none,none,NOT_APPLICABLE,NOT_APPLICABLE,CPU_SAVED_OUTPUT_PILOT,UNKNOWN_UNTIL_PILOT,BLOCKED_RESOURCE_UNMEASURED,run_manifest+predictions+resource_record+validation,CANONICAL_SAVED_OUTPUTS,FULL_MUST_RUN,L4-H2
run-cab1e2ce05edfc9b269cbdf1,dgraphfin,scenario-e218558573abc38d3cee1e5d,isolated_inductive,feature_mlp;gcn;graphsage,contract_router,5,declared_by_scenario,all_experts_available,contract,none,none,none,NOT_APPLICABLE,NOT_APPLICABLE,CPU_SAVED_OUTPUT_PILOT,UNKNOWN_UNTIL_PILOT,BLOCKED_RESOURCE_UNMEASURED,run_manifest+predictions+resource_record+validation,CANONICAL_SAVED_OUTPUTS,FULL_MUST_RUN,L4-H3
run-f9f3cbc7e9c2ac72fbe5ff49,dgraphfin,scenario-e218558573abc38d3cee1e5d,isolated_inductive,feature_mlp;gcn;graphsage,instance_router,5,declared_by_scenario,all_experts_available,instance,none,none,none,NOT_APPLICABLE,NOT_APPLICABLE,CPU_SAVED_OUTPUT_PILOT,UNKNOWN_UNTIL_PILOT,BLOCKED_RESOURCE_UNMEASURED,run_manifest+predictions+resource_record+validation,CANONICAL_SAVED_OUTPUTS,FULL_MUST_RUN,L4-H3
run-926c7765029fdce09a51cdf9,dgraphfin,scenario-e218558573abc38d3cee1e5d,isolated_inductive,feature_mlp;gcn;graphsage,resource_aware_heuristic,5,declared_by_scenario,all_experts_available,contract,none,none,none,NOT_APPLICABLE,NOT_APPLICABLE,CPU_SAVED_OUTPUT_PILOT,UNKNOWN_UNTIL_PILOT,BLOCKED_RESOURCE_UNMEASURED,run_manifest+predictions+resource_record+validation,CANONICAL_SAVED_OUTPUTS,STRONG_RECOMMENDED,L4-H5
run-e95e3bfb497d56c058eb6f9c,dgraphfin,scenario-e218558573abc38d3cee1e5d,isolated_inductive,feature_mlp;gcn;graphsage,cheapest_feasible_expert,5,declared_by_scenario,all_experts_available,fixed,none,none,none,NOT_APPLICABLE,NOT_APPLICABLE,CPU_SAVED_OUTPUT_PILOT,UNKNOWN_UNTIL_PILOT,BLOCKED_RESOURCE_UNMEASURED,run_manifest+predictions+resource_record+validation,CANONICAL_SAVED_OUTPUTS,DIAGNOSTIC,L4-H5
run-ad25f4c59bcfca683162b8ed,dgraphfin,scenario-01d05aefdf940537e87653c7,isolated_inductive,feature_mlp;gcn;graphsage,coregraph,6,declared_by_scenario,all_experts_available,hierarchical,none,none,none,NOT_APPLICABLE,NOT_APPLICABLE,CPU_SAVED_OUTPUT_PILOT,UNKNOWN_UNTIL_PILOT,BLOCKED_RESOURCE_UNMEASURED,run_manifest+predictions+resource_record+validation,CANONICAL_SAVED_OUTPUTS,PILOT_MUST_RUN,L4-H1;L4-H2;L4-H3;L4-H4;L4-H6
run-5d8f827376badc0bd17e4add,dgraphfin,scenario-01d05aefdf940537e87653c7,isolated_inductive,feature_mlp;gcn;graphsage,uniform_average,6,declared_by_scenario,all_experts_available,fixed,none,none,none,NOT_APPLICABLE,NOT_APPLICABLE,CPU_SAVED_OUTPUT_PILOT,UNKNOWN_UNTIL_PILOT,BLOCKED_RESOURCE_UNMEASURED,run_manifest+predictions+resource_record+validation,CANONICAL_SAVED_OUTPUTS,PILOT_MUST_RUN,L4-H1
run-4466bc7c762c0aaee4225be3,dgraphfin,scenario-01d05aefdf940537e87653c7,isolated_inductive,feature_mlp;gcn;graphsage,best_fixed_expert,6,declared_by_scenario,all_experts_available,fixed,none,none,none,NOT_APPLICABLE,NOT_APPLICABLE,CPU_SAVED_OUTPUT_PILOT,UNKNOWN_UNTIL_PILOT,BLOCKED_RESOURCE_UNMEASURED,run_manifest+predictions+resource_record+validation,CANONICAL_SAVED_OUTPUTS,PILOT_MUST_RUN,L4-H1
run-e40c3163c54679ae1ac130c5,dgraphfin,scenario-01d05aefdf940537e87653c7,isolated_inductive,feature_mlp;gcn;graphsage,source_logistic_gate,6,declared_by_scenario,all_experts_available,instance,none,none,none,NOT_APPLICABLE,NOT_APPLICABLE,CPU_SAVED_OUTPUT_PILOT,UNKNOWN_UNTIL_PILOT,BLOCKED_RESOURCE_UNMEASURED,run_manifest+predictions+resource_record+validation,CANONICAL_SAVED_OUTPUTS,PILOT_MUST_RUN,L4-H2
run-eb8661a05d9d76c1d4de6c47,dgraphfin,scenario-01d05aefdf940537e87653c7,isolated_inductive,feature_mlp;gcn;graphsage,source_mlp_gate,6,declared_by_scenario,all_experts_available,instance,none,none,none,NOT_APPLICABLE,NOT_APPLICABLE,CPU_SAVED_OUTPUT_PILOT,UNKNOWN_UNTIL_PILOT,BLOCKED_RESOURCE_UNMEASURED,run_manifest+predictions+resource_record+validation,CANONICAL_SAVED_OUTPUTS,FULL_MUST_RUN,L4-H2
run-6d6bb7eb43f7d7ce66f54aa9,dgraphfin,scenario-01d05aefdf940537e87653c7,isolated_inductive,feature_mlp;gcn;graphsage,contract_router,6,declared_by_scenario,all_experts_available,contract,none,none,none,NOT_APPLICABLE,NOT_APPLICABLE,CPU_SAVED_OUTPUT_PILOT,UNKNOWN_UNTIL_PILOT,BLOCKED_RESOURCE_UNMEASURED,run_manifest+predictions+resource_record+validation,CANONICAL_SAVED_OUTPUTS,FULL_MUST_RUN,L4-H3
run-edbc9c1e0098a98b5398a25a,dgraphfin,scenario-01d05aefdf940537e87653c7,isolated_inductive,feature_mlp;gcn;graphsage,instance_router,6,declared_by_scenario,all_experts_available,instance,none,none,none,NOT_APPLICABLE,NOT_APPLICABLE,CPU_SAVED_OUTPUT_PILOT,UNKNOWN_UNTIL_PILOT,BLOCKED_RESOURCE_UNMEASURED,run_manifest+predictions+resource_record+validation,CANONICAL_SAVED_OUTPUTS,FULL_MUST_RUN,L4-H3
run-e8cb2c35c69f79b667220d75,dgraphfin,scenario-01d05aefdf940537e87653c7,isolated_inductive,feature_mlp;gcn;graphsage,resource_aware_heuristic,6,declared_by_scenario,all_experts_available,contract,none,none,none,NOT_APPLICABLE,NOT_APPLICABLE,CPU_SAVED_OUTPUT_PILOT,UNKNOWN_UNTIL_PILOT,BLOCKED_RESOURCE_UNMEASURED,run_manifest+predictions+resource_record+validation,CANONICAL_SAVED_OUTPUTS,STRONG_RECOMMENDED,L4-H5
run-1e455790a5518825f08577c7,dgraphfin,scenario-01d05aefdf940537e87653c7,isolated_inductive,feature_mlp;gcn;graphsage,cheapest_feasible_expert,6,declared_by_scenario,all_experts_available,fixed,none,none,none,NOT_APPLICABLE,NOT_APPLICABLE,CPU_SAVED_OUTPUT_PILOT,UNKNOWN_UNTIL_PILOT,BLOCKED_RESOURCE_UNMEASURED,run_manifest+predictions+resource_record+validation,CANONICAL_SAVED_OUTPUTS,DIAGNOSTIC,L4-H5
run-633e4554018975c7d09a5c4c,dgraphfin,scenario-313700ad5645732153552c3d,isolated_inductive,feature_mlp;gcn;graphsage,coregraph,7,declared_by_scenario,all_experts_available,hierarchical,none,none,none,NOT_APPLICABLE,NOT_APPLICABLE,CPU_SAVED_OUTPUT_PILOT,UNKNOWN_UNTIL_PILOT,BLOCKED_RESOURCE_UNMEASURED,run_manifest+predictions+resource_record+validation,CANONICAL_SAVED_OUTPUTS,PILOT_MUST_RUN,L4-H1;L4-H2;L4-H3;L4-H4;L4-H6
run-f8342af1c2d5e12fa47aedc0,dgraphfin,scenario-313700ad5645732153552c3d,isolated_inductive,feature_mlp;gcn;graphsage,uniform_average,7,declared_by_scenario,all_experts_available,fixed,none,none,none,NOT_APPLICABLE,NOT_APPLICABLE,CPU_SAVED_OUTPUT_PILOT,UNKNOWN_UNTIL_PILOT,BLOCKED_RESOURCE_UNMEASURED,run_manifest+predictions+resource_record+validation,CANONICAL_SAVED_OUTPUTS,PILOT_MUST_RUN,L4-H1
run-75c9d15ad3313ae912814d5f,dgraphfin,scenario-313700ad5645732153552c3d,isolated_inductive,feature_mlp;gcn;graphsage,best_fixed_expert,7,declared_by_scenario,all_experts_available,fixed,none,none,none,NOT_APPLICABLE,NOT_APPLICABLE,CPU_SAVED_OUTPUT_PILOT,UNKNOWN_UNTIL_PILOT,BLOCKED_RESOURCE_UNMEASURED,run_manifest+predictions+resource_record+validation,CANONICAL_SAVED_OUTPUTS,PILOT_MUST_RUN,L4-H1
run-0dbba7667c20ff2f85e787ba,dgraphfin,scenario-313700ad5645732153552c3d,isolated_inductive,feature_mlp;gcn;graphsage,source_logistic_gate,7,declared_by_scenario,all_experts_available,instance,none,none,none,NOT_APPLICABLE,NOT_APPLICABLE,CPU_SAVED_OUTPUT_PILOT,UNKNOWN_UNTIL_PILOT,BLOCKED_RESOURCE_UNMEASURED,run_manifest+predictions+resource_record+validation,CANONICAL_SAVED_OUTPUTS,PILOT_MUST_RUN,L4-H2
run-faa631150a28c485d588a2b0,dgraphfin,scenario-313700ad5645732153552c3d,isolated_inductive,feature_mlp;gcn;graphsage,source_mlp_gate,7,declared_by_scenario,all_experts_available,instance,none,none,none,NOT_APPLICABLE,NOT_APPLICABLE,CPU_SAVED_OUTPUT_PILOT,UNKNOWN_UNTIL_PILOT,BLOCKED_RESOURCE_UNMEASURED,run_manifest+predictions+resource_record+validation,CANONICAL_SAVED_OUTPUTS,FULL_MUST_RUN,L4-H2
run-8bedad92a974833d6b6802cc,dgraphfin,scenario-313700ad5645732153552c3d,isolated_inductive,feature_mlp;gcn;graphsage,contract_router,7,declared_by_scenario,all_experts_available,contract,none,none,none,NOT_APPLICABLE,NOT_APPLICABLE,CPU_SAVED_OUTPUT_PILOT,UNKNOWN_UNTIL_PILOT,BLOCKED_RESOURCE_UNMEASURED,run_manifest+predictions+resource_record+validation,CANONICAL_SAVED_OUTPUTS,FULL_MUST_RUN,L4-H3
run-b5dc68f56f502faac6fc4751,dgraphfin,scenario-313700ad5645732153552c3d,isolated_inductive,feature_mlp;gcn;graphsage,instance_router,7,declared_by_scenario,all_experts_available,instance,none,none,none,NOT_APPLICABLE,NOT_APPLICABLE,CPU_SAVED_OUTPUT_PILOT,UNKNOWN_UNTIL_PILOT,BLOCKED_RESOURCE_UNMEASURED,run_manifest+predictions+resource_record+validation,CANONICAL_SAVED_OUTPUTS,FULL_MUST_RUN,L4-H3
run-ef7685d38dbbe4ec7ce2dab4,dgraphfin,scenario-313700ad5645732153552c3d,isolated_inductive,feature_mlp;gcn;graphsage,resource_aware_heuristic,7,declared_by_scenario,all_experts_available,contract,none,none,none,NOT_APPLICABLE,NOT_APPLICABLE,CPU_SAVED_OUTPUT_PILOT,UNKNOWN_UNTIL_PILOT,BLOCKED_RESOURCE_UNMEASURED,run_manifest+predictions+resource_record+validation,CANONICAL_SAVED_OUTPUTS,STRONG_RECOMMENDED,L4-H5
run-a9fc0d1e8cc2af46348a06e6,dgraphfin,scenario-313700ad5645732153552c3d,isolated_inductive,feature_mlp;gcn;graphsage,cheapest_feasible_expert,7,declared_by_scenario,all_experts_available,fixed,none,none,none,NOT_APPLICABLE,NOT_APPLICABLE,CPU_SAVED_OUTPUT_PILOT,UNKNOWN_UNTIL_PILOT,BLOCKED_RESOURCE_UNMEASURED,run_manifest+predictions+resource_record+validation,CANONICAL_SAVED_OUTPUTS,DIAGNOSTIC,L4-H5
run-04911bfd3748d5e5d45c55a4,dgraphfin,scenario-5b16e64a2669283bf8ea4fb0,isolated_inductive,feature_mlp;gcn;graphsage,coregraph,8,declared_by_scenario,all_experts_available,hierarchical,none,none,none,NOT_APPLICABLE,NOT_APPLICABLE,CPU_SAVED_OUTPUT_PILOT,UNKNOWN_UNTIL_PILOT,BLOCKED_RESOURCE_UNMEASURED,run_manifest+predictions+resource_record+validation,CANONICAL_SAVED_OUTPUTS,PILOT_MUST_RUN,L4-H1;L4-H2;L4-H3;L4-H4;L4-H6
run-96cc0eaa8c24e7c07a3ffbe9,dgraphfin,scenario-5b16e64a2669283bf8ea4fb0,isolated_inductive,feature_mlp;gcn;graphsage,uniform_average,8,declared_by_scenario,all_experts_available,fixed,none,none,none,NOT_APPLICABLE,NOT_APPLICABLE,CPU_SAVED_OUTPUT_PILOT,UNKNOWN_UNTIL_PILOT,BLOCKED_RESOURCE_UNMEASURED,run_manifest+predictions+resource_record+validation,CANONICAL_SAVED_OUTPUTS,PILOT_MUST_RUN,L4-H1
run-434a5c97192997fa1f1ce8a8,dgraphfin,scenario-5b16e64a2669283bf8ea4fb0,isolated_inductive,feature_mlp;gcn;graphsage,best_fixed_expert,8,declared_by_scenario,all_experts_available,fixed,none,none,none,NOT_APPLICABLE,NOT_APPLICABLE,CPU_SAVED_OUTPUT_PILOT,UNKNOWN_UNTIL_PILOT,BLOCKED_RESOURCE_UNMEASURED,run_manifest+predictions+resource_record+validation,CANONICAL_SAVED_OUTPUTS,PILOT_MUST_RUN,L4-H1
run-9cf692163947947239166834,dgraphfin,scenario-5b16e64a2669283bf8ea4fb0,isolated_inductive,feature_mlp;gcn;graphsage,source_logistic_gate,8,declared_by_scenario,all_experts_available,instance,none,none,none,NOT_APPLICABLE,NOT_APPLICABLE,CPU_SAVED_OUTPUT_PILOT,UNKNOWN_UNTIL_PILOT,BLOCKED_RESOURCE_UNMEASURED,run_manifest+predictions+resource_record+validation,CANONICAL_SAVED_OUTPUTS,PILOT_MUST_RUN,L4-H2
run-4cea75be76b3f2c2435bdf88,dgraphfin,scenario-5b16e64a2669283bf8ea4fb0,isolated_inductive,feature_mlp;gcn;graphsage,source_mlp_gate,8,declared_by_scenario,all_experts_available,instance,none,none,none,NOT_APPLICABLE,NOT_APPLICABLE,CPU_SAVED_OUTPUT_PILOT,UNKNOWN_UNTIL_PILOT,BLOCKED_RESOURCE_UNMEASURED,run_manifest+predictions+resource_record+validation,CANONICAL_SAVED_OUTPUTS,FULL_MUST_RUN,L4-H2
run-d330e63491b82963b00bef7a,dgraphfin,scenario-5b16e64a2669283bf8ea4fb0,isolated_inductive,feature_mlp;gcn;graphsage,contract_router,8,declared_by_scenario,all_experts_available,contract,none,none,none,NOT_APPLICABLE,NOT_APPLICABLE,CPU_SAVED_OUTPUT_PILOT,UNKNOWN_UNTIL_PILOT,BLOCKED_RESOURCE_UNMEASURED,run_manifest+predictions+resource_record+validation,CANONICAL_SAVED_OUTPUTS,FULL_MUST_RUN,L4-H3
run-db96515518369ca99e5223d1,dgraphfin,scenario-5b16e64a2669283bf8ea4fb0,isolated_inductive,feature_mlp;gcn;graphsage,instance_router,8,declared_by_scenario,all_experts_available,instance,none,none,none,NOT_APPLICABLE,NOT_APPLICABLE,CPU_SAVED_OUTPUT_PILOT,UNKNOWN_UNTIL_PILOT,BLOCKED_RESOURCE_UNMEASURED,run_manifest+predictions+resource_record+validation,CANONICAL_SAVED_OUTPUTS,FULL_MUST_RUN,L4-H3
run-cb1b4994171caf1d2184b9a0,dgraphfin,scenario-5b16e64a2669283bf8ea4fb0,isolated_inductive,feature_mlp;gcn;graphsage,resource_aware_heuristic,8,declared_by_scenario,all_experts_available,contract,none,none,none,NOT_APPLICABLE,NOT_APPLICABLE,CPU_SAVED_OUTPUT_PILOT,UNKNOWN_UNTIL_PILOT,BLOCKED_RESOURCE_UNMEASURED,run_manifest+predictions+resource_record+validation,CANONICAL_SAVED_OUTPUTS,STRONG_RECOMMENDED,L4-H5
run-8323afa911d5f62c3de6078d,dgraphfin,scenario-5b16e64a2669283bf8ea4fb0,isolated_inductive,feature_mlp;gcn;graphsage,cheapest_feasible_expert,8,declared_by_scenario,all_experts_available,fixed,none,none,none,NOT_APPLICABLE,NOT_APPLICABLE,CPU_SAVED_OUTPUT_PILOT,UNKNOWN_UNTIL_PILOT,BLOCKED_RESOURCE_UNMEASURED,run_manifest+predictions+resource_record+validation,CANONICAL_SAVED_OUTPUTS,DIAGNOSTIC,L4-H5
run-2d007adcb8921adc73503b2f,dgraphfin,scenario-d0411a93375b5592b44845cb,isolated_inductive,feature_mlp;gcn;graphsage,coregraph,9,declared_by_scenario,all_experts_available,hierarchical,none,none,none,NOT_APPLICABLE,NOT_APPLICABLE,CPU_SAVED_OUTPUT_PILOT,UNKNOWN_UNTIL_PILOT,BLOCKED_RESOURCE_UNMEASURED,run_manifest+predictions+resource_record+validation,CANONICAL_SAVED_OUTPUTS,PILOT_MUST_RUN,L4-H1;L4-H2;L4-H3;L4-H4;L4-H6
run-440eebc6e702a2a62ff945f8,dgraphfin,scenario-d0411a93375b5592b44845cb,isolated_inductive,feature_mlp;gcn;graphsage,uniform_average,9,declared_by_scenario,all_experts_available,fixed,none,none,none,NOT_APPLICABLE,NOT_APPLICABLE,CPU_SAVED_OUTPUT_PILOT,UNKNOWN_UNTIL_PILOT,BLOCKED_RESOURCE_UNMEASURED,run_manifest+predictions+resource_record+validation,CANONICAL_SAVED_OUTPUTS,PILOT_MUST_RUN,L4-H1
run-0692e1fdc36853f2e3366e6a,dgraphfin,scenario-d0411a93375b5592b44845cb,isolated_inductive,feature_mlp;gcn;graphsage,best_fixed_expert,9,declared_by_scenario,all_experts_available,fixed,none,none,none,NOT_APPLICABLE,NOT_APPLICABLE,CPU_SAVED_OUTPUT_PILOT,UNKNOWN_UNTIL_PILOT,BLOCKED_RESOURCE_UNMEASURED,run_manifest+predictions+resource_record+validation,CANONICAL_SAVED_OUTPUTS,PILOT_MUST_RUN,L4-H1
run-ba7b67d37dd99b2b8f7084ed,dgraphfin,scenario-d0411a93375b5592b44845cb,isolated_inductive,feature_mlp;gcn;graphsage,source_logistic_gate,9,declared_by_scenario,all_experts_available,instance,none,none,none,NOT_APPLICABLE,NOT_APPLICABLE,CPU_SAVED_OUTPUT_PILOT,UNKNOWN_UNTIL_PILOT,BLOCKED_RESOURCE_UNMEASURED,run_manifest+predictions+resource_record+validation,CANONICAL_SAVED_OUTPUTS,PILOT_MUST_RUN,L4-H2
run-78ea1369a34b42fae4d0641c,dgraphfin,scenario-d0411a93375b5592b44845cb,isolated_inductive,feature_mlp;gcn;graphsage,source_mlp_gate,9,declared_by_scenario,all_experts_available,instance,none,none,none,NOT_APPLICABLE,NOT_APPLICABLE,CPU_SAVED_OUTPUT_PILOT,UNKNOWN_UNTIL_PILOT,BLOCKED_RESOURCE_UNMEASURED,run_manifest+predictions+resource_record+validation,CANONICAL_SAVED_OUTPUTS,FULL_MUST_RUN,L4-H2
run-bd19075580607bfd0941b4d2,dgraphfin,scenario-d0411a93375b5592b44845cb,isolated_inductive,feature_mlp;gcn;graphsage,contract_router,9,declared_by_scenario,all_experts_available,contract,none,none,none,NOT_APPLICABLE,NOT_APPLICABLE,CPU_SAVED_OUTPUT_PILOT,UNKNOWN_UNTIL_PILOT,BLOCKED_RESOURCE_UNMEASURED,run_manifest+predictions+resource_record+validation,CANONICAL_SAVED_OUTPUTS,FULL_MUST_RUN,L4-H3
run-b81ac8ba9c7aac321bdc48ab,dgraphfin,scenario-d0411a93375b5592b44845cb,isolated_inductive,feature_mlp;gcn;graphsage,instance_router,9,declared_by_scenario,all_experts_available,instance,none,none,none,NOT_APPLICABLE,NOT_APPLICABLE,CPU_SAVED_OUTPUT_PILOT,UNKNOWN_UNTIL_PILOT,BLOCKED_RESOURCE_UNMEASURED,run_manifest+predictions+resource_record+validation,CANONICAL_SAVED_OUTPUTS,FULL_MUST_RUN,L4-H3
run-1f33a792b858e148ca161c8f,dgraphfin,scenario-d0411a93375b5592b44845cb,isolated_inductive,feature_mlp;gcn;graphsage,resource_aware_heuristic,9,declared_by_scenario,all_experts_available,contract,none,none,none,NOT_APPLICABLE,NOT_APPLICABLE,CPU_SAVED_OUTPUT_PILOT,UNKNOWN_UNTIL_PILOT,BLOCKED_RESOURCE_UNMEASURED,run_manifest+predictions+resource_record+validation,CANONICAL_SAVED_OUTPUTS,STRONG_RECOMMENDED,L4-H5
run-527e8f6c1f3ff292c0b6334e,dgraphfin,scenario-d0411a93375b5592b44845cb,isolated_inductive,feature_mlp;gcn;graphsage,cheapest_feasible_expert,9,declared_by_scenario,all_experts_available,fixed,none,none,none,NOT_APPLICABLE,NOT_APPLICABLE,CPU_SAVED_OUTPUT_PILOT,UNKNOWN_UNTIL_PILOT,BLOCKED_RESOURCE_UNMEASURED,run_manifest+predictions+resource_record+validation,CANONICAL_SAVED_OUTPUTS,DIAGNOSTIC,L4-H5
run-0bf851f75ced3d39fdc867e9,dgraphfin,scenario-5926e8915afdcff7d1698b95,isolated_inductive,feature_mlp;gcn;graphsage,coregraph,10,declared_by_scenario,all_experts_available,hierarchical,none,none,none,NOT_APPLICABLE,NOT_APPLICABLE,CPU_SAVED_OUTPUT_PILOT,UNKNOWN_UNTIL_PILOT,BLOCKED_RESOURCE_UNMEASURED,run_manifest+predictions+resource_record+validation,CANONICAL_SAVED_OUTPUTS,PILOT_MUST_RUN,L4-H1;L4-H2;L4-H3;L4-H4;L4-H6
run-f5c1ad475b4628bba9188ecb,dgraphfin,scenario-5926e8915afdcff7d1698b95,isolated_inductive,feature_mlp;gcn;graphsage,uniform_average,10,declared_by_scenario,all_experts_available,fixed,none,none,none,NOT_APPLICABLE,NOT_APPLICABLE,CPU_SAVED_OUTPUT_PILOT,UNKNOWN_UNTIL_PILOT,BLOCKED_RESOURCE_UNMEASURED,run_manifest+predictions+resource_record+validation,CANONICAL_SAVED_OUTPUTS,PILOT_MUST_RUN,L4-H1
run-69e3596840f99251e4bcb9bb,dgraphfin,scenario-5926e8915afdcff7d1698b95,isolated_inductive,feature_mlp;gcn;graphsage,best_fixed_expert,10,declared_by_scenario,all_experts_available,fixed,none,none,none,NOT_APPLICABLE,NOT_APPLICABLE,CPU_SAVED_OUTPUT_PILOT,UNKNOWN_UNTIL_PILOT,BLOCKED_RESOURCE_UNMEASURED,run_manifest+predictions+resource_record+validation,CANONICAL_SAVED_OUTPUTS,PILOT_MUST_RUN,L4-H1
run-5039cd4364c31a6127d08489,dgraphfin,scenario-5926e8915afdcff7d1698b95,isolated_inductive,feature_mlp;gcn;graphsage,source_logistic_gate,10,declared_by_scenario,all_experts_available,instance,none,none,none,NOT_APPLICABLE,NOT_APPLICABLE,CPU_SAVED_OUTPUT_PILOT,UNKNOWN_UNTIL_PILOT,BLOCKED_RESOURCE_UNMEASURED,run_manifest+predictions+resource_record+validation,CANONICAL_SAVED_OUTPUTS,PILOT_MUST_RUN,L4-H2
run-3d0c2b16eb6eb18b6bd4b55c,dgraphfin,scenario-5926e8915afdcff7d1698b95,isolated_inductive,feature_mlp;gcn;graphsage,source_mlp_gate,10,declared_by_scenario,all_experts_available,instance,none,none,none,NOT_APPLICABLE,NOT_APPLICABLE,CPU_SAVED_OUTPUT_PILOT,UNKNOWN_UNTIL_PILOT,BLOCKED_RESOURCE_UNMEASURED,run_manifest+predictions+resource_record+validation,CANONICAL_SAVED_OUTPUTS,FULL_MUST_RUN,L4-H2
run-688fceed0e3c752981bbd8ba,dgraphfin,scenario-5926e8915afdcff7d1698b95,isolated_inductive,feature_mlp;gcn;graphsage,contract_router,10,declared_by_scenario,all_experts_available,contract,none,none,none,NOT_APPLICABLE,NOT_APPLICABLE,CPU_SAVED_OUTPUT_PILOT,UNKNOWN_UNTIL_PILOT,BLOCKED_RESOURCE_UNMEASURED,run_manifest+predictions+resource_record+validation,CANONICAL_SAVED_OUTPUTS,FULL_MUST_RUN,L4-H3
run-39bef315d24e870a453d2118,dgraphfin,scenario-5926e8915afdcff7d1698b95,isolated_inductive,feature_mlp;gcn;graphsage,instance_router,10,declared_by_scenario,all_experts_available,instance,none,none,none,NOT_APPLICABLE,NOT_APPLICABLE,CPU_SAVED_OUTPUT_PILOT,UNKNOWN_UNTIL_PILOT,BLOCKED_RESOURCE_UNMEASURED,run_manifest+predictions+resource_record+validation,CANONICAL_SAVED_OUTPUTS,FULL_MUST_RUN,L4-H3
run-55326325980a2c773d36911d,dgraphfin,scenario-5926e8915afdcff7d1698b95,isolated_inductive,feature_mlp;gcn;graphsage,resource_aware_heuristic,10,declared_by_scenario,all_experts_available,contract,none,none,none,NOT_APPLICABLE,NOT_APPLICABLE,CPU_SAVED_OUTPUT_PILOT,UNKNOWN_UNTIL_PILOT,BLOCKED_RESOURCE_UNMEASURED,run_manifest+predictions+resource_record+validation,CANONICAL_SAVED_OUTPUTS,STRONG_RECOMMENDED,L4-H5
run-4fa7713101d7e983a61a0096,dgraphfin,scenario-5926e8915afdcff7d1698b95,isolated_inductive,feature_mlp;gcn;graphsage,cheapest_feasible_expert,10,declared_by_scenario,all_experts_available,fixed,none,none,none,NOT_APPLICABLE,NOT_APPLICABLE,CPU_SAVED_OUTPUT_PILOT,UNKNOWN_UNTIL_PILOT,BLOCKED_RESOURCE_UNMEASURED,run_manifest+predictions+resource_record+validation,CANONICAL_SAVED_OUTPUTS,DIAGNOSTIC,L4-H5
run-4d7ab762df5f8e600a3d5dcd,dgraphfin,scenario-c411f91cd5d33432dbdffe08,transductive_structure,feature_mlp;gcn;graphsage,coregraph,1,declared_by_scenario,all_experts_available,hierarchical,none,none,none,NOT_APPLICABLE,NOT_APPLICABLE,CPU_SAVED_OUTPUT_PILOT,UNKNOWN_UNTIL_PILOT,BLOCKED_RESOURCE_UNMEASURED,run_manifest+predictions+resource_record+validation,CANONICAL_SAVED_OUTPUTS,PILOT_MUST_RUN,L4-H1;L4-H2;L4-H3;L4-H4;L4-H6
run-5e022ca45fa46188aadfa573,dgraphfin,scenario-c411f91cd5d33432dbdffe08,transductive_structure,feature_mlp;gcn;graphsage,uniform_average,1,declared_by_scenario,all_experts_available,fixed,none,none,none,NOT_APPLICABLE,NOT_APPLICABLE,CPU_SAVED_OUTPUT_PILOT,UNKNOWN_UNTIL_PILOT,BLOCKED_RESOURCE_UNMEASURED,run_manifest+predictions+resource_record+validation,CANONICAL_SAVED_OUTPUTS,PILOT_MUST_RUN,L4-H1
run-0958be22ec9de1e1259c3132,dgraphfin,scenario-c411f91cd5d33432dbdffe08,transductive_structure,feature_mlp;gcn;graphsage,best_fixed_expert,1,declared_by_scenario,all_experts_available,fixed,none,none,none,NOT_APPLICABLE,NOT_APPLICABLE,CPU_SAVED_OUTPUT_PILOT,UNKNOWN_UNTIL_PILOT,BLOCKED_RESOURCE_UNMEASURED,run_manifest+predictions+resource_record+validation,CANONICAL_SAVED_OUTPUTS,PILOT_MUST_RUN,L4-H1
run-bb4dfa2c6c60d8ab07d3d750,dgraphfin,scenario-c411f91cd5d33432dbdffe08,transductive_structure,feature_mlp;gcn;graphsage,source_logistic_gate,1,declared_by_scenario,all_experts_available,instance,none,none,none,NOT_APPLICABLE,NOT_APPLICABLE,CPU_SAVED_OUTPUT_PILOT,UNKNOWN_UNTIL_PILOT,BLOCKED_RESOURCE_UNMEASURED,run_manifest+predictions+resource_record+validation,CANONICAL_SAVED_OUTPUTS,PILOT_MUST_RUN,L4-H2
run-5a0e9d62843d857aac6b340e,dgraphfin,scenario-c411f91cd5d33432dbdffe08,transductive_structure,feature_mlp;gcn;graphsage,source_mlp_gate,1,declared_by_scenario,all_experts_available,instance,none,none,none,NOT_APPLICABLE,NOT_APPLICABLE,CPU_SAVED_OUTPUT_PILOT,UNKNOWN_UNTIL_PILOT,BLOCKED_RESOURCE_UNMEASURED,run_manifest+predictions+resource_record+validation,CANONICAL_SAVED_OUTPUTS,FULL_MUST_RUN,L4-H2
run-8345ec469d0cabf23af4f07f,dgraphfin,scenario-c411f91cd5d33432dbdffe08,transductive_structure,feature_mlp;gcn;graphsage,contract_router,1,declared_by_scenario,all_experts_available,contract,none,none,none,NOT_APPLICABLE,NOT_APPLICABLE,CPU_SAVED_OUTPUT_PILOT,UNKNOWN_UNTIL_PILOT,BLOCKED_RESOURCE_UNMEASURED,run_manifest+predictions+resource_record+validation,CANONICAL_SAVED_OUTPUTS,FULL_MUST_RUN,L4-H3
run-1aaf662f65e5e2a289d81afc,dgraphfin,scenario-c411f91cd5d33432dbdffe08,transductive_structure,feature_mlp;gcn;graphsage,instance_router,1,declared_by_scenario,all_experts_available,instance,none,none,none,NOT_APPLICABLE,NOT_APPLICABLE,CPU_SAVED_OUTPUT_PILOT,UNKNOWN_UNTIL_PILOT,BLOCKED_RESOURCE_UNMEASURED,run_manifest+predictions+resource_record+validation,CANONICAL_SAVED_OUTPUTS,FULL_MUST_RUN,L4-H3
run-44fdd235f689dc7aed6d0881,dgraphfin,scenario-c411f91cd5d33432dbdffe08,transductive_structure,feature_mlp;gcn;graphsage,resource_aware_heuristic,1,declared_by_scenario,all_experts_available,contract,none,none,none,NOT_APPLICABLE,NOT_APPLICABLE,CPU_SAVED_OUTPUT_PILOT,UNKNOWN_UNTIL_PILOT,BLOCKED_RESOURCE_UNMEASURED,run_manifest+predictions+resource_record+validation,CANONICAL_SAVED_OUTPUTS,STRONG_RECOMMENDED,L4-H5
run-704b84598362f40df3864845,dgraphfin,scenario-c411f91cd5d33432dbdffe08,transductive_structure,feature_mlp;gcn;graphsage,cheapest_feasible_expert,1,declared_by_scenario,all_experts_available,fixed,none,none,none,NOT_APPLICABLE,NOT_APPLICABLE,CPU_SAVED_OUTPUT_PILOT,UNKNOWN_UNTIL_PILOT,BLOCKED_RESOURCE_UNMEASURED,run_manifest+predictions+resource_record+validation,CANONICAL_SAVED_OUTPUTS,DIAGNOSTIC,L4-H5
run-25b46f8ddcee411601519818,dgraphfin,scenario-526bf7762c228cd8f21890b5,transductive_structure,feature_mlp;gcn;graphsage,coregraph,2,declared_by_scenario,all_experts_available,hierarchical,none,none,none,NOT_APPLICABLE,NOT_APPLICABLE,CPU_SAVED_OUTPUT_PILOT,UNKNOWN_UNTIL_PILOT,BLOCKED_RESOURCE_UNMEASURED,run_manifest+predictions+resource_record+validation,CANONICAL_SAVED_OUTPUTS,PILOT_MUST_RUN,L4-H1;L4-H2;L4-H3;L4-H4;L4-H6
run-dae97d3f11fa7764fffd55bc,dgraphfin,scenario-526bf7762c228cd8f21890b5,transductive_structure,feature_mlp;gcn;graphsage,uniform_average,2,declared_by_scenario,all_experts_available,fixed,none,none,none,NOT_APPLICABLE,NOT_APPLICABLE,CPU_SAVED_OUTPUT_PILOT,UNKNOWN_UNTIL_PILOT,BLOCKED_RESOURCE_UNMEASURED,run_manifest+predictions+resource_record+validation,CANONICAL_SAVED_OUTPUTS,PILOT_MUST_RUN,L4-H1
run-96c981c1edb04d356168d674,dgraphfin,scenario-526bf7762c228cd8f21890b5,transductive_structure,feature_mlp;gcn;graphsage,best_fixed_expert,2,declared_by_scenario,all_experts_available,fixed,none,none,none,NOT_APPLICABLE,NOT_APPLICABLE,CPU_SAVED_OUTPUT_PILOT,UNKNOWN_UNTIL_PILOT,BLOCKED_RESOURCE_UNMEASURED,run_manifest+predictions+resource_record+validation,CANONICAL_SAVED_OUTPUTS,PILOT_MUST_RUN,L4-H1
run-1ff6d080a2c9c1e5de05f233,dgraphfin,scenario-526bf7762c228cd8f21890b5,transductive_structure,feature_mlp;gcn;graphsage,source_logistic_gate,2,declared_by_scenario,all_experts_available,instance,none,none,none,NOT_APPLICABLE,NOT_APPLICABLE,CPU_SAVED_OUTPUT_PILOT,UNKNOWN_UNTIL_PILOT,BLOCKED_RESOURCE_UNMEASURED,run_manifest+predictions+resource_record+validation,CANONICAL_SAVED_OUTPUTS,PILOT_MUST_RUN,L4-H2
run-ce241fee2e216ee5a3136ef9,dgraphfin,scenario-526bf7762c228cd8f21890b5,transductive_structure,feature_mlp;gcn;graphsage,source_mlp_gate,2,declared_by_scenario,all_experts_available,instance,none,none,none,NOT_APPLICABLE,NOT_APPLICABLE,CPU_SAVED_OUTPUT_PILOT,UNKNOWN_UNTIL_PILOT,BLOCKED_RESOURCE_UNMEASURED,run_manifest+predictions+resource_record+validation,CANONICAL_SAVED_OUTPUTS,FULL_MUST_RUN,L4-H2
run-b8d8f934deca9f3e8899bbe4,dgraphfin,scenario-526bf7762c228cd8f21890b5,transductive_structure,feature_mlp;gcn;graphsage,contract_router,2,declared_by_scenario,all_experts_available,contract,none,none,none,NOT_APPLICABLE,NOT_APPLICABLE,CPU_SAVED_OUTPUT_PILOT,UNKNOWN_UNTIL_PILOT,BLOCKED_RESOURCE_UNMEASURED,run_manifest+predictions+resource_record+validation,CANONICAL_SAVED_OUTPUTS,FULL_MUST_RUN,L4-H3
run-c0e7232ae779aa136879581d,dgraphfin,scenario-526bf7762c228cd8f21890b5,transductive_structure,feature_mlp;gcn;graphsage,instance_router,2,declared_by_scenario,all_experts_available,instance,none,none,none,NOT_APPLICABLE,NOT_APPLICABLE,CPU_SAVED_OUTPUT_PILOT,UNKNOWN_UNTIL_PILOT,BLOCKED_RESOURCE_UNMEASURED,run_manifest+predictions+resource_record+validation,CANONICAL_SAVED_OUTPUTS,FULL_MUST_RUN,L4-H3
run-70e3a416f483109f05665a18,dgraphfin,scenario-526bf7762c228cd8f21890b5,transductive_structure,feature_mlp;gcn;graphsage,resource_aware_heuristic,2,declared_by_scenario,all_experts_available,contract,none,none,none,NOT_APPLICABLE,NOT_APPLICABLE,CPU_SAVED_OUTPUT_PILOT,UNKNOWN_UNTIL_PILOT,BLOCKED_RESOURCE_UNMEASURED,run_manifest+predictions+resource_record+validation,CANONICAL_SAVED_OUTPUTS,STRONG_RECOMMENDED,L4-H5
run-4db6dc2f18fc413d7fd59ab2,dgraphfin,scenario-526bf7762c228cd8f21890b5,transductive_structure,feature_mlp;gcn;graphsage,cheapest_feasible_expert,2,declared_by_scenario,all_experts_available,fixed,none,none,none,NOT_APPLICABLE,NOT_APPLICABLE,CPU_SAVED_OUTPUT_PILOT,UNKNOWN_UNTIL_PILOT,BLOCKED_RESOURCE_UNMEASURED,run_manifest+predictions+resource_record+validation,CANONICAL_SAVED_OUTPUTS,DIAGNOSTIC,L4-H5
run-35617bb7ff7d0852f52b92f0,dgraphfin,scenario-ea8ac5ee01ec8d862a5d3989,transductive_structure,feature_mlp;gcn;graphsage,coregraph,3,declared_by_scenario,all_experts_available,hierarchical,none,none,none,NOT_APPLICABLE,NOT_APPLICABLE,CPU_SAVED_OUTPUT_PILOT,UNKNOWN_UNTIL_PILOT,BLOCKED_RESOURCE_UNMEASURED,run_manifest+predictions+resource_record+validation,CANONICAL_SAVED_OUTPUTS,PILOT_MUST_RUN,L4-H1;L4-H2;L4-H3;L4-H4;L4-H6
run-e4509dffe4359415547046dc,dgraphfin,scenario-ea8ac5ee01ec8d862a5d3989,transductive_structure,feature_mlp;gcn;graphsage,uniform_average,3,declared_by_scenario,all_experts_available,fixed,none,none,none,NOT_APPLICABLE,NOT_APPLICABLE,CPU_SAVED_OUTPUT_PILOT,UNKNOWN_UNTIL_PILOT,BLOCKED_RESOURCE_UNMEASURED,run_manifest+predictions+resource_record+validation,CANONICAL_SAVED_OUTPUTS,PILOT_MUST_RUN,L4-H1
run-5d9464929082fc33135348ba,dgraphfin,scenario-ea8ac5ee01ec8d862a5d3989,transductive_structure,feature_mlp;gcn;graphsage,best_fixed_expert,3,declared_by_scenario,all_experts_available,fixed,none,none,none,NOT_APPLICABLE,NOT_APPLICABLE,CPU_SAVED_OUTPUT_PILOT,UNKNOWN_UNTIL_PILOT,BLOCKED_RESOURCE_UNMEASURED,run_manifest+predictions+resource_record+validation,CANONICAL_SAVED_OUTPUTS,PILOT_MUST_RUN,L4-H1
run-4ab3db28debc13d2b5a78539,dgraphfin,scenario-ea8ac5ee01ec8d862a5d3989,transductive_structure,feature_mlp;gcn;graphsage,source_logistic_gate,3,declared_by_scenario,all_experts_available,instance,none,none,none,NOT_APPLICABLE,NOT_APPLICABLE,CPU_SAVED_OUTPUT_PILOT,UNKNOWN_UNTIL_PILOT,BLOCKED_RESOURCE_UNMEASURED,run_manifest+predictions+resource_record+validation,CANONICAL_SAVED_OUTPUTS,PILOT_MUST_RUN,L4-H2
run-213c6995e5803828ba34c408,dgraphfin,scenario-ea8ac5ee01ec8d862a5d3989,transductive_structure,feature_mlp;gcn;graphsage,source_mlp_gate,3,declared_by_scenario,all_experts_available,instance,none,none,none,NOT_APPLICABLE,NOT_APPLICABLE,CPU_SAVED_OUTPUT_PILOT,UNKNOWN_UNTIL_PILOT,BLOCKED_RESOURCE_UNMEASURED,run_manifest+predictions+resource_record+validation,CANONICAL_SAVED_OUTPUTS,FULL_MUST_RUN,L4-H2
run-d7f8202c1015318b2ceaf12d,dgraphfin,scenario-ea8ac5ee01ec8d862a5d3989,transductive_structure,feature_mlp;gcn;graphsage,contract_router,3,declared_by_scenario,all_experts_available,contract,none,none,none,NOT_APPLICABLE,NOT_APPLICABLE,CPU_SAVED_OUTPUT_PILOT,UNKNOWN_UNTIL_PILOT,BLOCKED_RESOURCE_UNMEASURED,run_manifest+predictions+resource_record+validation,CANONICAL_SAVED_OUTPUTS,FULL_MUST_RUN,L4-H3
run-6e66c14116f50c1926fac047,dgraphfin,scenario-ea8ac5ee01ec8d862a5d3989,transductive_structure,feature_mlp;gcn;graphsage,instance_router,3,declared_by_scenario,all_experts_available,instance,none,none,none,NOT_APPLICABLE,NOT_APPLICABLE,CPU_SAVED_OUTPUT_PILOT,UNKNOWN_UNTIL_PILOT,BLOCKED_RESOURCE_UNMEASURED,run_manifest+predictions+resource_record+validation,CANONICAL_SAVED_OUTPUTS,FULL_MUST_RUN,L4-H3
run-27975a03e783bb7f69b2c523,dgraphfin,scenario-ea8ac5ee01ec8d862a5d3989,transductive_structure,feature_mlp;gcn;graphsage,resource_aware_heuristic,3,declared_by_scenario,all_experts_available,contract,none,none,none,NOT_APPLICABLE,NOT_APPLICABLE,CPU_SAVED_OUTPUT_PILOT,UNKNOWN_UNTIL_PILOT,BLOCKED_RESOURCE_UNMEASURED,run_manifest+predictions+resource_record+validation,CANONICAL_SAVED_OUTPUTS,STRONG_RECOMMENDED,L4-H5
run-55aeed36d823be459e294793,dgraphfin,scenario-ea8ac5ee01ec8d862a5d3989,transductive_structure,feature_mlp;gcn;graphsage,cheapest_feasible_expert,3,declared_by_scenario,all_experts_available,fixed,none,none,none,NOT_APPLICABLE,NOT_APPLICABLE,CPU_SAVED_OUTPUT_PILOT,UNKNOWN_UNTIL_PILOT,BLOCKED_RESOURCE_UNMEASURED,run_manifest+predictions+resource_record+validation,CANONICAL_SAVED_OUTPUTS,DIAGNOSTIC,L4-H5
run-b86532473856a1834575cc7a,dgraphfin,scenario-7e71b7b409f9fb7c3cf00b0f,transductive_structure,feature_mlp;gcn;graphsage,coregraph,4,declared_by_scenario,all_experts_available,hierarchical,none,none,none,NOT_APPLICABLE,NOT_APPLICABLE,CPU_SAVED_OUTPUT_PILOT,UNKNOWN_UNTIL_PILOT,BLOCKED_RESOURCE_UNMEASURED,run_manifest+predictions+resource_record+validation,CANONICAL_SAVED_OUTPUTS,PILOT_MUST_RUN,L4-H1;L4-H2;L4-H3;L4-H4;L4-H6
run-6236196fdf6f235a87a6985b,dgraphfin,scenario-7e71b7b409f9fb7c3cf00b0f,transductive_structure,feature_mlp;gcn;graphsage,uniform_average,4,declared_by_scenario,all_experts_available,fixed,none,none,none,NOT_APPLICABLE,NOT_APPLICABLE,CPU_SAVED_OUTPUT_PILOT,UNKNOWN_UNTIL_PILOT,BLOCKED_RESOURCE_UNMEASURED,run_manifest+predictions+resource_record+validation,CANONICAL_SAVED_OUTPUTS,PILOT_MUST_RUN,L4-H1
run-30d984b1ddaab3ff3bdfa8a5,dgraphfin,scenario-7e71b7b409f9fb7c3cf00b0f,transductive_structure,feature_mlp;gcn;graphsage,best_fixed_expert,4,declared_by_scenario,all_experts_available,fixed,none,none,none,NOT_APPLICABLE,NOT_APPLICABLE,CPU_SAVED_OUTPUT_PILOT,UNKNOWN_UNTIL_PILOT,BLOCKED_RESOURCE_UNMEASURED,run_manifest+predictions+resource_record+validation,CANONICAL_SAVED_OUTPUTS,PILOT_MUST_RUN,L4-H1
run-a47d47cbce570d5a7ea58d04,dgraphfin,scenario-7e71b7b409f9fb7c3cf00b0f,transductive_structure,feature_mlp;gcn;graphsage,source_logistic_gate,4,declared_by_scenario,all_experts_available,instance,none,none,none,NOT_APPLICABLE,NOT_APPLICABLE,CPU_SAVED_OUTPUT_PILOT,UNKNOWN_UNTIL_PILOT,BLOCKED_RESOURCE_UNMEASURED,run_manifest+predictions+resource_record+validation,CANONICAL_SAVED_OUTPUTS,PILOT_MUST_RUN,L4-H2
run-8685a971b363e9175bc2635a,dgraphfin,scenario-7e71b7b409f9fb7c3cf00b0f,transductive_structure,feature_mlp;gcn;graphsage,source_mlp_gate,4,declared_by_scenario,all_experts_available,instance,none,none,none,NOT_APPLICABLE,NOT_APPLICABLE,CPU_SAVED_OUTPUT_PILOT,UNKNOWN_UNTIL_PILOT,BLOCKED_RESOURCE_UNMEASURED,run_manifest+predictions+resource_record+validation,CANONICAL_SAVED_OUTPUTS,FULL_MUST_RUN,L4-H2
run-0a457fff968fd4f109b4842a,dgraphfin,scenario-7e71b7b409f9fb7c3cf00b0f,transductive_structure,feature_mlp;gcn;graphsage,contract_router,4,declared_by_scenario,all_experts_available,contract,none,none,none,NOT_APPLICABLE,NOT_APPLICABLE,CPU_SAVED_OUTPUT_PILOT,UNKNOWN_UNTIL_PILOT,BLOCKED_RESOURCE_UNMEASURED,run_manifest+predictions+resource_record+validation,CANONICAL_SAVED_OUTPUTS,FULL_MUST_RUN,L4-H3
run-2a06e8b49543b6c3a015757c,dgraphfin,scenario-7e71b7b409f9fb7c3cf00b0f,transductive_structure,feature_mlp;gcn;graphsage,instance_router,4,declared_by_scenario,all_experts_available,instance,none,none,none,NOT_APPLICABLE,NOT_APPLICABLE,CPU_SAVED_OUTPUT_PILOT,UNKNOWN_UNTIL_PILOT,BLOCKED_RESOURCE_UNMEASURED,run_manifest+predictions+resource_record+validation,CANONICAL_SAVED_OUTPUTS,FULL_MUST_RUN,L4-H3
run-a6e604af365c8984e6e05d79,dgraphfin,scenario-7e71b7b409f9fb7c3cf00b0f,transductive_structure,feature_mlp;gcn;graphsage,resource_aware_heuristic,4,declared_by_scenario,all_experts_available,contract,none,none,none,NOT_APPLICABLE,NOT_APPLICABLE,CPU_SAVED_OUTPUT_PILOT,UNKNOWN_UNTIL_PILOT,BLOCKED_RESOURCE_UNMEASURED,run_manifest+predictions+resource_record+validation,CANONICAL_SAVED_OUTPUTS,STRONG_RECOMMENDED,L4-H5
run-9b94c20175ac44cbf7fbcac4,dgraphfin,scenario-7e71b7b409f9fb7c3cf00b0f,transductive_structure,feature_mlp;gcn;graphsage,cheapest_feasible_expert,4,declared_by_scenario,all_experts_available,fixed,none,none,none,NOT_APPLICABLE,NOT_APPLICABLE,CPU_SAVED_OUTPUT_PILOT,UNKNOWN_UNTIL_PILOT,BLOCKED_RESOURCE_UNMEASURED,run_manifest+predictions+resource_record+validation,CANONICAL_SAVED_OUTPUTS,DIAGNOSTIC,L4-H5
run-716b5ec88e16cd16a362383a,dgraphfin,scenario-e94f4e48832db1ed59a880c0,transductive_structure,feature_mlp;gcn;graphsage,coregraph,5,declared_by_scenario,all_experts_available,hierarchical,none,none,none,NOT_APPLICABLE,NOT_APPLICABLE,CPU_SAVED_OUTPUT_PILOT,UNKNOWN_UNTIL_PILOT,BLOCKED_RESOURCE_UNMEASURED,run_manifest+predictions+resource_record+validation,CANONICAL_SAVED_OUTPUTS,PILOT_MUST_RUN,L4-H1;L4-H2;L4-H3;L4-H4;L4-H6
run-315cba2aa23ad728bdf4946a,dgraphfin,scenario-e94f4e48832db1ed59a880c0,transductive_structure,feature_mlp;gcn;graphsage,uniform_average,5,declared_by_scenario,all_experts_available,fixed,none,none,none,NOT_APPLICABLE,NOT_APPLICABLE,CPU_SAVED_OUTPUT_PILOT,UNKNOWN_UNTIL_PILOT,BLOCKED_RESOURCE_UNMEASURED,run_manifest+predictions+resource_record+validation,CANONICAL_SAVED_OUTPUTS,PILOT_MUST_RUN,L4-H1
run-544aeea74fb73e61034a31b2,dgraphfin,scenario-e94f4e48832db1ed59a880c0,transductive_structure,feature_mlp;gcn;graphsage,best_fixed_expert,5,declared_by_scenario,all_experts_available,fixed,none,none,none,NOT_APPLICABLE,NOT_APPLICABLE,CPU_SAVED_OUTPUT_PILOT,UNKNOWN_UNTIL_PILOT,BLOCKED_RESOURCE_UNMEASURED,run_manifest+predictions+resource_record+validation,CANONICAL_SAVED_OUTPUTS,PILOT_MUST_RUN,L4-H1
run-9baf1c3c883b0ce378b74eea,dgraphfin,scenario-e94f4e48832db1ed59a880c0,transductive_structure,feature_mlp;gcn;graphsage,source_logistic_gate,5,declared_by_scenario,all_experts_available,instance,none,none,none,NOT_APPLICABLE,NOT_APPLICABLE,CPU_SAVED_OUTPUT_PILOT,UNKNOWN_UNTIL_PILOT,BLOCKED_RESOURCE_UNMEASURED,run_manifest+predictions+resource_record+validation,CANONICAL_SAVED_OUTPUTS,PILOT_MUST_RUN,L4-H2
run-35ed12700fe884f89f24f694,dgraphfin,scenario-e94f4e48832db1ed59a880c0,transductive_structure,feature_mlp;gcn;graphsage,source_mlp_gate,5,declared_by_scenario,all_experts_available,instance,none,none,none,NOT_APPLICABLE,NOT_APPLICABLE,CPU_SAVED_OUTPUT_PILOT,UNKNOWN_UNTIL_PILOT,BLOCKED_RESOURCE_UNMEASURED,run_manifest+predictions+resource_record+validation,CANONICAL_SAVED_OUTPUTS,FULL_MUST_RUN,L4-H2
run-9649c72ff897fba927af68e8,dgraphfin,scenario-e94f4e48832db1ed59a880c0,transductive_structure,feature_mlp;gcn;graphsage,contract_router,5,declared_by_scenario,all_experts_available,contract,none,none,none,NOT_APPLICABLE,NOT_APPLICABLE,CPU_SAVED_OUTPUT_PILOT,UNKNOWN_UNTIL_PILOT,BLOCKED_RESOURCE_UNMEASURED,run_manifest+predictions+resource_record+validation,CANONICAL_SAVED_OUTPUTS,FULL_MUST_RUN,L4-H3
run-aa7db6d5b70b99ec76da043d,dgraphfin,scenario-e94f4e48832db1ed59a880c0,transductive_structure,feature_mlp;gcn;graphsage,instance_router,5,declared_by_scenario,all_experts_available,instance,none,none,none,NOT_APPLICABLE,NOT_APPLICABLE,CPU_SAVED_OUTPUT_PILOT,UNKNOWN_UNTIL_PILOT,BLOCKED_RESOURCE_UNMEASURED,run_manifest+predictions+resource_record+validation,CANONICAL_SAVED_OUTPUTS,FULL_MUST_RUN,L4-H3
run-6a9b0b3a93e8a21d25691ed1,dgraphfin,scenario-e94f4e48832db1ed59a880c0,transductive_structure,feature_mlp;gcn;graphsage,resource_aware_heuristic,5,declared_by_scenario,all_experts_available,contract,none,none,none,NOT_APPLICABLE,NOT_APPLICABLE,CPU_SAVED_OUTPUT_PILOT,UNKNOWN_UNTIL_PILOT,BLOCKED_RESOURCE_UNMEASURED,run_manifest+predictions+resource_record+validation,CANONICAL_SAVED_OUTPUTS,STRONG_RECOMMENDED,L4-H5
run-28c4e50039394df8702f27e2,dgraphfin,scenario-e94f4e48832db1ed59a880c0,transductive_structure,feature_mlp;gcn;graphsage,cheapest_feasible_expert,5,declared_by_scenario,all_experts_available,fixed,none,none,none,NOT_APPLICABLE,NOT_APPLICABLE,CPU_SAVED_OUTPUT_PILOT,UNKNOWN_UNTIL_PILOT,BLOCKED_RESOURCE_UNMEASURED,run_manifest+predictions+resource_record+validation,CANONICAL_SAVED_OUTPUTS,DIAGNOSTIC,L4-H5
run-ea6fe23fe28335fa2d3d240e,dgraphfin,scenario-9c30859729ca22e68d526610,transductive_structure,feature_mlp;gcn;graphsage,coregraph,6,declared_by_scenario,all_experts_available,hierarchical,none,none,none,NOT_APPLICABLE,NOT_APPLICABLE,CPU_SAVED_OUTPUT_PILOT,UNKNOWN_UNTIL_PILOT,BLOCKED_RESOURCE_UNMEASURED,run_manifest+predictions+resource_record+validation,CANONICAL_SAVED_OUTPUTS,PILOT_MUST_RUN,L4-H1;L4-H2;L4-H3;L4-H4;L4-H6
run-35a9ee6b80fbdf8d01e46631,dgraphfin,scenario-9c30859729ca22e68d526610,transductive_structure,feature_mlp;gcn;graphsage,uniform_average,6,declared_by_scenario,all_experts_available,fixed,none,none,none,NOT_APPLICABLE,NOT_APPLICABLE,CPU_SAVED_OUTPUT_PILOT,UNKNOWN_UNTIL_PILOT,BLOCKED_RESOURCE_UNMEASURED,run_manifest+predictions+resource_record+validation,CANONICAL_SAVED_OUTPUTS,PILOT_MUST_RUN,L4-H1
run-ac7a69f9f8937d8c4e006ace,dgraphfin,scenario-9c30859729ca22e68d526610,transductive_structure,feature_mlp;gcn;graphsage,best_fixed_expert,6,declared_by_scenario,all_experts_available,fixed,none,none,none,NOT_APPLICABLE,NOT_APPLICABLE,CPU_SAVED_OUTPUT_PILOT,UNKNOWN_UNTIL_PILOT,BLOCKED_RESOURCE_UNMEASURED,run_manifest+predictions+resource_record+validation,CANONICAL_SAVED_OUTPUTS,PILOT_MUST_RUN,L4-H1
run-2e95e00ed4a950d5f46fbb19,dgraphfin,scenario-9c30859729ca22e68d526610,transductive_structure,feature_mlp;gcn;graphsage,source_logistic_gate,6,declared_by_scenario,all_experts_available,instance,none,none,none,NOT_APPLICABLE,NOT_APPLICABLE,CPU_SAVED_OUTPUT_PILOT,UNKNOWN_UNTIL_PILOT,BLOCKED_RESOURCE_UNMEASURED,run_manifest+predictions+resource_record+validation,CANONICAL_SAVED_OUTPUTS,PILOT_MUST_RUN,L4-H2
run-2585013c68dbf0047c32864d,dgraphfin,scenario-9c30859729ca22e68d526610,transductive_structure,feature_mlp;gcn;graphsage,source_mlp_gate,6,declared_by_scenario,all_experts_available,instance,none,none,none,NOT_APPLICABLE,NOT_APPLICABLE,CPU_SAVED_OUTPUT_PILOT,UNKNOWN_UNTIL_PILOT,BLOCKED_RESOURCE_UNMEASURED,run_manifest+predictions+resource_record+validation,CANONICAL_SAVED_OUTPUTS,FULL_MUST_RUN,L4-H2
run-dc1d8286520c1930c753b254,dgraphfin,scenario-9c30859729ca22e68d526610,transductive_structure,feature_mlp;gcn;graphsage,contract_router,6,declared_by_scenario,all_experts_available,contract,none,none,none,NOT_APPLICABLE,NOT_APPLICABLE,CPU_SAVED_OUTPUT_PILOT,UNKNOWN_UNTIL_PILOT,BLOCKED_RESOURCE_UNMEASURED,run_manifest+predictions+resource_record+validation,CANONICAL_SAVED_OUTPUTS,FULL_MUST_RUN,L4-H3
run-01017a7a4e4f2b446b51e51e,dgraphfin,scenario-9c30859729ca22e68d526610,transductive_structure,feature_mlp;gcn;graphsage,instance_router,6,declared_by_scenario,all_experts_available,instance,none,none,none,NOT_APPLICABLE,NOT_APPLICABLE,CPU_SAVED_OUTPUT_PILOT,UNKNOWN_UNTIL_PILOT,BLOCKED_RESOURCE_UNMEASURED,run_manifest+predictions+resource_record+validation,CANONICAL_SAVED_OUTPUTS,FULL_MUST_RUN,L4-H3
run-a8ecc3a61295a2a8014adeb7,dgraphfin,scenario-9c30859729ca22e68d526610,transductive_structure,feature_mlp;gcn;graphsage,resource_aware_heuristic,6,declared_by_scenario,all_experts_available,contract,none,none,none,NOT_APPLICABLE,NOT_APPLICABLE,CPU_SAVED_OUTPUT_PILOT,UNKNOWN_UNTIL_PILOT,BLOCKED_RESOURCE_UNMEASURED,run_manifest+predictions+resource_record+validation,CANONICAL_SAVED_OUTPUTS,STRONG_RECOMMENDED,L4-H5
run-04b46c6aeede519145c20a32,dgraphfin,scenario-9c30859729ca22e68d526610,transductive_structure,feature_mlp;gcn;graphsage,cheapest_feasible_expert,6,declared_by_scenario,all_experts_available,fixed,none,none,none,NOT_APPLICABLE,NOT_APPLICABLE,CPU_SAVED_OUTPUT_PILOT,UNKNOWN_UNTIL_PILOT,BLOCKED_RESOURCE_UNMEASURED,run_manifest+predictions+resource_record+validation,CANONICAL_SAVED_OUTPUTS,DIAGNOSTIC,L4-H5
run-836616e0ae509f584a12b04e,dgraphfin,scenario-38b5ce57451af6518fdd1caa,transductive_structure,feature_mlp;gcn;graphsage,coregraph,7,declared_by_scenario,all_experts_available,hierarchical,none,none,none,NOT_APPLICABLE,NOT_APPLICABLE,CPU_SAVED_OUTPUT_PILOT,UNKNOWN_UNTIL_PILOT,BLOCKED_RESOURCE_UNMEASURED,run_manifest+predictions+resource_record+validation,CANONICAL_SAVED_OUTPUTS,PILOT_MUST_RUN,L4-H1;L4-H2;L4-H3;L4-H4;L4-H6
run-104238fec02c84f965363766,dgraphfin,scenario-38b5ce57451af6518fdd1caa,transductive_structure,feature_mlp;gcn;graphsage,uniform_average,7,declared_by_scenario,all_experts_available,fixed,none,none,none,NOT_APPLICABLE,NOT_APPLICABLE,CPU_SAVED_OUTPUT_PILOT,UNKNOWN_UNTIL_PILOT,BLOCKED_RESOURCE_UNMEASURED,run_manifest+predictions+resource_record+validation,CANONICAL_SAVED_OUTPUTS,PILOT_MUST_RUN,L4-H1
run-18be7efe33e2849396984e6a,dgraphfin,scenario-38b5ce57451af6518fdd1caa,transductive_structure,feature_mlp;gcn;graphsage,best_fixed_expert,7,declared_by_scenario,all_experts_available,fixed,none,none,none,NOT_APPLICABLE,NOT_APPLICABLE,CPU_SAVED_OUTPUT_PILOT,UNKNOWN_UNTIL_PILOT,BLOCKED_RESOURCE_UNMEASURED,run_manifest+predictions+resource_record+validation,CANONICAL_SAVED_OUTPUTS,PILOT_MUST_RUN,L4-H1
run-9b3da33bc0127103ccdb39c5,dgraphfin,scenario-38b5ce57451af6518fdd1caa,transductive_structure,feature_mlp;gcn;graphsage,source_logistic_gate,7,declared_by_scenario,all_experts_available,instance,none,none,none,NOT_APPLICABLE,NOT_APPLICABLE,CPU_SAVED_OUTPUT_PILOT,UNKNOWN_UNTIL_PILOT,BLOCKED_RESOURCE_UNMEASURED,run_manifest+predictions+resource_record+validation,CANONICAL_SAVED_OUTPUTS,PILOT_MUST_RUN,L4-H2
run-21623cad107116a8ebc79a77,dgraphfin,scenario-38b5ce57451af6518fdd1caa,transductive_structure,feature_mlp;gcn;graphsage,source_mlp_gate,7,declared_by_scenario,all_experts_available,instance,none,none,none,NOT_APPLICABLE,NOT_APPLICABLE,CPU_SAVED_OUTPUT_PILOT,UNKNOWN_UNTIL_PILOT,BLOCKED_RESOURCE_UNMEASURED,run_manifest+predictions+resource_record+validation,CANONICAL_SAVED_OUTPUTS,FULL_MUST_RUN,L4-H2
run-9eb29ca4ec281800ade1b886,dgraphfin,scenario-38b5ce57451af6518fdd1caa,transductive_structure,feature_mlp;gcn;graphsage,contract_router,7,declared_by_scenario,all_experts_available,contract,none,none,none,NOT_APPLICABLE,NOT_APPLICABLE,CPU_SAVED_OUTPUT_PILOT,UNKNOWN_UNTIL_PILOT,BLOCKED_RESOURCE_UNMEASURED,run_manifest+predictions+resource_record+validation,CANONICAL_SAVED_OUTPUTS,FULL_MUST_RUN,L4-H3
run-44500620e99531d09fe6a739,dgraphfin,scenario-38b5ce57451af6518fdd1caa,transductive_structure,feature_mlp;gcn;graphsage,instance_router,7,declared_by_scenario,all_experts_available,instance,none,none,none,NOT_APPLICABLE,NOT_APPLICABLE,CPU_SAVED_OUTPUT_PILOT,UNKNOWN_UNTIL_PILOT,BLOCKED_RESOURCE_UNMEASURED,run_manifest+predictions+resource_record+validation,CANONICAL_SAVED_OUTPUTS,FULL_MUST_RUN,L4-H3
run-cf6717d9be1c358a1ab27392,dgraphfin,scenario-38b5ce57451af6518fdd1caa,transductive_structure,feature_mlp;gcn;graphsage,resource_aware_heuristic,7,declared_by_scenario,all_experts_available,contract,none,none,none,NOT_APPLICABLE,NOT_APPLICABLE,CPU_SAVED_OUTPUT_PILOT,UNKNOWN_UNTIL_PILOT,BLOCKED_RESOURCE_UNMEASURED,run_manifest+predictions+resource_record+validation,CANONICAL_SAVED_OUTPUTS,STRONG_RECOMMENDED,L4-H5
run-b57234587d2b07b572390779,dgraphfin,scenario-38b5ce57451af6518fdd1caa,transductive_structure,feature_mlp;gcn;graphsage,cheapest_feasible_expert,7,declared_by_scenario,all_experts_available,fixed,none,none,none,NOT_APPLICABLE,NOT_APPLICABLE,CPU_SAVED_OUTPUT_PILOT,UNKNOWN_UNTIL_PILOT,BLOCKED_RESOURCE_UNMEASURED,run_manifest+predictions+resource_record+validation,CANONICAL_SAVED_OUTPUTS,DIAGNOSTIC,L4-H5
run-89374b182b5518373410b57b,dgraphfin,scenario-f2fa3342e1ef128211eb9fda,transductive_structure,feature_mlp;gcn;graphsage,coregraph,8,declared_by_scenario,all_experts_available,hierarchical,none,none,none,NOT_APPLICABLE,NOT_APPLICABLE,CPU_SAVED_OUTPUT_PILOT,UNKNOWN_UNTIL_PILOT,BLOCKED_RESOURCE_UNMEASURED,run_manifest+predictions+resource_record+validation,CANONICAL_SAVED_OUTPUTS,PILOT_MUST_RUN,L4-H1;L4-H2;L4-H3;L4-H4;L4-H6
run-281c42fa0060c165a682ae83,dgraphfin,scenario-f2fa3342e1ef128211eb9fda,transductive_structure,feature_mlp;gcn;graphsage,uniform_average,8,declared_by_scenario,all_experts_available,fixed,none,none,none,NOT_APPLICABLE,NOT_APPLICABLE,CPU_SAVED_OUTPUT_PILOT,UNKNOWN_UNTIL_PILOT,BLOCKED_RESOURCE_UNMEASURED,run_manifest+predictions+resource_record+validation,CANONICAL_SAVED_OUTPUTS,PILOT_MUST_RUN,L4-H1
run-45f9b2c0a8c38018e109b8a0,dgraphfin,scenario-f2fa3342e1ef128211eb9fda,transductive_structure,feature_mlp;gcn;graphsage,best_fixed_expert,8,declared_by_scenario,all_experts_available,fixed,none,none,none,NOT_APPLICABLE,NOT_APPLICABLE,CPU_SAVED_OUTPUT_PILOT,UNKNOWN_UNTIL_PILOT,BLOCKED_RESOURCE_UNMEASURED,run_manifest+predictions+resource_record+validation,CANONICAL_SAVED_OUTPUTS,PILOT_MUST_RUN,L4-H1
run-0486efc47ea6dd858cc797cc,dgraphfin,scenario-f2fa3342e1ef128211eb9fda,transductive_structure,feature_mlp;gcn;graphsage,source_logistic_gate,8,declared_by_scenario,all_experts_available,instance,none,none,none,NOT_APPLICABLE,NOT_APPLICABLE,CPU_SAVED_OUTPUT_PILOT,UNKNOWN_UNTIL_PILOT,BLOCKED_RESOURCE_UNMEASURED,run_manifest+predictions+resource_record+validation,CANONICAL_SAVED_OUTPUTS,PILOT_MUST_RUN,L4-H2
run-65023b8e8295cdc815077687,dgraphfin,scenario-f2fa3342e1ef128211eb9fda,transductive_structure,feature_mlp;gcn;graphsage,source_mlp_gate,8,declared_by_scenario,all_experts_available,instance,none,none,none,NOT_APPLICABLE,NOT_APPLICABLE,CPU_SAVED_OUTPUT_PILOT,UNKNOWN_UNTIL_PILOT,BLOCKED_RESOURCE_UNMEASURED,run_manifest+predictions+resource_record+validation,CANONICAL_SAVED_OUTPUTS,FULL_MUST_RUN,L4-H2
run-5de6d44584840bc9941033f0,dgraphfin,scenario-f2fa3342e1ef128211eb9fda,transductive_structure,feature_mlp;gcn;graphsage,contract_router,8,declared_by_scenario,all_experts_available,contract,none,none,none,NOT_APPLICABLE,NOT_APPLICABLE,CPU_SAVED_OUTPUT_PILOT,UNKNOWN_UNTIL_PILOT,BLOCKED_RESOURCE_UNMEASURED,run_manifest+predictions+resource_record+validation,CANONICAL_SAVED_OUTPUTS,FULL_MUST_RUN,L4-H3
run-6d722f3166de5a026824fcbb,dgraphfin,scenario-f2fa3342e1ef128211eb9fda,transductive_structure,feature_mlp;gcn;graphsage,instance_router,8,declared_by_scenario,all_experts_available,instance,none,none,none,NOT_APPLICABLE,NOT_APPLICABLE,CPU_SAVED_OUTPUT_PILOT,UNKNOWN_UNTIL_PILOT,BLOCKED_RESOURCE_UNMEASURED,run_manifest+predictions+resource_record+validation,CANONICAL_SAVED_OUTPUTS,FULL_MUST_RUN,L4-H3
run-5ec5f443a35fc471e062b6ef,dgraphfin,scenario-f2fa3342e1ef128211eb9fda,transductive_structure,feature_mlp;gcn;graphsage,resource_aware_heuristic,8,declared_by_scenario,all_experts_available,contract,none,none,none,NOT_APPLICABLE,NOT_APPLICABLE,CPU_SAVED_OUTPUT_PILOT,UNKNOWN_UNTIL_PILOT,BLOCKED_RESOURCE_UNMEASURED,run_manifest+predictions+resource_record+validation,CANONICAL_SAVED_OUTPUTS,STRONG_RECOMMENDED,L4-H5
run-ee5674458da9768bcd3c4b75,dgraphfin,scenario-f2fa3342e1ef128211eb9fda,transductive_structure,feature_mlp;gcn;graphsage,cheapest_feasible_expert,8,declared_by_scenario,all_experts_available,fixed,none,none,none,NOT_APPLICABLE,NOT_APPLICABLE,CPU_SAVED_OUTPUT_PILOT,UNKNOWN_UNTIL_PILOT,BLOCKED_RESOURCE_UNMEASURED,run_manifest+predictions+resource_record+validation,CANONICAL_SAVED_OUTPUTS,DIAGNOSTIC,L4-H5
run-ea2949c9e0a21b6fe2421d77,dgraphfin,scenario-945b3cea050951dd15301de3,transductive_structure,feature_mlp;gcn;graphsage,coregraph,9,declared_by_scenario,all_experts_available,hierarchical,none,none,none,NOT_APPLICABLE,NOT_APPLICABLE,CPU_SAVED_OUTPUT_PILOT,UNKNOWN_UNTIL_PILOT,BLOCKED_RESOURCE_UNMEASURED,run_manifest+predictions+resource_record+validation,CANONICAL_SAVED_OUTPUTS,PILOT_MUST_RUN,L4-H1;L4-H2;L4-H3;L4-H4;L4-H6
run-cbd8ec9f2ac153b24e600917,dgraphfin,scenario-945b3cea050951dd15301de3,transductive_structure,feature_mlp;gcn;graphsage,uniform_average,9,declared_by_scenario,all_experts_available,fixed,none,none,none,NOT_APPLICABLE,NOT_APPLICABLE,CPU_SAVED_OUTPUT_PILOT,UNKNOWN_UNTIL_PILOT,BLOCKED_RESOURCE_UNMEASURED,run_manifest+predictions+resource_record+validation,CANONICAL_SAVED_OUTPUTS,PILOT_MUST_RUN,L4-H1
run-ed5d8b4890e70c7b51a86ba7,dgraphfin,scenario-945b3cea050951dd15301de3,transductive_structure,feature_mlp;gcn;graphsage,best_fixed_expert,9,declared_by_scenario,all_experts_available,fixed,none,none,none,NOT_APPLICABLE,NOT_APPLICABLE,CPU_SAVED_OUTPUT_PILOT,UNKNOWN_UNTIL_PILOT,BLOCKED_RESOURCE_UNMEASURED,run_manifest+predictions+resource_record+validation,CANONICAL_SAVED_OUTPUTS,PILOT_MUST_RUN,L4-H1
run-4998d4060da875bbcff2faac,dgraphfin,scenario-945b3cea050951dd15301de3,transductive_structure,feature_mlp;gcn;graphsage,source_logistic_gate,9,declared_by_scenario,all_experts_available,instance,none,none,none,NOT_APPLICABLE,NOT_APPLICABLE,CPU_SAVED_OUTPUT_PILOT,UNKNOWN_UNTIL_PILOT,BLOCKED_RESOURCE_UNMEASURED,run_manifest+predictions+resource_record+validation,CANONICAL_SAVED_OUTPUTS,PILOT_MUST_RUN,L4-H2
run-53b6614bab3928eefc6daeb3,dgraphfin,scenario-945b3cea050951dd15301de3,transductive_structure,feature_mlp;gcn;graphsage,source_mlp_gate,9,declared_by_scenario,all_experts_available,instance,none,none,none,NOT_APPLICABLE,NOT_APPLICABLE,CPU_SAVED_OUTPUT_PILOT,UNKNOWN_UNTIL_PILOT,BLOCKED_RESOURCE_UNMEASURED,run_manifest+predictions+resource_record+validation,CANONICAL_SAVED_OUTPUTS,FULL_MUST_RUN,L4-H2
run-6e1417c7d33349a1be5f9315,dgraphfin,scenario-945b3cea050951dd15301de3,transductive_structure,feature_mlp;gcn;graphsage,contract_router,9,declared_by_scenario,all_experts_available,contract,none,none,none,NOT_APPLICABLE,NOT_APPLICABLE,CPU_SAVED_OUTPUT_PILOT,UNKNOWN_UNTIL_PILOT,BLOCKED_RESOURCE_UNMEASURED,run_manifest+predictions+resource_record+validation,CANONICAL_SAVED_OUTPUTS,FULL_MUST_RUN,L4-H3
run-d4ee8db0ca8e27190c443965,dgraphfin,scenario-945b3cea050951dd15301de3,transductive_structure,feature_mlp;gcn;graphsage,instance_router,9,declared_by_scenario,all_experts_available,instance,none,none,none,NOT_APPLICABLE,NOT_APPLICABLE,CPU_SAVED_OUTPUT_PILOT,UNKNOWN_UNTIL_PILOT,BLOCKED_RESOURCE_UNMEASURED,run_manifest+predictions+resource_record+validation,CANONICAL_SAVED_OUTPUTS,FULL_MUST_RUN,L4-H3
run-26163fa1c47db338895ed16d,dgraphfin,scenario-945b3cea050951dd15301de3,transductive_structure,feature_mlp;gcn;graphsage,resource_aware_heuristic,9,declared_by_scenario,all_experts_available,contract,none,none,none,NOT_APPLICABLE,NOT_APPLICABLE,CPU_SAVED_OUTPUT_PILOT,UNKNOWN_UNTIL_PILOT,BLOCKED_RESOURCE_UNMEASURED,run_manifest+predictions+resource_record+validation,CANONICAL_SAVED_OUTPUTS,STRONG_RECOMMENDED,L4-H5
run-d4a26522d784a458e0293b13,dgraphfin,scenario-945b3cea050951dd15301de3,transductive_structure,feature_mlp;gcn;graphsage,cheapest_feasible_expert,9,declared_by_scenario,all_experts_available,fixed,none,none,none,NOT_APPLICABLE,NOT_APPLICABLE,CPU_SAVED_OUTPUT_PILOT,UNKNOWN_UNTIL_PILOT,BLOCKED_RESOURCE_UNMEASURED,run_manifest+predictions+resource_record+validation,CANONICAL_SAVED_OUTPUTS,DIAGNOSTIC,L4-H5
run-cd037c65d17fcceba3d7730c,dgraphfin,scenario-889c9a8fdfcacb4406ea2546,transductive_structure,feature_mlp;gcn;graphsage,coregraph,10,declared_by_scenario,all_experts_available,hierarchical,none,none,none,NOT_APPLICABLE,NOT_APPLICABLE,CPU_SAVED_OUTPUT_PILOT,UNKNOWN_UNTIL_PILOT,BLOCKED_RESOURCE_UNMEASURED,run_manifest+predictions+resource_record+validation,CANONICAL_SAVED_OUTPUTS,PILOT_MUST_RUN,L4-H1;L4-H2;L4-H3;L4-H4;L4-H6
run-224e517553f1a119269966d2,dgraphfin,scenario-889c9a8fdfcacb4406ea2546,transductive_structure,feature_mlp;gcn;graphsage,uniform_average,10,declared_by_scenario,all_experts_available,fixed,none,none,none,NOT_APPLICABLE,NOT_APPLICABLE,CPU_SAVED_OUTPUT_PILOT,UNKNOWN_UNTIL_PILOT,BLOCKED_RESOURCE_UNMEASURED,run_manifest+predictions+resource_record+validation,CANONICAL_SAVED_OUTPUTS,PILOT_MUST_RUN,L4-H1
run-5c947b8476ef1122b8759596,dgraphfin,scenario-889c9a8fdfcacb4406ea2546,transductive_structure,feature_mlp;gcn;graphsage,best_fixed_expert,10,declared_by_scenario,all_experts_available,fixed,none,none,none,NOT_APPLICABLE,NOT_APPLICABLE,CPU_SAVED_OUTPUT_PILOT,UNKNOWN_UNTIL_PILOT,BLOCKED_RESOURCE_UNMEASURED,run_manifest+predictions+resource_record+validation,CANONICAL_SAVED_OUTPUTS,PILOT_MUST_RUN,L4-H1
run-bc7ff16637dee88e17841b28,dgraphfin,scenario-889c9a8fdfcacb4406ea2546,transductive_structure,feature_mlp;gcn;graphsage,source_logistic_gate,10,declared_by_scenario,all_experts_available,instance,none,none,none,NOT_APPLICABLE,NOT_APPLICABLE,CPU_SAVED_OUTPUT_PILOT,UNKNOWN_UNTIL_PILOT,BLOCKED_RESOURCE_UNMEASURED,run_manifest+predictions+resource_record+validation,CANONICAL_SAVED_OUTPUTS,PILOT_MUST_RUN,L4-H2
run-82d9ca79fa44f3cd172dad39,dgraphfin,scenario-889c9a8fdfcacb4406ea2546,transductive_structure,feature_mlp;gcn;graphsage,source_mlp_gate,10,declared_by_scenario,all_experts_available,instance,none,none,none,NOT_APPLICABLE,NOT_APPLICABLE,CPU_SAVED_OUTPUT_PILOT,UNKNOWN_UNTIL_PILOT,BLOCKED_RESOURCE_UNMEASURED,run_manifest+predictions+resource_record+validation,CANONICAL_SAVED_OUTPUTS,FULL_MUST_RUN,L4-H2
run-98df3c8b86b65a220815c246,dgraphfin,scenario-889c9a8fdfcacb4406ea2546,transductive_structure,feature_mlp;gcn;graphsage,contract_router,10,declared_by_scenario,all_experts_available,contract,none,none,none,NOT_APPLICABLE,NOT_APPLICABLE,CPU_SAVED_OUTPUT_PILOT,UNKNOWN_UNTIL_PILOT,BLOCKED_RESOURCE_UNMEASURED,run_manifest+predictions+resource_record+validation,CANONICAL_SAVED_OUTPUTS,FULL_MUST_RUN,L4-H3
run-93364c39c30d7caf41e167cd,dgraphfin,scenario-889c9a8fdfcacb4406ea2546,transductive_structure,feature_mlp;gcn;graphsage,instance_router,10,declared_by_scenario,all_experts_available,instance,none,none,none,NOT_APPLICABLE,NOT_APPLICABLE,CPU_SAVED_OUTPUT_PILOT,UNKNOWN_UNTIL_PILOT,BLOCKED_RESOURCE_UNMEASURED,run_manifest+predictions+resource_record+validation,CANONICAL_SAVED_OUTPUTS,FULL_MUST_RUN,L4-H3
run-22199dbeb7b79db150e78f26,dgraphfin,scenario-889c9a8fdfcacb4406ea2546,transductive_structure,feature_mlp;gcn;graphsage,resource_aware_heuristic,10,declared_by_scenario,all_experts_available,contract,none,none,none,NOT_APPLICABLE,NOT_APPLICABLE,CPU_SAVED_OUTPUT_PILOT,UNKNOWN_UNTIL_PILOT,BLOCKED_RESOURCE_UNMEASURED,run_manifest+predictions+resource_record+validation,CANONICAL_SAVED_OUTPUTS,STRONG_RECOMMENDED,L4-H5
run-d8643526b1de1bab9ee0468f,dgraphfin,scenario-889c9a8fdfcacb4406ea2546,transductive_structure,feature_mlp;gcn;graphsage,cheapest_feasible_expert,10,declared_by_scenario,all_experts_available,fixed,none,none,none,NOT_APPLICABLE,NOT_APPLICABLE,CPU_SAVED_OUTPUT_PILOT,UNKNOWN_UNTIL_PILOT,BLOCKED_RESOURCE_UNMEASURED,run_manifest+predictions+resource_record+validation,CANONICAL_SAVED_OUTPUTS,DIAGNOSTIC,L4-H5
run-0c18ee5c9dfc249884c727e2,controlled_synthetic,base_plus_feature_corruption,feature_corruption,feature;graph;recent,coregraph,1,mechanism_declared,mechanism_declared,hierarchical,none,none,none,feature_corruption,NOT_APPLICABLE,CPU_TINY_THEN_GPU_FULL,UNKNOWN_UNTIL_PILOT,BLOCKED_RESOURCE_UNMEASURED,mechanism_manifest+predictions+validation,NONE_TINY;GPU_FULL_SEPARATE_AUTHORITY,FULL_MUST_RUN,L4-H1;L4-H7
run-b74464a65b814a87a2d1a40f,controlled_synthetic,base_plus_feature_corruption,feature_corruption,feature;graph;recent,protocol_one_hot,1,mechanism_declared,mechanism_declared,contract,none,protocol_one_hot,none,feature_corruption,NOT_APPLICABLE,CPU_TINY_THEN_GPU_FULL,UNKNOWN_UNTIL_PILOT,BLOCKED_RESOURCE_UNMEASURED,mechanism_manifest+predictions+validation,NONE_TINY;GPU_FULL_SEPARATE_AUTHORITY,FULL_MUST_RUN,L4-H1;L4-H7
run-0635f0d7f20d8de2501be783,controlled_synthetic,base_plus_feature_corruption,feature_corruption,feature;graph;recent,flat_contract_mlp,1,mechanism_declared,mechanism_declared,contract,none,flat,none,feature_corruption,NOT_APPLICABLE,CPU_TINY_THEN_GPU_FULL,UNKNOWN_UNTIL_PILOT,BLOCKED_RESOURCE_UNMEASURED,mechanism_manifest+predictions+validation,NONE_TINY;GPU_FULL_SEPARATE_AUTHORITY,STRONG_RECOMMENDED,L4-H1;L4-H7
run-14da9cce89100a84065a916d,controlled_synthetic,base_plus_feature_corruption,feature_corruption,feature;graph;recent,uniform_average,1,mechanism_declared,mechanism_declared,fixed,none,none,none,feature_corruption,NOT_APPLICABLE,CPU_TINY_THEN_GPU_FULL,UNKNOWN_UNTIL_PILOT,BLOCKED_RESOURCE_UNMEASURED,mechanism_manifest+predictions+validation,NONE_TINY;GPU_FULL_SEPARATE_AUTHORITY,STRONG_RECOMMENDED,L4-H1;L4-H7
run-31b6394266cc18a92516bc38,controlled_synthetic,base_plus_feature_corruption,feature_corruption,feature;graph;recent,coregraph,2,mechanism_declared,mechanism_declared,hierarchical,none,none,none,feature_corruption,NOT_APPLICABLE,CPU_TINY_THEN_GPU_FULL,UNKNOWN_UNTIL_PILOT,BLOCKED_RESOURCE_UNMEASURED,mechanism_manifest+predictions+validation,NONE_TINY;GPU_FULL_SEPARATE_AUTHORITY,FULL_MUST_RUN,L4-H1;L4-H7
run-04cadfd71a023d310c010b6c,controlled_synthetic,base_plus_feature_corruption,feature_corruption,feature;graph;recent,protocol_one_hot,2,mechanism_declared,mechanism_declared,contract,none,protocol_one_hot,none,feature_corruption,NOT_APPLICABLE,CPU_TINY_THEN_GPU_FULL,UNKNOWN_UNTIL_PILOT,BLOCKED_RESOURCE_UNMEASURED,mechanism_manifest+predictions+validation,NONE_TINY;GPU_FULL_SEPARATE_AUTHORITY,FULL_MUST_RUN,L4-H1;L4-H7
run-3d32c456e827bd1547e5e376,controlled_synthetic,base_plus_feature_corruption,feature_corruption,feature;graph;recent,flat_contract_mlp,2,mechanism_declared,mechanism_declared,contract,none,flat,none,feature_corruption,NOT_APPLICABLE,CPU_TINY_THEN_GPU_FULL,UNKNOWN_UNTIL_PILOT,BLOCKED_RESOURCE_UNMEASURED,mechanism_manifest+predictions+validation,NONE_TINY;GPU_FULL_SEPARATE_AUTHORITY,STRONG_RECOMMENDED,L4-H1;L4-H7
run-4d7a7b554ebe72a882bf248c,controlled_synthetic,base_plus_feature_corruption,feature_corruption,feature;graph;recent,uniform_average,2,mechanism_declared,mechanism_declared,fixed,none,none,none,feature_corruption,NOT_APPLICABLE,CPU_TINY_THEN_GPU_FULL,UNKNOWN_UNTIL_PILOT,BLOCKED_RESOURCE_UNMEASURED,mechanism_manifest+predictions+validation,NONE_TINY;GPU_FULL_SEPARATE_AUTHORITY,STRONG_RECOMMENDED,L4-H1;L4-H7
run-5a7159d4b551bef8067a362a,controlled_synthetic,base_plus_feature_corruption,feature_corruption,feature;graph;recent,coregraph,3,mechanism_declared,mechanism_declared,hierarchical,none,none,none,feature_corruption,NOT_APPLICABLE,CPU_TINY_THEN_GPU_FULL,UNKNOWN_UNTIL_PILOT,BLOCKED_RESOURCE_UNMEASURED,mechanism_manifest+predictions+validation,NONE_TINY;GPU_FULL_SEPARATE_AUTHORITY,FULL_MUST_RUN,L4-H1;L4-H7
run-5f9eb781245a9a7ac9e9f08b,controlled_synthetic,base_plus_feature_corruption,feature_corruption,feature;graph;recent,protocol_one_hot,3,mechanism_declared,mechanism_declared,contract,none,protocol_one_hot,none,feature_corruption,NOT_APPLICABLE,CPU_TINY_THEN_GPU_FULL,UNKNOWN_UNTIL_PILOT,BLOCKED_RESOURCE_UNMEASURED,mechanism_manifest+predictions+validation,NONE_TINY;GPU_FULL_SEPARATE_AUTHORITY,FULL_MUST_RUN,L4-H1;L4-H7
run-4ff59f91a96fc5728c375203,controlled_synthetic,base_plus_feature_corruption,feature_corruption,feature;graph;recent,flat_contract_mlp,3,mechanism_declared,mechanism_declared,contract,none,flat,none,feature_corruption,NOT_APPLICABLE,CPU_TINY_THEN_GPU_FULL,UNKNOWN_UNTIL_PILOT,BLOCKED_RESOURCE_UNMEASURED,mechanism_manifest+predictions+validation,NONE_TINY;GPU_FULL_SEPARATE_AUTHORITY,STRONG_RECOMMENDED,L4-H1;L4-H7
run-591fec421b11d3ec789591d8,controlled_synthetic,base_plus_feature_corruption,feature_corruption,feature;graph;recent,uniform_average,3,mechanism_declared,mechanism_declared,fixed,none,none,none,feature_corruption,NOT_APPLICABLE,CPU_TINY_THEN_GPU_FULL,UNKNOWN_UNTIL_PILOT,BLOCKED_RESOURCE_UNMEASURED,mechanism_manifest+predictions+validation,NONE_TINY;GPU_FULL_SEPARATE_AUTHORITY,STRONG_RECOMMENDED,L4-H1;L4-H7
run-2b477e9ceecd22ad9e0b3546,controlled_synthetic,base_plus_feature_corruption,feature_corruption,feature;graph;recent,coregraph,4,mechanism_declared,mechanism_declared,hierarchical,none,none,none,feature_corruption,NOT_APPLICABLE,CPU_TINY_THEN_GPU_FULL,UNKNOWN_UNTIL_PILOT,BLOCKED_RESOURCE_UNMEASURED,mechanism_manifest+predictions+validation,NONE_TINY;GPU_FULL_SEPARATE_AUTHORITY,FULL_MUST_RUN,L4-H1;L4-H7
run-dee15c4a94ae6abad78e4041,controlled_synthetic,base_plus_feature_corruption,feature_corruption,feature;graph;recent,protocol_one_hot,4,mechanism_declared,mechanism_declared,contract,none,protocol_one_hot,none,feature_corruption,NOT_APPLICABLE,CPU_TINY_THEN_GPU_FULL,UNKNOWN_UNTIL_PILOT,BLOCKED_RESOURCE_UNMEASURED,mechanism_manifest+predictions+validation,NONE_TINY;GPU_FULL_SEPARATE_AUTHORITY,FULL_MUST_RUN,L4-H1;L4-H7
run-ec729cd00e66c8afb1580a2b,controlled_synthetic,base_plus_feature_corruption,feature_corruption,feature;graph;recent,flat_contract_mlp,4,mechanism_declared,mechanism_declared,contract,none,flat,none,feature_corruption,NOT_APPLICABLE,CPU_TINY_THEN_GPU_FULL,UNKNOWN_UNTIL_PILOT,BLOCKED_RESOURCE_UNMEASURED,mechanism_manifest+predictions+validation,NONE_TINY;GPU_FULL_SEPARATE_AUTHORITY,STRONG_RECOMMENDED,L4-H1;L4-H7
run-9b7a608fc623ad60630a6fd5,controlled_synthetic,base_plus_feature_corruption,feature_corruption,feature;graph;recent,uniform_average,4,mechanism_declared,mechanism_declared,fixed,none,none,none,feature_corruption,NOT_APPLICABLE,CPU_TINY_THEN_GPU_FULL,UNKNOWN_UNTIL_PILOT,BLOCKED_RESOURCE_UNMEASURED,mechanism_manifest+predictions+validation,NONE_TINY;GPU_FULL_SEPARATE_AUTHORITY,STRONG_RECOMMENDED,L4-H1;L4-H7
run-7038c190d09349e631429557,controlled_synthetic,base_plus_feature_corruption,feature_corruption,feature;graph;recent,coregraph,5,mechanism_declared,mechanism_declared,hierarchical,none,none,none,feature_corruption,NOT_APPLICABLE,CPU_TINY_THEN_GPU_FULL,UNKNOWN_UNTIL_PILOT,BLOCKED_RESOURCE_UNMEASURED,mechanism_manifest+predictions+validation,NONE_TINY;GPU_FULL_SEPARATE_AUTHORITY,FULL_MUST_RUN,L4-H1;L4-H7
run-5d05210e26bade6929e002de,controlled_synthetic,base_plus_feature_corruption,feature_corruption,feature;graph;recent,protocol_one_hot,5,mechanism_declared,mechanism_declared,contract,none,protocol_one_hot,none,feature_corruption,NOT_APPLICABLE,CPU_TINY_THEN_GPU_FULL,UNKNOWN_UNTIL_PILOT,BLOCKED_RESOURCE_UNMEASURED,mechanism_manifest+predictions+validation,NONE_TINY;GPU_FULL_SEPARATE_AUTHORITY,FULL_MUST_RUN,L4-H1;L4-H7
run-ddd32fff1580b2859b45b43b,controlled_synthetic,base_plus_feature_corruption,feature_corruption,feature;graph;recent,flat_contract_mlp,5,mechanism_declared,mechanism_declared,contract,none,flat,none,feature_corruption,NOT_APPLICABLE,CPU_TINY_THEN_GPU_FULL,UNKNOWN_UNTIL_PILOT,BLOCKED_RESOURCE_UNMEASURED,mechanism_manifest+predictions+validation,NONE_TINY;GPU_FULL_SEPARATE_AUTHORITY,STRONG_RECOMMENDED,L4-H1;L4-H7
run-024cd179faa9132d44754fc1,controlled_synthetic,base_plus_feature_corruption,feature_corruption,feature;graph;recent,uniform_average,5,mechanism_declared,mechanism_declared,fixed,none,none,none,feature_corruption,NOT_APPLICABLE,CPU_TINY_THEN_GPU_FULL,UNKNOWN_UNTIL_PILOT,BLOCKED_RESOURCE_UNMEASURED,mechanism_manifest+predictions+validation,NONE_TINY;GPU_FULL_SEPARATE_AUTHORITY,STRONG_RECOMMENDED,L4-H1;L4-H7
run-26b1c7348ad504dcc56fe918,controlled_synthetic,base_plus_feature_corruption,feature_corruption,feature;graph;recent,coregraph,6,mechanism_declared,mechanism_declared,hierarchical,none,none,none,feature_corruption,NOT_APPLICABLE,CPU_TINY_THEN_GPU_FULL,UNKNOWN_UNTIL_PILOT,BLOCKED_RESOURCE_UNMEASURED,mechanism_manifest+predictions+validation,NONE_TINY;GPU_FULL_SEPARATE_AUTHORITY,FULL_MUST_RUN,L4-H1;L4-H7
run-69decfbcc6bc8df730e7f97d,controlled_synthetic,base_plus_feature_corruption,feature_corruption,feature;graph;recent,protocol_one_hot,6,mechanism_declared,mechanism_declared,contract,none,protocol_one_hot,none,feature_corruption,NOT_APPLICABLE,CPU_TINY_THEN_GPU_FULL,UNKNOWN_UNTIL_PILOT,BLOCKED_RESOURCE_UNMEASURED,mechanism_manifest+predictions+validation,NONE_TINY;GPU_FULL_SEPARATE_AUTHORITY,FULL_MUST_RUN,L4-H1;L4-H7
run-61334c5858505ab9a398a955,controlled_synthetic,base_plus_feature_corruption,feature_corruption,feature;graph;recent,flat_contract_mlp,6,mechanism_declared,mechanism_declared,contract,none,flat,none,feature_corruption,NOT_APPLICABLE,CPU_TINY_THEN_GPU_FULL,UNKNOWN_UNTIL_PILOT,BLOCKED_RESOURCE_UNMEASURED,mechanism_manifest+predictions+validation,NONE_TINY;GPU_FULL_SEPARATE_AUTHORITY,STRONG_RECOMMENDED,L4-H1;L4-H7
run-478327e21783fdead0fb77f6,controlled_synthetic,base_plus_feature_corruption,feature_corruption,feature;graph;recent,uniform_average,6,mechanism_declared,mechanism_declared,fixed,none,none,none,feature_corruption,NOT_APPLICABLE,CPU_TINY_THEN_GPU_FULL,UNKNOWN_UNTIL_PILOT,BLOCKED_RESOURCE_UNMEASURED,mechanism_manifest+predictions+validation,NONE_TINY;GPU_FULL_SEPARATE_AUTHORITY,STRONG_RECOMMENDED,L4-H1;L4-H7
run-ef6dfda376015ec28fc649ac,controlled_synthetic,base_plus_feature_corruption,feature_corruption,feature;graph;recent,coregraph,7,mechanism_declared,mechanism_declared,hierarchical,none,none,none,feature_corruption,NOT_APPLICABLE,CPU_TINY_THEN_GPU_FULL,UNKNOWN_UNTIL_PILOT,BLOCKED_RESOURCE_UNMEASURED,mechanism_manifest+predictions+validation,NONE_TINY;GPU_FULL_SEPARATE_AUTHORITY,FULL_MUST_RUN,L4-H1;L4-H7
run-1c2c5a7ca461d6e335ecce10,controlled_synthetic,base_plus_feature_corruption,feature_corruption,feature;graph;recent,protocol_one_hot,7,mechanism_declared,mechanism_declared,contract,none,protocol_one_hot,none,feature_corruption,NOT_APPLICABLE,CPU_TINY_THEN_GPU_FULL,UNKNOWN_UNTIL_PILOT,BLOCKED_RESOURCE_UNMEASURED,mechanism_manifest+predictions+validation,NONE_TINY;GPU_FULL_SEPARATE_AUTHORITY,FULL_MUST_RUN,L4-H1;L4-H7
run-f62509aa2eaff4796e53b3e8,controlled_synthetic,base_plus_feature_corruption,feature_corruption,feature;graph;recent,flat_contract_mlp,7,mechanism_declared,mechanism_declared,contract,none,flat,none,feature_corruption,NOT_APPLICABLE,CPU_TINY_THEN_GPU_FULL,UNKNOWN_UNTIL_PILOT,BLOCKED_RESOURCE_UNMEASURED,mechanism_manifest+predictions+validation,NONE_TINY;GPU_FULL_SEPARATE_AUTHORITY,STRONG_RECOMMENDED,L4-H1;L4-H7
run-9cc6c255ac9a1a38a560b0c5,controlled_synthetic,base_plus_feature_corruption,feature_corruption,feature;graph;recent,uniform_average,7,mechanism_declared,mechanism_declared,fixed,none,none,none,feature_corruption,NOT_APPLICABLE,CPU_TINY_THEN_GPU_FULL,UNKNOWN_UNTIL_PILOT,BLOCKED_RESOURCE_UNMEASURED,mechanism_manifest+predictions+validation,NONE_TINY;GPU_FULL_SEPARATE_AUTHORITY,STRONG_RECOMMENDED,L4-H1;L4-H7
run-e586e5b03729d8e3d999eed4,controlled_synthetic,base_plus_feature_corruption,feature_corruption,feature;graph;recent,coregraph,8,mechanism_declared,mechanism_declared,hierarchical,none,none,none,feature_corruption,NOT_APPLICABLE,CPU_TINY_THEN_GPU_FULL,UNKNOWN_UNTIL_PILOT,BLOCKED_RESOURCE_UNMEASURED,mechanism_manifest+predictions+validation,NONE_TINY;GPU_FULL_SEPARATE_AUTHORITY,FULL_MUST_RUN,L4-H1;L4-H7
run-c2a03f16dffcf6a4c06173cf,controlled_synthetic,base_plus_feature_corruption,feature_corruption,feature;graph;recent,protocol_one_hot,8,mechanism_declared,mechanism_declared,contract,none,protocol_one_hot,none,feature_corruption,NOT_APPLICABLE,CPU_TINY_THEN_GPU_FULL,UNKNOWN_UNTIL_PILOT,BLOCKED_RESOURCE_UNMEASURED,mechanism_manifest+predictions+validation,NONE_TINY;GPU_FULL_SEPARATE_AUTHORITY,FULL_MUST_RUN,L4-H1;L4-H7
run-61f1a896745b39716e606ba5,controlled_synthetic,base_plus_feature_corruption,feature_corruption,feature;graph;recent,flat_contract_mlp,8,mechanism_declared,mechanism_declared,contract,none,flat,none,feature_corruption,NOT_APPLICABLE,CPU_TINY_THEN_GPU_FULL,UNKNOWN_UNTIL_PILOT,BLOCKED_RESOURCE_UNMEASURED,mechanism_manifest+predictions+validation,NONE_TINY;GPU_FULL_SEPARATE_AUTHORITY,STRONG_RECOMMENDED,L4-H1;L4-H7
run-b9bdd2440f8fec06bd605868,controlled_synthetic,base_plus_feature_corruption,feature_corruption,feature;graph;recent,uniform_average,8,mechanism_declared,mechanism_declared,fixed,none,none,none,feature_corruption,NOT_APPLICABLE,CPU_TINY_THEN_GPU_FULL,UNKNOWN_UNTIL_PILOT,BLOCKED_RESOURCE_UNMEASURED,mechanism_manifest+predictions+validation,NONE_TINY;GPU_FULL_SEPARATE_AUTHORITY,STRONG_RECOMMENDED,L4-H1;L4-H7
run-657576683d1a47f28d88e4ee,controlled_synthetic,base_plus_feature_corruption,feature_corruption,feature;graph;recent,coregraph,9,mechanism_declared,mechanism_declared,hierarchical,none,none,none,feature_corruption,NOT_APPLICABLE,CPU_TINY_THEN_GPU_FULL,UNKNOWN_UNTIL_PILOT,BLOCKED_RESOURCE_UNMEASURED,mechanism_manifest+predictions+validation,NONE_TINY;GPU_FULL_SEPARATE_AUTHORITY,FULL_MUST_RUN,L4-H1;L4-H7
run-d6b708ca3d9740f70ac35a3b,controlled_synthetic,base_plus_feature_corruption,feature_corruption,feature;graph;recent,protocol_one_hot,9,mechanism_declared,mechanism_declared,contract,none,protocol_one_hot,none,feature_corruption,NOT_APPLICABLE,CPU_TINY_THEN_GPU_FULL,UNKNOWN_UNTIL_PILOT,BLOCKED_RESOURCE_UNMEASURED,mechanism_manifest+predictions+validation,NONE_TINY;GPU_FULL_SEPARATE_AUTHORITY,FULL_MUST_RUN,L4-H1;L4-H7
run-4d2af7b117a2de86fc9bf7e7,controlled_synthetic,base_plus_feature_corruption,feature_corruption,feature;graph;recent,flat_contract_mlp,9,mechanism_declared,mechanism_declared,contract,none,flat,none,feature_corruption,NOT_APPLICABLE,CPU_TINY_THEN_GPU_FULL,UNKNOWN_UNTIL_PILOT,BLOCKED_RESOURCE_UNMEASURED,mechanism_manifest+predictions+validation,NONE_TINY;GPU_FULL_SEPARATE_AUTHORITY,STRONG_RECOMMENDED,L4-H1;L4-H7
run-90909aab75eafbcccca8938c,controlled_synthetic,base_plus_feature_corruption,feature_corruption,feature;graph;recent,uniform_average,9,mechanism_declared,mechanism_declared,fixed,none,none,none,feature_corruption,NOT_APPLICABLE,CPU_TINY_THEN_GPU_FULL,UNKNOWN_UNTIL_PILOT,BLOCKED_RESOURCE_UNMEASURED,mechanism_manifest+predictions+validation,NONE_TINY;GPU_FULL_SEPARATE_AUTHORITY,STRONG_RECOMMENDED,L4-H1;L4-H7
run-37603f7ca09dc9faba85a039,controlled_synthetic,base_plus_feature_corruption,feature_corruption,feature;graph;recent,coregraph,10,mechanism_declared,mechanism_declared,hierarchical,none,none,none,feature_corruption,NOT_APPLICABLE,CPU_TINY_THEN_GPU_FULL,UNKNOWN_UNTIL_PILOT,BLOCKED_RESOURCE_UNMEASURED,mechanism_manifest+predictions+validation,NONE_TINY;GPU_FULL_SEPARATE_AUTHORITY,FULL_MUST_RUN,L4-H1;L4-H7
run-b7b4d89655a4e3baca79380f,controlled_synthetic,base_plus_feature_corruption,feature_corruption,feature;graph;recent,protocol_one_hot,10,mechanism_declared,mechanism_declared,contract,none,protocol_one_hot,none,feature_corruption,NOT_APPLICABLE,CPU_TINY_THEN_GPU_FULL,UNKNOWN_UNTIL_PILOT,BLOCKED_RESOURCE_UNMEASURED,mechanism_manifest+predictions+validation,NONE_TINY;GPU_FULL_SEPARATE_AUTHORITY,FULL_MUST_RUN,L4-H1;L4-H7
run-626ac72c353dbddbb9a76148,controlled_synthetic,base_plus_feature_corruption,feature_corruption,feature;graph;recent,flat_contract_mlp,10,mechanism_declared,mechanism_declared,contract,none,flat,none,feature_corruption,NOT_APPLICABLE,CPU_TINY_THEN_GPU_FULL,UNKNOWN_UNTIL_PILOT,BLOCKED_RESOURCE_UNMEASURED,mechanism_manifest+predictions+validation,NONE_TINY;GPU_FULL_SEPARATE_AUTHORITY,STRONG_RECOMMENDED,L4-H1;L4-H7
run-59f75b76ce00729f8f56a59d,controlled_synthetic,base_plus_feature_corruption,feature_corruption,feature;graph;recent,uniform_average,10,mechanism_declared,mechanism_declared,fixed,none,none,none,feature_corruption,NOT_APPLICABLE,CPU_TINY_THEN_GPU_FULL,UNKNOWN_UNTIL_PILOT,BLOCKED_RESOURCE_UNMEASURED,mechanism_manifest+predictions+validation,NONE_TINY;GPU_FULL_SEPARATE_AUTHORITY,STRONG_RECOMMENDED,L4-H1;L4-H7
run-931b55b80eb230ccc538f98b,controlled_synthetic,base_plus_edge_deletion,edge_deletion,feature;graph;recent,coregraph,1,mechanism_declared,mechanism_declared,hierarchical,none,none,none,edge_deletion,NOT_APPLICABLE,CPU_TINY_THEN_GPU_FULL,UNKNOWN_UNTIL_PILOT,BLOCKED_RESOURCE_UNMEASURED,mechanism_manifest+predictions+validation,NONE_TINY;GPU_FULL_SEPARATE_AUTHORITY,FULL_MUST_RUN,L4-H1;L4-H7
run-ab7ed3342dc0afc121c5f3d9,controlled_synthetic,base_plus_edge_deletion,edge_deletion,feature;graph;recent,protocol_one_hot,1,mechanism_declared,mechanism_declared,contract,none,protocol_one_hot,none,edge_deletion,NOT_APPLICABLE,CPU_TINY_THEN_GPU_FULL,UNKNOWN_UNTIL_PILOT,BLOCKED_RESOURCE_UNMEASURED,mechanism_manifest+predictions+validation,NONE_TINY;GPU_FULL_SEPARATE_AUTHORITY,FULL_MUST_RUN,L4-H1;L4-H7
run-b3842c1d15311dbe9176d860,controlled_synthetic,base_plus_edge_deletion,edge_deletion,feature;graph;recent,flat_contract_mlp,1,mechanism_declared,mechanism_declared,contract,none,flat,none,edge_deletion,NOT_APPLICABLE,CPU_TINY_THEN_GPU_FULL,UNKNOWN_UNTIL_PILOT,BLOCKED_RESOURCE_UNMEASURED,mechanism_manifest+predictions+validation,NONE_TINY;GPU_FULL_SEPARATE_AUTHORITY,STRONG_RECOMMENDED,L4-H1;L4-H7
run-f6a1aca010783d900e1de516,controlled_synthetic,base_plus_edge_deletion,edge_deletion,feature;graph;recent,uniform_average,1,mechanism_declared,mechanism_declared,fixed,none,none,none,edge_deletion,NOT_APPLICABLE,CPU_TINY_THEN_GPU_FULL,UNKNOWN_UNTIL_PILOT,BLOCKED_RESOURCE_UNMEASURED,mechanism_manifest+predictions+validation,NONE_TINY;GPU_FULL_SEPARATE_AUTHORITY,STRONG_RECOMMENDED,L4-H1;L4-H7
run-85f90de09abc0f4917bc53e9,controlled_synthetic,base_plus_edge_deletion,edge_deletion,feature;graph;recent,coregraph,2,mechanism_declared,mechanism_declared,hierarchical,none,none,none,edge_deletion,NOT_APPLICABLE,CPU_TINY_THEN_GPU_FULL,UNKNOWN_UNTIL_PILOT,BLOCKED_RESOURCE_UNMEASURED,mechanism_manifest+predictions+validation,NONE_TINY;GPU_FULL_SEPARATE_AUTHORITY,FULL_MUST_RUN,L4-H1;L4-H7
run-22ba11164b969e8f99a07ab9,controlled_synthetic,base_plus_edge_deletion,edge_deletion,feature;graph;recent,protocol_one_hot,2,mechanism_declared,mechanism_declared,contract,none,protocol_one_hot,none,edge_deletion,NOT_APPLICABLE,CPU_TINY_THEN_GPU_FULL,UNKNOWN_UNTIL_PILOT,BLOCKED_RESOURCE_UNMEASURED,mechanism_manifest+predictions+validation,NONE_TINY;GPU_FULL_SEPARATE_AUTHORITY,FULL_MUST_RUN,L4-H1;L4-H7
run-1252f516d093e10a83623943,controlled_synthetic,base_plus_edge_deletion,edge_deletion,feature;graph;recent,flat_contract_mlp,2,mechanism_declared,mechanism_declared,contract,none,flat,none,edge_deletion,NOT_APPLICABLE,CPU_TINY_THEN_GPU_FULL,UNKNOWN_UNTIL_PILOT,BLOCKED_RESOURCE_UNMEASURED,mechanism_manifest+predictions+validation,NONE_TINY;GPU_FULL_SEPARATE_AUTHORITY,STRONG_RECOMMENDED,L4-H1;L4-H7
run-4df1667b6d5bb99130a8173d,controlled_synthetic,base_plus_edge_deletion,edge_deletion,feature;graph;recent,uniform_average,2,mechanism_declared,mechanism_declared,fixed,none,none,none,edge_deletion,NOT_APPLICABLE,CPU_TINY_THEN_GPU_FULL,UNKNOWN_UNTIL_PILOT,BLOCKED_RESOURCE_UNMEASURED,mechanism_manifest+predictions+validation,NONE_TINY;GPU_FULL_SEPARATE_AUTHORITY,STRONG_RECOMMENDED,L4-H1;L4-H7
run-74445bbeb9a4b83c7631a82d,controlled_synthetic,base_plus_edge_deletion,edge_deletion,feature;graph;recent,coregraph,3,mechanism_declared,mechanism_declared,hierarchical,none,none,none,edge_deletion,NOT_APPLICABLE,CPU_TINY_THEN_GPU_FULL,UNKNOWN_UNTIL_PILOT,BLOCKED_RESOURCE_UNMEASURED,mechanism_manifest+predictions+validation,NONE_TINY;GPU_FULL_SEPARATE_AUTHORITY,FULL_MUST_RUN,L4-H1;L4-H7
run-7723103a901e09f6e522207d,controlled_synthetic,base_plus_edge_deletion,edge_deletion,feature;graph;recent,protocol_one_hot,3,mechanism_declared,mechanism_declared,contract,none,protocol_one_hot,none,edge_deletion,NOT_APPLICABLE,CPU_TINY_THEN_GPU_FULL,UNKNOWN_UNTIL_PILOT,BLOCKED_RESOURCE_UNMEASURED,mechanism_manifest+predictions+validation,NONE_TINY;GPU_FULL_SEPARATE_AUTHORITY,FULL_MUST_RUN,L4-H1;L4-H7
run-b0585ed5d114a36288bb0425,controlled_synthetic,base_plus_edge_deletion,edge_deletion,feature;graph;recent,flat_contract_mlp,3,mechanism_declared,mechanism_declared,contract,none,flat,none,edge_deletion,NOT_APPLICABLE,CPU_TINY_THEN_GPU_FULL,UNKNOWN_UNTIL_PILOT,BLOCKED_RESOURCE_UNMEASURED,mechanism_manifest+predictions+validation,NONE_TINY;GPU_FULL_SEPARATE_AUTHORITY,STRONG_RECOMMENDED,L4-H1;L4-H7
run-a3d94d8e88f750ac61b2d3e5,controlled_synthetic,base_plus_edge_deletion,edge_deletion,feature;graph;recent,uniform_average,3,mechanism_declared,mechanism_declared,fixed,none,none,none,edge_deletion,NOT_APPLICABLE,CPU_TINY_THEN_GPU_FULL,UNKNOWN_UNTIL_PILOT,BLOCKED_RESOURCE_UNMEASURED,mechanism_manifest+predictions+validation,NONE_TINY;GPU_FULL_SEPARATE_AUTHORITY,STRONG_RECOMMENDED,L4-H1;L4-H7
run-fd9dc6589f896b97f7e8c600,controlled_synthetic,base_plus_edge_deletion,edge_deletion,feature;graph;recent,coregraph,4,mechanism_declared,mechanism_declared,hierarchical,none,none,none,edge_deletion,NOT_APPLICABLE,CPU_TINY_THEN_GPU_FULL,UNKNOWN_UNTIL_PILOT,BLOCKED_RESOURCE_UNMEASURED,mechanism_manifest+predictions+validation,NONE_TINY;GPU_FULL_SEPARATE_AUTHORITY,FULL_MUST_RUN,L4-H1;L4-H7
run-cf68eba29dfc54b8c4f6217c,controlled_synthetic,base_plus_edge_deletion,edge_deletion,feature;graph;recent,protocol_one_hot,4,mechanism_declared,mechanism_declared,contract,none,protocol_one_hot,none,edge_deletion,NOT_APPLICABLE,CPU_TINY_THEN_GPU_FULL,UNKNOWN_UNTIL_PILOT,BLOCKED_RESOURCE_UNMEASURED,mechanism_manifest+predictions+validation,NONE_TINY;GPU_FULL_SEPARATE_AUTHORITY,FULL_MUST_RUN,L4-H1;L4-H7
run-aba5004a42031807c8da0ed2,controlled_synthetic,base_plus_edge_deletion,edge_deletion,feature;graph;recent,flat_contract_mlp,4,mechanism_declared,mechanism_declared,contract,none,flat,none,edge_deletion,NOT_APPLICABLE,CPU_TINY_THEN_GPU_FULL,UNKNOWN_UNTIL_PILOT,BLOCKED_RESOURCE_UNMEASURED,mechanism_manifest+predictions+validation,NONE_TINY;GPU_FULL_SEPARATE_AUTHORITY,STRONG_RECOMMENDED,L4-H1;L4-H7
run-2a92f870eaf0800e4e694451,controlled_synthetic,base_plus_edge_deletion,edge_deletion,feature;graph;recent,uniform_average,4,mechanism_declared,mechanism_declared,fixed,none,none,none,edge_deletion,NOT_APPLICABLE,CPU_TINY_THEN_GPU_FULL,UNKNOWN_UNTIL_PILOT,BLOCKED_RESOURCE_UNMEASURED,mechanism_manifest+predictions+validation,NONE_TINY;GPU_FULL_SEPARATE_AUTHORITY,STRONG_RECOMMENDED,L4-H1;L4-H7
run-af0d4d850408d2d99374f328,controlled_synthetic,base_plus_edge_deletion,edge_deletion,feature;graph;recent,coregraph,5,mechanism_declared,mechanism_declared,hierarchical,none,none,none,edge_deletion,NOT_APPLICABLE,CPU_TINY_THEN_GPU_FULL,UNKNOWN_UNTIL_PILOT,BLOCKED_RESOURCE_UNMEASURED,mechanism_manifest+predictions+validation,NONE_TINY;GPU_FULL_SEPARATE_AUTHORITY,FULL_MUST_RUN,L4-H1;L4-H7
run-bd707f81fdc8de1796905a90,controlled_synthetic,base_plus_edge_deletion,edge_deletion,feature;graph;recent,protocol_one_hot,5,mechanism_declared,mechanism_declared,contract,none,protocol_one_hot,none,edge_deletion,NOT_APPLICABLE,CPU_TINY_THEN_GPU_FULL,UNKNOWN_UNTIL_PILOT,BLOCKED_RESOURCE_UNMEASURED,mechanism_manifest+predictions+validation,NONE_TINY;GPU_FULL_SEPARATE_AUTHORITY,FULL_MUST_RUN,L4-H1;L4-H7
run-9d8d0e05602fff8645c0b695,controlled_synthetic,base_plus_edge_deletion,edge_deletion,feature;graph;recent,flat_contract_mlp,5,mechanism_declared,mechanism_declared,contract,none,flat,none,edge_deletion,NOT_APPLICABLE,CPU_TINY_THEN_GPU_FULL,UNKNOWN_UNTIL_PILOT,BLOCKED_RESOURCE_UNMEASURED,mechanism_manifest+predictions+validation,NONE_TINY;GPU_FULL_SEPARATE_AUTHORITY,STRONG_RECOMMENDED,L4-H1;L4-H7
run-dcfa492a0637e617e81631cd,controlled_synthetic,base_plus_edge_deletion,edge_deletion,feature;graph;recent,uniform_average,5,mechanism_declared,mechanism_declared,fixed,none,none,none,edge_deletion,NOT_APPLICABLE,CPU_TINY_THEN_GPU_FULL,UNKNOWN_UNTIL_PILOT,BLOCKED_RESOURCE_UNMEASURED,mechanism_manifest+predictions+validation,NONE_TINY;GPU_FULL_SEPARATE_AUTHORITY,STRONG_RECOMMENDED,L4-H1;L4-H7
run-1772201cec01c7718b02e88b,controlled_synthetic,base_plus_edge_deletion,edge_deletion,feature;graph;recent,coregraph,6,mechanism_declared,mechanism_declared,hierarchical,none,none,none,edge_deletion,NOT_APPLICABLE,CPU_TINY_THEN_GPU_FULL,UNKNOWN_UNTIL_PILOT,BLOCKED_RESOURCE_UNMEASURED,mechanism_manifest+predictions+validation,NONE_TINY;GPU_FULL_SEPARATE_AUTHORITY,FULL_MUST_RUN,L4-H1;L4-H7
run-ab41a72d261087ff7e343619,controlled_synthetic,base_plus_edge_deletion,edge_deletion,feature;graph;recent,protocol_one_hot,6,mechanism_declared,mechanism_declared,contract,none,protocol_one_hot,none,edge_deletion,NOT_APPLICABLE,CPU_TINY_THEN_GPU_FULL,UNKNOWN_UNTIL_PILOT,BLOCKED_RESOURCE_UNMEASURED,mechanism_manifest+predictions+validation,NONE_TINY;GPU_FULL_SEPARATE_AUTHORITY,FULL_MUST_RUN,L4-H1;L4-H7
run-2b7b8081bf81bf1a480f1bb0,controlled_synthetic,base_plus_edge_deletion,edge_deletion,feature;graph;recent,flat_contract_mlp,6,mechanism_declared,mechanism_declared,contract,none,flat,none,edge_deletion,NOT_APPLICABLE,CPU_TINY_THEN_GPU_FULL,UNKNOWN_UNTIL_PILOT,BLOCKED_RESOURCE_UNMEASURED,mechanism_manifest+predictions+validation,NONE_TINY;GPU_FULL_SEPARATE_AUTHORITY,STRONG_RECOMMENDED,L4-H1;L4-H7
run-43858601a7c49e15603cac67,controlled_synthetic,base_plus_edge_deletion,edge_deletion,feature;graph;recent,uniform_average,6,mechanism_declared,mechanism_declared,fixed,none,none,none,edge_deletion,NOT_APPLICABLE,CPU_TINY_THEN_GPU_FULL,UNKNOWN_UNTIL_PILOT,BLOCKED_RESOURCE_UNMEASURED,mechanism_manifest+predictions+validation,NONE_TINY;GPU_FULL_SEPARATE_AUTHORITY,STRONG_RECOMMENDED,L4-H1;L4-H7
run-d347aaeeeb69a8a04b376cbf,controlled_synthetic,base_plus_edge_deletion,edge_deletion,feature;graph;recent,coregraph,7,mechanism_declared,mechanism_declared,hierarchical,none,none,none,edge_deletion,NOT_APPLICABLE,CPU_TINY_THEN_GPU_FULL,UNKNOWN_UNTIL_PILOT,BLOCKED_RESOURCE_UNMEASURED,mechanism_manifest+predictions+validation,NONE_TINY;GPU_FULL_SEPARATE_AUTHORITY,FULL_MUST_RUN,L4-H1;L4-H7
run-fcd001f9a07e06767b7d8740,controlled_synthetic,base_plus_edge_deletion,edge_deletion,feature;graph;recent,protocol_one_hot,7,mechanism_declared,mechanism_declared,contract,none,protocol_one_hot,none,edge_deletion,NOT_APPLICABLE,CPU_TINY_THEN_GPU_FULL,UNKNOWN_UNTIL_PILOT,BLOCKED_RESOURCE_UNMEASURED,mechanism_manifest+predictions+validation,NONE_TINY;GPU_FULL_SEPARATE_AUTHORITY,FULL_MUST_RUN,L4-H1;L4-H7
run-638476b84f5c4df673dbaf74,controlled_synthetic,base_plus_edge_deletion,edge_deletion,feature;graph;recent,flat_contract_mlp,7,mechanism_declared,mechanism_declared,contract,none,flat,none,edge_deletion,NOT_APPLICABLE,CPU_TINY_THEN_GPU_FULL,UNKNOWN_UNTIL_PILOT,BLOCKED_RESOURCE_UNMEASURED,mechanism_manifest+predictions+validation,NONE_TINY;GPU_FULL_SEPARATE_AUTHORITY,STRONG_RECOMMENDED,L4-H1;L4-H7
run-270ace35d03c2f7d6ea664d0,controlled_synthetic,base_plus_edge_deletion,edge_deletion,feature;graph;recent,uniform_average,7,mechanism_declared,mechanism_declared,fixed,none,none,none,edge_deletion,NOT_APPLICABLE,CPU_TINY_THEN_GPU_FULL,UNKNOWN_UNTIL_PILOT,BLOCKED_RESOURCE_UNMEASURED,mechanism_manifest+predictions+validation,NONE_TINY;GPU_FULL_SEPARATE_AUTHORITY,STRONG_RECOMMENDED,L4-H1;L4-H7
run-095c724401ed11ee2c7ec754,controlled_synthetic,base_plus_edge_deletion,edge_deletion,feature;graph;recent,coregraph,8,mechanism_declared,mechanism_declared,hierarchical,none,none,none,edge_deletion,NOT_APPLICABLE,CPU_TINY_THEN_GPU_FULL,UNKNOWN_UNTIL_PILOT,BLOCKED_RESOURCE_UNMEASURED,mechanism_manifest+predictions+validation,NONE_TINY;GPU_FULL_SEPARATE_AUTHORITY,FULL_MUST_RUN,L4-H1;L4-H7
run-774d1f3abb6ec65b91de5d8f,controlled_synthetic,base_plus_edge_deletion,edge_deletion,feature;graph;recent,protocol_one_hot,8,mechanism_declared,mechanism_declared,contract,none,protocol_one_hot,none,edge_deletion,NOT_APPLICABLE,CPU_TINY_THEN_GPU_FULL,UNKNOWN_UNTIL_PILOT,BLOCKED_RESOURCE_UNMEASURED,mechanism_manifest+predictions+validation,NONE_TINY;GPU_FULL_SEPARATE_AUTHORITY,FULL_MUST_RUN,L4-H1;L4-H7
run-ca2c2c60419ee290a4a002d5,controlled_synthetic,base_plus_edge_deletion,edge_deletion,feature;graph;recent,flat_contract_mlp,8,mechanism_declared,mechanism_declared,contract,none,flat,none,edge_deletion,NOT_APPLICABLE,CPU_TINY_THEN_GPU_FULL,UNKNOWN_UNTIL_PILOT,BLOCKED_RESOURCE_UNMEASURED,mechanism_manifest+predictions+validation,NONE_TINY;GPU_FULL_SEPARATE_AUTHORITY,STRONG_RECOMMENDED,L4-H1;L4-H7
run-e85b9595c2d73e1f11ae0e83,controlled_synthetic,base_plus_edge_deletion,edge_deletion,feature;graph;recent,uniform_average,8,mechanism_declared,mechanism_declared,fixed,none,none,none,edge_deletion,NOT_APPLICABLE,CPU_TINY_THEN_GPU_FULL,UNKNOWN_UNTIL_PILOT,BLOCKED_RESOURCE_UNMEASURED,mechanism_manifest+predictions+validation,NONE_TINY;GPU_FULL_SEPARATE_AUTHORITY,STRONG_RECOMMENDED,L4-H1;L4-H7
run-f7e5b4199af648674ce0108c,controlled_synthetic,base_plus_edge_deletion,edge_deletion,feature;graph;recent,coregraph,9,mechanism_declared,mechanism_declared,hierarchical,none,none,none,edge_deletion,NOT_APPLICABLE,CPU_TINY_THEN_GPU_FULL,UNKNOWN_UNTIL_PILOT,BLOCKED_RESOURCE_UNMEASURED,mechanism_manifest+predictions+validation,NONE_TINY;GPU_FULL_SEPARATE_AUTHORITY,FULL_MUST_RUN,L4-H1;L4-H7
run-1105be22c8237d774960896a,controlled_synthetic,base_plus_edge_deletion,edge_deletion,feature;graph;recent,protocol_one_hot,9,mechanism_declared,mechanism_declared,contract,none,protocol_one_hot,none,edge_deletion,NOT_APPLICABLE,CPU_TINY_THEN_GPU_FULL,UNKNOWN_UNTIL_PILOT,BLOCKED_RESOURCE_UNMEASURED,mechanism_manifest+predictions+validation,NONE_TINY;GPU_FULL_SEPARATE_AUTHORITY,FULL_MUST_RUN,L4-H1;L4-H7
run-d6331b35bc619d9caac2c9c2,controlled_synthetic,base_plus_edge_deletion,edge_deletion,feature;graph;recent,flat_contract_mlp,9,mechanism_declared,mechanism_declared,contract,none,flat,none,edge_deletion,NOT_APPLICABLE,CPU_TINY_THEN_GPU_FULL,UNKNOWN_UNTIL_PILOT,BLOCKED_RESOURCE_UNMEASURED,mechanism_manifest+predictions+validation,NONE_TINY;GPU_FULL_SEPARATE_AUTHORITY,STRONG_RECOMMENDED,L4-H1;L4-H7
run-7c40eb285527025e3303d082,controlled_synthetic,base_plus_edge_deletion,edge_deletion,feature;graph;recent,uniform_average,9,mechanism_declared,mechanism_declared,fixed,none,none,none,edge_deletion,NOT_APPLICABLE,CPU_TINY_THEN_GPU_FULL,UNKNOWN_UNTIL_PILOT,BLOCKED_RESOURCE_UNMEASURED,mechanism_manifest+predictions+validation,NONE_TINY;GPU_FULL_SEPARATE_AUTHORITY,STRONG_RECOMMENDED,L4-H1;L4-H7
run-45e0a8bb0cc2e9afd2bd425f,controlled_synthetic,base_plus_edge_deletion,edge_deletion,feature;graph;recent,coregraph,10,mechanism_declared,mechanism_declared,hierarchical,none,none,none,edge_deletion,NOT_APPLICABLE,CPU_TINY_THEN_GPU_FULL,UNKNOWN_UNTIL_PILOT,BLOCKED_RESOURCE_UNMEASURED,mechanism_manifest+predictions+validation,NONE_TINY;GPU_FULL_SEPARATE_AUTHORITY,FULL_MUST_RUN,L4-H1;L4-H7
run-208afa473c9c94c56b9d4a2d,controlled_synthetic,base_plus_edge_deletion,edge_deletion,feature;graph;recent,protocol_one_hot,10,mechanism_declared,mechanism_declared,contract,none,protocol_one_hot,none,edge_deletion,NOT_APPLICABLE,CPU_TINY_THEN_GPU_FULL,UNKNOWN_UNTIL_PILOT,BLOCKED_RESOURCE_UNMEASURED,mechanism_manifest+predictions+validation,NONE_TINY;GPU_FULL_SEPARATE_AUTHORITY,FULL_MUST_RUN,L4-H1;L4-H7
run-f886c774c3a1a2e644f14971,controlled_synthetic,base_plus_edge_deletion,edge_deletion,feature;graph;recent,flat_contract_mlp,10,mechanism_declared,mechanism_declared,contract,none,flat,none,edge_deletion,NOT_APPLICABLE,CPU_TINY_THEN_GPU_FULL,UNKNOWN_UNTIL_PILOT,BLOCKED_RESOURCE_UNMEASURED,mechanism_manifest+predictions+validation,NONE_TINY;GPU_FULL_SEPARATE_AUTHORITY,STRONG_RECOMMENDED,L4-H1;L4-H7
run-6bf5c73ff118b2a0daac9f39,controlled_synthetic,base_plus_edge_deletion,edge_deletion,feature;graph;recent,uniform_average,10,mechanism_declared,mechanism_declared,fixed,none,none,none,edge_deletion,NOT_APPLICABLE,CPU_TINY_THEN_GPU_FULL,UNKNOWN_UNTIL_PILOT,BLOCKED_RESOURCE_UNMEASURED,mechanism_manifest+predictions+validation,NONE_TINY;GPU_FULL_SEPARATE_AUTHORITY,STRONG_RECOMMENDED,L4-H1;L4-H7
run-60cce0cd2840919bf063dbc4,controlled_synthetic,base_plus_degree_shift,degree_shift,feature;graph;recent,coregraph,1,mechanism_declared,mechanism_declared,hierarchical,none,none,none,degree_shift,NOT_APPLICABLE,CPU_TINY_THEN_GPU_FULL,UNKNOWN_UNTIL_PILOT,BLOCKED_RESOURCE_UNMEASURED,mechanism_manifest+predictions+validation,NONE_TINY;GPU_FULL_SEPARATE_AUTHORITY,FULL_MUST_RUN,L4-H1;L4-H7
run-b8868cd7c568bba592fd2cd3,controlled_synthetic,base_plus_degree_shift,degree_shift,feature;graph;recent,protocol_one_hot,1,mechanism_declared,mechanism_declared,contract,none,protocol_one_hot,none,degree_shift,NOT_APPLICABLE,CPU_TINY_THEN_GPU_FULL,UNKNOWN_UNTIL_PILOT,BLOCKED_RESOURCE_UNMEASURED,mechanism_manifest+predictions+validation,NONE_TINY;GPU_FULL_SEPARATE_AUTHORITY,FULL_MUST_RUN,L4-H1;L4-H7
run-193cb92bbc9c632046e57105,controlled_synthetic,base_plus_degree_shift,degree_shift,feature;graph;recent,flat_contract_mlp,1,mechanism_declared,mechanism_declared,contract,none,flat,none,degree_shift,NOT_APPLICABLE,CPU_TINY_THEN_GPU_FULL,UNKNOWN_UNTIL_PILOT,BLOCKED_RESOURCE_UNMEASURED,mechanism_manifest+predictions+validation,NONE_TINY;GPU_FULL_SEPARATE_AUTHORITY,STRONG_RECOMMENDED,L4-H1;L4-H7
run-4f83181e456642076e4ba307,controlled_synthetic,base_plus_degree_shift,degree_shift,feature;graph;recent,uniform_average,1,mechanism_declared,mechanism_declared,fixed,none,none,none,degree_shift,NOT_APPLICABLE,CPU_TINY_THEN_GPU_FULL,UNKNOWN_UNTIL_PILOT,BLOCKED_RESOURCE_UNMEASURED,mechanism_manifest+predictions+validation,NONE_TINY;GPU_FULL_SEPARATE_AUTHORITY,STRONG_RECOMMENDED,L4-H1;L4-H7
run-04699221e34aab8b3264ecda,controlled_synthetic,base_plus_degree_shift,degree_shift,feature;graph;recent,coregraph,2,mechanism_declared,mechanism_declared,hierarchical,none,none,none,degree_shift,NOT_APPLICABLE,CPU_TINY_THEN_GPU_FULL,UNKNOWN_UNTIL_PILOT,BLOCKED_RESOURCE_UNMEASURED,mechanism_manifest+predictions+validation,NONE_TINY;GPU_FULL_SEPARATE_AUTHORITY,FULL_MUST_RUN,L4-H1;L4-H7
run-4ad3493b8b6b07f0e633e870,controlled_synthetic,base_plus_degree_shift,degree_shift,feature;graph;recent,protocol_one_hot,2,mechanism_declared,mechanism_declared,contract,none,protocol_one_hot,none,degree_shift,NOT_APPLICABLE,CPU_TINY_THEN_GPU_FULL,UNKNOWN_UNTIL_PILOT,BLOCKED_RESOURCE_UNMEASURED,mechanism_manifest+predictions+validation,NONE_TINY;GPU_FULL_SEPARATE_AUTHORITY,FULL_MUST_RUN,L4-H1;L4-H7
run-2f003ce6dd1919a8b9b2bb5b,controlled_synthetic,base_plus_degree_shift,degree_shift,feature;graph;recent,flat_contract_mlp,2,mechanism_declared,mechanism_declared,contract,none,flat,none,degree_shift,NOT_APPLICABLE,CPU_TINY_THEN_GPU_FULL,UNKNOWN_UNTIL_PILOT,BLOCKED_RESOURCE_UNMEASURED,mechanism_manifest+predictions+validation,NONE_TINY;GPU_FULL_SEPARATE_AUTHORITY,STRONG_RECOMMENDED,L4-H1;L4-H7
run-6a8fd5e28da6d9f766818c44,controlled_synthetic,base_plus_degree_shift,degree_shift,feature;graph;recent,uniform_average,2,mechanism_declared,mechanism_declared,fixed,none,none,none,degree_shift,NOT_APPLICABLE,CPU_TINY_THEN_GPU_FULL,UNKNOWN_UNTIL_PILOT,BLOCKED_RESOURCE_UNMEASURED,mechanism_manifest+predictions+validation,NONE_TINY;GPU_FULL_SEPARATE_AUTHORITY,STRONG_RECOMMENDED,L4-H1;L4-H7
run-602f9de48757901f49a389de,controlled_synthetic,base_plus_degree_shift,degree_shift,feature;graph;recent,coregraph,3,mechanism_declared,mechanism_declared,hierarchical,none,none,none,degree_shift,NOT_APPLICABLE,CPU_TINY_THEN_GPU_FULL,UNKNOWN_UNTIL_PILOT,BLOCKED_RESOURCE_UNMEASURED,mechanism_manifest+predictions+validation,NONE_TINY;GPU_FULL_SEPARATE_AUTHORITY,FULL_MUST_RUN,L4-H1;L4-H7
run-e537979995c33c7221bba3ed,controlled_synthetic,base_plus_degree_shift,degree_shift,feature;graph;recent,protocol_one_hot,3,mechanism_declared,mechanism_declared,contract,none,protocol_one_hot,none,degree_shift,NOT_APPLICABLE,CPU_TINY_THEN_GPU_FULL,UNKNOWN_UNTIL_PILOT,BLOCKED_RESOURCE_UNMEASURED,mechanism_manifest+predictions+validation,NONE_TINY;GPU_FULL_SEPARATE_AUTHORITY,FULL_MUST_RUN,L4-H1;L4-H7
run-c18db483fc7175aa447e37b5,controlled_synthetic,base_plus_degree_shift,degree_shift,feature;graph;recent,flat_contract_mlp,3,mechanism_declared,mechanism_declared,contract,none,flat,none,degree_shift,NOT_APPLICABLE,CPU_TINY_THEN_GPU_FULL,UNKNOWN_UNTIL_PILOT,BLOCKED_RESOURCE_UNMEASURED,mechanism_manifest+predictions+validation,NONE_TINY;GPU_FULL_SEPARATE_AUTHORITY,STRONG_RECOMMENDED,L4-H1;L4-H7
run-894ef5f9e2c2e41375efd5f4,controlled_synthetic,base_plus_degree_shift,degree_shift,feature;graph;recent,uniform_average,3,mechanism_declared,mechanism_declared,fixed,none,none,none,degree_shift,NOT_APPLICABLE,CPU_TINY_THEN_GPU_FULL,UNKNOWN_UNTIL_PILOT,BLOCKED_RESOURCE_UNMEASURED,mechanism_manifest+predictions+validation,NONE_TINY;GPU_FULL_SEPARATE_AUTHORITY,STRONG_RECOMMENDED,L4-H1;L4-H7
run-d90c33ad36bfdf1216007261,controlled_synthetic,base_plus_degree_shift,degree_shift,feature;graph;recent,coregraph,4,mechanism_declared,mechanism_declared,hierarchical,none,none,none,degree_shift,NOT_APPLICABLE,CPU_TINY_THEN_GPU_FULL,UNKNOWN_UNTIL_PILOT,BLOCKED_RESOURCE_UNMEASURED,mechanism_manifest+predictions+validation,NONE_TINY;GPU_FULL_SEPARATE_AUTHORITY,FULL_MUST_RUN,L4-H1;L4-H7
run-ac49d29546421d9a35ec61a5,controlled_synthetic,base_plus_degree_shift,degree_shift,feature;graph;recent,protocol_one_hot,4,mechanism_declared,mechanism_declared,contract,none,protocol_one_hot,none,degree_shift,NOT_APPLICABLE,CPU_TINY_THEN_GPU_FULL,UNKNOWN_UNTIL_PILOT,BLOCKED_RESOURCE_UNMEASURED,mechanism_manifest+predictions+validation,NONE_TINY;GPU_FULL_SEPARATE_AUTHORITY,FULL_MUST_RUN,L4-H1;L4-H7
run-27195347ec156683db397632,controlled_synthetic,base_plus_degree_shift,degree_shift,feature;graph;recent,flat_contract_mlp,4,mechanism_declared,mechanism_declared,contract,none,flat,none,degree_shift,NOT_APPLICABLE,CPU_TINY_THEN_GPU_FULL,UNKNOWN_UNTIL_PILOT,BLOCKED_RESOURCE_UNMEASURED,mechanism_manifest+predictions+validation,NONE_TINY;GPU_FULL_SEPARATE_AUTHORITY,STRONG_RECOMMENDED,L4-H1;L4-H7
run-14d644f3809b11d72b592f5d,controlled_synthetic,base_plus_degree_shift,degree_shift,feature;graph;recent,uniform_average,4,mechanism_declared,mechanism_declared,fixed,none,none,none,degree_shift,NOT_APPLICABLE,CPU_TINY_THEN_GPU_FULL,UNKNOWN_UNTIL_PILOT,BLOCKED_RESOURCE_UNMEASURED,mechanism_manifest+predictions+validation,NONE_TINY;GPU_FULL_SEPARATE_AUTHORITY,STRONG_RECOMMENDED,L4-H1;L4-H7
run-6ce840346954f0e801969840,controlled_synthetic,base_plus_degree_shift,degree_shift,feature;graph;recent,coregraph,5,mechanism_declared,mechanism_declared,hierarchical,none,none,none,degree_shift,NOT_APPLICABLE,CPU_TINY_THEN_GPU_FULL,UNKNOWN_UNTIL_PILOT,BLOCKED_RESOURCE_UNMEASURED,mechanism_manifest+predictions+validation,NONE_TINY;GPU_FULL_SEPARATE_AUTHORITY,FULL_MUST_RUN,L4-H1;L4-H7
run-9d7c9e8d7fd6d72300006418,controlled_synthetic,base_plus_degree_shift,degree_shift,feature;graph;recent,protocol_one_hot,5,mechanism_declared,mechanism_declared,contract,none,protocol_one_hot,none,degree_shift,NOT_APPLICABLE,CPU_TINY_THEN_GPU_FULL,UNKNOWN_UNTIL_PILOT,BLOCKED_RESOURCE_UNMEASURED,mechanism_manifest+predictions+validation,NONE_TINY;GPU_FULL_SEPARATE_AUTHORITY,FULL_MUST_RUN,L4-H1;L4-H7
run-aa7798bb0f137a76001680e9,controlled_synthetic,base_plus_degree_shift,degree_shift,feature;graph;recent,flat_contract_mlp,5,mechanism_declared,mechanism_declared,contract,none,flat,none,degree_shift,NOT_APPLICABLE,CPU_TINY_THEN_GPU_FULL,UNKNOWN_UNTIL_PILOT,BLOCKED_RESOURCE_UNMEASURED,mechanism_manifest+predictions+validation,NONE_TINY;GPU_FULL_SEPARATE_AUTHORITY,STRONG_RECOMMENDED,L4-H1;L4-H7
run-05af9b7ad80cd95a64b35867,controlled_synthetic,base_plus_degree_shift,degree_shift,feature;graph;recent,uniform_average,5,mechanism_declared,mechanism_declared,fixed,none,none,none,degree_shift,NOT_APPLICABLE,CPU_TINY_THEN_GPU_FULL,UNKNOWN_UNTIL_PILOT,BLOCKED_RESOURCE_UNMEASURED,mechanism_manifest+predictions+validation,NONE_TINY;GPU_FULL_SEPARATE_AUTHORITY,STRONG_RECOMMENDED,L4-H1;L4-H7
run-761071b82a8c6918df82da11,controlled_synthetic,base_plus_degree_shift,degree_shift,feature;graph;recent,coregraph,6,mechanism_declared,mechanism_declared,hierarchical,none,none,none,degree_shift,NOT_APPLICABLE,CPU_TINY_THEN_GPU_FULL,UNKNOWN_UNTIL_PILOT,BLOCKED_RESOURCE_UNMEASURED,mechanism_manifest+predictions+validation,NONE_TINY;GPU_FULL_SEPARATE_AUTHORITY,FULL_MUST_RUN,L4-H1;L4-H7
run-5c87bf93c452e57543507bb9,controlled_synthetic,base_plus_degree_shift,degree_shift,feature;graph;recent,protocol_one_hot,6,mechanism_declared,mechanism_declared,contract,none,protocol_one_hot,none,degree_shift,NOT_APPLICABLE,CPU_TINY_THEN_GPU_FULL,UNKNOWN_UNTIL_PILOT,BLOCKED_RESOURCE_UNMEASURED,mechanism_manifest+predictions+validation,NONE_TINY;GPU_FULL_SEPARATE_AUTHORITY,FULL_MUST_RUN,L4-H1;L4-H7
run-cbdaac5decdefc9c77399d53,controlled_synthetic,base_plus_degree_shift,degree_shift,feature;graph;recent,flat_contract_mlp,6,mechanism_declared,mechanism_declared,contract,none,flat,none,degree_shift,NOT_APPLICABLE,CPU_TINY_THEN_GPU_FULL,UNKNOWN_UNTIL_PILOT,BLOCKED_RESOURCE_UNMEASURED,mechanism_manifest+predictions+validation,NONE_TINY;GPU_FULL_SEPARATE_AUTHORITY,STRONG_RECOMMENDED,L4-H1;L4-H7
run-b23fa808c9ffe209ef28649e,controlled_synthetic,base_plus_degree_shift,degree_shift,feature;graph;recent,uniform_average,6,mechanism_declared,mechanism_declared,fixed,none,none,none,degree_shift,NOT_APPLICABLE,CPU_TINY_THEN_GPU_FULL,UNKNOWN_UNTIL_PILOT,BLOCKED_RESOURCE_UNMEASURED,mechanism_manifest+predictions+validation,NONE_TINY;GPU_FULL_SEPARATE_AUTHORITY,STRONG_RECOMMENDED,L4-H1;L4-H7
run-b249f6383a02f3b984a54c79,controlled_synthetic,base_plus_degree_shift,degree_shift,feature;graph;recent,coregraph,7,mechanism_declared,mechanism_declared,hierarchical,none,none,none,degree_shift,NOT_APPLICABLE,CPU_TINY_THEN_GPU_FULL,UNKNOWN_UNTIL_PILOT,BLOCKED_RESOURCE_UNMEASURED,mechanism_manifest+predictions+validation,NONE_TINY;GPU_FULL_SEPARATE_AUTHORITY,FULL_MUST_RUN,L4-H1;L4-H7
run-acc4ffc905f03fc8b95bce60,controlled_synthetic,base_plus_degree_shift,degree_shift,feature;graph;recent,protocol_one_hot,7,mechanism_declared,mechanism_declared,contract,none,protocol_one_hot,none,degree_shift,NOT_APPLICABLE,CPU_TINY_THEN_GPU_FULL,UNKNOWN_UNTIL_PILOT,BLOCKED_RESOURCE_UNMEASURED,mechanism_manifest+predictions+validation,NONE_TINY;GPU_FULL_SEPARATE_AUTHORITY,FULL_MUST_RUN,L4-H1;L4-H7
run-301ea419ea9afea460cb25c3,controlled_synthetic,base_plus_degree_shift,degree_shift,feature;graph;recent,flat_contract_mlp,7,mechanism_declared,mechanism_declared,contract,none,flat,none,degree_shift,NOT_APPLICABLE,CPU_TINY_THEN_GPU_FULL,UNKNOWN_UNTIL_PILOT,BLOCKED_RESOURCE_UNMEASURED,mechanism_manifest+predictions+validation,NONE_TINY;GPU_FULL_SEPARATE_AUTHORITY,STRONG_RECOMMENDED,L4-H1;L4-H7
run-3a12cc97c1be5d330eabe5f5,controlled_synthetic,base_plus_degree_shift,degree_shift,feature;graph;recent,uniform_average,7,mechanism_declared,mechanism_declared,fixed,none,none,none,degree_shift,NOT_APPLICABLE,CPU_TINY_THEN_GPU_FULL,UNKNOWN_UNTIL_PILOT,BLOCKED_RESOURCE_UNMEASURED,mechanism_manifest+predictions+validation,NONE_TINY;GPU_FULL_SEPARATE_AUTHORITY,STRONG_RECOMMENDED,L4-H1;L4-H7
run-b53a0a01dcd7c107b64e1f24,controlled_synthetic,base_plus_degree_shift,degree_shift,feature;graph;recent,coregraph,8,mechanism_declared,mechanism_declared,hierarchical,none,none,none,degree_shift,NOT_APPLICABLE,CPU_TINY_THEN_GPU_FULL,UNKNOWN_UNTIL_PILOT,BLOCKED_RESOURCE_UNMEASURED,mechanism_manifest+predictions+validation,NONE_TINY;GPU_FULL_SEPARATE_AUTHORITY,FULL_MUST_RUN,L4-H1;L4-H7
run-52ee6eff2ea5b2da96cf9b4a,controlled_synthetic,base_plus_degree_shift,degree_shift,feature;graph;recent,protocol_one_hot,8,mechanism_declared,mechanism_declared,contract,none,protocol_one_hot,none,degree_shift,NOT_APPLICABLE,CPU_TINY_THEN_GPU_FULL,UNKNOWN_UNTIL_PILOT,BLOCKED_RESOURCE_UNMEASURED,mechanism_manifest+predictions+validation,NONE_TINY;GPU_FULL_SEPARATE_AUTHORITY,FULL_MUST_RUN,L4-H1;L4-H7
run-fda2ec582859ae5f36d26f7e,controlled_synthetic,base_plus_degree_shift,degree_shift,feature;graph;recent,flat_contract_mlp,8,mechanism_declared,mechanism_declared,contract,none,flat,none,degree_shift,NOT_APPLICABLE,CPU_TINY_THEN_GPU_FULL,UNKNOWN_UNTIL_PILOT,BLOCKED_RESOURCE_UNMEASURED,mechanism_manifest+predictions+validation,NONE_TINY;GPU_FULL_SEPARATE_AUTHORITY,STRONG_RECOMMENDED,L4-H1;L4-H7
run-6b9d5ce666b2e16b3921bceb,controlled_synthetic,base_plus_degree_shift,degree_shift,feature;graph;recent,uniform_average,8,mechanism_declared,mechanism_declared,fixed,none,none,none,degree_shift,NOT_APPLICABLE,CPU_TINY_THEN_GPU_FULL,UNKNOWN_UNTIL_PILOT,BLOCKED_RESOURCE_UNMEASURED,mechanism_manifest+predictions+validation,NONE_TINY;GPU_FULL_SEPARATE_AUTHORITY,STRONG_RECOMMENDED,L4-H1;L4-H7
run-2992a254e2f08b9bbd295f89,controlled_synthetic,base_plus_degree_shift,degree_shift,feature;graph;recent,coregraph,9,mechanism_declared,mechanism_declared,hierarchical,none,none,none,degree_shift,NOT_APPLICABLE,CPU_TINY_THEN_GPU_FULL,UNKNOWN_UNTIL_PILOT,BLOCKED_RESOURCE_UNMEASURED,mechanism_manifest+predictions+validation,NONE_TINY;GPU_FULL_SEPARATE_AUTHORITY,FULL_MUST_RUN,L4-H1;L4-H7
run-829ba932c9ba037566720b3c,controlled_synthetic,base_plus_degree_shift,degree_shift,feature;graph;recent,protocol_one_hot,9,mechanism_declared,mechanism_declared,contract,none,protocol_one_hot,none,degree_shift,NOT_APPLICABLE,CPU_TINY_THEN_GPU_FULL,UNKNOWN_UNTIL_PILOT,BLOCKED_RESOURCE_UNMEASURED,mechanism_manifest+predictions+validation,NONE_TINY;GPU_FULL_SEPARATE_AUTHORITY,FULL_MUST_RUN,L4-H1;L4-H7
run-592101b94605d50f5e497421,controlled_synthetic,base_plus_degree_shift,degree_shift,feature;graph;recent,flat_contract_mlp,9,mechanism_declared,mechanism_declared,contract,none,flat,none,degree_shift,NOT_APPLICABLE,CPU_TINY_THEN_GPU_FULL,UNKNOWN_UNTIL_PILOT,BLOCKED_RESOURCE_UNMEASURED,mechanism_manifest+predictions+validation,NONE_TINY;GPU_FULL_SEPARATE_AUTHORITY,STRONG_RECOMMENDED,L4-H1;L4-H7
run-67260a850ebb54459d70ed6a,controlled_synthetic,base_plus_degree_shift,degree_shift,feature;graph;recent,uniform_average,9,mechanism_declared,mechanism_declared,fixed,none,none,none,degree_shift,NOT_APPLICABLE,CPU_TINY_THEN_GPU_FULL,UNKNOWN_UNTIL_PILOT,BLOCKED_RESOURCE_UNMEASURED,mechanism_manifest+predictions+validation,NONE_TINY;GPU_FULL_SEPARATE_AUTHORITY,STRONG_RECOMMENDED,L4-H1;L4-H7
run-bb1192cbac74c145244cdc67,controlled_synthetic,base_plus_degree_shift,degree_shift,feature;graph;recent,coregraph,10,mechanism_declared,mechanism_declared,hierarchical,none,none,none,degree_shift,NOT_APPLICABLE,CPU_TINY_THEN_GPU_FULL,UNKNOWN_UNTIL_PILOT,BLOCKED_RESOURCE_UNMEASURED,mechanism_manifest+predictions+validation,NONE_TINY;GPU_FULL_SEPARATE_AUTHORITY,FULL_MUST_RUN,L4-H1;L4-H7
run-6e7c5141f7bcf96f994cd8f8,controlled_synthetic,base_plus_degree_shift,degree_shift,feature;graph;recent,protocol_one_hot,10,mechanism_declared,mechanism_declared,contract,none,protocol_one_hot,none,degree_shift,NOT_APPLICABLE,CPU_TINY_THEN_GPU_FULL,UNKNOWN_UNTIL_PILOT,BLOCKED_RESOURCE_UNMEASURED,mechanism_manifest+predictions+validation,NONE_TINY;GPU_FULL_SEPARATE_AUTHORITY,FULL_MUST_RUN,L4-H1;L4-H7
run-eb15aa9dc6c5e459ef9a5f3f,controlled_synthetic,base_plus_degree_shift,degree_shift,feature;graph;recent,flat_contract_mlp,10,mechanism_declared,mechanism_declared,contract,none,flat,none,degree_shift,NOT_APPLICABLE,CPU_TINY_THEN_GPU_FULL,UNKNOWN_UNTIL_PILOT,BLOCKED_RESOURCE_UNMEASURED,mechanism_manifest+predictions+validation,NONE_TINY;GPU_FULL_SEPARATE_AUTHORITY,STRONG_RECOMMENDED,L4-H1;L4-H7
run-95741eaa6451d308e6739ca2,controlled_synthetic,base_plus_degree_shift,degree_shift,feature;graph;recent,uniform_average,10,mechanism_declared,mechanism_declared,fixed,none,none,none,degree_shift,NOT_APPLICABLE,CPU_TINY_THEN_GPU_FULL,UNKNOWN_UNTIL_PILOT,BLOCKED_RESOURCE_UNMEASURED,mechanism_manifest+predictions+validation,NONE_TINY;GPU_FULL_SEPARATE_AUTHORITY,STRONG_RECOMMENDED,L4-H1;L4-H7
run-c2cd0bbfbbfa18eb6a2e157e,controlled_synthetic,base_plus_homophily_reduction,homophily_reduction,feature;graph;recent,coregraph,1,mechanism_declared,mechanism_declared,hierarchical,none,none,none,homophily_reduction,NOT_APPLICABLE,CPU_TINY_THEN_GPU_FULL,UNKNOWN_UNTIL_PILOT,BLOCKED_RESOURCE_UNMEASURED,mechanism_manifest+predictions+validation,NONE_TINY;GPU_FULL_SEPARATE_AUTHORITY,FULL_MUST_RUN,L4-H1;L4-H7
run-a327bd6140b8716230ad17dd,controlled_synthetic,base_plus_homophily_reduction,homophily_reduction,feature;graph;recent,protocol_one_hot,1,mechanism_declared,mechanism_declared,contract,none,protocol_one_hot,none,homophily_reduction,NOT_APPLICABLE,CPU_TINY_THEN_GPU_FULL,UNKNOWN_UNTIL_PILOT,BLOCKED_RESOURCE_UNMEASURED,mechanism_manifest+predictions+validation,NONE_TINY;GPU_FULL_SEPARATE_AUTHORITY,FULL_MUST_RUN,L4-H1;L4-H7
run-fc1fbe4d3cc07310dcc3586f,controlled_synthetic,base_plus_homophily_reduction,homophily_reduction,feature;graph;recent,flat_contract_mlp,1,mechanism_declared,mechanism_declared,contract,none,flat,none,homophily_reduction,NOT_APPLICABLE,CPU_TINY_THEN_GPU_FULL,UNKNOWN_UNTIL_PILOT,BLOCKED_RESOURCE_UNMEASURED,mechanism_manifest+predictions+validation,NONE_TINY;GPU_FULL_SEPARATE_AUTHORITY,STRONG_RECOMMENDED,L4-H1;L4-H7
run-b6eb31feaa9c135b07a33226,controlled_synthetic,base_plus_homophily_reduction,homophily_reduction,feature;graph;recent,uniform_average,1,mechanism_declared,mechanism_declared,fixed,none,none,none,homophily_reduction,NOT_APPLICABLE,CPU_TINY_THEN_GPU_FULL,UNKNOWN_UNTIL_PILOT,BLOCKED_RESOURCE_UNMEASURED,mechanism_manifest+predictions+validation,NONE_TINY;GPU_FULL_SEPARATE_AUTHORITY,STRONG_RECOMMENDED,L4-H1;L4-H7
run-b59f9fcfe5e6a193f6df7c5b,controlled_synthetic,base_plus_homophily_reduction,homophily_reduction,feature;graph;recent,coregraph,2,mechanism_declared,mechanism_declared,hierarchical,none,none,none,homophily_reduction,NOT_APPLICABLE,CPU_TINY_THEN_GPU_FULL,UNKNOWN_UNTIL_PILOT,BLOCKED_RESOURCE_UNMEASURED,mechanism_manifest+predictions+validation,NONE_TINY;GPU_FULL_SEPARATE_AUTHORITY,FULL_MUST_RUN,L4-H1;L4-H7
run-27f5166234f59cd7092a1256,controlled_synthetic,base_plus_homophily_reduction,homophily_reduction,feature;graph;recent,protocol_one_hot,2,mechanism_declared,mechanism_declared,contract,none,protocol_one_hot,none,homophily_reduction,NOT_APPLICABLE,CPU_TINY_THEN_GPU_FULL,UNKNOWN_UNTIL_PILOT,BLOCKED_RESOURCE_UNMEASURED,mechanism_manifest+predictions+validation,NONE_TINY;GPU_FULL_SEPARATE_AUTHORITY,FULL_MUST_RUN,L4-H1;L4-H7
run-db0dcb9e20c5be27c6b73d65,controlled_synthetic,base_plus_homophily_reduction,homophily_reduction,feature;graph;recent,flat_contract_mlp,2,mechanism_declared,mechanism_declared,contract,none,flat,none,homophily_reduction,NOT_APPLICABLE,CPU_TINY_THEN_GPU_FULL,UNKNOWN_UNTIL_PILOT,BLOCKED_RESOURCE_UNMEASURED,mechanism_manifest+predictions+validation,NONE_TINY;GPU_FULL_SEPARATE_AUTHORITY,STRONG_RECOMMENDED,L4-H1;L4-H7
run-73625e6159bcd11f01930f09,controlled_synthetic,base_plus_homophily_reduction,homophily_reduction,feature;graph;recent,uniform_average,2,mechanism_declared,mechanism_declared,fixed,none,none,none,homophily_reduction,NOT_APPLICABLE,CPU_TINY_THEN_GPU_FULL,UNKNOWN_UNTIL_PILOT,BLOCKED_RESOURCE_UNMEASURED,mechanism_manifest+predictions+validation,NONE_TINY;GPU_FULL_SEPARATE_AUTHORITY,STRONG_RECOMMENDED,L4-H1;L4-H7
run-3cf8427587190de810e73b90,controlled_synthetic,base_plus_homophily_reduction,homophily_reduction,feature;graph;recent,coregraph,3,mechanism_declared,mechanism_declared,hierarchical,none,none,none,homophily_reduction,NOT_APPLICABLE,CPU_TINY_THEN_GPU_FULL,UNKNOWN_UNTIL_PILOT,BLOCKED_RESOURCE_UNMEASURED,mechanism_manifest+predictions+validation,NONE_TINY;GPU_FULL_SEPARATE_AUTHORITY,FULL_MUST_RUN,L4-H1;L4-H7
run-cf2aa05d64fd2f32af46f2e2,controlled_synthetic,base_plus_homophily_reduction,homophily_reduction,feature;graph;recent,protocol_one_hot,3,mechanism_declared,mechanism_declared,contract,none,protocol_one_hot,none,homophily_reduction,NOT_APPLICABLE,CPU_TINY_THEN_GPU_FULL,UNKNOWN_UNTIL_PILOT,BLOCKED_RESOURCE_UNMEASURED,mechanism_manifest+predictions+validation,NONE_TINY;GPU_FULL_SEPARATE_AUTHORITY,FULL_MUST_RUN,L4-H1;L4-H7
run-247d683690f99782647f21f3,controlled_synthetic,base_plus_homophily_reduction,homophily_reduction,feature;graph;recent,flat_contract_mlp,3,mechanism_declared,mechanism_declared,contract,none,flat,none,homophily_reduction,NOT_APPLICABLE,CPU_TINY_THEN_GPU_FULL,UNKNOWN_UNTIL_PILOT,BLOCKED_RESOURCE_UNMEASURED,mechanism_manifest+predictions+validation,NONE_TINY;GPU_FULL_SEPARATE_AUTHORITY,STRONG_RECOMMENDED,L4-H1;L4-H7
run-be7de6fcfbfa0f110e9744c3,controlled_synthetic,base_plus_homophily_reduction,homophily_reduction,feature;graph;recent,uniform_average,3,mechanism_declared,mechanism_declared,fixed,none,none,none,homophily_reduction,NOT_APPLICABLE,CPU_TINY_THEN_GPU_FULL,UNKNOWN_UNTIL_PILOT,BLOCKED_RESOURCE_UNMEASURED,mechanism_manifest+predictions+validation,NONE_TINY;GPU_FULL_SEPARATE_AUTHORITY,STRONG_RECOMMENDED,L4-H1;L4-H7
run-a25a561ce7866b134dee9d7d,controlled_synthetic,base_plus_homophily_reduction,homophily_reduction,feature;graph;recent,coregraph,4,mechanism_declared,mechanism_declared,hierarchical,none,none,none,homophily_reduction,NOT_APPLICABLE,CPU_TINY_THEN_GPU_FULL,UNKNOWN_UNTIL_PILOT,BLOCKED_RESOURCE_UNMEASURED,mechanism_manifest+predictions+validation,NONE_TINY;GPU_FULL_SEPARATE_AUTHORITY,FULL_MUST_RUN,L4-H1;L4-H7
run-3fa0850d89ebe2b5cd5c00f3,controlled_synthetic,base_plus_homophily_reduction,homophily_reduction,feature;graph;recent,protocol_one_hot,4,mechanism_declared,mechanism_declared,contract,none,protocol_one_hot,none,homophily_reduction,NOT_APPLICABLE,CPU_TINY_THEN_GPU_FULL,UNKNOWN_UNTIL_PILOT,BLOCKED_RESOURCE_UNMEASURED,mechanism_manifest+predictions+validation,NONE_TINY;GPU_FULL_SEPARATE_AUTHORITY,FULL_MUST_RUN,L4-H1;L4-H7
run-63f6321c50af46a5a76137a4,controlled_synthetic,base_plus_homophily_reduction,homophily_reduction,feature;graph;recent,flat_contract_mlp,4,mechanism_declared,mechanism_declared,contract,none,flat,none,homophily_reduction,NOT_APPLICABLE,CPU_TINY_THEN_GPU_FULL,UNKNOWN_UNTIL_PILOT,BLOCKED_RESOURCE_UNMEASURED,mechanism_manifest+predictions+validation,NONE_TINY;GPU_FULL_SEPARATE_AUTHORITY,STRONG_RECOMMENDED,L4-H1;L4-H7
run-f04b34d030f95baace0d3a60,controlled_synthetic,base_plus_homophily_reduction,homophily_reduction,feature;graph;recent,uniform_average,4,mechanism_declared,mechanism_declared,fixed,none,none,none,homophily_reduction,NOT_APPLICABLE,CPU_TINY_THEN_GPU_FULL,UNKNOWN_UNTIL_PILOT,BLOCKED_RESOURCE_UNMEASURED,mechanism_manifest+predictions+validation,NONE_TINY;GPU_FULL_SEPARATE_AUTHORITY,STRONG_RECOMMENDED,L4-H1;L4-H7
run-35a554621972123d942a3aea,controlled_synthetic,base_plus_homophily_reduction,homophily_reduction,feature;graph;recent,coregraph,5,mechanism_declared,mechanism_declared,hierarchical,none,none,none,homophily_reduction,NOT_APPLICABLE,CPU_TINY_THEN_GPU_FULL,UNKNOWN_UNTIL_PILOT,BLOCKED_RESOURCE_UNMEASURED,mechanism_manifest+predictions+validation,NONE_TINY;GPU_FULL_SEPARATE_AUTHORITY,FULL_MUST_RUN,L4-H1;L4-H7
run-5a7268a5681cfd6247aecd0f,controlled_synthetic,base_plus_homophily_reduction,homophily_reduction,feature;graph;recent,protocol_one_hot,5,mechanism_declared,mechanism_declared,contract,none,protocol_one_hot,none,homophily_reduction,NOT_APPLICABLE,CPU_TINY_THEN_GPU_FULL,UNKNOWN_UNTIL_PILOT,BLOCKED_RESOURCE_UNMEASURED,mechanism_manifest+predictions+validation,NONE_TINY;GPU_FULL_SEPARATE_AUTHORITY,FULL_MUST_RUN,L4-H1;L4-H7
run-341710e43d5474cc6c7506f8,controlled_synthetic,base_plus_homophily_reduction,homophily_reduction,feature;graph;recent,flat_contract_mlp,5,mechanism_declared,mechanism_declared,contract,none,flat,none,homophily_reduction,NOT_APPLICABLE,CPU_TINY_THEN_GPU_FULL,UNKNOWN_UNTIL_PILOT,BLOCKED_RESOURCE_UNMEASURED,mechanism_manifest+predictions+validation,NONE_TINY;GPU_FULL_SEPARATE_AUTHORITY,STRONG_RECOMMENDED,L4-H1;L4-H7
run-07f25e1fd3bce9fb2b3d98ba,controlled_synthetic,base_plus_homophily_reduction,homophily_reduction,feature;graph;recent,uniform_average,5,mechanism_declared,mechanism_declared,fixed,none,none,none,homophily_reduction,NOT_APPLICABLE,CPU_TINY_THEN_GPU_FULL,UNKNOWN_UNTIL_PILOT,BLOCKED_RESOURCE_UNMEASURED,mechanism_manifest+predictions+validation,NONE_TINY;GPU_FULL_SEPARATE_AUTHORITY,STRONG_RECOMMENDED,L4-H1;L4-H7
run-71cccd390220b84fa6acb68e,controlled_synthetic,base_plus_homophily_reduction,homophily_reduction,feature;graph;recent,coregraph,6,mechanism_declared,mechanism_declared,hierarchical,none,none,none,homophily_reduction,NOT_APPLICABLE,CPU_TINY_THEN_GPU_FULL,UNKNOWN_UNTIL_PILOT,BLOCKED_RESOURCE_UNMEASURED,mechanism_manifest+predictions+validation,NONE_TINY;GPU_FULL_SEPARATE_AUTHORITY,FULL_MUST_RUN,L4-H1;L4-H7
run-25b88477edbe2ca17df05fc9,controlled_synthetic,base_plus_homophily_reduction,homophily_reduction,feature;graph;recent,protocol_one_hot,6,mechanism_declared,mechanism_declared,contract,none,protocol_one_hot,none,homophily_reduction,NOT_APPLICABLE,CPU_TINY_THEN_GPU_FULL,UNKNOWN_UNTIL_PILOT,BLOCKED_RESOURCE_UNMEASURED,mechanism_manifest+predictions+validation,NONE_TINY;GPU_FULL_SEPARATE_AUTHORITY,FULL_MUST_RUN,L4-H1;L4-H7
run-6485d54e977672c9c477c646,controlled_synthetic,base_plus_homophily_reduction,homophily_reduction,feature;graph;recent,flat_contract_mlp,6,mechanism_declared,mechanism_declared,contract,none,flat,none,homophily_reduction,NOT_APPLICABLE,CPU_TINY_THEN_GPU_FULL,UNKNOWN_UNTIL_PILOT,BLOCKED_RESOURCE_UNMEASURED,mechanism_manifest+predictions+validation,NONE_TINY;GPU_FULL_SEPARATE_AUTHORITY,STRONG_RECOMMENDED,L4-H1;L4-H7
run-0622e19df8c90a4f4e16ac58,controlled_synthetic,base_plus_homophily_reduction,homophily_reduction,feature;graph;recent,uniform_average,6,mechanism_declared,mechanism_declared,fixed,none,none,none,homophily_reduction,NOT_APPLICABLE,CPU_TINY_THEN_GPU_FULL,UNKNOWN_UNTIL_PILOT,BLOCKED_RESOURCE_UNMEASURED,mechanism_manifest+predictions+validation,NONE_TINY;GPU_FULL_SEPARATE_AUTHORITY,STRONG_RECOMMENDED,L4-H1;L4-H7
run-35146c741856fc3479e0d07c,controlled_synthetic,base_plus_homophily_reduction,homophily_reduction,feature;graph;recent,coregraph,7,mechanism_declared,mechanism_declared,hierarchical,none,none,none,homophily_reduction,NOT_APPLICABLE,CPU_TINY_THEN_GPU_FULL,UNKNOWN_UNTIL_PILOT,BLOCKED_RESOURCE_UNMEASURED,mechanism_manifest+predictions+validation,NONE_TINY;GPU_FULL_SEPARATE_AUTHORITY,FULL_MUST_RUN,L4-H1;L4-H7
run-b3fae2c14a897b08f08c7f05,controlled_synthetic,base_plus_homophily_reduction,homophily_reduction,feature;graph;recent,protocol_one_hot,7,mechanism_declared,mechanism_declared,contract,none,protocol_one_hot,none,homophily_reduction,NOT_APPLICABLE,CPU_TINY_THEN_GPU_FULL,UNKNOWN_UNTIL_PILOT,BLOCKED_RESOURCE_UNMEASURED,mechanism_manifest+predictions+validation,NONE_TINY;GPU_FULL_SEPARATE_AUTHORITY,FULL_MUST_RUN,L4-H1;L4-H7
run-966335b8fcdc1de95ebe8647,controlled_synthetic,base_plus_homophily_reduction,homophily_reduction,feature;graph;recent,flat_contract_mlp,7,mechanism_declared,mechanism_declared,contract,none,flat,none,homophily_reduction,NOT_APPLICABLE,CPU_TINY_THEN_GPU_FULL,UNKNOWN_UNTIL_PILOT,BLOCKED_RESOURCE_UNMEASURED,mechanism_manifest+predictions+validation,NONE_TINY;GPU_FULL_SEPARATE_AUTHORITY,STRONG_RECOMMENDED,L4-H1;L4-H7
run-d49851efca6cde4d57b6404f,controlled_synthetic,base_plus_homophily_reduction,homophily_reduction,feature;graph;recent,uniform_average,7,mechanism_declared,mechanism_declared,fixed,none,none,none,homophily_reduction,NOT_APPLICABLE,CPU_TINY_THEN_GPU_FULL,UNKNOWN_UNTIL_PILOT,BLOCKED_RESOURCE_UNMEASURED,mechanism_manifest+predictions+validation,NONE_TINY;GPU_FULL_SEPARATE_AUTHORITY,STRONG_RECOMMENDED,L4-H1;L4-H7
run-cfa9dc9529464cfb6ed410b8,controlled_synthetic,base_plus_homophily_reduction,homophily_reduction,feature;graph;recent,coregraph,8,mechanism_declared,mechanism_declared,hierarchical,none,none,none,homophily_reduction,NOT_APPLICABLE,CPU_TINY_THEN_GPU_FULL,UNKNOWN_UNTIL_PILOT,BLOCKED_RESOURCE_UNMEASURED,mechanism_manifest+predictions+validation,NONE_TINY;GPU_FULL_SEPARATE_AUTHORITY,FULL_MUST_RUN,L4-H1;L4-H7
run-75dd599883282cd95ed4fe81,controlled_synthetic,base_plus_homophily_reduction,homophily_reduction,feature;graph;recent,protocol_one_hot,8,mechanism_declared,mechanism_declared,contract,none,protocol_one_hot,none,homophily_reduction,NOT_APPLICABLE,CPU_TINY_THEN_GPU_FULL,UNKNOWN_UNTIL_PILOT,BLOCKED_RESOURCE_UNMEASURED,mechanism_manifest+predictions+validation,NONE_TINY;GPU_FULL_SEPARATE_AUTHORITY,FULL_MUST_RUN,L4-H1;L4-H7
run-41c46036bd5ad8e25794652d,controlled_synthetic,base_plus_homophily_reduction,homophily_reduction,feature;graph;recent,flat_contract_mlp,8,mechanism_declared,mechanism_declared,contract,none,flat,none,homophily_reduction,NOT_APPLICABLE,CPU_TINY_THEN_GPU_FULL,UNKNOWN_UNTIL_PILOT,BLOCKED_RESOURCE_UNMEASURED,mechanism_manifest+predictions+validation,NONE_TINY;GPU_FULL_SEPARATE_AUTHORITY,STRONG_RECOMMENDED,L4-H1;L4-H7
run-51e4fbefab7ce56185b4aea5,controlled_synthetic,base_plus_homophily_reduction,homophily_reduction,feature;graph;recent,uniform_average,8,mechanism_declared,mechanism_declared,fixed,none,none,none,homophily_reduction,NOT_APPLICABLE,CPU_TINY_THEN_GPU_FULL,UNKNOWN_UNTIL_PILOT,BLOCKED_RESOURCE_UNMEASURED,mechanism_manifest+predictions+validation,NONE_TINY;GPU_FULL_SEPARATE_AUTHORITY,STRONG_RECOMMENDED,L4-H1;L4-H7
run-51b8b1a7b67eb7ddcc5f34b5,controlled_synthetic,base_plus_homophily_reduction,homophily_reduction,feature;graph;recent,coregraph,9,mechanism_declared,mechanism_declared,hierarchical,none,none,none,homophily_reduction,NOT_APPLICABLE,CPU_TINY_THEN_GPU_FULL,UNKNOWN_UNTIL_PILOT,BLOCKED_RESOURCE_UNMEASURED,mechanism_manifest+predictions+validation,NONE_TINY;GPU_FULL_SEPARATE_AUTHORITY,FULL_MUST_RUN,L4-H1;L4-H7
run-e680b323f76c54f4a49420db,controlled_synthetic,base_plus_homophily_reduction,homophily_reduction,feature;graph;recent,protocol_one_hot,9,mechanism_declared,mechanism_declared,contract,none,protocol_one_hot,none,homophily_reduction,NOT_APPLICABLE,CPU_TINY_THEN_GPU_FULL,UNKNOWN_UNTIL_PILOT,BLOCKED_RESOURCE_UNMEASURED,mechanism_manifest+predictions+validation,NONE_TINY;GPU_FULL_SEPARATE_AUTHORITY,FULL_MUST_RUN,L4-H1;L4-H7
run-dcd8a7c532b8b034304707ca,controlled_synthetic,base_plus_homophily_reduction,homophily_reduction,feature;graph;recent,flat_contract_mlp,9,mechanism_declared,mechanism_declared,contract,none,flat,none,homophily_reduction,NOT_APPLICABLE,CPU_TINY_THEN_GPU_FULL,UNKNOWN_UNTIL_PILOT,BLOCKED_RESOURCE_UNMEASURED,mechanism_manifest+predictions+validation,NONE_TINY;GPU_FULL_SEPARATE_AUTHORITY,STRONG_RECOMMENDED,L4-H1;L4-H7
run-8a6c8e627d92659bd7bba6e6,controlled_synthetic,base_plus_homophily_reduction,homophily_reduction,feature;graph;recent,uniform_average,9,mechanism_declared,mechanism_declared,fixed,none,none,none,homophily_reduction,NOT_APPLICABLE,CPU_TINY_THEN_GPU_FULL,UNKNOWN_UNTIL_PILOT,BLOCKED_RESOURCE_UNMEASURED,mechanism_manifest+predictions+validation,NONE_TINY;GPU_FULL_SEPARATE_AUTHORITY,STRONG_RECOMMENDED,L4-H1;L4-H7
run-7a8c0e7c54109038e9b18e70,controlled_synthetic,base_plus_homophily_reduction,homophily_reduction,feature;graph;recent,coregraph,10,mechanism_declared,mechanism_declared,hierarchical,none,none,none,homophily_reduction,NOT_APPLICABLE,CPU_TINY_THEN_GPU_FULL,UNKNOWN_UNTIL_PILOT,BLOCKED_RESOURCE_UNMEASURED,mechanism_manifest+predictions+validation,NONE_TINY;GPU_FULL_SEPARATE_AUTHORITY,FULL_MUST_RUN,L4-H1;L4-H7
run-624018541633db93762a110c,controlled_synthetic,base_plus_homophily_reduction,homophily_reduction,feature;graph;recent,protocol_one_hot,10,mechanism_declared,mechanism_declared,contract,none,protocol_one_hot,none,homophily_reduction,NOT_APPLICABLE,CPU_TINY_THEN_GPU_FULL,UNKNOWN_UNTIL_PILOT,BLOCKED_RESOURCE_UNMEASURED,mechanism_manifest+predictions+validation,NONE_TINY;GPU_FULL_SEPARATE_AUTHORITY,FULL_MUST_RUN,L4-H1;L4-H7
run-4fa98e6136de5afa757c1f3c,controlled_synthetic,base_plus_homophily_reduction,homophily_reduction,feature;graph;recent,flat_contract_mlp,10,mechanism_declared,mechanism_declared,contract,none,flat,none,homophily_reduction,NOT_APPLICABLE,CPU_TINY_THEN_GPU_FULL,UNKNOWN_UNTIL_PILOT,BLOCKED_RESOURCE_UNMEASURED,mechanism_manifest+predictions+validation,NONE_TINY;GPU_FULL_SEPARATE_AUTHORITY,STRONG_RECOMMENDED,L4-H1;L4-H7
run-eeb2eded6e87a4eb3cf807b4,controlled_synthetic,base_plus_homophily_reduction,homophily_reduction,feature;graph;recent,uniform_average,10,mechanism_declared,mechanism_declared,fixed,none,none,none,homophily_reduction,NOT_APPLICABLE,CPU_TINY_THEN_GPU_FULL,UNKNOWN_UNTIL_PILOT,BLOCKED_RESOURCE_UNMEASURED,mechanism_manifest+predictions+validation,NONE_TINY;GPU_FULL_SEPARATE_AUTHORITY,STRONG_RECOMMENDED,L4-H1;L4-H7
run-fde799cf15f1320044eaf2f3,controlled_synthetic,base_plus_heterophily_reversal,heterophily_reversal,feature;graph;recent,coregraph,1,mechanism_declared,mechanism_declared,hierarchical,none,none,none,heterophily_reversal,NOT_APPLICABLE,CPU_TINY_THEN_GPU_FULL,UNKNOWN_UNTIL_PILOT,BLOCKED_RESOURCE_UNMEASURED,mechanism_manifest+predictions+validation,NONE_TINY;GPU_FULL_SEPARATE_AUTHORITY,FULL_MUST_RUN,L4-H1;L4-H7
run-a148bab4b8427b5b037a7f22,controlled_synthetic,base_plus_heterophily_reversal,heterophily_reversal,feature;graph;recent,protocol_one_hot,1,mechanism_declared,mechanism_declared,contract,none,protocol_one_hot,none,heterophily_reversal,NOT_APPLICABLE,CPU_TINY_THEN_GPU_FULL,UNKNOWN_UNTIL_PILOT,BLOCKED_RESOURCE_UNMEASURED,mechanism_manifest+predictions+validation,NONE_TINY;GPU_FULL_SEPARATE_AUTHORITY,FULL_MUST_RUN,L4-H1;L4-H7
run-ce9bfbdcbc156bd2e8a880e1,controlled_synthetic,base_plus_heterophily_reversal,heterophily_reversal,feature;graph;recent,flat_contract_mlp,1,mechanism_declared,mechanism_declared,contract,none,flat,none,heterophily_reversal,NOT_APPLICABLE,CPU_TINY_THEN_GPU_FULL,UNKNOWN_UNTIL_PILOT,BLOCKED_RESOURCE_UNMEASURED,mechanism_manifest+predictions+validation,NONE_TINY;GPU_FULL_SEPARATE_AUTHORITY,STRONG_RECOMMENDED,L4-H1;L4-H7
run-921f9fc09f5982e8711a006d,controlled_synthetic,base_plus_heterophily_reversal,heterophily_reversal,feature;graph;recent,uniform_average,1,mechanism_declared,mechanism_declared,fixed,none,none,none,heterophily_reversal,NOT_APPLICABLE,CPU_TINY_THEN_GPU_FULL,UNKNOWN_UNTIL_PILOT,BLOCKED_RESOURCE_UNMEASURED,mechanism_manifest+predictions+validation,NONE_TINY;GPU_FULL_SEPARATE_AUTHORITY,STRONG_RECOMMENDED,L4-H1;L4-H7
run-a0136ce1b4a81a35ae2c3987,controlled_synthetic,base_plus_heterophily_reversal,heterophily_reversal,feature;graph;recent,coregraph,2,mechanism_declared,mechanism_declared,hierarchical,none,none,none,heterophily_reversal,NOT_APPLICABLE,CPU_TINY_THEN_GPU_FULL,UNKNOWN_UNTIL_PILOT,BLOCKED_RESOURCE_UNMEASURED,mechanism_manifest+predictions+validation,NONE_TINY;GPU_FULL_SEPARATE_AUTHORITY,FULL_MUST_RUN,L4-H1;L4-H7
run-385afcbc659c35ba8f0b5e27,controlled_synthetic,base_plus_heterophily_reversal,heterophily_reversal,feature;graph;recent,protocol_one_hot,2,mechanism_declared,mechanism_declared,contract,none,protocol_one_hot,none,heterophily_reversal,NOT_APPLICABLE,CPU_TINY_THEN_GPU_FULL,UNKNOWN_UNTIL_PILOT,BLOCKED_RESOURCE_UNMEASURED,mechanism_manifest+predictions+validation,NONE_TINY;GPU_FULL_SEPARATE_AUTHORITY,FULL_MUST_RUN,L4-H1;L4-H7
run-daf167e0ef44d23928dadd41,controlled_synthetic,base_plus_heterophily_reversal,heterophily_reversal,feature;graph;recent,flat_contract_mlp,2,mechanism_declared,mechanism_declared,contract,none,flat,none,heterophily_reversal,NOT_APPLICABLE,CPU_TINY_THEN_GPU_FULL,UNKNOWN_UNTIL_PILOT,BLOCKED_RESOURCE_UNMEASURED,mechanism_manifest+predictions+validation,NONE_TINY;GPU_FULL_SEPARATE_AUTHORITY,STRONG_RECOMMENDED,L4-H1;L4-H7
run-9c057309d5f5de3b06e1397e,controlled_synthetic,base_plus_heterophily_reversal,heterophily_reversal,feature;graph;recent,uniform_average,2,mechanism_declared,mechanism_declared,fixed,none,none,none,heterophily_reversal,NOT_APPLICABLE,CPU_TINY_THEN_GPU_FULL,UNKNOWN_UNTIL_PILOT,BLOCKED_RESOURCE_UNMEASURED,mechanism_manifest+predictions+validation,NONE_TINY;GPU_FULL_SEPARATE_AUTHORITY,STRONG_RECOMMENDED,L4-H1;L4-H7
run-da2ba9adc40e25e5d58cf3ba,controlled_synthetic,base_plus_heterophily_reversal,heterophily_reversal,feature;graph;recent,coregraph,3,mechanism_declared,mechanism_declared,hierarchical,none,none,none,heterophily_reversal,NOT_APPLICABLE,CPU_TINY_THEN_GPU_FULL,UNKNOWN_UNTIL_PILOT,BLOCKED_RESOURCE_UNMEASURED,mechanism_manifest+predictions+validation,NONE_TINY;GPU_FULL_SEPARATE_AUTHORITY,FULL_MUST_RUN,L4-H1;L4-H7
run-e68c353791cf573ad1c43e12,controlled_synthetic,base_plus_heterophily_reversal,heterophily_reversal,feature;graph;recent,protocol_one_hot,3,mechanism_declared,mechanism_declared,contract,none,protocol_one_hot,none,heterophily_reversal,NOT_APPLICABLE,CPU_TINY_THEN_GPU_FULL,UNKNOWN_UNTIL_PILOT,BLOCKED_RESOURCE_UNMEASURED,mechanism_manifest+predictions+validation,NONE_TINY;GPU_FULL_SEPARATE_AUTHORITY,FULL_MUST_RUN,L4-H1;L4-H7
run-9adae6659844fd0048c0981a,controlled_synthetic,base_plus_heterophily_reversal,heterophily_reversal,feature;graph;recent,flat_contract_mlp,3,mechanism_declared,mechanism_declared,contract,none,flat,none,heterophily_reversal,NOT_APPLICABLE,CPU_TINY_THEN_GPU_FULL,UNKNOWN_UNTIL_PILOT,BLOCKED_RESOURCE_UNMEASURED,mechanism_manifest+predictions+validation,NONE_TINY;GPU_FULL_SEPARATE_AUTHORITY,STRONG_RECOMMENDED,L4-H1;L4-H7
run-a9c3c8fa4f015f5579ef8210,controlled_synthetic,base_plus_heterophily_reversal,heterophily_reversal,feature;graph;recent,uniform_average,3,mechanism_declared,mechanism_declared,fixed,none,none,none,heterophily_reversal,NOT_APPLICABLE,CPU_TINY_THEN_GPU_FULL,UNKNOWN_UNTIL_PILOT,BLOCKED_RESOURCE_UNMEASURED,mechanism_manifest+predictions+validation,NONE_TINY;GPU_FULL_SEPARATE_AUTHORITY,STRONG_RECOMMENDED,L4-H1;L4-H7
run-45a6fef4a472669866f5bc0b,controlled_synthetic,base_plus_heterophily_reversal,heterophily_reversal,feature;graph;recent,coregraph,4,mechanism_declared,mechanism_declared,hierarchical,none,none,none,heterophily_reversal,NOT_APPLICABLE,CPU_TINY_THEN_GPU_FULL,UNKNOWN_UNTIL_PILOT,BLOCKED_RESOURCE_UNMEASURED,mechanism_manifest+predictions+validation,NONE_TINY;GPU_FULL_SEPARATE_AUTHORITY,FULL_MUST_RUN,L4-H1;L4-H7
run-683cca7d14be0e437088d420,controlled_synthetic,base_plus_heterophily_reversal,heterophily_reversal,feature;graph;recent,protocol_one_hot,4,mechanism_declared,mechanism_declared,contract,none,protocol_one_hot,none,heterophily_reversal,NOT_APPLICABLE,CPU_TINY_THEN_GPU_FULL,UNKNOWN_UNTIL_PILOT,BLOCKED_RESOURCE_UNMEASURED,mechanism_manifest+predictions+validation,NONE_TINY;GPU_FULL_SEPARATE_AUTHORITY,FULL_MUST_RUN,L4-H1;L4-H7
run-c11d3aabf569a3bcac3371eb,controlled_synthetic,base_plus_heterophily_reversal,heterophily_reversal,feature;graph;recent,flat_contract_mlp,4,mechanism_declared,mechanism_declared,contract,none,flat,none,heterophily_reversal,NOT_APPLICABLE,CPU_TINY_THEN_GPU_FULL,UNKNOWN_UNTIL_PILOT,BLOCKED_RESOURCE_UNMEASURED,mechanism_manifest+predictions+validation,NONE_TINY;GPU_FULL_SEPARATE_AUTHORITY,STRONG_RECOMMENDED,L4-H1;L4-H7
run-7e74b89335b00a215ae3d395,controlled_synthetic,base_plus_heterophily_reversal,heterophily_reversal,feature;graph;recent,uniform_average,4,mechanism_declared,mechanism_declared,fixed,none,none,none,heterophily_reversal,NOT_APPLICABLE,CPU_TINY_THEN_GPU_FULL,UNKNOWN_UNTIL_PILOT,BLOCKED_RESOURCE_UNMEASURED,mechanism_manifest+predictions+validation,NONE_TINY;GPU_FULL_SEPARATE_AUTHORITY,STRONG_RECOMMENDED,L4-H1;L4-H7
run-ad586feb32bbdf639853f3f8,controlled_synthetic,base_plus_heterophily_reversal,heterophily_reversal,feature;graph;recent,coregraph,5,mechanism_declared,mechanism_declared,hierarchical,none,none,none,heterophily_reversal,NOT_APPLICABLE,CPU_TINY_THEN_GPU_FULL,UNKNOWN_UNTIL_PILOT,BLOCKED_RESOURCE_UNMEASURED,mechanism_manifest+predictions+validation,NONE_TINY;GPU_FULL_SEPARATE_AUTHORITY,FULL_MUST_RUN,L4-H1;L4-H7
run-525f77c4dbd2c1df73dce94f,controlled_synthetic,base_plus_heterophily_reversal,heterophily_reversal,feature;graph;recent,protocol_one_hot,5,mechanism_declared,mechanism_declared,contract,none,protocol_one_hot,none,heterophily_reversal,NOT_APPLICABLE,CPU_TINY_THEN_GPU_FULL,UNKNOWN_UNTIL_PILOT,BLOCKED_RESOURCE_UNMEASURED,mechanism_manifest+predictions+validation,NONE_TINY;GPU_FULL_SEPARATE_AUTHORITY,FULL_MUST_RUN,L4-H1;L4-H7
run-dbbf2a00dfe56d1204f849fa,controlled_synthetic,base_plus_heterophily_reversal,heterophily_reversal,feature;graph;recent,flat_contract_mlp,5,mechanism_declared,mechanism_declared,contract,none,flat,none,heterophily_reversal,NOT_APPLICABLE,CPU_TINY_THEN_GPU_FULL,UNKNOWN_UNTIL_PILOT,BLOCKED_RESOURCE_UNMEASURED,mechanism_manifest+predictions+validation,NONE_TINY;GPU_FULL_SEPARATE_AUTHORITY,STRONG_RECOMMENDED,L4-H1;L4-H7
run-99505b61c2c2cb38c78e6125,controlled_synthetic,base_plus_heterophily_reversal,heterophily_reversal,feature;graph;recent,uniform_average,5,mechanism_declared,mechanism_declared,fixed,none,none,none,heterophily_reversal,NOT_APPLICABLE,CPU_TINY_THEN_GPU_FULL,UNKNOWN_UNTIL_PILOT,BLOCKED_RESOURCE_UNMEASURED,mechanism_manifest+predictions+validation,NONE_TINY;GPU_FULL_SEPARATE_AUTHORITY,STRONG_RECOMMENDED,L4-H1;L4-H7
run-669da5da117fd51a5bd2f06c,controlled_synthetic,base_plus_heterophily_reversal,heterophily_reversal,feature;graph;recent,coregraph,6,mechanism_declared,mechanism_declared,hierarchical,none,none,none,heterophily_reversal,NOT_APPLICABLE,CPU_TINY_THEN_GPU_FULL,UNKNOWN_UNTIL_PILOT,BLOCKED_RESOURCE_UNMEASURED,mechanism_manifest+predictions+validation,NONE_TINY;GPU_FULL_SEPARATE_AUTHORITY,FULL_MUST_RUN,L4-H1;L4-H7
run-841916d9e8e22e5e124eab45,controlled_synthetic,base_plus_heterophily_reversal,heterophily_reversal,feature;graph;recent,protocol_one_hot,6,mechanism_declared,mechanism_declared,contract,none,protocol_one_hot,none,heterophily_reversal,NOT_APPLICABLE,CPU_TINY_THEN_GPU_FULL,UNKNOWN_UNTIL_PILOT,BLOCKED_RESOURCE_UNMEASURED,mechanism_manifest+predictions+validation,NONE_TINY;GPU_FULL_SEPARATE_AUTHORITY,FULL_MUST_RUN,L4-H1;L4-H7
run-77ba56a548421c1258747a66,controlled_synthetic,base_plus_heterophily_reversal,heterophily_reversal,feature;graph;recent,flat_contract_mlp,6,mechanism_declared,mechanism_declared,contract,none,flat,none,heterophily_reversal,NOT_APPLICABLE,CPU_TINY_THEN_GPU_FULL,UNKNOWN_UNTIL_PILOT,BLOCKED_RESOURCE_UNMEASURED,mechanism_manifest+predictions+validation,NONE_TINY;GPU_FULL_SEPARATE_AUTHORITY,STRONG_RECOMMENDED,L4-H1;L4-H7
run-718c11eaa054deab091a0300,controlled_synthetic,base_plus_heterophily_reversal,heterophily_reversal,feature;graph;recent,uniform_average,6,mechanism_declared,mechanism_declared,fixed,none,none,none,heterophily_reversal,NOT_APPLICABLE,CPU_TINY_THEN_GPU_FULL,UNKNOWN_UNTIL_PILOT,BLOCKED_RESOURCE_UNMEASURED,mechanism_manifest+predictions+validation,NONE_TINY;GPU_FULL_SEPARATE_AUTHORITY,STRONG_RECOMMENDED,L4-H1;L4-H7
run-bd227df814057eeacb6af782,controlled_synthetic,base_plus_heterophily_reversal,heterophily_reversal,feature;graph;recent,coregraph,7,mechanism_declared,mechanism_declared,hierarchical,none,none,none,heterophily_reversal,NOT_APPLICABLE,CPU_TINY_THEN_GPU_FULL,UNKNOWN_UNTIL_PILOT,BLOCKED_RESOURCE_UNMEASURED,mechanism_manifest+predictions+validation,NONE_TINY;GPU_FULL_SEPARATE_AUTHORITY,FULL_MUST_RUN,L4-H1;L4-H7
run-88069c2ef2e4008d520f62ca,controlled_synthetic,base_plus_heterophily_reversal,heterophily_reversal,feature;graph;recent,protocol_one_hot,7,mechanism_declared,mechanism_declared,contract,none,protocol_one_hot,none,heterophily_reversal,NOT_APPLICABLE,CPU_TINY_THEN_GPU_FULL,UNKNOWN_UNTIL_PILOT,BLOCKED_RESOURCE_UNMEASURED,mechanism_manifest+predictions+validation,NONE_TINY;GPU_FULL_SEPARATE_AUTHORITY,FULL_MUST_RUN,L4-H1;L4-H7
run-d97023884961a014233cd250,controlled_synthetic,base_plus_heterophily_reversal,heterophily_reversal,feature;graph;recent,flat_contract_mlp,7,mechanism_declared,mechanism_declared,contract,none,flat,none,heterophily_reversal,NOT_APPLICABLE,CPU_TINY_THEN_GPU_FULL,UNKNOWN_UNTIL_PILOT,BLOCKED_RESOURCE_UNMEASURED,mechanism_manifest+predictions+validation,NONE_TINY;GPU_FULL_SEPARATE_AUTHORITY,STRONG_RECOMMENDED,L4-H1;L4-H7
run-d135c67ea1bb6fdfca296704,controlled_synthetic,base_plus_heterophily_reversal,heterophily_reversal,feature;graph;recent,uniform_average,7,mechanism_declared,mechanism_declared,fixed,none,none,none,heterophily_reversal,NOT_APPLICABLE,CPU_TINY_THEN_GPU_FULL,UNKNOWN_UNTIL_PILOT,BLOCKED_RESOURCE_UNMEASURED,mechanism_manifest+predictions+validation,NONE_TINY;GPU_FULL_SEPARATE_AUTHORITY,STRONG_RECOMMENDED,L4-H1;L4-H7
run-39381a945cec55d3dc68aff4,controlled_synthetic,base_plus_heterophily_reversal,heterophily_reversal,feature;graph;recent,coregraph,8,mechanism_declared,mechanism_declared,hierarchical,none,none,none,heterophily_reversal,NOT_APPLICABLE,CPU_TINY_THEN_GPU_FULL,UNKNOWN_UNTIL_PILOT,BLOCKED_RESOURCE_UNMEASURED,mechanism_manifest+predictions+validation,NONE_TINY;GPU_FULL_SEPARATE_AUTHORITY,FULL_MUST_RUN,L4-H1;L4-H7
run-23ccb40cf79552dca1d3783d,controlled_synthetic,base_plus_heterophily_reversal,heterophily_reversal,feature;graph;recent,protocol_one_hot,8,mechanism_declared,mechanism_declared,contract,none,protocol_one_hot,none,heterophily_reversal,NOT_APPLICABLE,CPU_TINY_THEN_GPU_FULL,UNKNOWN_UNTIL_PILOT,BLOCKED_RESOURCE_UNMEASURED,mechanism_manifest+predictions+validation,NONE_TINY;GPU_FULL_SEPARATE_AUTHORITY,FULL_MUST_RUN,L4-H1;L4-H7
run-b4b9b8a0d1681c8ec319f174,controlled_synthetic,base_plus_heterophily_reversal,heterophily_reversal,feature;graph;recent,flat_contract_mlp,8,mechanism_declared,mechanism_declared,contract,none,flat,none,heterophily_reversal,NOT_APPLICABLE,CPU_TINY_THEN_GPU_FULL,UNKNOWN_UNTIL_PILOT,BLOCKED_RESOURCE_UNMEASURED,mechanism_manifest+predictions+validation,NONE_TINY;GPU_FULL_SEPARATE_AUTHORITY,STRONG_RECOMMENDED,L4-H1;L4-H7
run-d6416b1231329768b3ac5229,controlled_synthetic,base_plus_heterophily_reversal,heterophily_reversal,feature;graph;recent,uniform_average,8,mechanism_declared,mechanism_declared,fixed,none,none,none,heterophily_reversal,NOT_APPLICABLE,CPU_TINY_THEN_GPU_FULL,UNKNOWN_UNTIL_PILOT,BLOCKED_RESOURCE_UNMEASURED,mechanism_manifest+predictions+validation,NONE_TINY;GPU_FULL_SEPARATE_AUTHORITY,STRONG_RECOMMENDED,L4-H1;L4-H7
run-49054fa464f81dd92f4cc31e,controlled_synthetic,base_plus_heterophily_reversal,heterophily_reversal,feature;graph;recent,coregraph,9,mechanism_declared,mechanism_declared,hierarchical,none,none,none,heterophily_reversal,NOT_APPLICABLE,CPU_TINY_THEN_GPU_FULL,UNKNOWN_UNTIL_PILOT,BLOCKED_RESOURCE_UNMEASURED,mechanism_manifest+predictions+validation,NONE_TINY;GPU_FULL_SEPARATE_AUTHORITY,FULL_MUST_RUN,L4-H1;L4-H7
run-f77654bc683c38819262b6b2,controlled_synthetic,base_plus_heterophily_reversal,heterophily_reversal,feature;graph;recent,protocol_one_hot,9,mechanism_declared,mechanism_declared,contract,none,protocol_one_hot,none,heterophily_reversal,NOT_APPLICABLE,CPU_TINY_THEN_GPU_FULL,UNKNOWN_UNTIL_PILOT,BLOCKED_RESOURCE_UNMEASURED,mechanism_manifest+predictions+validation,NONE_TINY;GPU_FULL_SEPARATE_AUTHORITY,FULL_MUST_RUN,L4-H1;L4-H7
run-c44d35dc4437149dc6891f31,controlled_synthetic,base_plus_heterophily_reversal,heterophily_reversal,feature;graph;recent,flat_contract_mlp,9,mechanism_declared,mechanism_declared,contract,none,flat,none,heterophily_reversal,NOT_APPLICABLE,CPU_TINY_THEN_GPU_FULL,UNKNOWN_UNTIL_PILOT,BLOCKED_RESOURCE_UNMEASURED,mechanism_manifest+predictions+validation,NONE_TINY;GPU_FULL_SEPARATE_AUTHORITY,STRONG_RECOMMENDED,L4-H1;L4-H7
run-b72f8610c8302d7933948e51,controlled_synthetic,base_plus_heterophily_reversal,heterophily_reversal,feature;graph;recent,uniform_average,9,mechanism_declared,mechanism_declared,fixed,none,none,none,heterophily_reversal,NOT_APPLICABLE,CPU_TINY_THEN_GPU_FULL,UNKNOWN_UNTIL_PILOT,BLOCKED_RESOURCE_UNMEASURED,mechanism_manifest+predictions+validation,NONE_TINY;GPU_FULL_SEPARATE_AUTHORITY,STRONG_RECOMMENDED,L4-H1;L4-H7
run-66a0c06fdb3a3960662d27ed,controlled_synthetic,base_plus_heterophily_reversal,heterophily_reversal,feature;graph;recent,coregraph,10,mechanism_declared,mechanism_declared,hierarchical,none,none,none,heterophily_reversal,NOT_APPLICABLE,CPU_TINY_THEN_GPU_FULL,UNKNOWN_UNTIL_PILOT,BLOCKED_RESOURCE_UNMEASURED,mechanism_manifest+predictions+validation,NONE_TINY;GPU_FULL_SEPARATE_AUTHORITY,FULL_MUST_RUN,L4-H1;L4-H7
run-f3216219acb6fe86d1e4472a,controlled_synthetic,base_plus_heterophily_reversal,heterophily_reversal,feature;graph;recent,protocol_one_hot,10,mechanism_declared,mechanism_declared,contract,none,protocol_one_hot,none,heterophily_reversal,NOT_APPLICABLE,CPU_TINY_THEN_GPU_FULL,UNKNOWN_UNTIL_PILOT,BLOCKED_RESOURCE_UNMEASURED,mechanism_manifest+predictions+validation,NONE_TINY;GPU_FULL_SEPARATE_AUTHORITY,FULL_MUST_RUN,L4-H1;L4-H7
run-023d4154f49c97e7efaab6b0,controlled_synthetic,base_plus_heterophily_reversal,heterophily_reversal,feature;graph;recent,flat_contract_mlp,10,mechanism_declared,mechanism_declared,contract,none,flat,none,heterophily_reversal,NOT_APPLICABLE,CPU_TINY_THEN_GPU_FULL,UNKNOWN_UNTIL_PILOT,BLOCKED_RESOURCE_UNMEASURED,mechanism_manifest+predictions+validation,NONE_TINY;GPU_FULL_SEPARATE_AUTHORITY,STRONG_RECOMMENDED,L4-H1;L4-H7
run-73b338d00679d537d1fbf04b,controlled_synthetic,base_plus_heterophily_reversal,heterophily_reversal,feature;graph;recent,uniform_average,10,mechanism_declared,mechanism_declared,fixed,none,none,none,heterophily_reversal,NOT_APPLICABLE,CPU_TINY_THEN_GPU_FULL,UNKNOWN_UNTIL_PILOT,BLOCKED_RESOURCE_UNMEASURED,mechanism_manifest+predictions+validation,NONE_TINY;GPU_FULL_SEPARATE_AUTHORITY,STRONG_RECOMMENDED,L4-H1;L4-H7
run-205e8f3cd7c577c690afae9c,controlled_synthetic,base_plus_temporal_concept_drift,temporal_concept_drift,feature;graph;recent,coregraph,1,mechanism_declared,mechanism_declared,hierarchical,none,none,none,temporal_concept_drift,NOT_APPLICABLE,CPU_TINY_THEN_GPU_FULL,UNKNOWN_UNTIL_PILOT,BLOCKED_RESOURCE_UNMEASURED,mechanism_manifest+predictions+validation,NONE_TINY;GPU_FULL_SEPARATE_AUTHORITY,FULL_MUST_RUN,L4-H1;L4-H7
run-a4c0bebd4012cd2b65c38cdb,controlled_synthetic,base_plus_temporal_concept_drift,temporal_concept_drift,feature;graph;recent,protocol_one_hot,1,mechanism_declared,mechanism_declared,contract,none,protocol_one_hot,none,temporal_concept_drift,NOT_APPLICABLE,CPU_TINY_THEN_GPU_FULL,UNKNOWN_UNTIL_PILOT,BLOCKED_RESOURCE_UNMEASURED,mechanism_manifest+predictions+validation,NONE_TINY;GPU_FULL_SEPARATE_AUTHORITY,FULL_MUST_RUN,L4-H1;L4-H7
run-5958590c6ed39a990b5b7a0c,controlled_synthetic,base_plus_temporal_concept_drift,temporal_concept_drift,feature;graph;recent,flat_contract_mlp,1,mechanism_declared,mechanism_declared,contract,none,flat,none,temporal_concept_drift,NOT_APPLICABLE,CPU_TINY_THEN_GPU_FULL,UNKNOWN_UNTIL_PILOT,BLOCKED_RESOURCE_UNMEASURED,mechanism_manifest+predictions+validation,NONE_TINY;GPU_FULL_SEPARATE_AUTHORITY,STRONG_RECOMMENDED,L4-H1;L4-H7
run-3e553c955de4ca15f30d7889,controlled_synthetic,base_plus_temporal_concept_drift,temporal_concept_drift,feature;graph;recent,uniform_average,1,mechanism_declared,mechanism_declared,fixed,none,none,none,temporal_concept_drift,NOT_APPLICABLE,CPU_TINY_THEN_GPU_FULL,UNKNOWN_UNTIL_PILOT,BLOCKED_RESOURCE_UNMEASURED,mechanism_manifest+predictions+validation,NONE_TINY;GPU_FULL_SEPARATE_AUTHORITY,STRONG_RECOMMENDED,L4-H1;L4-H7
run-06972179e785f9c6ab05f6cb,controlled_synthetic,base_plus_temporal_concept_drift,temporal_concept_drift,feature;graph;recent,coregraph,2,mechanism_declared,mechanism_declared,hierarchical,none,none,none,temporal_concept_drift,NOT_APPLICABLE,CPU_TINY_THEN_GPU_FULL,UNKNOWN_UNTIL_PILOT,BLOCKED_RESOURCE_UNMEASURED,mechanism_manifest+predictions+validation,NONE_TINY;GPU_FULL_SEPARATE_AUTHORITY,FULL_MUST_RUN,L4-H1;L4-H7
run-5bc12b2065bf3290c28d532e,controlled_synthetic,base_plus_temporal_concept_drift,temporal_concept_drift,feature;graph;recent,protocol_one_hot,2,mechanism_declared,mechanism_declared,contract,none,protocol_one_hot,none,temporal_concept_drift,NOT_APPLICABLE,CPU_TINY_THEN_GPU_FULL,UNKNOWN_UNTIL_PILOT,BLOCKED_RESOURCE_UNMEASURED,mechanism_manifest+predictions+validation,NONE_TINY;GPU_FULL_SEPARATE_AUTHORITY,FULL_MUST_RUN,L4-H1;L4-H7
run-f4f08ab4a7c51317d79432d8,controlled_synthetic,base_plus_temporal_concept_drift,temporal_concept_drift,feature;graph;recent,flat_contract_mlp,2,mechanism_declared,mechanism_declared,contract,none,flat,none,temporal_concept_drift,NOT_APPLICABLE,CPU_TINY_THEN_GPU_FULL,UNKNOWN_UNTIL_PILOT,BLOCKED_RESOURCE_UNMEASURED,mechanism_manifest+predictions+validation,NONE_TINY;GPU_FULL_SEPARATE_AUTHORITY,STRONG_RECOMMENDED,L4-H1;L4-H7
run-875a7ce6613c1c679acb445c,controlled_synthetic,base_plus_temporal_concept_drift,temporal_concept_drift,feature;graph;recent,uniform_average,2,mechanism_declared,mechanism_declared,fixed,none,none,none,temporal_concept_drift,NOT_APPLICABLE,CPU_TINY_THEN_GPU_FULL,UNKNOWN_UNTIL_PILOT,BLOCKED_RESOURCE_UNMEASURED,mechanism_manifest+predictions+validation,NONE_TINY;GPU_FULL_SEPARATE_AUTHORITY,STRONG_RECOMMENDED,L4-H1;L4-H7
run-b12bfadfa8de4eee7871efc0,controlled_synthetic,base_plus_temporal_concept_drift,temporal_concept_drift,feature;graph;recent,coregraph,3,mechanism_declared,mechanism_declared,hierarchical,none,none,none,temporal_concept_drift,NOT_APPLICABLE,CPU_TINY_THEN_GPU_FULL,UNKNOWN_UNTIL_PILOT,BLOCKED_RESOURCE_UNMEASURED,mechanism_manifest+predictions+validation,NONE_TINY;GPU_FULL_SEPARATE_AUTHORITY,FULL_MUST_RUN,L4-H1;L4-H7
run-9c24704ef3bd39290effa49c,controlled_synthetic,base_plus_temporal_concept_drift,temporal_concept_drift,feature;graph;recent,protocol_one_hot,3,mechanism_declared,mechanism_declared,contract,none,protocol_one_hot,none,temporal_concept_drift,NOT_APPLICABLE,CPU_TINY_THEN_GPU_FULL,UNKNOWN_UNTIL_PILOT,BLOCKED_RESOURCE_UNMEASURED,mechanism_manifest+predictions+validation,NONE_TINY;GPU_FULL_SEPARATE_AUTHORITY,FULL_MUST_RUN,L4-H1;L4-H7
run-51734a1dd7208e4ea9882603,controlled_synthetic,base_plus_temporal_concept_drift,temporal_concept_drift,feature;graph;recent,flat_contract_mlp,3,mechanism_declared,mechanism_declared,contract,none,flat,none,temporal_concept_drift,NOT_APPLICABLE,CPU_TINY_THEN_GPU_FULL,UNKNOWN_UNTIL_PILOT,BLOCKED_RESOURCE_UNMEASURED,mechanism_manifest+predictions+validation,NONE_TINY;GPU_FULL_SEPARATE_AUTHORITY,STRONG_RECOMMENDED,L4-H1;L4-H7
run-4a9470a7b1a880e133c771e6,controlled_synthetic,base_plus_temporal_concept_drift,temporal_concept_drift,feature;graph;recent,uniform_average,3,mechanism_declared,mechanism_declared,fixed,none,none,none,temporal_concept_drift,NOT_APPLICABLE,CPU_TINY_THEN_GPU_FULL,UNKNOWN_UNTIL_PILOT,BLOCKED_RESOURCE_UNMEASURED,mechanism_manifest+predictions+validation,NONE_TINY;GPU_FULL_SEPARATE_AUTHORITY,STRONG_RECOMMENDED,L4-H1;L4-H7
run-f0cf94836c90bf27996cf6ad,controlled_synthetic,base_plus_temporal_concept_drift,temporal_concept_drift,feature;graph;recent,coregraph,4,mechanism_declared,mechanism_declared,hierarchical,none,none,none,temporal_concept_drift,NOT_APPLICABLE,CPU_TINY_THEN_GPU_FULL,UNKNOWN_UNTIL_PILOT,BLOCKED_RESOURCE_UNMEASURED,mechanism_manifest+predictions+validation,NONE_TINY;GPU_FULL_SEPARATE_AUTHORITY,FULL_MUST_RUN,L4-H1;L4-H7
run-f55679a9f1155e2e3e7b05b3,controlled_synthetic,base_plus_temporal_concept_drift,temporal_concept_drift,feature;graph;recent,protocol_one_hot,4,mechanism_declared,mechanism_declared,contract,none,protocol_one_hot,none,temporal_concept_drift,NOT_APPLICABLE,CPU_TINY_THEN_GPU_FULL,UNKNOWN_UNTIL_PILOT,BLOCKED_RESOURCE_UNMEASURED,mechanism_manifest+predictions+validation,NONE_TINY;GPU_FULL_SEPARATE_AUTHORITY,FULL_MUST_RUN,L4-H1;L4-H7
run-65862bc7176890522cd4af45,controlled_synthetic,base_plus_temporal_concept_drift,temporal_concept_drift,feature;graph;recent,flat_contract_mlp,4,mechanism_declared,mechanism_declared,contract,none,flat,none,temporal_concept_drift,NOT_APPLICABLE,CPU_TINY_THEN_GPU_FULL,UNKNOWN_UNTIL_PILOT,BLOCKED_RESOURCE_UNMEASURED,mechanism_manifest+predictions+validation,NONE_TINY;GPU_FULL_SEPARATE_AUTHORITY,STRONG_RECOMMENDED,L4-H1;L4-H7
run-0075a5c1b60dc98e5a9321df,controlled_synthetic,base_plus_temporal_concept_drift,temporal_concept_drift,feature;graph;recent,uniform_average,4,mechanism_declared,mechanism_declared,fixed,none,none,none,temporal_concept_drift,NOT_APPLICABLE,CPU_TINY_THEN_GPU_FULL,UNKNOWN_UNTIL_PILOT,BLOCKED_RESOURCE_UNMEASURED,mechanism_manifest+predictions+validation,NONE_TINY;GPU_FULL_SEPARATE_AUTHORITY,STRONG_RECOMMENDED,L4-H1;L4-H7
run-b6824b679a347162c2ba551e,controlled_synthetic,base_plus_temporal_concept_drift,temporal_concept_drift,feature;graph;recent,coregraph,5,mechanism_declared,mechanism_declared,hierarchical,none,none,none,temporal_concept_drift,NOT_APPLICABLE,CPU_TINY_THEN_GPU_FULL,UNKNOWN_UNTIL_PILOT,BLOCKED_RESOURCE_UNMEASURED,mechanism_manifest+predictions+validation,NONE_TINY;GPU_FULL_SEPARATE_AUTHORITY,FULL_MUST_RUN,L4-H1;L4-H7
run-d3e23debc0e033f8dc5ee93c,controlled_synthetic,base_plus_temporal_concept_drift,temporal_concept_drift,feature;graph;recent,protocol_one_hot,5,mechanism_declared,mechanism_declared,contract,none,protocol_one_hot,none,temporal_concept_drift,NOT_APPLICABLE,CPU_TINY_THEN_GPU_FULL,UNKNOWN_UNTIL_PILOT,BLOCKED_RESOURCE_UNMEASURED,mechanism_manifest+predictions+validation,NONE_TINY;GPU_FULL_SEPARATE_AUTHORITY,FULL_MUST_RUN,L4-H1;L4-H7
run-bd8b0e3f818963cb494f499a,controlled_synthetic,base_plus_temporal_concept_drift,temporal_concept_drift,feature;graph;recent,flat_contract_mlp,5,mechanism_declared,mechanism_declared,contract,none,flat,none,temporal_concept_drift,NOT_APPLICABLE,CPU_TINY_THEN_GPU_FULL,UNKNOWN_UNTIL_PILOT,BLOCKED_RESOURCE_UNMEASURED,mechanism_manifest+predictions+validation,NONE_TINY;GPU_FULL_SEPARATE_AUTHORITY,STRONG_RECOMMENDED,L4-H1;L4-H7
run-351ff93708465227d5f74495,controlled_synthetic,base_plus_temporal_concept_drift,temporal_concept_drift,feature;graph;recent,uniform_average,5,mechanism_declared,mechanism_declared,fixed,none,none,none,temporal_concept_drift,NOT_APPLICABLE,CPU_TINY_THEN_GPU_FULL,UNKNOWN_UNTIL_PILOT,BLOCKED_RESOURCE_UNMEASURED,mechanism_manifest+predictions+validation,NONE_TINY;GPU_FULL_SEPARATE_AUTHORITY,STRONG_RECOMMENDED,L4-H1;L4-H7
run-b103d394135d745b6ae99927,controlled_synthetic,base_plus_temporal_concept_drift,temporal_concept_drift,feature;graph;recent,coregraph,6,mechanism_declared,mechanism_declared,hierarchical,none,none,none,temporal_concept_drift,NOT_APPLICABLE,CPU_TINY_THEN_GPU_FULL,UNKNOWN_UNTIL_PILOT,BLOCKED_RESOURCE_UNMEASURED,mechanism_manifest+predictions+validation,NONE_TINY;GPU_FULL_SEPARATE_AUTHORITY,FULL_MUST_RUN,L4-H1;L4-H7
run-d0730298ee4b2f920c618d81,controlled_synthetic,base_plus_temporal_concept_drift,temporal_concept_drift,feature;graph;recent,protocol_one_hot,6,mechanism_declared,mechanism_declared,contract,none,protocol_one_hot,none,temporal_concept_drift,NOT_APPLICABLE,CPU_TINY_THEN_GPU_FULL,UNKNOWN_UNTIL_PILOT,BLOCKED_RESOURCE_UNMEASURED,mechanism_manifest+predictions+validation,NONE_TINY;GPU_FULL_SEPARATE_AUTHORITY,FULL_MUST_RUN,L4-H1;L4-H7
run-cfe686d0e1f9eaaf0007345a,controlled_synthetic,base_plus_temporal_concept_drift,temporal_concept_drift,feature;graph;recent,flat_contract_mlp,6,mechanism_declared,mechanism_declared,contract,none,flat,none,temporal_concept_drift,NOT_APPLICABLE,CPU_TINY_THEN_GPU_FULL,UNKNOWN_UNTIL_PILOT,BLOCKED_RESOURCE_UNMEASURED,mechanism_manifest+predictions+validation,NONE_TINY;GPU_FULL_SEPARATE_AUTHORITY,STRONG_RECOMMENDED,L4-H1;L4-H7
run-f03335fb865e53024dc82129,controlled_synthetic,base_plus_temporal_concept_drift,temporal_concept_drift,feature;graph;recent,uniform_average,6,mechanism_declared,mechanism_declared,fixed,none,none,none,temporal_concept_drift,NOT_APPLICABLE,CPU_TINY_THEN_GPU_FULL,UNKNOWN_UNTIL_PILOT,BLOCKED_RESOURCE_UNMEASURED,mechanism_manifest+predictions+validation,NONE_TINY;GPU_FULL_SEPARATE_AUTHORITY,STRONG_RECOMMENDED,L4-H1;L4-H7
run-65ffa73739ae08ba55df6cee,controlled_synthetic,base_plus_temporal_concept_drift,temporal_concept_drift,feature;graph;recent,coregraph,7,mechanism_declared,mechanism_declared,hierarchical,none,none,none,temporal_concept_drift,NOT_APPLICABLE,CPU_TINY_THEN_GPU_FULL,UNKNOWN_UNTIL_PILOT,BLOCKED_RESOURCE_UNMEASURED,mechanism_manifest+predictions+validation,NONE_TINY;GPU_FULL_SEPARATE_AUTHORITY,FULL_MUST_RUN,L4-H1;L4-H7
run-132c6221a95945105a3ebcf5,controlled_synthetic,base_plus_temporal_concept_drift,temporal_concept_drift,feature;graph;recent,protocol_one_hot,7,mechanism_declared,mechanism_declared,contract,none,protocol_one_hot,none,temporal_concept_drift,NOT_APPLICABLE,CPU_TINY_THEN_GPU_FULL,UNKNOWN_UNTIL_PILOT,BLOCKED_RESOURCE_UNMEASURED,mechanism_manifest+predictions+validation,NONE_TINY;GPU_FULL_SEPARATE_AUTHORITY,FULL_MUST_RUN,L4-H1;L4-H7
run-de28226d33c46b23e6d9014f,controlled_synthetic,base_plus_temporal_concept_drift,temporal_concept_drift,feature;graph;recent,flat_contract_mlp,7,mechanism_declared,mechanism_declared,contract,none,flat,none,temporal_concept_drift,NOT_APPLICABLE,CPU_TINY_THEN_GPU_FULL,UNKNOWN_UNTIL_PILOT,BLOCKED_RESOURCE_UNMEASURED,mechanism_manifest+predictions+validation,NONE_TINY;GPU_FULL_SEPARATE_AUTHORITY,STRONG_RECOMMENDED,L4-H1;L4-H7
run-6538b38a3fdd1a005ecefff1,controlled_synthetic,base_plus_temporal_concept_drift,temporal_concept_drift,feature;graph;recent,uniform_average,7,mechanism_declared,mechanism_declared,fixed,none,none,none,temporal_concept_drift,NOT_APPLICABLE,CPU_TINY_THEN_GPU_FULL,UNKNOWN_UNTIL_PILOT,BLOCKED_RESOURCE_UNMEASURED,mechanism_manifest+predictions+validation,NONE_TINY;GPU_FULL_SEPARATE_AUTHORITY,STRONG_RECOMMENDED,L4-H1;L4-H7
run-d42eb2f4fad9b72f659f2330,controlled_synthetic,base_plus_temporal_concept_drift,temporal_concept_drift,feature;graph;recent,coregraph,8,mechanism_declared,mechanism_declared,hierarchical,none,none,none,temporal_concept_drift,NOT_APPLICABLE,CPU_TINY_THEN_GPU_FULL,UNKNOWN_UNTIL_PILOT,BLOCKED_RESOURCE_UNMEASURED,mechanism_manifest+predictions+validation,NONE_TINY;GPU_FULL_SEPARATE_AUTHORITY,FULL_MUST_RUN,L4-H1;L4-H7
run-be7280cc5a30a09181e118c5,controlled_synthetic,base_plus_temporal_concept_drift,temporal_concept_drift,feature;graph;recent,protocol_one_hot,8,mechanism_declared,mechanism_declared,contract,none,protocol_one_hot,none,temporal_concept_drift,NOT_APPLICABLE,CPU_TINY_THEN_GPU_FULL,UNKNOWN_UNTIL_PILOT,BLOCKED_RESOURCE_UNMEASURED,mechanism_manifest+predictions+validation,NONE_TINY;GPU_FULL_SEPARATE_AUTHORITY,FULL_MUST_RUN,L4-H1;L4-H7
run-94202bf172ffbaeb5c6e5368,controlled_synthetic,base_plus_temporal_concept_drift,temporal_concept_drift,feature;graph;recent,flat_contract_mlp,8,mechanism_declared,mechanism_declared,contract,none,flat,none,temporal_concept_drift,NOT_APPLICABLE,CPU_TINY_THEN_GPU_FULL,UNKNOWN_UNTIL_PILOT,BLOCKED_RESOURCE_UNMEASURED,mechanism_manifest+predictions+validation,NONE_TINY;GPU_FULL_SEPARATE_AUTHORITY,STRONG_RECOMMENDED,L4-H1;L4-H7
run-4f3209aeafde55654795d482,controlled_synthetic,base_plus_temporal_concept_drift,temporal_concept_drift,feature;graph;recent,uniform_average,8,mechanism_declared,mechanism_declared,fixed,none,none,none,temporal_concept_drift,NOT_APPLICABLE,CPU_TINY_THEN_GPU_FULL,UNKNOWN_UNTIL_PILOT,BLOCKED_RESOURCE_UNMEASURED,mechanism_manifest+predictions+validation,NONE_TINY;GPU_FULL_SEPARATE_AUTHORITY,STRONG_RECOMMENDED,L4-H1;L4-H7
run-099606228a59d656ede82ecf,controlled_synthetic,base_plus_temporal_concept_drift,temporal_concept_drift,feature;graph;recent,coregraph,9,mechanism_declared,mechanism_declared,hierarchical,none,none,none,temporal_concept_drift,NOT_APPLICABLE,CPU_TINY_THEN_GPU_FULL,UNKNOWN_UNTIL_PILOT,BLOCKED_RESOURCE_UNMEASURED,mechanism_manifest+predictions+validation,NONE_TINY;GPU_FULL_SEPARATE_AUTHORITY,FULL_MUST_RUN,L4-H1;L4-H7
run-a66dcd82c5f2fa9c11a201fa,controlled_synthetic,base_plus_temporal_concept_drift,temporal_concept_drift,feature;graph;recent,protocol_one_hot,9,mechanism_declared,mechanism_declared,contract,none,protocol_one_hot,none,temporal_concept_drift,NOT_APPLICABLE,CPU_TINY_THEN_GPU_FULL,UNKNOWN_UNTIL_PILOT,BLOCKED_RESOURCE_UNMEASURED,mechanism_manifest+predictions+validation,NONE_TINY;GPU_FULL_SEPARATE_AUTHORITY,FULL_MUST_RUN,L4-H1;L4-H7
run-de71423f275762869711ea59,controlled_synthetic,base_plus_temporal_concept_drift,temporal_concept_drift,feature;graph;recent,flat_contract_mlp,9,mechanism_declared,mechanism_declared,contract,none,flat,none,temporal_concept_drift,NOT_APPLICABLE,CPU_TINY_THEN_GPU_FULL,UNKNOWN_UNTIL_PILOT,BLOCKED_RESOURCE_UNMEASURED,mechanism_manifest+predictions+validation,NONE_TINY;GPU_FULL_SEPARATE_AUTHORITY,STRONG_RECOMMENDED,L4-H1;L4-H7
run-d73a8b0a8a005e9c64ecde0b,controlled_synthetic,base_plus_temporal_concept_drift,temporal_concept_drift,feature;graph;recent,uniform_average,9,mechanism_declared,mechanism_declared,fixed,none,none,none,temporal_concept_drift,NOT_APPLICABLE,CPU_TINY_THEN_GPU_FULL,UNKNOWN_UNTIL_PILOT,BLOCKED_RESOURCE_UNMEASURED,mechanism_manifest+predictions+validation,NONE_TINY;GPU_FULL_SEPARATE_AUTHORITY,STRONG_RECOMMENDED,L4-H1;L4-H7
run-31635bc36581d3d08d66a386,controlled_synthetic,base_plus_temporal_concept_drift,temporal_concept_drift,feature;graph;recent,coregraph,10,mechanism_declared,mechanism_declared,hierarchical,none,none,none,temporal_concept_drift,NOT_APPLICABLE,CPU_TINY_THEN_GPU_FULL,UNKNOWN_UNTIL_PILOT,BLOCKED_RESOURCE_UNMEASURED,mechanism_manifest+predictions+validation,NONE_TINY;GPU_FULL_SEPARATE_AUTHORITY,FULL_MUST_RUN,L4-H1;L4-H7
run-08ac4b6add60c5be43f69a3c,controlled_synthetic,base_plus_temporal_concept_drift,temporal_concept_drift,feature;graph;recent,protocol_one_hot,10,mechanism_declared,mechanism_declared,contract,none,protocol_one_hot,none,temporal_concept_drift,NOT_APPLICABLE,CPU_TINY_THEN_GPU_FULL,UNKNOWN_UNTIL_PILOT,BLOCKED_RESOURCE_UNMEASURED,mechanism_manifest+predictions+validation,NONE_TINY;GPU_FULL_SEPARATE_AUTHORITY,FULL_MUST_RUN,L4-H1;L4-H7
run-89458a4fd3c8d7c95c5e8285,controlled_synthetic,base_plus_temporal_concept_drift,temporal_concept_drift,feature;graph;recent,flat_contract_mlp,10,mechanism_declared,mechanism_declared,contract,none,flat,none,temporal_concept_drift,NOT_APPLICABLE,CPU_TINY_THEN_GPU_FULL,UNKNOWN_UNTIL_PILOT,BLOCKED_RESOURCE_UNMEASURED,mechanism_manifest+predictions+validation,NONE_TINY;GPU_FULL_SEPARATE_AUTHORITY,STRONG_RECOMMENDED,L4-H1;L4-H7
run-1ebfd0e9f77a856350ae7d46,controlled_synthetic,base_plus_temporal_concept_drift,temporal_concept_drift,feature;graph;recent,uniform_average,10,mechanism_declared,mechanism_declared,fixed,none,none,none,temporal_concept_drift,NOT_APPLICABLE,CPU_TINY_THEN_GPU_FULL,UNKNOWN_UNTIL_PILOT,BLOCKED_RESOURCE_UNMEASURED,mechanism_manifest+predictions+validation,NONE_TINY;GPU_FULL_SEPARATE_AUTHORITY,STRONG_RECOMMENDED,L4-H1;L4-H7
run-ee60044ef699792d2edb3a5c,controlled_synthetic,base_plus_delayed_labels,delayed_labels,feature;graph;recent,coregraph,1,mechanism_declared,mechanism_declared,hierarchical,none,none,none,delayed_labels,NOT_APPLICABLE,CPU_TINY_THEN_GPU_FULL,UNKNOWN_UNTIL_PILOT,BLOCKED_RESOURCE_UNMEASURED,mechanism_manifest+predictions+validation,NONE_TINY;GPU_FULL_SEPARATE_AUTHORITY,FULL_MUST_RUN,L4-H1;L4-H7
run-40973dbc8402dfdb0243804a,controlled_synthetic,base_plus_delayed_labels,delayed_labels,feature;graph;recent,protocol_one_hot,1,mechanism_declared,mechanism_declared,contract,none,protocol_one_hot,none,delayed_labels,NOT_APPLICABLE,CPU_TINY_THEN_GPU_FULL,UNKNOWN_UNTIL_PILOT,BLOCKED_RESOURCE_UNMEASURED,mechanism_manifest+predictions+validation,NONE_TINY;GPU_FULL_SEPARATE_AUTHORITY,FULL_MUST_RUN,L4-H1;L4-H7
run-e905fb2b8f29cdc091e5b362,controlled_synthetic,base_plus_delayed_labels,delayed_labels,feature;graph;recent,flat_contract_mlp,1,mechanism_declared,mechanism_declared,contract,none,flat,none,delayed_labels,NOT_APPLICABLE,CPU_TINY_THEN_GPU_FULL,UNKNOWN_UNTIL_PILOT,BLOCKED_RESOURCE_UNMEASURED,mechanism_manifest+predictions+validation,NONE_TINY;GPU_FULL_SEPARATE_AUTHORITY,STRONG_RECOMMENDED,L4-H1;L4-H7
run-dfa879ce0bb9b2010d5afec2,controlled_synthetic,base_plus_delayed_labels,delayed_labels,feature;graph;recent,uniform_average,1,mechanism_declared,mechanism_declared,fixed,none,none,none,delayed_labels,NOT_APPLICABLE,CPU_TINY_THEN_GPU_FULL,UNKNOWN_UNTIL_PILOT,BLOCKED_RESOURCE_UNMEASURED,mechanism_manifest+predictions+validation,NONE_TINY;GPU_FULL_SEPARATE_AUTHORITY,STRONG_RECOMMENDED,L4-H1;L4-H7
run-d4c70de4606a9f0af7dd4ff4,controlled_synthetic,base_plus_delayed_labels,delayed_labels,feature;graph;recent,coregraph,2,mechanism_declared,mechanism_declared,hierarchical,none,none,none,delayed_labels,NOT_APPLICABLE,CPU_TINY_THEN_GPU_FULL,UNKNOWN_UNTIL_PILOT,BLOCKED_RESOURCE_UNMEASURED,mechanism_manifest+predictions+validation,NONE_TINY;GPU_FULL_SEPARATE_AUTHORITY,FULL_MUST_RUN,L4-H1;L4-H7
run-a8ec3d26659f7405f2cab5fb,controlled_synthetic,base_plus_delayed_labels,delayed_labels,feature;graph;recent,protocol_one_hot,2,mechanism_declared,mechanism_declared,contract,none,protocol_one_hot,none,delayed_labels,NOT_APPLICABLE,CPU_TINY_THEN_GPU_FULL,UNKNOWN_UNTIL_PILOT,BLOCKED_RESOURCE_UNMEASURED,mechanism_manifest+predictions+validation,NONE_TINY;GPU_FULL_SEPARATE_AUTHORITY,FULL_MUST_RUN,L4-H1;L4-H7
run-3d00132ffda5335ba0c22044,controlled_synthetic,base_plus_delayed_labels,delayed_labels,feature;graph;recent,flat_contract_mlp,2,mechanism_declared,mechanism_declared,contract,none,flat,none,delayed_labels,NOT_APPLICABLE,CPU_TINY_THEN_GPU_FULL,UNKNOWN_UNTIL_PILOT,BLOCKED_RESOURCE_UNMEASURED,mechanism_manifest+predictions+validation,NONE_TINY;GPU_FULL_SEPARATE_AUTHORITY,STRONG_RECOMMENDED,L4-H1;L4-H7
run-9105ec879411062f948422eb,controlled_synthetic,base_plus_delayed_labels,delayed_labels,feature;graph;recent,uniform_average,2,mechanism_declared,mechanism_declared,fixed,none,none,none,delayed_labels,NOT_APPLICABLE,CPU_TINY_THEN_GPU_FULL,UNKNOWN_UNTIL_PILOT,BLOCKED_RESOURCE_UNMEASURED,mechanism_manifest+predictions+validation,NONE_TINY;GPU_FULL_SEPARATE_AUTHORITY,STRONG_RECOMMENDED,L4-H1;L4-H7
run-9f7d5e5038301ea0489736de,controlled_synthetic,base_plus_delayed_labels,delayed_labels,feature;graph;recent,coregraph,3,mechanism_declared,mechanism_declared,hierarchical,none,none,none,delayed_labels,NOT_APPLICABLE,CPU_TINY_THEN_GPU_FULL,UNKNOWN_UNTIL_PILOT,BLOCKED_RESOURCE_UNMEASURED,mechanism_manifest+predictions+validation,NONE_TINY;GPU_FULL_SEPARATE_AUTHORITY,FULL_MUST_RUN,L4-H1;L4-H7
run-d88a7c3c78ca8a0154611f9e,controlled_synthetic,base_plus_delayed_labels,delayed_labels,feature;graph;recent,protocol_one_hot,3,mechanism_declared,mechanism_declared,contract,none,protocol_one_hot,none,delayed_labels,NOT_APPLICABLE,CPU_TINY_THEN_GPU_FULL,UNKNOWN_UNTIL_PILOT,BLOCKED_RESOURCE_UNMEASURED,mechanism_manifest+predictions+validation,NONE_TINY;GPU_FULL_SEPARATE_AUTHORITY,FULL_MUST_RUN,L4-H1;L4-H7
run-5a24e6656296420903dab6f7,controlled_synthetic,base_plus_delayed_labels,delayed_labels,feature;graph;recent,flat_contract_mlp,3,mechanism_declared,mechanism_declared,contract,none,flat,none,delayed_labels,NOT_APPLICABLE,CPU_TINY_THEN_GPU_FULL,UNKNOWN_UNTIL_PILOT,BLOCKED_RESOURCE_UNMEASURED,mechanism_manifest+predictions+validation,NONE_TINY;GPU_FULL_SEPARATE_AUTHORITY,STRONG_RECOMMENDED,L4-H1;L4-H7
run-542202cc7b9a4f9a1fc3e824,controlled_synthetic,base_plus_delayed_labels,delayed_labels,feature;graph;recent,uniform_average,3,mechanism_declared,mechanism_declared,fixed,none,none,none,delayed_labels,NOT_APPLICABLE,CPU_TINY_THEN_GPU_FULL,UNKNOWN_UNTIL_PILOT,BLOCKED_RESOURCE_UNMEASURED,mechanism_manifest+predictions+validation,NONE_TINY;GPU_FULL_SEPARATE_AUTHORITY,STRONG_RECOMMENDED,L4-H1;L4-H7
run-33565ab727d8aefd7f7981b8,controlled_synthetic,base_plus_delayed_labels,delayed_labels,feature;graph;recent,coregraph,4,mechanism_declared,mechanism_declared,hierarchical,none,none,none,delayed_labels,NOT_APPLICABLE,CPU_TINY_THEN_GPU_FULL,UNKNOWN_UNTIL_PILOT,BLOCKED_RESOURCE_UNMEASURED,mechanism_manifest+predictions+validation,NONE_TINY;GPU_FULL_SEPARATE_AUTHORITY,FULL_MUST_RUN,L4-H1;L4-H7
run-82412de9a89623edf96967c4,controlled_synthetic,base_plus_delayed_labels,delayed_labels,feature;graph;recent,protocol_one_hot,4,mechanism_declared,mechanism_declared,contract,none,protocol_one_hot,none,delayed_labels,NOT_APPLICABLE,CPU_TINY_THEN_GPU_FULL,UNKNOWN_UNTIL_PILOT,BLOCKED_RESOURCE_UNMEASURED,mechanism_manifest+predictions+validation,NONE_TINY;GPU_FULL_SEPARATE_AUTHORITY,FULL_MUST_RUN,L4-H1;L4-H7
run-733c0c5a97952add4a98db7c,controlled_synthetic,base_plus_delayed_labels,delayed_labels,feature;graph;recent,flat_contract_mlp,4,mechanism_declared,mechanism_declared,contract,none,flat,none,delayed_labels,NOT_APPLICABLE,CPU_TINY_THEN_GPU_FULL,UNKNOWN_UNTIL_PILOT,BLOCKED_RESOURCE_UNMEASURED,mechanism_manifest+predictions+validation,NONE_TINY;GPU_FULL_SEPARATE_AUTHORITY,STRONG_RECOMMENDED,L4-H1;L4-H7
run-72c1d842266e334335baf502,controlled_synthetic,base_plus_delayed_labels,delayed_labels,feature;graph;recent,uniform_average,4,mechanism_declared,mechanism_declared,fixed,none,none,none,delayed_labels,NOT_APPLICABLE,CPU_TINY_THEN_GPU_FULL,UNKNOWN_UNTIL_PILOT,BLOCKED_RESOURCE_UNMEASURED,mechanism_manifest+predictions+validation,NONE_TINY;GPU_FULL_SEPARATE_AUTHORITY,STRONG_RECOMMENDED,L4-H1;L4-H7
run-46ba48715af0ed54f60e3a86,controlled_synthetic,base_plus_delayed_labels,delayed_labels,feature;graph;recent,coregraph,5,mechanism_declared,mechanism_declared,hierarchical,none,none,none,delayed_labels,NOT_APPLICABLE,CPU_TINY_THEN_GPU_FULL,UNKNOWN_UNTIL_PILOT,BLOCKED_RESOURCE_UNMEASURED,mechanism_manifest+predictions+validation,NONE_TINY;GPU_FULL_SEPARATE_AUTHORITY,FULL_MUST_RUN,L4-H1;L4-H7
run-5fb64c3fcf243dcd3e1fc813,controlled_synthetic,base_plus_delayed_labels,delayed_labels,feature;graph;recent,protocol_one_hot,5,mechanism_declared,mechanism_declared,contract,none,protocol_one_hot,none,delayed_labels,NOT_APPLICABLE,CPU_TINY_THEN_GPU_FULL,UNKNOWN_UNTIL_PILOT,BLOCKED_RESOURCE_UNMEASURED,mechanism_manifest+predictions+validation,NONE_TINY;GPU_FULL_SEPARATE_AUTHORITY,FULL_MUST_RUN,L4-H1;L4-H7
run-920cd34423318a248fe83dfa,controlled_synthetic,base_plus_delayed_labels,delayed_labels,feature;graph;recent,flat_contract_mlp,5,mechanism_declared,mechanism_declared,contract,none,flat,none,delayed_labels,NOT_APPLICABLE,CPU_TINY_THEN_GPU_FULL,UNKNOWN_UNTIL_PILOT,BLOCKED_RESOURCE_UNMEASURED,mechanism_manifest+predictions+validation,NONE_TINY;GPU_FULL_SEPARATE_AUTHORITY,STRONG_RECOMMENDED,L4-H1;L4-H7
run-04b09040e25b92b4d740917a,controlled_synthetic,base_plus_delayed_labels,delayed_labels,feature;graph;recent,uniform_average,5,mechanism_declared,mechanism_declared,fixed,none,none,none,delayed_labels,NOT_APPLICABLE,CPU_TINY_THEN_GPU_FULL,UNKNOWN_UNTIL_PILOT,BLOCKED_RESOURCE_UNMEASURED,mechanism_manifest+predictions+validation,NONE_TINY;GPU_FULL_SEPARATE_AUTHORITY,STRONG_RECOMMENDED,L4-H1;L4-H7
run-d4848152bf5164b687cee5a6,controlled_synthetic,base_plus_delayed_labels,delayed_labels,feature;graph;recent,coregraph,6,mechanism_declared,mechanism_declared,hierarchical,none,none,none,delayed_labels,NOT_APPLICABLE,CPU_TINY_THEN_GPU_FULL,UNKNOWN_UNTIL_PILOT,BLOCKED_RESOURCE_UNMEASURED,mechanism_manifest+predictions+validation,NONE_TINY;GPU_FULL_SEPARATE_AUTHORITY,FULL_MUST_RUN,L4-H1;L4-H7
run-805f40bb2e6fb47a71f3e3c7,controlled_synthetic,base_plus_delayed_labels,delayed_labels,feature;graph;recent,protocol_one_hot,6,mechanism_declared,mechanism_declared,contract,none,protocol_one_hot,none,delayed_labels,NOT_APPLICABLE,CPU_TINY_THEN_GPU_FULL,UNKNOWN_UNTIL_PILOT,BLOCKED_RESOURCE_UNMEASURED,mechanism_manifest+predictions+validation,NONE_TINY;GPU_FULL_SEPARATE_AUTHORITY,FULL_MUST_RUN,L4-H1;L4-H7
run-b1fe0ac8d26d1d07f72da172,controlled_synthetic,base_plus_delayed_labels,delayed_labels,feature;graph;recent,flat_contract_mlp,6,mechanism_declared,mechanism_declared,contract,none,flat,none,delayed_labels,NOT_APPLICABLE,CPU_TINY_THEN_GPU_FULL,UNKNOWN_UNTIL_PILOT,BLOCKED_RESOURCE_UNMEASURED,mechanism_manifest+predictions+validation,NONE_TINY;GPU_FULL_SEPARATE_AUTHORITY,STRONG_RECOMMENDED,L4-H1;L4-H7
run-3254b74703c85e6c3262ebc4,controlled_synthetic,base_plus_delayed_labels,delayed_labels,feature;graph;recent,uniform_average,6,mechanism_declared,mechanism_declared,fixed,none,none,none,delayed_labels,NOT_APPLICABLE,CPU_TINY_THEN_GPU_FULL,UNKNOWN_UNTIL_PILOT,BLOCKED_RESOURCE_UNMEASURED,mechanism_manifest+predictions+validation,NONE_TINY;GPU_FULL_SEPARATE_AUTHORITY,STRONG_RECOMMENDED,L4-H1;L4-H7
run-c47004726e9abcc600a1a149,controlled_synthetic,base_plus_delayed_labels,delayed_labels,feature;graph;recent,coregraph,7,mechanism_declared,mechanism_declared,hierarchical,none,none,none,delayed_labels,NOT_APPLICABLE,CPU_TINY_THEN_GPU_FULL,UNKNOWN_UNTIL_PILOT,BLOCKED_RESOURCE_UNMEASURED,mechanism_manifest+predictions+validation,NONE_TINY;GPU_FULL_SEPARATE_AUTHORITY,FULL_MUST_RUN,L4-H1;L4-H7
run-4fd043b12a9d05b6be5f849d,controlled_synthetic,base_plus_delayed_labels,delayed_labels,feature;graph;recent,protocol_one_hot,7,mechanism_declared,mechanism_declared,contract,none,protocol_one_hot,none,delayed_labels,NOT_APPLICABLE,CPU_TINY_THEN_GPU_FULL,UNKNOWN_UNTIL_PILOT,BLOCKED_RESOURCE_UNMEASURED,mechanism_manifest+predictions+validation,NONE_TINY;GPU_FULL_SEPARATE_AUTHORITY,FULL_MUST_RUN,L4-H1;L4-H7
run-5b5b7d44ad6dc5e467bbf3d6,controlled_synthetic,base_plus_delayed_labels,delayed_labels,feature;graph;recent,flat_contract_mlp,7,mechanism_declared,mechanism_declared,contract,none,flat,none,delayed_labels,NOT_APPLICABLE,CPU_TINY_THEN_GPU_FULL,UNKNOWN_UNTIL_PILOT,BLOCKED_RESOURCE_UNMEASURED,mechanism_manifest+predictions+validation,NONE_TINY;GPU_FULL_SEPARATE_AUTHORITY,STRONG_RECOMMENDED,L4-H1;L4-H7
run-ad90cc057099f818ebed6da1,controlled_synthetic,base_plus_delayed_labels,delayed_labels,feature;graph;recent,uniform_average,7,mechanism_declared,mechanism_declared,fixed,none,none,none,delayed_labels,NOT_APPLICABLE,CPU_TINY_THEN_GPU_FULL,UNKNOWN_UNTIL_PILOT,BLOCKED_RESOURCE_UNMEASURED,mechanism_manifest+predictions+validation,NONE_TINY;GPU_FULL_SEPARATE_AUTHORITY,STRONG_RECOMMENDED,L4-H1;L4-H7
run-c449885c9bcd449b0c85135d,controlled_synthetic,base_plus_delayed_labels,delayed_labels,feature;graph;recent,coregraph,8,mechanism_declared,mechanism_declared,hierarchical,none,none,none,delayed_labels,NOT_APPLICABLE,CPU_TINY_THEN_GPU_FULL,UNKNOWN_UNTIL_PILOT,BLOCKED_RESOURCE_UNMEASURED,mechanism_manifest+predictions+validation,NONE_TINY;GPU_FULL_SEPARATE_AUTHORITY,FULL_MUST_RUN,L4-H1;L4-H7
run-c56b29e41c19f9ced536733a,controlled_synthetic,base_plus_delayed_labels,delayed_labels,feature;graph;recent,protocol_one_hot,8,mechanism_declared,mechanism_declared,contract,none,protocol_one_hot,none,delayed_labels,NOT_APPLICABLE,CPU_TINY_THEN_GPU_FULL,UNKNOWN_UNTIL_PILOT,BLOCKED_RESOURCE_UNMEASURED,mechanism_manifest+predictions+validation,NONE_TINY;GPU_FULL_SEPARATE_AUTHORITY,FULL_MUST_RUN,L4-H1;L4-H7
run-0872a8e2ba427a238b05efda,controlled_synthetic,base_plus_delayed_labels,delayed_labels,feature;graph;recent,flat_contract_mlp,8,mechanism_declared,mechanism_declared,contract,none,flat,none,delayed_labels,NOT_APPLICABLE,CPU_TINY_THEN_GPU_FULL,UNKNOWN_UNTIL_PILOT,BLOCKED_RESOURCE_UNMEASURED,mechanism_manifest+predictions+validation,NONE_TINY;GPU_FULL_SEPARATE_AUTHORITY,STRONG_RECOMMENDED,L4-H1;L4-H7
run-6973e49f6d186f42f4353ff6,controlled_synthetic,base_plus_delayed_labels,delayed_labels,feature;graph;recent,uniform_average,8,mechanism_declared,mechanism_declared,fixed,none,none,none,delayed_labels,NOT_APPLICABLE,CPU_TINY_THEN_GPU_FULL,UNKNOWN_UNTIL_PILOT,BLOCKED_RESOURCE_UNMEASURED,mechanism_manifest+predictions+validation,NONE_TINY;GPU_FULL_SEPARATE_AUTHORITY,STRONG_RECOMMENDED,L4-H1;L4-H7
run-7a3674867e71b813cc904693,controlled_synthetic,base_plus_delayed_labels,delayed_labels,feature;graph;recent,coregraph,9,mechanism_declared,mechanism_declared,hierarchical,none,none,none,delayed_labels,NOT_APPLICABLE,CPU_TINY_THEN_GPU_FULL,UNKNOWN_UNTIL_PILOT,BLOCKED_RESOURCE_UNMEASURED,mechanism_manifest+predictions+validation,NONE_TINY;GPU_FULL_SEPARATE_AUTHORITY,FULL_MUST_RUN,L4-H1;L4-H7
run-1dbad16e1019cd367c23ee72,controlled_synthetic,base_plus_delayed_labels,delayed_labels,feature;graph;recent,protocol_one_hot,9,mechanism_declared,mechanism_declared,contract,none,protocol_one_hot,none,delayed_labels,NOT_APPLICABLE,CPU_TINY_THEN_GPU_FULL,UNKNOWN_UNTIL_PILOT,BLOCKED_RESOURCE_UNMEASURED,mechanism_manifest+predictions+validation,NONE_TINY;GPU_FULL_SEPARATE_AUTHORITY,FULL_MUST_RUN,L4-H1;L4-H7
run-49024b11df1c8ab57db76b92,controlled_synthetic,base_plus_delayed_labels,delayed_labels,feature;graph;recent,flat_contract_mlp,9,mechanism_declared,mechanism_declared,contract,none,flat,none,delayed_labels,NOT_APPLICABLE,CPU_TINY_THEN_GPU_FULL,UNKNOWN_UNTIL_PILOT,BLOCKED_RESOURCE_UNMEASURED,mechanism_manifest+predictions+validation,NONE_TINY;GPU_FULL_SEPARATE_AUTHORITY,STRONG_RECOMMENDED,L4-H1;L4-H7
run-9d7a17a5b8da7cb2066b68a9,controlled_synthetic,base_plus_delayed_labels,delayed_labels,feature;graph;recent,uniform_average,9,mechanism_declared,mechanism_declared,fixed,none,none,none,delayed_labels,NOT_APPLICABLE,CPU_TINY_THEN_GPU_FULL,UNKNOWN_UNTIL_PILOT,BLOCKED_RESOURCE_UNMEASURED,mechanism_manifest+predictions+validation,NONE_TINY;GPU_FULL_SEPARATE_AUTHORITY,STRONG_RECOMMENDED,L4-H1;L4-H7
run-07e134efd1a9474dac8a6770,controlled_synthetic,base_plus_delayed_labels,delayed_labels,feature;graph;recent,coregraph,10,mechanism_declared,mechanism_declared,hierarchical,none,none,none,delayed_labels,NOT_APPLICABLE,CPU_TINY_THEN_GPU_FULL,UNKNOWN_UNTIL_PILOT,BLOCKED_RESOURCE_UNMEASURED,mechanism_manifest+predictions+validation,NONE_TINY;GPU_FULL_SEPARATE_AUTHORITY,FULL_MUST_RUN,L4-H1;L4-H7
run-ed021b0e7235890683d15f39,controlled_synthetic,base_plus_delayed_labels,delayed_labels,feature;graph;recent,protocol_one_hot,10,mechanism_declared,mechanism_declared,contract,none,protocol_one_hot,none,delayed_labels,NOT_APPLICABLE,CPU_TINY_THEN_GPU_FULL,UNKNOWN_UNTIL_PILOT,BLOCKED_RESOURCE_UNMEASURED,mechanism_manifest+predictions+validation,NONE_TINY;GPU_FULL_SEPARATE_AUTHORITY,FULL_MUST_RUN,L4-H1;L4-H7
run-03335939d96c1be978234c5e,controlled_synthetic,base_plus_delayed_labels,delayed_labels,feature;graph;recent,flat_contract_mlp,10,mechanism_declared,mechanism_declared,contract,none,flat,none,delayed_labels,NOT_APPLICABLE,CPU_TINY_THEN_GPU_FULL,UNKNOWN_UNTIL_PILOT,BLOCKED_RESOURCE_UNMEASURED,mechanism_manifest+predictions+validation,NONE_TINY;GPU_FULL_SEPARATE_AUTHORITY,STRONG_RECOMMENDED,L4-H1;L4-H7
run-7fe3b1ad11f9b9aafa10466b,controlled_synthetic,base_plus_delayed_labels,delayed_labels,feature;graph;recent,uniform_average,10,mechanism_declared,mechanism_declared,fixed,none,none,none,delayed_labels,NOT_APPLICABLE,CPU_TINY_THEN_GPU_FULL,UNKNOWN_UNTIL_PILOT,BLOCKED_RESOURCE_UNMEASURED,mechanism_manifest+predictions+validation,NONE_TINY;GPU_FULL_SEPARATE_AUTHORITY,STRONG_RECOMMENDED,L4-H1;L4-H7
run-f61798cb6eb74409185f8bc8,controlled_synthetic,base_plus_neighbourhood_truncation,neighbourhood_truncation,feature;graph;recent,coregraph,1,mechanism_declared,mechanism_declared,hierarchical,none,none,none,neighbourhood_truncation,NOT_APPLICABLE,CPU_TINY_THEN_GPU_FULL,UNKNOWN_UNTIL_PILOT,BLOCKED_RESOURCE_UNMEASURED,mechanism_manifest+predictions+validation,NONE_TINY;GPU_FULL_SEPARATE_AUTHORITY,FULL_MUST_RUN,L4-H1;L4-H7
run-7dbbd3bf0f56a28cd5a7bafe,controlled_synthetic,base_plus_neighbourhood_truncation,neighbourhood_truncation,feature;graph;recent,protocol_one_hot,1,mechanism_declared,mechanism_declared,contract,none,protocol_one_hot,none,neighbourhood_truncation,NOT_APPLICABLE,CPU_TINY_THEN_GPU_FULL,UNKNOWN_UNTIL_PILOT,BLOCKED_RESOURCE_UNMEASURED,mechanism_manifest+predictions+validation,NONE_TINY;GPU_FULL_SEPARATE_AUTHORITY,FULL_MUST_RUN,L4-H1;L4-H7
run-b20e9e2b4fb013d709f5bd55,controlled_synthetic,base_plus_neighbourhood_truncation,neighbourhood_truncation,feature;graph;recent,flat_contract_mlp,1,mechanism_declared,mechanism_declared,contract,none,flat,none,neighbourhood_truncation,NOT_APPLICABLE,CPU_TINY_THEN_GPU_FULL,UNKNOWN_UNTIL_PILOT,BLOCKED_RESOURCE_UNMEASURED,mechanism_manifest+predictions+validation,NONE_TINY;GPU_FULL_SEPARATE_AUTHORITY,STRONG_RECOMMENDED,L4-H1;L4-H7
run-875616909e48b2a7efd5c69c,controlled_synthetic,base_plus_neighbourhood_truncation,neighbourhood_truncation,feature;graph;recent,uniform_average,1,mechanism_declared,mechanism_declared,fixed,none,none,none,neighbourhood_truncation,NOT_APPLICABLE,CPU_TINY_THEN_GPU_FULL,UNKNOWN_UNTIL_PILOT,BLOCKED_RESOURCE_UNMEASURED,mechanism_manifest+predictions+validation,NONE_TINY;GPU_FULL_SEPARATE_AUTHORITY,STRONG_RECOMMENDED,L4-H1;L4-H7
run-e0d3c66d322791bbc47817ae,controlled_synthetic,base_plus_neighbourhood_truncation,neighbourhood_truncation,feature;graph;recent,coregraph,2,mechanism_declared,mechanism_declared,hierarchical,none,none,none,neighbourhood_truncation,NOT_APPLICABLE,CPU_TINY_THEN_GPU_FULL,UNKNOWN_UNTIL_PILOT,BLOCKED_RESOURCE_UNMEASURED,mechanism_manifest+predictions+validation,NONE_TINY;GPU_FULL_SEPARATE_AUTHORITY,FULL_MUST_RUN,L4-H1;L4-H7
run-8e91408536dcf301ab4034bd,controlled_synthetic,base_plus_neighbourhood_truncation,neighbourhood_truncation,feature;graph;recent,protocol_one_hot,2,mechanism_declared,mechanism_declared,contract,none,protocol_one_hot,none,neighbourhood_truncation,NOT_APPLICABLE,CPU_TINY_THEN_GPU_FULL,UNKNOWN_UNTIL_PILOT,BLOCKED_RESOURCE_UNMEASURED,mechanism_manifest+predictions+validation,NONE_TINY;GPU_FULL_SEPARATE_AUTHORITY,FULL_MUST_RUN,L4-H1;L4-H7
run-e3d0945c26db94d2aa24521a,controlled_synthetic,base_plus_neighbourhood_truncation,neighbourhood_truncation,feature;graph;recent,flat_contract_mlp,2,mechanism_declared,mechanism_declared,contract,none,flat,none,neighbourhood_truncation,NOT_APPLICABLE,CPU_TINY_THEN_GPU_FULL,UNKNOWN_UNTIL_PILOT,BLOCKED_RESOURCE_UNMEASURED,mechanism_manifest+predictions+validation,NONE_TINY;GPU_FULL_SEPARATE_AUTHORITY,STRONG_RECOMMENDED,L4-H1;L4-H7
run-7ac5a7bfb6d3b9f60f8aafd0,controlled_synthetic,base_plus_neighbourhood_truncation,neighbourhood_truncation,feature;graph;recent,uniform_average,2,mechanism_declared,mechanism_declared,fixed,none,none,none,neighbourhood_truncation,NOT_APPLICABLE,CPU_TINY_THEN_GPU_FULL,UNKNOWN_UNTIL_PILOT,BLOCKED_RESOURCE_UNMEASURED,mechanism_manifest+predictions+validation,NONE_TINY;GPU_FULL_SEPARATE_AUTHORITY,STRONG_RECOMMENDED,L4-H1;L4-H7
run-512b6daab36d1fe9118eb3c3,controlled_synthetic,base_plus_neighbourhood_truncation,neighbourhood_truncation,feature;graph;recent,coregraph,3,mechanism_declared,mechanism_declared,hierarchical,none,none,none,neighbourhood_truncation,NOT_APPLICABLE,CPU_TINY_THEN_GPU_FULL,UNKNOWN_UNTIL_PILOT,BLOCKED_RESOURCE_UNMEASURED,mechanism_manifest+predictions+validation,NONE_TINY;GPU_FULL_SEPARATE_AUTHORITY,FULL_MUST_RUN,L4-H1;L4-H7
run-95cb7300752d56aa6a0d5947,controlled_synthetic,base_plus_neighbourhood_truncation,neighbourhood_truncation,feature;graph;recent,protocol_one_hot,3,mechanism_declared,mechanism_declared,contract,none,protocol_one_hot,none,neighbourhood_truncation,NOT_APPLICABLE,CPU_TINY_THEN_GPU_FULL,UNKNOWN_UNTIL_PILOT,BLOCKED_RESOURCE_UNMEASURED,mechanism_manifest+predictions+validation,NONE_TINY;GPU_FULL_SEPARATE_AUTHORITY,FULL_MUST_RUN,L4-H1;L4-H7
run-4bae8df2c7f1c98f0a8e97bb,controlled_synthetic,base_plus_neighbourhood_truncation,neighbourhood_truncation,feature;graph;recent,flat_contract_mlp,3,mechanism_declared,mechanism_declared,contract,none,flat,none,neighbourhood_truncation,NOT_APPLICABLE,CPU_TINY_THEN_GPU_FULL,UNKNOWN_UNTIL_PILOT,BLOCKED_RESOURCE_UNMEASURED,mechanism_manifest+predictions+validation,NONE_TINY;GPU_FULL_SEPARATE_AUTHORITY,STRONG_RECOMMENDED,L4-H1;L4-H7
run-d10a136f8d247f262e9c042f,controlled_synthetic,base_plus_neighbourhood_truncation,neighbourhood_truncation,feature;graph;recent,uniform_average,3,mechanism_declared,mechanism_declared,fixed,none,none,none,neighbourhood_truncation,NOT_APPLICABLE,CPU_TINY_THEN_GPU_FULL,UNKNOWN_UNTIL_PILOT,BLOCKED_RESOURCE_UNMEASURED,mechanism_manifest+predictions+validation,NONE_TINY;GPU_FULL_SEPARATE_AUTHORITY,STRONG_RECOMMENDED,L4-H1;L4-H7
run-b6aeb2cdd8c62155a0fe1e27,controlled_synthetic,base_plus_neighbourhood_truncation,neighbourhood_truncation,feature;graph;recent,coregraph,4,mechanism_declared,mechanism_declared,hierarchical,none,none,none,neighbourhood_truncation,NOT_APPLICABLE,CPU_TINY_THEN_GPU_FULL,UNKNOWN_UNTIL_PILOT,BLOCKED_RESOURCE_UNMEASURED,mechanism_manifest+predictions+validation,NONE_TINY;GPU_FULL_SEPARATE_AUTHORITY,FULL_MUST_RUN,L4-H1;L4-H7
run-118b167bf67522273a9bbb29,controlled_synthetic,base_plus_neighbourhood_truncation,neighbourhood_truncation,feature;graph;recent,protocol_one_hot,4,mechanism_declared,mechanism_declared,contract,none,protocol_one_hot,none,neighbourhood_truncation,NOT_APPLICABLE,CPU_TINY_THEN_GPU_FULL,UNKNOWN_UNTIL_PILOT,BLOCKED_RESOURCE_UNMEASURED,mechanism_manifest+predictions+validation,NONE_TINY;GPU_FULL_SEPARATE_AUTHORITY,FULL_MUST_RUN,L4-H1;L4-H7
run-c05ece4423757db2d8b0485d,controlled_synthetic,base_plus_neighbourhood_truncation,neighbourhood_truncation,feature;graph;recent,flat_contract_mlp,4,mechanism_declared,mechanism_declared,contract,none,flat,none,neighbourhood_truncation,NOT_APPLICABLE,CPU_TINY_THEN_GPU_FULL,UNKNOWN_UNTIL_PILOT,BLOCKED_RESOURCE_UNMEASURED,mechanism_manifest+predictions+validation,NONE_TINY;GPU_FULL_SEPARATE_AUTHORITY,STRONG_RECOMMENDED,L4-H1;L4-H7
run-8136a43d4e8e7f5ea99232fa,controlled_synthetic,base_plus_neighbourhood_truncation,neighbourhood_truncation,feature;graph;recent,uniform_average,4,mechanism_declared,mechanism_declared,fixed,none,none,none,neighbourhood_truncation,NOT_APPLICABLE,CPU_TINY_THEN_GPU_FULL,UNKNOWN_UNTIL_PILOT,BLOCKED_RESOURCE_UNMEASURED,mechanism_manifest+predictions+validation,NONE_TINY;GPU_FULL_SEPARATE_AUTHORITY,STRONG_RECOMMENDED,L4-H1;L4-H7
run-d074acb94dc17db10b1cd392,controlled_synthetic,base_plus_neighbourhood_truncation,neighbourhood_truncation,feature;graph;recent,coregraph,5,mechanism_declared,mechanism_declared,hierarchical,none,none,none,neighbourhood_truncation,NOT_APPLICABLE,CPU_TINY_THEN_GPU_FULL,UNKNOWN_UNTIL_PILOT,BLOCKED_RESOURCE_UNMEASURED,mechanism_manifest+predictions+validation,NONE_TINY;GPU_FULL_SEPARATE_AUTHORITY,FULL_MUST_RUN,L4-H1;L4-H7
run-1c332cfb6997501967c23b48,controlled_synthetic,base_plus_neighbourhood_truncation,neighbourhood_truncation,feature;graph;recent,protocol_one_hot,5,mechanism_declared,mechanism_declared,contract,none,protocol_one_hot,none,neighbourhood_truncation,NOT_APPLICABLE,CPU_TINY_THEN_GPU_FULL,UNKNOWN_UNTIL_PILOT,BLOCKED_RESOURCE_UNMEASURED,mechanism_manifest+predictions+validation,NONE_TINY;GPU_FULL_SEPARATE_AUTHORITY,FULL_MUST_RUN,L4-H1;L4-H7
run-22e4f62dd435bb43ff5167b9,controlled_synthetic,base_plus_neighbourhood_truncation,neighbourhood_truncation,feature;graph;recent,flat_contract_mlp,5,mechanism_declared,mechanism_declared,contract,none,flat,none,neighbourhood_truncation,NOT_APPLICABLE,CPU_TINY_THEN_GPU_FULL,UNKNOWN_UNTIL_PILOT,BLOCKED_RESOURCE_UNMEASURED,mechanism_manifest+predictions+validation,NONE_TINY;GPU_FULL_SEPARATE_AUTHORITY,STRONG_RECOMMENDED,L4-H1;L4-H7
run-4e1d7cd9e4a7f9250fb9d802,controlled_synthetic,base_plus_neighbourhood_truncation,neighbourhood_truncation,feature;graph;recent,uniform_average,5,mechanism_declared,mechanism_declared,fixed,none,none,none,neighbourhood_truncation,NOT_APPLICABLE,CPU_TINY_THEN_GPU_FULL,UNKNOWN_UNTIL_PILOT,BLOCKED_RESOURCE_UNMEASURED,mechanism_manifest+predictions+validation,NONE_TINY;GPU_FULL_SEPARATE_AUTHORITY,STRONG_RECOMMENDED,L4-H1;L4-H7
run-0cc8c26bd21114edb3957583,controlled_synthetic,base_plus_neighbourhood_truncation,neighbourhood_truncation,feature;graph;recent,coregraph,6,mechanism_declared,mechanism_declared,hierarchical,none,none,none,neighbourhood_truncation,NOT_APPLICABLE,CPU_TINY_THEN_GPU_FULL,UNKNOWN_UNTIL_PILOT,BLOCKED_RESOURCE_UNMEASURED,mechanism_manifest+predictions+validation,NONE_TINY;GPU_FULL_SEPARATE_AUTHORITY,FULL_MUST_RUN,L4-H1;L4-H7
run-e0489fe72f93060e3fe047e4,controlled_synthetic,base_plus_neighbourhood_truncation,neighbourhood_truncation,feature;graph;recent,protocol_one_hot,6,mechanism_declared,mechanism_declared,contract,none,protocol_one_hot,none,neighbourhood_truncation,NOT_APPLICABLE,CPU_TINY_THEN_GPU_FULL,UNKNOWN_UNTIL_PILOT,BLOCKED_RESOURCE_UNMEASURED,mechanism_manifest+predictions+validation,NONE_TINY;GPU_FULL_SEPARATE_AUTHORITY,FULL_MUST_RUN,L4-H1;L4-H7
run-e22180cf16a5c4f7e22cf94a,controlled_synthetic,base_plus_neighbourhood_truncation,neighbourhood_truncation,feature;graph;recent,flat_contract_mlp,6,mechanism_declared,mechanism_declared,contract,none,flat,none,neighbourhood_truncation,NOT_APPLICABLE,CPU_TINY_THEN_GPU_FULL,UNKNOWN_UNTIL_PILOT,BLOCKED_RESOURCE_UNMEASURED,mechanism_manifest+predictions+validation,NONE_TINY;GPU_FULL_SEPARATE_AUTHORITY,STRONG_RECOMMENDED,L4-H1;L4-H7
run-69160a1a3daf04c3a78d03ce,controlled_synthetic,base_plus_neighbourhood_truncation,neighbourhood_truncation,feature;graph;recent,uniform_average,6,mechanism_declared,mechanism_declared,fixed,none,none,none,neighbourhood_truncation,NOT_APPLICABLE,CPU_TINY_THEN_GPU_FULL,UNKNOWN_UNTIL_PILOT,BLOCKED_RESOURCE_UNMEASURED,mechanism_manifest+predictions+validation,NONE_TINY;GPU_FULL_SEPARATE_AUTHORITY,STRONG_RECOMMENDED,L4-H1;L4-H7
run-8f4a0a102d07efc19a538bbc,controlled_synthetic,base_plus_neighbourhood_truncation,neighbourhood_truncation,feature;graph;recent,coregraph,7,mechanism_declared,mechanism_declared,hierarchical,none,none,none,neighbourhood_truncation,NOT_APPLICABLE,CPU_TINY_THEN_GPU_FULL,UNKNOWN_UNTIL_PILOT,BLOCKED_RESOURCE_UNMEASURED,mechanism_manifest+predictions+validation,NONE_TINY;GPU_FULL_SEPARATE_AUTHORITY,FULL_MUST_RUN,L4-H1;L4-H7
run-76176e93232f5eb5f5396ae5,controlled_synthetic,base_plus_neighbourhood_truncation,neighbourhood_truncation,feature;graph;recent,protocol_one_hot,7,mechanism_declared,mechanism_declared,contract,none,protocol_one_hot,none,neighbourhood_truncation,NOT_APPLICABLE,CPU_TINY_THEN_GPU_FULL,UNKNOWN_UNTIL_PILOT,BLOCKED_RESOURCE_UNMEASURED,mechanism_manifest+predictions+validation,NONE_TINY;GPU_FULL_SEPARATE_AUTHORITY,FULL_MUST_RUN,L4-H1;L4-H7
run-51649c083d3af80747ddb465,controlled_synthetic,base_plus_neighbourhood_truncation,neighbourhood_truncation,feature;graph;recent,flat_contract_mlp,7,mechanism_declared,mechanism_declared,contract,none,flat,none,neighbourhood_truncation,NOT_APPLICABLE,CPU_TINY_THEN_GPU_FULL,UNKNOWN_UNTIL_PILOT,BLOCKED_RESOURCE_UNMEASURED,mechanism_manifest+predictions+validation,NONE_TINY;GPU_FULL_SEPARATE_AUTHORITY,STRONG_RECOMMENDED,L4-H1;L4-H7
run-4eaa796ff43be29fc509b9cb,controlled_synthetic,base_plus_neighbourhood_truncation,neighbourhood_truncation,feature;graph;recent,uniform_average,7,mechanism_declared,mechanism_declared,fixed,none,none,none,neighbourhood_truncation,NOT_APPLICABLE,CPU_TINY_THEN_GPU_FULL,UNKNOWN_UNTIL_PILOT,BLOCKED_RESOURCE_UNMEASURED,mechanism_manifest+predictions+validation,NONE_TINY;GPU_FULL_SEPARATE_AUTHORITY,STRONG_RECOMMENDED,L4-H1;L4-H7
run-a4dbe58ace84a18bed52b375,controlled_synthetic,base_plus_neighbourhood_truncation,neighbourhood_truncation,feature;graph;recent,coregraph,8,mechanism_declared,mechanism_declared,hierarchical,none,none,none,neighbourhood_truncation,NOT_APPLICABLE,CPU_TINY_THEN_GPU_FULL,UNKNOWN_UNTIL_PILOT,BLOCKED_RESOURCE_UNMEASURED,mechanism_manifest+predictions+validation,NONE_TINY;GPU_FULL_SEPARATE_AUTHORITY,FULL_MUST_RUN,L4-H1;L4-H7
run-0b59f0c52c5d77d1c69513eb,controlled_synthetic,base_plus_neighbourhood_truncation,neighbourhood_truncation,feature;graph;recent,protocol_one_hot,8,mechanism_declared,mechanism_declared,contract,none,protocol_one_hot,none,neighbourhood_truncation,NOT_APPLICABLE,CPU_TINY_THEN_GPU_FULL,UNKNOWN_UNTIL_PILOT,BLOCKED_RESOURCE_UNMEASURED,mechanism_manifest+predictions+validation,NONE_TINY;GPU_FULL_SEPARATE_AUTHORITY,FULL_MUST_RUN,L4-H1;L4-H7
run-96764958947d61f154d74d09,controlled_synthetic,base_plus_neighbourhood_truncation,neighbourhood_truncation,feature;graph;recent,flat_contract_mlp,8,mechanism_declared,mechanism_declared,contract,none,flat,none,neighbourhood_truncation,NOT_APPLICABLE,CPU_TINY_THEN_GPU_FULL,UNKNOWN_UNTIL_PILOT,BLOCKED_RESOURCE_UNMEASURED,mechanism_manifest+predictions+validation,NONE_TINY;GPU_FULL_SEPARATE_AUTHORITY,STRONG_RECOMMENDED,L4-H1;L4-H7
run-5ea8fdeabfe568fc188346e7,controlled_synthetic,base_plus_neighbourhood_truncation,neighbourhood_truncation,feature;graph;recent,uniform_average,8,mechanism_declared,mechanism_declared,fixed,none,none,none,neighbourhood_truncation,NOT_APPLICABLE,CPU_TINY_THEN_GPU_FULL,UNKNOWN_UNTIL_PILOT,BLOCKED_RESOURCE_UNMEASURED,mechanism_manifest+predictions+validation,NONE_TINY;GPU_FULL_SEPARATE_AUTHORITY,STRONG_RECOMMENDED,L4-H1;L4-H7
run-e9fca32a94bc0c4d2e7562ec,controlled_synthetic,base_plus_neighbourhood_truncation,neighbourhood_truncation,feature;graph;recent,coregraph,9,mechanism_declared,mechanism_declared,hierarchical,none,none,none,neighbourhood_truncation,NOT_APPLICABLE,CPU_TINY_THEN_GPU_FULL,UNKNOWN_UNTIL_PILOT,BLOCKED_RESOURCE_UNMEASURED,mechanism_manifest+predictions+validation,NONE_TINY;GPU_FULL_SEPARATE_AUTHORITY,FULL_MUST_RUN,L4-H1;L4-H7
run-13aa1fa7a50e4438692ebe44,controlled_synthetic,base_plus_neighbourhood_truncation,neighbourhood_truncation,feature;graph;recent,protocol_one_hot,9,mechanism_declared,mechanism_declared,contract,none,protocol_one_hot,none,neighbourhood_truncation,NOT_APPLICABLE,CPU_TINY_THEN_GPU_FULL,UNKNOWN_UNTIL_PILOT,BLOCKED_RESOURCE_UNMEASURED,mechanism_manifest+predictions+validation,NONE_TINY;GPU_FULL_SEPARATE_AUTHORITY,FULL_MUST_RUN,L4-H1;L4-H7
run-ceda6df538cd5834b4eaf28b,controlled_synthetic,base_plus_neighbourhood_truncation,neighbourhood_truncation,feature;graph;recent,flat_contract_mlp,9,mechanism_declared,mechanism_declared,contract,none,flat,none,neighbourhood_truncation,NOT_APPLICABLE,CPU_TINY_THEN_GPU_FULL,UNKNOWN_UNTIL_PILOT,BLOCKED_RESOURCE_UNMEASURED,mechanism_manifest+predictions+validation,NONE_TINY;GPU_FULL_SEPARATE_AUTHORITY,STRONG_RECOMMENDED,L4-H1;L4-H7
run-6bbb322f23f04ef2fff6c987,controlled_synthetic,base_plus_neighbourhood_truncation,neighbourhood_truncation,feature;graph;recent,uniform_average,9,mechanism_declared,mechanism_declared,fixed,none,none,none,neighbourhood_truncation,NOT_APPLICABLE,CPU_TINY_THEN_GPU_FULL,UNKNOWN_UNTIL_PILOT,BLOCKED_RESOURCE_UNMEASURED,mechanism_manifest+predictions+validation,NONE_TINY;GPU_FULL_SEPARATE_AUTHORITY,STRONG_RECOMMENDED,L4-H1;L4-H7
run-7b122056b63c5f13a6e093f0,controlled_synthetic,base_plus_neighbourhood_truncation,neighbourhood_truncation,feature;graph;recent,coregraph,10,mechanism_declared,mechanism_declared,hierarchical,none,none,none,neighbourhood_truncation,NOT_APPLICABLE,CPU_TINY_THEN_GPU_FULL,UNKNOWN_UNTIL_PILOT,BLOCKED_RESOURCE_UNMEASURED,mechanism_manifest+predictions+validation,NONE_TINY;GPU_FULL_SEPARATE_AUTHORITY,FULL_MUST_RUN,L4-H1;L4-H7
run-0baa6ced84239e47f8da0e3e,controlled_synthetic,base_plus_neighbourhood_truncation,neighbourhood_truncation,feature;graph;recent,protocol_one_hot,10,mechanism_declared,mechanism_declared,contract,none,protocol_one_hot,none,neighbourhood_truncation,NOT_APPLICABLE,CPU_TINY_THEN_GPU_FULL,UNKNOWN_UNTIL_PILOT,BLOCKED_RESOURCE_UNMEASURED,mechanism_manifest+predictions+validation,NONE_TINY;GPU_FULL_SEPARATE_AUTHORITY,FULL_MUST_RUN,L4-H1;L4-H7
run-0a7ac00f0d798cbf1a4b8f25,controlled_synthetic,base_plus_neighbourhood_truncation,neighbourhood_truncation,feature;graph;recent,flat_contract_mlp,10,mechanism_declared,mechanism_declared,contract,none,flat,none,neighbourhood_truncation,NOT_APPLICABLE,CPU_TINY_THEN_GPU_FULL,UNKNOWN_UNTIL_PILOT,BLOCKED_RESOURCE_UNMEASURED,mechanism_manifest+predictions+validation,NONE_TINY;GPU_FULL_SEPARATE_AUTHORITY,STRONG_RECOMMENDED,L4-H1;L4-H7
run-889c0a25beb0861349513aeb,controlled_synthetic,base_plus_neighbourhood_truncation,neighbourhood_truncation,feature;graph;recent,uniform_average,10,mechanism_declared,mechanism_declared,fixed,none,none,none,neighbourhood_truncation,NOT_APPLICABLE,CPU_TINY_THEN_GPU_FULL,UNKNOWN_UNTIL_PILOT,BLOCKED_RESOURCE_UNMEASURED,mechanism_manifest+predictions+validation,NONE_TINY;GPU_FULL_SEPARATE_AUTHORITY,STRONG_RECOMMENDED,L4-H1;L4-H7
run-07c3ab13cb438e6309ea7aef,controlled_synthetic,base_plus_expert_unavailability,expert_unavailability,feature;graph;recent,coregraph,1,mechanism_declared,mechanism_declared,hierarchical,none,none,none,expert_unavailability,NOT_APPLICABLE,CPU_TINY_THEN_GPU_FULL,UNKNOWN_UNTIL_PILOT,BLOCKED_RESOURCE_UNMEASURED,mechanism_manifest+predictions+validation,NONE_TINY;GPU_FULL_SEPARATE_AUTHORITY,FULL_MUST_RUN,L4-H1;L4-H7
run-ea0dddc844da3f0b1b253bd7,controlled_synthetic,base_plus_expert_unavailability,expert_unavailability,feature;graph;recent,protocol_one_hot,1,mechanism_declared,mechanism_declared,contract,none,protocol_one_hot,none,expert_unavailability,NOT_APPLICABLE,CPU_TINY_THEN_GPU_FULL,UNKNOWN_UNTIL_PILOT,BLOCKED_RESOURCE_UNMEASURED,mechanism_manifest+predictions+validation,NONE_TINY;GPU_FULL_SEPARATE_AUTHORITY,FULL_MUST_RUN,L4-H1;L4-H7
run-f5109858a6e62ab0a5d0873b,controlled_synthetic,base_plus_expert_unavailability,expert_unavailability,feature;graph;recent,flat_contract_mlp,1,mechanism_declared,mechanism_declared,contract,none,flat,none,expert_unavailability,NOT_APPLICABLE,CPU_TINY_THEN_GPU_FULL,UNKNOWN_UNTIL_PILOT,BLOCKED_RESOURCE_UNMEASURED,mechanism_manifest+predictions+validation,NONE_TINY;GPU_FULL_SEPARATE_AUTHORITY,STRONG_RECOMMENDED,L4-H1;L4-H7
run-70a79a3b291d706093574011,controlled_synthetic,base_plus_expert_unavailability,expert_unavailability,feature;graph;recent,uniform_average,1,mechanism_declared,mechanism_declared,fixed,none,none,none,expert_unavailability,NOT_APPLICABLE,CPU_TINY_THEN_GPU_FULL,UNKNOWN_UNTIL_PILOT,BLOCKED_RESOURCE_UNMEASURED,mechanism_manifest+predictions+validation,NONE_TINY;GPU_FULL_SEPARATE_AUTHORITY,STRONG_RECOMMENDED,L4-H1;L4-H7
run-0d5222a8e3df130fd81897c8,controlled_synthetic,base_plus_expert_unavailability,expert_unavailability,feature;graph;recent,coregraph,2,mechanism_declared,mechanism_declared,hierarchical,none,none,none,expert_unavailability,NOT_APPLICABLE,CPU_TINY_THEN_GPU_FULL,UNKNOWN_UNTIL_PILOT,BLOCKED_RESOURCE_UNMEASURED,mechanism_manifest+predictions+validation,NONE_TINY;GPU_FULL_SEPARATE_AUTHORITY,FULL_MUST_RUN,L4-H1;L4-H7
run-99a165518f5e2ed8817262ae,controlled_synthetic,base_plus_expert_unavailability,expert_unavailability,feature;graph;recent,protocol_one_hot,2,mechanism_declared,mechanism_declared,contract,none,protocol_one_hot,none,expert_unavailability,NOT_APPLICABLE,CPU_TINY_THEN_GPU_FULL,UNKNOWN_UNTIL_PILOT,BLOCKED_RESOURCE_UNMEASURED,mechanism_manifest+predictions+validation,NONE_TINY;GPU_FULL_SEPARATE_AUTHORITY,FULL_MUST_RUN,L4-H1;L4-H7
run-2ac3370e1a00840fc08440eb,controlled_synthetic,base_plus_expert_unavailability,expert_unavailability,feature;graph;recent,flat_contract_mlp,2,mechanism_declared,mechanism_declared,contract,none,flat,none,expert_unavailability,NOT_APPLICABLE,CPU_TINY_THEN_GPU_FULL,UNKNOWN_UNTIL_PILOT,BLOCKED_RESOURCE_UNMEASURED,mechanism_manifest+predictions+validation,NONE_TINY;GPU_FULL_SEPARATE_AUTHORITY,STRONG_RECOMMENDED,L4-H1;L4-H7
run-380fc85fab922f0611c026b6,controlled_synthetic,base_plus_expert_unavailability,expert_unavailability,feature;graph;recent,uniform_average,2,mechanism_declared,mechanism_declared,fixed,none,none,none,expert_unavailability,NOT_APPLICABLE,CPU_TINY_THEN_GPU_FULL,UNKNOWN_UNTIL_PILOT,BLOCKED_RESOURCE_UNMEASURED,mechanism_manifest+predictions+validation,NONE_TINY;GPU_FULL_SEPARATE_AUTHORITY,STRONG_RECOMMENDED,L4-H1;L4-H7
run-1bc1c795aeee54586b56b8b8,controlled_synthetic,base_plus_expert_unavailability,expert_unavailability,feature;graph;recent,coregraph,3,mechanism_declared,mechanism_declared,hierarchical,none,none,none,expert_unavailability,NOT_APPLICABLE,CPU_TINY_THEN_GPU_FULL,UNKNOWN_UNTIL_PILOT,BLOCKED_RESOURCE_UNMEASURED,mechanism_manifest+predictions+validation,NONE_TINY;GPU_FULL_SEPARATE_AUTHORITY,FULL_MUST_RUN,L4-H1;L4-H7
run-e14d261b4e27cca2c2d6c822,controlled_synthetic,base_plus_expert_unavailability,expert_unavailability,feature;graph;recent,protocol_one_hot,3,mechanism_declared,mechanism_declared,contract,none,protocol_one_hot,none,expert_unavailability,NOT_APPLICABLE,CPU_TINY_THEN_GPU_FULL,UNKNOWN_UNTIL_PILOT,BLOCKED_RESOURCE_UNMEASURED,mechanism_manifest+predictions+validation,NONE_TINY;GPU_FULL_SEPARATE_AUTHORITY,FULL_MUST_RUN,L4-H1;L4-H7
run-340640087b71fa5e173b7aa6,controlled_synthetic,base_plus_expert_unavailability,expert_unavailability,feature;graph;recent,flat_contract_mlp,3,mechanism_declared,mechanism_declared,contract,none,flat,none,expert_unavailability,NOT_APPLICABLE,CPU_TINY_THEN_GPU_FULL,UNKNOWN_UNTIL_PILOT,BLOCKED_RESOURCE_UNMEASURED,mechanism_manifest+predictions+validation,NONE_TINY;GPU_FULL_SEPARATE_AUTHORITY,STRONG_RECOMMENDED,L4-H1;L4-H7
run-3da506e7f74be1a7fbbd7db0,controlled_synthetic,base_plus_expert_unavailability,expert_unavailability,feature;graph;recent,uniform_average,3,mechanism_declared,mechanism_declared,fixed,none,none,none,expert_unavailability,NOT_APPLICABLE,CPU_TINY_THEN_GPU_FULL,UNKNOWN_UNTIL_PILOT,BLOCKED_RESOURCE_UNMEASURED,mechanism_manifest+predictions+validation,NONE_TINY;GPU_FULL_SEPARATE_AUTHORITY,STRONG_RECOMMENDED,L4-H1;L4-H7
run-23c64df4dd6605b7341a9173,controlled_synthetic,base_plus_expert_unavailability,expert_unavailability,feature;graph;recent,coregraph,4,mechanism_declared,mechanism_declared,hierarchical,none,none,none,expert_unavailability,NOT_APPLICABLE,CPU_TINY_THEN_GPU_FULL,UNKNOWN_UNTIL_PILOT,BLOCKED_RESOURCE_UNMEASURED,mechanism_manifest+predictions+validation,NONE_TINY;GPU_FULL_SEPARATE_AUTHORITY,FULL_MUST_RUN,L4-H1;L4-H7
run-456498a7def0564a1ae8fd94,controlled_synthetic,base_plus_expert_unavailability,expert_unavailability,feature;graph;recent,protocol_one_hot,4,mechanism_declared,mechanism_declared,contract,none,protocol_one_hot,none,expert_unavailability,NOT_APPLICABLE,CPU_TINY_THEN_GPU_FULL,UNKNOWN_UNTIL_PILOT,BLOCKED_RESOURCE_UNMEASURED,mechanism_manifest+predictions+validation,NONE_TINY;GPU_FULL_SEPARATE_AUTHORITY,FULL_MUST_RUN,L4-H1;L4-H7
run-9daac2d4f9959fb89e714966,controlled_synthetic,base_plus_expert_unavailability,expert_unavailability,feature;graph;recent,flat_contract_mlp,4,mechanism_declared,mechanism_declared,contract,none,flat,none,expert_unavailability,NOT_APPLICABLE,CPU_TINY_THEN_GPU_FULL,UNKNOWN_UNTIL_PILOT,BLOCKED_RESOURCE_UNMEASURED,mechanism_manifest+predictions+validation,NONE_TINY;GPU_FULL_SEPARATE_AUTHORITY,STRONG_RECOMMENDED,L4-H1;L4-H7
run-c323cbac39cf80fe5f37e94e,controlled_synthetic,base_plus_expert_unavailability,expert_unavailability,feature;graph;recent,uniform_average,4,mechanism_declared,mechanism_declared,fixed,none,none,none,expert_unavailability,NOT_APPLICABLE,CPU_TINY_THEN_GPU_FULL,UNKNOWN_UNTIL_PILOT,BLOCKED_RESOURCE_UNMEASURED,mechanism_manifest+predictions+validation,NONE_TINY;GPU_FULL_SEPARATE_AUTHORITY,STRONG_RECOMMENDED,L4-H1;L4-H7
run-1e2f83a6839fe6e2c9787ac7,controlled_synthetic,base_plus_expert_unavailability,expert_unavailability,feature;graph;recent,coregraph,5,mechanism_declared,mechanism_declared,hierarchical,none,none,none,expert_unavailability,NOT_APPLICABLE,CPU_TINY_THEN_GPU_FULL,UNKNOWN_UNTIL_PILOT,BLOCKED_RESOURCE_UNMEASURED,mechanism_manifest+predictions+validation,NONE_TINY;GPU_FULL_SEPARATE_AUTHORITY,FULL_MUST_RUN,L4-H1;L4-H7
run-c897f5ad52d779e5bf0c904b,controlled_synthetic,base_plus_expert_unavailability,expert_unavailability,feature;graph;recent,protocol_one_hot,5,mechanism_declared,mechanism_declared,contract,none,protocol_one_hot,none,expert_unavailability,NOT_APPLICABLE,CPU_TINY_THEN_GPU_FULL,UNKNOWN_UNTIL_PILOT,BLOCKED_RESOURCE_UNMEASURED,mechanism_manifest+predictions+validation,NONE_TINY;GPU_FULL_SEPARATE_AUTHORITY,FULL_MUST_RUN,L4-H1;L4-H7
run-836a2daeb9c227b7f0782b02,controlled_synthetic,base_plus_expert_unavailability,expert_unavailability,feature;graph;recent,flat_contract_mlp,5,mechanism_declared,mechanism_declared,contract,none,flat,none,expert_unavailability,NOT_APPLICABLE,CPU_TINY_THEN_GPU_FULL,UNKNOWN_UNTIL_PILOT,BLOCKED_RESOURCE_UNMEASURED,mechanism_manifest+predictions+validation,NONE_TINY;GPU_FULL_SEPARATE_AUTHORITY,STRONG_RECOMMENDED,L4-H1;L4-H7
run-8ed304b10af1f3296868ab90,controlled_synthetic,base_plus_expert_unavailability,expert_unavailability,feature;graph;recent,uniform_average,5,mechanism_declared,mechanism_declared,fixed,none,none,none,expert_unavailability,NOT_APPLICABLE,CPU_TINY_THEN_GPU_FULL,UNKNOWN_UNTIL_PILOT,BLOCKED_RESOURCE_UNMEASURED,mechanism_manifest+predictions+validation,NONE_TINY;GPU_FULL_SEPARATE_AUTHORITY,STRONG_RECOMMENDED,L4-H1;L4-H7
run-3695f6b4bffa008df6cd08b6,controlled_synthetic,base_plus_expert_unavailability,expert_unavailability,feature;graph;recent,coregraph,6,mechanism_declared,mechanism_declared,hierarchical,none,none,none,expert_unavailability,NOT_APPLICABLE,CPU_TINY_THEN_GPU_FULL,UNKNOWN_UNTIL_PILOT,BLOCKED_RESOURCE_UNMEASURED,mechanism_manifest+predictions+validation,NONE_TINY;GPU_FULL_SEPARATE_AUTHORITY,FULL_MUST_RUN,L4-H1;L4-H7
run-fc324ba4adcf49cf8b90053a,controlled_synthetic,base_plus_expert_unavailability,expert_unavailability,feature;graph;recent,protocol_one_hot,6,mechanism_declared,mechanism_declared,contract,none,protocol_one_hot,none,expert_unavailability,NOT_APPLICABLE,CPU_TINY_THEN_GPU_FULL,UNKNOWN_UNTIL_PILOT,BLOCKED_RESOURCE_UNMEASURED,mechanism_manifest+predictions+validation,NONE_TINY;GPU_FULL_SEPARATE_AUTHORITY,FULL_MUST_RUN,L4-H1;L4-H7
run-3388fbda42465550ff9a2c7c,controlled_synthetic,base_plus_expert_unavailability,expert_unavailability,feature;graph;recent,flat_contract_mlp,6,mechanism_declared,mechanism_declared,contract,none,flat,none,expert_unavailability,NOT_APPLICABLE,CPU_TINY_THEN_GPU_FULL,UNKNOWN_UNTIL_PILOT,BLOCKED_RESOURCE_UNMEASURED,mechanism_manifest+predictions+validation,NONE_TINY;GPU_FULL_SEPARATE_AUTHORITY,STRONG_RECOMMENDED,L4-H1;L4-H7
run-9db5ffb9fc7d7cc945548902,controlled_synthetic,base_plus_expert_unavailability,expert_unavailability,feature;graph;recent,uniform_average,6,mechanism_declared,mechanism_declared,fixed,none,none,none,expert_unavailability,NOT_APPLICABLE,CPU_TINY_THEN_GPU_FULL,UNKNOWN_UNTIL_PILOT,BLOCKED_RESOURCE_UNMEASURED,mechanism_manifest+predictions+validation,NONE_TINY;GPU_FULL_SEPARATE_AUTHORITY,STRONG_RECOMMENDED,L4-H1;L4-H7
run-ede5df5a2e710bba4769005d,controlled_synthetic,base_plus_expert_unavailability,expert_unavailability,feature;graph;recent,coregraph,7,mechanism_declared,mechanism_declared,hierarchical,none,none,none,expert_unavailability,NOT_APPLICABLE,CPU_TINY_THEN_GPU_FULL,UNKNOWN_UNTIL_PILOT,BLOCKED_RESOURCE_UNMEASURED,mechanism_manifest+predictions+validation,NONE_TINY;GPU_FULL_SEPARATE_AUTHORITY,FULL_MUST_RUN,L4-H1;L4-H7
run-fadac56ec03a404a2caef91a,controlled_synthetic,base_plus_expert_unavailability,expert_unavailability,feature;graph;recent,protocol_one_hot,7,mechanism_declared,mechanism_declared,contract,none,protocol_one_hot,none,expert_unavailability,NOT_APPLICABLE,CPU_TINY_THEN_GPU_FULL,UNKNOWN_UNTIL_PILOT,BLOCKED_RESOURCE_UNMEASURED,mechanism_manifest+predictions+validation,NONE_TINY;GPU_FULL_SEPARATE_AUTHORITY,FULL_MUST_RUN,L4-H1;L4-H7
run-692e924db5773df25479834c,controlled_synthetic,base_plus_expert_unavailability,expert_unavailability,feature;graph;recent,flat_contract_mlp,7,mechanism_declared,mechanism_declared,contract,none,flat,none,expert_unavailability,NOT_APPLICABLE,CPU_TINY_THEN_GPU_FULL,UNKNOWN_UNTIL_PILOT,BLOCKED_RESOURCE_UNMEASURED,mechanism_manifest+predictions+validation,NONE_TINY;GPU_FULL_SEPARATE_AUTHORITY,STRONG_RECOMMENDED,L4-H1;L4-H7
run-aa09e12462612667948ce48a,controlled_synthetic,base_plus_expert_unavailability,expert_unavailability,feature;graph;recent,uniform_average,7,mechanism_declared,mechanism_declared,fixed,none,none,none,expert_unavailability,NOT_APPLICABLE,CPU_TINY_THEN_GPU_FULL,UNKNOWN_UNTIL_PILOT,BLOCKED_RESOURCE_UNMEASURED,mechanism_manifest+predictions+validation,NONE_TINY;GPU_FULL_SEPARATE_AUTHORITY,STRONG_RECOMMENDED,L4-H1;L4-H7
run-b8fe2c002a5be80a8b4d7f82,controlled_synthetic,base_plus_expert_unavailability,expert_unavailability,feature;graph;recent,coregraph,8,mechanism_declared,mechanism_declared,hierarchical,none,none,none,expert_unavailability,NOT_APPLICABLE,CPU_TINY_THEN_GPU_FULL,UNKNOWN_UNTIL_PILOT,BLOCKED_RESOURCE_UNMEASURED,mechanism_manifest+predictions+validation,NONE_TINY;GPU_FULL_SEPARATE_AUTHORITY,FULL_MUST_RUN,L4-H1;L4-H7
run-f43bda353295474528bb4178,controlled_synthetic,base_plus_expert_unavailability,expert_unavailability,feature;graph;recent,protocol_one_hot,8,mechanism_declared,mechanism_declared,contract,none,protocol_one_hot,none,expert_unavailability,NOT_APPLICABLE,CPU_TINY_THEN_GPU_FULL,UNKNOWN_UNTIL_PILOT,BLOCKED_RESOURCE_UNMEASURED,mechanism_manifest+predictions+validation,NONE_TINY;GPU_FULL_SEPARATE_AUTHORITY,FULL_MUST_RUN,L4-H1;L4-H7
run-741b3e8db694c1de9c3e5e28,controlled_synthetic,base_plus_expert_unavailability,expert_unavailability,feature;graph;recent,flat_contract_mlp,8,mechanism_declared,mechanism_declared,contract,none,flat,none,expert_unavailability,NOT_APPLICABLE,CPU_TINY_THEN_GPU_FULL,UNKNOWN_UNTIL_PILOT,BLOCKED_RESOURCE_UNMEASURED,mechanism_manifest+predictions+validation,NONE_TINY;GPU_FULL_SEPARATE_AUTHORITY,STRONG_RECOMMENDED,L4-H1;L4-H7
run-dd6e65c90343b9486ee8c688,controlled_synthetic,base_plus_expert_unavailability,expert_unavailability,feature;graph;recent,uniform_average,8,mechanism_declared,mechanism_declared,fixed,none,none,none,expert_unavailability,NOT_APPLICABLE,CPU_TINY_THEN_GPU_FULL,UNKNOWN_UNTIL_PILOT,BLOCKED_RESOURCE_UNMEASURED,mechanism_manifest+predictions+validation,NONE_TINY;GPU_FULL_SEPARATE_AUTHORITY,STRONG_RECOMMENDED,L4-H1;L4-H7
run-1fb527b6bd51ac8a52aa2955,controlled_synthetic,base_plus_expert_unavailability,expert_unavailability,feature;graph;recent,coregraph,9,mechanism_declared,mechanism_declared,hierarchical,none,none,none,expert_unavailability,NOT_APPLICABLE,CPU_TINY_THEN_GPU_FULL,UNKNOWN_UNTIL_PILOT,BLOCKED_RESOURCE_UNMEASURED,mechanism_manifest+predictions+validation,NONE_TINY;GPU_FULL_SEPARATE_AUTHORITY,FULL_MUST_RUN,L4-H1;L4-H7
run-ecb1ee1c38784aebd08d3dc7,controlled_synthetic,base_plus_expert_unavailability,expert_unavailability,feature;graph;recent,protocol_one_hot,9,mechanism_declared,mechanism_declared,contract,none,protocol_one_hot,none,expert_unavailability,NOT_APPLICABLE,CPU_TINY_THEN_GPU_FULL,UNKNOWN_UNTIL_PILOT,BLOCKED_RESOURCE_UNMEASURED,mechanism_manifest+predictions+validation,NONE_TINY;GPU_FULL_SEPARATE_AUTHORITY,FULL_MUST_RUN,L4-H1;L4-H7
run-0f3d40e6f9cc92a3c8980758,controlled_synthetic,base_plus_expert_unavailability,expert_unavailability,feature;graph;recent,flat_contract_mlp,9,mechanism_declared,mechanism_declared,contract,none,flat,none,expert_unavailability,NOT_APPLICABLE,CPU_TINY_THEN_GPU_FULL,UNKNOWN_UNTIL_PILOT,BLOCKED_RESOURCE_UNMEASURED,mechanism_manifest+predictions+validation,NONE_TINY;GPU_FULL_SEPARATE_AUTHORITY,STRONG_RECOMMENDED,L4-H1;L4-H7
run-8efcd86b080070862f058ef5,controlled_synthetic,base_plus_expert_unavailability,expert_unavailability,feature;graph;recent,uniform_average,9,mechanism_declared,mechanism_declared,fixed,none,none,none,expert_unavailability,NOT_APPLICABLE,CPU_TINY_THEN_GPU_FULL,UNKNOWN_UNTIL_PILOT,BLOCKED_RESOURCE_UNMEASURED,mechanism_manifest+predictions+validation,NONE_TINY;GPU_FULL_SEPARATE_AUTHORITY,STRONG_RECOMMENDED,L4-H1;L4-H7
run-dce9fce118c5feeb2e5c1588,controlled_synthetic,base_plus_expert_unavailability,expert_unavailability,feature;graph;recent,coregraph,10,mechanism_declared,mechanism_declared,hierarchical,none,none,none,expert_unavailability,NOT_APPLICABLE,CPU_TINY_THEN_GPU_FULL,UNKNOWN_UNTIL_PILOT,BLOCKED_RESOURCE_UNMEASURED,mechanism_manifest+predictions+validation,NONE_TINY;GPU_FULL_SEPARATE_AUTHORITY,FULL_MUST_RUN,L4-H1;L4-H7
run-43ea495b5a19cc03adf66538,controlled_synthetic,base_plus_expert_unavailability,expert_unavailability,feature;graph;recent,protocol_one_hot,10,mechanism_declared,mechanism_declared,contract,none,protocol_one_hot,none,expert_unavailability,NOT_APPLICABLE,CPU_TINY_THEN_GPU_FULL,UNKNOWN_UNTIL_PILOT,BLOCKED_RESOURCE_UNMEASURED,mechanism_manifest+predictions+validation,NONE_TINY;GPU_FULL_SEPARATE_AUTHORITY,FULL_MUST_RUN,L4-H1;L4-H7
run-598cc9a5566ceff7291de511,controlled_synthetic,base_plus_expert_unavailability,expert_unavailability,feature;graph;recent,flat_contract_mlp,10,mechanism_declared,mechanism_declared,contract,none,flat,none,expert_unavailability,NOT_APPLICABLE,CPU_TINY_THEN_GPU_FULL,UNKNOWN_UNTIL_PILOT,BLOCKED_RESOURCE_UNMEASURED,mechanism_manifest+predictions+validation,NONE_TINY;GPU_FULL_SEPARATE_AUTHORITY,STRONG_RECOMMENDED,L4-H1;L4-H7
run-6fa96f86fa7f3a635ead3a73,controlled_synthetic,base_plus_expert_unavailability,expert_unavailability,feature;graph;recent,uniform_average,10,mechanism_declared,mechanism_declared,fixed,none,none,none,expert_unavailability,NOT_APPLICABLE,CPU_TINY_THEN_GPU_FULL,UNKNOWN_UNTIL_PILOT,BLOCKED_RESOURCE_UNMEASURED,mechanism_manifest+predictions+validation,NONE_TINY;GPU_FULL_SEPARATE_AUTHORITY,STRONG_RECOMMENDED,L4-H1;L4-H7
run-0741351ac60f792f79365e0e,controlled_synthetic,base_plus_review_budget_contraction,review_budget_contraction,feature;graph;recent,coregraph,1,mechanism_declared,mechanism_declared,hierarchical,none,none,none,review_budget_contraction,NOT_APPLICABLE,CPU_TINY_THEN_GPU_FULL,UNKNOWN_UNTIL_PILOT,BLOCKED_RESOURCE_UNMEASURED,mechanism_manifest+predictions+validation,NONE_TINY;GPU_FULL_SEPARATE_AUTHORITY,FULL_MUST_RUN,L4-H1;L4-H7
run-8ee28b499bf088f8b8ef0029,controlled_synthetic,base_plus_review_budget_contraction,review_budget_contraction,feature;graph;recent,protocol_one_hot,1,mechanism_declared,mechanism_declared,contract,none,protocol_one_hot,none,review_budget_contraction,NOT_APPLICABLE,CPU_TINY_THEN_GPU_FULL,UNKNOWN_UNTIL_PILOT,BLOCKED_RESOURCE_UNMEASURED,mechanism_manifest+predictions+validation,NONE_TINY;GPU_FULL_SEPARATE_AUTHORITY,FULL_MUST_RUN,L4-H1;L4-H7
run-82e92555a7a07e263739a7d8,controlled_synthetic,base_plus_review_budget_contraction,review_budget_contraction,feature;graph;recent,flat_contract_mlp,1,mechanism_declared,mechanism_declared,contract,none,flat,none,review_budget_contraction,NOT_APPLICABLE,CPU_TINY_THEN_GPU_FULL,UNKNOWN_UNTIL_PILOT,BLOCKED_RESOURCE_UNMEASURED,mechanism_manifest+predictions+validation,NONE_TINY;GPU_FULL_SEPARATE_AUTHORITY,STRONG_RECOMMENDED,L4-H1;L4-H7
run-d7c0f1734ea706c3c0787dd5,controlled_synthetic,base_plus_review_budget_contraction,review_budget_contraction,feature;graph;recent,uniform_average,1,mechanism_declared,mechanism_declared,fixed,none,none,none,review_budget_contraction,NOT_APPLICABLE,CPU_TINY_THEN_GPU_FULL,UNKNOWN_UNTIL_PILOT,BLOCKED_RESOURCE_UNMEASURED,mechanism_manifest+predictions+validation,NONE_TINY;GPU_FULL_SEPARATE_AUTHORITY,STRONG_RECOMMENDED,L4-H1;L4-H7
run-ff506503a5cad8f6d6472819,controlled_synthetic,base_plus_review_budget_contraction,review_budget_contraction,feature;graph;recent,coregraph,2,mechanism_declared,mechanism_declared,hierarchical,none,none,none,review_budget_contraction,NOT_APPLICABLE,CPU_TINY_THEN_GPU_FULL,UNKNOWN_UNTIL_PILOT,BLOCKED_RESOURCE_UNMEASURED,mechanism_manifest+predictions+validation,NONE_TINY;GPU_FULL_SEPARATE_AUTHORITY,FULL_MUST_RUN,L4-H1;L4-H7
run-c7fd0e77bf21de4654098a8a,controlled_synthetic,base_plus_review_budget_contraction,review_budget_contraction,feature;graph;recent,protocol_one_hot,2,mechanism_declared,mechanism_declared,contract,none,protocol_one_hot,none,review_budget_contraction,NOT_APPLICABLE,CPU_TINY_THEN_GPU_FULL,UNKNOWN_UNTIL_PILOT,BLOCKED_RESOURCE_UNMEASURED,mechanism_manifest+predictions+validation,NONE_TINY;GPU_FULL_SEPARATE_AUTHORITY,FULL_MUST_RUN,L4-H1;L4-H7
run-4da6d563414a95960918d08d,controlled_synthetic,base_plus_review_budget_contraction,review_budget_contraction,feature;graph;recent,flat_contract_mlp,2,mechanism_declared,mechanism_declared,contract,none,flat,none,review_budget_contraction,NOT_APPLICABLE,CPU_TINY_THEN_GPU_FULL,UNKNOWN_UNTIL_PILOT,BLOCKED_RESOURCE_UNMEASURED,mechanism_manifest+predictions+validation,NONE_TINY;GPU_FULL_SEPARATE_AUTHORITY,STRONG_RECOMMENDED,L4-H1;L4-H7
run-93fb58c2a83bd3adf3cb6952,controlled_synthetic,base_plus_review_budget_contraction,review_budget_contraction,feature;graph;recent,uniform_average,2,mechanism_declared,mechanism_declared,fixed,none,none,none,review_budget_contraction,NOT_APPLICABLE,CPU_TINY_THEN_GPU_FULL,UNKNOWN_UNTIL_PILOT,BLOCKED_RESOURCE_UNMEASURED,mechanism_manifest+predictions+validation,NONE_TINY;GPU_FULL_SEPARATE_AUTHORITY,STRONG_RECOMMENDED,L4-H1;L4-H7
run-c1bd647544141291b2b4eef3,controlled_synthetic,base_plus_review_budget_contraction,review_budget_contraction,feature;graph;recent,coregraph,3,mechanism_declared,mechanism_declared,hierarchical,none,none,none,review_budget_contraction,NOT_APPLICABLE,CPU_TINY_THEN_GPU_FULL,UNKNOWN_UNTIL_PILOT,BLOCKED_RESOURCE_UNMEASURED,mechanism_manifest+predictions+validation,NONE_TINY;GPU_FULL_SEPARATE_AUTHORITY,FULL_MUST_RUN,L4-H1;L4-H7
run-1ffe12b10d398b8b748151a9,controlled_synthetic,base_plus_review_budget_contraction,review_budget_contraction,feature;graph;recent,protocol_one_hot,3,mechanism_declared,mechanism_declared,contract,none,protocol_one_hot,none,review_budget_contraction,NOT_APPLICABLE,CPU_TINY_THEN_GPU_FULL,UNKNOWN_UNTIL_PILOT,BLOCKED_RESOURCE_UNMEASURED,mechanism_manifest+predictions+validation,NONE_TINY;GPU_FULL_SEPARATE_AUTHORITY,FULL_MUST_RUN,L4-H1;L4-H7
run-44fdd2943c964f98499102c0,controlled_synthetic,base_plus_review_budget_contraction,review_budget_contraction,feature;graph;recent,flat_contract_mlp,3,mechanism_declared,mechanism_declared,contract,none,flat,none,review_budget_contraction,NOT_APPLICABLE,CPU_TINY_THEN_GPU_FULL,UNKNOWN_UNTIL_PILOT,BLOCKED_RESOURCE_UNMEASURED,mechanism_manifest+predictions+validation,NONE_TINY;GPU_FULL_SEPARATE_AUTHORITY,STRONG_RECOMMENDED,L4-H1;L4-H7
run-7d33d28dd286c4e2e7d0cf5e,controlled_synthetic,base_plus_review_budget_contraction,review_budget_contraction,feature;graph;recent,uniform_average,3,mechanism_declared,mechanism_declared,fixed,none,none,none,review_budget_contraction,NOT_APPLICABLE,CPU_TINY_THEN_GPU_FULL,UNKNOWN_UNTIL_PILOT,BLOCKED_RESOURCE_UNMEASURED,mechanism_manifest+predictions+validation,NONE_TINY;GPU_FULL_SEPARATE_AUTHORITY,STRONG_RECOMMENDED,L4-H1;L4-H7
run-651e2ae6b2ad15ae27dd0c33,controlled_synthetic,base_plus_review_budget_contraction,review_budget_contraction,feature;graph;recent,coregraph,4,mechanism_declared,mechanism_declared,hierarchical,none,none,none,review_budget_contraction,NOT_APPLICABLE,CPU_TINY_THEN_GPU_FULL,UNKNOWN_UNTIL_PILOT,BLOCKED_RESOURCE_UNMEASURED,mechanism_manifest+predictions+validation,NONE_TINY;GPU_FULL_SEPARATE_AUTHORITY,FULL_MUST_RUN,L4-H1;L4-H7
run-612fe14a46d1e4744718a190,controlled_synthetic,base_plus_review_budget_contraction,review_budget_contraction,feature;graph;recent,protocol_one_hot,4,mechanism_declared,mechanism_declared,contract,none,protocol_one_hot,none,review_budget_contraction,NOT_APPLICABLE,CPU_TINY_THEN_GPU_FULL,UNKNOWN_UNTIL_PILOT,BLOCKED_RESOURCE_UNMEASURED,mechanism_manifest+predictions+validation,NONE_TINY;GPU_FULL_SEPARATE_AUTHORITY,FULL_MUST_RUN,L4-H1;L4-H7
run-ef87dfe9b509f0a7643ce4a5,controlled_synthetic,base_plus_review_budget_contraction,review_budget_contraction,feature;graph;recent,flat_contract_mlp,4,mechanism_declared,mechanism_declared,contract,none,flat,none,review_budget_contraction,NOT_APPLICABLE,CPU_TINY_THEN_GPU_FULL,UNKNOWN_UNTIL_PILOT,BLOCKED_RESOURCE_UNMEASURED,mechanism_manifest+predictions+validation,NONE_TINY;GPU_FULL_SEPARATE_AUTHORITY,STRONG_RECOMMENDED,L4-H1;L4-H7
run-f720d3db283a83c6c6c2d46f,controlled_synthetic,base_plus_review_budget_contraction,review_budget_contraction,feature;graph;recent,uniform_average,4,mechanism_declared,mechanism_declared,fixed,none,none,none,review_budget_contraction,NOT_APPLICABLE,CPU_TINY_THEN_GPU_FULL,UNKNOWN_UNTIL_PILOT,BLOCKED_RESOURCE_UNMEASURED,mechanism_manifest+predictions+validation,NONE_TINY;GPU_FULL_SEPARATE_AUTHORITY,STRONG_RECOMMENDED,L4-H1;L4-H7
run-d7c11d0ed0d9f47091d8b933,controlled_synthetic,base_plus_review_budget_contraction,review_budget_contraction,feature;graph;recent,coregraph,5,mechanism_declared,mechanism_declared,hierarchical,none,none,none,review_budget_contraction,NOT_APPLICABLE,CPU_TINY_THEN_GPU_FULL,UNKNOWN_UNTIL_PILOT,BLOCKED_RESOURCE_UNMEASURED,mechanism_manifest+predictions+validation,NONE_TINY;GPU_FULL_SEPARATE_AUTHORITY,FULL_MUST_RUN,L4-H1;L4-H7
run-de820d2b7488485337ff4dce,controlled_synthetic,base_plus_review_budget_contraction,review_budget_contraction,feature;graph;recent,protocol_one_hot,5,mechanism_declared,mechanism_declared,contract,none,protocol_one_hot,none,review_budget_contraction,NOT_APPLICABLE,CPU_TINY_THEN_GPU_FULL,UNKNOWN_UNTIL_PILOT,BLOCKED_RESOURCE_UNMEASURED,mechanism_manifest+predictions+validation,NONE_TINY;GPU_FULL_SEPARATE_AUTHORITY,FULL_MUST_RUN,L4-H1;L4-H7
run-5dcdafe24e61b69bb47a9853,controlled_synthetic,base_plus_review_budget_contraction,review_budget_contraction,feature;graph;recent,flat_contract_mlp,5,mechanism_declared,mechanism_declared,contract,none,flat,none,review_budget_contraction,NOT_APPLICABLE,CPU_TINY_THEN_GPU_FULL,UNKNOWN_UNTIL_PILOT,BLOCKED_RESOURCE_UNMEASURED,mechanism_manifest+predictions+validation,NONE_TINY;GPU_FULL_SEPARATE_AUTHORITY,STRONG_RECOMMENDED,L4-H1;L4-H7
run-5476adff07396492b19ea874,controlled_synthetic,base_plus_review_budget_contraction,review_budget_contraction,feature;graph;recent,uniform_average,5,mechanism_declared,mechanism_declared,fixed,none,none,none,review_budget_contraction,NOT_APPLICABLE,CPU_TINY_THEN_GPU_FULL,UNKNOWN_UNTIL_PILOT,BLOCKED_RESOURCE_UNMEASURED,mechanism_manifest+predictions+validation,NONE_TINY;GPU_FULL_SEPARATE_AUTHORITY,STRONG_RECOMMENDED,L4-H1;L4-H7
run-1a8e7b1d27217c3152a02e24,controlled_synthetic,base_plus_review_budget_contraction,review_budget_contraction,feature;graph;recent,coregraph,6,mechanism_declared,mechanism_declared,hierarchical,none,none,none,review_budget_contraction,NOT_APPLICABLE,CPU_TINY_THEN_GPU_FULL,UNKNOWN_UNTIL_PILOT,BLOCKED_RESOURCE_UNMEASURED,mechanism_manifest+predictions+validation,NONE_TINY;GPU_FULL_SEPARATE_AUTHORITY,FULL_MUST_RUN,L4-H1;L4-H7
run-a2afc355d7dce1b68c42c0ad,controlled_synthetic,base_plus_review_budget_contraction,review_budget_contraction,feature;graph;recent,protocol_one_hot,6,mechanism_declared,mechanism_declared,contract,none,protocol_one_hot,none,review_budget_contraction,NOT_APPLICABLE,CPU_TINY_THEN_GPU_FULL,UNKNOWN_UNTIL_PILOT,BLOCKED_RESOURCE_UNMEASURED,mechanism_manifest+predictions+validation,NONE_TINY;GPU_FULL_SEPARATE_AUTHORITY,FULL_MUST_RUN,L4-H1;L4-H7
run-a937128b06b47a818337e561,controlled_synthetic,base_plus_review_budget_contraction,review_budget_contraction,feature;graph;recent,flat_contract_mlp,6,mechanism_declared,mechanism_declared,contract,none,flat,none,review_budget_contraction,NOT_APPLICABLE,CPU_TINY_THEN_GPU_FULL,UNKNOWN_UNTIL_PILOT,BLOCKED_RESOURCE_UNMEASURED,mechanism_manifest+predictions+validation,NONE_TINY;GPU_FULL_SEPARATE_AUTHORITY,STRONG_RECOMMENDED,L4-H1;L4-H7
run-d8c31cb62549ac7f93fd5a98,controlled_synthetic,base_plus_review_budget_contraction,review_budget_contraction,feature;graph;recent,uniform_average,6,mechanism_declared,mechanism_declared,fixed,none,none,none,review_budget_contraction,NOT_APPLICABLE,CPU_TINY_THEN_GPU_FULL,UNKNOWN_UNTIL_PILOT,BLOCKED_RESOURCE_UNMEASURED,mechanism_manifest+predictions+validation,NONE_TINY;GPU_FULL_SEPARATE_AUTHORITY,STRONG_RECOMMENDED,L4-H1;L4-H7
run-ca264fbca9908b891b2ede12,controlled_synthetic,base_plus_review_budget_contraction,review_budget_contraction,feature;graph;recent,coregraph,7,mechanism_declared,mechanism_declared,hierarchical,none,none,none,review_budget_contraction,NOT_APPLICABLE,CPU_TINY_THEN_GPU_FULL,UNKNOWN_UNTIL_PILOT,BLOCKED_RESOURCE_UNMEASURED,mechanism_manifest+predictions+validation,NONE_TINY;GPU_FULL_SEPARATE_AUTHORITY,FULL_MUST_RUN,L4-H1;L4-H7
run-6aa5294af697ad25033de54e,controlled_synthetic,base_plus_review_budget_contraction,review_budget_contraction,feature;graph;recent,protocol_one_hot,7,mechanism_declared,mechanism_declared,contract,none,protocol_one_hot,none,review_budget_contraction,NOT_APPLICABLE,CPU_TINY_THEN_GPU_FULL,UNKNOWN_UNTIL_PILOT,BLOCKED_RESOURCE_UNMEASURED,mechanism_manifest+predictions+validation,NONE_TINY;GPU_FULL_SEPARATE_AUTHORITY,FULL_MUST_RUN,L4-H1;L4-H7
run-0b6eecd864b0ad7ba15104f1,controlled_synthetic,base_plus_review_budget_contraction,review_budget_contraction,feature;graph;recent,flat_contract_mlp,7,mechanism_declared,mechanism_declared,contract,none,flat,none,review_budget_contraction,NOT_APPLICABLE,CPU_TINY_THEN_GPU_FULL,UNKNOWN_UNTIL_PILOT,BLOCKED_RESOURCE_UNMEASURED,mechanism_manifest+predictions+validation,NONE_TINY;GPU_FULL_SEPARATE_AUTHORITY,STRONG_RECOMMENDED,L4-H1;L4-H7
run-4e1e40c1979ba872706f53bf,controlled_synthetic,base_plus_review_budget_contraction,review_budget_contraction,feature;graph;recent,uniform_average,7,mechanism_declared,mechanism_declared,fixed,none,none,none,review_budget_contraction,NOT_APPLICABLE,CPU_TINY_THEN_GPU_FULL,UNKNOWN_UNTIL_PILOT,BLOCKED_RESOURCE_UNMEASURED,mechanism_manifest+predictions+validation,NONE_TINY;GPU_FULL_SEPARATE_AUTHORITY,STRONG_RECOMMENDED,L4-H1;L4-H7
run-9a189f4269b63c0d0399791c,controlled_synthetic,base_plus_review_budget_contraction,review_budget_contraction,feature;graph;recent,coregraph,8,mechanism_declared,mechanism_declared,hierarchical,none,none,none,review_budget_contraction,NOT_APPLICABLE,CPU_TINY_THEN_GPU_FULL,UNKNOWN_UNTIL_PILOT,BLOCKED_RESOURCE_UNMEASURED,mechanism_manifest+predictions+validation,NONE_TINY;GPU_FULL_SEPARATE_AUTHORITY,FULL_MUST_RUN,L4-H1;L4-H7
run-e8067c17191d98ae347dad73,controlled_synthetic,base_plus_review_budget_contraction,review_budget_contraction,feature;graph;recent,protocol_one_hot,8,mechanism_declared,mechanism_declared,contract,none,protocol_one_hot,none,review_budget_contraction,NOT_APPLICABLE,CPU_TINY_THEN_GPU_FULL,UNKNOWN_UNTIL_PILOT,BLOCKED_RESOURCE_UNMEASURED,mechanism_manifest+predictions+validation,NONE_TINY;GPU_FULL_SEPARATE_AUTHORITY,FULL_MUST_RUN,L4-H1;L4-H7
run-d117639b17aa7760d424e920,controlled_synthetic,base_plus_review_budget_contraction,review_budget_contraction,feature;graph;recent,flat_contract_mlp,8,mechanism_declared,mechanism_declared,contract,none,flat,none,review_budget_contraction,NOT_APPLICABLE,CPU_TINY_THEN_GPU_FULL,UNKNOWN_UNTIL_PILOT,BLOCKED_RESOURCE_UNMEASURED,mechanism_manifest+predictions+validation,NONE_TINY;GPU_FULL_SEPARATE_AUTHORITY,STRONG_RECOMMENDED,L4-H1;L4-H7
run-7d2fbcde8308239e03b75452,controlled_synthetic,base_plus_review_budget_contraction,review_budget_contraction,feature;graph;recent,uniform_average,8,mechanism_declared,mechanism_declared,fixed,none,none,none,review_budget_contraction,NOT_APPLICABLE,CPU_TINY_THEN_GPU_FULL,UNKNOWN_UNTIL_PILOT,BLOCKED_RESOURCE_UNMEASURED,mechanism_manifest+predictions+validation,NONE_TINY;GPU_FULL_SEPARATE_AUTHORITY,STRONG_RECOMMENDED,L4-H1;L4-H7
run-e908d4aa1dd9c24c320b4b08,controlled_synthetic,base_plus_review_budget_contraction,review_budget_contraction,feature;graph;recent,coregraph,9,mechanism_declared,mechanism_declared,hierarchical,none,none,none,review_budget_contraction,NOT_APPLICABLE,CPU_TINY_THEN_GPU_FULL,UNKNOWN_UNTIL_PILOT,BLOCKED_RESOURCE_UNMEASURED,mechanism_manifest+predictions+validation,NONE_TINY;GPU_FULL_SEPARATE_AUTHORITY,FULL_MUST_RUN,L4-H1;L4-H7
run-81429a000cd97b03912ee18b,controlled_synthetic,base_plus_review_budget_contraction,review_budget_contraction,feature;graph;recent,protocol_one_hot,9,mechanism_declared,mechanism_declared,contract,none,protocol_one_hot,none,review_budget_contraction,NOT_APPLICABLE,CPU_TINY_THEN_GPU_FULL,UNKNOWN_UNTIL_PILOT,BLOCKED_RESOURCE_UNMEASURED,mechanism_manifest+predictions+validation,NONE_TINY;GPU_FULL_SEPARATE_AUTHORITY,FULL_MUST_RUN,L4-H1;L4-H7
run-d650ecbe7f8a2e9af6ac3654,controlled_synthetic,base_plus_review_budget_contraction,review_budget_contraction,feature;graph;recent,flat_contract_mlp,9,mechanism_declared,mechanism_declared,contract,none,flat,none,review_budget_contraction,NOT_APPLICABLE,CPU_TINY_THEN_GPU_FULL,UNKNOWN_UNTIL_PILOT,BLOCKED_RESOURCE_UNMEASURED,mechanism_manifest+predictions+validation,NONE_TINY;GPU_FULL_SEPARATE_AUTHORITY,STRONG_RECOMMENDED,L4-H1;L4-H7
run-d69ef1115f20c60e7710468a,controlled_synthetic,base_plus_review_budget_contraction,review_budget_contraction,feature;graph;recent,uniform_average,9,mechanism_declared,mechanism_declared,fixed,none,none,none,review_budget_contraction,NOT_APPLICABLE,CPU_TINY_THEN_GPU_FULL,UNKNOWN_UNTIL_PILOT,BLOCKED_RESOURCE_UNMEASURED,mechanism_manifest+predictions+validation,NONE_TINY;GPU_FULL_SEPARATE_AUTHORITY,STRONG_RECOMMENDED,L4-H1;L4-H7
run-c0b69d9ccef09fae0b3e21c2,controlled_synthetic,base_plus_review_budget_contraction,review_budget_contraction,feature;graph;recent,coregraph,10,mechanism_declared,mechanism_declared,hierarchical,none,none,none,review_budget_contraction,NOT_APPLICABLE,CPU_TINY_THEN_GPU_FULL,UNKNOWN_UNTIL_PILOT,BLOCKED_RESOURCE_UNMEASURED,mechanism_manifest+predictions+validation,NONE_TINY;GPU_FULL_SEPARATE_AUTHORITY,FULL_MUST_RUN,L4-H1;L4-H7
run-2bb97801dee410e426cc3421,controlled_synthetic,base_plus_review_budget_contraction,review_budget_contraction,feature;graph;recent,protocol_one_hot,10,mechanism_declared,mechanism_declared,contract,none,protocol_one_hot,none,review_budget_contraction,NOT_APPLICABLE,CPU_TINY_THEN_GPU_FULL,UNKNOWN_UNTIL_PILOT,BLOCKED_RESOURCE_UNMEASURED,mechanism_manifest+predictions+validation,NONE_TINY;GPU_FULL_SEPARATE_AUTHORITY,FULL_MUST_RUN,L4-H1;L4-H7
run-22ebbcdd34d5fecbc718c434,controlled_synthetic,base_plus_review_budget_contraction,review_budget_contraction,feature;graph;recent,flat_contract_mlp,10,mechanism_declared,mechanism_declared,contract,none,flat,none,review_budget_contraction,NOT_APPLICABLE,CPU_TINY_THEN_GPU_FULL,UNKNOWN_UNTIL_PILOT,BLOCKED_RESOURCE_UNMEASURED,mechanism_manifest+predictions+validation,NONE_TINY;GPU_FULL_SEPARATE_AUTHORITY,STRONG_RECOMMENDED,L4-H1;L4-H7
run-aca4c1d42d5ef91c2ef78b11,controlled_synthetic,base_plus_review_budget_contraction,review_budget_contraction,feature;graph;recent,uniform_average,10,mechanism_declared,mechanism_declared,fixed,none,none,none,review_budget_contraction,NOT_APPLICABLE,CPU_TINY_THEN_GPU_FULL,UNKNOWN_UNTIL_PILOT,BLOCKED_RESOURCE_UNMEASURED,mechanism_manifest+predictions+validation,NONE_TINY;GPU_FULL_SEPARATE_AUTHORITY,STRONG_RECOMMENDED,L4-H1;L4-H7
run-6eeb3d3bf6b2586da1a37861,controlled_synthetic,base_plus_correlated_graph_feature_shift,correlated_graph_feature_shift,feature;graph;recent,coregraph,1,mechanism_declared,mechanism_declared,hierarchical,none,none,none,correlated_graph_feature_shift,NOT_APPLICABLE,CPU_TINY_THEN_GPU_FULL,UNKNOWN_UNTIL_PILOT,BLOCKED_RESOURCE_UNMEASURED,mechanism_manifest+predictions+validation,NONE_TINY;GPU_FULL_SEPARATE_AUTHORITY,FULL_MUST_RUN,L4-H1;L4-H7
run-1b67fc9bb67d1d9ac04fc88d,controlled_synthetic,base_plus_correlated_graph_feature_shift,correlated_graph_feature_shift,feature;graph;recent,protocol_one_hot,1,mechanism_declared,mechanism_declared,contract,none,protocol_one_hot,none,correlated_graph_feature_shift,NOT_APPLICABLE,CPU_TINY_THEN_GPU_FULL,UNKNOWN_UNTIL_PILOT,BLOCKED_RESOURCE_UNMEASURED,mechanism_manifest+predictions+validation,NONE_TINY;GPU_FULL_SEPARATE_AUTHORITY,FULL_MUST_RUN,L4-H1;L4-H7
run-24a9f66d2ad4765b7e243a32,controlled_synthetic,base_plus_correlated_graph_feature_shift,correlated_graph_feature_shift,feature;graph;recent,flat_contract_mlp,1,mechanism_declared,mechanism_declared,contract,none,flat,none,correlated_graph_feature_shift,NOT_APPLICABLE,CPU_TINY_THEN_GPU_FULL,UNKNOWN_UNTIL_PILOT,BLOCKED_RESOURCE_UNMEASURED,mechanism_manifest+predictions+validation,NONE_TINY;GPU_FULL_SEPARATE_AUTHORITY,STRONG_RECOMMENDED,L4-H1;L4-H7
run-0f81ab05aea9d456b44d885b,controlled_synthetic,base_plus_correlated_graph_feature_shift,correlated_graph_feature_shift,feature;graph;recent,uniform_average,1,mechanism_declared,mechanism_declared,fixed,none,none,none,correlated_graph_feature_shift,NOT_APPLICABLE,CPU_TINY_THEN_GPU_FULL,UNKNOWN_UNTIL_PILOT,BLOCKED_RESOURCE_UNMEASURED,mechanism_manifest+predictions+validation,NONE_TINY;GPU_FULL_SEPARATE_AUTHORITY,STRONG_RECOMMENDED,L4-H1;L4-H7
run-bd0a4b9f3edffc12615576f8,controlled_synthetic,base_plus_correlated_graph_feature_shift,correlated_graph_feature_shift,feature;graph;recent,coregraph,2,mechanism_declared,mechanism_declared,hierarchical,none,none,none,correlated_graph_feature_shift,NOT_APPLICABLE,CPU_TINY_THEN_GPU_FULL,UNKNOWN_UNTIL_PILOT,BLOCKED_RESOURCE_UNMEASURED,mechanism_manifest+predictions+validation,NONE_TINY;GPU_FULL_SEPARATE_AUTHORITY,FULL_MUST_RUN,L4-H1;L4-H7
run-7c3678b60dd1f1374f2fa3bd,controlled_synthetic,base_plus_correlated_graph_feature_shift,correlated_graph_feature_shift,feature;graph;recent,protocol_one_hot,2,mechanism_declared,mechanism_declared,contract,none,protocol_one_hot,none,correlated_graph_feature_shift,NOT_APPLICABLE,CPU_TINY_THEN_GPU_FULL,UNKNOWN_UNTIL_PILOT,BLOCKED_RESOURCE_UNMEASURED,mechanism_manifest+predictions+validation,NONE_TINY;GPU_FULL_SEPARATE_AUTHORITY,FULL_MUST_RUN,L4-H1;L4-H7
run-524a28d7ae4b9a91ea0e576b,controlled_synthetic,base_plus_correlated_graph_feature_shift,correlated_graph_feature_shift,feature;graph;recent,flat_contract_mlp,2,mechanism_declared,mechanism_declared,contract,none,flat,none,correlated_graph_feature_shift,NOT_APPLICABLE,CPU_TINY_THEN_GPU_FULL,UNKNOWN_UNTIL_PILOT,BLOCKED_RESOURCE_UNMEASURED,mechanism_manifest+predictions+validation,NONE_TINY;GPU_FULL_SEPARATE_AUTHORITY,STRONG_RECOMMENDED,L4-H1;L4-H7
run-5494fa6b5869ac563f4989e8,controlled_synthetic,base_plus_correlated_graph_feature_shift,correlated_graph_feature_shift,feature;graph;recent,uniform_average,2,mechanism_declared,mechanism_declared,fixed,none,none,none,correlated_graph_feature_shift,NOT_APPLICABLE,CPU_TINY_THEN_GPU_FULL,UNKNOWN_UNTIL_PILOT,BLOCKED_RESOURCE_UNMEASURED,mechanism_manifest+predictions+validation,NONE_TINY;GPU_FULL_SEPARATE_AUTHORITY,STRONG_RECOMMENDED,L4-H1;L4-H7
run-c2fc2d8699239cac0ba97a2c,controlled_synthetic,base_plus_correlated_graph_feature_shift,correlated_graph_feature_shift,feature;graph;recent,coregraph,3,mechanism_declared,mechanism_declared,hierarchical,none,none,none,correlated_graph_feature_shift,NOT_APPLICABLE,CPU_TINY_THEN_GPU_FULL,UNKNOWN_UNTIL_PILOT,BLOCKED_RESOURCE_UNMEASURED,mechanism_manifest+predictions+validation,NONE_TINY;GPU_FULL_SEPARATE_AUTHORITY,FULL_MUST_RUN,L4-H1;L4-H7
run-458e3dad242ddbb50a25cd66,controlled_synthetic,base_plus_correlated_graph_feature_shift,correlated_graph_feature_shift,feature;graph;recent,protocol_one_hot,3,mechanism_declared,mechanism_declared,contract,none,protocol_one_hot,none,correlated_graph_feature_shift,NOT_APPLICABLE,CPU_TINY_THEN_GPU_FULL,UNKNOWN_UNTIL_PILOT,BLOCKED_RESOURCE_UNMEASURED,mechanism_manifest+predictions+validation,NONE_TINY;GPU_FULL_SEPARATE_AUTHORITY,FULL_MUST_RUN,L4-H1;L4-H7
run-79bf5db33c8e393a9fa81210,controlled_synthetic,base_plus_correlated_graph_feature_shift,correlated_graph_feature_shift,feature;graph;recent,flat_contract_mlp,3,mechanism_declared,mechanism_declared,contract,none,flat,none,correlated_graph_feature_shift,NOT_APPLICABLE,CPU_TINY_THEN_GPU_FULL,UNKNOWN_UNTIL_PILOT,BLOCKED_RESOURCE_UNMEASURED,mechanism_manifest+predictions+validation,NONE_TINY;GPU_FULL_SEPARATE_AUTHORITY,STRONG_RECOMMENDED,L4-H1;L4-H7
run-31bc463f707df5c75c310da3,controlled_synthetic,base_plus_correlated_graph_feature_shift,correlated_graph_feature_shift,feature;graph;recent,uniform_average,3,mechanism_declared,mechanism_declared,fixed,none,none,none,correlated_graph_feature_shift,NOT_APPLICABLE,CPU_TINY_THEN_GPU_FULL,UNKNOWN_UNTIL_PILOT,BLOCKED_RESOURCE_UNMEASURED,mechanism_manifest+predictions+validation,NONE_TINY;GPU_FULL_SEPARATE_AUTHORITY,STRONG_RECOMMENDED,L4-H1;L4-H7
run-8d0e1bc2b829ef13536760c6,controlled_synthetic,base_plus_correlated_graph_feature_shift,correlated_graph_feature_shift,feature;graph;recent,coregraph,4,mechanism_declared,mechanism_declared,hierarchical,none,none,none,correlated_graph_feature_shift,NOT_APPLICABLE,CPU_TINY_THEN_GPU_FULL,UNKNOWN_UNTIL_PILOT,BLOCKED_RESOURCE_UNMEASURED,mechanism_manifest+predictions+validation,NONE_TINY;GPU_FULL_SEPARATE_AUTHORITY,FULL_MUST_RUN,L4-H1;L4-H7
run-32f955799b1d84dcee6a4808,controlled_synthetic,base_plus_correlated_graph_feature_shift,correlated_graph_feature_shift,feature;graph;recent,protocol_one_hot,4,mechanism_declared,mechanism_declared,contract,none,protocol_one_hot,none,correlated_graph_feature_shift,NOT_APPLICABLE,CPU_TINY_THEN_GPU_FULL,UNKNOWN_UNTIL_PILOT,BLOCKED_RESOURCE_UNMEASURED,mechanism_manifest+predictions+validation,NONE_TINY;GPU_FULL_SEPARATE_AUTHORITY,FULL_MUST_RUN,L4-H1;L4-H7
run-0cebbbc16ef619e00a859ec3,controlled_synthetic,base_plus_correlated_graph_feature_shift,correlated_graph_feature_shift,feature;graph;recent,flat_contract_mlp,4,mechanism_declared,mechanism_declared,contract,none,flat,none,correlated_graph_feature_shift,NOT_APPLICABLE,CPU_TINY_THEN_GPU_FULL,UNKNOWN_UNTIL_PILOT,BLOCKED_RESOURCE_UNMEASURED,mechanism_manifest+predictions+validation,NONE_TINY;GPU_FULL_SEPARATE_AUTHORITY,STRONG_RECOMMENDED,L4-H1;L4-H7
run-20e921a7520ff5e58639109a,controlled_synthetic,base_plus_correlated_graph_feature_shift,correlated_graph_feature_shift,feature;graph;recent,uniform_average,4,mechanism_declared,mechanism_declared,fixed,none,none,none,correlated_graph_feature_shift,NOT_APPLICABLE,CPU_TINY_THEN_GPU_FULL,UNKNOWN_UNTIL_PILOT,BLOCKED_RESOURCE_UNMEASURED,mechanism_manifest+predictions+validation,NONE_TINY;GPU_FULL_SEPARATE_AUTHORITY,STRONG_RECOMMENDED,L4-H1;L4-H7
run-9d9d67601d8686d46f303ba4,controlled_synthetic,base_plus_correlated_graph_feature_shift,correlated_graph_feature_shift,feature;graph;recent,coregraph,5,mechanism_declared,mechanism_declared,hierarchical,none,none,none,correlated_graph_feature_shift,NOT_APPLICABLE,CPU_TINY_THEN_GPU_FULL,UNKNOWN_UNTIL_PILOT,BLOCKED_RESOURCE_UNMEASURED,mechanism_manifest+predictions+validation,NONE_TINY;GPU_FULL_SEPARATE_AUTHORITY,FULL_MUST_RUN,L4-H1;L4-H7
run-fdb19de4b186ce5b27d806df,controlled_synthetic,base_plus_correlated_graph_feature_shift,correlated_graph_feature_shift,feature;graph;recent,protocol_one_hot,5,mechanism_declared,mechanism_declared,contract,none,protocol_one_hot,none,correlated_graph_feature_shift,NOT_APPLICABLE,CPU_TINY_THEN_GPU_FULL,UNKNOWN_UNTIL_PILOT,BLOCKED_RESOURCE_UNMEASURED,mechanism_manifest+predictions+validation,NONE_TINY;GPU_FULL_SEPARATE_AUTHORITY,FULL_MUST_RUN,L4-H1;L4-H7
run-6cacd27355c114461758707c,controlled_synthetic,base_plus_correlated_graph_feature_shift,correlated_graph_feature_shift,feature;graph;recent,flat_contract_mlp,5,mechanism_declared,mechanism_declared,contract,none,flat,none,correlated_graph_feature_shift,NOT_APPLICABLE,CPU_TINY_THEN_GPU_FULL,UNKNOWN_UNTIL_PILOT,BLOCKED_RESOURCE_UNMEASURED,mechanism_manifest+predictions+validation,NONE_TINY;GPU_FULL_SEPARATE_AUTHORITY,STRONG_RECOMMENDED,L4-H1;L4-H7
run-4cee211a20c4517598f8f4d3,controlled_synthetic,base_plus_correlated_graph_feature_shift,correlated_graph_feature_shift,feature;graph;recent,uniform_average,5,mechanism_declared,mechanism_declared,fixed,none,none,none,correlated_graph_feature_shift,NOT_APPLICABLE,CPU_TINY_THEN_GPU_FULL,UNKNOWN_UNTIL_PILOT,BLOCKED_RESOURCE_UNMEASURED,mechanism_manifest+predictions+validation,NONE_TINY;GPU_FULL_SEPARATE_AUTHORITY,STRONG_RECOMMENDED,L4-H1;L4-H7
run-ce2ec12007b7e13de17ce3d6,controlled_synthetic,base_plus_correlated_graph_feature_shift,correlated_graph_feature_shift,feature;graph;recent,coregraph,6,mechanism_declared,mechanism_declared,hierarchical,none,none,none,correlated_graph_feature_shift,NOT_APPLICABLE,CPU_TINY_THEN_GPU_FULL,UNKNOWN_UNTIL_PILOT,BLOCKED_RESOURCE_UNMEASURED,mechanism_manifest+predictions+validation,NONE_TINY;GPU_FULL_SEPARATE_AUTHORITY,FULL_MUST_RUN,L4-H1;L4-H7
run-242b1faab1a37a7cf41dc2c0,controlled_synthetic,base_plus_correlated_graph_feature_shift,correlated_graph_feature_shift,feature;graph;recent,protocol_one_hot,6,mechanism_declared,mechanism_declared,contract,none,protocol_one_hot,none,correlated_graph_feature_shift,NOT_APPLICABLE,CPU_TINY_THEN_GPU_FULL,UNKNOWN_UNTIL_PILOT,BLOCKED_RESOURCE_UNMEASURED,mechanism_manifest+predictions+validation,NONE_TINY;GPU_FULL_SEPARATE_AUTHORITY,FULL_MUST_RUN,L4-H1;L4-H7
run-acdf48debf2f31be1837d1d5,controlled_synthetic,base_plus_correlated_graph_feature_shift,correlated_graph_feature_shift,feature;graph;recent,flat_contract_mlp,6,mechanism_declared,mechanism_declared,contract,none,flat,none,correlated_graph_feature_shift,NOT_APPLICABLE,CPU_TINY_THEN_GPU_FULL,UNKNOWN_UNTIL_PILOT,BLOCKED_RESOURCE_UNMEASURED,mechanism_manifest+predictions+validation,NONE_TINY;GPU_FULL_SEPARATE_AUTHORITY,STRONG_RECOMMENDED,L4-H1;L4-H7
run-4639baadd79622888c2b1d49,controlled_synthetic,base_plus_correlated_graph_feature_shift,correlated_graph_feature_shift,feature;graph;recent,uniform_average,6,mechanism_declared,mechanism_declared,fixed,none,none,none,correlated_graph_feature_shift,NOT_APPLICABLE,CPU_TINY_THEN_GPU_FULL,UNKNOWN_UNTIL_PILOT,BLOCKED_RESOURCE_UNMEASURED,mechanism_manifest+predictions+validation,NONE_TINY;GPU_FULL_SEPARATE_AUTHORITY,STRONG_RECOMMENDED,L4-H1;L4-H7
run-e165adcd58cc8cdea8b57fba,controlled_synthetic,base_plus_correlated_graph_feature_shift,correlated_graph_feature_shift,feature;graph;recent,coregraph,7,mechanism_declared,mechanism_declared,hierarchical,none,none,none,correlated_graph_feature_shift,NOT_APPLICABLE,CPU_TINY_THEN_GPU_FULL,UNKNOWN_UNTIL_PILOT,BLOCKED_RESOURCE_UNMEASURED,mechanism_manifest+predictions+validation,NONE_TINY;GPU_FULL_SEPARATE_AUTHORITY,FULL_MUST_RUN,L4-H1;L4-H7
run-14280156236973572bf1bcb5,controlled_synthetic,base_plus_correlated_graph_feature_shift,correlated_graph_feature_shift,feature;graph;recent,protocol_one_hot,7,mechanism_declared,mechanism_declared,contract,none,protocol_one_hot,none,correlated_graph_feature_shift,NOT_APPLICABLE,CPU_TINY_THEN_GPU_FULL,UNKNOWN_UNTIL_PILOT,BLOCKED_RESOURCE_UNMEASURED,mechanism_manifest+predictions+validation,NONE_TINY;GPU_FULL_SEPARATE_AUTHORITY,FULL_MUST_RUN,L4-H1;L4-H7
run-ee4c84e6bc5afb7c52f9a7cb,controlled_synthetic,base_plus_correlated_graph_feature_shift,correlated_graph_feature_shift,feature;graph;recent,flat_contract_mlp,7,mechanism_declared,mechanism_declared,contract,none,flat,none,correlated_graph_feature_shift,NOT_APPLICABLE,CPU_TINY_THEN_GPU_FULL,UNKNOWN_UNTIL_PILOT,BLOCKED_RESOURCE_UNMEASURED,mechanism_manifest+predictions+validation,NONE_TINY;GPU_FULL_SEPARATE_AUTHORITY,STRONG_RECOMMENDED,L4-H1;L4-H7
run-f115a0bd3b071cb9bff03366,controlled_synthetic,base_plus_correlated_graph_feature_shift,correlated_graph_feature_shift,feature;graph;recent,uniform_average,7,mechanism_declared,mechanism_declared,fixed,none,none,none,correlated_graph_feature_shift,NOT_APPLICABLE,CPU_TINY_THEN_GPU_FULL,UNKNOWN_UNTIL_PILOT,BLOCKED_RESOURCE_UNMEASURED,mechanism_manifest+predictions+validation,NONE_TINY;GPU_FULL_SEPARATE_AUTHORITY,STRONG_RECOMMENDED,L4-H1;L4-H7
run-0e4a1d787203ea64027b8178,controlled_synthetic,base_plus_correlated_graph_feature_shift,correlated_graph_feature_shift,feature;graph;recent,coregraph,8,mechanism_declared,mechanism_declared,hierarchical,none,none,none,correlated_graph_feature_shift,NOT_APPLICABLE,CPU_TINY_THEN_GPU_FULL,UNKNOWN_UNTIL_PILOT,BLOCKED_RESOURCE_UNMEASURED,mechanism_manifest+predictions+validation,NONE_TINY;GPU_FULL_SEPARATE_AUTHORITY,FULL_MUST_RUN,L4-H1;L4-H7
run-a82a0e032379e51e384e2cf4,controlled_synthetic,base_plus_correlated_graph_feature_shift,correlated_graph_feature_shift,feature;graph;recent,protocol_one_hot,8,mechanism_declared,mechanism_declared,contract,none,protocol_one_hot,none,correlated_graph_feature_shift,NOT_APPLICABLE,CPU_TINY_THEN_GPU_FULL,UNKNOWN_UNTIL_PILOT,BLOCKED_RESOURCE_UNMEASURED,mechanism_manifest+predictions+validation,NONE_TINY;GPU_FULL_SEPARATE_AUTHORITY,FULL_MUST_RUN,L4-H1;L4-H7
run-cb7dff5a473fce246737cad2,controlled_synthetic,base_plus_correlated_graph_feature_shift,correlated_graph_feature_shift,feature;graph;recent,flat_contract_mlp,8,mechanism_declared,mechanism_declared,contract,none,flat,none,correlated_graph_feature_shift,NOT_APPLICABLE,CPU_TINY_THEN_GPU_FULL,UNKNOWN_UNTIL_PILOT,BLOCKED_RESOURCE_UNMEASURED,mechanism_manifest+predictions+validation,NONE_TINY;GPU_FULL_SEPARATE_AUTHORITY,STRONG_RECOMMENDED,L4-H1;L4-H7
run-2ff7aad2140ce36403d72c32,controlled_synthetic,base_plus_correlated_graph_feature_shift,correlated_graph_feature_shift,feature;graph;recent,uniform_average,8,mechanism_declared,mechanism_declared,fixed,none,none,none,correlated_graph_feature_shift,NOT_APPLICABLE,CPU_TINY_THEN_GPU_FULL,UNKNOWN_UNTIL_PILOT,BLOCKED_RESOURCE_UNMEASURED,mechanism_manifest+predictions+validation,NONE_TINY;GPU_FULL_SEPARATE_AUTHORITY,STRONG_RECOMMENDED,L4-H1;L4-H7
run-fe99d6a5ae6b591b104d7f9f,controlled_synthetic,base_plus_correlated_graph_feature_shift,correlated_graph_feature_shift,feature;graph;recent,coregraph,9,mechanism_declared,mechanism_declared,hierarchical,none,none,none,correlated_graph_feature_shift,NOT_APPLICABLE,CPU_TINY_THEN_GPU_FULL,UNKNOWN_UNTIL_PILOT,BLOCKED_RESOURCE_UNMEASURED,mechanism_manifest+predictions+validation,NONE_TINY;GPU_FULL_SEPARATE_AUTHORITY,FULL_MUST_RUN,L4-H1;L4-H7
run-04384129b7dd1333de8e37ee,controlled_synthetic,base_plus_correlated_graph_feature_shift,correlated_graph_feature_shift,feature;graph;recent,protocol_one_hot,9,mechanism_declared,mechanism_declared,contract,none,protocol_one_hot,none,correlated_graph_feature_shift,NOT_APPLICABLE,CPU_TINY_THEN_GPU_FULL,UNKNOWN_UNTIL_PILOT,BLOCKED_RESOURCE_UNMEASURED,mechanism_manifest+predictions+validation,NONE_TINY;GPU_FULL_SEPARATE_AUTHORITY,FULL_MUST_RUN,L4-H1;L4-H7
run-e4400937f0c94f9ab750f98b,controlled_synthetic,base_plus_correlated_graph_feature_shift,correlated_graph_feature_shift,feature;graph;recent,flat_contract_mlp,9,mechanism_declared,mechanism_declared,contract,none,flat,none,correlated_graph_feature_shift,NOT_APPLICABLE,CPU_TINY_THEN_GPU_FULL,UNKNOWN_UNTIL_PILOT,BLOCKED_RESOURCE_UNMEASURED,mechanism_manifest+predictions+validation,NONE_TINY;GPU_FULL_SEPARATE_AUTHORITY,STRONG_RECOMMENDED,L4-H1;L4-H7
run-75a7d7b002f4382ef775d6be,controlled_synthetic,base_plus_correlated_graph_feature_shift,correlated_graph_feature_shift,feature;graph;recent,uniform_average,9,mechanism_declared,mechanism_declared,fixed,none,none,none,correlated_graph_feature_shift,NOT_APPLICABLE,CPU_TINY_THEN_GPU_FULL,UNKNOWN_UNTIL_PILOT,BLOCKED_RESOURCE_UNMEASURED,mechanism_manifest+predictions+validation,NONE_TINY;GPU_FULL_SEPARATE_AUTHORITY,STRONG_RECOMMENDED,L4-H1;L4-H7
run-8a6668072efb1f32fa225001,controlled_synthetic,base_plus_correlated_graph_feature_shift,correlated_graph_feature_shift,feature;graph;recent,coregraph,10,mechanism_declared,mechanism_declared,hierarchical,none,none,none,correlated_graph_feature_shift,NOT_APPLICABLE,CPU_TINY_THEN_GPU_FULL,UNKNOWN_UNTIL_PILOT,BLOCKED_RESOURCE_UNMEASURED,mechanism_manifest+predictions+validation,NONE_TINY;GPU_FULL_SEPARATE_AUTHORITY,FULL_MUST_RUN,L4-H1;L4-H7
run-853b41a04a52e131eb72209f,controlled_synthetic,base_plus_correlated_graph_feature_shift,correlated_graph_feature_shift,feature;graph;recent,protocol_one_hot,10,mechanism_declared,mechanism_declared,contract,none,protocol_one_hot,none,correlated_graph_feature_shift,NOT_APPLICABLE,CPU_TINY_THEN_GPU_FULL,UNKNOWN_UNTIL_PILOT,BLOCKED_RESOURCE_UNMEASURED,mechanism_manifest+predictions+validation,NONE_TINY;GPU_FULL_SEPARATE_AUTHORITY,FULL_MUST_RUN,L4-H1;L4-H7
run-3562232d4e39a9de6309ef2a,controlled_synthetic,base_plus_correlated_graph_feature_shift,correlated_graph_feature_shift,feature;graph;recent,flat_contract_mlp,10,mechanism_declared,mechanism_declared,contract,none,flat,none,correlated_graph_feature_shift,NOT_APPLICABLE,CPU_TINY_THEN_GPU_FULL,UNKNOWN_UNTIL_PILOT,BLOCKED_RESOURCE_UNMEASURED,mechanism_manifest+predictions+validation,NONE_TINY;GPU_FULL_SEPARATE_AUTHORITY,STRONG_RECOMMENDED,L4-H1;L4-H7
run-067eeaf84dd4f4ce796d140e,controlled_synthetic,base_plus_correlated_graph_feature_shift,correlated_graph_feature_shift,feature;graph;recent,uniform_average,10,mechanism_declared,mechanism_declared,fixed,none,none,none,correlated_graph_feature_shift,NOT_APPLICABLE,CPU_TINY_THEN_GPU_FULL,UNKNOWN_UNTIL_PILOT,BLOCKED_RESOURCE_UNMEASURED,mechanism_manifest+predictions+validation,NONE_TINY;GPU_FULL_SEPARATE_AUTHORITY,STRONG_RECOMMENDED,L4-H1;L4-H7
run-1c662c7ade2a6451d1f69aec,controlled_synthetic,base_plus_noisy_contract_metadata,noisy_contract_metadata,feature;graph;recent,coregraph,1,mechanism_declared,mechanism_declared,hierarchical,none,none,none,noisy_contract_metadata,NOT_APPLICABLE,CPU_TINY_THEN_GPU_FULL,UNKNOWN_UNTIL_PILOT,BLOCKED_RESOURCE_UNMEASURED,mechanism_manifest+predictions+validation,NONE_TINY;GPU_FULL_SEPARATE_AUTHORITY,FULL_MUST_RUN,L4-H1;L4-H7
run-8d9a11e69fb8ef39bf5d3c7c,controlled_synthetic,base_plus_noisy_contract_metadata,noisy_contract_metadata,feature;graph;recent,protocol_one_hot,1,mechanism_declared,mechanism_declared,contract,none,protocol_one_hot,none,noisy_contract_metadata,NOT_APPLICABLE,CPU_TINY_THEN_GPU_FULL,UNKNOWN_UNTIL_PILOT,BLOCKED_RESOURCE_UNMEASURED,mechanism_manifest+predictions+validation,NONE_TINY;GPU_FULL_SEPARATE_AUTHORITY,FULL_MUST_RUN,L4-H1;L4-H7
run-0d1d8825b76e11fa71253338,controlled_synthetic,base_plus_noisy_contract_metadata,noisy_contract_metadata,feature;graph;recent,flat_contract_mlp,1,mechanism_declared,mechanism_declared,contract,none,flat,none,noisy_contract_metadata,NOT_APPLICABLE,CPU_TINY_THEN_GPU_FULL,UNKNOWN_UNTIL_PILOT,BLOCKED_RESOURCE_UNMEASURED,mechanism_manifest+predictions+validation,NONE_TINY;GPU_FULL_SEPARATE_AUTHORITY,STRONG_RECOMMENDED,L4-H1;L4-H7
run-77d977a4ceae6a96866eb380,controlled_synthetic,base_plus_noisy_contract_metadata,noisy_contract_metadata,feature;graph;recent,uniform_average,1,mechanism_declared,mechanism_declared,fixed,none,none,none,noisy_contract_metadata,NOT_APPLICABLE,CPU_TINY_THEN_GPU_FULL,UNKNOWN_UNTIL_PILOT,BLOCKED_RESOURCE_UNMEASURED,mechanism_manifest+predictions+validation,NONE_TINY;GPU_FULL_SEPARATE_AUTHORITY,STRONG_RECOMMENDED,L4-H1;L4-H7
run-c84a14e66614bf796ecbdd87,controlled_synthetic,base_plus_noisy_contract_metadata,noisy_contract_metadata,feature;graph;recent,coregraph,2,mechanism_declared,mechanism_declared,hierarchical,none,none,none,noisy_contract_metadata,NOT_APPLICABLE,CPU_TINY_THEN_GPU_FULL,UNKNOWN_UNTIL_PILOT,BLOCKED_RESOURCE_UNMEASURED,mechanism_manifest+predictions+validation,NONE_TINY;GPU_FULL_SEPARATE_AUTHORITY,FULL_MUST_RUN,L4-H1;L4-H7
run-117ded6ca5819c59379a4cca,controlled_synthetic,base_plus_noisy_contract_metadata,noisy_contract_metadata,feature;graph;recent,protocol_one_hot,2,mechanism_declared,mechanism_declared,contract,none,protocol_one_hot,none,noisy_contract_metadata,NOT_APPLICABLE,CPU_TINY_THEN_GPU_FULL,UNKNOWN_UNTIL_PILOT,BLOCKED_RESOURCE_UNMEASURED,mechanism_manifest+predictions+validation,NONE_TINY;GPU_FULL_SEPARATE_AUTHORITY,FULL_MUST_RUN,L4-H1;L4-H7
run-fa9fc87ccaa224fc45415df5,controlled_synthetic,base_plus_noisy_contract_metadata,noisy_contract_metadata,feature;graph;recent,flat_contract_mlp,2,mechanism_declared,mechanism_declared,contract,none,flat,none,noisy_contract_metadata,NOT_APPLICABLE,CPU_TINY_THEN_GPU_FULL,UNKNOWN_UNTIL_PILOT,BLOCKED_RESOURCE_UNMEASURED,mechanism_manifest+predictions+validation,NONE_TINY;GPU_FULL_SEPARATE_AUTHORITY,STRONG_RECOMMENDED,L4-H1;L4-H7
run-1b801c25801cd266bf6bcf7d,controlled_synthetic,base_plus_noisy_contract_metadata,noisy_contract_metadata,feature;graph;recent,uniform_average,2,mechanism_declared,mechanism_declared,fixed,none,none,none,noisy_contract_metadata,NOT_APPLICABLE,CPU_TINY_THEN_GPU_FULL,UNKNOWN_UNTIL_PILOT,BLOCKED_RESOURCE_UNMEASURED,mechanism_manifest+predictions+validation,NONE_TINY;GPU_FULL_SEPARATE_AUTHORITY,STRONG_RECOMMENDED,L4-H1;L4-H7
run-ebbc78afb656ec3d1124fda2,controlled_synthetic,base_plus_noisy_contract_metadata,noisy_contract_metadata,feature;graph;recent,coregraph,3,mechanism_declared,mechanism_declared,hierarchical,none,none,none,noisy_contract_metadata,NOT_APPLICABLE,CPU_TINY_THEN_GPU_FULL,UNKNOWN_UNTIL_PILOT,BLOCKED_RESOURCE_UNMEASURED,mechanism_manifest+predictions+validation,NONE_TINY;GPU_FULL_SEPARATE_AUTHORITY,FULL_MUST_RUN,L4-H1;L4-H7
run-14919b6efb157ac3c8945013,controlled_synthetic,base_plus_noisy_contract_metadata,noisy_contract_metadata,feature;graph;recent,protocol_one_hot,3,mechanism_declared,mechanism_declared,contract,none,protocol_one_hot,none,noisy_contract_metadata,NOT_APPLICABLE,CPU_TINY_THEN_GPU_FULL,UNKNOWN_UNTIL_PILOT,BLOCKED_RESOURCE_UNMEASURED,mechanism_manifest+predictions+validation,NONE_TINY;GPU_FULL_SEPARATE_AUTHORITY,FULL_MUST_RUN,L4-H1;L4-H7
run-37a87f8a6ff63975374f30b1,controlled_synthetic,base_plus_noisy_contract_metadata,noisy_contract_metadata,feature;graph;recent,flat_contract_mlp,3,mechanism_declared,mechanism_declared,contract,none,flat,none,noisy_contract_metadata,NOT_APPLICABLE,CPU_TINY_THEN_GPU_FULL,UNKNOWN_UNTIL_PILOT,BLOCKED_RESOURCE_UNMEASURED,mechanism_manifest+predictions+validation,NONE_TINY;GPU_FULL_SEPARATE_AUTHORITY,STRONG_RECOMMENDED,L4-H1;L4-H7
run-816358a164eee24d403db4db,controlled_synthetic,base_plus_noisy_contract_metadata,noisy_contract_metadata,feature;graph;recent,uniform_average,3,mechanism_declared,mechanism_declared,fixed,none,none,none,noisy_contract_metadata,NOT_APPLICABLE,CPU_TINY_THEN_GPU_FULL,UNKNOWN_UNTIL_PILOT,BLOCKED_RESOURCE_UNMEASURED,mechanism_manifest+predictions+validation,NONE_TINY;GPU_FULL_SEPARATE_AUTHORITY,STRONG_RECOMMENDED,L4-H1;L4-H7
run-85652d32c560bbde66f39cb7,controlled_synthetic,base_plus_noisy_contract_metadata,noisy_contract_metadata,feature;graph;recent,coregraph,4,mechanism_declared,mechanism_declared,hierarchical,none,none,none,noisy_contract_metadata,NOT_APPLICABLE,CPU_TINY_THEN_GPU_FULL,UNKNOWN_UNTIL_PILOT,BLOCKED_RESOURCE_UNMEASURED,mechanism_manifest+predictions+validation,NONE_TINY;GPU_FULL_SEPARATE_AUTHORITY,FULL_MUST_RUN,L4-H1;L4-H7
run-1180dc28ceda89da769288f4,controlled_synthetic,base_plus_noisy_contract_metadata,noisy_contract_metadata,feature;graph;recent,protocol_one_hot,4,mechanism_declared,mechanism_declared,contract,none,protocol_one_hot,none,noisy_contract_metadata,NOT_APPLICABLE,CPU_TINY_THEN_GPU_FULL,UNKNOWN_UNTIL_PILOT,BLOCKED_RESOURCE_UNMEASURED,mechanism_manifest+predictions+validation,NONE_TINY;GPU_FULL_SEPARATE_AUTHORITY,FULL_MUST_RUN,L4-H1;L4-H7
run-e07adb7c913fed7398904ab6,controlled_synthetic,base_plus_noisy_contract_metadata,noisy_contract_metadata,feature;graph;recent,flat_contract_mlp,4,mechanism_declared,mechanism_declared,contract,none,flat,none,noisy_contract_metadata,NOT_APPLICABLE,CPU_TINY_THEN_GPU_FULL,UNKNOWN_UNTIL_PILOT,BLOCKED_RESOURCE_UNMEASURED,mechanism_manifest+predictions+validation,NONE_TINY;GPU_FULL_SEPARATE_AUTHORITY,STRONG_RECOMMENDED,L4-H1;L4-H7
run-1c5d077dd4e30c58239dcab7,controlled_synthetic,base_plus_noisy_contract_metadata,noisy_contract_metadata,feature;graph;recent,uniform_average,4,mechanism_declared,mechanism_declared,fixed,none,none,none,noisy_contract_metadata,NOT_APPLICABLE,CPU_TINY_THEN_GPU_FULL,UNKNOWN_UNTIL_PILOT,BLOCKED_RESOURCE_UNMEASURED,mechanism_manifest+predictions+validation,NONE_TINY;GPU_FULL_SEPARATE_AUTHORITY,STRONG_RECOMMENDED,L4-H1;L4-H7
run-a39a2f4a438afe43be75a6fc,controlled_synthetic,base_plus_noisy_contract_metadata,noisy_contract_metadata,feature;graph;recent,coregraph,5,mechanism_declared,mechanism_declared,hierarchical,none,none,none,noisy_contract_metadata,NOT_APPLICABLE,CPU_TINY_THEN_GPU_FULL,UNKNOWN_UNTIL_PILOT,BLOCKED_RESOURCE_UNMEASURED,mechanism_manifest+predictions+validation,NONE_TINY;GPU_FULL_SEPARATE_AUTHORITY,FULL_MUST_RUN,L4-H1;L4-H7
run-c074bf196fe792be646256ed,controlled_synthetic,base_plus_noisy_contract_metadata,noisy_contract_metadata,feature;graph;recent,protocol_one_hot,5,mechanism_declared,mechanism_declared,contract,none,protocol_one_hot,none,noisy_contract_metadata,NOT_APPLICABLE,CPU_TINY_THEN_GPU_FULL,UNKNOWN_UNTIL_PILOT,BLOCKED_RESOURCE_UNMEASURED,mechanism_manifest+predictions+validation,NONE_TINY;GPU_FULL_SEPARATE_AUTHORITY,FULL_MUST_RUN,L4-H1;L4-H7
run-6c52f6b54587bb2b83f2379c,controlled_synthetic,base_plus_noisy_contract_metadata,noisy_contract_metadata,feature;graph;recent,flat_contract_mlp,5,mechanism_declared,mechanism_declared,contract,none,flat,none,noisy_contract_metadata,NOT_APPLICABLE,CPU_TINY_THEN_GPU_FULL,UNKNOWN_UNTIL_PILOT,BLOCKED_RESOURCE_UNMEASURED,mechanism_manifest+predictions+validation,NONE_TINY;GPU_FULL_SEPARATE_AUTHORITY,STRONG_RECOMMENDED,L4-H1;L4-H7
run-0584f3dd349d4c14898383f5,controlled_synthetic,base_plus_noisy_contract_metadata,noisy_contract_metadata,feature;graph;recent,uniform_average,5,mechanism_declared,mechanism_declared,fixed,none,none,none,noisy_contract_metadata,NOT_APPLICABLE,CPU_TINY_THEN_GPU_FULL,UNKNOWN_UNTIL_PILOT,BLOCKED_RESOURCE_UNMEASURED,mechanism_manifest+predictions+validation,NONE_TINY;GPU_FULL_SEPARATE_AUTHORITY,STRONG_RECOMMENDED,L4-H1;L4-H7
run-a9505ec667e83dbcdb8cc610,controlled_synthetic,base_plus_noisy_contract_metadata,noisy_contract_metadata,feature;graph;recent,coregraph,6,mechanism_declared,mechanism_declared,hierarchical,none,none,none,noisy_contract_metadata,NOT_APPLICABLE,CPU_TINY_THEN_GPU_FULL,UNKNOWN_UNTIL_PILOT,BLOCKED_RESOURCE_UNMEASURED,mechanism_manifest+predictions+validation,NONE_TINY;GPU_FULL_SEPARATE_AUTHORITY,FULL_MUST_RUN,L4-H1;L4-H7
run-148130bdfd2896fda20a353f,controlled_synthetic,base_plus_noisy_contract_metadata,noisy_contract_metadata,feature;graph;recent,protocol_one_hot,6,mechanism_declared,mechanism_declared,contract,none,protocol_one_hot,none,noisy_contract_metadata,NOT_APPLICABLE,CPU_TINY_THEN_GPU_FULL,UNKNOWN_UNTIL_PILOT,BLOCKED_RESOURCE_UNMEASURED,mechanism_manifest+predictions+validation,NONE_TINY;GPU_FULL_SEPARATE_AUTHORITY,FULL_MUST_RUN,L4-H1;L4-H7
run-1d53ec88ecd5ff3cd2857f8e,controlled_synthetic,base_plus_noisy_contract_metadata,noisy_contract_metadata,feature;graph;recent,flat_contract_mlp,6,mechanism_declared,mechanism_declared,contract,none,flat,none,noisy_contract_metadata,NOT_APPLICABLE,CPU_TINY_THEN_GPU_FULL,UNKNOWN_UNTIL_PILOT,BLOCKED_RESOURCE_UNMEASURED,mechanism_manifest+predictions+validation,NONE_TINY;GPU_FULL_SEPARATE_AUTHORITY,STRONG_RECOMMENDED,L4-H1;L4-H7
run-36e77c3cb766a69b0f153302,controlled_synthetic,base_plus_noisy_contract_metadata,noisy_contract_metadata,feature;graph;recent,uniform_average,6,mechanism_declared,mechanism_declared,fixed,none,none,none,noisy_contract_metadata,NOT_APPLICABLE,CPU_TINY_THEN_GPU_FULL,UNKNOWN_UNTIL_PILOT,BLOCKED_RESOURCE_UNMEASURED,mechanism_manifest+predictions+validation,NONE_TINY;GPU_FULL_SEPARATE_AUTHORITY,STRONG_RECOMMENDED,L4-H1;L4-H7
run-8c6ebe2a5a39e4d6dcbee93d,controlled_synthetic,base_plus_noisy_contract_metadata,noisy_contract_metadata,feature;graph;recent,coregraph,7,mechanism_declared,mechanism_declared,hierarchical,none,none,none,noisy_contract_metadata,NOT_APPLICABLE,CPU_TINY_THEN_GPU_FULL,UNKNOWN_UNTIL_PILOT,BLOCKED_RESOURCE_UNMEASURED,mechanism_manifest+predictions+validation,NONE_TINY;GPU_FULL_SEPARATE_AUTHORITY,FULL_MUST_RUN,L4-H1;L4-H7
run-6e835e89b8883f03708820be,controlled_synthetic,base_plus_noisy_contract_metadata,noisy_contract_metadata,feature;graph;recent,protocol_one_hot,7,mechanism_declared,mechanism_declared,contract,none,protocol_one_hot,none,noisy_contract_metadata,NOT_APPLICABLE,CPU_TINY_THEN_GPU_FULL,UNKNOWN_UNTIL_PILOT,BLOCKED_RESOURCE_UNMEASURED,mechanism_manifest+predictions+validation,NONE_TINY;GPU_FULL_SEPARATE_AUTHORITY,FULL_MUST_RUN,L4-H1;L4-H7
run-f1bc78f37f5faefd9abd7c98,controlled_synthetic,base_plus_noisy_contract_metadata,noisy_contract_metadata,feature;graph;recent,flat_contract_mlp,7,mechanism_declared,mechanism_declared,contract,none,flat,none,noisy_contract_metadata,NOT_APPLICABLE,CPU_TINY_THEN_GPU_FULL,UNKNOWN_UNTIL_PILOT,BLOCKED_RESOURCE_UNMEASURED,mechanism_manifest+predictions+validation,NONE_TINY;GPU_FULL_SEPARATE_AUTHORITY,STRONG_RECOMMENDED,L4-H1;L4-H7
run-dcb01620f5e3a831ea3626c4,controlled_synthetic,base_plus_noisy_contract_metadata,noisy_contract_metadata,feature;graph;recent,uniform_average,7,mechanism_declared,mechanism_declared,fixed,none,none,none,noisy_contract_metadata,NOT_APPLICABLE,CPU_TINY_THEN_GPU_FULL,UNKNOWN_UNTIL_PILOT,BLOCKED_RESOURCE_UNMEASURED,mechanism_manifest+predictions+validation,NONE_TINY;GPU_FULL_SEPARATE_AUTHORITY,STRONG_RECOMMENDED,L4-H1;L4-H7
run-4b022f8c192c845561f820a1,controlled_synthetic,base_plus_noisy_contract_metadata,noisy_contract_metadata,feature;graph;recent,coregraph,8,mechanism_declared,mechanism_declared,hierarchical,none,none,none,noisy_contract_metadata,NOT_APPLICABLE,CPU_TINY_THEN_GPU_FULL,UNKNOWN_UNTIL_PILOT,BLOCKED_RESOURCE_UNMEASURED,mechanism_manifest+predictions+validation,NONE_TINY;GPU_FULL_SEPARATE_AUTHORITY,FULL_MUST_RUN,L4-H1;L4-H7
run-794a37031630edf6970cdfb7,controlled_synthetic,base_plus_noisy_contract_metadata,noisy_contract_metadata,feature;graph;recent,protocol_one_hot,8,mechanism_declared,mechanism_declared,contract,none,protocol_one_hot,none,noisy_contract_metadata,NOT_APPLICABLE,CPU_TINY_THEN_GPU_FULL,UNKNOWN_UNTIL_PILOT,BLOCKED_RESOURCE_UNMEASURED,mechanism_manifest+predictions+validation,NONE_TINY;GPU_FULL_SEPARATE_AUTHORITY,FULL_MUST_RUN,L4-H1;L4-H7
run-a7cc25b8560eb4b66a5c362e,controlled_synthetic,base_plus_noisy_contract_metadata,noisy_contract_metadata,feature;graph;recent,flat_contract_mlp,8,mechanism_declared,mechanism_declared,contract,none,flat,none,noisy_contract_metadata,NOT_APPLICABLE,CPU_TINY_THEN_GPU_FULL,UNKNOWN_UNTIL_PILOT,BLOCKED_RESOURCE_UNMEASURED,mechanism_manifest+predictions+validation,NONE_TINY;GPU_FULL_SEPARATE_AUTHORITY,STRONG_RECOMMENDED,L4-H1;L4-H7
run-df09fb69ccba1fef4ec8bb5b,controlled_synthetic,base_plus_noisy_contract_metadata,noisy_contract_metadata,feature;graph;recent,uniform_average,8,mechanism_declared,mechanism_declared,fixed,none,none,none,noisy_contract_metadata,NOT_APPLICABLE,CPU_TINY_THEN_GPU_FULL,UNKNOWN_UNTIL_PILOT,BLOCKED_RESOURCE_UNMEASURED,mechanism_manifest+predictions+validation,NONE_TINY;GPU_FULL_SEPARATE_AUTHORITY,STRONG_RECOMMENDED,L4-H1;L4-H7
run-c9ab0ff3df9f3331f011c29f,controlled_synthetic,base_plus_noisy_contract_metadata,noisy_contract_metadata,feature;graph;recent,coregraph,9,mechanism_declared,mechanism_declared,hierarchical,none,none,none,noisy_contract_metadata,NOT_APPLICABLE,CPU_TINY_THEN_GPU_FULL,UNKNOWN_UNTIL_PILOT,BLOCKED_RESOURCE_UNMEASURED,mechanism_manifest+predictions+validation,NONE_TINY;GPU_FULL_SEPARATE_AUTHORITY,FULL_MUST_RUN,L4-H1;L4-H7
run-1ac250c8dc160fd91e647c57,controlled_synthetic,base_plus_noisy_contract_metadata,noisy_contract_metadata,feature;graph;recent,protocol_one_hot,9,mechanism_declared,mechanism_declared,contract,none,protocol_one_hot,none,noisy_contract_metadata,NOT_APPLICABLE,CPU_TINY_THEN_GPU_FULL,UNKNOWN_UNTIL_PILOT,BLOCKED_RESOURCE_UNMEASURED,mechanism_manifest+predictions+validation,NONE_TINY;GPU_FULL_SEPARATE_AUTHORITY,FULL_MUST_RUN,L4-H1;L4-H7
run-7c8d693d15310933f4e034e1,controlled_synthetic,base_plus_noisy_contract_metadata,noisy_contract_metadata,feature;graph;recent,flat_contract_mlp,9,mechanism_declared,mechanism_declared,contract,none,flat,none,noisy_contract_metadata,NOT_APPLICABLE,CPU_TINY_THEN_GPU_FULL,UNKNOWN_UNTIL_PILOT,BLOCKED_RESOURCE_UNMEASURED,mechanism_manifest+predictions+validation,NONE_TINY;GPU_FULL_SEPARATE_AUTHORITY,STRONG_RECOMMENDED,L4-H1;L4-H7
run-ea1d7785e3b76bb0f9224873,controlled_synthetic,base_plus_noisy_contract_metadata,noisy_contract_metadata,feature;graph;recent,uniform_average,9,mechanism_declared,mechanism_declared,fixed,none,none,none,noisy_contract_metadata,NOT_APPLICABLE,CPU_TINY_THEN_GPU_FULL,UNKNOWN_UNTIL_PILOT,BLOCKED_RESOURCE_UNMEASURED,mechanism_manifest+predictions+validation,NONE_TINY;GPU_FULL_SEPARATE_AUTHORITY,STRONG_RECOMMENDED,L4-H1;L4-H7
run-621b9086311220fbf3266f99,controlled_synthetic,base_plus_noisy_contract_metadata,noisy_contract_metadata,feature;graph;recent,coregraph,10,mechanism_declared,mechanism_declared,hierarchical,none,none,none,noisy_contract_metadata,NOT_APPLICABLE,CPU_TINY_THEN_GPU_FULL,UNKNOWN_UNTIL_PILOT,BLOCKED_RESOURCE_UNMEASURED,mechanism_manifest+predictions+validation,NONE_TINY;GPU_FULL_SEPARATE_AUTHORITY,FULL_MUST_RUN,L4-H1;L4-H7
run-23f43df6f973e0e9b901a5db,controlled_synthetic,base_plus_noisy_contract_metadata,noisy_contract_metadata,feature;graph;recent,protocol_one_hot,10,mechanism_declared,mechanism_declared,contract,none,protocol_one_hot,none,noisy_contract_metadata,NOT_APPLICABLE,CPU_TINY_THEN_GPU_FULL,UNKNOWN_UNTIL_PILOT,BLOCKED_RESOURCE_UNMEASURED,mechanism_manifest+predictions+validation,NONE_TINY;GPU_FULL_SEPARATE_AUTHORITY,FULL_MUST_RUN,L4-H1;L4-H7
run-0c873cf255967455a0135028,controlled_synthetic,base_plus_noisy_contract_metadata,noisy_contract_metadata,feature;graph;recent,flat_contract_mlp,10,mechanism_declared,mechanism_declared,contract,none,flat,none,noisy_contract_metadata,NOT_APPLICABLE,CPU_TINY_THEN_GPU_FULL,UNKNOWN_UNTIL_PILOT,BLOCKED_RESOURCE_UNMEASURED,mechanism_manifest+predictions+validation,NONE_TINY;GPU_FULL_SEPARATE_AUTHORITY,STRONG_RECOMMENDED,L4-H1;L4-H7
run-10060ea3e370c68efb915504,controlled_synthetic,base_plus_noisy_contract_metadata,noisy_contract_metadata,feature;graph;recent,uniform_average,10,mechanism_declared,mechanism_declared,fixed,none,none,none,noisy_contract_metadata,NOT_APPLICABLE,CPU_TINY_THEN_GPU_FULL,UNKNOWN_UNTIL_PILOT,BLOCKED_RESOURCE_UNMEASURED,mechanism_manifest+predictions+validation,NONE_TINY;GPU_FULL_SEPARATE_AUTHORITY,STRONG_RECOMMENDED,L4-H1;L4-H7
run-e00028403c0280726910a822,controlled_synthetic,base_plus_missing_contract_axis,missing_contract_axis,feature;graph;recent,coregraph,1,mechanism_declared,mechanism_declared,hierarchical,none,none,none,missing_contract_axis,NOT_APPLICABLE,CPU_TINY_THEN_GPU_FULL,UNKNOWN_UNTIL_PILOT,BLOCKED_RESOURCE_UNMEASURED,mechanism_manifest+predictions+validation,NONE_TINY;GPU_FULL_SEPARATE_AUTHORITY,FULL_MUST_RUN,L4-H1;L4-H7
run-5ef6349633c2b54ce598ce12,controlled_synthetic,base_plus_missing_contract_axis,missing_contract_axis,feature;graph;recent,protocol_one_hot,1,mechanism_declared,mechanism_declared,contract,none,protocol_one_hot,none,missing_contract_axis,NOT_APPLICABLE,CPU_TINY_THEN_GPU_FULL,UNKNOWN_UNTIL_PILOT,BLOCKED_RESOURCE_UNMEASURED,mechanism_manifest+predictions+validation,NONE_TINY;GPU_FULL_SEPARATE_AUTHORITY,FULL_MUST_RUN,L4-H1;L4-H7
run-170dfeda5cba92f3aef04006,controlled_synthetic,base_plus_missing_contract_axis,missing_contract_axis,feature;graph;recent,flat_contract_mlp,1,mechanism_declared,mechanism_declared,contract,none,flat,none,missing_contract_axis,NOT_APPLICABLE,CPU_TINY_THEN_GPU_FULL,UNKNOWN_UNTIL_PILOT,BLOCKED_RESOURCE_UNMEASURED,mechanism_manifest+predictions+validation,NONE_TINY;GPU_FULL_SEPARATE_AUTHORITY,STRONG_RECOMMENDED,L4-H1;L4-H7
run-b47fdc90c0bec5ce29e572ec,controlled_synthetic,base_plus_missing_contract_axis,missing_contract_axis,feature;graph;recent,uniform_average,1,mechanism_declared,mechanism_declared,fixed,none,none,none,missing_contract_axis,NOT_APPLICABLE,CPU_TINY_THEN_GPU_FULL,UNKNOWN_UNTIL_PILOT,BLOCKED_RESOURCE_UNMEASURED,mechanism_manifest+predictions+validation,NONE_TINY;GPU_FULL_SEPARATE_AUTHORITY,STRONG_RECOMMENDED,L4-H1;L4-H7
run-b07519b38a8dc5ccfbaa4db9,controlled_synthetic,base_plus_missing_contract_axis,missing_contract_axis,feature;graph;recent,coregraph,2,mechanism_declared,mechanism_declared,hierarchical,none,none,none,missing_contract_axis,NOT_APPLICABLE,CPU_TINY_THEN_GPU_FULL,UNKNOWN_UNTIL_PILOT,BLOCKED_RESOURCE_UNMEASURED,mechanism_manifest+predictions+validation,NONE_TINY;GPU_FULL_SEPARATE_AUTHORITY,FULL_MUST_RUN,L4-H1;L4-H7
run-1797ff416659d26f7110a9c4,controlled_synthetic,base_plus_missing_contract_axis,missing_contract_axis,feature;graph;recent,protocol_one_hot,2,mechanism_declared,mechanism_declared,contract,none,protocol_one_hot,none,missing_contract_axis,NOT_APPLICABLE,CPU_TINY_THEN_GPU_FULL,UNKNOWN_UNTIL_PILOT,BLOCKED_RESOURCE_UNMEASURED,mechanism_manifest+predictions+validation,NONE_TINY;GPU_FULL_SEPARATE_AUTHORITY,FULL_MUST_RUN,L4-H1;L4-H7
run-622e6fc4003e13020179b0c2,controlled_synthetic,base_plus_missing_contract_axis,missing_contract_axis,feature;graph;recent,flat_contract_mlp,2,mechanism_declared,mechanism_declared,contract,none,flat,none,missing_contract_axis,NOT_APPLICABLE,CPU_TINY_THEN_GPU_FULL,UNKNOWN_UNTIL_PILOT,BLOCKED_RESOURCE_UNMEASURED,mechanism_manifest+predictions+validation,NONE_TINY;GPU_FULL_SEPARATE_AUTHORITY,STRONG_RECOMMENDED,L4-H1;L4-H7
run-7388a99afd99b925b8b271dc,controlled_synthetic,base_plus_missing_contract_axis,missing_contract_axis,feature;graph;recent,uniform_average,2,mechanism_declared,mechanism_declared,fixed,none,none,none,missing_contract_axis,NOT_APPLICABLE,CPU_TINY_THEN_GPU_FULL,UNKNOWN_UNTIL_PILOT,BLOCKED_RESOURCE_UNMEASURED,mechanism_manifest+predictions+validation,NONE_TINY;GPU_FULL_SEPARATE_AUTHORITY,STRONG_RECOMMENDED,L4-H1;L4-H7
run-ceae92d6af47cc78626422a4,controlled_synthetic,base_plus_missing_contract_axis,missing_contract_axis,feature;graph;recent,coregraph,3,mechanism_declared,mechanism_declared,hierarchical,none,none,none,missing_contract_axis,NOT_APPLICABLE,CPU_TINY_THEN_GPU_FULL,UNKNOWN_UNTIL_PILOT,BLOCKED_RESOURCE_UNMEASURED,mechanism_manifest+predictions+validation,NONE_TINY;GPU_FULL_SEPARATE_AUTHORITY,FULL_MUST_RUN,L4-H1;L4-H7
run-6c720e030b79f6ef82d3b83f,controlled_synthetic,base_plus_missing_contract_axis,missing_contract_axis,feature;graph;recent,protocol_one_hot,3,mechanism_declared,mechanism_declared,contract,none,protocol_one_hot,none,missing_contract_axis,NOT_APPLICABLE,CPU_TINY_THEN_GPU_FULL,UNKNOWN_UNTIL_PILOT,BLOCKED_RESOURCE_UNMEASURED,mechanism_manifest+predictions+validation,NONE_TINY;GPU_FULL_SEPARATE_AUTHORITY,FULL_MUST_RUN,L4-H1;L4-H7
run-1c548a1edd9462a65c4f58d3,controlled_synthetic,base_plus_missing_contract_axis,missing_contract_axis,feature;graph;recent,flat_contract_mlp,3,mechanism_declared,mechanism_declared,contract,none,flat,none,missing_contract_axis,NOT_APPLICABLE,CPU_TINY_THEN_GPU_FULL,UNKNOWN_UNTIL_PILOT,BLOCKED_RESOURCE_UNMEASURED,mechanism_manifest+predictions+validation,NONE_TINY;GPU_FULL_SEPARATE_AUTHORITY,STRONG_RECOMMENDED,L4-H1;L4-H7
run-644ada1b97690ce48abc02e9,controlled_synthetic,base_plus_missing_contract_axis,missing_contract_axis,feature;graph;recent,uniform_average,3,mechanism_declared,mechanism_declared,fixed,none,none,none,missing_contract_axis,NOT_APPLICABLE,CPU_TINY_THEN_GPU_FULL,UNKNOWN_UNTIL_PILOT,BLOCKED_RESOURCE_UNMEASURED,mechanism_manifest+predictions+validation,NONE_TINY;GPU_FULL_SEPARATE_AUTHORITY,STRONG_RECOMMENDED,L4-H1;L4-H7
run-cd8074963649c0ce058d23dc,controlled_synthetic,base_plus_missing_contract_axis,missing_contract_axis,feature;graph;recent,coregraph,4,mechanism_declared,mechanism_declared,hierarchical,none,none,none,missing_contract_axis,NOT_APPLICABLE,CPU_TINY_THEN_GPU_FULL,UNKNOWN_UNTIL_PILOT,BLOCKED_RESOURCE_UNMEASURED,mechanism_manifest+predictions+validation,NONE_TINY;GPU_FULL_SEPARATE_AUTHORITY,FULL_MUST_RUN,L4-H1;L4-H7
run-1b015f8302dabf1d7fe04b41,controlled_synthetic,base_plus_missing_contract_axis,missing_contract_axis,feature;graph;recent,protocol_one_hot,4,mechanism_declared,mechanism_declared,contract,none,protocol_one_hot,none,missing_contract_axis,NOT_APPLICABLE,CPU_TINY_THEN_GPU_FULL,UNKNOWN_UNTIL_PILOT,BLOCKED_RESOURCE_UNMEASURED,mechanism_manifest+predictions+validation,NONE_TINY;GPU_FULL_SEPARATE_AUTHORITY,FULL_MUST_RUN,L4-H1;L4-H7
run-cafe3c8a5b267c0fd6d773f7,controlled_synthetic,base_plus_missing_contract_axis,missing_contract_axis,feature;graph;recent,flat_contract_mlp,4,mechanism_declared,mechanism_declared,contract,none,flat,none,missing_contract_axis,NOT_APPLICABLE,CPU_TINY_THEN_GPU_FULL,UNKNOWN_UNTIL_PILOT,BLOCKED_RESOURCE_UNMEASURED,mechanism_manifest+predictions+validation,NONE_TINY;GPU_FULL_SEPARATE_AUTHORITY,STRONG_RECOMMENDED,L4-H1;L4-H7
run-255d1f9ae826deacc9bd384a,controlled_synthetic,base_plus_missing_contract_axis,missing_contract_axis,feature;graph;recent,uniform_average,4,mechanism_declared,mechanism_declared,fixed,none,none,none,missing_contract_axis,NOT_APPLICABLE,CPU_TINY_THEN_GPU_FULL,UNKNOWN_UNTIL_PILOT,BLOCKED_RESOURCE_UNMEASURED,mechanism_manifest+predictions+validation,NONE_TINY;GPU_FULL_SEPARATE_AUTHORITY,STRONG_RECOMMENDED,L4-H1;L4-H7
run-82d526f854f9b3f6eb49c35e,controlled_synthetic,base_plus_missing_contract_axis,missing_contract_axis,feature;graph;recent,coregraph,5,mechanism_declared,mechanism_declared,hierarchical,none,none,none,missing_contract_axis,NOT_APPLICABLE,CPU_TINY_THEN_GPU_FULL,UNKNOWN_UNTIL_PILOT,BLOCKED_RESOURCE_UNMEASURED,mechanism_manifest+predictions+validation,NONE_TINY;GPU_FULL_SEPARATE_AUTHORITY,FULL_MUST_RUN,L4-H1;L4-H7
run-8d043f81a60728332a84c05e,controlled_synthetic,base_plus_missing_contract_axis,missing_contract_axis,feature;graph;recent,protocol_one_hot,5,mechanism_declared,mechanism_declared,contract,none,protocol_one_hot,none,missing_contract_axis,NOT_APPLICABLE,CPU_TINY_THEN_GPU_FULL,UNKNOWN_UNTIL_PILOT,BLOCKED_RESOURCE_UNMEASURED,mechanism_manifest+predictions+validation,NONE_TINY;GPU_FULL_SEPARATE_AUTHORITY,FULL_MUST_RUN,L4-H1;L4-H7
run-b0405b0f74d5a20a4f66936b,controlled_synthetic,base_plus_missing_contract_axis,missing_contract_axis,feature;graph;recent,flat_contract_mlp,5,mechanism_declared,mechanism_declared,contract,none,flat,none,missing_contract_axis,NOT_APPLICABLE,CPU_TINY_THEN_GPU_FULL,UNKNOWN_UNTIL_PILOT,BLOCKED_RESOURCE_UNMEASURED,mechanism_manifest+predictions+validation,NONE_TINY;GPU_FULL_SEPARATE_AUTHORITY,STRONG_RECOMMENDED,L4-H1;L4-H7
run-c77a6b669744e71c7bf94578,controlled_synthetic,base_plus_missing_contract_axis,missing_contract_axis,feature;graph;recent,uniform_average,5,mechanism_declared,mechanism_declared,fixed,none,none,none,missing_contract_axis,NOT_APPLICABLE,CPU_TINY_THEN_GPU_FULL,UNKNOWN_UNTIL_PILOT,BLOCKED_RESOURCE_UNMEASURED,mechanism_manifest+predictions+validation,NONE_TINY;GPU_FULL_SEPARATE_AUTHORITY,STRONG_RECOMMENDED,L4-H1;L4-H7
run-782fc00db34733c632c80ae3,controlled_synthetic,base_plus_missing_contract_axis,missing_contract_axis,feature;graph;recent,coregraph,6,mechanism_declared,mechanism_declared,hierarchical,none,none,none,missing_contract_axis,NOT_APPLICABLE,CPU_TINY_THEN_GPU_FULL,UNKNOWN_UNTIL_PILOT,BLOCKED_RESOURCE_UNMEASURED,mechanism_manifest+predictions+validation,NONE_TINY;GPU_FULL_SEPARATE_AUTHORITY,FULL_MUST_RUN,L4-H1;L4-H7
run-fb5e83f0837a4058363d7a79,controlled_synthetic,base_plus_missing_contract_axis,missing_contract_axis,feature;graph;recent,protocol_one_hot,6,mechanism_declared,mechanism_declared,contract,none,protocol_one_hot,none,missing_contract_axis,NOT_APPLICABLE,CPU_TINY_THEN_GPU_FULL,UNKNOWN_UNTIL_PILOT,BLOCKED_RESOURCE_UNMEASURED,mechanism_manifest+predictions+validation,NONE_TINY;GPU_FULL_SEPARATE_AUTHORITY,FULL_MUST_RUN,L4-H1;L4-H7
run-5fe37df16c92606cba1d839f,controlled_synthetic,base_plus_missing_contract_axis,missing_contract_axis,feature;graph;recent,flat_contract_mlp,6,mechanism_declared,mechanism_declared,contract,none,flat,none,missing_contract_axis,NOT_APPLICABLE,CPU_TINY_THEN_GPU_FULL,UNKNOWN_UNTIL_PILOT,BLOCKED_RESOURCE_UNMEASURED,mechanism_manifest+predictions+validation,NONE_TINY;GPU_FULL_SEPARATE_AUTHORITY,STRONG_RECOMMENDED,L4-H1;L4-H7
run-57622ff9a73a90698c7511a6,controlled_synthetic,base_plus_missing_contract_axis,missing_contract_axis,feature;graph;recent,uniform_average,6,mechanism_declared,mechanism_declared,fixed,none,none,none,missing_contract_axis,NOT_APPLICABLE,CPU_TINY_THEN_GPU_FULL,UNKNOWN_UNTIL_PILOT,BLOCKED_RESOURCE_UNMEASURED,mechanism_manifest+predictions+validation,NONE_TINY;GPU_FULL_SEPARATE_AUTHORITY,STRONG_RECOMMENDED,L4-H1;L4-H7
run-a789010d5d5a9475344d908c,controlled_synthetic,base_plus_missing_contract_axis,missing_contract_axis,feature;graph;recent,coregraph,7,mechanism_declared,mechanism_declared,hierarchical,none,none,none,missing_contract_axis,NOT_APPLICABLE,CPU_TINY_THEN_GPU_FULL,UNKNOWN_UNTIL_PILOT,BLOCKED_RESOURCE_UNMEASURED,mechanism_manifest+predictions+validation,NONE_TINY;GPU_FULL_SEPARATE_AUTHORITY,FULL_MUST_RUN,L4-H1;L4-H7
run-35a25835587b14e4001fcfff,controlled_synthetic,base_plus_missing_contract_axis,missing_contract_axis,feature;graph;recent,protocol_one_hot,7,mechanism_declared,mechanism_declared,contract,none,protocol_one_hot,none,missing_contract_axis,NOT_APPLICABLE,CPU_TINY_THEN_GPU_FULL,UNKNOWN_UNTIL_PILOT,BLOCKED_RESOURCE_UNMEASURED,mechanism_manifest+predictions+validation,NONE_TINY;GPU_FULL_SEPARATE_AUTHORITY,FULL_MUST_RUN,L4-H1;L4-H7
run-bb9b88e807051ac40fdb587f,controlled_synthetic,base_plus_missing_contract_axis,missing_contract_axis,feature;graph;recent,flat_contract_mlp,7,mechanism_declared,mechanism_declared,contract,none,flat,none,missing_contract_axis,NOT_APPLICABLE,CPU_TINY_THEN_GPU_FULL,UNKNOWN_UNTIL_PILOT,BLOCKED_RESOURCE_UNMEASURED,mechanism_manifest+predictions+validation,NONE_TINY;GPU_FULL_SEPARATE_AUTHORITY,STRONG_RECOMMENDED,L4-H1;L4-H7
run-be19ecffe62d89f5b715749d,controlled_synthetic,base_plus_missing_contract_axis,missing_contract_axis,feature;graph;recent,uniform_average,7,mechanism_declared,mechanism_declared,fixed,none,none,none,missing_contract_axis,NOT_APPLICABLE,CPU_TINY_THEN_GPU_FULL,UNKNOWN_UNTIL_PILOT,BLOCKED_RESOURCE_UNMEASURED,mechanism_manifest+predictions+validation,NONE_TINY;GPU_FULL_SEPARATE_AUTHORITY,STRONG_RECOMMENDED,L4-H1;L4-H7
run-5e7d2c6e86e5b98fc993b82a,controlled_synthetic,base_plus_missing_contract_axis,missing_contract_axis,feature;graph;recent,coregraph,8,mechanism_declared,mechanism_declared,hierarchical,none,none,none,missing_contract_axis,NOT_APPLICABLE,CPU_TINY_THEN_GPU_FULL,UNKNOWN_UNTIL_PILOT,BLOCKED_RESOURCE_UNMEASURED,mechanism_manifest+predictions+validation,NONE_TINY;GPU_FULL_SEPARATE_AUTHORITY,FULL_MUST_RUN,L4-H1;L4-H7
run-2314804bcfa95f663c7ddc7d,controlled_synthetic,base_plus_missing_contract_axis,missing_contract_axis,feature;graph;recent,protocol_one_hot,8,mechanism_declared,mechanism_declared,contract,none,protocol_one_hot,none,missing_contract_axis,NOT_APPLICABLE,CPU_TINY_THEN_GPU_FULL,UNKNOWN_UNTIL_PILOT,BLOCKED_RESOURCE_UNMEASURED,mechanism_manifest+predictions+validation,NONE_TINY;GPU_FULL_SEPARATE_AUTHORITY,FULL_MUST_RUN,L4-H1;L4-H7
run-bbd884e452cf9e7f8658de6a,controlled_synthetic,base_plus_missing_contract_axis,missing_contract_axis,feature;graph;recent,flat_contract_mlp,8,mechanism_declared,mechanism_declared,contract,none,flat,none,missing_contract_axis,NOT_APPLICABLE,CPU_TINY_THEN_GPU_FULL,UNKNOWN_UNTIL_PILOT,BLOCKED_RESOURCE_UNMEASURED,mechanism_manifest+predictions+validation,NONE_TINY;GPU_FULL_SEPARATE_AUTHORITY,STRONG_RECOMMENDED,L4-H1;L4-H7
run-0402168d740d269023ea14ca,controlled_synthetic,base_plus_missing_contract_axis,missing_contract_axis,feature;graph;recent,uniform_average,8,mechanism_declared,mechanism_declared,fixed,none,none,none,missing_contract_axis,NOT_APPLICABLE,CPU_TINY_THEN_GPU_FULL,UNKNOWN_UNTIL_PILOT,BLOCKED_RESOURCE_UNMEASURED,mechanism_manifest+predictions+validation,NONE_TINY;GPU_FULL_SEPARATE_AUTHORITY,STRONG_RECOMMENDED,L4-H1;L4-H7
run-8d27cbdc761754d27f8af95b,controlled_synthetic,base_plus_missing_contract_axis,missing_contract_axis,feature;graph;recent,coregraph,9,mechanism_declared,mechanism_declared,hierarchical,none,none,none,missing_contract_axis,NOT_APPLICABLE,CPU_TINY_THEN_GPU_FULL,UNKNOWN_UNTIL_PILOT,BLOCKED_RESOURCE_UNMEASURED,mechanism_manifest+predictions+validation,NONE_TINY;GPU_FULL_SEPARATE_AUTHORITY,FULL_MUST_RUN,L4-H1;L4-H7
run-006a5d23a9e0a618b640da5e,controlled_synthetic,base_plus_missing_contract_axis,missing_contract_axis,feature;graph;recent,protocol_one_hot,9,mechanism_declared,mechanism_declared,contract,none,protocol_one_hot,none,missing_contract_axis,NOT_APPLICABLE,CPU_TINY_THEN_GPU_FULL,UNKNOWN_UNTIL_PILOT,BLOCKED_RESOURCE_UNMEASURED,mechanism_manifest+predictions+validation,NONE_TINY;GPU_FULL_SEPARATE_AUTHORITY,FULL_MUST_RUN,L4-H1;L4-H7
run-0c35c3e402c06a89f3902e05,controlled_synthetic,base_plus_missing_contract_axis,missing_contract_axis,feature;graph;recent,flat_contract_mlp,9,mechanism_declared,mechanism_declared,contract,none,flat,none,missing_contract_axis,NOT_APPLICABLE,CPU_TINY_THEN_GPU_FULL,UNKNOWN_UNTIL_PILOT,BLOCKED_RESOURCE_UNMEASURED,mechanism_manifest+predictions+validation,NONE_TINY;GPU_FULL_SEPARATE_AUTHORITY,STRONG_RECOMMENDED,L4-H1;L4-H7
run-0fc58afb55c0636c22ed889c,controlled_synthetic,base_plus_missing_contract_axis,missing_contract_axis,feature;graph;recent,uniform_average,9,mechanism_declared,mechanism_declared,fixed,none,none,none,missing_contract_axis,NOT_APPLICABLE,CPU_TINY_THEN_GPU_FULL,UNKNOWN_UNTIL_PILOT,BLOCKED_RESOURCE_UNMEASURED,mechanism_manifest+predictions+validation,NONE_TINY;GPU_FULL_SEPARATE_AUTHORITY,STRONG_RECOMMENDED,L4-H1;L4-H7
run-77084ce65c74e5642ed92866,controlled_synthetic,base_plus_missing_contract_axis,missing_contract_axis,feature;graph;recent,coregraph,10,mechanism_declared,mechanism_declared,hierarchical,none,none,none,missing_contract_axis,NOT_APPLICABLE,CPU_TINY_THEN_GPU_FULL,UNKNOWN_UNTIL_PILOT,BLOCKED_RESOURCE_UNMEASURED,mechanism_manifest+predictions+validation,NONE_TINY;GPU_FULL_SEPARATE_AUTHORITY,FULL_MUST_RUN,L4-H1;L4-H7
run-b65e889a6e2ae233971423f4,controlled_synthetic,base_plus_missing_contract_axis,missing_contract_axis,feature;graph;recent,protocol_one_hot,10,mechanism_declared,mechanism_declared,contract,none,protocol_one_hot,none,missing_contract_axis,NOT_APPLICABLE,CPU_TINY_THEN_GPU_FULL,UNKNOWN_UNTIL_PILOT,BLOCKED_RESOURCE_UNMEASURED,mechanism_manifest+predictions+validation,NONE_TINY;GPU_FULL_SEPARATE_AUTHORITY,FULL_MUST_RUN,L4-H1;L4-H7
run-22cede4a962def80b840d90c,controlled_synthetic,base_plus_missing_contract_axis,missing_contract_axis,feature;graph;recent,flat_contract_mlp,10,mechanism_declared,mechanism_declared,contract,none,flat,none,missing_contract_axis,NOT_APPLICABLE,CPU_TINY_THEN_GPU_FULL,UNKNOWN_UNTIL_PILOT,BLOCKED_RESOURCE_UNMEASURED,mechanism_manifest+predictions+validation,NONE_TINY;GPU_FULL_SEPARATE_AUTHORITY,STRONG_RECOMMENDED,L4-H1;L4-H7
run-0aec3b18d6f178133332de83,controlled_synthetic,base_plus_missing_contract_axis,missing_contract_axis,feature;graph;recent,uniform_average,10,mechanism_declared,mechanism_declared,fixed,none,none,none,missing_contract_axis,NOT_APPLICABLE,CPU_TINY_THEN_GPU_FULL,UNKNOWN_UNTIL_PILOT,BLOCKED_RESOURCE_UNMEASURED,mechanism_manifest+predictions+validation,NONE_TINY;GPU_FULL_SEPARATE_AUTHORITY,STRONG_RECOMMENDED,L4-H1;L4-H7
run-3996645a2ccd7ccd68d0a48f,controlled_synthetic,base_plus_dynamic_resource_change,dynamic_resource_change,feature;graph;recent,coregraph,1,mechanism_declared,mechanism_declared,hierarchical,none,none,none,dynamic_resource_change,NOT_APPLICABLE,CPU_TINY_THEN_GPU_FULL,UNKNOWN_UNTIL_PILOT,BLOCKED_RESOURCE_UNMEASURED,mechanism_manifest+predictions+validation,NONE_TINY;GPU_FULL_SEPARATE_AUTHORITY,FULL_MUST_RUN,L4-H1;L4-H7
run-36f52ca2a16710e676a93e56,controlled_synthetic,base_plus_dynamic_resource_change,dynamic_resource_change,feature;graph;recent,protocol_one_hot,1,mechanism_declared,mechanism_declared,contract,none,protocol_one_hot,none,dynamic_resource_change,NOT_APPLICABLE,CPU_TINY_THEN_GPU_FULL,UNKNOWN_UNTIL_PILOT,BLOCKED_RESOURCE_UNMEASURED,mechanism_manifest+predictions+validation,NONE_TINY;GPU_FULL_SEPARATE_AUTHORITY,FULL_MUST_RUN,L4-H1;L4-H7
run-91378e18d4c9620f9fd4fe46,controlled_synthetic,base_plus_dynamic_resource_change,dynamic_resource_change,feature;graph;recent,flat_contract_mlp,1,mechanism_declared,mechanism_declared,contract,none,flat,none,dynamic_resource_change,NOT_APPLICABLE,CPU_TINY_THEN_GPU_FULL,UNKNOWN_UNTIL_PILOT,BLOCKED_RESOURCE_UNMEASURED,mechanism_manifest+predictions+validation,NONE_TINY;GPU_FULL_SEPARATE_AUTHORITY,STRONG_RECOMMENDED,L4-H1;L4-H7
run-01a923e2d5fe4698856e2cf5,controlled_synthetic,base_plus_dynamic_resource_change,dynamic_resource_change,feature;graph;recent,uniform_average,1,mechanism_declared,mechanism_declared,fixed,none,none,none,dynamic_resource_change,NOT_APPLICABLE,CPU_TINY_THEN_GPU_FULL,UNKNOWN_UNTIL_PILOT,BLOCKED_RESOURCE_UNMEASURED,mechanism_manifest+predictions+validation,NONE_TINY;GPU_FULL_SEPARATE_AUTHORITY,STRONG_RECOMMENDED,L4-H1;L4-H7
run-b6e5b1ef25fffa96d361aa32,controlled_synthetic,base_plus_dynamic_resource_change,dynamic_resource_change,feature;graph;recent,coregraph,2,mechanism_declared,mechanism_declared,hierarchical,none,none,none,dynamic_resource_change,NOT_APPLICABLE,CPU_TINY_THEN_GPU_FULL,UNKNOWN_UNTIL_PILOT,BLOCKED_RESOURCE_UNMEASURED,mechanism_manifest+predictions+validation,NONE_TINY;GPU_FULL_SEPARATE_AUTHORITY,FULL_MUST_RUN,L4-H1;L4-H7
run-a40f106620d87a1707eac2da,controlled_synthetic,base_plus_dynamic_resource_change,dynamic_resource_change,feature;graph;recent,protocol_one_hot,2,mechanism_declared,mechanism_declared,contract,none,protocol_one_hot,none,dynamic_resource_change,NOT_APPLICABLE,CPU_TINY_THEN_GPU_FULL,UNKNOWN_UNTIL_PILOT,BLOCKED_RESOURCE_UNMEASURED,mechanism_manifest+predictions+validation,NONE_TINY;GPU_FULL_SEPARATE_AUTHORITY,FULL_MUST_RUN,L4-H1;L4-H7
run-ad55dbcc98439d6f1346adfc,controlled_synthetic,base_plus_dynamic_resource_change,dynamic_resource_change,feature;graph;recent,flat_contract_mlp,2,mechanism_declared,mechanism_declared,contract,none,flat,none,dynamic_resource_change,NOT_APPLICABLE,CPU_TINY_THEN_GPU_FULL,UNKNOWN_UNTIL_PILOT,BLOCKED_RESOURCE_UNMEASURED,mechanism_manifest+predictions+validation,NONE_TINY;GPU_FULL_SEPARATE_AUTHORITY,STRONG_RECOMMENDED,L4-H1;L4-H7
run-fbf01f8188f1a7110ccc5c94,controlled_synthetic,base_plus_dynamic_resource_change,dynamic_resource_change,feature;graph;recent,uniform_average,2,mechanism_declared,mechanism_declared,fixed,none,none,none,dynamic_resource_change,NOT_APPLICABLE,CPU_TINY_THEN_GPU_FULL,UNKNOWN_UNTIL_PILOT,BLOCKED_RESOURCE_UNMEASURED,mechanism_manifest+predictions+validation,NONE_TINY;GPU_FULL_SEPARATE_AUTHORITY,STRONG_RECOMMENDED,L4-H1;L4-H7
run-12815af21c7630dd5cfceb67,controlled_synthetic,base_plus_dynamic_resource_change,dynamic_resource_change,feature;graph;recent,coregraph,3,mechanism_declared,mechanism_declared,hierarchical,none,none,none,dynamic_resource_change,NOT_APPLICABLE,CPU_TINY_THEN_GPU_FULL,UNKNOWN_UNTIL_PILOT,BLOCKED_RESOURCE_UNMEASURED,mechanism_manifest+predictions+validation,NONE_TINY;GPU_FULL_SEPARATE_AUTHORITY,FULL_MUST_RUN,L4-H1;L4-H7
run-a764f643da9c3fe09b802425,controlled_synthetic,base_plus_dynamic_resource_change,dynamic_resource_change,feature;graph;recent,protocol_one_hot,3,mechanism_declared,mechanism_declared,contract,none,protocol_one_hot,none,dynamic_resource_change,NOT_APPLICABLE,CPU_TINY_THEN_GPU_FULL,UNKNOWN_UNTIL_PILOT,BLOCKED_RESOURCE_UNMEASURED,mechanism_manifest+predictions+validation,NONE_TINY;GPU_FULL_SEPARATE_AUTHORITY,FULL_MUST_RUN,L4-H1;L4-H7
run-189f57c0c6442cce202766b3,controlled_synthetic,base_plus_dynamic_resource_change,dynamic_resource_change,feature;graph;recent,flat_contract_mlp,3,mechanism_declared,mechanism_declared,contract,none,flat,none,dynamic_resource_change,NOT_APPLICABLE,CPU_TINY_THEN_GPU_FULL,UNKNOWN_UNTIL_PILOT,BLOCKED_RESOURCE_UNMEASURED,mechanism_manifest+predictions+validation,NONE_TINY;GPU_FULL_SEPARATE_AUTHORITY,STRONG_RECOMMENDED,L4-H1;L4-H7
run-aae0482817e4b7287eed40dc,controlled_synthetic,base_plus_dynamic_resource_change,dynamic_resource_change,feature;graph;recent,uniform_average,3,mechanism_declared,mechanism_declared,fixed,none,none,none,dynamic_resource_change,NOT_APPLICABLE,CPU_TINY_THEN_GPU_FULL,UNKNOWN_UNTIL_PILOT,BLOCKED_RESOURCE_UNMEASURED,mechanism_manifest+predictions+validation,NONE_TINY;GPU_FULL_SEPARATE_AUTHORITY,STRONG_RECOMMENDED,L4-H1;L4-H7
run-8296579ba5227f8176beec27,controlled_synthetic,base_plus_dynamic_resource_change,dynamic_resource_change,feature;graph;recent,coregraph,4,mechanism_declared,mechanism_declared,hierarchical,none,none,none,dynamic_resource_change,NOT_APPLICABLE,CPU_TINY_THEN_GPU_FULL,UNKNOWN_UNTIL_PILOT,BLOCKED_RESOURCE_UNMEASURED,mechanism_manifest+predictions+validation,NONE_TINY;GPU_FULL_SEPARATE_AUTHORITY,FULL_MUST_RUN,L4-H1;L4-H7
run-accaabd39e0eb62820e8b875,controlled_synthetic,base_plus_dynamic_resource_change,dynamic_resource_change,feature;graph;recent,protocol_one_hot,4,mechanism_declared,mechanism_declared,contract,none,protocol_one_hot,none,dynamic_resource_change,NOT_APPLICABLE,CPU_TINY_THEN_GPU_FULL,UNKNOWN_UNTIL_PILOT,BLOCKED_RESOURCE_UNMEASURED,mechanism_manifest+predictions+validation,NONE_TINY;GPU_FULL_SEPARATE_AUTHORITY,FULL_MUST_RUN,L4-H1;L4-H7
run-b11c9e0262b641708f90817b,controlled_synthetic,base_plus_dynamic_resource_change,dynamic_resource_change,feature;graph;recent,flat_contract_mlp,4,mechanism_declared,mechanism_declared,contract,none,flat,none,dynamic_resource_change,NOT_APPLICABLE,CPU_TINY_THEN_GPU_FULL,UNKNOWN_UNTIL_PILOT,BLOCKED_RESOURCE_UNMEASURED,mechanism_manifest+predictions+validation,NONE_TINY;GPU_FULL_SEPARATE_AUTHORITY,STRONG_RECOMMENDED,L4-H1;L4-H7
run-5f4dfb0c21a7aefe458bb201,controlled_synthetic,base_plus_dynamic_resource_change,dynamic_resource_change,feature;graph;recent,uniform_average,4,mechanism_declared,mechanism_declared,fixed,none,none,none,dynamic_resource_change,NOT_APPLICABLE,CPU_TINY_THEN_GPU_FULL,UNKNOWN_UNTIL_PILOT,BLOCKED_RESOURCE_UNMEASURED,mechanism_manifest+predictions+validation,NONE_TINY;GPU_FULL_SEPARATE_AUTHORITY,STRONG_RECOMMENDED,L4-H1;L4-H7
run-112e3e34b76cc6bdd1bca01a,controlled_synthetic,base_plus_dynamic_resource_change,dynamic_resource_change,feature;graph;recent,coregraph,5,mechanism_declared,mechanism_declared,hierarchical,none,none,none,dynamic_resource_change,NOT_APPLICABLE,CPU_TINY_THEN_GPU_FULL,UNKNOWN_UNTIL_PILOT,BLOCKED_RESOURCE_UNMEASURED,mechanism_manifest+predictions+validation,NONE_TINY;GPU_FULL_SEPARATE_AUTHORITY,FULL_MUST_RUN,L4-H1;L4-H7
run-6f2b4bba5fded621b4cfe082,controlled_synthetic,base_plus_dynamic_resource_change,dynamic_resource_change,feature;graph;recent,protocol_one_hot,5,mechanism_declared,mechanism_declared,contract,none,protocol_one_hot,none,dynamic_resource_change,NOT_APPLICABLE,CPU_TINY_THEN_GPU_FULL,UNKNOWN_UNTIL_PILOT,BLOCKED_RESOURCE_UNMEASURED,mechanism_manifest+predictions+validation,NONE_TINY;GPU_FULL_SEPARATE_AUTHORITY,FULL_MUST_RUN,L4-H1;L4-H7
run-fdd225f54760f5a3a222e78d,controlled_synthetic,base_plus_dynamic_resource_change,dynamic_resource_change,feature;graph;recent,flat_contract_mlp,5,mechanism_declared,mechanism_declared,contract,none,flat,none,dynamic_resource_change,NOT_APPLICABLE,CPU_TINY_THEN_GPU_FULL,UNKNOWN_UNTIL_PILOT,BLOCKED_RESOURCE_UNMEASURED,mechanism_manifest+predictions+validation,NONE_TINY;GPU_FULL_SEPARATE_AUTHORITY,STRONG_RECOMMENDED,L4-H1;L4-H7
run-db7cacca4449f53de296c85b,controlled_synthetic,base_plus_dynamic_resource_change,dynamic_resource_change,feature;graph;recent,uniform_average,5,mechanism_declared,mechanism_declared,fixed,none,none,none,dynamic_resource_change,NOT_APPLICABLE,CPU_TINY_THEN_GPU_FULL,UNKNOWN_UNTIL_PILOT,BLOCKED_RESOURCE_UNMEASURED,mechanism_manifest+predictions+validation,NONE_TINY;GPU_FULL_SEPARATE_AUTHORITY,STRONG_RECOMMENDED,L4-H1;L4-H7
run-8217ce97c2d5c65a94bb596f,controlled_synthetic,base_plus_dynamic_resource_change,dynamic_resource_change,feature;graph;recent,coregraph,6,mechanism_declared,mechanism_declared,hierarchical,none,none,none,dynamic_resource_change,NOT_APPLICABLE,CPU_TINY_THEN_GPU_FULL,UNKNOWN_UNTIL_PILOT,BLOCKED_RESOURCE_UNMEASURED,mechanism_manifest+predictions+validation,NONE_TINY;GPU_FULL_SEPARATE_AUTHORITY,FULL_MUST_RUN,L4-H1;L4-H7
run-8f2f478bfcee1ac28b7f9111,controlled_synthetic,base_plus_dynamic_resource_change,dynamic_resource_change,feature;graph;recent,protocol_one_hot,6,mechanism_declared,mechanism_declared,contract,none,protocol_one_hot,none,dynamic_resource_change,NOT_APPLICABLE,CPU_TINY_THEN_GPU_FULL,UNKNOWN_UNTIL_PILOT,BLOCKED_RESOURCE_UNMEASURED,mechanism_manifest+predictions+validation,NONE_TINY;GPU_FULL_SEPARATE_AUTHORITY,FULL_MUST_RUN,L4-H1;L4-H7
run-88b87a3c0010aa514ae91b5b,controlled_synthetic,base_plus_dynamic_resource_change,dynamic_resource_change,feature;graph;recent,flat_contract_mlp,6,mechanism_declared,mechanism_declared,contract,none,flat,none,dynamic_resource_change,NOT_APPLICABLE,CPU_TINY_THEN_GPU_FULL,UNKNOWN_UNTIL_PILOT,BLOCKED_RESOURCE_UNMEASURED,mechanism_manifest+predictions+validation,NONE_TINY;GPU_FULL_SEPARATE_AUTHORITY,STRONG_RECOMMENDED,L4-H1;L4-H7
run-85d73ea6c1d0c0f83fba8f46,controlled_synthetic,base_plus_dynamic_resource_change,dynamic_resource_change,feature;graph;recent,uniform_average,6,mechanism_declared,mechanism_declared,fixed,none,none,none,dynamic_resource_change,NOT_APPLICABLE,CPU_TINY_THEN_GPU_FULL,UNKNOWN_UNTIL_PILOT,BLOCKED_RESOURCE_UNMEASURED,mechanism_manifest+predictions+validation,NONE_TINY;GPU_FULL_SEPARATE_AUTHORITY,STRONG_RECOMMENDED,L4-H1;L4-H7
run-a65df566ef9985fc153604b2,controlled_synthetic,base_plus_dynamic_resource_change,dynamic_resource_change,feature;graph;recent,coregraph,7,mechanism_declared,mechanism_declared,hierarchical,none,none,none,dynamic_resource_change,NOT_APPLICABLE,CPU_TINY_THEN_GPU_FULL,UNKNOWN_UNTIL_PILOT,BLOCKED_RESOURCE_UNMEASURED,mechanism_manifest+predictions+validation,NONE_TINY;GPU_FULL_SEPARATE_AUTHORITY,FULL_MUST_RUN,L4-H1;L4-H7
run-d8a93f5bea67723d07820359,controlled_synthetic,base_plus_dynamic_resource_change,dynamic_resource_change,feature;graph;recent,protocol_one_hot,7,mechanism_declared,mechanism_declared,contract,none,protocol_one_hot,none,dynamic_resource_change,NOT_APPLICABLE,CPU_TINY_THEN_GPU_FULL,UNKNOWN_UNTIL_PILOT,BLOCKED_RESOURCE_UNMEASURED,mechanism_manifest+predictions+validation,NONE_TINY;GPU_FULL_SEPARATE_AUTHORITY,FULL_MUST_RUN,L4-H1;L4-H7
run-4aa83397a6324ce7ee043e1f,controlled_synthetic,base_plus_dynamic_resource_change,dynamic_resource_change,feature;graph;recent,flat_contract_mlp,7,mechanism_declared,mechanism_declared,contract,none,flat,none,dynamic_resource_change,NOT_APPLICABLE,CPU_TINY_THEN_GPU_FULL,UNKNOWN_UNTIL_PILOT,BLOCKED_RESOURCE_UNMEASURED,mechanism_manifest+predictions+validation,NONE_TINY;GPU_FULL_SEPARATE_AUTHORITY,STRONG_RECOMMENDED,L4-H1;L4-H7
run-f9f398aa7c68650cb9c28995,controlled_synthetic,base_plus_dynamic_resource_change,dynamic_resource_change,feature;graph;recent,uniform_average,7,mechanism_declared,mechanism_declared,fixed,none,none,none,dynamic_resource_change,NOT_APPLICABLE,CPU_TINY_THEN_GPU_FULL,UNKNOWN_UNTIL_PILOT,BLOCKED_RESOURCE_UNMEASURED,mechanism_manifest+predictions+validation,NONE_TINY;GPU_FULL_SEPARATE_AUTHORITY,STRONG_RECOMMENDED,L4-H1;L4-H7
run-baa2e672223ea2afcb545412,controlled_synthetic,base_plus_dynamic_resource_change,dynamic_resource_change,feature;graph;recent,coregraph,8,mechanism_declared,mechanism_declared,hierarchical,none,none,none,dynamic_resource_change,NOT_APPLICABLE,CPU_TINY_THEN_GPU_FULL,UNKNOWN_UNTIL_PILOT,BLOCKED_RESOURCE_UNMEASURED,mechanism_manifest+predictions+validation,NONE_TINY;GPU_FULL_SEPARATE_AUTHORITY,FULL_MUST_RUN,L4-H1;L4-H7
run-41213ff1f3a9ede801176c07,controlled_synthetic,base_plus_dynamic_resource_change,dynamic_resource_change,feature;graph;recent,protocol_one_hot,8,mechanism_declared,mechanism_declared,contract,none,protocol_one_hot,none,dynamic_resource_change,NOT_APPLICABLE,CPU_TINY_THEN_GPU_FULL,UNKNOWN_UNTIL_PILOT,BLOCKED_RESOURCE_UNMEASURED,mechanism_manifest+predictions+validation,NONE_TINY;GPU_FULL_SEPARATE_AUTHORITY,FULL_MUST_RUN,L4-H1;L4-H7
run-b915f9e2c73e48831cf0dbf2,controlled_synthetic,base_plus_dynamic_resource_change,dynamic_resource_change,feature;graph;recent,flat_contract_mlp,8,mechanism_declared,mechanism_declared,contract,none,flat,none,dynamic_resource_change,NOT_APPLICABLE,CPU_TINY_THEN_GPU_FULL,UNKNOWN_UNTIL_PILOT,BLOCKED_RESOURCE_UNMEASURED,mechanism_manifest+predictions+validation,NONE_TINY;GPU_FULL_SEPARATE_AUTHORITY,STRONG_RECOMMENDED,L4-H1;L4-H7
run-afe9c209b90686f9e8cfa438,controlled_synthetic,base_plus_dynamic_resource_change,dynamic_resource_change,feature;graph;recent,uniform_average,8,mechanism_declared,mechanism_declared,fixed,none,none,none,dynamic_resource_change,NOT_APPLICABLE,CPU_TINY_THEN_GPU_FULL,UNKNOWN_UNTIL_PILOT,BLOCKED_RESOURCE_UNMEASURED,mechanism_manifest+predictions+validation,NONE_TINY;GPU_FULL_SEPARATE_AUTHORITY,STRONG_RECOMMENDED,L4-H1;L4-H7
run-cb319e08ee62dcf5d1589769,controlled_synthetic,base_plus_dynamic_resource_change,dynamic_resource_change,feature;graph;recent,coregraph,9,mechanism_declared,mechanism_declared,hierarchical,none,none,none,dynamic_resource_change,NOT_APPLICABLE,CPU_TINY_THEN_GPU_FULL,UNKNOWN_UNTIL_PILOT,BLOCKED_RESOURCE_UNMEASURED,mechanism_manifest+predictions+validation,NONE_TINY;GPU_FULL_SEPARATE_AUTHORITY,FULL_MUST_RUN,L4-H1;L4-H7
run-6e37ef0abe7d58a24d413ec6,controlled_synthetic,base_plus_dynamic_resource_change,dynamic_resource_change,feature;graph;recent,protocol_one_hot,9,mechanism_declared,mechanism_declared,contract,none,protocol_one_hot,none,dynamic_resource_change,NOT_APPLICABLE,CPU_TINY_THEN_GPU_FULL,UNKNOWN_UNTIL_PILOT,BLOCKED_RESOURCE_UNMEASURED,mechanism_manifest+predictions+validation,NONE_TINY;GPU_FULL_SEPARATE_AUTHORITY,FULL_MUST_RUN,L4-H1;L4-H7
run-04d099f1070b636a99e545f7,controlled_synthetic,base_plus_dynamic_resource_change,dynamic_resource_change,feature;graph;recent,flat_contract_mlp,9,mechanism_declared,mechanism_declared,contract,none,flat,none,dynamic_resource_change,NOT_APPLICABLE,CPU_TINY_THEN_GPU_FULL,UNKNOWN_UNTIL_PILOT,BLOCKED_RESOURCE_UNMEASURED,mechanism_manifest+predictions+validation,NONE_TINY;GPU_FULL_SEPARATE_AUTHORITY,STRONG_RECOMMENDED,L4-H1;L4-H7
run-5a58fef1fff829bfe81256f3,controlled_synthetic,base_plus_dynamic_resource_change,dynamic_resource_change,feature;graph;recent,uniform_average,9,mechanism_declared,mechanism_declared,fixed,none,none,none,dynamic_resource_change,NOT_APPLICABLE,CPU_TINY_THEN_GPU_FULL,UNKNOWN_UNTIL_PILOT,BLOCKED_RESOURCE_UNMEASURED,mechanism_manifest+predictions+validation,NONE_TINY;GPU_FULL_SEPARATE_AUTHORITY,STRONG_RECOMMENDED,L4-H1;L4-H7
run-7a718cb09aa9634cc65d32d1,controlled_synthetic,base_plus_dynamic_resource_change,dynamic_resource_change,feature;graph;recent,coregraph,10,mechanism_declared,mechanism_declared,hierarchical,none,none,none,dynamic_resource_change,NOT_APPLICABLE,CPU_TINY_THEN_GPU_FULL,UNKNOWN_UNTIL_PILOT,BLOCKED_RESOURCE_UNMEASURED,mechanism_manifest+predictions+validation,NONE_TINY;GPU_FULL_SEPARATE_AUTHORITY,FULL_MUST_RUN,L4-H1;L4-H7
run-331226788bcfc16e98207108,controlled_synthetic,base_plus_dynamic_resource_change,dynamic_resource_change,feature;graph;recent,protocol_one_hot,10,mechanism_declared,mechanism_declared,contract,none,protocol_one_hot,none,dynamic_resource_change,NOT_APPLICABLE,CPU_TINY_THEN_GPU_FULL,UNKNOWN_UNTIL_PILOT,BLOCKED_RESOURCE_UNMEASURED,mechanism_manifest+predictions+validation,NONE_TINY;GPU_FULL_SEPARATE_AUTHORITY,FULL_MUST_RUN,L4-H1;L4-H7
run-4c25ef6b918c71702435c641,controlled_synthetic,base_plus_dynamic_resource_change,dynamic_resource_change,feature;graph;recent,flat_contract_mlp,10,mechanism_declared,mechanism_declared,contract,none,flat,none,dynamic_resource_change,NOT_APPLICABLE,CPU_TINY_THEN_GPU_FULL,UNKNOWN_UNTIL_PILOT,BLOCKED_RESOURCE_UNMEASURED,mechanism_manifest+predictions+validation,NONE_TINY;GPU_FULL_SEPARATE_AUTHORITY,STRONG_RECOMMENDED,L4-H1;L4-H7
run-34a1ba2229c06c533f9acc30,controlled_synthetic,base_plus_dynamic_resource_change,dynamic_resource_change,feature;graph;recent,uniform_average,10,mechanism_declared,mechanism_declared,fixed,none,none,none,dynamic_resource_change,NOT_APPLICABLE,CPU_TINY_THEN_GPU_FULL,UNKNOWN_UNTIL_PILOT,BLOCKED_RESOURCE_UNMEASURED,mechanism_manifest+predictions+validation,NONE_TINY;GPU_FULL_SEPARATE_AUTHORITY,STRONG_RECOMMENDED,L4-H1;L4-H7
run-472306ec384079e79c4d5855,controlled_synthetic,base_plus_all_expert_degradation,all_expert_degradation,feature;graph;recent,coregraph,1,mechanism_declared,mechanism_declared,hierarchical,none,none,none,all_expert_degradation,NOT_APPLICABLE,CPU_TINY_THEN_GPU_FULL,UNKNOWN_UNTIL_PILOT,BLOCKED_RESOURCE_UNMEASURED,mechanism_manifest+predictions+validation,NONE_TINY;GPU_FULL_SEPARATE_AUTHORITY,FULL_MUST_RUN,L4-H1;L4-H7
run-78f57b8535ba4dbb4801a201,controlled_synthetic,base_plus_all_expert_degradation,all_expert_degradation,feature;graph;recent,protocol_one_hot,1,mechanism_declared,mechanism_declared,contract,none,protocol_one_hot,none,all_expert_degradation,NOT_APPLICABLE,CPU_TINY_THEN_GPU_FULL,UNKNOWN_UNTIL_PILOT,BLOCKED_RESOURCE_UNMEASURED,mechanism_manifest+predictions+validation,NONE_TINY;GPU_FULL_SEPARATE_AUTHORITY,FULL_MUST_RUN,L4-H1;L4-H7
run-1b4218cd60f1953f61c9bcde,controlled_synthetic,base_plus_all_expert_degradation,all_expert_degradation,feature;graph;recent,flat_contract_mlp,1,mechanism_declared,mechanism_declared,contract,none,flat,none,all_expert_degradation,NOT_APPLICABLE,CPU_TINY_THEN_GPU_FULL,UNKNOWN_UNTIL_PILOT,BLOCKED_RESOURCE_UNMEASURED,mechanism_manifest+predictions+validation,NONE_TINY;GPU_FULL_SEPARATE_AUTHORITY,STRONG_RECOMMENDED,L4-H1;L4-H7
run-035d53752b8d3fa0b7bfbf79,controlled_synthetic,base_plus_all_expert_degradation,all_expert_degradation,feature;graph;recent,uniform_average,1,mechanism_declared,mechanism_declared,fixed,none,none,none,all_expert_degradation,NOT_APPLICABLE,CPU_TINY_THEN_GPU_FULL,UNKNOWN_UNTIL_PILOT,BLOCKED_RESOURCE_UNMEASURED,mechanism_manifest+predictions+validation,NONE_TINY;GPU_FULL_SEPARATE_AUTHORITY,STRONG_RECOMMENDED,L4-H1;L4-H7
run-4ba40988328af8b45de9ccb3,controlled_synthetic,base_plus_all_expert_degradation,all_expert_degradation,feature;graph;recent,coregraph,2,mechanism_declared,mechanism_declared,hierarchical,none,none,none,all_expert_degradation,NOT_APPLICABLE,CPU_TINY_THEN_GPU_FULL,UNKNOWN_UNTIL_PILOT,BLOCKED_RESOURCE_UNMEASURED,mechanism_manifest+predictions+validation,NONE_TINY;GPU_FULL_SEPARATE_AUTHORITY,FULL_MUST_RUN,L4-H1;L4-H7
run-96c8b36e4ac6f809983b373b,controlled_synthetic,base_plus_all_expert_degradation,all_expert_degradation,feature;graph;recent,protocol_one_hot,2,mechanism_declared,mechanism_declared,contract,none,protocol_one_hot,none,all_expert_degradation,NOT_APPLICABLE,CPU_TINY_THEN_GPU_FULL,UNKNOWN_UNTIL_PILOT,BLOCKED_RESOURCE_UNMEASURED,mechanism_manifest+predictions+validation,NONE_TINY;GPU_FULL_SEPARATE_AUTHORITY,FULL_MUST_RUN,L4-H1;L4-H7
run-93c3c4f8e408110ac897be4d,controlled_synthetic,base_plus_all_expert_degradation,all_expert_degradation,feature;graph;recent,flat_contract_mlp,2,mechanism_declared,mechanism_declared,contract,none,flat,none,all_expert_degradation,NOT_APPLICABLE,CPU_TINY_THEN_GPU_FULL,UNKNOWN_UNTIL_PILOT,BLOCKED_RESOURCE_UNMEASURED,mechanism_manifest+predictions+validation,NONE_TINY;GPU_FULL_SEPARATE_AUTHORITY,STRONG_RECOMMENDED,L4-H1;L4-H7
run-9beb2d9d0d0af8a3d199c7df,controlled_synthetic,base_plus_all_expert_degradation,all_expert_degradation,feature;graph;recent,uniform_average,2,mechanism_declared,mechanism_declared,fixed,none,none,none,all_expert_degradation,NOT_APPLICABLE,CPU_TINY_THEN_GPU_FULL,UNKNOWN_UNTIL_PILOT,BLOCKED_RESOURCE_UNMEASURED,mechanism_manifest+predictions+validation,NONE_TINY;GPU_FULL_SEPARATE_AUTHORITY,STRONG_RECOMMENDED,L4-H1;L4-H7
run-bab41b358a417939462eb7c7,controlled_synthetic,base_plus_all_expert_degradation,all_expert_degradation,feature;graph;recent,coregraph,3,mechanism_declared,mechanism_declared,hierarchical,none,none,none,all_expert_degradation,NOT_APPLICABLE,CPU_TINY_THEN_GPU_FULL,UNKNOWN_UNTIL_PILOT,BLOCKED_RESOURCE_UNMEASURED,mechanism_manifest+predictions+validation,NONE_TINY;GPU_FULL_SEPARATE_AUTHORITY,FULL_MUST_RUN,L4-H1;L4-H7
run-9cfafcca71e4234ef00e1530,controlled_synthetic,base_plus_all_expert_degradation,all_expert_degradation,feature;graph;recent,protocol_one_hot,3,mechanism_declared,mechanism_declared,contract,none,protocol_one_hot,none,all_expert_degradation,NOT_APPLICABLE,CPU_TINY_THEN_GPU_FULL,UNKNOWN_UNTIL_PILOT,BLOCKED_RESOURCE_UNMEASURED,mechanism_manifest+predictions+validation,NONE_TINY;GPU_FULL_SEPARATE_AUTHORITY,FULL_MUST_RUN,L4-H1;L4-H7
run-9310b8843e228666d818e88c,controlled_synthetic,base_plus_all_expert_degradation,all_expert_degradation,feature;graph;recent,flat_contract_mlp,3,mechanism_declared,mechanism_declared,contract,none,flat,none,all_expert_degradation,NOT_APPLICABLE,CPU_TINY_THEN_GPU_FULL,UNKNOWN_UNTIL_PILOT,BLOCKED_RESOURCE_UNMEASURED,mechanism_manifest+predictions+validation,NONE_TINY;GPU_FULL_SEPARATE_AUTHORITY,STRONG_RECOMMENDED,L4-H1;L4-H7
run-8b880842c0d52917d1b16752,controlled_synthetic,base_plus_all_expert_degradation,all_expert_degradation,feature;graph;recent,uniform_average,3,mechanism_declared,mechanism_declared,fixed,none,none,none,all_expert_degradation,NOT_APPLICABLE,CPU_TINY_THEN_GPU_FULL,UNKNOWN_UNTIL_PILOT,BLOCKED_RESOURCE_UNMEASURED,mechanism_manifest+predictions+validation,NONE_TINY;GPU_FULL_SEPARATE_AUTHORITY,STRONG_RECOMMENDED,L4-H1;L4-H7
run-734dd78eaa065a9c260f29c0,controlled_synthetic,base_plus_all_expert_degradation,all_expert_degradation,feature;graph;recent,coregraph,4,mechanism_declared,mechanism_declared,hierarchical,none,none,none,all_expert_degradation,NOT_APPLICABLE,CPU_TINY_THEN_GPU_FULL,UNKNOWN_UNTIL_PILOT,BLOCKED_RESOURCE_UNMEASURED,mechanism_manifest+predictions+validation,NONE_TINY;GPU_FULL_SEPARATE_AUTHORITY,FULL_MUST_RUN,L4-H1;L4-H7
run-414e738325d4750e52a7a9d1,controlled_synthetic,base_plus_all_expert_degradation,all_expert_degradation,feature;graph;recent,protocol_one_hot,4,mechanism_declared,mechanism_declared,contract,none,protocol_one_hot,none,all_expert_degradation,NOT_APPLICABLE,CPU_TINY_THEN_GPU_FULL,UNKNOWN_UNTIL_PILOT,BLOCKED_RESOURCE_UNMEASURED,mechanism_manifest+predictions+validation,NONE_TINY;GPU_FULL_SEPARATE_AUTHORITY,FULL_MUST_RUN,L4-H1;L4-H7
run-64889c368cb06d2f53704ae2,controlled_synthetic,base_plus_all_expert_degradation,all_expert_degradation,feature;graph;recent,flat_contract_mlp,4,mechanism_declared,mechanism_declared,contract,none,flat,none,all_expert_degradation,NOT_APPLICABLE,CPU_TINY_THEN_GPU_FULL,UNKNOWN_UNTIL_PILOT,BLOCKED_RESOURCE_UNMEASURED,mechanism_manifest+predictions+validation,NONE_TINY;GPU_FULL_SEPARATE_AUTHORITY,STRONG_RECOMMENDED,L4-H1;L4-H7
run-13fcab4582a561d9286f5810,controlled_synthetic,base_plus_all_expert_degradation,all_expert_degradation,feature;graph;recent,uniform_average,4,mechanism_declared,mechanism_declared,fixed,none,none,none,all_expert_degradation,NOT_APPLICABLE,CPU_TINY_THEN_GPU_FULL,UNKNOWN_UNTIL_PILOT,BLOCKED_RESOURCE_UNMEASURED,mechanism_manifest+predictions+validation,NONE_TINY;GPU_FULL_SEPARATE_AUTHORITY,STRONG_RECOMMENDED,L4-H1;L4-H7
run-fdb6de2f6637401d34c40106,controlled_synthetic,base_plus_all_expert_degradation,all_expert_degradation,feature;graph;recent,coregraph,5,mechanism_declared,mechanism_declared,hierarchical,none,none,none,all_expert_degradation,NOT_APPLICABLE,CPU_TINY_THEN_GPU_FULL,UNKNOWN_UNTIL_PILOT,BLOCKED_RESOURCE_UNMEASURED,mechanism_manifest+predictions+validation,NONE_TINY;GPU_FULL_SEPARATE_AUTHORITY,FULL_MUST_RUN,L4-H1;L4-H7
run-1b12b73c37a263cb9994468f,controlled_synthetic,base_plus_all_expert_degradation,all_expert_degradation,feature;graph;recent,protocol_one_hot,5,mechanism_declared,mechanism_declared,contract,none,protocol_one_hot,none,all_expert_degradation,NOT_APPLICABLE,CPU_TINY_THEN_GPU_FULL,UNKNOWN_UNTIL_PILOT,BLOCKED_RESOURCE_UNMEASURED,mechanism_manifest+predictions+validation,NONE_TINY;GPU_FULL_SEPARATE_AUTHORITY,FULL_MUST_RUN,L4-H1;L4-H7
run-5a3426654c1837ca10bbeb05,controlled_synthetic,base_plus_all_expert_degradation,all_expert_degradation,feature;graph;recent,flat_contract_mlp,5,mechanism_declared,mechanism_declared,contract,none,flat,none,all_expert_degradation,NOT_APPLICABLE,CPU_TINY_THEN_GPU_FULL,UNKNOWN_UNTIL_PILOT,BLOCKED_RESOURCE_UNMEASURED,mechanism_manifest+predictions+validation,NONE_TINY;GPU_FULL_SEPARATE_AUTHORITY,STRONG_RECOMMENDED,L4-H1;L4-H7
run-2bfb4a96d6eae74221477841,controlled_synthetic,base_plus_all_expert_degradation,all_expert_degradation,feature;graph;recent,uniform_average,5,mechanism_declared,mechanism_declared,fixed,none,none,none,all_expert_degradation,NOT_APPLICABLE,CPU_TINY_THEN_GPU_FULL,UNKNOWN_UNTIL_PILOT,BLOCKED_RESOURCE_UNMEASURED,mechanism_manifest+predictions+validation,NONE_TINY;GPU_FULL_SEPARATE_AUTHORITY,STRONG_RECOMMENDED,L4-H1;L4-H7
run-b0ca6190cec376cd00803fb5,controlled_synthetic,base_plus_all_expert_degradation,all_expert_degradation,feature;graph;recent,coregraph,6,mechanism_declared,mechanism_declared,hierarchical,none,none,none,all_expert_degradation,NOT_APPLICABLE,CPU_TINY_THEN_GPU_FULL,UNKNOWN_UNTIL_PILOT,BLOCKED_RESOURCE_UNMEASURED,mechanism_manifest+predictions+validation,NONE_TINY;GPU_FULL_SEPARATE_AUTHORITY,FULL_MUST_RUN,L4-H1;L4-H7
run-9b1628d26beda3b6738c67e4,controlled_synthetic,base_plus_all_expert_degradation,all_expert_degradation,feature;graph;recent,protocol_one_hot,6,mechanism_declared,mechanism_declared,contract,none,protocol_one_hot,none,all_expert_degradation,NOT_APPLICABLE,CPU_TINY_THEN_GPU_FULL,UNKNOWN_UNTIL_PILOT,BLOCKED_RESOURCE_UNMEASURED,mechanism_manifest+predictions+validation,NONE_TINY;GPU_FULL_SEPARATE_AUTHORITY,FULL_MUST_RUN,L4-H1;L4-H7
run-d15e5ede0d40db36ec24cf62,controlled_synthetic,base_plus_all_expert_degradation,all_expert_degradation,feature;graph;recent,flat_contract_mlp,6,mechanism_declared,mechanism_declared,contract,none,flat,none,all_expert_degradation,NOT_APPLICABLE,CPU_TINY_THEN_GPU_FULL,UNKNOWN_UNTIL_PILOT,BLOCKED_RESOURCE_UNMEASURED,mechanism_manifest+predictions+validation,NONE_TINY;GPU_FULL_SEPARATE_AUTHORITY,STRONG_RECOMMENDED,L4-H1;L4-H7
run-a26d61b6a17cf35d3849d122,controlled_synthetic,base_plus_all_expert_degradation,all_expert_degradation,feature;graph;recent,uniform_average,6,mechanism_declared,mechanism_declared,fixed,none,none,none,all_expert_degradation,NOT_APPLICABLE,CPU_TINY_THEN_GPU_FULL,UNKNOWN_UNTIL_PILOT,BLOCKED_RESOURCE_UNMEASURED,mechanism_manifest+predictions+validation,NONE_TINY;GPU_FULL_SEPARATE_AUTHORITY,STRONG_RECOMMENDED,L4-H1;L4-H7
run-7802041ae7d4f6139a938ead,controlled_synthetic,base_plus_all_expert_degradation,all_expert_degradation,feature;graph;recent,coregraph,7,mechanism_declared,mechanism_declared,hierarchical,none,none,none,all_expert_degradation,NOT_APPLICABLE,CPU_TINY_THEN_GPU_FULL,UNKNOWN_UNTIL_PILOT,BLOCKED_RESOURCE_UNMEASURED,mechanism_manifest+predictions+validation,NONE_TINY;GPU_FULL_SEPARATE_AUTHORITY,FULL_MUST_RUN,L4-H1;L4-H7
run-7ac83d4b863a85928ddd8f05,controlled_synthetic,base_plus_all_expert_degradation,all_expert_degradation,feature;graph;recent,protocol_one_hot,7,mechanism_declared,mechanism_declared,contract,none,protocol_one_hot,none,all_expert_degradation,NOT_APPLICABLE,CPU_TINY_THEN_GPU_FULL,UNKNOWN_UNTIL_PILOT,BLOCKED_RESOURCE_UNMEASURED,mechanism_manifest+predictions+validation,NONE_TINY;GPU_FULL_SEPARATE_AUTHORITY,FULL_MUST_RUN,L4-H1;L4-H7
run-7ec4d592867d95d93fc411af,controlled_synthetic,base_plus_all_expert_degradation,all_expert_degradation,feature;graph;recent,flat_contract_mlp,7,mechanism_declared,mechanism_declared,contract,none,flat,none,all_expert_degradation,NOT_APPLICABLE,CPU_TINY_THEN_GPU_FULL,UNKNOWN_UNTIL_PILOT,BLOCKED_RESOURCE_UNMEASURED,mechanism_manifest+predictions+validation,NONE_TINY;GPU_FULL_SEPARATE_AUTHORITY,STRONG_RECOMMENDED,L4-H1;L4-H7
run-052cf51e5faef9d6d7467e03,controlled_synthetic,base_plus_all_expert_degradation,all_expert_degradation,feature;graph;recent,uniform_average,7,mechanism_declared,mechanism_declared,fixed,none,none,none,all_expert_degradation,NOT_APPLICABLE,CPU_TINY_THEN_GPU_FULL,UNKNOWN_UNTIL_PILOT,BLOCKED_RESOURCE_UNMEASURED,mechanism_manifest+predictions+validation,NONE_TINY;GPU_FULL_SEPARATE_AUTHORITY,STRONG_RECOMMENDED,L4-H1;L4-H7
run-c97e0123fe3a24dc46a01e3e,controlled_synthetic,base_plus_all_expert_degradation,all_expert_degradation,feature;graph;recent,coregraph,8,mechanism_declared,mechanism_declared,hierarchical,none,none,none,all_expert_degradation,NOT_APPLICABLE,CPU_TINY_THEN_GPU_FULL,UNKNOWN_UNTIL_PILOT,BLOCKED_RESOURCE_UNMEASURED,mechanism_manifest+predictions+validation,NONE_TINY;GPU_FULL_SEPARATE_AUTHORITY,FULL_MUST_RUN,L4-H1;L4-H7
run-ec62034f83377f53fa549832,controlled_synthetic,base_plus_all_expert_degradation,all_expert_degradation,feature;graph;recent,protocol_one_hot,8,mechanism_declared,mechanism_declared,contract,none,protocol_one_hot,none,all_expert_degradation,NOT_APPLICABLE,CPU_TINY_THEN_GPU_FULL,UNKNOWN_UNTIL_PILOT,BLOCKED_RESOURCE_UNMEASURED,mechanism_manifest+predictions+validation,NONE_TINY;GPU_FULL_SEPARATE_AUTHORITY,FULL_MUST_RUN,L4-H1;L4-H7
run-9849a88c6849491fe9b1a018,controlled_synthetic,base_plus_all_expert_degradation,all_expert_degradation,feature;graph;recent,flat_contract_mlp,8,mechanism_declared,mechanism_declared,contract,none,flat,none,all_expert_degradation,NOT_APPLICABLE,CPU_TINY_THEN_GPU_FULL,UNKNOWN_UNTIL_PILOT,BLOCKED_RESOURCE_UNMEASURED,mechanism_manifest+predictions+validation,NONE_TINY;GPU_FULL_SEPARATE_AUTHORITY,STRONG_RECOMMENDED,L4-H1;L4-H7
run-f1f96a09a62f307a5e0e9b00,controlled_synthetic,base_plus_all_expert_degradation,all_expert_degradation,feature;graph;recent,uniform_average,8,mechanism_declared,mechanism_declared,fixed,none,none,none,all_expert_degradation,NOT_APPLICABLE,CPU_TINY_THEN_GPU_FULL,UNKNOWN_UNTIL_PILOT,BLOCKED_RESOURCE_UNMEASURED,mechanism_manifest+predictions+validation,NONE_TINY;GPU_FULL_SEPARATE_AUTHORITY,STRONG_RECOMMENDED,L4-H1;L4-H7
run-af5e098ccb3bb859a7bc349d,controlled_synthetic,base_plus_all_expert_degradation,all_expert_degradation,feature;graph;recent,coregraph,9,mechanism_declared,mechanism_declared,hierarchical,none,none,none,all_expert_degradation,NOT_APPLICABLE,CPU_TINY_THEN_GPU_FULL,UNKNOWN_UNTIL_PILOT,BLOCKED_RESOURCE_UNMEASURED,mechanism_manifest+predictions+validation,NONE_TINY;GPU_FULL_SEPARATE_AUTHORITY,FULL_MUST_RUN,L4-H1;L4-H7
run-00e28f513707dc45796139a6,controlled_synthetic,base_plus_all_expert_degradation,all_expert_degradation,feature;graph;recent,protocol_one_hot,9,mechanism_declared,mechanism_declared,contract,none,protocol_one_hot,none,all_expert_degradation,NOT_APPLICABLE,CPU_TINY_THEN_GPU_FULL,UNKNOWN_UNTIL_PILOT,BLOCKED_RESOURCE_UNMEASURED,mechanism_manifest+predictions+validation,NONE_TINY;GPU_FULL_SEPARATE_AUTHORITY,FULL_MUST_RUN,L4-H1;L4-H7
run-0544551d8e686277710d8c76,controlled_synthetic,base_plus_all_expert_degradation,all_expert_degradation,feature;graph;recent,flat_contract_mlp,9,mechanism_declared,mechanism_declared,contract,none,flat,none,all_expert_degradation,NOT_APPLICABLE,CPU_TINY_THEN_GPU_FULL,UNKNOWN_UNTIL_PILOT,BLOCKED_RESOURCE_UNMEASURED,mechanism_manifest+predictions+validation,NONE_TINY;GPU_FULL_SEPARATE_AUTHORITY,STRONG_RECOMMENDED,L4-H1;L4-H7
run-352486dd00f9d6950dcb5ed0,controlled_synthetic,base_plus_all_expert_degradation,all_expert_degradation,feature;graph;recent,uniform_average,9,mechanism_declared,mechanism_declared,fixed,none,none,none,all_expert_degradation,NOT_APPLICABLE,CPU_TINY_THEN_GPU_FULL,UNKNOWN_UNTIL_PILOT,BLOCKED_RESOURCE_UNMEASURED,mechanism_manifest+predictions+validation,NONE_TINY;GPU_FULL_SEPARATE_AUTHORITY,STRONG_RECOMMENDED,L4-H1;L4-H7
run-9f77bd76858a3a4ec35e6c3a,controlled_synthetic,base_plus_all_expert_degradation,all_expert_degradation,feature;graph;recent,coregraph,10,mechanism_declared,mechanism_declared,hierarchical,none,none,none,all_expert_degradation,NOT_APPLICABLE,CPU_TINY_THEN_GPU_FULL,UNKNOWN_UNTIL_PILOT,BLOCKED_RESOURCE_UNMEASURED,mechanism_manifest+predictions+validation,NONE_TINY;GPU_FULL_SEPARATE_AUTHORITY,FULL_MUST_RUN,L4-H1;L4-H7
run-47a798daf5d42ebdf44de688,controlled_synthetic,base_plus_all_expert_degradation,all_expert_degradation,feature;graph;recent,protocol_one_hot,10,mechanism_declared,mechanism_declared,contract,none,protocol_one_hot,none,all_expert_degradation,NOT_APPLICABLE,CPU_TINY_THEN_GPU_FULL,UNKNOWN_UNTIL_PILOT,BLOCKED_RESOURCE_UNMEASURED,mechanism_manifest+predictions+validation,NONE_TINY;GPU_FULL_SEPARATE_AUTHORITY,FULL_MUST_RUN,L4-H1;L4-H7
run-457ef1353bab3c7b226b4a15,controlled_synthetic,base_plus_all_expert_degradation,all_expert_degradation,feature;graph;recent,flat_contract_mlp,10,mechanism_declared,mechanism_declared,contract,none,flat,none,all_expert_degradation,NOT_APPLICABLE,CPU_TINY_THEN_GPU_FULL,UNKNOWN_UNTIL_PILOT,BLOCKED_RESOURCE_UNMEASURED,mechanism_manifest+predictions+validation,NONE_TINY;GPU_FULL_SEPARATE_AUTHORITY,STRONG_RECOMMENDED,L4-H1;L4-H7
run-19a03d82c2641337ee3609f7,controlled_synthetic,base_plus_all_expert_degradation,all_expert_degradation,feature;graph;recent,uniform_average,10,mechanism_declared,mechanism_declared,fixed,none,none,none,all_expert_degradation,NOT_APPLICABLE,CPU_TINY_THEN_GPU_FULL,UNKNOWN_UNTIL_PILOT,BLOCKED_RESOURCE_UNMEASURED,mechanism_manifest+predictions+validation,NONE_TINY;GPU_FULL_SEPARATE_AUTHORITY,STRONG_RECOMMENDED,L4-H1;L4-H7
run-333ad6c707d9b06db9521b17,GOOD,official_held_out_environment,official_split_mapping,task_compatible_only,coregraph,1,NOT_APPLICABLE_OR_DATASET_DECLARED,all_experts_available,hierarchical,none,none,none,NOT_APPLICABLE,GOOD,KAGGLE_T4X2,UNKNOWN_UNTIL_OFFICIAL_SMOKE,BLOCKED_RESOURCE_UNMEASURED,official_parity+run_manifest+predictions,OFFICIAL_AVAILABLE_NOT_INSTALLED,FULL_MUST_RUN,CROSS_DOMAIN_GENERALISATION
run-a4adb93adfd83757b59a0f57,GOOD,official_held_out_environment,official_split_mapping,task_compatible_only,uniform_average,1,NOT_APPLICABLE_OR_DATASET_DECLARED,all_experts_available,baseline_declared,none,none,none,NOT_APPLICABLE,GOOD,KAGGLE_T4X2,UNKNOWN_UNTIL_OFFICIAL_SMOKE,BLOCKED_RESOURCE_UNMEASURED,official_parity+run_manifest+predictions,OFFICIAL_AVAILABLE_NOT_INSTALLED,FULL_MUST_RUN,CROSS_DOMAIN_GENERALISATION
run-675a23c77568f87a2e8cee78,GOOD,official_held_out_environment,official_split_mapping,task_compatible_only,strongest_feasible_graph_ood,1,NOT_APPLICABLE_OR_DATASET_DECLARED,all_experts_available,baseline_declared,none,none,none,NOT_APPLICABLE,GOOD,KAGGLE_T4X2,UNKNOWN_UNTIL_OFFICIAL_SMOKE,BLOCKED_RESOURCE_UNMEASURED,official_parity+run_manifest+predictions,OFFICIAL_AVAILABLE_NOT_INSTALLED,FULL_MUST_RUN,CROSS_DOMAIN_GENERALISATION
run-26c704530385fe49ad6af6a0,GOOD,official_held_out_environment,official_split_mapping,task_compatible_only,coregraph,2,NOT_APPLICABLE_OR_DATASET_DECLARED,all_experts_available,hierarchical,none,none,none,NOT_APPLICABLE,GOOD,KAGGLE_T4X2,UNKNOWN_UNTIL_OFFICIAL_SMOKE,BLOCKED_RESOURCE_UNMEASURED,official_parity+run_manifest+predictions,OFFICIAL_AVAILABLE_NOT_INSTALLED,FULL_MUST_RUN,CROSS_DOMAIN_GENERALISATION
run-9144c3483bed266b4fcf89e7,GOOD,official_held_out_environment,official_split_mapping,task_compatible_only,uniform_average,2,NOT_APPLICABLE_OR_DATASET_DECLARED,all_experts_available,baseline_declared,none,none,none,NOT_APPLICABLE,GOOD,KAGGLE_T4X2,UNKNOWN_UNTIL_OFFICIAL_SMOKE,BLOCKED_RESOURCE_UNMEASURED,official_parity+run_manifest+predictions,OFFICIAL_AVAILABLE_NOT_INSTALLED,FULL_MUST_RUN,CROSS_DOMAIN_GENERALISATION
run-27911f48db9885e49616da61,GOOD,official_held_out_environment,official_split_mapping,task_compatible_only,strongest_feasible_graph_ood,2,NOT_APPLICABLE_OR_DATASET_DECLARED,all_experts_available,baseline_declared,none,none,none,NOT_APPLICABLE,GOOD,KAGGLE_T4X2,UNKNOWN_UNTIL_OFFICIAL_SMOKE,BLOCKED_RESOURCE_UNMEASURED,official_parity+run_manifest+predictions,OFFICIAL_AVAILABLE_NOT_INSTALLED,FULL_MUST_RUN,CROSS_DOMAIN_GENERALISATION
run-90aa0f8efea60a60332aa148,GOOD,official_held_out_environment,official_split_mapping,task_compatible_only,coregraph,3,NOT_APPLICABLE_OR_DATASET_DECLARED,all_experts_available,hierarchical,none,none,none,NOT_APPLICABLE,GOOD,KAGGLE_T4X2,UNKNOWN_UNTIL_OFFICIAL_SMOKE,BLOCKED_RESOURCE_UNMEASURED,official_parity+run_manifest+predictions,OFFICIAL_AVAILABLE_NOT_INSTALLED,FULL_MUST_RUN,CROSS_DOMAIN_GENERALISATION
run-05f5a99bb7778d1d8db6f190,GOOD,official_held_out_environment,official_split_mapping,task_compatible_only,uniform_average,3,NOT_APPLICABLE_OR_DATASET_DECLARED,all_experts_available,baseline_declared,none,none,none,NOT_APPLICABLE,GOOD,KAGGLE_T4X2,UNKNOWN_UNTIL_OFFICIAL_SMOKE,BLOCKED_RESOURCE_UNMEASURED,official_parity+run_manifest+predictions,OFFICIAL_AVAILABLE_NOT_INSTALLED,FULL_MUST_RUN,CROSS_DOMAIN_GENERALISATION
run-448a8287b5371d252281a325,GOOD,official_held_out_environment,official_split_mapping,task_compatible_only,strongest_feasible_graph_ood,3,NOT_APPLICABLE_OR_DATASET_DECLARED,all_experts_available,baseline_declared,none,none,none,NOT_APPLICABLE,GOOD,KAGGLE_T4X2,UNKNOWN_UNTIL_OFFICIAL_SMOKE,BLOCKED_RESOURCE_UNMEASURED,official_parity+run_manifest+predictions,OFFICIAL_AVAILABLE_NOT_INSTALLED,FULL_MUST_RUN,CROSS_DOMAIN_GENERALISATION
run-5cbabb3b13a8bdd8fb47c82c,GOOD,official_held_out_environment,official_split_mapping,task_compatible_only,coregraph,4,NOT_APPLICABLE_OR_DATASET_DECLARED,all_experts_available,hierarchical,none,none,none,NOT_APPLICABLE,GOOD,KAGGLE_T4X2,UNKNOWN_UNTIL_OFFICIAL_SMOKE,BLOCKED_RESOURCE_UNMEASURED,official_parity+run_manifest+predictions,OFFICIAL_AVAILABLE_NOT_INSTALLED,FULL_MUST_RUN,CROSS_DOMAIN_GENERALISATION
run-7f2969b8c496c756e05ddd36,GOOD,official_held_out_environment,official_split_mapping,task_compatible_only,uniform_average,4,NOT_APPLICABLE_OR_DATASET_DECLARED,all_experts_available,baseline_declared,none,none,none,NOT_APPLICABLE,GOOD,KAGGLE_T4X2,UNKNOWN_UNTIL_OFFICIAL_SMOKE,BLOCKED_RESOURCE_UNMEASURED,official_parity+run_manifest+predictions,OFFICIAL_AVAILABLE_NOT_INSTALLED,FULL_MUST_RUN,CROSS_DOMAIN_GENERALISATION
run-9daffa65b42a412ab2af6289,GOOD,official_held_out_environment,official_split_mapping,task_compatible_only,strongest_feasible_graph_ood,4,NOT_APPLICABLE_OR_DATASET_DECLARED,all_experts_available,baseline_declared,none,none,none,NOT_APPLICABLE,GOOD,KAGGLE_T4X2,UNKNOWN_UNTIL_OFFICIAL_SMOKE,BLOCKED_RESOURCE_UNMEASURED,official_parity+run_manifest+predictions,OFFICIAL_AVAILABLE_NOT_INSTALLED,FULL_MUST_RUN,CROSS_DOMAIN_GENERALISATION
run-1bbf789c2c75bd207105e984,GOOD,official_held_out_environment,official_split_mapping,task_compatible_only,coregraph,5,NOT_APPLICABLE_OR_DATASET_DECLARED,all_experts_available,hierarchical,none,none,none,NOT_APPLICABLE,GOOD,KAGGLE_T4X2,UNKNOWN_UNTIL_OFFICIAL_SMOKE,BLOCKED_RESOURCE_UNMEASURED,official_parity+run_manifest+predictions,OFFICIAL_AVAILABLE_NOT_INSTALLED,FULL_MUST_RUN,CROSS_DOMAIN_GENERALISATION
run-7f3ba5b1eb93747561072cf9,GOOD,official_held_out_environment,official_split_mapping,task_compatible_only,uniform_average,5,NOT_APPLICABLE_OR_DATASET_DECLARED,all_experts_available,baseline_declared,none,none,none,NOT_APPLICABLE,GOOD,KAGGLE_T4X2,UNKNOWN_UNTIL_OFFICIAL_SMOKE,BLOCKED_RESOURCE_UNMEASURED,official_parity+run_manifest+predictions,OFFICIAL_AVAILABLE_NOT_INSTALLED,FULL_MUST_RUN,CROSS_DOMAIN_GENERALISATION
run-10c1a7382ae8cfb82de1d1ea,GOOD,official_held_out_environment,official_split_mapping,task_compatible_only,strongest_feasible_graph_ood,5,NOT_APPLICABLE_OR_DATASET_DECLARED,all_experts_available,baseline_declared,none,none,none,NOT_APPLICABLE,GOOD,KAGGLE_T4X2,UNKNOWN_UNTIL_OFFICIAL_SMOKE,BLOCKED_RESOURCE_UNMEASURED,official_parity+run_manifest+predictions,OFFICIAL_AVAILABLE_NOT_INSTALLED,FULL_MUST_RUN,CROSS_DOMAIN_GENERALISATION
run-29dd222154be6c00730b89bc,GOOD,official_held_out_environment,official_split_mapping,task_compatible_only,coregraph,6,NOT_APPLICABLE_OR_DATASET_DECLARED,all_experts_available,hierarchical,none,none,none,NOT_APPLICABLE,GOOD,KAGGLE_T4X2,UNKNOWN_UNTIL_OFFICIAL_SMOKE,BLOCKED_RESOURCE_UNMEASURED,official_parity+run_manifest+predictions,OFFICIAL_AVAILABLE_NOT_INSTALLED,FULL_MUST_RUN,CROSS_DOMAIN_GENERALISATION
run-e47d151232c82a7d965de5aa,GOOD,official_held_out_environment,official_split_mapping,task_compatible_only,uniform_average,6,NOT_APPLICABLE_OR_DATASET_DECLARED,all_experts_available,baseline_declared,none,none,none,NOT_APPLICABLE,GOOD,KAGGLE_T4X2,UNKNOWN_UNTIL_OFFICIAL_SMOKE,BLOCKED_RESOURCE_UNMEASURED,official_parity+run_manifest+predictions,OFFICIAL_AVAILABLE_NOT_INSTALLED,FULL_MUST_RUN,CROSS_DOMAIN_GENERALISATION
run-63dbd117ba15c6898c13d3d6,GOOD,official_held_out_environment,official_split_mapping,task_compatible_only,strongest_feasible_graph_ood,6,NOT_APPLICABLE_OR_DATASET_DECLARED,all_experts_available,baseline_declared,none,none,none,NOT_APPLICABLE,GOOD,KAGGLE_T4X2,UNKNOWN_UNTIL_OFFICIAL_SMOKE,BLOCKED_RESOURCE_UNMEASURED,official_parity+run_manifest+predictions,OFFICIAL_AVAILABLE_NOT_INSTALLED,FULL_MUST_RUN,CROSS_DOMAIN_GENERALISATION
run-50a20ad3db4c06f38f2c4d17,GOOD,official_held_out_environment,official_split_mapping,task_compatible_only,coregraph,7,NOT_APPLICABLE_OR_DATASET_DECLARED,all_experts_available,hierarchical,none,none,none,NOT_APPLICABLE,GOOD,KAGGLE_T4X2,UNKNOWN_UNTIL_OFFICIAL_SMOKE,BLOCKED_RESOURCE_UNMEASURED,official_parity+run_manifest+predictions,OFFICIAL_AVAILABLE_NOT_INSTALLED,FULL_MUST_RUN,CROSS_DOMAIN_GENERALISATION
run-1819b4c5e04d0ff463c04872,GOOD,official_held_out_environment,official_split_mapping,task_compatible_only,uniform_average,7,NOT_APPLICABLE_OR_DATASET_DECLARED,all_experts_available,baseline_declared,none,none,none,NOT_APPLICABLE,GOOD,KAGGLE_T4X2,UNKNOWN_UNTIL_OFFICIAL_SMOKE,BLOCKED_RESOURCE_UNMEASURED,official_parity+run_manifest+predictions,OFFICIAL_AVAILABLE_NOT_INSTALLED,FULL_MUST_RUN,CROSS_DOMAIN_GENERALISATION
run-790f889e168f78bfd8fad4b6,GOOD,official_held_out_environment,official_split_mapping,task_compatible_only,strongest_feasible_graph_ood,7,NOT_APPLICABLE_OR_DATASET_DECLARED,all_experts_available,baseline_declared,none,none,none,NOT_APPLICABLE,GOOD,KAGGLE_T4X2,UNKNOWN_UNTIL_OFFICIAL_SMOKE,BLOCKED_RESOURCE_UNMEASURED,official_parity+run_manifest+predictions,OFFICIAL_AVAILABLE_NOT_INSTALLED,FULL_MUST_RUN,CROSS_DOMAIN_GENERALISATION
run-030f2354f986b7a7c9b91b44,GOOD,official_held_out_environment,official_split_mapping,task_compatible_only,coregraph,8,NOT_APPLICABLE_OR_DATASET_DECLARED,all_experts_available,hierarchical,none,none,none,NOT_APPLICABLE,GOOD,KAGGLE_T4X2,UNKNOWN_UNTIL_OFFICIAL_SMOKE,BLOCKED_RESOURCE_UNMEASURED,official_parity+run_manifest+predictions,OFFICIAL_AVAILABLE_NOT_INSTALLED,FULL_MUST_RUN,CROSS_DOMAIN_GENERALISATION
run-eff54df09de85cae7718e950,GOOD,official_held_out_environment,official_split_mapping,task_compatible_only,uniform_average,8,NOT_APPLICABLE_OR_DATASET_DECLARED,all_experts_available,baseline_declared,none,none,none,NOT_APPLICABLE,GOOD,KAGGLE_T4X2,UNKNOWN_UNTIL_OFFICIAL_SMOKE,BLOCKED_RESOURCE_UNMEASURED,official_parity+run_manifest+predictions,OFFICIAL_AVAILABLE_NOT_INSTALLED,FULL_MUST_RUN,CROSS_DOMAIN_GENERALISATION
run-48ba886263bcb4b8e90fd4ad,GOOD,official_held_out_environment,official_split_mapping,task_compatible_only,strongest_feasible_graph_ood,8,NOT_APPLICABLE_OR_DATASET_DECLARED,all_experts_available,baseline_declared,none,none,none,NOT_APPLICABLE,GOOD,KAGGLE_T4X2,UNKNOWN_UNTIL_OFFICIAL_SMOKE,BLOCKED_RESOURCE_UNMEASURED,official_parity+run_manifest+predictions,OFFICIAL_AVAILABLE_NOT_INSTALLED,FULL_MUST_RUN,CROSS_DOMAIN_GENERALISATION
run-23315055196bba585c97065b,GOOD,official_held_out_environment,official_split_mapping,task_compatible_only,coregraph,9,NOT_APPLICABLE_OR_DATASET_DECLARED,all_experts_available,hierarchical,none,none,none,NOT_APPLICABLE,GOOD,KAGGLE_T4X2,UNKNOWN_UNTIL_OFFICIAL_SMOKE,BLOCKED_RESOURCE_UNMEASURED,official_parity+run_manifest+predictions,OFFICIAL_AVAILABLE_NOT_INSTALLED,FULL_MUST_RUN,CROSS_DOMAIN_GENERALISATION
run-f4fd03dc700af15e8a3c56b7,GOOD,official_held_out_environment,official_split_mapping,task_compatible_only,uniform_average,9,NOT_APPLICABLE_OR_DATASET_DECLARED,all_experts_available,baseline_declared,none,none,none,NOT_APPLICABLE,GOOD,KAGGLE_T4X2,UNKNOWN_UNTIL_OFFICIAL_SMOKE,BLOCKED_RESOURCE_UNMEASURED,official_parity+run_manifest+predictions,OFFICIAL_AVAILABLE_NOT_INSTALLED,FULL_MUST_RUN,CROSS_DOMAIN_GENERALISATION
run-f40f91aa2411a825c0697110,GOOD,official_held_out_environment,official_split_mapping,task_compatible_only,strongest_feasible_graph_ood,9,NOT_APPLICABLE_OR_DATASET_DECLARED,all_experts_available,baseline_declared,none,none,none,NOT_APPLICABLE,GOOD,KAGGLE_T4X2,UNKNOWN_UNTIL_OFFICIAL_SMOKE,BLOCKED_RESOURCE_UNMEASURED,official_parity+run_manifest+predictions,OFFICIAL_AVAILABLE_NOT_INSTALLED,FULL_MUST_RUN,CROSS_DOMAIN_GENERALISATION
run-b0bd500f0394b5a84493774a,GOOD,official_held_out_environment,official_split_mapping,task_compatible_only,coregraph,10,NOT_APPLICABLE_OR_DATASET_DECLARED,all_experts_available,hierarchical,none,none,none,NOT_APPLICABLE,GOOD,KAGGLE_T4X2,UNKNOWN_UNTIL_OFFICIAL_SMOKE,BLOCKED_RESOURCE_UNMEASURED,official_parity+run_manifest+predictions,OFFICIAL_AVAILABLE_NOT_INSTALLED,FULL_MUST_RUN,CROSS_DOMAIN_GENERALISATION
run-535963e4e72d7f2c62b894a2,GOOD,official_held_out_environment,official_split_mapping,task_compatible_only,uniform_average,10,NOT_APPLICABLE_OR_DATASET_DECLARED,all_experts_available,baseline_declared,none,none,none,NOT_APPLICABLE,GOOD,KAGGLE_T4X2,UNKNOWN_UNTIL_OFFICIAL_SMOKE,BLOCKED_RESOURCE_UNMEASURED,official_parity+run_manifest+predictions,OFFICIAL_AVAILABLE_NOT_INSTALLED,FULL_MUST_RUN,CROSS_DOMAIN_GENERALISATION
run-2e15bf71c4990db27755b944,GOOD,official_held_out_environment,official_split_mapping,task_compatible_only,strongest_feasible_graph_ood,10,NOT_APPLICABLE_OR_DATASET_DECLARED,all_experts_available,baseline_declared,none,none,none,NOT_APPLICABLE,GOOD,KAGGLE_T4X2,UNKNOWN_UNTIL_OFFICIAL_SMOKE,BLOCKED_RESOURCE_UNMEASURED,official_parity+run_manifest+predictions,OFFICIAL_AVAILABLE_NOT_INSTALLED,FULL_MUST_RUN,CROSS_DOMAIN_GENERALISATION
run-cb3a592b0ea228a759051564,OGB_molecular_fallback,official_held_out_environment,official_split_mapping,task_compatible_only,coregraph,1,NOT_APPLICABLE_OR_DATASET_DECLARED,all_experts_available,hierarchical,none,none,none,NOT_APPLICABLE,OGB_molecular_fallback,KAGGLE_T4X2,UNKNOWN_UNTIL_OFFICIAL_SMOKE,BLOCKED_RESOURCE_UNMEASURED,official_parity+run_manifest+predictions,BLOCKED_PENDING_LICENSE_REVIEW,STRETCH_LEVEL4,CROSS_DOMAIN_GENERALISATION
run-2405a8022ba76582351c9d63,OGB_molecular_fallback,official_held_out_environment,official_split_mapping,task_compatible_only,uniform_average,1,NOT_APPLICABLE_OR_DATASET_DECLARED,all_experts_available,baseline_declared,none,none,none,NOT_APPLICABLE,OGB_molecular_fallback,KAGGLE_T4X2,UNKNOWN_UNTIL_OFFICIAL_SMOKE,BLOCKED_RESOURCE_UNMEASURED,official_parity+run_manifest+predictions,BLOCKED_PENDING_LICENSE_REVIEW,STRETCH_LEVEL4,CROSS_DOMAIN_GENERALISATION
run-c746ddaef3fc96fb61b11fca,OGB_molecular_fallback,official_held_out_environment,official_split_mapping,task_compatible_only,strongest_feasible_graph_ood,1,NOT_APPLICABLE_OR_DATASET_DECLARED,all_experts_available,baseline_declared,none,none,none,NOT_APPLICABLE,OGB_molecular_fallback,KAGGLE_T4X2,UNKNOWN_UNTIL_OFFICIAL_SMOKE,BLOCKED_RESOURCE_UNMEASURED,official_parity+run_manifest+predictions,BLOCKED_PENDING_LICENSE_REVIEW,STRETCH_LEVEL4,CROSS_DOMAIN_GENERALISATION
run-fdc5ae50cddf7c3b62fc961d,OGB_molecular_fallback,official_held_out_environment,official_split_mapping,task_compatible_only,coregraph,2,NOT_APPLICABLE_OR_DATASET_DECLARED,all_experts_available,hierarchical,none,none,none,NOT_APPLICABLE,OGB_molecular_fallback,KAGGLE_T4X2,UNKNOWN_UNTIL_OFFICIAL_SMOKE,BLOCKED_RESOURCE_UNMEASURED,official_parity+run_manifest+predictions,BLOCKED_PENDING_LICENSE_REVIEW,STRETCH_LEVEL4,CROSS_DOMAIN_GENERALISATION
run-69af8fd6f3513c0e0efa7aea,OGB_molecular_fallback,official_held_out_environment,official_split_mapping,task_compatible_only,uniform_average,2,NOT_APPLICABLE_OR_DATASET_DECLARED,all_experts_available,baseline_declared,none,none,none,NOT_APPLICABLE,OGB_molecular_fallback,KAGGLE_T4X2,UNKNOWN_UNTIL_OFFICIAL_SMOKE,BLOCKED_RESOURCE_UNMEASURED,official_parity+run_manifest+predictions,BLOCKED_PENDING_LICENSE_REVIEW,STRETCH_LEVEL4,CROSS_DOMAIN_GENERALISATION
run-cc160f6306c69103107f6a2a,OGB_molecular_fallback,official_held_out_environment,official_split_mapping,task_compatible_only,strongest_feasible_graph_ood,2,NOT_APPLICABLE_OR_DATASET_DECLARED,all_experts_available,baseline_declared,none,none,none,NOT_APPLICABLE,OGB_molecular_fallback,KAGGLE_T4X2,UNKNOWN_UNTIL_OFFICIAL_SMOKE,BLOCKED_RESOURCE_UNMEASURED,official_parity+run_manifest+predictions,BLOCKED_PENDING_LICENSE_REVIEW,STRETCH_LEVEL4,CROSS_DOMAIN_GENERALISATION
run-6a71ee40c82913de8f46df84,OGB_molecular_fallback,official_held_out_environment,official_split_mapping,task_compatible_only,coregraph,3,NOT_APPLICABLE_OR_DATASET_DECLARED,all_experts_available,hierarchical,none,none,none,NOT_APPLICABLE,OGB_molecular_fallback,KAGGLE_T4X2,UNKNOWN_UNTIL_OFFICIAL_SMOKE,BLOCKED_RESOURCE_UNMEASURED,official_parity+run_manifest+predictions,BLOCKED_PENDING_LICENSE_REVIEW,STRETCH_LEVEL4,CROSS_DOMAIN_GENERALISATION
run-eadff1b8fd0e7bbe6e8cb75c,OGB_molecular_fallback,official_held_out_environment,official_split_mapping,task_compatible_only,uniform_average,3,NOT_APPLICABLE_OR_DATASET_DECLARED,all_experts_available,baseline_declared,none,none,none,NOT_APPLICABLE,OGB_molecular_fallback,KAGGLE_T4X2,UNKNOWN_UNTIL_OFFICIAL_SMOKE,BLOCKED_RESOURCE_UNMEASURED,official_parity+run_manifest+predictions,BLOCKED_PENDING_LICENSE_REVIEW,STRETCH_LEVEL4,CROSS_DOMAIN_GENERALISATION
run-36c229d5f0d57ca68e5e9934,OGB_molecular_fallback,official_held_out_environment,official_split_mapping,task_compatible_only,strongest_feasible_graph_ood,3,NOT_APPLICABLE_OR_DATASET_DECLARED,all_experts_available,baseline_declared,none,none,none,NOT_APPLICABLE,OGB_molecular_fallback,KAGGLE_T4X2,UNKNOWN_UNTIL_OFFICIAL_SMOKE,BLOCKED_RESOURCE_UNMEASURED,official_parity+run_manifest+predictions,BLOCKED_PENDING_LICENSE_REVIEW,STRETCH_LEVEL4,CROSS_DOMAIN_GENERALISATION
run-b0236b84e9e66a09cf14fe6a,OGB_molecular_fallback,official_held_out_environment,official_split_mapping,task_compatible_only,coregraph,4,NOT_APPLICABLE_OR_DATASET_DECLARED,all_experts_available,hierarchical,none,none,none,NOT_APPLICABLE,OGB_molecular_fallback,KAGGLE_T4X2,UNKNOWN_UNTIL_OFFICIAL_SMOKE,BLOCKED_RESOURCE_UNMEASURED,official_parity+run_manifest+predictions,BLOCKED_PENDING_LICENSE_REVIEW,STRETCH_LEVEL4,CROSS_DOMAIN_GENERALISATION
run-41ab85d4635344d6b6292017,OGB_molecular_fallback,official_held_out_environment,official_split_mapping,task_compatible_only,uniform_average,4,NOT_APPLICABLE_OR_DATASET_DECLARED,all_experts_available,baseline_declared,none,none,none,NOT_APPLICABLE,OGB_molecular_fallback,KAGGLE_T4X2,UNKNOWN_UNTIL_OFFICIAL_SMOKE,BLOCKED_RESOURCE_UNMEASURED,official_parity+run_manifest+predictions,BLOCKED_PENDING_LICENSE_REVIEW,STRETCH_LEVEL4,CROSS_DOMAIN_GENERALISATION
run-13962aa4456f6780ccb37b75,OGB_molecular_fallback,official_held_out_environment,official_split_mapping,task_compatible_only,strongest_feasible_graph_ood,4,NOT_APPLICABLE_OR_DATASET_DECLARED,all_experts_available,baseline_declared,none,none,none,NOT_APPLICABLE,OGB_molecular_fallback,KAGGLE_T4X2,UNKNOWN_UNTIL_OFFICIAL_SMOKE,BLOCKED_RESOURCE_UNMEASURED,official_parity+run_manifest+predictions,BLOCKED_PENDING_LICENSE_REVIEW,STRETCH_LEVEL4,CROSS_DOMAIN_GENERALISATION
run-e4de3965af488e5183b66b6e,OGB_molecular_fallback,official_held_out_environment,official_split_mapping,task_compatible_only,coregraph,5,NOT_APPLICABLE_OR_DATASET_DECLARED,all_experts_available,hierarchical,none,none,none,NOT_APPLICABLE,OGB_molecular_fallback,KAGGLE_T4X2,UNKNOWN_UNTIL_OFFICIAL_SMOKE,BLOCKED_RESOURCE_UNMEASURED,official_parity+run_manifest+predictions,BLOCKED_PENDING_LICENSE_REVIEW,STRETCH_LEVEL4,CROSS_DOMAIN_GENERALISATION
run-b97cb4ec5d8b6f88d6c373d9,OGB_molecular_fallback,official_held_out_environment,official_split_mapping,task_compatible_only,uniform_average,5,NOT_APPLICABLE_OR_DATASET_DECLARED,all_experts_available,baseline_declared,none,none,none,NOT_APPLICABLE,OGB_molecular_fallback,KAGGLE_T4X2,UNKNOWN_UNTIL_OFFICIAL_SMOKE,BLOCKED_RESOURCE_UNMEASURED,official_parity+run_manifest+predictions,BLOCKED_PENDING_LICENSE_REVIEW,STRETCH_LEVEL4,CROSS_DOMAIN_GENERALISATION
run-1b528ac5ef8988a519287bc5,OGB_molecular_fallback,official_held_out_environment,official_split_mapping,task_compatible_only,strongest_feasible_graph_ood,5,NOT_APPLICABLE_OR_DATASET_DECLARED,all_experts_available,baseline_declared,none,none,none,NOT_APPLICABLE,OGB_molecular_fallback,KAGGLE_T4X2,UNKNOWN_UNTIL_OFFICIAL_SMOKE,BLOCKED_RESOURCE_UNMEASURED,official_parity+run_manifest+predictions,BLOCKED_PENDING_LICENSE_REVIEW,STRETCH_LEVEL4,CROSS_DOMAIN_GENERALISATION
run-b03acdb32a7641f7513f4857,OGB_molecular_fallback,official_held_out_environment,official_split_mapping,task_compatible_only,coregraph,6,NOT_APPLICABLE_OR_DATASET_DECLARED,all_experts_available,hierarchical,none,none,none,NOT_APPLICABLE,OGB_molecular_fallback,KAGGLE_T4X2,UNKNOWN_UNTIL_OFFICIAL_SMOKE,BLOCKED_RESOURCE_UNMEASURED,official_parity+run_manifest+predictions,BLOCKED_PENDING_LICENSE_REVIEW,STRETCH_LEVEL4,CROSS_DOMAIN_GENERALISATION
run-83456607ab4b9d927ca7a622,OGB_molecular_fallback,official_held_out_environment,official_split_mapping,task_compatible_only,uniform_average,6,NOT_APPLICABLE_OR_DATASET_DECLARED,all_experts_available,baseline_declared,none,none,none,NOT_APPLICABLE,OGB_molecular_fallback,KAGGLE_T4X2,UNKNOWN_UNTIL_OFFICIAL_SMOKE,BLOCKED_RESOURCE_UNMEASURED,official_parity+run_manifest+predictions,BLOCKED_PENDING_LICENSE_REVIEW,STRETCH_LEVEL4,CROSS_DOMAIN_GENERALISATION
run-1381471d6e4a67080cc12ccd,OGB_molecular_fallback,official_held_out_environment,official_split_mapping,task_compatible_only,strongest_feasible_graph_ood,6,NOT_APPLICABLE_OR_DATASET_DECLARED,all_experts_available,baseline_declared,none,none,none,NOT_APPLICABLE,OGB_molecular_fallback,KAGGLE_T4X2,UNKNOWN_UNTIL_OFFICIAL_SMOKE,BLOCKED_RESOURCE_UNMEASURED,official_parity+run_manifest+predictions,BLOCKED_PENDING_LICENSE_REVIEW,STRETCH_LEVEL4,CROSS_DOMAIN_GENERALISATION
run-4d26037b506b07bd29115f58,OGB_molecular_fallback,official_held_out_environment,official_split_mapping,task_compatible_only,coregraph,7,NOT_APPLICABLE_OR_DATASET_DECLARED,all_experts_available,hierarchical,none,none,none,NOT_APPLICABLE,OGB_molecular_fallback,KAGGLE_T4X2,UNKNOWN_UNTIL_OFFICIAL_SMOKE,BLOCKED_RESOURCE_UNMEASURED,official_parity+run_manifest+predictions,BLOCKED_PENDING_LICENSE_REVIEW,STRETCH_LEVEL4,CROSS_DOMAIN_GENERALISATION
run-ea772107578ecc93d2f493ec,OGB_molecular_fallback,official_held_out_environment,official_split_mapping,task_compatible_only,uniform_average,7,NOT_APPLICABLE_OR_DATASET_DECLARED,all_experts_available,baseline_declared,none,none,none,NOT_APPLICABLE,OGB_molecular_fallback,KAGGLE_T4X2,UNKNOWN_UNTIL_OFFICIAL_SMOKE,BLOCKED_RESOURCE_UNMEASURED,official_parity+run_manifest+predictions,BLOCKED_PENDING_LICENSE_REVIEW,STRETCH_LEVEL4,CROSS_DOMAIN_GENERALISATION
run-9f20effb38c0eda2773cbf75,OGB_molecular_fallback,official_held_out_environment,official_split_mapping,task_compatible_only,strongest_feasible_graph_ood,7,NOT_APPLICABLE_OR_DATASET_DECLARED,all_experts_available,baseline_declared,none,none,none,NOT_APPLICABLE,OGB_molecular_fallback,KAGGLE_T4X2,UNKNOWN_UNTIL_OFFICIAL_SMOKE,BLOCKED_RESOURCE_UNMEASURED,official_parity+run_manifest+predictions,BLOCKED_PENDING_LICENSE_REVIEW,STRETCH_LEVEL4,CROSS_DOMAIN_GENERALISATION
run-1a896f3af397526b26df248c,OGB_molecular_fallback,official_held_out_environment,official_split_mapping,task_compatible_only,coregraph,8,NOT_APPLICABLE_OR_DATASET_DECLARED,all_experts_available,hierarchical,none,none,none,NOT_APPLICABLE,OGB_molecular_fallback,KAGGLE_T4X2,UNKNOWN_UNTIL_OFFICIAL_SMOKE,BLOCKED_RESOURCE_UNMEASURED,official_parity+run_manifest+predictions,BLOCKED_PENDING_LICENSE_REVIEW,STRETCH_LEVEL4,CROSS_DOMAIN_GENERALISATION
run-99d44400ef47ca0ee189c22f,OGB_molecular_fallback,official_held_out_environment,official_split_mapping,task_compatible_only,uniform_average,8,NOT_APPLICABLE_OR_DATASET_DECLARED,all_experts_available,baseline_declared,none,none,none,NOT_APPLICABLE,OGB_molecular_fallback,KAGGLE_T4X2,UNKNOWN_UNTIL_OFFICIAL_SMOKE,BLOCKED_RESOURCE_UNMEASURED,official_parity+run_manifest+predictions,BLOCKED_PENDING_LICENSE_REVIEW,STRETCH_LEVEL4,CROSS_DOMAIN_GENERALISATION
run-9941ca6f14359bc4b148aa73,OGB_molecular_fallback,official_held_out_environment,official_split_mapping,task_compatible_only,strongest_feasible_graph_ood,8,NOT_APPLICABLE_OR_DATASET_DECLARED,all_experts_available,baseline_declared,none,none,none,NOT_APPLICABLE,OGB_molecular_fallback,KAGGLE_T4X2,UNKNOWN_UNTIL_OFFICIAL_SMOKE,BLOCKED_RESOURCE_UNMEASURED,official_parity+run_manifest+predictions,BLOCKED_PENDING_LICENSE_REVIEW,STRETCH_LEVEL4,CROSS_DOMAIN_GENERALISATION
run-d15c8539fbb612d0cd00f0f2,OGB_molecular_fallback,official_held_out_environment,official_split_mapping,task_compatible_only,coregraph,9,NOT_APPLICABLE_OR_DATASET_DECLARED,all_experts_available,hierarchical,none,none,none,NOT_APPLICABLE,OGB_molecular_fallback,KAGGLE_T4X2,UNKNOWN_UNTIL_OFFICIAL_SMOKE,BLOCKED_RESOURCE_UNMEASURED,official_parity+run_manifest+predictions,BLOCKED_PENDING_LICENSE_REVIEW,STRETCH_LEVEL4,CROSS_DOMAIN_GENERALISATION
run-a674010d8d932ca8c10c94b5,OGB_molecular_fallback,official_held_out_environment,official_split_mapping,task_compatible_only,uniform_average,9,NOT_APPLICABLE_OR_DATASET_DECLARED,all_experts_available,baseline_declared,none,none,none,NOT_APPLICABLE,OGB_molecular_fallback,KAGGLE_T4X2,UNKNOWN_UNTIL_OFFICIAL_SMOKE,BLOCKED_RESOURCE_UNMEASURED,official_parity+run_manifest+predictions,BLOCKED_PENDING_LICENSE_REVIEW,STRETCH_LEVEL4,CROSS_DOMAIN_GENERALISATION
run-1bf5a9d9aa691d5e8e2e03ef,OGB_molecular_fallback,official_held_out_environment,official_split_mapping,task_compatible_only,strongest_feasible_graph_ood,9,NOT_APPLICABLE_OR_DATASET_DECLARED,all_experts_available,baseline_declared,none,none,none,NOT_APPLICABLE,OGB_molecular_fallback,KAGGLE_T4X2,UNKNOWN_UNTIL_OFFICIAL_SMOKE,BLOCKED_RESOURCE_UNMEASURED,official_parity+run_manifest+predictions,BLOCKED_PENDING_LICENSE_REVIEW,STRETCH_LEVEL4,CROSS_DOMAIN_GENERALISATION
run-558cd097d023f77f331067d1,OGB_molecular_fallback,official_held_out_environment,official_split_mapping,task_compatible_only,coregraph,10,NOT_APPLICABLE_OR_DATASET_DECLARED,all_experts_available,hierarchical,none,none,none,NOT_APPLICABLE,OGB_molecular_fallback,KAGGLE_T4X2,UNKNOWN_UNTIL_OFFICIAL_SMOKE,BLOCKED_RESOURCE_UNMEASURED,official_parity+run_manifest+predictions,BLOCKED_PENDING_LICENSE_REVIEW,STRETCH_LEVEL4,CROSS_DOMAIN_GENERALISATION
run-4290122f614bbc482dd7bd24,OGB_molecular_fallback,official_held_out_environment,official_split_mapping,task_compatible_only,uniform_average,10,NOT_APPLICABLE_OR_DATASET_DECLARED,all_experts_available,baseline_declared,none,none,none,NOT_APPLICABLE,OGB_molecular_fallback,KAGGLE_T4X2,UNKNOWN_UNTIL_OFFICIAL_SMOKE,BLOCKED_RESOURCE_UNMEASURED,official_parity+run_manifest+predictions,BLOCKED_PENDING_LICENSE_REVIEW,STRETCH_LEVEL4,CROSS_DOMAIN_GENERALISATION
run-3fee70a5c271d7a366843170,OGB_molecular_fallback,official_held_out_environment,official_split_mapping,task_compatible_only,strongest_feasible_graph_ood,10,NOT_APPLICABLE_OR_DATASET_DECLARED,all_experts_available,baseline_declared,none,none,none,NOT_APPLICABLE,OGB_molecular_fallback,KAGGLE_T4X2,UNKNOWN_UNTIL_OFFICIAL_SMOKE,BLOCKED_RESOURCE_UNMEASURED,official_parity+run_manifest+predictions,BLOCKED_PENDING_LICENSE_REVIEW,STRETCH_LEVEL4,CROSS_DOMAIN_GENERALISATION
run-e0f4cd5dd2514de3f43ac879,elliptic,resource_counterfactual,all_experts_available,feature_mlp;gcn;graphsage,coregraph,1,profile_declared,all_experts_available,hierarchical,none,none,none,NOT_APPLICABLE,NOT_APPLICABLE,CPU_COUNTERFACTUAL_THEN_T4_PROFILE,UNKNOWN_UNTIL_PILOT,BLOCKED_RESOURCE_UNMEASURED,resource_record+counterfactual_manifest,SAVED_OUTPUT_PILOT;RESOURCE_PROFILER,FULL_MUST_RUN,L4-H5
run-4b25d433bef3b3d1dfc20ff8,elliptic,resource_counterfactual,all_experts_available,feature_mlp;gcn;graphsage,resource_aware_heuristic,1,profile_declared,all_experts_available,heuristic,none,none,none,NOT_APPLICABLE,NOT_APPLICABLE,CPU_COUNTERFACTUAL_THEN_T4_PROFILE,UNKNOWN_UNTIL_PILOT,BLOCKED_RESOURCE_UNMEASURED,resource_record+counterfactual_manifest,SAVED_OUTPUT_PILOT;RESOURCE_PROFILER,FULL_MUST_RUN,L4-H5
run-1a179c8798ba122f5787cb61,elliptic,resource_counterfactual,all_experts_available,feature_mlp;gcn;graphsage,cheapest_feasible_expert,1,profile_declared,all_experts_available,heuristic,none,none,none,NOT_APPLICABLE,NOT_APPLICABLE,CPU_COUNTERFACTUAL_THEN_T4_PROFILE,UNKNOWN_UNTIL_PILOT,BLOCKED_RESOURCE_UNMEASURED,resource_record+counterfactual_manifest,SAVED_OUTPUT_PILOT;RESOURCE_PROFILER,FULL_MUST_RUN,L4-H5
run-e376551f63794575f3c71304,elliptic,resource_counterfactual,all_experts_available,feature_mlp;gcn;graphsage,coregraph,2,profile_declared,all_experts_available,hierarchical,none,none,none,NOT_APPLICABLE,NOT_APPLICABLE,CPU_COUNTERFACTUAL_THEN_T4_PROFILE,UNKNOWN_UNTIL_PILOT,BLOCKED_RESOURCE_UNMEASURED,resource_record+counterfactual_manifest,SAVED_OUTPUT_PILOT;RESOURCE_PROFILER,FULL_MUST_RUN,L4-H5
run-7981e1e45c719048a66dc782,elliptic,resource_counterfactual,all_experts_available,feature_mlp;gcn;graphsage,resource_aware_heuristic,2,profile_declared,all_experts_available,heuristic,none,none,none,NOT_APPLICABLE,NOT_APPLICABLE,CPU_COUNTERFACTUAL_THEN_T4_PROFILE,UNKNOWN_UNTIL_PILOT,BLOCKED_RESOURCE_UNMEASURED,resource_record+counterfactual_manifest,SAVED_OUTPUT_PILOT;RESOURCE_PROFILER,FULL_MUST_RUN,L4-H5
run-895b4c40d5980be0295e9496,elliptic,resource_counterfactual,all_experts_available,feature_mlp;gcn;graphsage,cheapest_feasible_expert,2,profile_declared,all_experts_available,heuristic,none,none,none,NOT_APPLICABLE,NOT_APPLICABLE,CPU_COUNTERFACTUAL_THEN_T4_PROFILE,UNKNOWN_UNTIL_PILOT,BLOCKED_RESOURCE_UNMEASURED,resource_record+counterfactual_manifest,SAVED_OUTPUT_PILOT;RESOURCE_PROFILER,FULL_MUST_RUN,L4-H5
run-237b92baeab89a7abc72e4af,elliptic,resource_counterfactual,all_experts_available,feature_mlp;gcn;graphsage,coregraph,3,profile_declared,all_experts_available,hierarchical,none,none,none,NOT_APPLICABLE,NOT_APPLICABLE,CPU_COUNTERFACTUAL_THEN_T4_PROFILE,UNKNOWN_UNTIL_PILOT,BLOCKED_RESOURCE_UNMEASURED,resource_record+counterfactual_manifest,SAVED_OUTPUT_PILOT;RESOURCE_PROFILER,FULL_MUST_RUN,L4-H5
run-378cbb5fe4f390257863151d,elliptic,resource_counterfactual,all_experts_available,feature_mlp;gcn;graphsage,resource_aware_heuristic,3,profile_declared,all_experts_available,heuristic,none,none,none,NOT_APPLICABLE,NOT_APPLICABLE,CPU_COUNTERFACTUAL_THEN_T4_PROFILE,UNKNOWN_UNTIL_PILOT,BLOCKED_RESOURCE_UNMEASURED,resource_record+counterfactual_manifest,SAVED_OUTPUT_PILOT;RESOURCE_PROFILER,FULL_MUST_RUN,L4-H5
run-eeaf90ab2729328dbaad695d,elliptic,resource_counterfactual,all_experts_available,feature_mlp;gcn;graphsage,cheapest_feasible_expert,3,profile_declared,all_experts_available,heuristic,none,none,none,NOT_APPLICABLE,NOT_APPLICABLE,CPU_COUNTERFACTUAL_THEN_T4_PROFILE,UNKNOWN_UNTIL_PILOT,BLOCKED_RESOURCE_UNMEASURED,resource_record+counterfactual_manifest,SAVED_OUTPUT_PILOT;RESOURCE_PROFILER,FULL_MUST_RUN,L4-H5
run-b260c9bddc6b5cb623aec312,elliptic,resource_counterfactual,all_experts_available,feature_mlp;gcn;graphsage,coregraph,4,profile_declared,all_experts_available,hierarchical,none,none,none,NOT_APPLICABLE,NOT_APPLICABLE,CPU_COUNTERFACTUAL_THEN_T4_PROFILE,UNKNOWN_UNTIL_PILOT,BLOCKED_RESOURCE_UNMEASURED,resource_record+counterfactual_manifest,SAVED_OUTPUT_PILOT;RESOURCE_PROFILER,FULL_MUST_RUN,L4-H5
run-9a16ec4ff2413993bab87c46,elliptic,resource_counterfactual,all_experts_available,feature_mlp;gcn;graphsage,resource_aware_heuristic,4,profile_declared,all_experts_available,heuristic,none,none,none,NOT_APPLICABLE,NOT_APPLICABLE,CPU_COUNTERFACTUAL_THEN_T4_PROFILE,UNKNOWN_UNTIL_PILOT,BLOCKED_RESOURCE_UNMEASURED,resource_record+counterfactual_manifest,SAVED_OUTPUT_PILOT;RESOURCE_PROFILER,FULL_MUST_RUN,L4-H5
run-7f339a35de55d27f05ea1442,elliptic,resource_counterfactual,all_experts_available,feature_mlp;gcn;graphsage,cheapest_feasible_expert,4,profile_declared,all_experts_available,heuristic,none,none,none,NOT_APPLICABLE,NOT_APPLICABLE,CPU_COUNTERFACTUAL_THEN_T4_PROFILE,UNKNOWN_UNTIL_PILOT,BLOCKED_RESOURCE_UNMEASURED,resource_record+counterfactual_manifest,SAVED_OUTPUT_PILOT;RESOURCE_PROFILER,FULL_MUST_RUN,L4-H5
run-752f0c70576cd9379e6cd6d2,elliptic,resource_counterfactual,all_experts_available,feature_mlp;gcn;graphsage,coregraph,5,profile_declared,all_experts_available,hierarchical,none,none,none,NOT_APPLICABLE,NOT_APPLICABLE,CPU_COUNTERFACTUAL_THEN_T4_PROFILE,UNKNOWN_UNTIL_PILOT,BLOCKED_RESOURCE_UNMEASURED,resource_record+counterfactual_manifest,SAVED_OUTPUT_PILOT;RESOURCE_PROFILER,FULL_MUST_RUN,L4-H5
run-a7c189b8874bdf574ea15951,elliptic,resource_counterfactual,all_experts_available,feature_mlp;gcn;graphsage,resource_aware_heuristic,5,profile_declared,all_experts_available,heuristic,none,none,none,NOT_APPLICABLE,NOT_APPLICABLE,CPU_COUNTERFACTUAL_THEN_T4_PROFILE,UNKNOWN_UNTIL_PILOT,BLOCKED_RESOURCE_UNMEASURED,resource_record+counterfactual_manifest,SAVED_OUTPUT_PILOT;RESOURCE_PROFILER,FULL_MUST_RUN,L4-H5
run-c2bd540c46317744c06f40f1,elliptic,resource_counterfactual,all_experts_available,feature_mlp;gcn;graphsage,cheapest_feasible_expert,5,profile_declared,all_experts_available,heuristic,none,none,none,NOT_APPLICABLE,NOT_APPLICABLE,CPU_COUNTERFACTUAL_THEN_T4_PROFILE,UNKNOWN_UNTIL_PILOT,BLOCKED_RESOURCE_UNMEASURED,resource_record+counterfactual_manifest,SAVED_OUTPUT_PILOT;RESOURCE_PROFILER,FULL_MUST_RUN,L4-H5
run-ee62ab47a04b1a0f8edef228,elliptic,resource_counterfactual,all_experts_available,feature_mlp;gcn;graphsage,coregraph,6,profile_declared,all_experts_available,hierarchical,none,none,none,NOT_APPLICABLE,NOT_APPLICABLE,CPU_COUNTERFACTUAL_THEN_T4_PROFILE,UNKNOWN_UNTIL_PILOT,BLOCKED_RESOURCE_UNMEASURED,resource_record+counterfactual_manifest,SAVED_OUTPUT_PILOT;RESOURCE_PROFILER,FULL_MUST_RUN,L4-H5
run-8a94857e2761511fa7ad4ba5,elliptic,resource_counterfactual,all_experts_available,feature_mlp;gcn;graphsage,resource_aware_heuristic,6,profile_declared,all_experts_available,heuristic,none,none,none,NOT_APPLICABLE,NOT_APPLICABLE,CPU_COUNTERFACTUAL_THEN_T4_PROFILE,UNKNOWN_UNTIL_PILOT,BLOCKED_RESOURCE_UNMEASURED,resource_record+counterfactual_manifest,SAVED_OUTPUT_PILOT;RESOURCE_PROFILER,FULL_MUST_RUN,L4-H5
run-4d367d115f45ce5aeb3ca3c6,elliptic,resource_counterfactual,all_experts_available,feature_mlp;gcn;graphsage,cheapest_feasible_expert,6,profile_declared,all_experts_available,heuristic,none,none,none,NOT_APPLICABLE,NOT_APPLICABLE,CPU_COUNTERFACTUAL_THEN_T4_PROFILE,UNKNOWN_UNTIL_PILOT,BLOCKED_RESOURCE_UNMEASURED,resource_record+counterfactual_manifest,SAVED_OUTPUT_PILOT;RESOURCE_PROFILER,FULL_MUST_RUN,L4-H5
run-358ae184ee6d0d8a6e37dc98,elliptic,resource_counterfactual,all_experts_available,feature_mlp;gcn;graphsage,coregraph,7,profile_declared,all_experts_available,hierarchical,none,none,none,NOT_APPLICABLE,NOT_APPLICABLE,CPU_COUNTERFACTUAL_THEN_T4_PROFILE,UNKNOWN_UNTIL_PILOT,BLOCKED_RESOURCE_UNMEASURED,resource_record+counterfactual_manifest,SAVED_OUTPUT_PILOT;RESOURCE_PROFILER,FULL_MUST_RUN,L4-H5
run-7ad8ed210d6d9ab82946f8c4,elliptic,resource_counterfactual,all_experts_available,feature_mlp;gcn;graphsage,resource_aware_heuristic,7,profile_declared,all_experts_available,heuristic,none,none,none,NOT_APPLICABLE,NOT_APPLICABLE,CPU_COUNTERFACTUAL_THEN_T4_PROFILE,UNKNOWN_UNTIL_PILOT,BLOCKED_RESOURCE_UNMEASURED,resource_record+counterfactual_manifest,SAVED_OUTPUT_PILOT;RESOURCE_PROFILER,FULL_MUST_RUN,L4-H5
run-eed1ade567bdc794b109792a,elliptic,resource_counterfactual,all_experts_available,feature_mlp;gcn;graphsage,cheapest_feasible_expert,7,profile_declared,all_experts_available,heuristic,none,none,none,NOT_APPLICABLE,NOT_APPLICABLE,CPU_COUNTERFACTUAL_THEN_T4_PROFILE,UNKNOWN_UNTIL_PILOT,BLOCKED_RESOURCE_UNMEASURED,resource_record+counterfactual_manifest,SAVED_OUTPUT_PILOT;RESOURCE_PROFILER,FULL_MUST_RUN,L4-H5
run-0ea9fc37c716ae7bc07e5329,elliptic,resource_counterfactual,all_experts_available,feature_mlp;gcn;graphsage,coregraph,8,profile_declared,all_experts_available,hierarchical,none,none,none,NOT_APPLICABLE,NOT_APPLICABLE,CPU_COUNTERFACTUAL_THEN_T4_PROFILE,UNKNOWN_UNTIL_PILOT,BLOCKED_RESOURCE_UNMEASURED,resource_record+counterfactual_manifest,SAVED_OUTPUT_PILOT;RESOURCE_PROFILER,FULL_MUST_RUN,L4-H5
run-d530c1bf9b12dee6c6bc8451,elliptic,resource_counterfactual,all_experts_available,feature_mlp;gcn;graphsage,resource_aware_heuristic,8,profile_declared,all_experts_available,heuristic,none,none,none,NOT_APPLICABLE,NOT_APPLICABLE,CPU_COUNTERFACTUAL_THEN_T4_PROFILE,UNKNOWN_UNTIL_PILOT,BLOCKED_RESOURCE_UNMEASURED,resource_record+counterfactual_manifest,SAVED_OUTPUT_PILOT;RESOURCE_PROFILER,FULL_MUST_RUN,L4-H5
run-bb2b9ba98c5d1c32d06fb8d3,elliptic,resource_counterfactual,all_experts_available,feature_mlp;gcn;graphsage,cheapest_feasible_expert,8,profile_declared,all_experts_available,heuristic,none,none,none,NOT_APPLICABLE,NOT_APPLICABLE,CPU_COUNTERFACTUAL_THEN_T4_PROFILE,UNKNOWN_UNTIL_PILOT,BLOCKED_RESOURCE_UNMEASURED,resource_record+counterfactual_manifest,SAVED_OUTPUT_PILOT;RESOURCE_PROFILER,FULL_MUST_RUN,L4-H5
run-57c4f196cc4e6f48d7e52a8e,elliptic,resource_counterfactual,all_experts_available,feature_mlp;gcn;graphsage,coregraph,9,profile_declared,all_experts_available,hierarchical,none,none,none,NOT_APPLICABLE,NOT_APPLICABLE,CPU_COUNTERFACTUAL_THEN_T4_PROFILE,UNKNOWN_UNTIL_PILOT,BLOCKED_RESOURCE_UNMEASURED,resource_record+counterfactual_manifest,SAVED_OUTPUT_PILOT;RESOURCE_PROFILER,FULL_MUST_RUN,L4-H5
run-8794f1a830a4a890ca4ef003,elliptic,resource_counterfactual,all_experts_available,feature_mlp;gcn;graphsage,resource_aware_heuristic,9,profile_declared,all_experts_available,heuristic,none,none,none,NOT_APPLICABLE,NOT_APPLICABLE,CPU_COUNTERFACTUAL_THEN_T4_PROFILE,UNKNOWN_UNTIL_PILOT,BLOCKED_RESOURCE_UNMEASURED,resource_record+counterfactual_manifest,SAVED_OUTPUT_PILOT;RESOURCE_PROFILER,FULL_MUST_RUN,L4-H5
run-708cf85cc56fc4000345912e,elliptic,resource_counterfactual,all_experts_available,feature_mlp;gcn;graphsage,cheapest_feasible_expert,9,profile_declared,all_experts_available,heuristic,none,none,none,NOT_APPLICABLE,NOT_APPLICABLE,CPU_COUNTERFACTUAL_THEN_T4_PROFILE,UNKNOWN_UNTIL_PILOT,BLOCKED_RESOURCE_UNMEASURED,resource_record+counterfactual_manifest,SAVED_OUTPUT_PILOT;RESOURCE_PROFILER,FULL_MUST_RUN,L4-H5
run-b815293a2109664a46ca0035,elliptic,resource_counterfactual,all_experts_available,feature_mlp;gcn;graphsage,coregraph,10,profile_declared,all_experts_available,hierarchical,none,none,none,NOT_APPLICABLE,NOT_APPLICABLE,CPU_COUNTERFACTUAL_THEN_T4_PROFILE,UNKNOWN_UNTIL_PILOT,BLOCKED_RESOURCE_UNMEASURED,resource_record+counterfactual_manifest,SAVED_OUTPUT_PILOT;RESOURCE_PROFILER,FULL_MUST_RUN,L4-H5
run-e646c66eddfcfef0dbb9f0a2,elliptic,resource_counterfactual,all_experts_available,feature_mlp;gcn;graphsage,resource_aware_heuristic,10,profile_declared,all_experts_available,heuristic,none,none,none,NOT_APPLICABLE,NOT_APPLICABLE,CPU_COUNTERFACTUAL_THEN_T4_PROFILE,UNKNOWN_UNTIL_PILOT,BLOCKED_RESOURCE_UNMEASURED,resource_record+counterfactual_manifest,SAVED_OUTPUT_PILOT;RESOURCE_PROFILER,FULL_MUST_RUN,L4-H5
run-44ca361e78c51075bc96a7d8,elliptic,resource_counterfactual,all_experts_available,feature_mlp;gcn;graphsage,cheapest_feasible_expert,10,profile_declared,all_experts_available,heuristic,none,none,none,NOT_APPLICABLE,NOT_APPLICABLE,CPU_COUNTERFACTUAL_THEN_T4_PROFILE,UNKNOWN_UNTIL_PILOT,BLOCKED_RESOURCE_UNMEASURED,resource_record+counterfactual_manifest,SAVED_OUTPUT_PILOT;RESOURCE_PROFILER,FULL_MUST_RUN,L4-H5
run-8fd434f9ceb322dd03942adb,elliptic,resource_counterfactual,one_graph_expert_unavailable,feature_mlp;gcn;graphsage,coregraph,1,profile_declared,one_graph_expert_unavailable,hierarchical,none,none,none,NOT_APPLICABLE,NOT_APPLICABLE,CPU_COUNTERFACTUAL_THEN_T4_PROFILE,UNKNOWN_UNTIL_PILOT,BLOCKED_RESOURCE_UNMEASURED,resource_record+counterfactual_manifest,SAVED_OUTPUT_PILOT;RESOURCE_PROFILER,FULL_MUST_RUN,L4-H5
run-f8fa2a9f4ac4209094e921cf,elliptic,resource_counterfactual,one_graph_expert_unavailable,feature_mlp;gcn;graphsage,resource_aware_heuristic,1,profile_declared,one_graph_expert_unavailable,heuristic,none,none,none,NOT_APPLICABLE,NOT_APPLICABLE,CPU_COUNTERFACTUAL_THEN_T4_PROFILE,UNKNOWN_UNTIL_PILOT,BLOCKED_RESOURCE_UNMEASURED,resource_record+counterfactual_manifest,SAVED_OUTPUT_PILOT;RESOURCE_PROFILER,FULL_MUST_RUN,L4-H5
run-f0779a0bfdf5377da4b35b57,elliptic,resource_counterfactual,one_graph_expert_unavailable,feature_mlp;gcn;graphsage,cheapest_feasible_expert,1,profile_declared,one_graph_expert_unavailable,heuristic,none,none,none,NOT_APPLICABLE,NOT_APPLICABLE,CPU_COUNTERFACTUAL_THEN_T4_PROFILE,UNKNOWN_UNTIL_PILOT,BLOCKED_RESOURCE_UNMEASURED,resource_record+counterfactual_manifest,SAVED_OUTPUT_PILOT;RESOURCE_PROFILER,FULL_MUST_RUN,L4-H5
run-3fbe5cf25d558fd0bd676f37,elliptic,resource_counterfactual,one_graph_expert_unavailable,feature_mlp;gcn;graphsage,coregraph,2,profile_declared,one_graph_expert_unavailable,hierarchical,none,none,none,NOT_APPLICABLE,NOT_APPLICABLE,CPU_COUNTERFACTUAL_THEN_T4_PROFILE,UNKNOWN_UNTIL_PILOT,BLOCKED_RESOURCE_UNMEASURED,resource_record+counterfactual_manifest,SAVED_OUTPUT_PILOT;RESOURCE_PROFILER,FULL_MUST_RUN,L4-H5
run-64022807707bff050833000f,elliptic,resource_counterfactual,one_graph_expert_unavailable,feature_mlp;gcn;graphsage,resource_aware_heuristic,2,profile_declared,one_graph_expert_unavailable,heuristic,none,none,none,NOT_APPLICABLE,NOT_APPLICABLE,CPU_COUNTERFACTUAL_THEN_T4_PROFILE,UNKNOWN_UNTIL_PILOT,BLOCKED_RESOURCE_UNMEASURED,resource_record+counterfactual_manifest,SAVED_OUTPUT_PILOT;RESOURCE_PROFILER,FULL_MUST_RUN,L4-H5
run-d6cb1e93f802341282fb6156,elliptic,resource_counterfactual,one_graph_expert_unavailable,feature_mlp;gcn;graphsage,cheapest_feasible_expert,2,profile_declared,one_graph_expert_unavailable,heuristic,none,none,none,NOT_APPLICABLE,NOT_APPLICABLE,CPU_COUNTERFACTUAL_THEN_T4_PROFILE,UNKNOWN_UNTIL_PILOT,BLOCKED_RESOURCE_UNMEASURED,resource_record+counterfactual_manifest,SAVED_OUTPUT_PILOT;RESOURCE_PROFILER,FULL_MUST_RUN,L4-H5
run-38d759571c1393f10e284db6,elliptic,resource_counterfactual,one_graph_expert_unavailable,feature_mlp;gcn;graphsage,coregraph,3,profile_declared,one_graph_expert_unavailable,hierarchical,none,none,none,NOT_APPLICABLE,NOT_APPLICABLE,CPU_COUNTERFACTUAL_THEN_T4_PROFILE,UNKNOWN_UNTIL_PILOT,BLOCKED_RESOURCE_UNMEASURED,resource_record+counterfactual_manifest,SAVED_OUTPUT_PILOT;RESOURCE_PROFILER,FULL_MUST_RUN,L4-H5
run-49c024d9d87a253b284cc25e,elliptic,resource_counterfactual,one_graph_expert_unavailable,feature_mlp;gcn;graphsage,resource_aware_heuristic,3,profile_declared,one_graph_expert_unavailable,heuristic,none,none,none,NOT_APPLICABLE,NOT_APPLICABLE,CPU_COUNTERFACTUAL_THEN_T4_PROFILE,UNKNOWN_UNTIL_PILOT,BLOCKED_RESOURCE_UNMEASURED,resource_record+counterfactual_manifest,SAVED_OUTPUT_PILOT;RESOURCE_PROFILER,FULL_MUST_RUN,L4-H5
run-bd6edc3a12954c58420a03a2,elliptic,resource_counterfactual,one_graph_expert_unavailable,feature_mlp;gcn;graphsage,cheapest_feasible_expert,3,profile_declared,one_graph_expert_unavailable,heuristic,none,none,none,NOT_APPLICABLE,NOT_APPLICABLE,CPU_COUNTERFACTUAL_THEN_T4_PROFILE,UNKNOWN_UNTIL_PILOT,BLOCKED_RESOURCE_UNMEASURED,resource_record+counterfactual_manifest,SAVED_OUTPUT_PILOT;RESOURCE_PROFILER,FULL_MUST_RUN,L4-H5
run-9a118157959d1b8818d26dd9,elliptic,resource_counterfactual,one_graph_expert_unavailable,feature_mlp;gcn;graphsage,coregraph,4,profile_declared,one_graph_expert_unavailable,hierarchical,none,none,none,NOT_APPLICABLE,NOT_APPLICABLE,CPU_COUNTERFACTUAL_THEN_T4_PROFILE,UNKNOWN_UNTIL_PILOT,BLOCKED_RESOURCE_UNMEASURED,resource_record+counterfactual_manifest,SAVED_OUTPUT_PILOT;RESOURCE_PROFILER,FULL_MUST_RUN,L4-H5
run-5aae5d2df830441163002436,elliptic,resource_counterfactual,one_graph_expert_unavailable,feature_mlp;gcn;graphsage,resource_aware_heuristic,4,profile_declared,one_graph_expert_unavailable,heuristic,none,none,none,NOT_APPLICABLE,NOT_APPLICABLE,CPU_COUNTERFACTUAL_THEN_T4_PROFILE,UNKNOWN_UNTIL_PILOT,BLOCKED_RESOURCE_UNMEASURED,resource_record+counterfactual_manifest,SAVED_OUTPUT_PILOT;RESOURCE_PROFILER,FULL_MUST_RUN,L4-H5
run-4cd8863b43df2dce55380473,elliptic,resource_counterfactual,one_graph_expert_unavailable,feature_mlp;gcn;graphsage,cheapest_feasible_expert,4,profile_declared,one_graph_expert_unavailable,heuristic,none,none,none,NOT_APPLICABLE,NOT_APPLICABLE,CPU_COUNTERFACTUAL_THEN_T4_PROFILE,UNKNOWN_UNTIL_PILOT,BLOCKED_RESOURCE_UNMEASURED,resource_record+counterfactual_manifest,SAVED_OUTPUT_PILOT;RESOURCE_PROFILER,FULL_MUST_RUN,L4-H5
run-bd5956020c601cc24794d657,elliptic,resource_counterfactual,one_graph_expert_unavailable,feature_mlp;gcn;graphsage,coregraph,5,profile_declared,one_graph_expert_unavailable,hierarchical,none,none,none,NOT_APPLICABLE,NOT_APPLICABLE,CPU_COUNTERFACTUAL_THEN_T4_PROFILE,UNKNOWN_UNTIL_PILOT,BLOCKED_RESOURCE_UNMEASURED,resource_record+counterfactual_manifest,SAVED_OUTPUT_PILOT;RESOURCE_PROFILER,FULL_MUST_RUN,L4-H5
run-175ee02ca9c77c4ad1566c25,elliptic,resource_counterfactual,one_graph_expert_unavailable,feature_mlp;gcn;graphsage,resource_aware_heuristic,5,profile_declared,one_graph_expert_unavailable,heuristic,none,none,none,NOT_APPLICABLE,NOT_APPLICABLE,CPU_COUNTERFACTUAL_THEN_T4_PROFILE,UNKNOWN_UNTIL_PILOT,BLOCKED_RESOURCE_UNMEASURED,resource_record+counterfactual_manifest,SAVED_OUTPUT_PILOT;RESOURCE_PROFILER,FULL_MUST_RUN,L4-H5
run-3c65360e7024fd994cc60baa,elliptic,resource_counterfactual,one_graph_expert_unavailable,feature_mlp;gcn;graphsage,cheapest_feasible_expert,5,profile_declared,one_graph_expert_unavailable,heuristic,none,none,none,NOT_APPLICABLE,NOT_APPLICABLE,CPU_COUNTERFACTUAL_THEN_T4_PROFILE,UNKNOWN_UNTIL_PILOT,BLOCKED_RESOURCE_UNMEASURED,resource_record+counterfactual_manifest,SAVED_OUTPUT_PILOT;RESOURCE_PROFILER,FULL_MUST_RUN,L4-H5
run-8883216ae96f72ed1e2ae4c0,elliptic,resource_counterfactual,one_graph_expert_unavailable,feature_mlp;gcn;graphsage,coregraph,6,profile_declared,one_graph_expert_unavailable,hierarchical,none,none,none,NOT_APPLICABLE,NOT_APPLICABLE,CPU_COUNTERFACTUAL_THEN_T4_PROFILE,UNKNOWN_UNTIL_PILOT,BLOCKED_RESOURCE_UNMEASURED,resource_record+counterfactual_manifest,SAVED_OUTPUT_PILOT;RESOURCE_PROFILER,FULL_MUST_RUN,L4-H5
run-28227cf6294afb2b75f171e5,elliptic,resource_counterfactual,one_graph_expert_unavailable,feature_mlp;gcn;graphsage,resource_aware_heuristic,6,profile_declared,one_graph_expert_unavailable,heuristic,none,none,none,NOT_APPLICABLE,NOT_APPLICABLE,CPU_COUNTERFACTUAL_THEN_T4_PROFILE,UNKNOWN_UNTIL_PILOT,BLOCKED_RESOURCE_UNMEASURED,resource_record+counterfactual_manifest,SAVED_OUTPUT_PILOT;RESOURCE_PROFILER,FULL_MUST_RUN,L4-H5
run-35f4b5cc35d6d6ede701c19f,elliptic,resource_counterfactual,one_graph_expert_unavailable,feature_mlp;gcn;graphsage,cheapest_feasible_expert,6,profile_declared,one_graph_expert_unavailable,heuristic,none,none,none,NOT_APPLICABLE,NOT_APPLICABLE,CPU_COUNTERFACTUAL_THEN_T4_PROFILE,UNKNOWN_UNTIL_PILOT,BLOCKED_RESOURCE_UNMEASURED,resource_record+counterfactual_manifest,SAVED_OUTPUT_PILOT;RESOURCE_PROFILER,FULL_MUST_RUN,L4-H5
run-95dc2c4a5d435e68af73ee57,elliptic,resource_counterfactual,one_graph_expert_unavailable,feature_mlp;gcn;graphsage,coregraph,7,profile_declared,one_graph_expert_unavailable,hierarchical,none,none,none,NOT_APPLICABLE,NOT_APPLICABLE,CPU_COUNTERFACTUAL_THEN_T4_PROFILE,UNKNOWN_UNTIL_PILOT,BLOCKED_RESOURCE_UNMEASURED,resource_record+counterfactual_manifest,SAVED_OUTPUT_PILOT;RESOURCE_PROFILER,FULL_MUST_RUN,L4-H5
run-577a925ff5d3d455978f4ce2,elliptic,resource_counterfactual,one_graph_expert_unavailable,feature_mlp;gcn;graphsage,resource_aware_heuristic,7,profile_declared,one_graph_expert_unavailable,heuristic,none,none,none,NOT_APPLICABLE,NOT_APPLICABLE,CPU_COUNTERFACTUAL_THEN_T4_PROFILE,UNKNOWN_UNTIL_PILOT,BLOCKED_RESOURCE_UNMEASURED,resource_record+counterfactual_manifest,SAVED_OUTPUT_PILOT;RESOURCE_PROFILER,FULL_MUST_RUN,L4-H5
run-f38aca4941e85bea80144164,elliptic,resource_counterfactual,one_graph_expert_unavailable,feature_mlp;gcn;graphsage,cheapest_feasible_expert,7,profile_declared,one_graph_expert_unavailable,heuristic,none,none,none,NOT_APPLICABLE,NOT_APPLICABLE,CPU_COUNTERFACTUAL_THEN_T4_PROFILE,UNKNOWN_UNTIL_PILOT,BLOCKED_RESOURCE_UNMEASURED,resource_record+counterfactual_manifest,SAVED_OUTPUT_PILOT;RESOURCE_PROFILER,FULL_MUST_RUN,L4-H5
run-f4f3aaa8c398a8b7dbac5682,elliptic,resource_counterfactual,one_graph_expert_unavailable,feature_mlp;gcn;graphsage,coregraph,8,profile_declared,one_graph_expert_unavailable,hierarchical,none,none,none,NOT_APPLICABLE,NOT_APPLICABLE,CPU_COUNTERFACTUAL_THEN_T4_PROFILE,UNKNOWN_UNTIL_PILOT,BLOCKED_RESOURCE_UNMEASURED,resource_record+counterfactual_manifest,SAVED_OUTPUT_PILOT;RESOURCE_PROFILER,FULL_MUST_RUN,L4-H5
run-c8eb4a51bee71477a996cd3e,elliptic,resource_counterfactual,one_graph_expert_unavailable,feature_mlp;gcn;graphsage,resource_aware_heuristic,8,profile_declared,one_graph_expert_unavailable,heuristic,none,none,none,NOT_APPLICABLE,NOT_APPLICABLE,CPU_COUNTERFACTUAL_THEN_T4_PROFILE,UNKNOWN_UNTIL_PILOT,BLOCKED_RESOURCE_UNMEASURED,resource_record+counterfactual_manifest,SAVED_OUTPUT_PILOT;RESOURCE_PROFILER,FULL_MUST_RUN,L4-H5
run-642264d26f93d1ca5b43539b,elliptic,resource_counterfactual,one_graph_expert_unavailable,feature_mlp;gcn;graphsage,cheapest_feasible_expert,8,profile_declared,one_graph_expert_unavailable,heuristic,none,none,none,NOT_APPLICABLE,NOT_APPLICABLE,CPU_COUNTERFACTUAL_THEN_T4_PROFILE,UNKNOWN_UNTIL_PILOT,BLOCKED_RESOURCE_UNMEASURED,resource_record+counterfactual_manifest,SAVED_OUTPUT_PILOT;RESOURCE_PROFILER,FULL_MUST_RUN,L4-H5
run-f8ff18f0f6018b36c3ebe8f7,elliptic,resource_counterfactual,one_graph_expert_unavailable,feature_mlp;gcn;graphsage,coregraph,9,profile_declared,one_graph_expert_unavailable,hierarchical,none,none,none,NOT_APPLICABLE,NOT_APPLICABLE,CPU_COUNTERFACTUAL_THEN_T4_PROFILE,UNKNOWN_UNTIL_PILOT,BLOCKED_RESOURCE_UNMEASURED,resource_record+counterfactual_manifest,SAVED_OUTPUT_PILOT;RESOURCE_PROFILER,FULL_MUST_RUN,L4-H5
run-a3e4e79da9a7e39761756d5b,elliptic,resource_counterfactual,one_graph_expert_unavailable,feature_mlp;gcn;graphsage,resource_aware_heuristic,9,profile_declared,one_graph_expert_unavailable,heuristic,none,none,none,NOT_APPLICABLE,NOT_APPLICABLE,CPU_COUNTERFACTUAL_THEN_T4_PROFILE,UNKNOWN_UNTIL_PILOT,BLOCKED_RESOURCE_UNMEASURED,resource_record+counterfactual_manifest,SAVED_OUTPUT_PILOT;RESOURCE_PROFILER,FULL_MUST_RUN,L4-H5
run-018999c63796edbe27b102b2,elliptic,resource_counterfactual,one_graph_expert_unavailable,feature_mlp;gcn;graphsage,cheapest_feasible_expert,9,profile_declared,one_graph_expert_unavailable,heuristic,none,none,none,NOT_APPLICABLE,NOT_APPLICABLE,CPU_COUNTERFACTUAL_THEN_T4_PROFILE,UNKNOWN_UNTIL_PILOT,BLOCKED_RESOURCE_UNMEASURED,resource_record+counterfactual_manifest,SAVED_OUTPUT_PILOT;RESOURCE_PROFILER,FULL_MUST_RUN,L4-H5
run-54d14bef61b74abb5354860d,elliptic,resource_counterfactual,one_graph_expert_unavailable,feature_mlp;gcn;graphsage,coregraph,10,profile_declared,one_graph_expert_unavailable,hierarchical,none,none,none,NOT_APPLICABLE,NOT_APPLICABLE,CPU_COUNTERFACTUAL_THEN_T4_PROFILE,UNKNOWN_UNTIL_PILOT,BLOCKED_RESOURCE_UNMEASURED,resource_record+counterfactual_manifest,SAVED_OUTPUT_PILOT;RESOURCE_PROFILER,FULL_MUST_RUN,L4-H5
run-476e5218d7011ad9b3a415bd,elliptic,resource_counterfactual,one_graph_expert_unavailable,feature_mlp;gcn;graphsage,resource_aware_heuristic,10,profile_declared,one_graph_expert_unavailable,heuristic,none,none,none,NOT_APPLICABLE,NOT_APPLICABLE,CPU_COUNTERFACTUAL_THEN_T4_PROFILE,UNKNOWN_UNTIL_PILOT,BLOCKED_RESOURCE_UNMEASURED,resource_record+counterfactual_manifest,SAVED_OUTPUT_PILOT;RESOURCE_PROFILER,FULL_MUST_RUN,L4-H5
run-08869c5899fb25d882a96493,elliptic,resource_counterfactual,one_graph_expert_unavailable,feature_mlp;gcn;graphsage,cheapest_feasible_expert,10,profile_declared,one_graph_expert_unavailable,heuristic,none,none,none,NOT_APPLICABLE,NOT_APPLICABLE,CPU_COUNTERFACTUAL_THEN_T4_PROFILE,UNKNOWN_UNTIL_PILOT,BLOCKED_RESOURCE_UNMEASURED,resource_record+counterfactual_manifest,SAVED_OUTPUT_PILOT;RESOURCE_PROFILER,FULL_MUST_RUN,L4-H5
run-fcab3e3a04fcc7fbb5b8ffea,elliptic,resource_counterfactual,all_graph_experts_unavailable,feature_mlp;gcn;graphsage,coregraph,1,profile_declared,all_graph_experts_unavailable,hierarchical,none,none,none,NOT_APPLICABLE,NOT_APPLICABLE,CPU_COUNTERFACTUAL_THEN_T4_PROFILE,UNKNOWN_UNTIL_PILOT,BLOCKED_RESOURCE_UNMEASURED,resource_record+counterfactual_manifest,SAVED_OUTPUT_PILOT;RESOURCE_PROFILER,FULL_MUST_RUN,L4-H5
run-2a7920f2418923042d607961,elliptic,resource_counterfactual,all_graph_experts_unavailable,feature_mlp;gcn;graphsage,resource_aware_heuristic,1,profile_declared,all_graph_experts_unavailable,heuristic,none,none,none,NOT_APPLICABLE,NOT_APPLICABLE,CPU_COUNTERFACTUAL_THEN_T4_PROFILE,UNKNOWN_UNTIL_PILOT,BLOCKED_RESOURCE_UNMEASURED,resource_record+counterfactual_manifest,SAVED_OUTPUT_PILOT;RESOURCE_PROFILER,FULL_MUST_RUN,L4-H5
run-ec82b915cccc5a5272f8e825,elliptic,resource_counterfactual,all_graph_experts_unavailable,feature_mlp;gcn;graphsage,cheapest_feasible_expert,1,profile_declared,all_graph_experts_unavailable,heuristic,none,none,none,NOT_APPLICABLE,NOT_APPLICABLE,CPU_COUNTERFACTUAL_THEN_T4_PROFILE,UNKNOWN_UNTIL_PILOT,BLOCKED_RESOURCE_UNMEASURED,resource_record+counterfactual_manifest,SAVED_OUTPUT_PILOT;RESOURCE_PROFILER,FULL_MUST_RUN,L4-H5
run-59a2a93457852cade9b9eb9e,elliptic,resource_counterfactual,all_graph_experts_unavailable,feature_mlp;gcn;graphsage,coregraph,2,profile_declared,all_graph_experts_unavailable,hierarchical,none,none,none,NOT_APPLICABLE,NOT_APPLICABLE,CPU_COUNTERFACTUAL_THEN_T4_PROFILE,UNKNOWN_UNTIL_PILOT,BLOCKED_RESOURCE_UNMEASURED,resource_record+counterfactual_manifest,SAVED_OUTPUT_PILOT;RESOURCE_PROFILER,FULL_MUST_RUN,L4-H5
run-4526762b8101ecfa5fd4532c,elliptic,resource_counterfactual,all_graph_experts_unavailable,feature_mlp;gcn;graphsage,resource_aware_heuristic,2,profile_declared,all_graph_experts_unavailable,heuristic,none,none,none,NOT_APPLICABLE,NOT_APPLICABLE,CPU_COUNTERFACTUAL_THEN_T4_PROFILE,UNKNOWN_UNTIL_PILOT,BLOCKED_RESOURCE_UNMEASURED,resource_record+counterfactual_manifest,SAVED_OUTPUT_PILOT;RESOURCE_PROFILER,FULL_MUST_RUN,L4-H5
run-8b56b9ac9f3894b7911394d4,elliptic,resource_counterfactual,all_graph_experts_unavailable,feature_mlp;gcn;graphsage,cheapest_feasible_expert,2,profile_declared,all_graph_experts_unavailable,heuristic,none,none,none,NOT_APPLICABLE,NOT_APPLICABLE,CPU_COUNTERFACTUAL_THEN_T4_PROFILE,UNKNOWN_UNTIL_PILOT,BLOCKED_RESOURCE_UNMEASURED,resource_record+counterfactual_manifest,SAVED_OUTPUT_PILOT;RESOURCE_PROFILER,FULL_MUST_RUN,L4-H5
run-fdccd9704746583c0b79ad60,elliptic,resource_counterfactual,all_graph_experts_unavailable,feature_mlp;gcn;graphsage,coregraph,3,profile_declared,all_graph_experts_unavailable,hierarchical,none,none,none,NOT_APPLICABLE,NOT_APPLICABLE,CPU_COUNTERFACTUAL_THEN_T4_PROFILE,UNKNOWN_UNTIL_PILOT,BLOCKED_RESOURCE_UNMEASURED,resource_record+counterfactual_manifest,SAVED_OUTPUT_PILOT;RESOURCE_PROFILER,FULL_MUST_RUN,L4-H5
run-3ddace2e845a4f0c2a39019d,elliptic,resource_counterfactual,all_graph_experts_unavailable,feature_mlp;gcn;graphsage,resource_aware_heuristic,3,profile_declared,all_graph_experts_unavailable,heuristic,none,none,none,NOT_APPLICABLE,NOT_APPLICABLE,CPU_COUNTERFACTUAL_THEN_T4_PROFILE,UNKNOWN_UNTIL_PILOT,BLOCKED_RESOURCE_UNMEASURED,resource_record+counterfactual_manifest,SAVED_OUTPUT_PILOT;RESOURCE_PROFILER,FULL_MUST_RUN,L4-H5
run-4ddb2ac02f5ac5694f887ae9,elliptic,resource_counterfactual,all_graph_experts_unavailable,feature_mlp;gcn;graphsage,cheapest_feasible_expert,3,profile_declared,all_graph_experts_unavailable,heuristic,none,none,none,NOT_APPLICABLE,NOT_APPLICABLE,CPU_COUNTERFACTUAL_THEN_T4_PROFILE,UNKNOWN_UNTIL_PILOT,BLOCKED_RESOURCE_UNMEASURED,resource_record+counterfactual_manifest,SAVED_OUTPUT_PILOT;RESOURCE_PROFILER,FULL_MUST_RUN,L4-H5
run-5a89f62e873527849afc1f0d,elliptic,resource_counterfactual,all_graph_experts_unavailable,feature_mlp;gcn;graphsage,coregraph,4,profile_declared,all_graph_experts_unavailable,hierarchical,none,none,none,NOT_APPLICABLE,NOT_APPLICABLE,CPU_COUNTERFACTUAL_THEN_T4_PROFILE,UNKNOWN_UNTIL_PILOT,BLOCKED_RESOURCE_UNMEASURED,resource_record+counterfactual_manifest,SAVED_OUTPUT_PILOT;RESOURCE_PROFILER,FULL_MUST_RUN,L4-H5
run-177e5cbb28c08f16b6ff9f4e,elliptic,resource_counterfactual,all_graph_experts_unavailable,feature_mlp;gcn;graphsage,resource_aware_heuristic,4,profile_declared,all_graph_experts_unavailable,heuristic,none,none,none,NOT_APPLICABLE,NOT_APPLICABLE,CPU_COUNTERFACTUAL_THEN_T4_PROFILE,UNKNOWN_UNTIL_PILOT,BLOCKED_RESOURCE_UNMEASURED,resource_record+counterfactual_manifest,SAVED_OUTPUT_PILOT;RESOURCE_PROFILER,FULL_MUST_RUN,L4-H5
run-e0b0b9ddff2edf74da8a3f00,elliptic,resource_counterfactual,all_graph_experts_unavailable,feature_mlp;gcn;graphsage,cheapest_feasible_expert,4,profile_declared,all_graph_experts_unavailable,heuristic,none,none,none,NOT_APPLICABLE,NOT_APPLICABLE,CPU_COUNTERFACTUAL_THEN_T4_PROFILE,UNKNOWN_UNTIL_PILOT,BLOCKED_RESOURCE_UNMEASURED,resource_record+counterfactual_manifest,SAVED_OUTPUT_PILOT;RESOURCE_PROFILER,FULL_MUST_RUN,L4-H5
run-308ea27e74ae8da8625e15e3,elliptic,resource_counterfactual,all_graph_experts_unavailable,feature_mlp;gcn;graphsage,coregraph,5,profile_declared,all_graph_experts_unavailable,hierarchical,none,none,none,NOT_APPLICABLE,NOT_APPLICABLE,CPU_COUNTERFACTUAL_THEN_T4_PROFILE,UNKNOWN_UNTIL_PILOT,BLOCKED_RESOURCE_UNMEASURED,resource_record+counterfactual_manifest,SAVED_OUTPUT_PILOT;RESOURCE_PROFILER,FULL_MUST_RUN,L4-H5
run-abcfe0c47113f4c5c3886b03,elliptic,resource_counterfactual,all_graph_experts_unavailable,feature_mlp;gcn;graphsage,resource_aware_heuristic,5,profile_declared,all_graph_experts_unavailable,heuristic,none,none,none,NOT_APPLICABLE,NOT_APPLICABLE,CPU_COUNTERFACTUAL_THEN_T4_PROFILE,UNKNOWN_UNTIL_PILOT,BLOCKED_RESOURCE_UNMEASURED,resource_record+counterfactual_manifest,SAVED_OUTPUT_PILOT;RESOURCE_PROFILER,FULL_MUST_RUN,L4-H5
run-7c0d1388af09721809966192,elliptic,resource_counterfactual,all_graph_experts_unavailable,feature_mlp;gcn;graphsage,cheapest_feasible_expert,5,profile_declared,all_graph_experts_unavailable,heuristic,none,none,none,NOT_APPLICABLE,NOT_APPLICABLE,CPU_COUNTERFACTUAL_THEN_T4_PROFILE,UNKNOWN_UNTIL_PILOT,BLOCKED_RESOURCE_UNMEASURED,resource_record+counterfactual_manifest,SAVED_OUTPUT_PILOT;RESOURCE_PROFILER,FULL_MUST_RUN,L4-H5
run-e53a5549ec8e8b92d2ce7bde,elliptic,resource_counterfactual,all_graph_experts_unavailable,feature_mlp;gcn;graphsage,coregraph,6,profile_declared,all_graph_experts_unavailable,hierarchical,none,none,none,NOT_APPLICABLE,NOT_APPLICABLE,CPU_COUNTERFACTUAL_THEN_T4_PROFILE,UNKNOWN_UNTIL_PILOT,BLOCKED_RESOURCE_UNMEASURED,resource_record+counterfactual_manifest,SAVED_OUTPUT_PILOT;RESOURCE_PROFILER,FULL_MUST_RUN,L4-H5
run-0a6c7272bcfd026cba0b14cc,elliptic,resource_counterfactual,all_graph_experts_unavailable,feature_mlp;gcn;graphsage,resource_aware_heuristic,6,profile_declared,all_graph_experts_unavailable,heuristic,none,none,none,NOT_APPLICABLE,NOT_APPLICABLE,CPU_COUNTERFACTUAL_THEN_T4_PROFILE,UNKNOWN_UNTIL_PILOT,BLOCKED_RESOURCE_UNMEASURED,resource_record+counterfactual_manifest,SAVED_OUTPUT_PILOT;RESOURCE_PROFILER,FULL_MUST_RUN,L4-H5
run-f7e685f408b8b46bb9c401a5,elliptic,resource_counterfactual,all_graph_experts_unavailable,feature_mlp;gcn;graphsage,cheapest_feasible_expert,6,profile_declared,all_graph_experts_unavailable,heuristic,none,none,none,NOT_APPLICABLE,NOT_APPLICABLE,CPU_COUNTERFACTUAL_THEN_T4_PROFILE,UNKNOWN_UNTIL_PILOT,BLOCKED_RESOURCE_UNMEASURED,resource_record+counterfactual_manifest,SAVED_OUTPUT_PILOT;RESOURCE_PROFILER,FULL_MUST_RUN,L4-H5
run-1f47c01a18b1f881bf8f23e4,elliptic,resource_counterfactual,all_graph_experts_unavailable,feature_mlp;gcn;graphsage,coregraph,7,profile_declared,all_graph_experts_unavailable,hierarchical,none,none,none,NOT_APPLICABLE,NOT_APPLICABLE,CPU_COUNTERFACTUAL_THEN_T4_PROFILE,UNKNOWN_UNTIL_PILOT,BLOCKED_RESOURCE_UNMEASURED,resource_record+counterfactual_manifest,SAVED_OUTPUT_PILOT;RESOURCE_PROFILER,FULL_MUST_RUN,L4-H5
run-dd93aef3fa62e9227df848bf,elliptic,resource_counterfactual,all_graph_experts_unavailable,feature_mlp;gcn;graphsage,resource_aware_heuristic,7,profile_declared,all_graph_experts_unavailable,heuristic,none,none,none,NOT_APPLICABLE,NOT_APPLICABLE,CPU_COUNTERFACTUAL_THEN_T4_PROFILE,UNKNOWN_UNTIL_PILOT,BLOCKED_RESOURCE_UNMEASURED,resource_record+counterfactual_manifest,SAVED_OUTPUT_PILOT;RESOURCE_PROFILER,FULL_MUST_RUN,L4-H5
run-1f9e2530327a37e5ac12fb64,elliptic,resource_counterfactual,all_graph_experts_unavailable,feature_mlp;gcn;graphsage,cheapest_feasible_expert,7,profile_declared,all_graph_experts_unavailable,heuristic,none,none,none,NOT_APPLICABLE,NOT_APPLICABLE,CPU_COUNTERFACTUAL_THEN_T4_PROFILE,UNKNOWN_UNTIL_PILOT,BLOCKED_RESOURCE_UNMEASURED,resource_record+counterfactual_manifest,SAVED_OUTPUT_PILOT;RESOURCE_PROFILER,FULL_MUST_RUN,L4-H5
run-00453ff0453ffaea0902b08b,elliptic,resource_counterfactual,all_graph_experts_unavailable,feature_mlp;gcn;graphsage,coregraph,8,profile_declared,all_graph_experts_unavailable,hierarchical,none,none,none,NOT_APPLICABLE,NOT_APPLICABLE,CPU_COUNTERFACTUAL_THEN_T4_PROFILE,UNKNOWN_UNTIL_PILOT,BLOCKED_RESOURCE_UNMEASURED,resource_record+counterfactual_manifest,SAVED_OUTPUT_PILOT;RESOURCE_PROFILER,FULL_MUST_RUN,L4-H5
run-9c7ef0bdad8a82d743bb534f,elliptic,resource_counterfactual,all_graph_experts_unavailable,feature_mlp;gcn;graphsage,resource_aware_heuristic,8,profile_declared,all_graph_experts_unavailable,heuristic,none,none,none,NOT_APPLICABLE,NOT_APPLICABLE,CPU_COUNTERFACTUAL_THEN_T4_PROFILE,UNKNOWN_UNTIL_PILOT,BLOCKED_RESOURCE_UNMEASURED,resource_record+counterfactual_manifest,SAVED_OUTPUT_PILOT;RESOURCE_PROFILER,FULL_MUST_RUN,L4-H5
run-385e933879a28f4f41cc24b5,elliptic,resource_counterfactual,all_graph_experts_unavailable,feature_mlp;gcn;graphsage,cheapest_feasible_expert,8,profile_declared,all_graph_experts_unavailable,heuristic,none,none,none,NOT_APPLICABLE,NOT_APPLICABLE,CPU_COUNTERFACTUAL_THEN_T4_PROFILE,UNKNOWN_UNTIL_PILOT,BLOCKED_RESOURCE_UNMEASURED,resource_record+counterfactual_manifest,SAVED_OUTPUT_PILOT;RESOURCE_PROFILER,FULL_MUST_RUN,L4-H5
run-55c31d8effdbbdfd7b711f39,elliptic,resource_counterfactual,all_graph_experts_unavailable,feature_mlp;gcn;graphsage,coregraph,9,profile_declared,all_graph_experts_unavailable,hierarchical,none,none,none,NOT_APPLICABLE,NOT_APPLICABLE,CPU_COUNTERFACTUAL_THEN_T4_PROFILE,UNKNOWN_UNTIL_PILOT,BLOCKED_RESOURCE_UNMEASURED,resource_record+counterfactual_manifest,SAVED_OUTPUT_PILOT;RESOURCE_PROFILER,FULL_MUST_RUN,L4-H5
run-3c6358150623adb25a0c67ea,elliptic,resource_counterfactual,all_graph_experts_unavailable,feature_mlp;gcn;graphsage,resource_aware_heuristic,9,profile_declared,all_graph_experts_unavailable,heuristic,none,none,none,NOT_APPLICABLE,NOT_APPLICABLE,CPU_COUNTERFACTUAL_THEN_T4_PROFILE,UNKNOWN_UNTIL_PILOT,BLOCKED_RESOURCE_UNMEASURED,resource_record+counterfactual_manifest,SAVED_OUTPUT_PILOT;RESOURCE_PROFILER,FULL_MUST_RUN,L4-H5
run-119a43f383dfd5324fbe4dd8,elliptic,resource_counterfactual,all_graph_experts_unavailable,feature_mlp;gcn;graphsage,cheapest_feasible_expert,9,profile_declared,all_graph_experts_unavailable,heuristic,none,none,none,NOT_APPLICABLE,NOT_APPLICABLE,CPU_COUNTERFACTUAL_THEN_T4_PROFILE,UNKNOWN_UNTIL_PILOT,BLOCKED_RESOURCE_UNMEASURED,resource_record+counterfactual_manifest,SAVED_OUTPUT_PILOT;RESOURCE_PROFILER,FULL_MUST_RUN,L4-H5
run-53831a786f91880668f47135,elliptic,resource_counterfactual,all_graph_experts_unavailable,feature_mlp;gcn;graphsage,coregraph,10,profile_declared,all_graph_experts_unavailable,hierarchical,none,none,none,NOT_APPLICABLE,NOT_APPLICABLE,CPU_COUNTERFACTUAL_THEN_T4_PROFILE,UNKNOWN_UNTIL_PILOT,BLOCKED_RESOURCE_UNMEASURED,resource_record+counterfactual_manifest,SAVED_OUTPUT_PILOT;RESOURCE_PROFILER,FULL_MUST_RUN,L4-H5
run-2db9ff0fb9bc5f1a48de7086,elliptic,resource_counterfactual,all_graph_experts_unavailable,feature_mlp;gcn;graphsage,resource_aware_heuristic,10,profile_declared,all_graph_experts_unavailable,heuristic,none,none,none,NOT_APPLICABLE,NOT_APPLICABLE,CPU_COUNTERFACTUAL_THEN_T4_PROFILE,UNKNOWN_UNTIL_PILOT,BLOCKED_RESOURCE_UNMEASURED,resource_record+counterfactual_manifest,SAVED_OUTPUT_PILOT;RESOURCE_PROFILER,FULL_MUST_RUN,L4-H5
run-4c5db711b85dc099e2a7f417,elliptic,resource_counterfactual,all_graph_experts_unavailable,feature_mlp;gcn;graphsage,cheapest_feasible_expert,10,profile_declared,all_graph_experts_unavailable,heuristic,none,none,none,NOT_APPLICABLE,NOT_APPLICABLE,CPU_COUNTERFACTUAL_THEN_T4_PROFILE,UNKNOWN_UNTIL_PILOT,BLOCKED_RESOURCE_UNMEASURED,resource_record+counterfactual_manifest,SAVED_OUTPUT_PILOT;RESOURCE_PROFILER,FULL_MUST_RUN,L4-H5
run-01b30e659b2489c3a27d3115,elliptic,resource_counterfactual,tight_memory,feature_mlp;gcn;graphsage,coregraph,1,profile_declared,tight_memory,hierarchical,none,none,none,NOT_APPLICABLE,NOT_APPLICABLE,CPU_COUNTERFACTUAL_THEN_T4_PROFILE,UNKNOWN_UNTIL_PILOT,BLOCKED_RESOURCE_UNMEASURED,resource_record+counterfactual_manifest,SAVED_OUTPUT_PILOT;RESOURCE_PROFILER,FULL_MUST_RUN,L4-H5
run-16d1fe9d6f8ffba6dfad0124,elliptic,resource_counterfactual,tight_memory,feature_mlp;gcn;graphsage,resource_aware_heuristic,1,profile_declared,tight_memory,heuristic,none,none,none,NOT_APPLICABLE,NOT_APPLICABLE,CPU_COUNTERFACTUAL_THEN_T4_PROFILE,UNKNOWN_UNTIL_PILOT,BLOCKED_RESOURCE_UNMEASURED,resource_record+counterfactual_manifest,SAVED_OUTPUT_PILOT;RESOURCE_PROFILER,FULL_MUST_RUN,L4-H5
run-7daf76d4f1236b8162840c0b,elliptic,resource_counterfactual,tight_memory,feature_mlp;gcn;graphsage,cheapest_feasible_expert,1,profile_declared,tight_memory,heuristic,none,none,none,NOT_APPLICABLE,NOT_APPLICABLE,CPU_COUNTERFACTUAL_THEN_T4_PROFILE,UNKNOWN_UNTIL_PILOT,BLOCKED_RESOURCE_UNMEASURED,resource_record+counterfactual_manifest,SAVED_OUTPUT_PILOT;RESOURCE_PROFILER,FULL_MUST_RUN,L4-H5
run-545d9025cd9ef14f2a680607,elliptic,resource_counterfactual,tight_memory,feature_mlp;gcn;graphsage,coregraph,2,profile_declared,tight_memory,hierarchical,none,none,none,NOT_APPLICABLE,NOT_APPLICABLE,CPU_COUNTERFACTUAL_THEN_T4_PROFILE,UNKNOWN_UNTIL_PILOT,BLOCKED_RESOURCE_UNMEASURED,resource_record+counterfactual_manifest,SAVED_OUTPUT_PILOT;RESOURCE_PROFILER,FULL_MUST_RUN,L4-H5
run-989069518426c163509eb092,elliptic,resource_counterfactual,tight_memory,feature_mlp;gcn;graphsage,resource_aware_heuristic,2,profile_declared,tight_memory,heuristic,none,none,none,NOT_APPLICABLE,NOT_APPLICABLE,CPU_COUNTERFACTUAL_THEN_T4_PROFILE,UNKNOWN_UNTIL_PILOT,BLOCKED_RESOURCE_UNMEASURED,resource_record+counterfactual_manifest,SAVED_OUTPUT_PILOT;RESOURCE_PROFILER,FULL_MUST_RUN,L4-H5
run-cc5d0b46342113de0e779a5c,elliptic,resource_counterfactual,tight_memory,feature_mlp;gcn;graphsage,cheapest_feasible_expert,2,profile_declared,tight_memory,heuristic,none,none,none,NOT_APPLICABLE,NOT_APPLICABLE,CPU_COUNTERFACTUAL_THEN_T4_PROFILE,UNKNOWN_UNTIL_PILOT,BLOCKED_RESOURCE_UNMEASURED,resource_record+counterfactual_manifest,SAVED_OUTPUT_PILOT;RESOURCE_PROFILER,FULL_MUST_RUN,L4-H5
run-0138cbc07defef0642ffeaf8,elliptic,resource_counterfactual,tight_memory,feature_mlp;gcn;graphsage,coregraph,3,profile_declared,tight_memory,hierarchical,none,none,none,NOT_APPLICABLE,NOT_APPLICABLE,CPU_COUNTERFACTUAL_THEN_T4_PROFILE,UNKNOWN_UNTIL_PILOT,BLOCKED_RESOURCE_UNMEASURED,resource_record+counterfactual_manifest,SAVED_OUTPUT_PILOT;RESOURCE_PROFILER,FULL_MUST_RUN,L4-H5
run-935bb945a73c76b5d328b98d,elliptic,resource_counterfactual,tight_memory,feature_mlp;gcn;graphsage,resource_aware_heuristic,3,profile_declared,tight_memory,heuristic,none,none,none,NOT_APPLICABLE,NOT_APPLICABLE,CPU_COUNTERFACTUAL_THEN_T4_PROFILE,UNKNOWN_UNTIL_PILOT,BLOCKED_RESOURCE_UNMEASURED,resource_record+counterfactual_manifest,SAVED_OUTPUT_PILOT;RESOURCE_PROFILER,FULL_MUST_RUN,L4-H5
run-8216421bdeef76770ac7565f,elliptic,resource_counterfactual,tight_memory,feature_mlp;gcn;graphsage,cheapest_feasible_expert,3,profile_declared,tight_memory,heuristic,none,none,none,NOT_APPLICABLE,NOT_APPLICABLE,CPU_COUNTERFACTUAL_THEN_T4_PROFILE,UNKNOWN_UNTIL_PILOT,BLOCKED_RESOURCE_UNMEASURED,resource_record+counterfactual_manifest,SAVED_OUTPUT_PILOT;RESOURCE_PROFILER,FULL_MUST_RUN,L4-H5
run-619ada714977afa9d1e9085e,elliptic,resource_counterfactual,tight_memory,feature_mlp;gcn;graphsage,coregraph,4,profile_declared,tight_memory,hierarchical,none,none,none,NOT_APPLICABLE,NOT_APPLICABLE,CPU_COUNTERFACTUAL_THEN_T4_PROFILE,UNKNOWN_UNTIL_PILOT,BLOCKED_RESOURCE_UNMEASURED,resource_record+counterfactual_manifest,SAVED_OUTPUT_PILOT;RESOURCE_PROFILER,FULL_MUST_RUN,L4-H5
run-d8272f9b92477d44ed5acea9,elliptic,resource_counterfactual,tight_memory,feature_mlp;gcn;graphsage,resource_aware_heuristic,4,profile_declared,tight_memory,heuristic,none,none,none,NOT_APPLICABLE,NOT_APPLICABLE,CPU_COUNTERFACTUAL_THEN_T4_PROFILE,UNKNOWN_UNTIL_PILOT,BLOCKED_RESOURCE_UNMEASURED,resource_record+counterfactual_manifest,SAVED_OUTPUT_PILOT;RESOURCE_PROFILER,FULL_MUST_RUN,L4-H5
run-7c2462f0b4a4f0358a87cde5,elliptic,resource_counterfactual,tight_memory,feature_mlp;gcn;graphsage,cheapest_feasible_expert,4,profile_declared,tight_memory,heuristic,none,none,none,NOT_APPLICABLE,NOT_APPLICABLE,CPU_COUNTERFACTUAL_THEN_T4_PROFILE,UNKNOWN_UNTIL_PILOT,BLOCKED_RESOURCE_UNMEASURED,resource_record+counterfactual_manifest,SAVED_OUTPUT_PILOT;RESOURCE_PROFILER,FULL_MUST_RUN,L4-H5
run-4fe290346ca2deac77b585f8,elliptic,resource_counterfactual,tight_memory,feature_mlp;gcn;graphsage,coregraph,5,profile_declared,tight_memory,hierarchical,none,none,none,NOT_APPLICABLE,NOT_APPLICABLE,CPU_COUNTERFACTUAL_THEN_T4_PROFILE,UNKNOWN_UNTIL_PILOT,BLOCKED_RESOURCE_UNMEASURED,resource_record+counterfactual_manifest,SAVED_OUTPUT_PILOT;RESOURCE_PROFILER,FULL_MUST_RUN,L4-H5
run-bc59aa3e0177446017bffe0a,elliptic,resource_counterfactual,tight_memory,feature_mlp;gcn;graphsage,resource_aware_heuristic,5,profile_declared,tight_memory,heuristic,none,none,none,NOT_APPLICABLE,NOT_APPLICABLE,CPU_COUNTERFACTUAL_THEN_T4_PROFILE,UNKNOWN_UNTIL_PILOT,BLOCKED_RESOURCE_UNMEASURED,resource_record+counterfactual_manifest,SAVED_OUTPUT_PILOT;RESOURCE_PROFILER,FULL_MUST_RUN,L4-H5
run-6446d85214ca93b6a3f2734d,elliptic,resource_counterfactual,tight_memory,feature_mlp;gcn;graphsage,cheapest_feasible_expert,5,profile_declared,tight_memory,heuristic,none,none,none,NOT_APPLICABLE,NOT_APPLICABLE,CPU_COUNTERFACTUAL_THEN_T4_PROFILE,UNKNOWN_UNTIL_PILOT,BLOCKED_RESOURCE_UNMEASURED,resource_record+counterfactual_manifest,SAVED_OUTPUT_PILOT;RESOURCE_PROFILER,FULL_MUST_RUN,L4-H5
run-43cdce2f4a16c943cd0e29e4,elliptic,resource_counterfactual,tight_memory,feature_mlp;gcn;graphsage,coregraph,6,profile_declared,tight_memory,hierarchical,none,none,none,NOT_APPLICABLE,NOT_APPLICABLE,CPU_COUNTERFACTUAL_THEN_T4_PROFILE,UNKNOWN_UNTIL_PILOT,BLOCKED_RESOURCE_UNMEASURED,resource_record+counterfactual_manifest,SAVED_OUTPUT_PILOT;RESOURCE_PROFILER,FULL_MUST_RUN,L4-H5
run-0f1906031f9e2d5e2ecce63a,elliptic,resource_counterfactual,tight_memory,feature_mlp;gcn;graphsage,resource_aware_heuristic,6,profile_declared,tight_memory,heuristic,none,none,none,NOT_APPLICABLE,NOT_APPLICABLE,CPU_COUNTERFACTUAL_THEN_T4_PROFILE,UNKNOWN_UNTIL_PILOT,BLOCKED_RESOURCE_UNMEASURED,resource_record+counterfactual_manifest,SAVED_OUTPUT_PILOT;RESOURCE_PROFILER,FULL_MUST_RUN,L4-H5
run-7f0d8911e5a7066b61bd441e,elliptic,resource_counterfactual,tight_memory,feature_mlp;gcn;graphsage,cheapest_feasible_expert,6,profile_declared,tight_memory,heuristic,none,none,none,NOT_APPLICABLE,NOT_APPLICABLE,CPU_COUNTERFACTUAL_THEN_T4_PROFILE,UNKNOWN_UNTIL_PILOT,BLOCKED_RESOURCE_UNMEASURED,resource_record+counterfactual_manifest,SAVED_OUTPUT_PILOT;RESOURCE_PROFILER,FULL_MUST_RUN,L4-H5
run-f2508d792d88eab622df4ef3,elliptic,resource_counterfactual,tight_memory,feature_mlp;gcn;graphsage,coregraph,7,profile_declared,tight_memory,hierarchical,none,none,none,NOT_APPLICABLE,NOT_APPLICABLE,CPU_COUNTERFACTUAL_THEN_T4_PROFILE,UNKNOWN_UNTIL_PILOT,BLOCKED_RESOURCE_UNMEASURED,resource_record+counterfactual_manifest,SAVED_OUTPUT_PILOT;RESOURCE_PROFILER,FULL_MUST_RUN,L4-H5
run-b1e3123803369402c0268b33,elliptic,resource_counterfactual,tight_memory,feature_mlp;gcn;graphsage,resource_aware_heuristic,7,profile_declared,tight_memory,heuristic,none,none,none,NOT_APPLICABLE,NOT_APPLICABLE,CPU_COUNTERFACTUAL_THEN_T4_PROFILE,UNKNOWN_UNTIL_PILOT,BLOCKED_RESOURCE_UNMEASURED,resource_record+counterfactual_manifest,SAVED_OUTPUT_PILOT;RESOURCE_PROFILER,FULL_MUST_RUN,L4-H5
run-ff198f34ff3edba487aacee0,elliptic,resource_counterfactual,tight_memory,feature_mlp;gcn;graphsage,cheapest_feasible_expert,7,profile_declared,tight_memory,heuristic,none,none,none,NOT_APPLICABLE,NOT_APPLICABLE,CPU_COUNTERFACTUAL_THEN_T4_PROFILE,UNKNOWN_UNTIL_PILOT,BLOCKED_RESOURCE_UNMEASURED,resource_record+counterfactual_manifest,SAVED_OUTPUT_PILOT;RESOURCE_PROFILER,FULL_MUST_RUN,L4-H5
run-70e307b6383c17f2439c0a97,elliptic,resource_counterfactual,tight_memory,feature_mlp;gcn;graphsage,coregraph,8,profile_declared,tight_memory,hierarchical,none,none,none,NOT_APPLICABLE,NOT_APPLICABLE,CPU_COUNTERFACTUAL_THEN_T4_PROFILE,UNKNOWN_UNTIL_PILOT,BLOCKED_RESOURCE_UNMEASURED,resource_record+counterfactual_manifest,SAVED_OUTPUT_PILOT;RESOURCE_PROFILER,FULL_MUST_RUN,L4-H5
run-8673616504ca05f3ffcb80bf,elliptic,resource_counterfactual,tight_memory,feature_mlp;gcn;graphsage,resource_aware_heuristic,8,profile_declared,tight_memory,heuristic,none,none,none,NOT_APPLICABLE,NOT_APPLICABLE,CPU_COUNTERFACTUAL_THEN_T4_PROFILE,UNKNOWN_UNTIL_PILOT,BLOCKED_RESOURCE_UNMEASURED,resource_record+counterfactual_manifest,SAVED_OUTPUT_PILOT;RESOURCE_PROFILER,FULL_MUST_RUN,L4-H5
run-ec39c835959b07acb66e7c50,elliptic,resource_counterfactual,tight_memory,feature_mlp;gcn;graphsage,cheapest_feasible_expert,8,profile_declared,tight_memory,heuristic,none,none,none,NOT_APPLICABLE,NOT_APPLICABLE,CPU_COUNTERFACTUAL_THEN_T4_PROFILE,UNKNOWN_UNTIL_PILOT,BLOCKED_RESOURCE_UNMEASURED,resource_record+counterfactual_manifest,SAVED_OUTPUT_PILOT;RESOURCE_PROFILER,FULL_MUST_RUN,L4-H5
run-11b59b0837d5774e22833448,elliptic,resource_counterfactual,tight_memory,feature_mlp;gcn;graphsage,coregraph,9,profile_declared,tight_memory,hierarchical,none,none,none,NOT_APPLICABLE,NOT_APPLICABLE,CPU_COUNTERFACTUAL_THEN_T4_PROFILE,UNKNOWN_UNTIL_PILOT,BLOCKED_RESOURCE_UNMEASURED,resource_record+counterfactual_manifest,SAVED_OUTPUT_PILOT;RESOURCE_PROFILER,FULL_MUST_RUN,L4-H5
run-d5a560c810c4835c32365e99,elliptic,resource_counterfactual,tight_memory,feature_mlp;gcn;graphsage,resource_aware_heuristic,9,profile_declared,tight_memory,heuristic,none,none,none,NOT_APPLICABLE,NOT_APPLICABLE,CPU_COUNTERFACTUAL_THEN_T4_PROFILE,UNKNOWN_UNTIL_PILOT,BLOCKED_RESOURCE_UNMEASURED,resource_record+counterfactual_manifest,SAVED_OUTPUT_PILOT;RESOURCE_PROFILER,FULL_MUST_RUN,L4-H5
run-78b5a91421635548b1ae041c,elliptic,resource_counterfactual,tight_memory,feature_mlp;gcn;graphsage,cheapest_feasible_expert,9,profile_declared,tight_memory,heuristic,none,none,none,NOT_APPLICABLE,NOT_APPLICABLE,CPU_COUNTERFACTUAL_THEN_T4_PROFILE,UNKNOWN_UNTIL_PILOT,BLOCKED_RESOURCE_UNMEASURED,resource_record+counterfactual_manifest,SAVED_OUTPUT_PILOT;RESOURCE_PROFILER,FULL_MUST_RUN,L4-H5
run-fefac6a6949f389f72a7eb13,elliptic,resource_counterfactual,tight_memory,feature_mlp;gcn;graphsage,coregraph,10,profile_declared,tight_memory,hierarchical,none,none,none,NOT_APPLICABLE,NOT_APPLICABLE,CPU_COUNTERFACTUAL_THEN_T4_PROFILE,UNKNOWN_UNTIL_PILOT,BLOCKED_RESOURCE_UNMEASURED,resource_record+counterfactual_manifest,SAVED_OUTPUT_PILOT;RESOURCE_PROFILER,FULL_MUST_RUN,L4-H5
run-1111fa65f68b48613d98dd39,elliptic,resource_counterfactual,tight_memory,feature_mlp;gcn;graphsage,resource_aware_heuristic,10,profile_declared,tight_memory,heuristic,none,none,none,NOT_APPLICABLE,NOT_APPLICABLE,CPU_COUNTERFACTUAL_THEN_T4_PROFILE,UNKNOWN_UNTIL_PILOT,BLOCKED_RESOURCE_UNMEASURED,resource_record+counterfactual_manifest,SAVED_OUTPUT_PILOT;RESOURCE_PROFILER,FULL_MUST_RUN,L4-H5
run-3efce59780c2d5ca95df650f,elliptic,resource_counterfactual,tight_memory,feature_mlp;gcn;graphsage,cheapest_feasible_expert,10,profile_declared,tight_memory,heuristic,none,none,none,NOT_APPLICABLE,NOT_APPLICABLE,CPU_COUNTERFACTUAL_THEN_T4_PROFILE,UNKNOWN_UNTIL_PILOT,BLOCKED_RESOURCE_UNMEASURED,resource_record+counterfactual_manifest,SAVED_OUTPUT_PILOT;RESOURCE_PROFILER,FULL_MUST_RUN,L4-H5
run-da30fab7608d3671d0d90bd3,elliptic,resource_counterfactual,tight_latency,feature_mlp;gcn;graphsage,coregraph,1,profile_declared,tight_latency,hierarchical,none,none,none,NOT_APPLICABLE,NOT_APPLICABLE,CPU_COUNTERFACTUAL_THEN_T4_PROFILE,UNKNOWN_UNTIL_PILOT,BLOCKED_RESOURCE_UNMEASURED,resource_record+counterfactual_manifest,SAVED_OUTPUT_PILOT;RESOURCE_PROFILER,FULL_MUST_RUN,L4-H5
run-69a069dde71decbd09848480,elliptic,resource_counterfactual,tight_latency,feature_mlp;gcn;graphsage,resource_aware_heuristic,1,profile_declared,tight_latency,heuristic,none,none,none,NOT_APPLICABLE,NOT_APPLICABLE,CPU_COUNTERFACTUAL_THEN_T4_PROFILE,UNKNOWN_UNTIL_PILOT,BLOCKED_RESOURCE_UNMEASURED,resource_record+counterfactual_manifest,SAVED_OUTPUT_PILOT;RESOURCE_PROFILER,FULL_MUST_RUN,L4-H5
run-cdc386b69e93e415d8ae21cd,elliptic,resource_counterfactual,tight_latency,feature_mlp;gcn;graphsage,cheapest_feasible_expert,1,profile_declared,tight_latency,heuristic,none,none,none,NOT_APPLICABLE,NOT_APPLICABLE,CPU_COUNTERFACTUAL_THEN_T4_PROFILE,UNKNOWN_UNTIL_PILOT,BLOCKED_RESOURCE_UNMEASURED,resource_record+counterfactual_manifest,SAVED_OUTPUT_PILOT;RESOURCE_PROFILER,FULL_MUST_RUN,L4-H5
run-dfb64aee36f4a626795b5548,elliptic,resource_counterfactual,tight_latency,feature_mlp;gcn;graphsage,coregraph,2,profile_declared,tight_latency,hierarchical,none,none,none,NOT_APPLICABLE,NOT_APPLICABLE,CPU_COUNTERFACTUAL_THEN_T4_PROFILE,UNKNOWN_UNTIL_PILOT,BLOCKED_RESOURCE_UNMEASURED,resource_record+counterfactual_manifest,SAVED_OUTPUT_PILOT;RESOURCE_PROFILER,FULL_MUST_RUN,L4-H5
run-a40aeba7524dcb5a7e4e1322,elliptic,resource_counterfactual,tight_latency,feature_mlp;gcn;graphsage,resource_aware_heuristic,2,profile_declared,tight_latency,heuristic,none,none,none,NOT_APPLICABLE,NOT_APPLICABLE,CPU_COUNTERFACTUAL_THEN_T4_PROFILE,UNKNOWN_UNTIL_PILOT,BLOCKED_RESOURCE_UNMEASURED,resource_record+counterfactual_manifest,SAVED_OUTPUT_PILOT;RESOURCE_PROFILER,FULL_MUST_RUN,L4-H5
run-0c6835532efb931d59519c9b,elliptic,resource_counterfactual,tight_latency,feature_mlp;gcn;graphsage,cheapest_feasible_expert,2,profile_declared,tight_latency,heuristic,none,none,none,NOT_APPLICABLE,NOT_APPLICABLE,CPU_COUNTERFACTUAL_THEN_T4_PROFILE,UNKNOWN_UNTIL_PILOT,BLOCKED_RESOURCE_UNMEASURED,resource_record+counterfactual_manifest,SAVED_OUTPUT_PILOT;RESOURCE_PROFILER,FULL_MUST_RUN,L4-H5
run-f1ddd2f051d4f3eb21202e08,elliptic,resource_counterfactual,tight_latency,feature_mlp;gcn;graphsage,coregraph,3,profile_declared,tight_latency,hierarchical,none,none,none,NOT_APPLICABLE,NOT_APPLICABLE,CPU_COUNTERFACTUAL_THEN_T4_PROFILE,UNKNOWN_UNTIL_PILOT,BLOCKED_RESOURCE_UNMEASURED,resource_record+counterfactual_manifest,SAVED_OUTPUT_PILOT;RESOURCE_PROFILER,FULL_MUST_RUN,L4-H5
run-91113e594d7a0423ae75862d,elliptic,resource_counterfactual,tight_latency,feature_mlp;gcn;graphsage,resource_aware_heuristic,3,profile_declared,tight_latency,heuristic,none,none,none,NOT_APPLICABLE,NOT_APPLICABLE,CPU_COUNTERFACTUAL_THEN_T4_PROFILE,UNKNOWN_UNTIL_PILOT,BLOCKED_RESOURCE_UNMEASURED,resource_record+counterfactual_manifest,SAVED_OUTPUT_PILOT;RESOURCE_PROFILER,FULL_MUST_RUN,L4-H5
run-563317b410bb4ee4bd512628,elliptic,resource_counterfactual,tight_latency,feature_mlp;gcn;graphsage,cheapest_feasible_expert,3,profile_declared,tight_latency,heuristic,none,none,none,NOT_APPLICABLE,NOT_APPLICABLE,CPU_COUNTERFACTUAL_THEN_T4_PROFILE,UNKNOWN_UNTIL_PILOT,BLOCKED_RESOURCE_UNMEASURED,resource_record+counterfactual_manifest,SAVED_OUTPUT_PILOT;RESOURCE_PROFILER,FULL_MUST_RUN,L4-H5
run-62b7bb2b2467e564498c1047,elliptic,resource_counterfactual,tight_latency,feature_mlp;gcn;graphsage,coregraph,4,profile_declared,tight_latency,hierarchical,none,none,none,NOT_APPLICABLE,NOT_APPLICABLE,CPU_COUNTERFACTUAL_THEN_T4_PROFILE,UNKNOWN_UNTIL_PILOT,BLOCKED_RESOURCE_UNMEASURED,resource_record+counterfactual_manifest,SAVED_OUTPUT_PILOT;RESOURCE_PROFILER,FULL_MUST_RUN,L4-H5
run-e48f51846bbb80e353726b3b,elliptic,resource_counterfactual,tight_latency,feature_mlp;gcn;graphsage,resource_aware_heuristic,4,profile_declared,tight_latency,heuristic,none,none,none,NOT_APPLICABLE,NOT_APPLICABLE,CPU_COUNTERFACTUAL_THEN_T4_PROFILE,UNKNOWN_UNTIL_PILOT,BLOCKED_RESOURCE_UNMEASURED,resource_record+counterfactual_manifest,SAVED_OUTPUT_PILOT;RESOURCE_PROFILER,FULL_MUST_RUN,L4-H5
run-f5976e22307abedc73468c2b,elliptic,resource_counterfactual,tight_latency,feature_mlp;gcn;graphsage,cheapest_feasible_expert,4,profile_declared,tight_latency,heuristic,none,none,none,NOT_APPLICABLE,NOT_APPLICABLE,CPU_COUNTERFACTUAL_THEN_T4_PROFILE,UNKNOWN_UNTIL_PILOT,BLOCKED_RESOURCE_UNMEASURED,resource_record+counterfactual_manifest,SAVED_OUTPUT_PILOT;RESOURCE_PROFILER,FULL_MUST_RUN,L4-H5
run-07f755528b90003cbecd51ed,elliptic,resource_counterfactual,tight_latency,feature_mlp;gcn;graphsage,coregraph,5,profile_declared,tight_latency,hierarchical,none,none,none,NOT_APPLICABLE,NOT_APPLICABLE,CPU_COUNTERFACTUAL_THEN_T4_PROFILE,UNKNOWN_UNTIL_PILOT,BLOCKED_RESOURCE_UNMEASURED,resource_record+counterfactual_manifest,SAVED_OUTPUT_PILOT;RESOURCE_PROFILER,FULL_MUST_RUN,L4-H5
run-065cd2feaa69fa2943fc1108,elliptic,resource_counterfactual,tight_latency,feature_mlp;gcn;graphsage,resource_aware_heuristic,5,profile_declared,tight_latency,heuristic,none,none,none,NOT_APPLICABLE,NOT_APPLICABLE,CPU_COUNTERFACTUAL_THEN_T4_PROFILE,UNKNOWN_UNTIL_PILOT,BLOCKED_RESOURCE_UNMEASURED,resource_record+counterfactual_manifest,SAVED_OUTPUT_PILOT;RESOURCE_PROFILER,FULL_MUST_RUN,L4-H5
run-12d709f333f1d4c400b67d20,elliptic,resource_counterfactual,tight_latency,feature_mlp;gcn;graphsage,cheapest_feasible_expert,5,profile_declared,tight_latency,heuristic,none,none,none,NOT_APPLICABLE,NOT_APPLICABLE,CPU_COUNTERFACTUAL_THEN_T4_PROFILE,UNKNOWN_UNTIL_PILOT,BLOCKED_RESOURCE_UNMEASURED,resource_record+counterfactual_manifest,SAVED_OUTPUT_PILOT;RESOURCE_PROFILER,FULL_MUST_RUN,L4-H5
run-d198469aa85f956b1126ff66,elliptic,resource_counterfactual,tight_latency,feature_mlp;gcn;graphsage,coregraph,6,profile_declared,tight_latency,hierarchical,none,none,none,NOT_APPLICABLE,NOT_APPLICABLE,CPU_COUNTERFACTUAL_THEN_T4_PROFILE,UNKNOWN_UNTIL_PILOT,BLOCKED_RESOURCE_UNMEASURED,resource_record+counterfactual_manifest,SAVED_OUTPUT_PILOT;RESOURCE_PROFILER,FULL_MUST_RUN,L4-H5
run-408d298bc00b2f2590b0ec9c,elliptic,resource_counterfactual,tight_latency,feature_mlp;gcn;graphsage,resource_aware_heuristic,6,profile_declared,tight_latency,heuristic,none,none,none,NOT_APPLICABLE,NOT_APPLICABLE,CPU_COUNTERFACTUAL_THEN_T4_PROFILE,UNKNOWN_UNTIL_PILOT,BLOCKED_RESOURCE_UNMEASURED,resource_record+counterfactual_manifest,SAVED_OUTPUT_PILOT;RESOURCE_PROFILER,FULL_MUST_RUN,L4-H5
run-c564a310fec3fa513eed3e67,elliptic,resource_counterfactual,tight_latency,feature_mlp;gcn;graphsage,cheapest_feasible_expert,6,profile_declared,tight_latency,heuristic,none,none,none,NOT_APPLICABLE,NOT_APPLICABLE,CPU_COUNTERFACTUAL_THEN_T4_PROFILE,UNKNOWN_UNTIL_PILOT,BLOCKED_RESOURCE_UNMEASURED,resource_record+counterfactual_manifest,SAVED_OUTPUT_PILOT;RESOURCE_PROFILER,FULL_MUST_RUN,L4-H5
run-f6eed442f85700bfb9b9f3ac,elliptic,resource_counterfactual,tight_latency,feature_mlp;gcn;graphsage,coregraph,7,profile_declared,tight_latency,hierarchical,none,none,none,NOT_APPLICABLE,NOT_APPLICABLE,CPU_COUNTERFACTUAL_THEN_T4_PROFILE,UNKNOWN_UNTIL_PILOT,BLOCKED_RESOURCE_UNMEASURED,resource_record+counterfactual_manifest,SAVED_OUTPUT_PILOT;RESOURCE_PROFILER,FULL_MUST_RUN,L4-H5
run-cfaf1174e51b34233e0e9457,elliptic,resource_counterfactual,tight_latency,feature_mlp;gcn;graphsage,resource_aware_heuristic,7,profile_declared,tight_latency,heuristic,none,none,none,NOT_APPLICABLE,NOT_APPLICABLE,CPU_COUNTERFACTUAL_THEN_T4_PROFILE,UNKNOWN_UNTIL_PILOT,BLOCKED_RESOURCE_UNMEASURED,resource_record+counterfactual_manifest,SAVED_OUTPUT_PILOT;RESOURCE_PROFILER,FULL_MUST_RUN,L4-H5
run-c7631ef196ebca0815a9380a,elliptic,resource_counterfactual,tight_latency,feature_mlp;gcn;graphsage,cheapest_feasible_expert,7,profile_declared,tight_latency,heuristic,none,none,none,NOT_APPLICABLE,NOT_APPLICABLE,CPU_COUNTERFACTUAL_THEN_T4_PROFILE,UNKNOWN_UNTIL_PILOT,BLOCKED_RESOURCE_UNMEASURED,resource_record+counterfactual_manifest,SAVED_OUTPUT_PILOT;RESOURCE_PROFILER,FULL_MUST_RUN,L4-H5
run-146f2d51a9c2b73854374721,elliptic,resource_counterfactual,tight_latency,feature_mlp;gcn;graphsage,coregraph,8,profile_declared,tight_latency,hierarchical,none,none,none,NOT_APPLICABLE,NOT_APPLICABLE,CPU_COUNTERFACTUAL_THEN_T4_PROFILE,UNKNOWN_UNTIL_PILOT,BLOCKED_RESOURCE_UNMEASURED,resource_record+counterfactual_manifest,SAVED_OUTPUT_PILOT;RESOURCE_PROFILER,FULL_MUST_RUN,L4-H5
run-576e55e867144fad5572f6a8,elliptic,resource_counterfactual,tight_latency,feature_mlp;gcn;graphsage,resource_aware_heuristic,8,profile_declared,tight_latency,heuristic,none,none,none,NOT_APPLICABLE,NOT_APPLICABLE,CPU_COUNTERFACTUAL_THEN_T4_PROFILE,UNKNOWN_UNTIL_PILOT,BLOCKED_RESOURCE_UNMEASURED,resource_record+counterfactual_manifest,SAVED_OUTPUT_PILOT;RESOURCE_PROFILER,FULL_MUST_RUN,L4-H5
run-96d60f663b1a90e8ce5c0479,elliptic,resource_counterfactual,tight_latency,feature_mlp;gcn;graphsage,cheapest_feasible_expert,8,profile_declared,tight_latency,heuristic,none,none,none,NOT_APPLICABLE,NOT_APPLICABLE,CPU_COUNTERFACTUAL_THEN_T4_PROFILE,UNKNOWN_UNTIL_PILOT,BLOCKED_RESOURCE_UNMEASURED,resource_record+counterfactual_manifest,SAVED_OUTPUT_PILOT;RESOURCE_PROFILER,FULL_MUST_RUN,L4-H5
run-f2933f0c8d788ea089917e00,elliptic,resource_counterfactual,tight_latency,feature_mlp;gcn;graphsage,coregraph,9,profile_declared,tight_latency,hierarchical,none,none,none,NOT_APPLICABLE,NOT_APPLICABLE,CPU_COUNTERFACTUAL_THEN_T4_PROFILE,UNKNOWN_UNTIL_PILOT,BLOCKED_RESOURCE_UNMEASURED,resource_record+counterfactual_manifest,SAVED_OUTPUT_PILOT;RESOURCE_PROFILER,FULL_MUST_RUN,L4-H5
run-63908c11e22b199964a1196c,elliptic,resource_counterfactual,tight_latency,feature_mlp;gcn;graphsage,resource_aware_heuristic,9,profile_declared,tight_latency,heuristic,none,none,none,NOT_APPLICABLE,NOT_APPLICABLE,CPU_COUNTERFACTUAL_THEN_T4_PROFILE,UNKNOWN_UNTIL_PILOT,BLOCKED_RESOURCE_UNMEASURED,resource_record+counterfactual_manifest,SAVED_OUTPUT_PILOT;RESOURCE_PROFILER,FULL_MUST_RUN,L4-H5
run-a57807124d27bf1622c6d2a2,elliptic,resource_counterfactual,tight_latency,feature_mlp;gcn;graphsage,cheapest_feasible_expert,9,profile_declared,tight_latency,heuristic,none,none,none,NOT_APPLICABLE,NOT_APPLICABLE,CPU_COUNTERFACTUAL_THEN_T4_PROFILE,UNKNOWN_UNTIL_PILOT,BLOCKED_RESOURCE_UNMEASURED,resource_record+counterfactual_manifest,SAVED_OUTPUT_PILOT;RESOURCE_PROFILER,FULL_MUST_RUN,L4-H5
run-be31dac7d48f8d70b1bef1df,elliptic,resource_counterfactual,tight_latency,feature_mlp;gcn;graphsage,coregraph,10,profile_declared,tight_latency,hierarchical,none,none,none,NOT_APPLICABLE,NOT_APPLICABLE,CPU_COUNTERFACTUAL_THEN_T4_PROFILE,UNKNOWN_UNTIL_PILOT,BLOCKED_RESOURCE_UNMEASURED,resource_record+counterfactual_manifest,SAVED_OUTPUT_PILOT;RESOURCE_PROFILER,FULL_MUST_RUN,L4-H5
run-b8bd7b2ec055fff221a42fb5,elliptic,resource_counterfactual,tight_latency,feature_mlp;gcn;graphsage,resource_aware_heuristic,10,profile_declared,tight_latency,heuristic,none,none,none,NOT_APPLICABLE,NOT_APPLICABLE,CPU_COUNTERFACTUAL_THEN_T4_PROFILE,UNKNOWN_UNTIL_PILOT,BLOCKED_RESOURCE_UNMEASURED,resource_record+counterfactual_manifest,SAVED_OUTPUT_PILOT;RESOURCE_PROFILER,FULL_MUST_RUN,L4-H5
run-8a82735ceb800ac1c389ef5c,elliptic,resource_counterfactual,tight_latency,feature_mlp;gcn;graphsage,cheapest_feasible_expert,10,profile_declared,tight_latency,heuristic,none,none,none,NOT_APPLICABLE,NOT_APPLICABLE,CPU_COUNTERFACTUAL_THEN_T4_PROFILE,UNKNOWN_UNTIL_PILOT,BLOCKED_RESOURCE_UNMEASURED,resource_record+counterfactual_manifest,SAVED_OUTPUT_PILOT;RESOURCE_PROFILER,FULL_MUST_RUN,L4-H5
run-6d65e8f5c36ef445dfeeee01,elliptic,resource_counterfactual,tight_review_budget,feature_mlp;gcn;graphsage,coregraph,1,profile_declared,tight_review_budget,hierarchical,none,none,none,NOT_APPLICABLE,NOT_APPLICABLE,CPU_COUNTERFACTUAL_THEN_T4_PROFILE,UNKNOWN_UNTIL_PILOT,BLOCKED_RESOURCE_UNMEASURED,resource_record+counterfactual_manifest,SAVED_OUTPUT_PILOT;RESOURCE_PROFILER,FULL_MUST_RUN,L4-H5
run-671d18461751df41baf7fdc4,elliptic,resource_counterfactual,tight_review_budget,feature_mlp;gcn;graphsage,resource_aware_heuristic,1,profile_declared,tight_review_budget,heuristic,none,none,none,NOT_APPLICABLE,NOT_APPLICABLE,CPU_COUNTERFACTUAL_THEN_T4_PROFILE,UNKNOWN_UNTIL_PILOT,BLOCKED_RESOURCE_UNMEASURED,resource_record+counterfactual_manifest,SAVED_OUTPUT_PILOT;RESOURCE_PROFILER,FULL_MUST_RUN,L4-H5
run-31395895861fa78a3ca48aef,elliptic,resource_counterfactual,tight_review_budget,feature_mlp;gcn;graphsage,cheapest_feasible_expert,1,profile_declared,tight_review_budget,heuristic,none,none,none,NOT_APPLICABLE,NOT_APPLICABLE,CPU_COUNTERFACTUAL_THEN_T4_PROFILE,UNKNOWN_UNTIL_PILOT,BLOCKED_RESOURCE_UNMEASURED,resource_record+counterfactual_manifest,SAVED_OUTPUT_PILOT;RESOURCE_PROFILER,FULL_MUST_RUN,L4-H5
run-075c573b2e215bf5c88a75f0,elliptic,resource_counterfactual,tight_review_budget,feature_mlp;gcn;graphsage,coregraph,2,profile_declared,tight_review_budget,hierarchical,none,none,none,NOT_APPLICABLE,NOT_APPLICABLE,CPU_COUNTERFACTUAL_THEN_T4_PROFILE,UNKNOWN_UNTIL_PILOT,BLOCKED_RESOURCE_UNMEASURED,resource_record+counterfactual_manifest,SAVED_OUTPUT_PILOT;RESOURCE_PROFILER,FULL_MUST_RUN,L4-H5
run-97cb43a099e233bb491e7fad,elliptic,resource_counterfactual,tight_review_budget,feature_mlp;gcn;graphsage,resource_aware_heuristic,2,profile_declared,tight_review_budget,heuristic,none,none,none,NOT_APPLICABLE,NOT_APPLICABLE,CPU_COUNTERFACTUAL_THEN_T4_PROFILE,UNKNOWN_UNTIL_PILOT,BLOCKED_RESOURCE_UNMEASURED,resource_record+counterfactual_manifest,SAVED_OUTPUT_PILOT;RESOURCE_PROFILER,FULL_MUST_RUN,L4-H5
run-ee3b40a7f65cedfd70cf6f3f,elliptic,resource_counterfactual,tight_review_budget,feature_mlp;gcn;graphsage,cheapest_feasible_expert,2,profile_declared,tight_review_budget,heuristic,none,none,none,NOT_APPLICABLE,NOT_APPLICABLE,CPU_COUNTERFACTUAL_THEN_T4_PROFILE,UNKNOWN_UNTIL_PILOT,BLOCKED_RESOURCE_UNMEASURED,resource_record+counterfactual_manifest,SAVED_OUTPUT_PILOT;RESOURCE_PROFILER,FULL_MUST_RUN,L4-H5
run-bb2be8f9bf62d35819e9d5a5,elliptic,resource_counterfactual,tight_review_budget,feature_mlp;gcn;graphsage,coregraph,3,profile_declared,tight_review_budget,hierarchical,none,none,none,NOT_APPLICABLE,NOT_APPLICABLE,CPU_COUNTERFACTUAL_THEN_T4_PROFILE,UNKNOWN_UNTIL_PILOT,BLOCKED_RESOURCE_UNMEASURED,resource_record+counterfactual_manifest,SAVED_OUTPUT_PILOT;RESOURCE_PROFILER,FULL_MUST_RUN,L4-H5
run-839d2d66de541914fb9bb6fb,elliptic,resource_counterfactual,tight_review_budget,feature_mlp;gcn;graphsage,resource_aware_heuristic,3,profile_declared,tight_review_budget,heuristic,none,none,none,NOT_APPLICABLE,NOT_APPLICABLE,CPU_COUNTERFACTUAL_THEN_T4_PROFILE,UNKNOWN_UNTIL_PILOT,BLOCKED_RESOURCE_UNMEASURED,resource_record+counterfactual_manifest,SAVED_OUTPUT_PILOT;RESOURCE_PROFILER,FULL_MUST_RUN,L4-H5
run-fc60219fff2a58dd499d4915,elliptic,resource_counterfactual,tight_review_budget,feature_mlp;gcn;graphsage,cheapest_feasible_expert,3,profile_declared,tight_review_budget,heuristic,none,none,none,NOT_APPLICABLE,NOT_APPLICABLE,CPU_COUNTERFACTUAL_THEN_T4_PROFILE,UNKNOWN_UNTIL_PILOT,BLOCKED_RESOURCE_UNMEASURED,resource_record+counterfactual_manifest,SAVED_OUTPUT_PILOT;RESOURCE_PROFILER,FULL_MUST_RUN,L4-H5
run-b6d79d6da376d05982c4f495,elliptic,resource_counterfactual,tight_review_budget,feature_mlp;gcn;graphsage,coregraph,4,profile_declared,tight_review_budget,hierarchical,none,none,none,NOT_APPLICABLE,NOT_APPLICABLE,CPU_COUNTERFACTUAL_THEN_T4_PROFILE,UNKNOWN_UNTIL_PILOT,BLOCKED_RESOURCE_UNMEASURED,resource_record+counterfactual_manifest,SAVED_OUTPUT_PILOT;RESOURCE_PROFILER,FULL_MUST_RUN,L4-H5
run-7506cbdc288d04475ab842e3,elliptic,resource_counterfactual,tight_review_budget,feature_mlp;gcn;graphsage,resource_aware_heuristic,4,profile_declared,tight_review_budget,heuristic,none,none,none,NOT_APPLICABLE,NOT_APPLICABLE,CPU_COUNTERFACTUAL_THEN_T4_PROFILE,UNKNOWN_UNTIL_PILOT,BLOCKED_RESOURCE_UNMEASURED,resource_record+counterfactual_manifest,SAVED_OUTPUT_PILOT;RESOURCE_PROFILER,FULL_MUST_RUN,L4-H5
run-caf10727fdb35b9ecf5a6be1,elliptic,resource_counterfactual,tight_review_budget,feature_mlp;gcn;graphsage,cheapest_feasible_expert,4,profile_declared,tight_review_budget,heuristic,none,none,none,NOT_APPLICABLE,NOT_APPLICABLE,CPU_COUNTERFACTUAL_THEN_T4_PROFILE,UNKNOWN_UNTIL_PILOT,BLOCKED_RESOURCE_UNMEASURED,resource_record+counterfactual_manifest,SAVED_OUTPUT_PILOT;RESOURCE_PROFILER,FULL_MUST_RUN,L4-H5
run-cb28521b9c49f007a779b3c3,elliptic,resource_counterfactual,tight_review_budget,feature_mlp;gcn;graphsage,coregraph,5,profile_declared,tight_review_budget,hierarchical,none,none,none,NOT_APPLICABLE,NOT_APPLICABLE,CPU_COUNTERFACTUAL_THEN_T4_PROFILE,UNKNOWN_UNTIL_PILOT,BLOCKED_RESOURCE_UNMEASURED,resource_record+counterfactual_manifest,SAVED_OUTPUT_PILOT;RESOURCE_PROFILER,FULL_MUST_RUN,L4-H5
run-cbbfc92bd112b36de0a599a9,elliptic,resource_counterfactual,tight_review_budget,feature_mlp;gcn;graphsage,resource_aware_heuristic,5,profile_declared,tight_review_budget,heuristic,none,none,none,NOT_APPLICABLE,NOT_APPLICABLE,CPU_COUNTERFACTUAL_THEN_T4_PROFILE,UNKNOWN_UNTIL_PILOT,BLOCKED_RESOURCE_UNMEASURED,resource_record+counterfactual_manifest,SAVED_OUTPUT_PILOT;RESOURCE_PROFILER,FULL_MUST_RUN,L4-H5
run-5d7f3a27a93718889e06c46a,elliptic,resource_counterfactual,tight_review_budget,feature_mlp;gcn;graphsage,cheapest_feasible_expert,5,profile_declared,tight_review_budget,heuristic,none,none,none,NOT_APPLICABLE,NOT_APPLICABLE,CPU_COUNTERFACTUAL_THEN_T4_PROFILE,UNKNOWN_UNTIL_PILOT,BLOCKED_RESOURCE_UNMEASURED,resource_record+counterfactual_manifest,SAVED_OUTPUT_PILOT;RESOURCE_PROFILER,FULL_MUST_RUN,L4-H5
run-02df7e5ebe01265ce97dd3c0,elliptic,resource_counterfactual,tight_review_budget,feature_mlp;gcn;graphsage,coregraph,6,profile_declared,tight_review_budget,hierarchical,none,none,none,NOT_APPLICABLE,NOT_APPLICABLE,CPU_COUNTERFACTUAL_THEN_T4_PROFILE,UNKNOWN_UNTIL_PILOT,BLOCKED_RESOURCE_UNMEASURED,resource_record+counterfactual_manifest,SAVED_OUTPUT_PILOT;RESOURCE_PROFILER,FULL_MUST_RUN,L4-H5
run-6490fca7932ebe5114fe8945,elliptic,resource_counterfactual,tight_review_budget,feature_mlp;gcn;graphsage,resource_aware_heuristic,6,profile_declared,tight_review_budget,heuristic,none,none,none,NOT_APPLICABLE,NOT_APPLICABLE,CPU_COUNTERFACTUAL_THEN_T4_PROFILE,UNKNOWN_UNTIL_PILOT,BLOCKED_RESOURCE_UNMEASURED,resource_record+counterfactual_manifest,SAVED_OUTPUT_PILOT;RESOURCE_PROFILER,FULL_MUST_RUN,L4-H5
run-5c5f6b0387d8896e33f36b4a,elliptic,resource_counterfactual,tight_review_budget,feature_mlp;gcn;graphsage,cheapest_feasible_expert,6,profile_declared,tight_review_budget,heuristic,none,none,none,NOT_APPLICABLE,NOT_APPLICABLE,CPU_COUNTERFACTUAL_THEN_T4_PROFILE,UNKNOWN_UNTIL_PILOT,BLOCKED_RESOURCE_UNMEASURED,resource_record+counterfactual_manifest,SAVED_OUTPUT_PILOT;RESOURCE_PROFILER,FULL_MUST_RUN,L4-H5
run-4165f55f9ca17f033cdbec39,elliptic,resource_counterfactual,tight_review_budget,feature_mlp;gcn;graphsage,coregraph,7,profile_declared,tight_review_budget,hierarchical,none,none,none,NOT_APPLICABLE,NOT_APPLICABLE,CPU_COUNTERFACTUAL_THEN_T4_PROFILE,UNKNOWN_UNTIL_PILOT,BLOCKED_RESOURCE_UNMEASURED,resource_record+counterfactual_manifest,SAVED_OUTPUT_PILOT;RESOURCE_PROFILER,FULL_MUST_RUN,L4-H5
run-7a75325e3bdc29b5ae1a24b6,elliptic,resource_counterfactual,tight_review_budget,feature_mlp;gcn;graphsage,resource_aware_heuristic,7,profile_declared,tight_review_budget,heuristic,none,none,none,NOT_APPLICABLE,NOT_APPLICABLE,CPU_COUNTERFACTUAL_THEN_T4_PROFILE,UNKNOWN_UNTIL_PILOT,BLOCKED_RESOURCE_UNMEASURED,resource_record+counterfactual_manifest,SAVED_OUTPUT_PILOT;RESOURCE_PROFILER,FULL_MUST_RUN,L4-H5
run-b0da9dea2fbc8484307091e8,elliptic,resource_counterfactual,tight_review_budget,feature_mlp;gcn;graphsage,cheapest_feasible_expert,7,profile_declared,tight_review_budget,heuristic,none,none,none,NOT_APPLICABLE,NOT_APPLICABLE,CPU_COUNTERFACTUAL_THEN_T4_PROFILE,UNKNOWN_UNTIL_PILOT,BLOCKED_RESOURCE_UNMEASURED,resource_record+counterfactual_manifest,SAVED_OUTPUT_PILOT;RESOURCE_PROFILER,FULL_MUST_RUN,L4-H5
run-5b76dbe2e91249539e53b23a,elliptic,resource_counterfactual,tight_review_budget,feature_mlp;gcn;graphsage,coregraph,8,profile_declared,tight_review_budget,hierarchical,none,none,none,NOT_APPLICABLE,NOT_APPLICABLE,CPU_COUNTERFACTUAL_THEN_T4_PROFILE,UNKNOWN_UNTIL_PILOT,BLOCKED_RESOURCE_UNMEASURED,resource_record+counterfactual_manifest,SAVED_OUTPUT_PILOT;RESOURCE_PROFILER,FULL_MUST_RUN,L4-H5
run-f1904db327c837f102dd2d80,elliptic,resource_counterfactual,tight_review_budget,feature_mlp;gcn;graphsage,resource_aware_heuristic,8,profile_declared,tight_review_budget,heuristic,none,none,none,NOT_APPLICABLE,NOT_APPLICABLE,CPU_COUNTERFACTUAL_THEN_T4_PROFILE,UNKNOWN_UNTIL_PILOT,BLOCKED_RESOURCE_UNMEASURED,resource_record+counterfactual_manifest,SAVED_OUTPUT_PILOT;RESOURCE_PROFILER,FULL_MUST_RUN,L4-H5
run-45066cbcf886f7fc0277b593,elliptic,resource_counterfactual,tight_review_budget,feature_mlp;gcn;graphsage,cheapest_feasible_expert,8,profile_declared,tight_review_budget,heuristic,none,none,none,NOT_APPLICABLE,NOT_APPLICABLE,CPU_COUNTERFACTUAL_THEN_T4_PROFILE,UNKNOWN_UNTIL_PILOT,BLOCKED_RESOURCE_UNMEASURED,resource_record+counterfactual_manifest,SAVED_OUTPUT_PILOT;RESOURCE_PROFILER,FULL_MUST_RUN,L4-H5
run-f4528c3191692e998a177d32,elliptic,resource_counterfactual,tight_review_budget,feature_mlp;gcn;graphsage,coregraph,9,profile_declared,tight_review_budget,hierarchical,none,none,none,NOT_APPLICABLE,NOT_APPLICABLE,CPU_COUNTERFACTUAL_THEN_T4_PROFILE,UNKNOWN_UNTIL_PILOT,BLOCKED_RESOURCE_UNMEASURED,resource_record+counterfactual_manifest,SAVED_OUTPUT_PILOT;RESOURCE_PROFILER,FULL_MUST_RUN,L4-H5
run-486f74a4452a8aa9e66eec04,elliptic,resource_counterfactual,tight_review_budget,feature_mlp;gcn;graphsage,resource_aware_heuristic,9,profile_declared,tight_review_budget,heuristic,none,none,none,NOT_APPLICABLE,NOT_APPLICABLE,CPU_COUNTERFACTUAL_THEN_T4_PROFILE,UNKNOWN_UNTIL_PILOT,BLOCKED_RESOURCE_UNMEASURED,resource_record+counterfactual_manifest,SAVED_OUTPUT_PILOT;RESOURCE_PROFILER,FULL_MUST_RUN,L4-H5
run-d12448998f99a1672d135800,elliptic,resource_counterfactual,tight_review_budget,feature_mlp;gcn;graphsage,cheapest_feasible_expert,9,profile_declared,tight_review_budget,heuristic,none,none,none,NOT_APPLICABLE,NOT_APPLICABLE,CPU_COUNTERFACTUAL_THEN_T4_PROFILE,UNKNOWN_UNTIL_PILOT,BLOCKED_RESOURCE_UNMEASURED,resource_record+counterfactual_manifest,SAVED_OUTPUT_PILOT;RESOURCE_PROFILER,FULL_MUST_RUN,L4-H5
run-a8d130a15d1d4171f24fe2a0,elliptic,resource_counterfactual,tight_review_budget,feature_mlp;gcn;graphsage,coregraph,10,profile_declared,tight_review_budget,hierarchical,none,none,none,NOT_APPLICABLE,NOT_APPLICABLE,CPU_COUNTERFACTUAL_THEN_T4_PROFILE,UNKNOWN_UNTIL_PILOT,BLOCKED_RESOURCE_UNMEASURED,resource_record+counterfactual_manifest,SAVED_OUTPUT_PILOT;RESOURCE_PROFILER,FULL_MUST_RUN,L4-H5
run-5e8b22ed26935225446d123e,elliptic,resource_counterfactual,tight_review_budget,feature_mlp;gcn;graphsage,resource_aware_heuristic,10,profile_declared,tight_review_budget,heuristic,none,none,none,NOT_APPLICABLE,NOT_APPLICABLE,CPU_COUNTERFACTUAL_THEN_T4_PROFILE,UNKNOWN_UNTIL_PILOT,BLOCKED_RESOURCE_UNMEASURED,resource_record+counterfactual_manifest,SAVED_OUTPUT_PILOT;RESOURCE_PROFILER,FULL_MUST_RUN,L4-H5
run-2d89677dfa54a9b035117860,elliptic,resource_counterfactual,tight_review_budget,feature_mlp;gcn;graphsage,cheapest_feasible_expert,10,profile_declared,tight_review_budget,heuristic,none,none,none,NOT_APPLICABLE,NOT_APPLICABLE,CPU_COUNTERFACTUAL_THEN_T4_PROFILE,UNKNOWN_UNTIL_PILOT,BLOCKED_RESOURCE_UNMEASURED,resource_record+counterfactual_manifest,SAVED_OUTPUT_PILOT;RESOURCE_PROFILER,FULL_MUST_RUN,L4-H5
run-de9dfb558caae5c8bf0aa85d,elliptic,resource_counterfactual,combined_graph_resource_shift,feature_mlp;gcn;graphsage,coregraph,1,profile_declared,combined_graph_resource_shift,hierarchical,none,none,none,NOT_APPLICABLE,NOT_APPLICABLE,CPU_COUNTERFACTUAL_THEN_T4_PROFILE,UNKNOWN_UNTIL_PILOT,BLOCKED_RESOURCE_UNMEASURED,resource_record+counterfactual_manifest,SAVED_OUTPUT_PILOT;RESOURCE_PROFILER,FULL_MUST_RUN,L4-H5
run-abd287d88659c71d1662abc0,elliptic,resource_counterfactual,combined_graph_resource_shift,feature_mlp;gcn;graphsage,resource_aware_heuristic,1,profile_declared,combined_graph_resource_shift,heuristic,none,none,none,NOT_APPLICABLE,NOT_APPLICABLE,CPU_COUNTERFACTUAL_THEN_T4_PROFILE,UNKNOWN_UNTIL_PILOT,BLOCKED_RESOURCE_UNMEASURED,resource_record+counterfactual_manifest,SAVED_OUTPUT_PILOT;RESOURCE_PROFILER,FULL_MUST_RUN,L4-H5
run-53c5a0bd2f72b8a746c17f21,elliptic,resource_counterfactual,combined_graph_resource_shift,feature_mlp;gcn;graphsage,cheapest_feasible_expert,1,profile_declared,combined_graph_resource_shift,heuristic,none,none,none,NOT_APPLICABLE,NOT_APPLICABLE,CPU_COUNTERFACTUAL_THEN_T4_PROFILE,UNKNOWN_UNTIL_PILOT,BLOCKED_RESOURCE_UNMEASURED,resource_record+counterfactual_manifest,SAVED_OUTPUT_PILOT;RESOURCE_PROFILER,FULL_MUST_RUN,L4-H5
run-58edb40f3bee6690aa39b61b,elliptic,resource_counterfactual,combined_graph_resource_shift,feature_mlp;gcn;graphsage,coregraph,2,profile_declared,combined_graph_resource_shift,hierarchical,none,none,none,NOT_APPLICABLE,NOT_APPLICABLE,CPU_COUNTERFACTUAL_THEN_T4_PROFILE,UNKNOWN_UNTIL_PILOT,BLOCKED_RESOURCE_UNMEASURED,resource_record+counterfactual_manifest,SAVED_OUTPUT_PILOT;RESOURCE_PROFILER,FULL_MUST_RUN,L4-H5
run-d6bb711a3d629551f58ee9a6,elliptic,resource_counterfactual,combined_graph_resource_shift,feature_mlp;gcn;graphsage,resource_aware_heuristic,2,profile_declared,combined_graph_resource_shift,heuristic,none,none,none,NOT_APPLICABLE,NOT_APPLICABLE,CPU_COUNTERFACTUAL_THEN_T4_PROFILE,UNKNOWN_UNTIL_PILOT,BLOCKED_RESOURCE_UNMEASURED,resource_record+counterfactual_manifest,SAVED_OUTPUT_PILOT;RESOURCE_PROFILER,FULL_MUST_RUN,L4-H5
run-9c68384b4f29dfaf0cf91af8,elliptic,resource_counterfactual,combined_graph_resource_shift,feature_mlp;gcn;graphsage,cheapest_feasible_expert,2,profile_declared,combined_graph_resource_shift,heuristic,none,none,none,NOT_APPLICABLE,NOT_APPLICABLE,CPU_COUNTERFACTUAL_THEN_T4_PROFILE,UNKNOWN_UNTIL_PILOT,BLOCKED_RESOURCE_UNMEASURED,resource_record+counterfactual_manifest,SAVED_OUTPUT_PILOT;RESOURCE_PROFILER,FULL_MUST_RUN,L4-H5
run-398624733984b8f82a2bb8a9,elliptic,resource_counterfactual,combined_graph_resource_shift,feature_mlp;gcn;graphsage,coregraph,3,profile_declared,combined_graph_resource_shift,hierarchical,none,none,none,NOT_APPLICABLE,NOT_APPLICABLE,CPU_COUNTERFACTUAL_THEN_T4_PROFILE,UNKNOWN_UNTIL_PILOT,BLOCKED_RESOURCE_UNMEASURED,resource_record+counterfactual_manifest,SAVED_OUTPUT_PILOT;RESOURCE_PROFILER,FULL_MUST_RUN,L4-H5
run-f30260691e23b8ae813e49ff,elliptic,resource_counterfactual,combined_graph_resource_shift,feature_mlp;gcn;graphsage,resource_aware_heuristic,3,profile_declared,combined_graph_resource_shift,heuristic,none,none,none,NOT_APPLICABLE,NOT_APPLICABLE,CPU_COUNTERFACTUAL_THEN_T4_PROFILE,UNKNOWN_UNTIL_PILOT,BLOCKED_RESOURCE_UNMEASURED,resource_record+counterfactual_manifest,SAVED_OUTPUT_PILOT;RESOURCE_PROFILER,FULL_MUST_RUN,L4-H5
run-62616db8261f1e6e46279efd,elliptic,resource_counterfactual,combined_graph_resource_shift,feature_mlp;gcn;graphsage,cheapest_feasible_expert,3,profile_declared,combined_graph_resource_shift,heuristic,none,none,none,NOT_APPLICABLE,NOT_APPLICABLE,CPU_COUNTERFACTUAL_THEN_T4_PROFILE,UNKNOWN_UNTIL_PILOT,BLOCKED_RESOURCE_UNMEASURED,resource_record+counterfactual_manifest,SAVED_OUTPUT_PILOT;RESOURCE_PROFILER,FULL_MUST_RUN,L4-H5
run-1eb4a5ee6fba2a5de5ef4d48,elliptic,resource_counterfactual,combined_graph_resource_shift,feature_mlp;gcn;graphsage,coregraph,4,profile_declared,combined_graph_resource_shift,hierarchical,none,none,none,NOT_APPLICABLE,NOT_APPLICABLE,CPU_COUNTERFACTUAL_THEN_T4_PROFILE,UNKNOWN_UNTIL_PILOT,BLOCKED_RESOURCE_UNMEASURED,resource_record+counterfactual_manifest,SAVED_OUTPUT_PILOT;RESOURCE_PROFILER,FULL_MUST_RUN,L4-H5
run-513db326df745c5fddb011e5,elliptic,resource_counterfactual,combined_graph_resource_shift,feature_mlp;gcn;graphsage,resource_aware_heuristic,4,profile_declared,combined_graph_resource_shift,heuristic,none,none,none,NOT_APPLICABLE,NOT_APPLICABLE,CPU_COUNTERFACTUAL_THEN_T4_PROFILE,UNKNOWN_UNTIL_PILOT,BLOCKED_RESOURCE_UNMEASURED,resource_record+counterfactual_manifest,SAVED_OUTPUT_PILOT;RESOURCE_PROFILER,FULL_MUST_RUN,L4-H5
run-2c082250be709d5f601a4d4b,elliptic,resource_counterfactual,combined_graph_resource_shift,feature_mlp;gcn;graphsage,cheapest_feasible_expert,4,profile_declared,combined_graph_resource_shift,heuristic,none,none,none,NOT_APPLICABLE,NOT_APPLICABLE,CPU_COUNTERFACTUAL_THEN_T4_PROFILE,UNKNOWN_UNTIL_PILOT,BLOCKED_RESOURCE_UNMEASURED,resource_record+counterfactual_manifest,SAVED_OUTPUT_PILOT;RESOURCE_PROFILER,FULL_MUST_RUN,L4-H5
run-9b3eef6c830f4b5ab6a3e604,elliptic,resource_counterfactual,combined_graph_resource_shift,feature_mlp;gcn;graphsage,coregraph,5,profile_declared,combined_graph_resource_shift,hierarchical,none,none,none,NOT_APPLICABLE,NOT_APPLICABLE,CPU_COUNTERFACTUAL_THEN_T4_PROFILE,UNKNOWN_UNTIL_PILOT,BLOCKED_RESOURCE_UNMEASURED,resource_record+counterfactual_manifest,SAVED_OUTPUT_PILOT;RESOURCE_PROFILER,FULL_MUST_RUN,L4-H5
run-ed393b2b8f3a5b73d5a10e86,elliptic,resource_counterfactual,combined_graph_resource_shift,feature_mlp;gcn;graphsage,resource_aware_heuristic,5,profile_declared,combined_graph_resource_shift,heuristic,none,none,none,NOT_APPLICABLE,NOT_APPLICABLE,CPU_COUNTERFACTUAL_THEN_T4_PROFILE,UNKNOWN_UNTIL_PILOT,BLOCKED_RESOURCE_UNMEASURED,resource_record+counterfactual_manifest,SAVED_OUTPUT_PILOT;RESOURCE_PROFILER,FULL_MUST_RUN,L4-H5
run-971e7a2848bbbbef1bdccbb2,elliptic,resource_counterfactual,combined_graph_resource_shift,feature_mlp;gcn;graphsage,cheapest_feasible_expert,5,profile_declared,combined_graph_resource_shift,heuristic,none,none,none,NOT_APPLICABLE,NOT_APPLICABLE,CPU_COUNTERFACTUAL_THEN_T4_PROFILE,UNKNOWN_UNTIL_PILOT,BLOCKED_RESOURCE_UNMEASURED,resource_record+counterfactual_manifest,SAVED_OUTPUT_PILOT;RESOURCE_PROFILER,FULL_MUST_RUN,L4-H5
run-fcb2e7cd62aa8533b489b816,elliptic,resource_counterfactual,combined_graph_resource_shift,feature_mlp;gcn;graphsage,coregraph,6,profile_declared,combined_graph_resource_shift,hierarchical,none,none,none,NOT_APPLICABLE,NOT_APPLICABLE,CPU_COUNTERFACTUAL_THEN_T4_PROFILE,UNKNOWN_UNTIL_PILOT,BLOCKED_RESOURCE_UNMEASURED,resource_record+counterfactual_manifest,SAVED_OUTPUT_PILOT;RESOURCE_PROFILER,FULL_MUST_RUN,L4-H5
run-1eaf5458c367ba349a9834e7,elliptic,resource_counterfactual,combined_graph_resource_shift,feature_mlp;gcn;graphsage,resource_aware_heuristic,6,profile_declared,combined_graph_resource_shift,heuristic,none,none,none,NOT_APPLICABLE,NOT_APPLICABLE,CPU_COUNTERFACTUAL_THEN_T4_PROFILE,UNKNOWN_UNTIL_PILOT,BLOCKED_RESOURCE_UNMEASURED,resource_record+counterfactual_manifest,SAVED_OUTPUT_PILOT;RESOURCE_PROFILER,FULL_MUST_RUN,L4-H5
run-21b8a093c1825da9fc7c0b85,elliptic,resource_counterfactual,combined_graph_resource_shift,feature_mlp;gcn;graphsage,cheapest_feasible_expert,6,profile_declared,combined_graph_resource_shift,heuristic,none,none,none,NOT_APPLICABLE,NOT_APPLICABLE,CPU_COUNTERFACTUAL_THEN_T4_PROFILE,UNKNOWN_UNTIL_PILOT,BLOCKED_RESOURCE_UNMEASURED,resource_record+counterfactual_manifest,SAVED_OUTPUT_PILOT;RESOURCE_PROFILER,FULL_MUST_RUN,L4-H5
run-60f87c287b72f60090fa3eec,elliptic,resource_counterfactual,combined_graph_resource_shift,feature_mlp;gcn;graphsage,coregraph,7,profile_declared,combined_graph_resource_shift,hierarchical,none,none,none,NOT_APPLICABLE,NOT_APPLICABLE,CPU_COUNTERFACTUAL_THEN_T4_PROFILE,UNKNOWN_UNTIL_PILOT,BLOCKED_RESOURCE_UNMEASURED,resource_record+counterfactual_manifest,SAVED_OUTPUT_PILOT;RESOURCE_PROFILER,FULL_MUST_RUN,L4-H5
run-5c574e634d0dcb0cf778e249,elliptic,resource_counterfactual,combined_graph_resource_shift,feature_mlp;gcn;graphsage,resource_aware_heuristic,7,profile_declared,combined_graph_resource_shift,heuristic,none,none,none,NOT_APPLICABLE,NOT_APPLICABLE,CPU_COUNTERFACTUAL_THEN_T4_PROFILE,UNKNOWN_UNTIL_PILOT,BLOCKED_RESOURCE_UNMEASURED,resource_record+counterfactual_manifest,SAVED_OUTPUT_PILOT;RESOURCE_PROFILER,FULL_MUST_RUN,L4-H5
run-76b2a8303615f3813a6eed77,elliptic,resource_counterfactual,combined_graph_resource_shift,feature_mlp;gcn;graphsage,cheapest_feasible_expert,7,profile_declared,combined_graph_resource_shift,heuristic,none,none,none,NOT_APPLICABLE,NOT_APPLICABLE,CPU_COUNTERFACTUAL_THEN_T4_PROFILE,UNKNOWN_UNTIL_PILOT,BLOCKED_RESOURCE_UNMEASURED,resource_record+counterfactual_manifest,SAVED_OUTPUT_PILOT;RESOURCE_PROFILER,FULL_MUST_RUN,L4-H5
run-0ba54c2097820cbbf45f3c83,elliptic,resource_counterfactual,combined_graph_resource_shift,feature_mlp;gcn;graphsage,coregraph,8,profile_declared,combined_graph_resource_shift,hierarchical,none,none,none,NOT_APPLICABLE,NOT_APPLICABLE,CPU_COUNTERFACTUAL_THEN_T4_PROFILE,UNKNOWN_UNTIL_PILOT,BLOCKED_RESOURCE_UNMEASURED,resource_record+counterfactual_manifest,SAVED_OUTPUT_PILOT;RESOURCE_PROFILER,FULL_MUST_RUN,L4-H5
run-3d929503a3631cb5dd0655b6,elliptic,resource_counterfactual,combined_graph_resource_shift,feature_mlp;gcn;graphsage,resource_aware_heuristic,8,profile_declared,combined_graph_resource_shift,heuristic,none,none,none,NOT_APPLICABLE,NOT_APPLICABLE,CPU_COUNTERFACTUAL_THEN_T4_PROFILE,UNKNOWN_UNTIL_PILOT,BLOCKED_RESOURCE_UNMEASURED,resource_record+counterfactual_manifest,SAVED_OUTPUT_PILOT;RESOURCE_PROFILER,FULL_MUST_RUN,L4-H5
run-e1e1d760a10b5132be406f4a,elliptic,resource_counterfactual,combined_graph_resource_shift,feature_mlp;gcn;graphsage,cheapest_feasible_expert,8,profile_declared,combined_graph_resource_shift,heuristic,none,none,none,NOT_APPLICABLE,NOT_APPLICABLE,CPU_COUNTERFACTUAL_THEN_T4_PROFILE,UNKNOWN_UNTIL_PILOT,BLOCKED_RESOURCE_UNMEASURED,resource_record+counterfactual_manifest,SAVED_OUTPUT_PILOT;RESOURCE_PROFILER,FULL_MUST_RUN,L4-H5
run-8af16da19b52feac23a3f973,elliptic,resource_counterfactual,combined_graph_resource_shift,feature_mlp;gcn;graphsage,coregraph,9,profile_declared,combined_graph_resource_shift,hierarchical,none,none,none,NOT_APPLICABLE,NOT_APPLICABLE,CPU_COUNTERFACTUAL_THEN_T4_PROFILE,UNKNOWN_UNTIL_PILOT,BLOCKED_RESOURCE_UNMEASURED,resource_record+counterfactual_manifest,SAVED_OUTPUT_PILOT;RESOURCE_PROFILER,FULL_MUST_RUN,L4-H5
run-5bc682bc6acf0a1c1cb08aec,elliptic,resource_counterfactual,combined_graph_resource_shift,feature_mlp;gcn;graphsage,resource_aware_heuristic,9,profile_declared,combined_graph_resource_shift,heuristic,none,none,none,NOT_APPLICABLE,NOT_APPLICABLE,CPU_COUNTERFACTUAL_THEN_T4_PROFILE,UNKNOWN_UNTIL_PILOT,BLOCKED_RESOURCE_UNMEASURED,resource_record+counterfactual_manifest,SAVED_OUTPUT_PILOT;RESOURCE_PROFILER,FULL_MUST_RUN,L4-H5
run-56d561b147b22576fea751a9,elliptic,resource_counterfactual,combined_graph_resource_shift,feature_mlp;gcn;graphsage,cheapest_feasible_expert,9,profile_declared,combined_graph_resource_shift,heuristic,none,none,none,NOT_APPLICABLE,NOT_APPLICABLE,CPU_COUNTERFACTUAL_THEN_T4_PROFILE,UNKNOWN_UNTIL_PILOT,BLOCKED_RESOURCE_UNMEASURED,resource_record+counterfactual_manifest,SAVED_OUTPUT_PILOT;RESOURCE_PROFILER,FULL_MUST_RUN,L4-H5
run-d4856721a2ed178c95657117,elliptic,resource_counterfactual,combined_graph_resource_shift,feature_mlp;gcn;graphsage,coregraph,10,profile_declared,combined_graph_resource_shift,hierarchical,none,none,none,NOT_APPLICABLE,NOT_APPLICABLE,CPU_COUNTERFACTUAL_THEN_T4_PROFILE,UNKNOWN_UNTIL_PILOT,BLOCKED_RESOURCE_UNMEASURED,resource_record+counterfactual_manifest,SAVED_OUTPUT_PILOT;RESOURCE_PROFILER,FULL_MUST_RUN,L4-H5
run-7c2629edf7d5fdf60cb2e476,elliptic,resource_counterfactual,combined_graph_resource_shift,feature_mlp;gcn;graphsage,resource_aware_heuristic,10,profile_declared,combined_graph_resource_shift,heuristic,none,none,none,NOT_APPLICABLE,NOT_APPLICABLE,CPU_COUNTERFACTUAL_THEN_T4_PROFILE,UNKNOWN_UNTIL_PILOT,BLOCKED_RESOURCE_UNMEASURED,resource_record+counterfactual_manifest,SAVED_OUTPUT_PILOT;RESOURCE_PROFILER,FULL_MUST_RUN,L4-H5
run-482c9bdec803d88ca41ce342,elliptic,resource_counterfactual,combined_graph_resource_shift,feature_mlp;gcn;graphsage,cheapest_feasible_expert,10,profile_declared,combined_graph_resource_shift,heuristic,none,none,none,NOT_APPLICABLE,NOT_APPLICABLE,CPU_COUNTERFACTUAL_THEN_T4_PROFILE,UNKNOWN_UNTIL_PILOT,BLOCKED_RESOURCE_UNMEASURED,resource_record+counterfactual_manifest,SAVED_OUTPUT_PILOT;RESOURCE_PROFILER,FULL_MUST_RUN,L4-H5
run-c979eb7370ed2d8c9cdf29bc,elliptic,resource_counterfactual,dynamic_availability_change,feature_mlp;gcn;graphsage,coregraph,1,profile_declared,dynamic_availability_change,hierarchical,none,none,none,NOT_APPLICABLE,NOT_APPLICABLE,CPU_COUNTERFACTUAL_THEN_T4_PROFILE,UNKNOWN_UNTIL_PILOT,BLOCKED_RESOURCE_UNMEASURED,resource_record+counterfactual_manifest,SAVED_OUTPUT_PILOT;RESOURCE_PROFILER,FULL_MUST_RUN,L4-H5
run-14b339f730d7eed68aac8bd6,elliptic,resource_counterfactual,dynamic_availability_change,feature_mlp;gcn;graphsage,resource_aware_heuristic,1,profile_declared,dynamic_availability_change,heuristic,none,none,none,NOT_APPLICABLE,NOT_APPLICABLE,CPU_COUNTERFACTUAL_THEN_T4_PROFILE,UNKNOWN_UNTIL_PILOT,BLOCKED_RESOURCE_UNMEASURED,resource_record+counterfactual_manifest,SAVED_OUTPUT_PILOT;RESOURCE_PROFILER,FULL_MUST_RUN,L4-H5
run-eb9c982d871bdec3143a3110,elliptic,resource_counterfactual,dynamic_availability_change,feature_mlp;gcn;graphsage,cheapest_feasible_expert,1,profile_declared,dynamic_availability_change,heuristic,none,none,none,NOT_APPLICABLE,NOT_APPLICABLE,CPU_COUNTERFACTUAL_THEN_T4_PROFILE,UNKNOWN_UNTIL_PILOT,BLOCKED_RESOURCE_UNMEASURED,resource_record+counterfactual_manifest,SAVED_OUTPUT_PILOT;RESOURCE_PROFILER,FULL_MUST_RUN,L4-H5
run-3bf3de071c713c4699776117,elliptic,resource_counterfactual,dynamic_availability_change,feature_mlp;gcn;graphsage,coregraph,2,profile_declared,dynamic_availability_change,hierarchical,none,none,none,NOT_APPLICABLE,NOT_APPLICABLE,CPU_COUNTERFACTUAL_THEN_T4_PROFILE,UNKNOWN_UNTIL_PILOT,BLOCKED_RESOURCE_UNMEASURED,resource_record+counterfactual_manifest,SAVED_OUTPUT_PILOT;RESOURCE_PROFILER,FULL_MUST_RUN,L4-H5
run-915601e00e0c38cc43e75430,elliptic,resource_counterfactual,dynamic_availability_change,feature_mlp;gcn;graphsage,resource_aware_heuristic,2,profile_declared,dynamic_availability_change,heuristic,none,none,none,NOT_APPLICABLE,NOT_APPLICABLE,CPU_COUNTERFACTUAL_THEN_T4_PROFILE,UNKNOWN_UNTIL_PILOT,BLOCKED_RESOURCE_UNMEASURED,resource_record+counterfactual_manifest,SAVED_OUTPUT_PILOT;RESOURCE_PROFILER,FULL_MUST_RUN,L4-H5
run-00a3d5a28e0dd21d84f7eda6,elliptic,resource_counterfactual,dynamic_availability_change,feature_mlp;gcn;graphsage,cheapest_feasible_expert,2,profile_declared,dynamic_availability_change,heuristic,none,none,none,NOT_APPLICABLE,NOT_APPLICABLE,CPU_COUNTERFACTUAL_THEN_T4_PROFILE,UNKNOWN_UNTIL_PILOT,BLOCKED_RESOURCE_UNMEASURED,resource_record+counterfactual_manifest,SAVED_OUTPUT_PILOT;RESOURCE_PROFILER,FULL_MUST_RUN,L4-H5
run-e9d20c159a547382c180aa4f,elliptic,resource_counterfactual,dynamic_availability_change,feature_mlp;gcn;graphsage,coregraph,3,profile_declared,dynamic_availability_change,hierarchical,none,none,none,NOT_APPLICABLE,NOT_APPLICABLE,CPU_COUNTERFACTUAL_THEN_T4_PROFILE,UNKNOWN_UNTIL_PILOT,BLOCKED_RESOURCE_UNMEASURED,resource_record+counterfactual_manifest,SAVED_OUTPUT_PILOT;RESOURCE_PROFILER,FULL_MUST_RUN,L4-H5
run-107f7535ae13ce51cbed3cf9,elliptic,resource_counterfactual,dynamic_availability_change,feature_mlp;gcn;graphsage,resource_aware_heuristic,3,profile_declared,dynamic_availability_change,heuristic,none,none,none,NOT_APPLICABLE,NOT_APPLICABLE,CPU_COUNTERFACTUAL_THEN_T4_PROFILE,UNKNOWN_UNTIL_PILOT,BLOCKED_RESOURCE_UNMEASURED,resource_record+counterfactual_manifest,SAVED_OUTPUT_PILOT;RESOURCE_PROFILER,FULL_MUST_RUN,L4-H5
run-cccba38919b2c54088456f00,elliptic,resource_counterfactual,dynamic_availability_change,feature_mlp;gcn;graphsage,cheapest_feasible_expert,3,profile_declared,dynamic_availability_change,heuristic,none,none,none,NOT_APPLICABLE,NOT_APPLICABLE,CPU_COUNTERFACTUAL_THEN_T4_PROFILE,UNKNOWN_UNTIL_PILOT,BLOCKED_RESOURCE_UNMEASURED,resource_record+counterfactual_manifest,SAVED_OUTPUT_PILOT;RESOURCE_PROFILER,FULL_MUST_RUN,L4-H5
run-c5e3c1fa978b922c9dc24ab6,elliptic,resource_counterfactual,dynamic_availability_change,feature_mlp;gcn;graphsage,coregraph,4,profile_declared,dynamic_availability_change,hierarchical,none,none,none,NOT_APPLICABLE,NOT_APPLICABLE,CPU_COUNTERFACTUAL_THEN_T4_PROFILE,UNKNOWN_UNTIL_PILOT,BLOCKED_RESOURCE_UNMEASURED,resource_record+counterfactual_manifest,SAVED_OUTPUT_PILOT;RESOURCE_PROFILER,FULL_MUST_RUN,L4-H5
run-5165f5fcc425e461b3f71d4a,elliptic,resource_counterfactual,dynamic_availability_change,feature_mlp;gcn;graphsage,resource_aware_heuristic,4,profile_declared,dynamic_availability_change,heuristic,none,none,none,NOT_APPLICABLE,NOT_APPLICABLE,CPU_COUNTERFACTUAL_THEN_T4_PROFILE,UNKNOWN_UNTIL_PILOT,BLOCKED_RESOURCE_UNMEASURED,resource_record+counterfactual_manifest,SAVED_OUTPUT_PILOT;RESOURCE_PROFILER,FULL_MUST_RUN,L4-H5
run-5db613826fcd8abdae187ba5,elliptic,resource_counterfactual,dynamic_availability_change,feature_mlp;gcn;graphsage,cheapest_feasible_expert,4,profile_declared,dynamic_availability_change,heuristic,none,none,none,NOT_APPLICABLE,NOT_APPLICABLE,CPU_COUNTERFACTUAL_THEN_T4_PROFILE,UNKNOWN_UNTIL_PILOT,BLOCKED_RESOURCE_UNMEASURED,resource_record+counterfactual_manifest,SAVED_OUTPUT_PILOT;RESOURCE_PROFILER,FULL_MUST_RUN,L4-H5
run-ebefcb4abd68cdc4e3e44f4f,elliptic,resource_counterfactual,dynamic_availability_change,feature_mlp;gcn;graphsage,coregraph,5,profile_declared,dynamic_availability_change,hierarchical,none,none,none,NOT_APPLICABLE,NOT_APPLICABLE,CPU_COUNTERFACTUAL_THEN_T4_PROFILE,UNKNOWN_UNTIL_PILOT,BLOCKED_RESOURCE_UNMEASURED,resource_record+counterfactual_manifest,SAVED_OUTPUT_PILOT;RESOURCE_PROFILER,FULL_MUST_RUN,L4-H5
run-71b38d423529c495993697db,elliptic,resource_counterfactual,dynamic_availability_change,feature_mlp;gcn;graphsage,resource_aware_heuristic,5,profile_declared,dynamic_availability_change,heuristic,none,none,none,NOT_APPLICABLE,NOT_APPLICABLE,CPU_COUNTERFACTUAL_THEN_T4_PROFILE,UNKNOWN_UNTIL_PILOT,BLOCKED_RESOURCE_UNMEASURED,resource_record+counterfactual_manifest,SAVED_OUTPUT_PILOT;RESOURCE_PROFILER,FULL_MUST_RUN,L4-H5
run-287f0b498c4f5899ab05a974,elliptic,resource_counterfactual,dynamic_availability_change,feature_mlp;gcn;graphsage,cheapest_feasible_expert,5,profile_declared,dynamic_availability_change,heuristic,none,none,none,NOT_APPLICABLE,NOT_APPLICABLE,CPU_COUNTERFACTUAL_THEN_T4_PROFILE,UNKNOWN_UNTIL_PILOT,BLOCKED_RESOURCE_UNMEASURED,resource_record+counterfactual_manifest,SAVED_OUTPUT_PILOT;RESOURCE_PROFILER,FULL_MUST_RUN,L4-H5
run-fbb84e66c6288f046a46a7f5,elliptic,resource_counterfactual,dynamic_availability_change,feature_mlp;gcn;graphsage,coregraph,6,profile_declared,dynamic_availability_change,hierarchical,none,none,none,NOT_APPLICABLE,NOT_APPLICABLE,CPU_COUNTERFACTUAL_THEN_T4_PROFILE,UNKNOWN_UNTIL_PILOT,BLOCKED_RESOURCE_UNMEASURED,resource_record+counterfactual_manifest,SAVED_OUTPUT_PILOT;RESOURCE_PROFILER,FULL_MUST_RUN,L4-H5
run-4c6cf54a4a79ca4528d57fd6,elliptic,resource_counterfactual,dynamic_availability_change,feature_mlp;gcn;graphsage,resource_aware_heuristic,6,profile_declared,dynamic_availability_change,heuristic,none,none,none,NOT_APPLICABLE,NOT_APPLICABLE,CPU_COUNTERFACTUAL_THEN_T4_PROFILE,UNKNOWN_UNTIL_PILOT,BLOCKED_RESOURCE_UNMEASURED,resource_record+counterfactual_manifest,SAVED_OUTPUT_PILOT;RESOURCE_PROFILER,FULL_MUST_RUN,L4-H5
run-0cd53d28acddb0479e447897,elliptic,resource_counterfactual,dynamic_availability_change,feature_mlp;gcn;graphsage,cheapest_feasible_expert,6,profile_declared,dynamic_availability_change,heuristic,none,none,none,NOT_APPLICABLE,NOT_APPLICABLE,CPU_COUNTERFACTUAL_THEN_T4_PROFILE,UNKNOWN_UNTIL_PILOT,BLOCKED_RESOURCE_UNMEASURED,resource_record+counterfactual_manifest,SAVED_OUTPUT_PILOT;RESOURCE_PROFILER,FULL_MUST_RUN,L4-H5
run-b4862982427f11cf5160e64b,elliptic,resource_counterfactual,dynamic_availability_change,feature_mlp;gcn;graphsage,coregraph,7,profile_declared,dynamic_availability_change,hierarchical,none,none,none,NOT_APPLICABLE,NOT_APPLICABLE,CPU_COUNTERFACTUAL_THEN_T4_PROFILE,UNKNOWN_UNTIL_PILOT,BLOCKED_RESOURCE_UNMEASURED,resource_record+counterfactual_manifest,SAVED_OUTPUT_PILOT;RESOURCE_PROFILER,FULL_MUST_RUN,L4-H5
run-b11af3ce2de977cdb060d85f,elliptic,resource_counterfactual,dynamic_availability_change,feature_mlp;gcn;graphsage,resource_aware_heuristic,7,profile_declared,dynamic_availability_change,heuristic,none,none,none,NOT_APPLICABLE,NOT_APPLICABLE,CPU_COUNTERFACTUAL_THEN_T4_PROFILE,UNKNOWN_UNTIL_PILOT,BLOCKED_RESOURCE_UNMEASURED,resource_record+counterfactual_manifest,SAVED_OUTPUT_PILOT;RESOURCE_PROFILER,FULL_MUST_RUN,L4-H5
run-07bcfc47db9bd8c3dfba36c7,elliptic,resource_counterfactual,dynamic_availability_change,feature_mlp;gcn;graphsage,cheapest_feasible_expert,7,profile_declared,dynamic_availability_change,heuristic,none,none,none,NOT_APPLICABLE,NOT_APPLICABLE,CPU_COUNTERFACTUAL_THEN_T4_PROFILE,UNKNOWN_UNTIL_PILOT,BLOCKED_RESOURCE_UNMEASURED,resource_record+counterfactual_manifest,SAVED_OUTPUT_PILOT;RESOURCE_PROFILER,FULL_MUST_RUN,L4-H5
run-a61a9903548f2b19b5380e85,elliptic,resource_counterfactual,dynamic_availability_change,feature_mlp;gcn;graphsage,coregraph,8,profile_declared,dynamic_availability_change,hierarchical,none,none,none,NOT_APPLICABLE,NOT_APPLICABLE,CPU_COUNTERFACTUAL_THEN_T4_PROFILE,UNKNOWN_UNTIL_PILOT,BLOCKED_RESOURCE_UNMEASURED,resource_record+counterfactual_manifest,SAVED_OUTPUT_PILOT;RESOURCE_PROFILER,FULL_MUST_RUN,L4-H5
run-8e7fce32b0a826286f6298aa,elliptic,resource_counterfactual,dynamic_availability_change,feature_mlp;gcn;graphsage,resource_aware_heuristic,8,profile_declared,dynamic_availability_change,heuristic,none,none,none,NOT_APPLICABLE,NOT_APPLICABLE,CPU_COUNTERFACTUAL_THEN_T4_PROFILE,UNKNOWN_UNTIL_PILOT,BLOCKED_RESOURCE_UNMEASURED,resource_record+counterfactual_manifest,SAVED_OUTPUT_PILOT;RESOURCE_PROFILER,FULL_MUST_RUN,L4-H5
run-95a4939036626ca3df0d7546,elliptic,resource_counterfactual,dynamic_availability_change,feature_mlp;gcn;graphsage,cheapest_feasible_expert,8,profile_declared,dynamic_availability_change,heuristic,none,none,none,NOT_APPLICABLE,NOT_APPLICABLE,CPU_COUNTERFACTUAL_THEN_T4_PROFILE,UNKNOWN_UNTIL_PILOT,BLOCKED_RESOURCE_UNMEASURED,resource_record+counterfactual_manifest,SAVED_OUTPUT_PILOT;RESOURCE_PROFILER,FULL_MUST_RUN,L4-H5
run-9214169f902fe183b913a196,elliptic,resource_counterfactual,dynamic_availability_change,feature_mlp;gcn;graphsage,coregraph,9,profile_declared,dynamic_availability_change,hierarchical,none,none,none,NOT_APPLICABLE,NOT_APPLICABLE,CPU_COUNTERFACTUAL_THEN_T4_PROFILE,UNKNOWN_UNTIL_PILOT,BLOCKED_RESOURCE_UNMEASURED,resource_record+counterfactual_manifest,SAVED_OUTPUT_PILOT;RESOURCE_PROFILER,FULL_MUST_RUN,L4-H5
run-dd14f32e2944748a17750b46,elliptic,resource_counterfactual,dynamic_availability_change,feature_mlp;gcn;graphsage,resource_aware_heuristic,9,profile_declared,dynamic_availability_change,heuristic,none,none,none,NOT_APPLICABLE,NOT_APPLICABLE,CPU_COUNTERFACTUAL_THEN_T4_PROFILE,UNKNOWN_UNTIL_PILOT,BLOCKED_RESOURCE_UNMEASURED,resource_record+counterfactual_manifest,SAVED_OUTPUT_PILOT;RESOURCE_PROFILER,FULL_MUST_RUN,L4-H5
run-363896d93289bda0e1dd3e97,elliptic,resource_counterfactual,dynamic_availability_change,feature_mlp;gcn;graphsage,cheapest_feasible_expert,9,profile_declared,dynamic_availability_change,heuristic,none,none,none,NOT_APPLICABLE,NOT_APPLICABLE,CPU_COUNTERFACTUAL_THEN_T4_PROFILE,UNKNOWN_UNTIL_PILOT,BLOCKED_RESOURCE_UNMEASURED,resource_record+counterfactual_manifest,SAVED_OUTPUT_PILOT;RESOURCE_PROFILER,FULL_MUST_RUN,L4-H5
run-b1295bf9518581a74ee25880,elliptic,resource_counterfactual,dynamic_availability_change,feature_mlp;gcn;graphsage,coregraph,10,profile_declared,dynamic_availability_change,hierarchical,none,none,none,NOT_APPLICABLE,NOT_APPLICABLE,CPU_COUNTERFACTUAL_THEN_T4_PROFILE,UNKNOWN_UNTIL_PILOT,BLOCKED_RESOURCE_UNMEASURED,resource_record+counterfactual_manifest,SAVED_OUTPUT_PILOT;RESOURCE_PROFILER,FULL_MUST_RUN,L4-H5
run-3d56fa3a4b1bed73b14cbe1b,elliptic,resource_counterfactual,dynamic_availability_change,feature_mlp;gcn;graphsage,resource_aware_heuristic,10,profile_declared,dynamic_availability_change,heuristic,none,none,none,NOT_APPLICABLE,NOT_APPLICABLE,CPU_COUNTERFACTUAL_THEN_T4_PROFILE,UNKNOWN_UNTIL_PILOT,BLOCKED_RESOURCE_UNMEASURED,resource_record+counterfactual_manifest,SAVED_OUTPUT_PILOT;RESOURCE_PROFILER,FULL_MUST_RUN,L4-H5
run-e34f705f3ec507de496855ee,elliptic,resource_counterfactual,dynamic_availability_change,feature_mlp;gcn;graphsage,cheapest_feasible_expert,10,profile_declared,dynamic_availability_change,heuristic,none,none,none,NOT_APPLICABLE,NOT_APPLICABLE,CPU_COUNTERFACTUAL_THEN_T4_PROFILE,UNKNOWN_UNTIL_PILOT,BLOCKED_RESOURCE_UNMEASURED,resource_record+counterfactual_manifest,SAVED_OUTPUT_PILOT;RESOURCE_PROFILER,FULL_MUST_RUN,L4-H5
run-97fd9e3c1627a35dd6875553,dgraphfin,resource_counterfactual,all_experts_available,feature_mlp;gcn;graphsage,coregraph,1,profile_declared,all_experts_available,hierarchical,none,none,none,NOT_APPLICABLE,NOT_APPLICABLE,CPU_COUNTERFACTUAL_THEN_T4_PROFILE,UNKNOWN_UNTIL_PILOT,BLOCKED_RESOURCE_UNMEASURED,resource_record+counterfactual_manifest,SAVED_OUTPUT_PILOT;RESOURCE_PROFILER,FULL_MUST_RUN,L4-H5
run-e68c5cc3ebb1c7d9e65038b3,dgraphfin,resource_counterfactual,all_experts_available,feature_mlp;gcn;graphsage,resource_aware_heuristic,1,profile_declared,all_experts_available,heuristic,none,none,none,NOT_APPLICABLE,NOT_APPLICABLE,CPU_COUNTERFACTUAL_THEN_T4_PROFILE,UNKNOWN_UNTIL_PILOT,BLOCKED_RESOURCE_UNMEASURED,resource_record+counterfactual_manifest,SAVED_OUTPUT_PILOT;RESOURCE_PROFILER,FULL_MUST_RUN,L4-H5
run-b62c098255933efa704eb1fb,dgraphfin,resource_counterfactual,all_experts_available,feature_mlp;gcn;graphsage,cheapest_feasible_expert,1,profile_declared,all_experts_available,heuristic,none,none,none,NOT_APPLICABLE,NOT_APPLICABLE,CPU_COUNTERFACTUAL_THEN_T4_PROFILE,UNKNOWN_UNTIL_PILOT,BLOCKED_RESOURCE_UNMEASURED,resource_record+counterfactual_manifest,SAVED_OUTPUT_PILOT;RESOURCE_PROFILER,FULL_MUST_RUN,L4-H5
run-7551db292cece3f35bf0294a,dgraphfin,resource_counterfactual,all_experts_available,feature_mlp;gcn;graphsage,coregraph,2,profile_declared,all_experts_available,hierarchical,none,none,none,NOT_APPLICABLE,NOT_APPLICABLE,CPU_COUNTERFACTUAL_THEN_T4_PROFILE,UNKNOWN_UNTIL_PILOT,BLOCKED_RESOURCE_UNMEASURED,resource_record+counterfactual_manifest,SAVED_OUTPUT_PILOT;RESOURCE_PROFILER,FULL_MUST_RUN,L4-H5
run-b8c062e7fdaf8cef9815291e,dgraphfin,resource_counterfactual,all_experts_available,feature_mlp;gcn;graphsage,resource_aware_heuristic,2,profile_declared,all_experts_available,heuristic,none,none,none,NOT_APPLICABLE,NOT_APPLICABLE,CPU_COUNTERFACTUAL_THEN_T4_PROFILE,UNKNOWN_UNTIL_PILOT,BLOCKED_RESOURCE_UNMEASURED,resource_record+counterfactual_manifest,SAVED_OUTPUT_PILOT;RESOURCE_PROFILER,FULL_MUST_RUN,L4-H5
run-21d71a562f548ae826757634,dgraphfin,resource_counterfactual,all_experts_available,feature_mlp;gcn;graphsage,cheapest_feasible_expert,2,profile_declared,all_experts_available,heuristic,none,none,none,NOT_APPLICABLE,NOT_APPLICABLE,CPU_COUNTERFACTUAL_THEN_T4_PROFILE,UNKNOWN_UNTIL_PILOT,BLOCKED_RESOURCE_UNMEASURED,resource_record+counterfactual_manifest,SAVED_OUTPUT_PILOT;RESOURCE_PROFILER,FULL_MUST_RUN,L4-H5
run-f7ba3aa5169c23f8902e0236,dgraphfin,resource_counterfactual,all_experts_available,feature_mlp;gcn;graphsage,coregraph,3,profile_declared,all_experts_available,hierarchical,none,none,none,NOT_APPLICABLE,NOT_APPLICABLE,CPU_COUNTERFACTUAL_THEN_T4_PROFILE,UNKNOWN_UNTIL_PILOT,BLOCKED_RESOURCE_UNMEASURED,resource_record+counterfactual_manifest,SAVED_OUTPUT_PILOT;RESOURCE_PROFILER,FULL_MUST_RUN,L4-H5
run-2002ae039f9cf4657e8f9fd8,dgraphfin,resource_counterfactual,all_experts_available,feature_mlp;gcn;graphsage,resource_aware_heuristic,3,profile_declared,all_experts_available,heuristic,none,none,none,NOT_APPLICABLE,NOT_APPLICABLE,CPU_COUNTERFACTUAL_THEN_T4_PROFILE,UNKNOWN_UNTIL_PILOT,BLOCKED_RESOURCE_UNMEASURED,resource_record+counterfactual_manifest,SAVED_OUTPUT_PILOT;RESOURCE_PROFILER,FULL_MUST_RUN,L4-H5
run-13a3d61971a1a29885cf61e4,dgraphfin,resource_counterfactual,all_experts_available,feature_mlp;gcn;graphsage,cheapest_feasible_expert,3,profile_declared,all_experts_available,heuristic,none,none,none,NOT_APPLICABLE,NOT_APPLICABLE,CPU_COUNTERFACTUAL_THEN_T4_PROFILE,UNKNOWN_UNTIL_PILOT,BLOCKED_RESOURCE_UNMEASURED,resource_record+counterfactual_manifest,SAVED_OUTPUT_PILOT;RESOURCE_PROFILER,FULL_MUST_RUN,L4-H5
run-32b7113967d68c60afe0220d,dgraphfin,resource_counterfactual,all_experts_available,feature_mlp;gcn;graphsage,coregraph,4,profile_declared,all_experts_available,hierarchical,none,none,none,NOT_APPLICABLE,NOT_APPLICABLE,CPU_COUNTERFACTUAL_THEN_T4_PROFILE,UNKNOWN_UNTIL_PILOT,BLOCKED_RESOURCE_UNMEASURED,resource_record+counterfactual_manifest,SAVED_OUTPUT_PILOT;RESOURCE_PROFILER,FULL_MUST_RUN,L4-H5
run-84458af88b9c2c80c2d836c1,dgraphfin,resource_counterfactual,all_experts_available,feature_mlp;gcn;graphsage,resource_aware_heuristic,4,profile_declared,all_experts_available,heuristic,none,none,none,NOT_APPLICABLE,NOT_APPLICABLE,CPU_COUNTERFACTUAL_THEN_T4_PROFILE,UNKNOWN_UNTIL_PILOT,BLOCKED_RESOURCE_UNMEASURED,resource_record+counterfactual_manifest,SAVED_OUTPUT_PILOT;RESOURCE_PROFILER,FULL_MUST_RUN,L4-H5
run-dfd9c64d9a3faed27146d8cc,dgraphfin,resource_counterfactual,all_experts_available,feature_mlp;gcn;graphsage,cheapest_feasible_expert,4,profile_declared,all_experts_available,heuristic,none,none,none,NOT_APPLICABLE,NOT_APPLICABLE,CPU_COUNTERFACTUAL_THEN_T4_PROFILE,UNKNOWN_UNTIL_PILOT,BLOCKED_RESOURCE_UNMEASURED,resource_record+counterfactual_manifest,SAVED_OUTPUT_PILOT;RESOURCE_PROFILER,FULL_MUST_RUN,L4-H5
run-654633e4a5e3f1966cc61d90,dgraphfin,resource_counterfactual,all_experts_available,feature_mlp;gcn;graphsage,coregraph,5,profile_declared,all_experts_available,hierarchical,none,none,none,NOT_APPLICABLE,NOT_APPLICABLE,CPU_COUNTERFACTUAL_THEN_T4_PROFILE,UNKNOWN_UNTIL_PILOT,BLOCKED_RESOURCE_UNMEASURED,resource_record+counterfactual_manifest,SAVED_OUTPUT_PILOT;RESOURCE_PROFILER,FULL_MUST_RUN,L4-H5
run-9043bc4e3d3fae62af3314e3,dgraphfin,resource_counterfactual,all_experts_available,feature_mlp;gcn;graphsage,resource_aware_heuristic,5,profile_declared,all_experts_available,heuristic,none,none,none,NOT_APPLICABLE,NOT_APPLICABLE,CPU_COUNTERFACTUAL_THEN_T4_PROFILE,UNKNOWN_UNTIL_PILOT,BLOCKED_RESOURCE_UNMEASURED,resource_record+counterfactual_manifest,SAVED_OUTPUT_PILOT;RESOURCE_PROFILER,FULL_MUST_RUN,L4-H5
run-2899b1eac26fa07bb70d5c9f,dgraphfin,resource_counterfactual,all_experts_available,feature_mlp;gcn;graphsage,cheapest_feasible_expert,5,profile_declared,all_experts_available,heuristic,none,none,none,NOT_APPLICABLE,NOT_APPLICABLE,CPU_COUNTERFACTUAL_THEN_T4_PROFILE,UNKNOWN_UNTIL_PILOT,BLOCKED_RESOURCE_UNMEASURED,resource_record+counterfactual_manifest,SAVED_OUTPUT_PILOT;RESOURCE_PROFILER,FULL_MUST_RUN,L4-H5
run-99b3a9351b5a3b25baa3bdbf,dgraphfin,resource_counterfactual,all_experts_available,feature_mlp;gcn;graphsage,coregraph,6,profile_declared,all_experts_available,hierarchical,none,none,none,NOT_APPLICABLE,NOT_APPLICABLE,CPU_COUNTERFACTUAL_THEN_T4_PROFILE,UNKNOWN_UNTIL_PILOT,BLOCKED_RESOURCE_UNMEASURED,resource_record+counterfactual_manifest,SAVED_OUTPUT_PILOT;RESOURCE_PROFILER,FULL_MUST_RUN,L4-H5
run-0ec0603afa890ea4bdc586ad,dgraphfin,resource_counterfactual,all_experts_available,feature_mlp;gcn;graphsage,resource_aware_heuristic,6,profile_declared,all_experts_available,heuristic,none,none,none,NOT_APPLICABLE,NOT_APPLICABLE,CPU_COUNTERFACTUAL_THEN_T4_PROFILE,UNKNOWN_UNTIL_PILOT,BLOCKED_RESOURCE_UNMEASURED,resource_record+counterfactual_manifest,SAVED_OUTPUT_PILOT;RESOURCE_PROFILER,FULL_MUST_RUN,L4-H5
run-67552c92a35bdb651c9e413c,dgraphfin,resource_counterfactual,all_experts_available,feature_mlp;gcn;graphsage,cheapest_feasible_expert,6,profile_declared,all_experts_available,heuristic,none,none,none,NOT_APPLICABLE,NOT_APPLICABLE,CPU_COUNTERFACTUAL_THEN_T4_PROFILE,UNKNOWN_UNTIL_PILOT,BLOCKED_RESOURCE_UNMEASURED,resource_record+counterfactual_manifest,SAVED_OUTPUT_PILOT;RESOURCE_PROFILER,FULL_MUST_RUN,L4-H5
run-60b2b8e2d317479cf62ed634,dgraphfin,resource_counterfactual,all_experts_available,feature_mlp;gcn;graphsage,coregraph,7,profile_declared,all_experts_available,hierarchical,none,none,none,NOT_APPLICABLE,NOT_APPLICABLE,CPU_COUNTERFACTUAL_THEN_T4_PROFILE,UNKNOWN_UNTIL_PILOT,BLOCKED_RESOURCE_UNMEASURED,resource_record+counterfactual_manifest,SAVED_OUTPUT_PILOT;RESOURCE_PROFILER,FULL_MUST_RUN,L4-H5
run-2e955b5cb8caa3bccb1b800b,dgraphfin,resource_counterfactual,all_experts_available,feature_mlp;gcn;graphsage,resource_aware_heuristic,7,profile_declared,all_experts_available,heuristic,none,none,none,NOT_APPLICABLE,NOT_APPLICABLE,CPU_COUNTERFACTUAL_THEN_T4_PROFILE,UNKNOWN_UNTIL_PILOT,BLOCKED_RESOURCE_UNMEASURED,resource_record+counterfactual_manifest,SAVED_OUTPUT_PILOT;RESOURCE_PROFILER,FULL_MUST_RUN,L4-H5
run-76adf28b09312c5e5195eb62,dgraphfin,resource_counterfactual,all_experts_available,feature_mlp;gcn;graphsage,cheapest_feasible_expert,7,profile_declared,all_experts_available,heuristic,none,none,none,NOT_APPLICABLE,NOT_APPLICABLE,CPU_COUNTERFACTUAL_THEN_T4_PROFILE,UNKNOWN_UNTIL_PILOT,BLOCKED_RESOURCE_UNMEASURED,resource_record+counterfactual_manifest,SAVED_OUTPUT_PILOT;RESOURCE_PROFILER,FULL_MUST_RUN,L4-H5
run-c7d68b25512ee68be1146d4c,dgraphfin,resource_counterfactual,all_experts_available,feature_mlp;gcn;graphsage,coregraph,8,profile_declared,all_experts_available,hierarchical,none,none,none,NOT_APPLICABLE,NOT_APPLICABLE,CPU_COUNTERFACTUAL_THEN_T4_PROFILE,UNKNOWN_UNTIL_PILOT,BLOCKED_RESOURCE_UNMEASURED,resource_record+counterfactual_manifest,SAVED_OUTPUT_PILOT;RESOURCE_PROFILER,FULL_MUST_RUN,L4-H5
run-719031b6000da82e4201e1ac,dgraphfin,resource_counterfactual,all_experts_available,feature_mlp;gcn;graphsage,resource_aware_heuristic,8,profile_declared,all_experts_available,heuristic,none,none,none,NOT_APPLICABLE,NOT_APPLICABLE,CPU_COUNTERFACTUAL_THEN_T4_PROFILE,UNKNOWN_UNTIL_PILOT,BLOCKED_RESOURCE_UNMEASURED,resource_record+counterfactual_manifest,SAVED_OUTPUT_PILOT;RESOURCE_PROFILER,FULL_MUST_RUN,L4-H5
run-3ba32d14c37fe24ca27035e9,dgraphfin,resource_counterfactual,all_experts_available,feature_mlp;gcn;graphsage,cheapest_feasible_expert,8,profile_declared,all_experts_available,heuristic,none,none,none,NOT_APPLICABLE,NOT_APPLICABLE,CPU_COUNTERFACTUAL_THEN_T4_PROFILE,UNKNOWN_UNTIL_PILOT,BLOCKED_RESOURCE_UNMEASURED,resource_record+counterfactual_manifest,SAVED_OUTPUT_PILOT;RESOURCE_PROFILER,FULL_MUST_RUN,L4-H5
run-4c499802e0aba168de123f8f,dgraphfin,resource_counterfactual,all_experts_available,feature_mlp;gcn;graphsage,coregraph,9,profile_declared,all_experts_available,hierarchical,none,none,none,NOT_APPLICABLE,NOT_APPLICABLE,CPU_COUNTERFACTUAL_THEN_T4_PROFILE,UNKNOWN_UNTIL_PILOT,BLOCKED_RESOURCE_UNMEASURED,resource_record+counterfactual_manifest,SAVED_OUTPUT_PILOT;RESOURCE_PROFILER,FULL_MUST_RUN,L4-H5
run-2e8d6cfdef4cf4f96723fbcd,dgraphfin,resource_counterfactual,all_experts_available,feature_mlp;gcn;graphsage,resource_aware_heuristic,9,profile_declared,all_experts_available,heuristic,none,none,none,NOT_APPLICABLE,NOT_APPLICABLE,CPU_COUNTERFACTUAL_THEN_T4_PROFILE,UNKNOWN_UNTIL_PILOT,BLOCKED_RESOURCE_UNMEASURED,resource_record+counterfactual_manifest,SAVED_OUTPUT_PILOT;RESOURCE_PROFILER,FULL_MUST_RUN,L4-H5
run-0a8aa4b0b40b6d161b4b1503,dgraphfin,resource_counterfactual,all_experts_available,feature_mlp;gcn;graphsage,cheapest_feasible_expert,9,profile_declared,all_experts_available,heuristic,none,none,none,NOT_APPLICABLE,NOT_APPLICABLE,CPU_COUNTERFACTUAL_THEN_T4_PROFILE,UNKNOWN_UNTIL_PILOT,BLOCKED_RESOURCE_UNMEASURED,resource_record+counterfactual_manifest,SAVED_OUTPUT_PILOT;RESOURCE_PROFILER,FULL_MUST_RUN,L4-H5
run-93b44db0729ccc0602b8332b,dgraphfin,resource_counterfactual,all_experts_available,feature_mlp;gcn;graphsage,coregraph,10,profile_declared,all_experts_available,hierarchical,none,none,none,NOT_APPLICABLE,NOT_APPLICABLE,CPU_COUNTERFACTUAL_THEN_T4_PROFILE,UNKNOWN_UNTIL_PILOT,BLOCKED_RESOURCE_UNMEASURED,resource_record+counterfactual_manifest,SAVED_OUTPUT_PILOT;RESOURCE_PROFILER,FULL_MUST_RUN,L4-H5
run-3e37da80c9795abd7654cb64,dgraphfin,resource_counterfactual,all_experts_available,feature_mlp;gcn;graphsage,resource_aware_heuristic,10,profile_declared,all_experts_available,heuristic,none,none,none,NOT_APPLICABLE,NOT_APPLICABLE,CPU_COUNTERFACTUAL_THEN_T4_PROFILE,UNKNOWN_UNTIL_PILOT,BLOCKED_RESOURCE_UNMEASURED,resource_record+counterfactual_manifest,SAVED_OUTPUT_PILOT;RESOURCE_PROFILER,FULL_MUST_RUN,L4-H5
run-3ebccc69d319ff4e0f429a4d,dgraphfin,resource_counterfactual,all_experts_available,feature_mlp;gcn;graphsage,cheapest_feasible_expert,10,profile_declared,all_experts_available,heuristic,none,none,none,NOT_APPLICABLE,NOT_APPLICABLE,CPU_COUNTERFACTUAL_THEN_T4_PROFILE,UNKNOWN_UNTIL_PILOT,BLOCKED_RESOURCE_UNMEASURED,resource_record+counterfactual_manifest,SAVED_OUTPUT_PILOT;RESOURCE_PROFILER,FULL_MUST_RUN,L4-H5
run-78227d99837eb9703cc442c9,dgraphfin,resource_counterfactual,one_graph_expert_unavailable,feature_mlp;gcn;graphsage,coregraph,1,profile_declared,one_graph_expert_unavailable,hierarchical,none,none,none,NOT_APPLICABLE,NOT_APPLICABLE,CPU_COUNTERFACTUAL_THEN_T4_PROFILE,UNKNOWN_UNTIL_PILOT,BLOCKED_RESOURCE_UNMEASURED,resource_record+counterfactual_manifest,SAVED_OUTPUT_PILOT;RESOURCE_PROFILER,FULL_MUST_RUN,L4-H5
run-95ffc558646b2b6071a0e5fd,dgraphfin,resource_counterfactual,one_graph_expert_unavailable,feature_mlp;gcn;graphsage,resource_aware_heuristic,1,profile_declared,one_graph_expert_unavailable,heuristic,none,none,none,NOT_APPLICABLE,NOT_APPLICABLE,CPU_COUNTERFACTUAL_THEN_T4_PROFILE,UNKNOWN_UNTIL_PILOT,BLOCKED_RESOURCE_UNMEASURED,resource_record+counterfactual_manifest,SAVED_OUTPUT_PILOT;RESOURCE_PROFILER,FULL_MUST_RUN,L4-H5
run-3a017111ff899e6cf90ad79c,dgraphfin,resource_counterfactual,one_graph_expert_unavailable,feature_mlp;gcn;graphsage,cheapest_feasible_expert,1,profile_declared,one_graph_expert_unavailable,heuristic,none,none,none,NOT_APPLICABLE,NOT_APPLICABLE,CPU_COUNTERFACTUAL_THEN_T4_PROFILE,UNKNOWN_UNTIL_PILOT,BLOCKED_RESOURCE_UNMEASURED,resource_record+counterfactual_manifest,SAVED_OUTPUT_PILOT;RESOURCE_PROFILER,FULL_MUST_RUN,L4-H5
run-8bf870da32843e7f51415a5c,dgraphfin,resource_counterfactual,one_graph_expert_unavailable,feature_mlp;gcn;graphsage,coregraph,2,profile_declared,one_graph_expert_unavailable,hierarchical,none,none,none,NOT_APPLICABLE,NOT_APPLICABLE,CPU_COUNTERFACTUAL_THEN_T4_PROFILE,UNKNOWN_UNTIL_PILOT,BLOCKED_RESOURCE_UNMEASURED,resource_record+counterfactual_manifest,SAVED_OUTPUT_PILOT;RESOURCE_PROFILER,FULL_MUST_RUN,L4-H5
run-30e9e2e0844b50dba925e1a5,dgraphfin,resource_counterfactual,one_graph_expert_unavailable,feature_mlp;gcn;graphsage,resource_aware_heuristic,2,profile_declared,one_graph_expert_unavailable,heuristic,none,none,none,NOT_APPLICABLE,NOT_APPLICABLE,CPU_COUNTERFACTUAL_THEN_T4_PROFILE,UNKNOWN_UNTIL_PILOT,BLOCKED_RESOURCE_UNMEASURED,resource_record+counterfactual_manifest,SAVED_OUTPUT_PILOT;RESOURCE_PROFILER,FULL_MUST_RUN,L4-H5
run-6a3c61199f425b33e28f530a,dgraphfin,resource_counterfactual,one_graph_expert_unavailable,feature_mlp;gcn;graphsage,cheapest_feasible_expert,2,profile_declared,one_graph_expert_unavailable,heuristic,none,none,none,NOT_APPLICABLE,NOT_APPLICABLE,CPU_COUNTERFACTUAL_THEN_T4_PROFILE,UNKNOWN_UNTIL_PILOT,BLOCKED_RESOURCE_UNMEASURED,resource_record+counterfactual_manifest,SAVED_OUTPUT_PILOT;RESOURCE_PROFILER,FULL_MUST_RUN,L4-H5
run-82db444032bb64db43946d58,dgraphfin,resource_counterfactual,one_graph_expert_unavailable,feature_mlp;gcn;graphsage,coregraph,3,profile_declared,one_graph_expert_unavailable,hierarchical,none,none,none,NOT_APPLICABLE,NOT_APPLICABLE,CPU_COUNTERFACTUAL_THEN_T4_PROFILE,UNKNOWN_UNTIL_PILOT,BLOCKED_RESOURCE_UNMEASURED,resource_record+counterfactual_manifest,SAVED_OUTPUT_PILOT;RESOURCE_PROFILER,FULL_MUST_RUN,L4-H5
run-e4ef0efaf732f2bcf8ba9933,dgraphfin,resource_counterfactual,one_graph_expert_unavailable,feature_mlp;gcn;graphsage,resource_aware_heuristic,3,profile_declared,one_graph_expert_unavailable,heuristic,none,none,none,NOT_APPLICABLE,NOT_APPLICABLE,CPU_COUNTERFACTUAL_THEN_T4_PROFILE,UNKNOWN_UNTIL_PILOT,BLOCKED_RESOURCE_UNMEASURED,resource_record+counterfactual_manifest,SAVED_OUTPUT_PILOT;RESOURCE_PROFILER,FULL_MUST_RUN,L4-H5
run-fa42c563a6fcbc105993b8a5,dgraphfin,resource_counterfactual,one_graph_expert_unavailable,feature_mlp;gcn;graphsage,cheapest_feasible_expert,3,profile_declared,one_graph_expert_unavailable,heuristic,none,none,none,NOT_APPLICABLE,NOT_APPLICABLE,CPU_COUNTERFACTUAL_THEN_T4_PROFILE,UNKNOWN_UNTIL_PILOT,BLOCKED_RESOURCE_UNMEASURED,resource_record+counterfactual_manifest,SAVED_OUTPUT_PILOT;RESOURCE_PROFILER,FULL_MUST_RUN,L4-H5
run-ece33ff28994f051ca6b09ec,dgraphfin,resource_counterfactual,one_graph_expert_unavailable,feature_mlp;gcn;graphsage,coregraph,4,profile_declared,one_graph_expert_unavailable,hierarchical,none,none,none,NOT_APPLICABLE,NOT_APPLICABLE,CPU_COUNTERFACTUAL_THEN_T4_PROFILE,UNKNOWN_UNTIL_PILOT,BLOCKED_RESOURCE_UNMEASURED,resource_record+counterfactual_manifest,SAVED_OUTPUT_PILOT;RESOURCE_PROFILER,FULL_MUST_RUN,L4-H5
run-2e00e63c934f414e6b3e6e43,dgraphfin,resource_counterfactual,one_graph_expert_unavailable,feature_mlp;gcn;graphsage,resource_aware_heuristic,4,profile_declared,one_graph_expert_unavailable,heuristic,none,none,none,NOT_APPLICABLE,NOT_APPLICABLE,CPU_COUNTERFACTUAL_THEN_T4_PROFILE,UNKNOWN_UNTIL_PILOT,BLOCKED_RESOURCE_UNMEASURED,resource_record+counterfactual_manifest,SAVED_OUTPUT_PILOT;RESOURCE_PROFILER,FULL_MUST_RUN,L4-H5
run-35b93ca57884c717e41574db,dgraphfin,resource_counterfactual,one_graph_expert_unavailable,feature_mlp;gcn;graphsage,cheapest_feasible_expert,4,profile_declared,one_graph_expert_unavailable,heuristic,none,none,none,NOT_APPLICABLE,NOT_APPLICABLE,CPU_COUNTERFACTUAL_THEN_T4_PROFILE,UNKNOWN_UNTIL_PILOT,BLOCKED_RESOURCE_UNMEASURED,resource_record+counterfactual_manifest,SAVED_OUTPUT_PILOT;RESOURCE_PROFILER,FULL_MUST_RUN,L4-H5
run-3dfca34fd34c57227d308ee9,dgraphfin,resource_counterfactual,one_graph_expert_unavailable,feature_mlp;gcn;graphsage,coregraph,5,profile_declared,one_graph_expert_unavailable,hierarchical,none,none,none,NOT_APPLICABLE,NOT_APPLICABLE,CPU_COUNTERFACTUAL_THEN_T4_PROFILE,UNKNOWN_UNTIL_PILOT,BLOCKED_RESOURCE_UNMEASURED,resource_record+counterfactual_manifest,SAVED_OUTPUT_PILOT;RESOURCE_PROFILER,FULL_MUST_RUN,L4-H5
run-6cd7eb5cb44d1fa73eddf5f8,dgraphfin,resource_counterfactual,one_graph_expert_unavailable,feature_mlp;gcn;graphsage,resource_aware_heuristic,5,profile_declared,one_graph_expert_unavailable,heuristic,none,none,none,NOT_APPLICABLE,NOT_APPLICABLE,CPU_COUNTERFACTUAL_THEN_T4_PROFILE,UNKNOWN_UNTIL_PILOT,BLOCKED_RESOURCE_UNMEASURED,resource_record+counterfactual_manifest,SAVED_OUTPUT_PILOT;RESOURCE_PROFILER,FULL_MUST_RUN,L4-H5
run-4015ed76ca163878be55e602,dgraphfin,resource_counterfactual,one_graph_expert_unavailable,feature_mlp;gcn;graphsage,cheapest_feasible_expert,5,profile_declared,one_graph_expert_unavailable,heuristic,none,none,none,NOT_APPLICABLE,NOT_APPLICABLE,CPU_COUNTERFACTUAL_THEN_T4_PROFILE,UNKNOWN_UNTIL_PILOT,BLOCKED_RESOURCE_UNMEASURED,resource_record+counterfactual_manifest,SAVED_OUTPUT_PILOT;RESOURCE_PROFILER,FULL_MUST_RUN,L4-H5
run-0a68d5e27eb757a25fa78e8f,dgraphfin,resource_counterfactual,one_graph_expert_unavailable,feature_mlp;gcn;graphsage,coregraph,6,profile_declared,one_graph_expert_unavailable,hierarchical,none,none,none,NOT_APPLICABLE,NOT_APPLICABLE,CPU_COUNTERFACTUAL_THEN_T4_PROFILE,UNKNOWN_UNTIL_PILOT,BLOCKED_RESOURCE_UNMEASURED,resource_record+counterfactual_manifest,SAVED_OUTPUT_PILOT;RESOURCE_PROFILER,FULL_MUST_RUN,L4-H5
run-7aa25803be12ea947c85ac1b,dgraphfin,resource_counterfactual,one_graph_expert_unavailable,feature_mlp;gcn;graphsage,resource_aware_heuristic,6,profile_declared,one_graph_expert_unavailable,heuristic,none,none,none,NOT_APPLICABLE,NOT_APPLICABLE,CPU_COUNTERFACTUAL_THEN_T4_PROFILE,UNKNOWN_UNTIL_PILOT,BLOCKED_RESOURCE_UNMEASURED,resource_record+counterfactual_manifest,SAVED_OUTPUT_PILOT;RESOURCE_PROFILER,FULL_MUST_RUN,L4-H5
run-c9765e572ec842bfc28f3de4,dgraphfin,resource_counterfactual,one_graph_expert_unavailable,feature_mlp;gcn;graphsage,cheapest_feasible_expert,6,profile_declared,one_graph_expert_unavailable,heuristic,none,none,none,NOT_APPLICABLE,NOT_APPLICABLE,CPU_COUNTERFACTUAL_THEN_T4_PROFILE,UNKNOWN_UNTIL_PILOT,BLOCKED_RESOURCE_UNMEASURED,resource_record+counterfactual_manifest,SAVED_OUTPUT_PILOT;RESOURCE_PROFILER,FULL_MUST_RUN,L4-H5
run-c0536adb6a3e2aff96b508b3,dgraphfin,resource_counterfactual,one_graph_expert_unavailable,feature_mlp;gcn;graphsage,coregraph,7,profile_declared,one_graph_expert_unavailable,hierarchical,none,none,none,NOT_APPLICABLE,NOT_APPLICABLE,CPU_COUNTERFACTUAL_THEN_T4_PROFILE,UNKNOWN_UNTIL_PILOT,BLOCKED_RESOURCE_UNMEASURED,resource_record+counterfactual_manifest,SAVED_OUTPUT_PILOT;RESOURCE_PROFILER,FULL_MUST_RUN,L4-H5
run-4d5645567dd3a51cb2006f36,dgraphfin,resource_counterfactual,one_graph_expert_unavailable,feature_mlp;gcn;graphsage,resource_aware_heuristic,7,profile_declared,one_graph_expert_unavailable,heuristic,none,none,none,NOT_APPLICABLE,NOT_APPLICABLE,CPU_COUNTERFACTUAL_THEN_T4_PROFILE,UNKNOWN_UNTIL_PILOT,BLOCKED_RESOURCE_UNMEASURED,resource_record+counterfactual_manifest,SAVED_OUTPUT_PILOT;RESOURCE_PROFILER,FULL_MUST_RUN,L4-H5
run-9216272cfa7f7c688e41ad64,dgraphfin,resource_counterfactual,one_graph_expert_unavailable,feature_mlp;gcn;graphsage,cheapest_feasible_expert,7,profile_declared,one_graph_expert_unavailable,heuristic,none,none,none,NOT_APPLICABLE,NOT_APPLICABLE,CPU_COUNTERFACTUAL_THEN_T4_PROFILE,UNKNOWN_UNTIL_PILOT,BLOCKED_RESOURCE_UNMEASURED,resource_record+counterfactual_manifest,SAVED_OUTPUT_PILOT;RESOURCE_PROFILER,FULL_MUST_RUN,L4-H5
run-4625e1cfee4fa0a8d4d96671,dgraphfin,resource_counterfactual,one_graph_expert_unavailable,feature_mlp;gcn;graphsage,coregraph,8,profile_declared,one_graph_expert_unavailable,hierarchical,none,none,none,NOT_APPLICABLE,NOT_APPLICABLE,CPU_COUNTERFACTUAL_THEN_T4_PROFILE,UNKNOWN_UNTIL_PILOT,BLOCKED_RESOURCE_UNMEASURED,resource_record+counterfactual_manifest,SAVED_OUTPUT_PILOT;RESOURCE_PROFILER,FULL_MUST_RUN,L4-H5
run-097f5982e363e9caf95e792d,dgraphfin,resource_counterfactual,one_graph_expert_unavailable,feature_mlp;gcn;graphsage,resource_aware_heuristic,8,profile_declared,one_graph_expert_unavailable,heuristic,none,none,none,NOT_APPLICABLE,NOT_APPLICABLE,CPU_COUNTERFACTUAL_THEN_T4_PROFILE,UNKNOWN_UNTIL_PILOT,BLOCKED_RESOURCE_UNMEASURED,resource_record+counterfactual_manifest,SAVED_OUTPUT_PILOT;RESOURCE_PROFILER,FULL_MUST_RUN,L4-H5
run-40f23c9d3336ea11649f32bb,dgraphfin,resource_counterfactual,one_graph_expert_unavailable,feature_mlp;gcn;graphsage,cheapest_feasible_expert,8,profile_declared,one_graph_expert_unavailable,heuristic,none,none,none,NOT_APPLICABLE,NOT_APPLICABLE,CPU_COUNTERFACTUAL_THEN_T4_PROFILE,UNKNOWN_UNTIL_PILOT,BLOCKED_RESOURCE_UNMEASURED,resource_record+counterfactual_manifest,SAVED_OUTPUT_PILOT;RESOURCE_PROFILER,FULL_MUST_RUN,L4-H5
run-f5ccd1f429e432d0f84f48b6,dgraphfin,resource_counterfactual,one_graph_expert_unavailable,feature_mlp;gcn;graphsage,coregraph,9,profile_declared,one_graph_expert_unavailable,hierarchical,none,none,none,NOT_APPLICABLE,NOT_APPLICABLE,CPU_COUNTERFACTUAL_THEN_T4_PROFILE,UNKNOWN_UNTIL_PILOT,BLOCKED_RESOURCE_UNMEASURED,resource_record+counterfactual_manifest,SAVED_OUTPUT_PILOT;RESOURCE_PROFILER,FULL_MUST_RUN,L4-H5
run-8ef2823241704b3c40be5b3b,dgraphfin,resource_counterfactual,one_graph_expert_unavailable,feature_mlp;gcn;graphsage,resource_aware_heuristic,9,profile_declared,one_graph_expert_unavailable,heuristic,none,none,none,NOT_APPLICABLE,NOT_APPLICABLE,CPU_COUNTERFACTUAL_THEN_T4_PROFILE,UNKNOWN_UNTIL_PILOT,BLOCKED_RESOURCE_UNMEASURED,resource_record+counterfactual_manifest,SAVED_OUTPUT_PILOT;RESOURCE_PROFILER,FULL_MUST_RUN,L4-H5
run-b2572098ca260b731bc7ec00,dgraphfin,resource_counterfactual,one_graph_expert_unavailable,feature_mlp;gcn;graphsage,cheapest_feasible_expert,9,profile_declared,one_graph_expert_unavailable,heuristic,none,none,none,NOT_APPLICABLE,NOT_APPLICABLE,CPU_COUNTERFACTUAL_THEN_T4_PROFILE,UNKNOWN_UNTIL_PILOT,BLOCKED_RESOURCE_UNMEASURED,resource_record+counterfactual_manifest,SAVED_OUTPUT_PILOT;RESOURCE_PROFILER,FULL_MUST_RUN,L4-H5
run-700f754cc336c3082620ef0a,dgraphfin,resource_counterfactual,one_graph_expert_unavailable,feature_mlp;gcn;graphsage,coregraph,10,profile_declared,one_graph_expert_unavailable,hierarchical,none,none,none,NOT_APPLICABLE,NOT_APPLICABLE,CPU_COUNTERFACTUAL_THEN_T4_PROFILE,UNKNOWN_UNTIL_PILOT,BLOCKED_RESOURCE_UNMEASURED,resource_record+counterfactual_manifest,SAVED_OUTPUT_PILOT;RESOURCE_PROFILER,FULL_MUST_RUN,L4-H5
run-ea71d716ed56c517d9750197,dgraphfin,resource_counterfactual,one_graph_expert_unavailable,feature_mlp;gcn;graphsage,resource_aware_heuristic,10,profile_declared,one_graph_expert_unavailable,heuristic,none,none,none,NOT_APPLICABLE,NOT_APPLICABLE,CPU_COUNTERFACTUAL_THEN_T4_PROFILE,UNKNOWN_UNTIL_PILOT,BLOCKED_RESOURCE_UNMEASURED,resource_record+counterfactual_manifest,SAVED_OUTPUT_PILOT;RESOURCE_PROFILER,FULL_MUST_RUN,L4-H5
run-bbb8740eb534e972e23d838e,dgraphfin,resource_counterfactual,one_graph_expert_unavailable,feature_mlp;gcn;graphsage,cheapest_feasible_expert,10,profile_declared,one_graph_expert_unavailable,heuristic,none,none,none,NOT_APPLICABLE,NOT_APPLICABLE,CPU_COUNTERFACTUAL_THEN_T4_PROFILE,UNKNOWN_UNTIL_PILOT,BLOCKED_RESOURCE_UNMEASURED,resource_record+counterfactual_manifest,SAVED_OUTPUT_PILOT;RESOURCE_PROFILER,FULL_MUST_RUN,L4-H5
run-a5744b2254f933628a62e6b2,dgraphfin,resource_counterfactual,all_graph_experts_unavailable,feature_mlp;gcn;graphsage,coregraph,1,profile_declared,all_graph_experts_unavailable,hierarchical,none,none,none,NOT_APPLICABLE,NOT_APPLICABLE,CPU_COUNTERFACTUAL_THEN_T4_PROFILE,UNKNOWN_UNTIL_PILOT,BLOCKED_RESOURCE_UNMEASURED,resource_record+counterfactual_manifest,SAVED_OUTPUT_PILOT;RESOURCE_PROFILER,FULL_MUST_RUN,L4-H5
run-d584aa99963c90bc71292d0d,dgraphfin,resource_counterfactual,all_graph_experts_unavailable,feature_mlp;gcn;graphsage,resource_aware_heuristic,1,profile_declared,all_graph_experts_unavailable,heuristic,none,none,none,NOT_APPLICABLE,NOT_APPLICABLE,CPU_COUNTERFACTUAL_THEN_T4_PROFILE,UNKNOWN_UNTIL_PILOT,BLOCKED_RESOURCE_UNMEASURED,resource_record+counterfactual_manifest,SAVED_OUTPUT_PILOT;RESOURCE_PROFILER,FULL_MUST_RUN,L4-H5
run-53948813d731265a46d57396,dgraphfin,resource_counterfactual,all_graph_experts_unavailable,feature_mlp;gcn;graphsage,cheapest_feasible_expert,1,profile_declared,all_graph_experts_unavailable,heuristic,none,none,none,NOT_APPLICABLE,NOT_APPLICABLE,CPU_COUNTERFACTUAL_THEN_T4_PROFILE,UNKNOWN_UNTIL_PILOT,BLOCKED_RESOURCE_UNMEASURED,resource_record+counterfactual_manifest,SAVED_OUTPUT_PILOT;RESOURCE_PROFILER,FULL_MUST_RUN,L4-H5
run-244874405ea59b0b72b5024e,dgraphfin,resource_counterfactual,all_graph_experts_unavailable,feature_mlp;gcn;graphsage,coregraph,2,profile_declared,all_graph_experts_unavailable,hierarchical,none,none,none,NOT_APPLICABLE,NOT_APPLICABLE,CPU_COUNTERFACTUAL_THEN_T4_PROFILE,UNKNOWN_UNTIL_PILOT,BLOCKED_RESOURCE_UNMEASURED,resource_record+counterfactual_manifest,SAVED_OUTPUT_PILOT;RESOURCE_PROFILER,FULL_MUST_RUN,L4-H5
run-da9e02afc0faa501300ae639,dgraphfin,resource_counterfactual,all_graph_experts_unavailable,feature_mlp;gcn;graphsage,resource_aware_heuristic,2,profile_declared,all_graph_experts_unavailable,heuristic,none,none,none,NOT_APPLICABLE,NOT_APPLICABLE,CPU_COUNTERFACTUAL_THEN_T4_PROFILE,UNKNOWN_UNTIL_PILOT,BLOCKED_RESOURCE_UNMEASURED,resource_record+counterfactual_manifest,SAVED_OUTPUT_PILOT;RESOURCE_PROFILER,FULL_MUST_RUN,L4-H5
run-4498711214ade6a520ac4e99,dgraphfin,resource_counterfactual,all_graph_experts_unavailable,feature_mlp;gcn;graphsage,cheapest_feasible_expert,2,profile_declared,all_graph_experts_unavailable,heuristic,none,none,none,NOT_APPLICABLE,NOT_APPLICABLE,CPU_COUNTERFACTUAL_THEN_T4_PROFILE,UNKNOWN_UNTIL_PILOT,BLOCKED_RESOURCE_UNMEASURED,resource_record+counterfactual_manifest,SAVED_OUTPUT_PILOT;RESOURCE_PROFILER,FULL_MUST_RUN,L4-H5
run-7ed73bec5923aa395404c64d,dgraphfin,resource_counterfactual,all_graph_experts_unavailable,feature_mlp;gcn;graphsage,coregraph,3,profile_declared,all_graph_experts_unavailable,hierarchical,none,none,none,NOT_APPLICABLE,NOT_APPLICABLE,CPU_COUNTERFACTUAL_THEN_T4_PROFILE,UNKNOWN_UNTIL_PILOT,BLOCKED_RESOURCE_UNMEASURED,resource_record+counterfactual_manifest,SAVED_OUTPUT_PILOT;RESOURCE_PROFILER,FULL_MUST_RUN,L4-H5
run-6c44660b83f822aaf46713f1,dgraphfin,resource_counterfactual,all_graph_experts_unavailable,feature_mlp;gcn;graphsage,resource_aware_heuristic,3,profile_declared,all_graph_experts_unavailable,heuristic,none,none,none,NOT_APPLICABLE,NOT_APPLICABLE,CPU_COUNTERFACTUAL_THEN_T4_PROFILE,UNKNOWN_UNTIL_PILOT,BLOCKED_RESOURCE_UNMEASURED,resource_record+counterfactual_manifest,SAVED_OUTPUT_PILOT;RESOURCE_PROFILER,FULL_MUST_RUN,L4-H5
run-104849e35bca5c5ed427eee8,dgraphfin,resource_counterfactual,all_graph_experts_unavailable,feature_mlp;gcn;graphsage,cheapest_feasible_expert,3,profile_declared,all_graph_experts_unavailable,heuristic,none,none,none,NOT_APPLICABLE,NOT_APPLICABLE,CPU_COUNTERFACTUAL_THEN_T4_PROFILE,UNKNOWN_UNTIL_PILOT,BLOCKED_RESOURCE_UNMEASURED,resource_record+counterfactual_manifest,SAVED_OUTPUT_PILOT;RESOURCE_PROFILER,FULL_MUST_RUN,L4-H5
run-6c69cef91f1cddd56b66930e,dgraphfin,resource_counterfactual,all_graph_experts_unavailable,feature_mlp;gcn;graphsage,coregraph,4,profile_declared,all_graph_experts_unavailable,hierarchical,none,none,none,NOT_APPLICABLE,NOT_APPLICABLE,CPU_COUNTERFACTUAL_THEN_T4_PROFILE,UNKNOWN_UNTIL_PILOT,BLOCKED_RESOURCE_UNMEASURED,resource_record+counterfactual_manifest,SAVED_OUTPUT_PILOT;RESOURCE_PROFILER,FULL_MUST_RUN,L4-H5
run-b33870db6b1c9863d1c5432c,dgraphfin,resource_counterfactual,all_graph_experts_unavailable,feature_mlp;gcn;graphsage,resource_aware_heuristic,4,profile_declared,all_graph_experts_unavailable,heuristic,none,none,none,NOT_APPLICABLE,NOT_APPLICABLE,CPU_COUNTERFACTUAL_THEN_T4_PROFILE,UNKNOWN_UNTIL_PILOT,BLOCKED_RESOURCE_UNMEASURED,resource_record+counterfactual_manifest,SAVED_OUTPUT_PILOT;RESOURCE_PROFILER,FULL_MUST_RUN,L4-H5
run-4d530a5e075b397c175b46ea,dgraphfin,resource_counterfactual,all_graph_experts_unavailable,feature_mlp;gcn;graphsage,cheapest_feasible_expert,4,profile_declared,all_graph_experts_unavailable,heuristic,none,none,none,NOT_APPLICABLE,NOT_APPLICABLE,CPU_COUNTERFACTUAL_THEN_T4_PROFILE,UNKNOWN_UNTIL_PILOT,BLOCKED_RESOURCE_UNMEASURED,resource_record+counterfactual_manifest,SAVED_OUTPUT_PILOT;RESOURCE_PROFILER,FULL_MUST_RUN,L4-H5
run-6364a2a61edd664c7319f5dc,dgraphfin,resource_counterfactual,all_graph_experts_unavailable,feature_mlp;gcn;graphsage,coregraph,5,profile_declared,all_graph_experts_unavailable,hierarchical,none,none,none,NOT_APPLICABLE,NOT_APPLICABLE,CPU_COUNTERFACTUAL_THEN_T4_PROFILE,UNKNOWN_UNTIL_PILOT,BLOCKED_RESOURCE_UNMEASURED,resource_record+counterfactual_manifest,SAVED_OUTPUT_PILOT;RESOURCE_PROFILER,FULL_MUST_RUN,L4-H5
run-7d31585633408257415ff388,dgraphfin,resource_counterfactual,all_graph_experts_unavailable,feature_mlp;gcn;graphsage,resource_aware_heuristic,5,profile_declared,all_graph_experts_unavailable,heuristic,none,none,none,NOT_APPLICABLE,NOT_APPLICABLE,CPU_COUNTERFACTUAL_THEN_T4_PROFILE,UNKNOWN_UNTIL_PILOT,BLOCKED_RESOURCE_UNMEASURED,resource_record+counterfactual_manifest,SAVED_OUTPUT_PILOT;RESOURCE_PROFILER,FULL_MUST_RUN,L4-H5
run-ce0750557ed7f73eed7bc216,dgraphfin,resource_counterfactual,all_graph_experts_unavailable,feature_mlp;gcn;graphsage,cheapest_feasible_expert,5,profile_declared,all_graph_experts_unavailable,heuristic,none,none,none,NOT_APPLICABLE,NOT_APPLICABLE,CPU_COUNTERFACTUAL_THEN_T4_PROFILE,UNKNOWN_UNTIL_PILOT,BLOCKED_RESOURCE_UNMEASURED,resource_record+counterfactual_manifest,SAVED_OUTPUT_PILOT;RESOURCE_PROFILER,FULL_MUST_RUN,L4-H5
run-995d2dc6b3caa5b4911ed674,dgraphfin,resource_counterfactual,all_graph_experts_unavailable,feature_mlp;gcn;graphsage,coregraph,6,profile_declared,all_graph_experts_unavailable,hierarchical,none,none,none,NOT_APPLICABLE,NOT_APPLICABLE,CPU_COUNTERFACTUAL_THEN_T4_PROFILE,UNKNOWN_UNTIL_PILOT,BLOCKED_RESOURCE_UNMEASURED,resource_record+counterfactual_manifest,SAVED_OUTPUT_PILOT;RESOURCE_PROFILER,FULL_MUST_RUN,L4-H5
run-5412bc7d20a1a20684ab0910,dgraphfin,resource_counterfactual,all_graph_experts_unavailable,feature_mlp;gcn;graphsage,resource_aware_heuristic,6,profile_declared,all_graph_experts_unavailable,heuristic,none,none,none,NOT_APPLICABLE,NOT_APPLICABLE,CPU_COUNTERFACTUAL_THEN_T4_PROFILE,UNKNOWN_UNTIL_PILOT,BLOCKED_RESOURCE_UNMEASURED,resource_record+counterfactual_manifest,SAVED_OUTPUT_PILOT;RESOURCE_PROFILER,FULL_MUST_RUN,L4-H5
run-06aedf09747b0272b3e6e37b,dgraphfin,resource_counterfactual,all_graph_experts_unavailable,feature_mlp;gcn;graphsage,cheapest_feasible_expert,6,profile_declared,all_graph_experts_unavailable,heuristic,none,none,none,NOT_APPLICABLE,NOT_APPLICABLE,CPU_COUNTERFACTUAL_THEN_T4_PROFILE,UNKNOWN_UNTIL_PILOT,BLOCKED_RESOURCE_UNMEASURED,resource_record+counterfactual_manifest,SAVED_OUTPUT_PILOT;RESOURCE_PROFILER,FULL_MUST_RUN,L4-H5
run-501a695ae4081c20c7073aaa,dgraphfin,resource_counterfactual,all_graph_experts_unavailable,feature_mlp;gcn;graphsage,coregraph,7,profile_declared,all_graph_experts_unavailable,hierarchical,none,none,none,NOT_APPLICABLE,NOT_APPLICABLE,CPU_COUNTERFACTUAL_THEN_T4_PROFILE,UNKNOWN_UNTIL_PILOT,BLOCKED_RESOURCE_UNMEASURED,resource_record+counterfactual_manifest,SAVED_OUTPUT_PILOT;RESOURCE_PROFILER,FULL_MUST_RUN,L4-H5
run-125809fde66e6b550618a9b3,dgraphfin,resource_counterfactual,all_graph_experts_unavailable,feature_mlp;gcn;graphsage,resource_aware_heuristic,7,profile_declared,all_graph_experts_unavailable,heuristic,none,none,none,NOT_APPLICABLE,NOT_APPLICABLE,CPU_COUNTERFACTUAL_THEN_T4_PROFILE,UNKNOWN_UNTIL_PILOT,BLOCKED_RESOURCE_UNMEASURED,resource_record+counterfactual_manifest,SAVED_OUTPUT_PILOT;RESOURCE_PROFILER,FULL_MUST_RUN,L4-H5
run-c9cf6c88e858f36e33c9fa32,dgraphfin,resource_counterfactual,all_graph_experts_unavailable,feature_mlp;gcn;graphsage,cheapest_feasible_expert,7,profile_declared,all_graph_experts_unavailable,heuristic,none,none,none,NOT_APPLICABLE,NOT_APPLICABLE,CPU_COUNTERFACTUAL_THEN_T4_PROFILE,UNKNOWN_UNTIL_PILOT,BLOCKED_RESOURCE_UNMEASURED,resource_record+counterfactual_manifest,SAVED_OUTPUT_PILOT;RESOURCE_PROFILER,FULL_MUST_RUN,L4-H5
run-79b967e2145ddb966a2b5a8a,dgraphfin,resource_counterfactual,all_graph_experts_unavailable,feature_mlp;gcn;graphsage,coregraph,8,profile_declared,all_graph_experts_unavailable,hierarchical,none,none,none,NOT_APPLICABLE,NOT_APPLICABLE,CPU_COUNTERFACTUAL_THEN_T4_PROFILE,UNKNOWN_UNTIL_PILOT,BLOCKED_RESOURCE_UNMEASURED,resource_record+counterfactual_manifest,SAVED_OUTPUT_PILOT;RESOURCE_PROFILER,FULL_MUST_RUN,L4-H5
run-0230afdff5ae529a6c591c0d,dgraphfin,resource_counterfactual,all_graph_experts_unavailable,feature_mlp;gcn;graphsage,resource_aware_heuristic,8,profile_declared,all_graph_experts_unavailable,heuristic,none,none,none,NOT_APPLICABLE,NOT_APPLICABLE,CPU_COUNTERFACTUAL_THEN_T4_PROFILE,UNKNOWN_UNTIL_PILOT,BLOCKED_RESOURCE_UNMEASURED,resource_record+counterfactual_manifest,SAVED_OUTPUT_PILOT;RESOURCE_PROFILER,FULL_MUST_RUN,L4-H5
run-b6b24a277815da225333352b,dgraphfin,resource_counterfactual,all_graph_experts_unavailable,feature_mlp;gcn;graphsage,cheapest_feasible_expert,8,profile_declared,all_graph_experts_unavailable,heuristic,none,none,none,NOT_APPLICABLE,NOT_APPLICABLE,CPU_COUNTERFACTUAL_THEN_T4_PROFILE,UNKNOWN_UNTIL_PILOT,BLOCKED_RESOURCE_UNMEASURED,resource_record+counterfactual_manifest,SAVED_OUTPUT_PILOT;RESOURCE_PROFILER,FULL_MUST_RUN,L4-H5
run-1e24364443c8da35ea76b587,dgraphfin,resource_counterfactual,all_graph_experts_unavailable,feature_mlp;gcn;graphsage,coregraph,9,profile_declared,all_graph_experts_unavailable,hierarchical,none,none,none,NOT_APPLICABLE,NOT_APPLICABLE,CPU_COUNTERFACTUAL_THEN_T4_PROFILE,UNKNOWN_UNTIL_PILOT,BLOCKED_RESOURCE_UNMEASURED,resource_record+counterfactual_manifest,SAVED_OUTPUT_PILOT;RESOURCE_PROFILER,FULL_MUST_RUN,L4-H5
run-6be104e26be184b54968dfb5,dgraphfin,resource_counterfactual,all_graph_experts_unavailable,feature_mlp;gcn;graphsage,resource_aware_heuristic,9,profile_declared,all_graph_experts_unavailable,heuristic,none,none,none,NOT_APPLICABLE,NOT_APPLICABLE,CPU_COUNTERFACTUAL_THEN_T4_PROFILE,UNKNOWN_UNTIL_PILOT,BLOCKED_RESOURCE_UNMEASURED,resource_record+counterfactual_manifest,SAVED_OUTPUT_PILOT;RESOURCE_PROFILER,FULL_MUST_RUN,L4-H5
run-a332abec5006812e12aa0cfd,dgraphfin,resource_counterfactual,all_graph_experts_unavailable,feature_mlp;gcn;graphsage,cheapest_feasible_expert,9,profile_declared,all_graph_experts_unavailable,heuristic,none,none,none,NOT_APPLICABLE,NOT_APPLICABLE,CPU_COUNTERFACTUAL_THEN_T4_PROFILE,UNKNOWN_UNTIL_PILOT,BLOCKED_RESOURCE_UNMEASURED,resource_record+counterfactual_manifest,SAVED_OUTPUT_PILOT;RESOURCE_PROFILER,FULL_MUST_RUN,L4-H5
run-d24b128f80dfdf79881c3bb7,dgraphfin,resource_counterfactual,all_graph_experts_unavailable,feature_mlp;gcn;graphsage,coregraph,10,profile_declared,all_graph_experts_unavailable,hierarchical,none,none,none,NOT_APPLICABLE,NOT_APPLICABLE,CPU_COUNTERFACTUAL_THEN_T4_PROFILE,UNKNOWN_UNTIL_PILOT,BLOCKED_RESOURCE_UNMEASURED,resource_record+counterfactual_manifest,SAVED_OUTPUT_PILOT;RESOURCE_PROFILER,FULL_MUST_RUN,L4-H5
run-436d437eecc4addd46f5dbe3,dgraphfin,resource_counterfactual,all_graph_experts_unavailable,feature_mlp;gcn;graphsage,resource_aware_heuristic,10,profile_declared,all_graph_experts_unavailable,heuristic,none,none,none,NOT_APPLICABLE,NOT_APPLICABLE,CPU_COUNTERFACTUAL_THEN_T4_PROFILE,UNKNOWN_UNTIL_PILOT,BLOCKED_RESOURCE_UNMEASURED,resource_record+counterfactual_manifest,SAVED_OUTPUT_PILOT;RESOURCE_PROFILER,FULL_MUST_RUN,L4-H5
run-14b60e13730bb0617d12aec4,dgraphfin,resource_counterfactual,all_graph_experts_unavailable,feature_mlp;gcn;graphsage,cheapest_feasible_expert,10,profile_declared,all_graph_experts_unavailable,heuristic,none,none,none,NOT_APPLICABLE,NOT_APPLICABLE,CPU_COUNTERFACTUAL_THEN_T4_PROFILE,UNKNOWN_UNTIL_PILOT,BLOCKED_RESOURCE_UNMEASURED,resource_record+counterfactual_manifest,SAVED_OUTPUT_PILOT;RESOURCE_PROFILER,FULL_MUST_RUN,L4-H5
run-45e309ec286a369174657957,dgraphfin,resource_counterfactual,tight_memory,feature_mlp;gcn;graphsage,coregraph,1,profile_declared,tight_memory,hierarchical,none,none,none,NOT_APPLICABLE,NOT_APPLICABLE,CPU_COUNTERFACTUAL_THEN_T4_PROFILE,UNKNOWN_UNTIL_PILOT,BLOCKED_RESOURCE_UNMEASURED,resource_record+counterfactual_manifest,SAVED_OUTPUT_PILOT;RESOURCE_PROFILER,FULL_MUST_RUN,L4-H5
run-73574f38acac0314219426fc,dgraphfin,resource_counterfactual,tight_memory,feature_mlp;gcn;graphsage,resource_aware_heuristic,1,profile_declared,tight_memory,heuristic,none,none,none,NOT_APPLICABLE,NOT_APPLICABLE,CPU_COUNTERFACTUAL_THEN_T4_PROFILE,UNKNOWN_UNTIL_PILOT,BLOCKED_RESOURCE_UNMEASURED,resource_record+counterfactual_manifest,SAVED_OUTPUT_PILOT;RESOURCE_PROFILER,FULL_MUST_RUN,L4-H5
run-491686eeb834e9ab1cba9110,dgraphfin,resource_counterfactual,tight_memory,feature_mlp;gcn;graphsage,cheapest_feasible_expert,1,profile_declared,tight_memory,heuristic,none,none,none,NOT_APPLICABLE,NOT_APPLICABLE,CPU_COUNTERFACTUAL_THEN_T4_PROFILE,UNKNOWN_UNTIL_PILOT,BLOCKED_RESOURCE_UNMEASURED,resource_record+counterfactual_manifest,SAVED_OUTPUT_PILOT;RESOURCE_PROFILER,FULL_MUST_RUN,L4-H5
run-3bbe6923ab1f699142fd6feb,dgraphfin,resource_counterfactual,tight_memory,feature_mlp;gcn;graphsage,coregraph,2,profile_declared,tight_memory,hierarchical,none,none,none,NOT_APPLICABLE,NOT_APPLICABLE,CPU_COUNTERFACTUAL_THEN_T4_PROFILE,UNKNOWN_UNTIL_PILOT,BLOCKED_RESOURCE_UNMEASURED,resource_record+counterfactual_manifest,SAVED_OUTPUT_PILOT;RESOURCE_PROFILER,FULL_MUST_RUN,L4-H5
run-975100bd1e10fa3dde7d2aef,dgraphfin,resource_counterfactual,tight_memory,feature_mlp;gcn;graphsage,resource_aware_heuristic,2,profile_declared,tight_memory,heuristic,none,none,none,NOT_APPLICABLE,NOT_APPLICABLE,CPU_COUNTERFACTUAL_THEN_T4_PROFILE,UNKNOWN_UNTIL_PILOT,BLOCKED_RESOURCE_UNMEASURED,resource_record+counterfactual_manifest,SAVED_OUTPUT_PILOT;RESOURCE_PROFILER,FULL_MUST_RUN,L4-H5
run-f4b9868b291c9dbfce66651b,dgraphfin,resource_counterfactual,tight_memory,feature_mlp;gcn;graphsage,cheapest_feasible_expert,2,profile_declared,tight_memory,heuristic,none,none,none,NOT_APPLICABLE,NOT_APPLICABLE,CPU_COUNTERFACTUAL_THEN_T4_PROFILE,UNKNOWN_UNTIL_PILOT,BLOCKED_RESOURCE_UNMEASURED,resource_record+counterfactual_manifest,SAVED_OUTPUT_PILOT;RESOURCE_PROFILER,FULL_MUST_RUN,L4-H5
run-2ed887dd921ca99aa2ea91db,dgraphfin,resource_counterfactual,tight_memory,feature_mlp;gcn;graphsage,coregraph,3,profile_declared,tight_memory,hierarchical,none,none,none,NOT_APPLICABLE,NOT_APPLICABLE,CPU_COUNTERFACTUAL_THEN_T4_PROFILE,UNKNOWN_UNTIL_PILOT,BLOCKED_RESOURCE_UNMEASURED,resource_record+counterfactual_manifest,SAVED_OUTPUT_PILOT;RESOURCE_PROFILER,FULL_MUST_RUN,L4-H5
run-0c4f23939ad738bd9810b7f9,dgraphfin,resource_counterfactual,tight_memory,feature_mlp;gcn;graphsage,resource_aware_heuristic,3,profile_declared,tight_memory,heuristic,none,none,none,NOT_APPLICABLE,NOT_APPLICABLE,CPU_COUNTERFACTUAL_THEN_T4_PROFILE,UNKNOWN_UNTIL_PILOT,BLOCKED_RESOURCE_UNMEASURED,resource_record+counterfactual_manifest,SAVED_OUTPUT_PILOT;RESOURCE_PROFILER,FULL_MUST_RUN,L4-H5
run-b85d5caefc41a33aa3835ce4,dgraphfin,resource_counterfactual,tight_memory,feature_mlp;gcn;graphsage,cheapest_feasible_expert,3,profile_declared,tight_memory,heuristic,none,none,none,NOT_APPLICABLE,NOT_APPLICABLE,CPU_COUNTERFACTUAL_THEN_T4_PROFILE,UNKNOWN_UNTIL_PILOT,BLOCKED_RESOURCE_UNMEASURED,resource_record+counterfactual_manifest,SAVED_OUTPUT_PILOT;RESOURCE_PROFILER,FULL_MUST_RUN,L4-H5
run-ead53afd727a71b88a684dd0,dgraphfin,resource_counterfactual,tight_memory,feature_mlp;gcn;graphsage,coregraph,4,profile_declared,tight_memory,hierarchical,none,none,none,NOT_APPLICABLE,NOT_APPLICABLE,CPU_COUNTERFACTUAL_THEN_T4_PROFILE,UNKNOWN_UNTIL_PILOT,BLOCKED_RESOURCE_UNMEASURED,resource_record+counterfactual_manifest,SAVED_OUTPUT_PILOT;RESOURCE_PROFILER,FULL_MUST_RUN,L4-H5
run-a46abe26fff28e827c457b33,dgraphfin,resource_counterfactual,tight_memory,feature_mlp;gcn;graphsage,resource_aware_heuristic,4,profile_declared,tight_memory,heuristic,none,none,none,NOT_APPLICABLE,NOT_APPLICABLE,CPU_COUNTERFACTUAL_THEN_T4_PROFILE,UNKNOWN_UNTIL_PILOT,BLOCKED_RESOURCE_UNMEASURED,resource_record+counterfactual_manifest,SAVED_OUTPUT_PILOT;RESOURCE_PROFILER,FULL_MUST_RUN,L4-H5
run-e1b8ba7254abf58aac6f5569,dgraphfin,resource_counterfactual,tight_memory,feature_mlp;gcn;graphsage,cheapest_feasible_expert,4,profile_declared,tight_memory,heuristic,none,none,none,NOT_APPLICABLE,NOT_APPLICABLE,CPU_COUNTERFACTUAL_THEN_T4_PROFILE,UNKNOWN_UNTIL_PILOT,BLOCKED_RESOURCE_UNMEASURED,resource_record+counterfactual_manifest,SAVED_OUTPUT_PILOT;RESOURCE_PROFILER,FULL_MUST_RUN,L4-H5
run-9f9864b9f8f510bd54c69c59,dgraphfin,resource_counterfactual,tight_memory,feature_mlp;gcn;graphsage,coregraph,5,profile_declared,tight_memory,hierarchical,none,none,none,NOT_APPLICABLE,NOT_APPLICABLE,CPU_COUNTERFACTUAL_THEN_T4_PROFILE,UNKNOWN_UNTIL_PILOT,BLOCKED_RESOURCE_UNMEASURED,resource_record+counterfactual_manifest,SAVED_OUTPUT_PILOT;RESOURCE_PROFILER,FULL_MUST_RUN,L4-H5
run-db08e282571593e3d335eeb5,dgraphfin,resource_counterfactual,tight_memory,feature_mlp;gcn;graphsage,resource_aware_heuristic,5,profile_declared,tight_memory,heuristic,none,none,none,NOT_APPLICABLE,NOT_APPLICABLE,CPU_COUNTERFACTUAL_THEN_T4_PROFILE,UNKNOWN_UNTIL_PILOT,BLOCKED_RESOURCE_UNMEASURED,resource_record+counterfactual_manifest,SAVED_OUTPUT_PILOT;RESOURCE_PROFILER,FULL_MUST_RUN,L4-H5
run-de80476169214712b96efdbf,dgraphfin,resource_counterfactual,tight_memory,feature_mlp;gcn;graphsage,cheapest_feasible_expert,5,profile_declared,tight_memory,heuristic,none,none,none,NOT_APPLICABLE,NOT_APPLICABLE,CPU_COUNTERFACTUAL_THEN_T4_PROFILE,UNKNOWN_UNTIL_PILOT,BLOCKED_RESOURCE_UNMEASURED,resource_record+counterfactual_manifest,SAVED_OUTPUT_PILOT;RESOURCE_PROFILER,FULL_MUST_RUN,L4-H5
run-dfbf611623d5799004b8dcd9,dgraphfin,resource_counterfactual,tight_memory,feature_mlp;gcn;graphsage,coregraph,6,profile_declared,tight_memory,hierarchical,none,none,none,NOT_APPLICABLE,NOT_APPLICABLE,CPU_COUNTERFACTUAL_THEN_T4_PROFILE,UNKNOWN_UNTIL_PILOT,BLOCKED_RESOURCE_UNMEASURED,resource_record+counterfactual_manifest,SAVED_OUTPUT_PILOT;RESOURCE_PROFILER,FULL_MUST_RUN,L4-H5
run-a556f5f42c4516c5cb75401e,dgraphfin,resource_counterfactual,tight_memory,feature_mlp;gcn;graphsage,resource_aware_heuristic,6,profile_declared,tight_memory,heuristic,none,none,none,NOT_APPLICABLE,NOT_APPLICABLE,CPU_COUNTERFACTUAL_THEN_T4_PROFILE,UNKNOWN_UNTIL_PILOT,BLOCKED_RESOURCE_UNMEASURED,resource_record+counterfactual_manifest,SAVED_OUTPUT_PILOT;RESOURCE_PROFILER,FULL_MUST_RUN,L4-H5
run-4f25587c716e27a3e1c40752,dgraphfin,resource_counterfactual,tight_memory,feature_mlp;gcn;graphsage,cheapest_feasible_expert,6,profile_declared,tight_memory,heuristic,none,none,none,NOT_APPLICABLE,NOT_APPLICABLE,CPU_COUNTERFACTUAL_THEN_T4_PROFILE,UNKNOWN_UNTIL_PILOT,BLOCKED_RESOURCE_UNMEASURED,resource_record+counterfactual_manifest,SAVED_OUTPUT_PILOT;RESOURCE_PROFILER,FULL_MUST_RUN,L4-H5
run-ff84299f5492a9c6fd11eee5,dgraphfin,resource_counterfactual,tight_memory,feature_mlp;gcn;graphsage,coregraph,7,profile_declared,tight_memory,hierarchical,none,none,none,NOT_APPLICABLE,NOT_APPLICABLE,CPU_COUNTERFACTUAL_THEN_T4_PROFILE,UNKNOWN_UNTIL_PILOT,BLOCKED_RESOURCE_UNMEASURED,resource_record+counterfactual_manifest,SAVED_OUTPUT_PILOT;RESOURCE_PROFILER,FULL_MUST_RUN,L4-H5
run-3196b3ca703f4f9df7db8218,dgraphfin,resource_counterfactual,tight_memory,feature_mlp;gcn;graphsage,resource_aware_heuristic,7,profile_declared,tight_memory,heuristic,none,none,none,NOT_APPLICABLE,NOT_APPLICABLE,CPU_COUNTERFACTUAL_THEN_T4_PROFILE,UNKNOWN_UNTIL_PILOT,BLOCKED_RESOURCE_UNMEASURED,resource_record+counterfactual_manifest,SAVED_OUTPUT_PILOT;RESOURCE_PROFILER,FULL_MUST_RUN,L4-H5
run-05a7e9d4ade2d7880a179241,dgraphfin,resource_counterfactual,tight_memory,feature_mlp;gcn;graphsage,cheapest_feasible_expert,7,profile_declared,tight_memory,heuristic,none,none,none,NOT_APPLICABLE,NOT_APPLICABLE,CPU_COUNTERFACTUAL_THEN_T4_PROFILE,UNKNOWN_UNTIL_PILOT,BLOCKED_RESOURCE_UNMEASURED,resource_record+counterfactual_manifest,SAVED_OUTPUT_PILOT;RESOURCE_PROFILER,FULL_MUST_RUN,L4-H5
run-a27f7f3c4a50a406b4984c64,dgraphfin,resource_counterfactual,tight_memory,feature_mlp;gcn;graphsage,coregraph,8,profile_declared,tight_memory,hierarchical,none,none,none,NOT_APPLICABLE,NOT_APPLICABLE,CPU_COUNTERFACTUAL_THEN_T4_PROFILE,UNKNOWN_UNTIL_PILOT,BLOCKED_RESOURCE_UNMEASURED,resource_record+counterfactual_manifest,SAVED_OUTPUT_PILOT;RESOURCE_PROFILER,FULL_MUST_RUN,L4-H5
run-26088fc8643fa24667f9e6b2,dgraphfin,resource_counterfactual,tight_memory,feature_mlp;gcn;graphsage,resource_aware_heuristic,8,profile_declared,tight_memory,heuristic,none,none,none,NOT_APPLICABLE,NOT_APPLICABLE,CPU_COUNTERFACTUAL_THEN_T4_PROFILE,UNKNOWN_UNTIL_PILOT,BLOCKED_RESOURCE_UNMEASURED,resource_record+counterfactual_manifest,SAVED_OUTPUT_PILOT;RESOURCE_PROFILER,FULL_MUST_RUN,L4-H5
run-135c1e56869760a054a02b15,dgraphfin,resource_counterfactual,tight_memory,feature_mlp;gcn;graphsage,cheapest_feasible_expert,8,profile_declared,tight_memory,heuristic,none,none,none,NOT_APPLICABLE,NOT_APPLICABLE,CPU_COUNTERFACTUAL_THEN_T4_PROFILE,UNKNOWN_UNTIL_PILOT,BLOCKED_RESOURCE_UNMEASURED,resource_record+counterfactual_manifest,SAVED_OUTPUT_PILOT;RESOURCE_PROFILER,FULL_MUST_RUN,L4-H5
run-9dba896cd92397798291a1fa,dgraphfin,resource_counterfactual,tight_memory,feature_mlp;gcn;graphsage,coregraph,9,profile_declared,tight_memory,hierarchical,none,none,none,NOT_APPLICABLE,NOT_APPLICABLE,CPU_COUNTERFACTUAL_THEN_T4_PROFILE,UNKNOWN_UNTIL_PILOT,BLOCKED_RESOURCE_UNMEASURED,resource_record+counterfactual_manifest,SAVED_OUTPUT_PILOT;RESOURCE_PROFILER,FULL_MUST_RUN,L4-H5
run-255bdd85b4307baeae036cb8,dgraphfin,resource_counterfactual,tight_memory,feature_mlp;gcn;graphsage,resource_aware_heuristic,9,profile_declared,tight_memory,heuristic,none,none,none,NOT_APPLICABLE,NOT_APPLICABLE,CPU_COUNTERFACTUAL_THEN_T4_PROFILE,UNKNOWN_UNTIL_PILOT,BLOCKED_RESOURCE_UNMEASURED,resource_record+counterfactual_manifest,SAVED_OUTPUT_PILOT;RESOURCE_PROFILER,FULL_MUST_RUN,L4-H5
run-c02333ea790fe24ae9ee7986,dgraphfin,resource_counterfactual,tight_memory,feature_mlp;gcn;graphsage,cheapest_feasible_expert,9,profile_declared,tight_memory,heuristic,none,none,none,NOT_APPLICABLE,NOT_APPLICABLE,CPU_COUNTERFACTUAL_THEN_T4_PROFILE,UNKNOWN_UNTIL_PILOT,BLOCKED_RESOURCE_UNMEASURED,resource_record+counterfactual_manifest,SAVED_OUTPUT_PILOT;RESOURCE_PROFILER,FULL_MUST_RUN,L4-H5
run-93a452565bd8c133ef46c8f9,dgraphfin,resource_counterfactual,tight_memory,feature_mlp;gcn;graphsage,coregraph,10,profile_declared,tight_memory,hierarchical,none,none,none,NOT_APPLICABLE,NOT_APPLICABLE,CPU_COUNTERFACTUAL_THEN_T4_PROFILE,UNKNOWN_UNTIL_PILOT,BLOCKED_RESOURCE_UNMEASURED,resource_record+counterfactual_manifest,SAVED_OUTPUT_PILOT;RESOURCE_PROFILER,FULL_MUST_RUN,L4-H5
run-70c62875164ff46ada57647a,dgraphfin,resource_counterfactual,tight_memory,feature_mlp;gcn;graphsage,resource_aware_heuristic,10,profile_declared,tight_memory,heuristic,none,none,none,NOT_APPLICABLE,NOT_APPLICABLE,CPU_COUNTERFACTUAL_THEN_T4_PROFILE,UNKNOWN_UNTIL_PILOT,BLOCKED_RESOURCE_UNMEASURED,resource_record+counterfactual_manifest,SAVED_OUTPUT_PILOT;RESOURCE_PROFILER,FULL_MUST_RUN,L4-H5
run-038480e069e9fdf23d7e479a,dgraphfin,resource_counterfactual,tight_memory,feature_mlp;gcn;graphsage,cheapest_feasible_expert,10,profile_declared,tight_memory,heuristic,none,none,none,NOT_APPLICABLE,NOT_APPLICABLE,CPU_COUNTERFACTUAL_THEN_T4_PROFILE,UNKNOWN_UNTIL_PILOT,BLOCKED_RESOURCE_UNMEASURED,resource_record+counterfactual_manifest,SAVED_OUTPUT_PILOT;RESOURCE_PROFILER,FULL_MUST_RUN,L4-H5
run-9d8f33bb6593d46f7586343c,dgraphfin,resource_counterfactual,tight_latency,feature_mlp;gcn;graphsage,coregraph,1,profile_declared,tight_latency,hierarchical,none,none,none,NOT_APPLICABLE,NOT_APPLICABLE,CPU_COUNTERFACTUAL_THEN_T4_PROFILE,UNKNOWN_UNTIL_PILOT,BLOCKED_RESOURCE_UNMEASURED,resource_record+counterfactual_manifest,SAVED_OUTPUT_PILOT;RESOURCE_PROFILER,FULL_MUST_RUN,L4-H5
run-7b8c67e63caeab55defadeed,dgraphfin,resource_counterfactual,tight_latency,feature_mlp;gcn;graphsage,resource_aware_heuristic,1,profile_declared,tight_latency,heuristic,none,none,none,NOT_APPLICABLE,NOT_APPLICABLE,CPU_COUNTERFACTUAL_THEN_T4_PROFILE,UNKNOWN_UNTIL_PILOT,BLOCKED_RESOURCE_UNMEASURED,resource_record+counterfactual_manifest,SAVED_OUTPUT_PILOT;RESOURCE_PROFILER,FULL_MUST_RUN,L4-H5
run-d67fe9ebda678fd177a0e1fb,dgraphfin,resource_counterfactual,tight_latency,feature_mlp;gcn;graphsage,cheapest_feasible_expert,1,profile_declared,tight_latency,heuristic,none,none,none,NOT_APPLICABLE,NOT_APPLICABLE,CPU_COUNTERFACTUAL_THEN_T4_PROFILE,UNKNOWN_UNTIL_PILOT,BLOCKED_RESOURCE_UNMEASURED,resource_record+counterfactual_manifest,SAVED_OUTPUT_PILOT;RESOURCE_PROFILER,FULL_MUST_RUN,L4-H5
run-7febd9fb4f9524427df39e0d,dgraphfin,resource_counterfactual,tight_latency,feature_mlp;gcn;graphsage,coregraph,2,profile_declared,tight_latency,hierarchical,none,none,none,NOT_APPLICABLE,NOT_APPLICABLE,CPU_COUNTERFACTUAL_THEN_T4_PROFILE,UNKNOWN_UNTIL_PILOT,BLOCKED_RESOURCE_UNMEASURED,resource_record+counterfactual_manifest,SAVED_OUTPUT_PILOT;RESOURCE_PROFILER,FULL_MUST_RUN,L4-H5
run-ed21b9d657890d91d9620c6f,dgraphfin,resource_counterfactual,tight_latency,feature_mlp;gcn;graphsage,resource_aware_heuristic,2,profile_declared,tight_latency,heuristic,none,none,none,NOT_APPLICABLE,NOT_APPLICABLE,CPU_COUNTERFACTUAL_THEN_T4_PROFILE,UNKNOWN_UNTIL_PILOT,BLOCKED_RESOURCE_UNMEASURED,resource_record+counterfactual_manifest,SAVED_OUTPUT_PILOT;RESOURCE_PROFILER,FULL_MUST_RUN,L4-H5
run-0a2542f65451690b01e9ef91,dgraphfin,resource_counterfactual,tight_latency,feature_mlp;gcn;graphsage,cheapest_feasible_expert,2,profile_declared,tight_latency,heuristic,none,none,none,NOT_APPLICABLE,NOT_APPLICABLE,CPU_COUNTERFACTUAL_THEN_T4_PROFILE,UNKNOWN_UNTIL_PILOT,BLOCKED_RESOURCE_UNMEASURED,resource_record+counterfactual_manifest,SAVED_OUTPUT_PILOT;RESOURCE_PROFILER,FULL_MUST_RUN,L4-H5
run-78a7e3d869045e9eaf015779,dgraphfin,resource_counterfactual,tight_latency,feature_mlp;gcn;graphsage,coregraph,3,profile_declared,tight_latency,hierarchical,none,none,none,NOT_APPLICABLE,NOT_APPLICABLE,CPU_COUNTERFACTUAL_THEN_T4_PROFILE,UNKNOWN_UNTIL_PILOT,BLOCKED_RESOURCE_UNMEASURED,resource_record+counterfactual_manifest,SAVED_OUTPUT_PILOT;RESOURCE_PROFILER,FULL_MUST_RUN,L4-H5
run-f0e0a179389d38f09b708ec5,dgraphfin,resource_counterfactual,tight_latency,feature_mlp;gcn;graphsage,resource_aware_heuristic,3,profile_declared,tight_latency,heuristic,none,none,none,NOT_APPLICABLE,NOT_APPLICABLE,CPU_COUNTERFACTUAL_THEN_T4_PROFILE,UNKNOWN_UNTIL_PILOT,BLOCKED_RESOURCE_UNMEASURED,resource_record+counterfactual_manifest,SAVED_OUTPUT_PILOT;RESOURCE_PROFILER,FULL_MUST_RUN,L4-H5
run-46948fa984c95a7eb7448d83,dgraphfin,resource_counterfactual,tight_latency,feature_mlp;gcn;graphsage,cheapest_feasible_expert,3,profile_declared,tight_latency,heuristic,none,none,none,NOT_APPLICABLE,NOT_APPLICABLE,CPU_COUNTERFACTUAL_THEN_T4_PROFILE,UNKNOWN_UNTIL_PILOT,BLOCKED_RESOURCE_UNMEASURED,resource_record+counterfactual_manifest,SAVED_OUTPUT_PILOT;RESOURCE_PROFILER,FULL_MUST_RUN,L4-H5
run-9ea35a09afced7a89f704d25,dgraphfin,resource_counterfactual,tight_latency,feature_mlp;gcn;graphsage,coregraph,4,profile_declared,tight_latency,hierarchical,none,none,none,NOT_APPLICABLE,NOT_APPLICABLE,CPU_COUNTERFACTUAL_THEN_T4_PROFILE,UNKNOWN_UNTIL_PILOT,BLOCKED_RESOURCE_UNMEASURED,resource_record+counterfactual_manifest,SAVED_OUTPUT_PILOT;RESOURCE_PROFILER,FULL_MUST_RUN,L4-H5
run-d024a4909be09ac982d84357,dgraphfin,resource_counterfactual,tight_latency,feature_mlp;gcn;graphsage,resource_aware_heuristic,4,profile_declared,tight_latency,heuristic,none,none,none,NOT_APPLICABLE,NOT_APPLICABLE,CPU_COUNTERFACTUAL_THEN_T4_PROFILE,UNKNOWN_UNTIL_PILOT,BLOCKED_RESOURCE_UNMEASURED,resource_record+counterfactual_manifest,SAVED_OUTPUT_PILOT;RESOURCE_PROFILER,FULL_MUST_RUN,L4-H5
run-ebb5791b14985532c4feb342,dgraphfin,resource_counterfactual,tight_latency,feature_mlp;gcn;graphsage,cheapest_feasible_expert,4,profile_declared,tight_latency,heuristic,none,none,none,NOT_APPLICABLE,NOT_APPLICABLE,CPU_COUNTERFACTUAL_THEN_T4_PROFILE,UNKNOWN_UNTIL_PILOT,BLOCKED_RESOURCE_UNMEASURED,resource_record+counterfactual_manifest,SAVED_OUTPUT_PILOT;RESOURCE_PROFILER,FULL_MUST_RUN,L4-H5
run-f9a123a418d10d4435f62a47,dgraphfin,resource_counterfactual,tight_latency,feature_mlp;gcn;graphsage,coregraph,5,profile_declared,tight_latency,hierarchical,none,none,none,NOT_APPLICABLE,NOT_APPLICABLE,CPU_COUNTERFACTUAL_THEN_T4_PROFILE,UNKNOWN_UNTIL_PILOT,BLOCKED_RESOURCE_UNMEASURED,resource_record+counterfactual_manifest,SAVED_OUTPUT_PILOT;RESOURCE_PROFILER,FULL_MUST_RUN,L4-H5
run-0cac826279a3cc20a3132347,dgraphfin,resource_counterfactual,tight_latency,feature_mlp;gcn;graphsage,resource_aware_heuristic,5,profile_declared,tight_latency,heuristic,none,none,none,NOT_APPLICABLE,NOT_APPLICABLE,CPU_COUNTERFACTUAL_THEN_T4_PROFILE,UNKNOWN_UNTIL_PILOT,BLOCKED_RESOURCE_UNMEASURED,resource_record+counterfactual_manifest,SAVED_OUTPUT_PILOT;RESOURCE_PROFILER,FULL_MUST_RUN,L4-H5
run-d355dc76cfd76bafe31490de,dgraphfin,resource_counterfactual,tight_latency,feature_mlp;gcn;graphsage,cheapest_feasible_expert,5,profile_declared,tight_latency,heuristic,none,none,none,NOT_APPLICABLE,NOT_APPLICABLE,CPU_COUNTERFACTUAL_THEN_T4_PROFILE,UNKNOWN_UNTIL_PILOT,BLOCKED_RESOURCE_UNMEASURED,resource_record+counterfactual_manifest,SAVED_OUTPUT_PILOT;RESOURCE_PROFILER,FULL_MUST_RUN,L4-H5
run-9696c59055f96479d31995ef,dgraphfin,resource_counterfactual,tight_latency,feature_mlp;gcn;graphsage,coregraph,6,profile_declared,tight_latency,hierarchical,none,none,none,NOT_APPLICABLE,NOT_APPLICABLE,CPU_COUNTERFACTUAL_THEN_T4_PROFILE,UNKNOWN_UNTIL_PILOT,BLOCKED_RESOURCE_UNMEASURED,resource_record+counterfactual_manifest,SAVED_OUTPUT_PILOT;RESOURCE_PROFILER,FULL_MUST_RUN,L4-H5
run-3d432b0dfaf101c1e882c440,dgraphfin,resource_counterfactual,tight_latency,feature_mlp;gcn;graphsage,resource_aware_heuristic,6,profile_declared,tight_latency,heuristic,none,none,none,NOT_APPLICABLE,NOT_APPLICABLE,CPU_COUNTERFACTUAL_THEN_T4_PROFILE,UNKNOWN_UNTIL_PILOT,BLOCKED_RESOURCE_UNMEASURED,resource_record+counterfactual_manifest,SAVED_OUTPUT_PILOT;RESOURCE_PROFILER,FULL_MUST_RUN,L4-H5
run-5ab7330adc0b27dc68637fd2,dgraphfin,resource_counterfactual,tight_latency,feature_mlp;gcn;graphsage,cheapest_feasible_expert,6,profile_declared,tight_latency,heuristic,none,none,none,NOT_APPLICABLE,NOT_APPLICABLE,CPU_COUNTERFACTUAL_THEN_T4_PROFILE,UNKNOWN_UNTIL_PILOT,BLOCKED_RESOURCE_UNMEASURED,resource_record+counterfactual_manifest,SAVED_OUTPUT_PILOT;RESOURCE_PROFILER,FULL_MUST_RUN,L4-H5
run-d43ce262782b799b89d06c05,dgraphfin,resource_counterfactual,tight_latency,feature_mlp;gcn;graphsage,coregraph,7,profile_declared,tight_latency,hierarchical,none,none,none,NOT_APPLICABLE,NOT_APPLICABLE,CPU_COUNTERFACTUAL_THEN_T4_PROFILE,UNKNOWN_UNTIL_PILOT,BLOCKED_RESOURCE_UNMEASURED,resource_record+counterfactual_manifest,SAVED_OUTPUT_PILOT;RESOURCE_PROFILER,FULL_MUST_RUN,L4-H5
run-3bd0c76a5af7dc249c2a9491,dgraphfin,resource_counterfactual,tight_latency,feature_mlp;gcn;graphsage,resource_aware_heuristic,7,profile_declared,tight_latency,heuristic,none,none,none,NOT_APPLICABLE,NOT_APPLICABLE,CPU_COUNTERFACTUAL_THEN_T4_PROFILE,UNKNOWN_UNTIL_PILOT,BLOCKED_RESOURCE_UNMEASURED,resource_record+counterfactual_manifest,SAVED_OUTPUT_PILOT;RESOURCE_PROFILER,FULL_MUST_RUN,L4-H5
run-5d6273fee74794c70558bb8a,dgraphfin,resource_counterfactual,tight_latency,feature_mlp;gcn;graphsage,cheapest_feasible_expert,7,profile_declared,tight_latency,heuristic,none,none,none,NOT_APPLICABLE,NOT_APPLICABLE,CPU_COUNTERFACTUAL_THEN_T4_PROFILE,UNKNOWN_UNTIL_PILOT,BLOCKED_RESOURCE_UNMEASURED,resource_record+counterfactual_manifest,SAVED_OUTPUT_PILOT;RESOURCE_PROFILER,FULL_MUST_RUN,L4-H5
run-e51843877c933d56e809eeb9,dgraphfin,resource_counterfactual,tight_latency,feature_mlp;gcn;graphsage,coregraph,8,profile_declared,tight_latency,hierarchical,none,none,none,NOT_APPLICABLE,NOT_APPLICABLE,CPU_COUNTERFACTUAL_THEN_T4_PROFILE,UNKNOWN_UNTIL_PILOT,BLOCKED_RESOURCE_UNMEASURED,resource_record+counterfactual_manifest,SAVED_OUTPUT_PILOT;RESOURCE_PROFILER,FULL_MUST_RUN,L4-H5
run-ea5ccef8ac6353f0bd278f25,dgraphfin,resource_counterfactual,tight_latency,feature_mlp;gcn;graphsage,resource_aware_heuristic,8,profile_declared,tight_latency,heuristic,none,none,none,NOT_APPLICABLE,NOT_APPLICABLE,CPU_COUNTERFACTUAL_THEN_T4_PROFILE,UNKNOWN_UNTIL_PILOT,BLOCKED_RESOURCE_UNMEASURED,resource_record+counterfactual_manifest,SAVED_OUTPUT_PILOT;RESOURCE_PROFILER,FULL_MUST_RUN,L4-H5
run-f12ae0ab4c95b0b8f05f82cf,dgraphfin,resource_counterfactual,tight_latency,feature_mlp;gcn;graphsage,cheapest_feasible_expert,8,profile_declared,tight_latency,heuristic,none,none,none,NOT_APPLICABLE,NOT_APPLICABLE,CPU_COUNTERFACTUAL_THEN_T4_PROFILE,UNKNOWN_UNTIL_PILOT,BLOCKED_RESOURCE_UNMEASURED,resource_record+counterfactual_manifest,SAVED_OUTPUT_PILOT;RESOURCE_PROFILER,FULL_MUST_RUN,L4-H5
run-4744f8056e6d1bb2607e36c7,dgraphfin,resource_counterfactual,tight_latency,feature_mlp;gcn;graphsage,coregraph,9,profile_declared,tight_latency,hierarchical,none,none,none,NOT_APPLICABLE,NOT_APPLICABLE,CPU_COUNTERFACTUAL_THEN_T4_PROFILE,UNKNOWN_UNTIL_PILOT,BLOCKED_RESOURCE_UNMEASURED,resource_record+counterfactual_manifest,SAVED_OUTPUT_PILOT;RESOURCE_PROFILER,FULL_MUST_RUN,L4-H5
run-a9d376c1f8e229346d34a97b,dgraphfin,resource_counterfactual,tight_latency,feature_mlp;gcn;graphsage,resource_aware_heuristic,9,profile_declared,tight_latency,heuristic,none,none,none,NOT_APPLICABLE,NOT_APPLICABLE,CPU_COUNTERFACTUAL_THEN_T4_PROFILE,UNKNOWN_UNTIL_PILOT,BLOCKED_RESOURCE_UNMEASURED,resource_record+counterfactual_manifest,SAVED_OUTPUT_PILOT;RESOURCE_PROFILER,FULL_MUST_RUN,L4-H5
run-cffb998403e38e8685ee78da,dgraphfin,resource_counterfactual,tight_latency,feature_mlp;gcn;graphsage,cheapest_feasible_expert,9,profile_declared,tight_latency,heuristic,none,none,none,NOT_APPLICABLE,NOT_APPLICABLE,CPU_COUNTERFACTUAL_THEN_T4_PROFILE,UNKNOWN_UNTIL_PILOT,BLOCKED_RESOURCE_UNMEASURED,resource_record+counterfactual_manifest,SAVED_OUTPUT_PILOT;RESOURCE_PROFILER,FULL_MUST_RUN,L4-H5
run-1581e8d73a03128309ea4b30,dgraphfin,resource_counterfactual,tight_latency,feature_mlp;gcn;graphsage,coregraph,10,profile_declared,tight_latency,hierarchical,none,none,none,NOT_APPLICABLE,NOT_APPLICABLE,CPU_COUNTERFACTUAL_THEN_T4_PROFILE,UNKNOWN_UNTIL_PILOT,BLOCKED_RESOURCE_UNMEASURED,resource_record+counterfactual_manifest,SAVED_OUTPUT_PILOT;RESOURCE_PROFILER,FULL_MUST_RUN,L4-H5
run-28d25456d61712d58cac23a8,dgraphfin,resource_counterfactual,tight_latency,feature_mlp;gcn;graphsage,resource_aware_heuristic,10,profile_declared,tight_latency,heuristic,none,none,none,NOT_APPLICABLE,NOT_APPLICABLE,CPU_COUNTERFACTUAL_THEN_T4_PROFILE,UNKNOWN_UNTIL_PILOT,BLOCKED_RESOURCE_UNMEASURED,resource_record+counterfactual_manifest,SAVED_OUTPUT_PILOT;RESOURCE_PROFILER,FULL_MUST_RUN,L4-H5
run-ed209a1523c1018129362002,dgraphfin,resource_counterfactual,tight_latency,feature_mlp;gcn;graphsage,cheapest_feasible_expert,10,profile_declared,tight_latency,heuristic,none,none,none,NOT_APPLICABLE,NOT_APPLICABLE,CPU_COUNTERFACTUAL_THEN_T4_PROFILE,UNKNOWN_UNTIL_PILOT,BLOCKED_RESOURCE_UNMEASURED,resource_record+counterfactual_manifest,SAVED_OUTPUT_PILOT;RESOURCE_PROFILER,FULL_MUST_RUN,L4-H5
run-b9075fdc01964bfcf8591db1,dgraphfin,resource_counterfactual,tight_review_budget,feature_mlp;gcn;graphsage,coregraph,1,profile_declared,tight_review_budget,hierarchical,none,none,none,NOT_APPLICABLE,NOT_APPLICABLE,CPU_COUNTERFACTUAL_THEN_T4_PROFILE,UNKNOWN_UNTIL_PILOT,BLOCKED_RESOURCE_UNMEASURED,resource_record+counterfactual_manifest,SAVED_OUTPUT_PILOT;RESOURCE_PROFILER,FULL_MUST_RUN,L4-H5
run-9d36267989b67775a32ddba4,dgraphfin,resource_counterfactual,tight_review_budget,feature_mlp;gcn;graphsage,resource_aware_heuristic,1,profile_declared,tight_review_budget,heuristic,none,none,none,NOT_APPLICABLE,NOT_APPLICABLE,CPU_COUNTERFACTUAL_THEN_T4_PROFILE,UNKNOWN_UNTIL_PILOT,BLOCKED_RESOURCE_UNMEASURED,resource_record+counterfactual_manifest,SAVED_OUTPUT_PILOT;RESOURCE_PROFILER,FULL_MUST_RUN,L4-H5
run-932f5b89d2f7e708ee18f080,dgraphfin,resource_counterfactual,tight_review_budget,feature_mlp;gcn;graphsage,cheapest_feasible_expert,1,profile_declared,tight_review_budget,heuristic,none,none,none,NOT_APPLICABLE,NOT_APPLICABLE,CPU_COUNTERFACTUAL_THEN_T4_PROFILE,UNKNOWN_UNTIL_PILOT,BLOCKED_RESOURCE_UNMEASURED,resource_record+counterfactual_manifest,SAVED_OUTPUT_PILOT;RESOURCE_PROFILER,FULL_MUST_RUN,L4-H5
run-893a8b639dfc63f5aa520523,dgraphfin,resource_counterfactual,tight_review_budget,feature_mlp;gcn;graphsage,coregraph,2,profile_declared,tight_review_budget,hierarchical,none,none,none,NOT_APPLICABLE,NOT_APPLICABLE,CPU_COUNTERFACTUAL_THEN_T4_PROFILE,UNKNOWN_UNTIL_PILOT,BLOCKED_RESOURCE_UNMEASURED,resource_record+counterfactual_manifest,SAVED_OUTPUT_PILOT;RESOURCE_PROFILER,FULL_MUST_RUN,L4-H5
run-3cf4b9011f13264495fe539b,dgraphfin,resource_counterfactual,tight_review_budget,feature_mlp;gcn;graphsage,resource_aware_heuristic,2,profile_declared,tight_review_budget,heuristic,none,none,none,NOT_APPLICABLE,NOT_APPLICABLE,CPU_COUNTERFACTUAL_THEN_T4_PROFILE,UNKNOWN_UNTIL_PILOT,BLOCKED_RESOURCE_UNMEASURED,resource_record+counterfactual_manifest,SAVED_OUTPUT_PILOT;RESOURCE_PROFILER,FULL_MUST_RUN,L4-H5
run-391d7d9df443ca94483ef2a9,dgraphfin,resource_counterfactual,tight_review_budget,feature_mlp;gcn;graphsage,cheapest_feasible_expert,2,profile_declared,tight_review_budget,heuristic,none,none,none,NOT_APPLICABLE,NOT_APPLICABLE,CPU_COUNTERFACTUAL_THEN_T4_PROFILE,UNKNOWN_UNTIL_PILOT,BLOCKED_RESOURCE_UNMEASURED,resource_record+counterfactual_manifest,SAVED_OUTPUT_PILOT;RESOURCE_PROFILER,FULL_MUST_RUN,L4-H5
run-3e4da098ce2a3c54022c0716,dgraphfin,resource_counterfactual,tight_review_budget,feature_mlp;gcn;graphsage,coregraph,3,profile_declared,tight_review_budget,hierarchical,none,none,none,NOT_APPLICABLE,NOT_APPLICABLE,CPU_COUNTERFACTUAL_THEN_T4_PROFILE,UNKNOWN_UNTIL_PILOT,BLOCKED_RESOURCE_UNMEASURED,resource_record+counterfactual_manifest,SAVED_OUTPUT_PILOT;RESOURCE_PROFILER,FULL_MUST_RUN,L4-H5
run-7573fde485c31d8e6965a5aa,dgraphfin,resource_counterfactual,tight_review_budget,feature_mlp;gcn;graphsage,resource_aware_heuristic,3,profile_declared,tight_review_budget,heuristic,none,none,none,NOT_APPLICABLE,NOT_APPLICABLE,CPU_COUNTERFACTUAL_THEN_T4_PROFILE,UNKNOWN_UNTIL_PILOT,BLOCKED_RESOURCE_UNMEASURED,resource_record+counterfactual_manifest,SAVED_OUTPUT_PILOT;RESOURCE_PROFILER,FULL_MUST_RUN,L4-H5
run-0b0f614c229d5ce2c2e607dc,dgraphfin,resource_counterfactual,tight_review_budget,feature_mlp;gcn;graphsage,cheapest_feasible_expert,3,profile_declared,tight_review_budget,heuristic,none,none,none,NOT_APPLICABLE,NOT_APPLICABLE,CPU_COUNTERFACTUAL_THEN_T4_PROFILE,UNKNOWN_UNTIL_PILOT,BLOCKED_RESOURCE_UNMEASURED,resource_record+counterfactual_manifest,SAVED_OUTPUT_PILOT;RESOURCE_PROFILER,FULL_MUST_RUN,L4-H5
run-d9870e9310e6cf569073e7d3,dgraphfin,resource_counterfactual,tight_review_budget,feature_mlp;gcn;graphsage,coregraph,4,profile_declared,tight_review_budget,hierarchical,none,none,none,NOT_APPLICABLE,NOT_APPLICABLE,CPU_COUNTERFACTUAL_THEN_T4_PROFILE,UNKNOWN_UNTIL_PILOT,BLOCKED_RESOURCE_UNMEASURED,resource_record+counterfactual_manifest,SAVED_OUTPUT_PILOT;RESOURCE_PROFILER,FULL_MUST_RUN,L4-H5
run-91e236e17b0ec7dc13ad6d9d,dgraphfin,resource_counterfactual,tight_review_budget,feature_mlp;gcn;graphsage,resource_aware_heuristic,4,profile_declared,tight_review_budget,heuristic,none,none,none,NOT_APPLICABLE,NOT_APPLICABLE,CPU_COUNTERFACTUAL_THEN_T4_PROFILE,UNKNOWN_UNTIL_PILOT,BLOCKED_RESOURCE_UNMEASURED,resource_record+counterfactual_manifest,SAVED_OUTPUT_PILOT;RESOURCE_PROFILER,FULL_MUST_RUN,L4-H5
run-8f5144c56c369da2f0b74eea,dgraphfin,resource_counterfactual,tight_review_budget,feature_mlp;gcn;graphsage,cheapest_feasible_expert,4,profile_declared,tight_review_budget,heuristic,none,none,none,NOT_APPLICABLE,NOT_APPLICABLE,CPU_COUNTERFACTUAL_THEN_T4_PROFILE,UNKNOWN_UNTIL_PILOT,BLOCKED_RESOURCE_UNMEASURED,resource_record+counterfactual_manifest,SAVED_OUTPUT_PILOT;RESOURCE_PROFILER,FULL_MUST_RUN,L4-H5
run-ab5d4d4017c28047e8128f54,dgraphfin,resource_counterfactual,tight_review_budget,feature_mlp;gcn;graphsage,coregraph,5,profile_declared,tight_review_budget,hierarchical,none,none,none,NOT_APPLICABLE,NOT_APPLICABLE,CPU_COUNTERFACTUAL_THEN_T4_PROFILE,UNKNOWN_UNTIL_PILOT,BLOCKED_RESOURCE_UNMEASURED,resource_record+counterfactual_manifest,SAVED_OUTPUT_PILOT;RESOURCE_PROFILER,FULL_MUST_RUN,L4-H5
run-f31a28c776f57e64442f197c,dgraphfin,resource_counterfactual,tight_review_budget,feature_mlp;gcn;graphsage,resource_aware_heuristic,5,profile_declared,tight_review_budget,heuristic,none,none,none,NOT_APPLICABLE,NOT_APPLICABLE,CPU_COUNTERFACTUAL_THEN_T4_PROFILE,UNKNOWN_UNTIL_PILOT,BLOCKED_RESOURCE_UNMEASURED,resource_record+counterfactual_manifest,SAVED_OUTPUT_PILOT;RESOURCE_PROFILER,FULL_MUST_RUN,L4-H5
run-28eca09a906048f1614751bc,dgraphfin,resource_counterfactual,tight_review_budget,feature_mlp;gcn;graphsage,cheapest_feasible_expert,5,profile_declared,tight_review_budget,heuristic,none,none,none,NOT_APPLICABLE,NOT_APPLICABLE,CPU_COUNTERFACTUAL_THEN_T4_PROFILE,UNKNOWN_UNTIL_PILOT,BLOCKED_RESOURCE_UNMEASURED,resource_record+counterfactual_manifest,SAVED_OUTPUT_PILOT;RESOURCE_PROFILER,FULL_MUST_RUN,L4-H5
run-1702956c2187a989b6efe387,dgraphfin,resource_counterfactual,tight_review_budget,feature_mlp;gcn;graphsage,coregraph,6,profile_declared,tight_review_budget,hierarchical,none,none,none,NOT_APPLICABLE,NOT_APPLICABLE,CPU_COUNTERFACTUAL_THEN_T4_PROFILE,UNKNOWN_UNTIL_PILOT,BLOCKED_RESOURCE_UNMEASURED,resource_record+counterfactual_manifest,SAVED_OUTPUT_PILOT;RESOURCE_PROFILER,FULL_MUST_RUN,L4-H5
run-eee062d2936365a2837df411,dgraphfin,resource_counterfactual,tight_review_budget,feature_mlp;gcn;graphsage,resource_aware_heuristic,6,profile_declared,tight_review_budget,heuristic,none,none,none,NOT_APPLICABLE,NOT_APPLICABLE,CPU_COUNTERFACTUAL_THEN_T4_PROFILE,UNKNOWN_UNTIL_PILOT,BLOCKED_RESOURCE_UNMEASURED,resource_record+counterfactual_manifest,SAVED_OUTPUT_PILOT;RESOURCE_PROFILER,FULL_MUST_RUN,L4-H5
run-1090b188f4fbf3c7d1285f85,dgraphfin,resource_counterfactual,tight_review_budget,feature_mlp;gcn;graphsage,cheapest_feasible_expert,6,profile_declared,tight_review_budget,heuristic,none,none,none,NOT_APPLICABLE,NOT_APPLICABLE,CPU_COUNTERFACTUAL_THEN_T4_PROFILE,UNKNOWN_UNTIL_PILOT,BLOCKED_RESOURCE_UNMEASURED,resource_record+counterfactual_manifest,SAVED_OUTPUT_PILOT;RESOURCE_PROFILER,FULL_MUST_RUN,L4-H5
run-6d449c2021e1d3e555d8a2c6,dgraphfin,resource_counterfactual,tight_review_budget,feature_mlp;gcn;graphsage,coregraph,7,profile_declared,tight_review_budget,hierarchical,none,none,none,NOT_APPLICABLE,NOT_APPLICABLE,CPU_COUNTERFACTUAL_THEN_T4_PROFILE,UNKNOWN_UNTIL_PILOT,BLOCKED_RESOURCE_UNMEASURED,resource_record+counterfactual_manifest,SAVED_OUTPUT_PILOT;RESOURCE_PROFILER,FULL_MUST_RUN,L4-H5
run-216a5b8a08542f7a7b4058b6,dgraphfin,resource_counterfactual,tight_review_budget,feature_mlp;gcn;graphsage,resource_aware_heuristic,7,profile_declared,tight_review_budget,heuristic,none,none,none,NOT_APPLICABLE,NOT_APPLICABLE,CPU_COUNTERFACTUAL_THEN_T4_PROFILE,UNKNOWN_UNTIL_PILOT,BLOCKED_RESOURCE_UNMEASURED,resource_record+counterfactual_manifest,SAVED_OUTPUT_PILOT;RESOURCE_PROFILER,FULL_MUST_RUN,L4-H5
run-8df17aaf9755e256ec2ef324,dgraphfin,resource_counterfactual,tight_review_budget,feature_mlp;gcn;graphsage,cheapest_feasible_expert,7,profile_declared,tight_review_budget,heuristic,none,none,none,NOT_APPLICABLE,NOT_APPLICABLE,CPU_COUNTERFACTUAL_THEN_T4_PROFILE,UNKNOWN_UNTIL_PILOT,BLOCKED_RESOURCE_UNMEASURED,resource_record+counterfactual_manifest,SAVED_OUTPUT_PILOT;RESOURCE_PROFILER,FULL_MUST_RUN,L4-H5
run-d8db3950d19c769bfcc7c0cb,dgraphfin,resource_counterfactual,tight_review_budget,feature_mlp;gcn;graphsage,coregraph,8,profile_declared,tight_review_budget,hierarchical,none,none,none,NOT_APPLICABLE,NOT_APPLICABLE,CPU_COUNTERFACTUAL_THEN_T4_PROFILE,UNKNOWN_UNTIL_PILOT,BLOCKED_RESOURCE_UNMEASURED,resource_record+counterfactual_manifest,SAVED_OUTPUT_PILOT;RESOURCE_PROFILER,FULL_MUST_RUN,L4-H5
run-2e76cea30426e1db7b69ad29,dgraphfin,resource_counterfactual,tight_review_budget,feature_mlp;gcn;graphsage,resource_aware_heuristic,8,profile_declared,tight_review_budget,heuristic,none,none,none,NOT_APPLICABLE,NOT_APPLICABLE,CPU_COUNTERFACTUAL_THEN_T4_PROFILE,UNKNOWN_UNTIL_PILOT,BLOCKED_RESOURCE_UNMEASURED,resource_record+counterfactual_manifest,SAVED_OUTPUT_PILOT;RESOURCE_PROFILER,FULL_MUST_RUN,L4-H5
run-cfe004da05a65e7c7f502625,dgraphfin,resource_counterfactual,tight_review_budget,feature_mlp;gcn;graphsage,cheapest_feasible_expert,8,profile_declared,tight_review_budget,heuristic,none,none,none,NOT_APPLICABLE,NOT_APPLICABLE,CPU_COUNTERFACTUAL_THEN_T4_PROFILE,UNKNOWN_UNTIL_PILOT,BLOCKED_RESOURCE_UNMEASURED,resource_record+counterfactual_manifest,SAVED_OUTPUT_PILOT;RESOURCE_PROFILER,FULL_MUST_RUN,L4-H5
run-5af1fae196a20e3fc3bb7e0d,dgraphfin,resource_counterfactual,tight_review_budget,feature_mlp;gcn;graphsage,coregraph,9,profile_declared,tight_review_budget,hierarchical,none,none,none,NOT_APPLICABLE,NOT_APPLICABLE,CPU_COUNTERFACTUAL_THEN_T4_PROFILE,UNKNOWN_UNTIL_PILOT,BLOCKED_RESOURCE_UNMEASURED,resource_record+counterfactual_manifest,SAVED_OUTPUT_PILOT;RESOURCE_PROFILER,FULL_MUST_RUN,L4-H5
run-32db6a41a9fab181ad84e7a3,dgraphfin,resource_counterfactual,tight_review_budget,feature_mlp;gcn;graphsage,resource_aware_heuristic,9,profile_declared,tight_review_budget,heuristic,none,none,none,NOT_APPLICABLE,NOT_APPLICABLE,CPU_COUNTERFACTUAL_THEN_T4_PROFILE,UNKNOWN_UNTIL_PILOT,BLOCKED_RESOURCE_UNMEASURED,resource_record+counterfactual_manifest,SAVED_OUTPUT_PILOT;RESOURCE_PROFILER,FULL_MUST_RUN,L4-H5
run-1fe5416806023edf4b696045,dgraphfin,resource_counterfactual,tight_review_budget,feature_mlp;gcn;graphsage,cheapest_feasible_expert,9,profile_declared,tight_review_budget,heuristic,none,none,none,NOT_APPLICABLE,NOT_APPLICABLE,CPU_COUNTERFACTUAL_THEN_T4_PROFILE,UNKNOWN_UNTIL_PILOT,BLOCKED_RESOURCE_UNMEASURED,resource_record+counterfactual_manifest,SAVED_OUTPUT_PILOT;RESOURCE_PROFILER,FULL_MUST_RUN,L4-H5
run-65e3d4e95f4c4236573414eb,dgraphfin,resource_counterfactual,tight_review_budget,feature_mlp;gcn;graphsage,coregraph,10,profile_declared,tight_review_budget,hierarchical,none,none,none,NOT_APPLICABLE,NOT_APPLICABLE,CPU_COUNTERFACTUAL_THEN_T4_PROFILE,UNKNOWN_UNTIL_PILOT,BLOCKED_RESOURCE_UNMEASURED,resource_record+counterfactual_manifest,SAVED_OUTPUT_PILOT;RESOURCE_PROFILER,FULL_MUST_RUN,L4-H5
run-2f28a9b7e21918e80bb59852,dgraphfin,resource_counterfactual,tight_review_budget,feature_mlp;gcn;graphsage,resource_aware_heuristic,10,profile_declared,tight_review_budget,heuristic,none,none,none,NOT_APPLICABLE,NOT_APPLICABLE,CPU_COUNTERFACTUAL_THEN_T4_PROFILE,UNKNOWN_UNTIL_PILOT,BLOCKED_RESOURCE_UNMEASURED,resource_record+counterfactual_manifest,SAVED_OUTPUT_PILOT;RESOURCE_PROFILER,FULL_MUST_RUN,L4-H5
run-90b109b10d3a7ca163378645,dgraphfin,resource_counterfactual,tight_review_budget,feature_mlp;gcn;graphsage,cheapest_feasible_expert,10,profile_declared,tight_review_budget,heuristic,none,none,none,NOT_APPLICABLE,NOT_APPLICABLE,CPU_COUNTERFACTUAL_THEN_T4_PROFILE,UNKNOWN_UNTIL_PILOT,BLOCKED_RESOURCE_UNMEASURED,resource_record+counterfactual_manifest,SAVED_OUTPUT_PILOT;RESOURCE_PROFILER,FULL_MUST_RUN,L4-H5
run-4d5fb36249c2103d5291e65f,dgraphfin,resource_counterfactual,combined_graph_resource_shift,feature_mlp;gcn;graphsage,coregraph,1,profile_declared,combined_graph_resource_shift,hierarchical,none,none,none,NOT_APPLICABLE,NOT_APPLICABLE,CPU_COUNTERFACTUAL_THEN_T4_PROFILE,UNKNOWN_UNTIL_PILOT,BLOCKED_RESOURCE_UNMEASURED,resource_record+counterfactual_manifest,SAVED_OUTPUT_PILOT;RESOURCE_PROFILER,FULL_MUST_RUN,L4-H5
run-deaa2ce057809a87b1a06b3b,dgraphfin,resource_counterfactual,combined_graph_resource_shift,feature_mlp;gcn;graphsage,resource_aware_heuristic,1,profile_declared,combined_graph_resource_shift,heuristic,none,none,none,NOT_APPLICABLE,NOT_APPLICABLE,CPU_COUNTERFACTUAL_THEN_T4_PROFILE,UNKNOWN_UNTIL_PILOT,BLOCKED_RESOURCE_UNMEASURED,resource_record+counterfactual_manifest,SAVED_OUTPUT_PILOT;RESOURCE_PROFILER,FULL_MUST_RUN,L4-H5
run-b21ed1d179e9b8a63681ad97,dgraphfin,resource_counterfactual,combined_graph_resource_shift,feature_mlp;gcn;graphsage,cheapest_feasible_expert,1,profile_declared,combined_graph_resource_shift,heuristic,none,none,none,NOT_APPLICABLE,NOT_APPLICABLE,CPU_COUNTERFACTUAL_THEN_T4_PROFILE,UNKNOWN_UNTIL_PILOT,BLOCKED_RESOURCE_UNMEASURED,resource_record+counterfactual_manifest,SAVED_OUTPUT_PILOT;RESOURCE_PROFILER,FULL_MUST_RUN,L4-H5
run-920cf4d35d420d4d0a32f06e,dgraphfin,resource_counterfactual,combined_graph_resource_shift,feature_mlp;gcn;graphsage,coregraph,2,profile_declared,combined_graph_resource_shift,hierarchical,none,none,none,NOT_APPLICABLE,NOT_APPLICABLE,CPU_COUNTERFACTUAL_THEN_T4_PROFILE,UNKNOWN_UNTIL_PILOT,BLOCKED_RESOURCE_UNMEASURED,resource_record+counterfactual_manifest,SAVED_OUTPUT_PILOT;RESOURCE_PROFILER,FULL_MUST_RUN,L4-H5
run-6f15ffafeca004898b9a9991,dgraphfin,resource_counterfactual,combined_graph_resource_shift,feature_mlp;gcn;graphsage,resource_aware_heuristic,2,profile_declared,combined_graph_resource_shift,heuristic,none,none,none,NOT_APPLICABLE,NOT_APPLICABLE,CPU_COUNTERFACTUAL_THEN_T4_PROFILE,UNKNOWN_UNTIL_PILOT,BLOCKED_RESOURCE_UNMEASURED,resource_record+counterfactual_manifest,SAVED_OUTPUT_PILOT;RESOURCE_PROFILER,FULL_MUST_RUN,L4-H5
run-2e5b74312861542a40e394a0,dgraphfin,resource_counterfactual,combined_graph_resource_shift,feature_mlp;gcn;graphsage,cheapest_feasible_expert,2,profile_declared,combined_graph_resource_shift,heuristic,none,none,none,NOT_APPLICABLE,NOT_APPLICABLE,CPU_COUNTERFACTUAL_THEN_T4_PROFILE,UNKNOWN_UNTIL_PILOT,BLOCKED_RESOURCE_UNMEASURED,resource_record+counterfactual_manifest,SAVED_OUTPUT_PILOT;RESOURCE_PROFILER,FULL_MUST_RUN,L4-H5
run-39d4abefea379edd3fb1c380,dgraphfin,resource_counterfactual,combined_graph_resource_shift,feature_mlp;gcn;graphsage,coregraph,3,profile_declared,combined_graph_resource_shift,hierarchical,none,none,none,NOT_APPLICABLE,NOT_APPLICABLE,CPU_COUNTERFACTUAL_THEN_T4_PROFILE,UNKNOWN_UNTIL_PILOT,BLOCKED_RESOURCE_UNMEASURED,resource_record+counterfactual_manifest,SAVED_OUTPUT_PILOT;RESOURCE_PROFILER,FULL_MUST_RUN,L4-H5
run-15a5b564b117fea2c8aa85ec,dgraphfin,resource_counterfactual,combined_graph_resource_shift,feature_mlp;gcn;graphsage,resource_aware_heuristic,3,profile_declared,combined_graph_resource_shift,heuristic,none,none,none,NOT_APPLICABLE,NOT_APPLICABLE,CPU_COUNTERFACTUAL_THEN_T4_PROFILE,UNKNOWN_UNTIL_PILOT,BLOCKED_RESOURCE_UNMEASURED,resource_record+counterfactual_manifest,SAVED_OUTPUT_PILOT;RESOURCE_PROFILER,FULL_MUST_RUN,L4-H5
run-621a5711358df119ebfb13ea,dgraphfin,resource_counterfactual,combined_graph_resource_shift,feature_mlp;gcn;graphsage,cheapest_feasible_expert,3,profile_declared,combined_graph_resource_shift,heuristic,none,none,none,NOT_APPLICABLE,NOT_APPLICABLE,CPU_COUNTERFACTUAL_THEN_T4_PROFILE,UNKNOWN_UNTIL_PILOT,BLOCKED_RESOURCE_UNMEASURED,resource_record+counterfactual_manifest,SAVED_OUTPUT_PILOT;RESOURCE_PROFILER,FULL_MUST_RUN,L4-H5
run-1e6b09726716477f273573e0,dgraphfin,resource_counterfactual,combined_graph_resource_shift,feature_mlp;gcn;graphsage,coregraph,4,profile_declared,combined_graph_resource_shift,hierarchical,none,none,none,NOT_APPLICABLE,NOT_APPLICABLE,CPU_COUNTERFACTUAL_THEN_T4_PROFILE,UNKNOWN_UNTIL_PILOT,BLOCKED_RESOURCE_UNMEASURED,resource_record+counterfactual_manifest,SAVED_OUTPUT_PILOT;RESOURCE_PROFILER,FULL_MUST_RUN,L4-H5
run-d5753009d886fadd415b7395,dgraphfin,resource_counterfactual,combined_graph_resource_shift,feature_mlp;gcn;graphsage,resource_aware_heuristic,4,profile_declared,combined_graph_resource_shift,heuristic,none,none,none,NOT_APPLICABLE,NOT_APPLICABLE,CPU_COUNTERFACTUAL_THEN_T4_PROFILE,UNKNOWN_UNTIL_PILOT,BLOCKED_RESOURCE_UNMEASURED,resource_record+counterfactual_manifest,SAVED_OUTPUT_PILOT;RESOURCE_PROFILER,FULL_MUST_RUN,L4-H5
run-7c3e766d05f86427892a0e45,dgraphfin,resource_counterfactual,combined_graph_resource_shift,feature_mlp;gcn;graphsage,cheapest_feasible_expert,4,profile_declared,combined_graph_resource_shift,heuristic,none,none,none,NOT_APPLICABLE,NOT_APPLICABLE,CPU_COUNTERFACTUAL_THEN_T4_PROFILE,UNKNOWN_UNTIL_PILOT,BLOCKED_RESOURCE_UNMEASURED,resource_record+counterfactual_manifest,SAVED_OUTPUT_PILOT;RESOURCE_PROFILER,FULL_MUST_RUN,L4-H5
run-c654601a2910e51f0a1d4adf,dgraphfin,resource_counterfactual,combined_graph_resource_shift,feature_mlp;gcn;graphsage,coregraph,5,profile_declared,combined_graph_resource_shift,hierarchical,none,none,none,NOT_APPLICABLE,NOT_APPLICABLE,CPU_COUNTERFACTUAL_THEN_T4_PROFILE,UNKNOWN_UNTIL_PILOT,BLOCKED_RESOURCE_UNMEASURED,resource_record+counterfactual_manifest,SAVED_OUTPUT_PILOT;RESOURCE_PROFILER,FULL_MUST_RUN,L4-H5
run-e8e887d6e9e42f63561b34b7,dgraphfin,resource_counterfactual,combined_graph_resource_shift,feature_mlp;gcn;graphsage,resource_aware_heuristic,5,profile_declared,combined_graph_resource_shift,heuristic,none,none,none,NOT_APPLICABLE,NOT_APPLICABLE,CPU_COUNTERFACTUAL_THEN_T4_PROFILE,UNKNOWN_UNTIL_PILOT,BLOCKED_RESOURCE_UNMEASURED,resource_record+counterfactual_manifest,SAVED_OUTPUT_PILOT;RESOURCE_PROFILER,FULL_MUST_RUN,L4-H5
run-ea8a09bd681d2cabb5e71eb7,dgraphfin,resource_counterfactual,combined_graph_resource_shift,feature_mlp;gcn;graphsage,cheapest_feasible_expert,5,profile_declared,combined_graph_resource_shift,heuristic,none,none,none,NOT_APPLICABLE,NOT_APPLICABLE,CPU_COUNTERFACTUAL_THEN_T4_PROFILE,UNKNOWN_UNTIL_PILOT,BLOCKED_RESOURCE_UNMEASURED,resource_record+counterfactual_manifest,SAVED_OUTPUT_PILOT;RESOURCE_PROFILER,FULL_MUST_RUN,L4-H5
run-bca9df7c5e61b121da60a176,dgraphfin,resource_counterfactual,combined_graph_resource_shift,feature_mlp;gcn;graphsage,coregraph,6,profile_declared,combined_graph_resource_shift,hierarchical,none,none,none,NOT_APPLICABLE,NOT_APPLICABLE,CPU_COUNTERFACTUAL_THEN_T4_PROFILE,UNKNOWN_UNTIL_PILOT,BLOCKED_RESOURCE_UNMEASURED,resource_record+counterfactual_manifest,SAVED_OUTPUT_PILOT;RESOURCE_PROFILER,FULL_MUST_RUN,L4-H5
run-428f9900bc00ace28b409891,dgraphfin,resource_counterfactual,combined_graph_resource_shift,feature_mlp;gcn;graphsage,resource_aware_heuristic,6,profile_declared,combined_graph_resource_shift,heuristic,none,none,none,NOT_APPLICABLE,NOT_APPLICABLE,CPU_COUNTERFACTUAL_THEN_T4_PROFILE,UNKNOWN_UNTIL_PILOT,BLOCKED_RESOURCE_UNMEASURED,resource_record+counterfactual_manifest,SAVED_OUTPUT_PILOT;RESOURCE_PROFILER,FULL_MUST_RUN,L4-H5
run-def7725bdd1ea1385311e285,dgraphfin,resource_counterfactual,combined_graph_resource_shift,feature_mlp;gcn;graphsage,cheapest_feasible_expert,6,profile_declared,combined_graph_resource_shift,heuristic,none,none,none,NOT_APPLICABLE,NOT_APPLICABLE,CPU_COUNTERFACTUAL_THEN_T4_PROFILE,UNKNOWN_UNTIL_PILOT,BLOCKED_RESOURCE_UNMEASURED,resource_record+counterfactual_manifest,SAVED_OUTPUT_PILOT;RESOURCE_PROFILER,FULL_MUST_RUN,L4-H5
run-1e47ca5a93b06a3e6c8b8893,dgraphfin,resource_counterfactual,combined_graph_resource_shift,feature_mlp;gcn;graphsage,coregraph,7,profile_declared,combined_graph_resource_shift,hierarchical,none,none,none,NOT_APPLICABLE,NOT_APPLICABLE,CPU_COUNTERFACTUAL_THEN_T4_PROFILE,UNKNOWN_UNTIL_PILOT,BLOCKED_RESOURCE_UNMEASURED,resource_record+counterfactual_manifest,SAVED_OUTPUT_PILOT;RESOURCE_PROFILER,FULL_MUST_RUN,L4-H5
run-6975721a31ed5920bfc836a2,dgraphfin,resource_counterfactual,combined_graph_resource_shift,feature_mlp;gcn;graphsage,resource_aware_heuristic,7,profile_declared,combined_graph_resource_shift,heuristic,none,none,none,NOT_APPLICABLE,NOT_APPLICABLE,CPU_COUNTERFACTUAL_THEN_T4_PROFILE,UNKNOWN_UNTIL_PILOT,BLOCKED_RESOURCE_UNMEASURED,resource_record+counterfactual_manifest,SAVED_OUTPUT_PILOT;RESOURCE_PROFILER,FULL_MUST_RUN,L4-H5
run-18bb748cb3b711ab4bc8fc23,dgraphfin,resource_counterfactual,combined_graph_resource_shift,feature_mlp;gcn;graphsage,cheapest_feasible_expert,7,profile_declared,combined_graph_resource_shift,heuristic,none,none,none,NOT_APPLICABLE,NOT_APPLICABLE,CPU_COUNTERFACTUAL_THEN_T4_PROFILE,UNKNOWN_UNTIL_PILOT,BLOCKED_RESOURCE_UNMEASURED,resource_record+counterfactual_manifest,SAVED_OUTPUT_PILOT;RESOURCE_PROFILER,FULL_MUST_RUN,L4-H5
run-75c4ee17cb5db7dfdaa43393,dgraphfin,resource_counterfactual,combined_graph_resource_shift,feature_mlp;gcn;graphsage,coregraph,8,profile_declared,combined_graph_resource_shift,hierarchical,none,none,none,NOT_APPLICABLE,NOT_APPLICABLE,CPU_COUNTERFACTUAL_THEN_T4_PROFILE,UNKNOWN_UNTIL_PILOT,BLOCKED_RESOURCE_UNMEASURED,resource_record+counterfactual_manifest,SAVED_OUTPUT_PILOT;RESOURCE_PROFILER,FULL_MUST_RUN,L4-H5
run-1f2adc8e0394c33050df1a31,dgraphfin,resource_counterfactual,combined_graph_resource_shift,feature_mlp;gcn;graphsage,resource_aware_heuristic,8,profile_declared,combined_graph_resource_shift,heuristic,none,none,none,NOT_APPLICABLE,NOT_APPLICABLE,CPU_COUNTERFACTUAL_THEN_T4_PROFILE,UNKNOWN_UNTIL_PILOT,BLOCKED_RESOURCE_UNMEASURED,resource_record+counterfactual_manifest,SAVED_OUTPUT_PILOT;RESOURCE_PROFILER,FULL_MUST_RUN,L4-H5
run-68cacac1897e6e338bb4b5cb,dgraphfin,resource_counterfactual,combined_graph_resource_shift,feature_mlp;gcn;graphsage,cheapest_feasible_expert,8,profile_declared,combined_graph_resource_shift,heuristic,none,none,none,NOT_APPLICABLE,NOT_APPLICABLE,CPU_COUNTERFACTUAL_THEN_T4_PROFILE,UNKNOWN_UNTIL_PILOT,BLOCKED_RESOURCE_UNMEASURED,resource_record+counterfactual_manifest,SAVED_OUTPUT_PILOT;RESOURCE_PROFILER,FULL_MUST_RUN,L4-H5
run-2c13ad59c86d52b7c243f540,dgraphfin,resource_counterfactual,combined_graph_resource_shift,feature_mlp;gcn;graphsage,coregraph,9,profile_declared,combined_graph_resource_shift,hierarchical,none,none,none,NOT_APPLICABLE,NOT_APPLICABLE,CPU_COUNTERFACTUAL_THEN_T4_PROFILE,UNKNOWN_UNTIL_PILOT,BLOCKED_RESOURCE_UNMEASURED,resource_record+counterfactual_manifest,SAVED_OUTPUT_PILOT;RESOURCE_PROFILER,FULL_MUST_RUN,L4-H5
run-cc87ee7a754d4712b5e42ce0,dgraphfin,resource_counterfactual,combined_graph_resource_shift,feature_mlp;gcn;graphsage,resource_aware_heuristic,9,profile_declared,combined_graph_resource_shift,heuristic,none,none,none,NOT_APPLICABLE,NOT_APPLICABLE,CPU_COUNTERFACTUAL_THEN_T4_PROFILE,UNKNOWN_UNTIL_PILOT,BLOCKED_RESOURCE_UNMEASURED,resource_record+counterfactual_manifest,SAVED_OUTPUT_PILOT;RESOURCE_PROFILER,FULL_MUST_RUN,L4-H5
run-770de76c79e29ae1fae872a4,dgraphfin,resource_counterfactual,combined_graph_resource_shift,feature_mlp;gcn;graphsage,cheapest_feasible_expert,9,profile_declared,combined_graph_resource_shift,heuristic,none,none,none,NOT_APPLICABLE,NOT_APPLICABLE,CPU_COUNTERFACTUAL_THEN_T4_PROFILE,UNKNOWN_UNTIL_PILOT,BLOCKED_RESOURCE_UNMEASURED,resource_record+counterfactual_manifest,SAVED_OUTPUT_PILOT;RESOURCE_PROFILER,FULL_MUST_RUN,L4-H5
run-2b89e0b8269929e9a3f5beff,dgraphfin,resource_counterfactual,combined_graph_resource_shift,feature_mlp;gcn;graphsage,coregraph,10,profile_declared,combined_graph_resource_shift,hierarchical,none,none,none,NOT_APPLICABLE,NOT_APPLICABLE,CPU_COUNTERFACTUAL_THEN_T4_PROFILE,UNKNOWN_UNTIL_PILOT,BLOCKED_RESOURCE_UNMEASURED,resource_record+counterfactual_manifest,SAVED_OUTPUT_PILOT;RESOURCE_PROFILER,FULL_MUST_RUN,L4-H5
run-342fb9b11bb827ad7c70cd03,dgraphfin,resource_counterfactual,combined_graph_resource_shift,feature_mlp;gcn;graphsage,resource_aware_heuristic,10,profile_declared,combined_graph_resource_shift,heuristic,none,none,none,NOT_APPLICABLE,NOT_APPLICABLE,CPU_COUNTERFACTUAL_THEN_T4_PROFILE,UNKNOWN_UNTIL_PILOT,BLOCKED_RESOURCE_UNMEASURED,resource_record+counterfactual_manifest,SAVED_OUTPUT_PILOT;RESOURCE_PROFILER,FULL_MUST_RUN,L4-H5
run-d3dcf212c7bc4e592d59b909,dgraphfin,resource_counterfactual,combined_graph_resource_shift,feature_mlp;gcn;graphsage,cheapest_feasible_expert,10,profile_declared,combined_graph_resource_shift,heuristic,none,none,none,NOT_APPLICABLE,NOT_APPLICABLE,CPU_COUNTERFACTUAL_THEN_T4_PROFILE,UNKNOWN_UNTIL_PILOT,BLOCKED_RESOURCE_UNMEASURED,resource_record+counterfactual_manifest,SAVED_OUTPUT_PILOT;RESOURCE_PROFILER,FULL_MUST_RUN,L4-H5
run-89f008536800b2c25a436d73,dgraphfin,resource_counterfactual,dynamic_availability_change,feature_mlp;gcn;graphsage,coregraph,1,profile_declared,dynamic_availability_change,hierarchical,none,none,none,NOT_APPLICABLE,NOT_APPLICABLE,CPU_COUNTERFACTUAL_THEN_T4_PROFILE,UNKNOWN_UNTIL_PILOT,BLOCKED_RESOURCE_UNMEASURED,resource_record+counterfactual_manifest,SAVED_OUTPUT_PILOT;RESOURCE_PROFILER,FULL_MUST_RUN,L4-H5
run-39e53370aa9193ca9c052beb,dgraphfin,resource_counterfactual,dynamic_availability_change,feature_mlp;gcn;graphsage,resource_aware_heuristic,1,profile_declared,dynamic_availability_change,heuristic,none,none,none,NOT_APPLICABLE,NOT_APPLICABLE,CPU_COUNTERFACTUAL_THEN_T4_PROFILE,UNKNOWN_UNTIL_PILOT,BLOCKED_RESOURCE_UNMEASURED,resource_record+counterfactual_manifest,SAVED_OUTPUT_PILOT;RESOURCE_PROFILER,FULL_MUST_RUN,L4-H5
run-f714cb3bc8028f8e62fd92a3,dgraphfin,resource_counterfactual,dynamic_availability_change,feature_mlp;gcn;graphsage,cheapest_feasible_expert,1,profile_declared,dynamic_availability_change,heuristic,none,none,none,NOT_APPLICABLE,NOT_APPLICABLE,CPU_COUNTERFACTUAL_THEN_T4_PROFILE,UNKNOWN_UNTIL_PILOT,BLOCKED_RESOURCE_UNMEASURED,resource_record+counterfactual_manifest,SAVED_OUTPUT_PILOT;RESOURCE_PROFILER,FULL_MUST_RUN,L4-H5
run-7152aa4782484d159e497733,dgraphfin,resource_counterfactual,dynamic_availability_change,feature_mlp;gcn;graphsage,coregraph,2,profile_declared,dynamic_availability_change,hierarchical,none,none,none,NOT_APPLICABLE,NOT_APPLICABLE,CPU_COUNTERFACTUAL_THEN_T4_PROFILE,UNKNOWN_UNTIL_PILOT,BLOCKED_RESOURCE_UNMEASURED,resource_record+counterfactual_manifest,SAVED_OUTPUT_PILOT;RESOURCE_PROFILER,FULL_MUST_RUN,L4-H5
run-accd8fb3b0a0130b7fa2154d,dgraphfin,resource_counterfactual,dynamic_availability_change,feature_mlp;gcn;graphsage,resource_aware_heuristic,2,profile_declared,dynamic_availability_change,heuristic,none,none,none,NOT_APPLICABLE,NOT_APPLICABLE,CPU_COUNTERFACTUAL_THEN_T4_PROFILE,UNKNOWN_UNTIL_PILOT,BLOCKED_RESOURCE_UNMEASURED,resource_record+counterfactual_manifest,SAVED_OUTPUT_PILOT;RESOURCE_PROFILER,FULL_MUST_RUN,L4-H5
run-de060a84f6ba430f540c7be5,dgraphfin,resource_counterfactual,dynamic_availability_change,feature_mlp;gcn;graphsage,cheapest_feasible_expert,2,profile_declared,dynamic_availability_change,heuristic,none,none,none,NOT_APPLICABLE,NOT_APPLICABLE,CPU_COUNTERFACTUAL_THEN_T4_PROFILE,UNKNOWN_UNTIL_PILOT,BLOCKED_RESOURCE_UNMEASURED,resource_record+counterfactual_manifest,SAVED_OUTPUT_PILOT;RESOURCE_PROFILER,FULL_MUST_RUN,L4-H5
run-10af4f8950cbd202efa28136,dgraphfin,resource_counterfactual,dynamic_availability_change,feature_mlp;gcn;graphsage,coregraph,3,profile_declared,dynamic_availability_change,hierarchical,none,none,none,NOT_APPLICABLE,NOT_APPLICABLE,CPU_COUNTERFACTUAL_THEN_T4_PROFILE,UNKNOWN_UNTIL_PILOT,BLOCKED_RESOURCE_UNMEASURED,resource_record+counterfactual_manifest,SAVED_OUTPUT_PILOT;RESOURCE_PROFILER,FULL_MUST_RUN,L4-H5
run-9831274330e86c514a9bf1cb,dgraphfin,resource_counterfactual,dynamic_availability_change,feature_mlp;gcn;graphsage,resource_aware_heuristic,3,profile_declared,dynamic_availability_change,heuristic,none,none,none,NOT_APPLICABLE,NOT_APPLICABLE,CPU_COUNTERFACTUAL_THEN_T4_PROFILE,UNKNOWN_UNTIL_PILOT,BLOCKED_RESOURCE_UNMEASURED,resource_record+counterfactual_manifest,SAVED_OUTPUT_PILOT;RESOURCE_PROFILER,FULL_MUST_RUN,L4-H5
run-d7c8a012f5aa430eca01f910,dgraphfin,resource_counterfactual,dynamic_availability_change,feature_mlp;gcn;graphsage,cheapest_feasible_expert,3,profile_declared,dynamic_availability_change,heuristic,none,none,none,NOT_APPLICABLE,NOT_APPLICABLE,CPU_COUNTERFACTUAL_THEN_T4_PROFILE,UNKNOWN_UNTIL_PILOT,BLOCKED_RESOURCE_UNMEASURED,resource_record+counterfactual_manifest,SAVED_OUTPUT_PILOT;RESOURCE_PROFILER,FULL_MUST_RUN,L4-H5
run-52d4c58482ad26b5a5067879,dgraphfin,resource_counterfactual,dynamic_availability_change,feature_mlp;gcn;graphsage,coregraph,4,profile_declared,dynamic_availability_change,hierarchical,none,none,none,NOT_APPLICABLE,NOT_APPLICABLE,CPU_COUNTERFACTUAL_THEN_T4_PROFILE,UNKNOWN_UNTIL_PILOT,BLOCKED_RESOURCE_UNMEASURED,resource_record+counterfactual_manifest,SAVED_OUTPUT_PILOT;RESOURCE_PROFILER,FULL_MUST_RUN,L4-H5
run-3d992d6084c3e3c784d8c7b5,dgraphfin,resource_counterfactual,dynamic_availability_change,feature_mlp;gcn;graphsage,resource_aware_heuristic,4,profile_declared,dynamic_availability_change,heuristic,none,none,none,NOT_APPLICABLE,NOT_APPLICABLE,CPU_COUNTERFACTUAL_THEN_T4_PROFILE,UNKNOWN_UNTIL_PILOT,BLOCKED_RESOURCE_UNMEASURED,resource_record+counterfactual_manifest,SAVED_OUTPUT_PILOT;RESOURCE_PROFILER,FULL_MUST_RUN,L4-H5
run-c27e9f4579f0f479709ebfdd,dgraphfin,resource_counterfactual,dynamic_availability_change,feature_mlp;gcn;graphsage,cheapest_feasible_expert,4,profile_declared,dynamic_availability_change,heuristic,none,none,none,NOT_APPLICABLE,NOT_APPLICABLE,CPU_COUNTERFACTUAL_THEN_T4_PROFILE,UNKNOWN_UNTIL_PILOT,BLOCKED_RESOURCE_UNMEASURED,resource_record+counterfactual_manifest,SAVED_OUTPUT_PILOT;RESOURCE_PROFILER,FULL_MUST_RUN,L4-H5
run-cd83e250d12d44dc6ee4ed3f,dgraphfin,resource_counterfactual,dynamic_availability_change,feature_mlp;gcn;graphsage,coregraph,5,profile_declared,dynamic_availability_change,hierarchical,none,none,none,NOT_APPLICABLE,NOT_APPLICABLE,CPU_COUNTERFACTUAL_THEN_T4_PROFILE,UNKNOWN_UNTIL_PILOT,BLOCKED_RESOURCE_UNMEASURED,resource_record+counterfactual_manifest,SAVED_OUTPUT_PILOT;RESOURCE_PROFILER,FULL_MUST_RUN,L4-H5
run-b8ce3db7baa930713ecb6b5f,dgraphfin,resource_counterfactual,dynamic_availability_change,feature_mlp;gcn;graphsage,resource_aware_heuristic,5,profile_declared,dynamic_availability_change,heuristic,none,none,none,NOT_APPLICABLE,NOT_APPLICABLE,CPU_COUNTERFACTUAL_THEN_T4_PROFILE,UNKNOWN_UNTIL_PILOT,BLOCKED_RESOURCE_UNMEASURED,resource_record+counterfactual_manifest,SAVED_OUTPUT_PILOT;RESOURCE_PROFILER,FULL_MUST_RUN,L4-H5
run-1832927204275d09b8832071,dgraphfin,resource_counterfactual,dynamic_availability_change,feature_mlp;gcn;graphsage,cheapest_feasible_expert,5,profile_declared,dynamic_availability_change,heuristic,none,none,none,NOT_APPLICABLE,NOT_APPLICABLE,CPU_COUNTERFACTUAL_THEN_T4_PROFILE,UNKNOWN_UNTIL_PILOT,BLOCKED_RESOURCE_UNMEASURED,resource_record+counterfactual_manifest,SAVED_OUTPUT_PILOT;RESOURCE_PROFILER,FULL_MUST_RUN,L4-H5
run-534c1245c93181203f53ac89,dgraphfin,resource_counterfactual,dynamic_availability_change,feature_mlp;gcn;graphsage,coregraph,6,profile_declared,dynamic_availability_change,hierarchical,none,none,none,NOT_APPLICABLE,NOT_APPLICABLE,CPU_COUNTERFACTUAL_THEN_T4_PROFILE,UNKNOWN_UNTIL_PILOT,BLOCKED_RESOURCE_UNMEASURED,resource_record+counterfactual_manifest,SAVED_OUTPUT_PILOT;RESOURCE_PROFILER,FULL_MUST_RUN,L4-H5
run-6c24d64090044bca24b37942,dgraphfin,resource_counterfactual,dynamic_availability_change,feature_mlp;gcn;graphsage,resource_aware_heuristic,6,profile_declared,dynamic_availability_change,heuristic,none,none,none,NOT_APPLICABLE,NOT_APPLICABLE,CPU_COUNTERFACTUAL_THEN_T4_PROFILE,UNKNOWN_UNTIL_PILOT,BLOCKED_RESOURCE_UNMEASURED,resource_record+counterfactual_manifest,SAVED_OUTPUT_PILOT;RESOURCE_PROFILER,FULL_MUST_RUN,L4-H5
run-6a996b9acfbe22041308c0e0,dgraphfin,resource_counterfactual,dynamic_availability_change,feature_mlp;gcn;graphsage,cheapest_feasible_expert,6,profile_declared,dynamic_availability_change,heuristic,none,none,none,NOT_APPLICABLE,NOT_APPLICABLE,CPU_COUNTERFACTUAL_THEN_T4_PROFILE,UNKNOWN_UNTIL_PILOT,BLOCKED_RESOURCE_UNMEASURED,resource_record+counterfactual_manifest,SAVED_OUTPUT_PILOT;RESOURCE_PROFILER,FULL_MUST_RUN,L4-H5
run-d205838edd293abba04a5b8b,dgraphfin,resource_counterfactual,dynamic_availability_change,feature_mlp;gcn;graphsage,coregraph,7,profile_declared,dynamic_availability_change,hierarchical,none,none,none,NOT_APPLICABLE,NOT_APPLICABLE,CPU_COUNTERFACTUAL_THEN_T4_PROFILE,UNKNOWN_UNTIL_PILOT,BLOCKED_RESOURCE_UNMEASURED,resource_record+counterfactual_manifest,SAVED_OUTPUT_PILOT;RESOURCE_PROFILER,FULL_MUST_RUN,L4-H5
run-c25891e1c953c0936dbe7870,dgraphfin,resource_counterfactual,dynamic_availability_change,feature_mlp;gcn;graphsage,resource_aware_heuristic,7,profile_declared,dynamic_availability_change,heuristic,none,none,none,NOT_APPLICABLE,NOT_APPLICABLE,CPU_COUNTERFACTUAL_THEN_T4_PROFILE,UNKNOWN_UNTIL_PILOT,BLOCKED_RESOURCE_UNMEASURED,resource_record+counterfactual_manifest,SAVED_OUTPUT_PILOT;RESOURCE_PROFILER,FULL_MUST_RUN,L4-H5
run-374a92b20af8aae70e236fe8,dgraphfin,resource_counterfactual,dynamic_availability_change,feature_mlp;gcn;graphsage,cheapest_feasible_expert,7,profile_declared,dynamic_availability_change,heuristic,none,none,none,NOT_APPLICABLE,NOT_APPLICABLE,CPU_COUNTERFACTUAL_THEN_T4_PROFILE,UNKNOWN_UNTIL_PILOT,BLOCKED_RESOURCE_UNMEASURED,resource_record+counterfactual_manifest,SAVED_OUTPUT_PILOT;RESOURCE_PROFILER,FULL_MUST_RUN,L4-H5
run-baebfda0d4b25337342bdcf9,dgraphfin,resource_counterfactual,dynamic_availability_change,feature_mlp;gcn;graphsage,coregraph,8,profile_declared,dynamic_availability_change,hierarchical,none,none,none,NOT_APPLICABLE,NOT_APPLICABLE,CPU_COUNTERFACTUAL_THEN_T4_PROFILE,UNKNOWN_UNTIL_PILOT,BLOCKED_RESOURCE_UNMEASURED,resource_record+counterfactual_manifest,SAVED_OUTPUT_PILOT;RESOURCE_PROFILER,FULL_MUST_RUN,L4-H5
run-8a8d9e72a3961b27da7ba81b,dgraphfin,resource_counterfactual,dynamic_availability_change,feature_mlp;gcn;graphsage,resource_aware_heuristic,8,profile_declared,dynamic_availability_change,heuristic,none,none,none,NOT_APPLICABLE,NOT_APPLICABLE,CPU_COUNTERFACTUAL_THEN_T4_PROFILE,UNKNOWN_UNTIL_PILOT,BLOCKED_RESOURCE_UNMEASURED,resource_record+counterfactual_manifest,SAVED_OUTPUT_PILOT;RESOURCE_PROFILER,FULL_MUST_RUN,L4-H5
run-c8b0a2f347a1ff7c76c2c6bd,dgraphfin,resource_counterfactual,dynamic_availability_change,feature_mlp;gcn;graphsage,cheapest_feasible_expert,8,profile_declared,dynamic_availability_change,heuristic,none,none,none,NOT_APPLICABLE,NOT_APPLICABLE,CPU_COUNTERFACTUAL_THEN_T4_PROFILE,UNKNOWN_UNTIL_PILOT,BLOCKED_RESOURCE_UNMEASURED,resource_record+counterfactual_manifest,SAVED_OUTPUT_PILOT;RESOURCE_PROFILER,FULL_MUST_RUN,L4-H5
run-e28942705b75e3888a5846e9,dgraphfin,resource_counterfactual,dynamic_availability_change,feature_mlp;gcn;graphsage,coregraph,9,profile_declared,dynamic_availability_change,hierarchical,none,none,none,NOT_APPLICABLE,NOT_APPLICABLE,CPU_COUNTERFACTUAL_THEN_T4_PROFILE,UNKNOWN_UNTIL_PILOT,BLOCKED_RESOURCE_UNMEASURED,resource_record+counterfactual_manifest,SAVED_OUTPUT_PILOT;RESOURCE_PROFILER,FULL_MUST_RUN,L4-H5
run-8264d4bf0e13be7e02c03977,dgraphfin,resource_counterfactual,dynamic_availability_change,feature_mlp;gcn;graphsage,resource_aware_heuristic,9,profile_declared,dynamic_availability_change,heuristic,none,none,none,NOT_APPLICABLE,NOT_APPLICABLE,CPU_COUNTERFACTUAL_THEN_T4_PROFILE,UNKNOWN_UNTIL_PILOT,BLOCKED_RESOURCE_UNMEASURED,resource_record+counterfactual_manifest,SAVED_OUTPUT_PILOT;RESOURCE_PROFILER,FULL_MUST_RUN,L4-H5
run-1b5f88a6fbea8fa6a2be3348,dgraphfin,resource_counterfactual,dynamic_availability_change,feature_mlp;gcn;graphsage,cheapest_feasible_expert,9,profile_declared,dynamic_availability_change,heuristic,none,none,none,NOT_APPLICABLE,NOT_APPLICABLE,CPU_COUNTERFACTUAL_THEN_T4_PROFILE,UNKNOWN_UNTIL_PILOT,BLOCKED_RESOURCE_UNMEASURED,resource_record+counterfactual_manifest,SAVED_OUTPUT_PILOT;RESOURCE_PROFILER,FULL_MUST_RUN,L4-H5
run-7914ab6b48453a12ed7c0e33,dgraphfin,resource_counterfactual,dynamic_availability_change,feature_mlp;gcn;graphsage,coregraph,10,profile_declared,dynamic_availability_change,hierarchical,none,none,none,NOT_APPLICABLE,NOT_APPLICABLE,CPU_COUNTERFACTUAL_THEN_T4_PROFILE,UNKNOWN_UNTIL_PILOT,BLOCKED_RESOURCE_UNMEASURED,resource_record+counterfactual_manifest,SAVED_OUTPUT_PILOT;RESOURCE_PROFILER,FULL_MUST_RUN,L4-H5
run-85c4f77c9faa5b1bac5b5009,dgraphfin,resource_counterfactual,dynamic_availability_change,feature_mlp;gcn;graphsage,resource_aware_heuristic,10,profile_declared,dynamic_availability_change,heuristic,none,none,none,NOT_APPLICABLE,NOT_APPLICABLE,CPU_COUNTERFACTUAL_THEN_T4_PROFILE,UNKNOWN_UNTIL_PILOT,BLOCKED_RESOURCE_UNMEASURED,resource_record+counterfactual_manifest,SAVED_OUTPUT_PILOT;RESOURCE_PROFILER,FULL_MUST_RUN,L4-H5
run-e5cb6e836c414c66ccef8c63,dgraphfin,resource_counterfactual,dynamic_availability_change,feature_mlp;gcn;graphsage,cheapest_feasible_expert,10,profile_declared,dynamic_availability_change,heuristic,none,none,none,NOT_APPLICABLE,NOT_APPLICABLE,CPU_COUNTERFACTUAL_THEN_T4_PROFILE,UNKNOWN_UNTIL_PILOT,BLOCKED_RESOURCE_UNMEASURED,resource_record+counterfactual_manifest,SAVED_OUTPUT_PILOT;RESOURCE_PROFILER,FULL_MUST_RUN,L4-H5
