binding_id,scenario_id,base_coordinate_id,protocol,expert,seed,role,permitted_splits,evaluation_split,label_access,resource_mask,review_budget,status
binding-9e7f3c4058716955739f4c5c,scenario-0234a7202fed52f7dba3db45,7dcfe709dd044b65932327804556541b6dc1a6cab2d68ebb2cd6842d66dccec8,strict_inductive,feature_mlp,1,target,test,test,EVALUATION_ONLY_AFTER_FREEZE,all_experts_available,UNKNOWN_UNTIL_OPERATIONAL_SPEC,MATERIALISABLE_FROM_VERIFIED_LOCAL_CACHE
binding-8eb98a76c05c0bd20f11670c,scenario-0234a7202fed52f7dba3db45,7dbd3718c9680798ae3a179ef39b2b9fd59423fa1af71f26515894ba4562e649,strict_inductive,gcn,1,target,test,test,EVALUATION_ONLY_AFTER_FREEZE,all_experts_available,UNKNOWN_UNTIL_OPERATIONAL_SPEC,MATERIALISABLE_FROM_VERIFIED_LOCAL_CACHE
binding-f44a39bed5fa6fe2f7fc3797,scenario-0234a7202fed52f7dba3db45,2cefd1a6a18dcf9d93c43ac5d1cf8d5028037e704def3d280db2fae03d2d66c5,strict_inductive,graphsage,1,target,test,test,EVALUATION_ONLY_AFTER_FREEZE,all_experts_available,UNKNOWN_UNTIL_OPERATIONAL_SPEC,MATERIALISABLE_FROM_VERIFIED_LOCAL_CACHE
binding-2823906b598d03e3c8e397af,scenario-0234a7202fed52f7dba3db45,16e17eec69eaa232e7f5439ec0cba60d3d2365b1ab4d0580e54b697b1fabfe18,isolated_inductive,feature_mlp,1,source,train;validation,validation,SOURCE_LABELS_ALLOWED,all_experts_available,UNKNOWN_UNTIL_OPERATIONAL_SPEC,MATERIALISABLE_FROM_VERIFIED_LOCAL_CACHE
binding-ab43a6e44ef6fc8375ac236d,scenario-0234a7202fed52f7dba3db45,ee029153ccd0bc11672eea2f662e6e9a107791bb66a92b8b669d0f379be8f1ce,isolated_inductive,gcn,1,source,train;validation,validation,SOURCE_LABELS_ALLOWED,all_experts_available,UNKNOWN_UNTIL_OPERATIONAL_SPEC,MATERIALISABLE_FROM_VERIFIED_LOCAL_CACHE
binding-946e980b1573681a0a95d9c2,scenario-0234a7202fed52f7dba3db45,0aef2b2e82ceb2d0c5eebe81d8ce5e60981051072d72a511f65518d4ffaeab3f,isolated_inductive,graphsage,1,source,train;validation,validation,SOURCE_LABELS_ALLOWED,all_experts_available,UNKNOWN_UNTIL_OPERATIONAL_SPEC,MATERIALISABLE_FROM_VERIFIED_LOCAL_CACHE
binding-d983297c7eae8920c29ce949,scenario-0234a7202fed52f7dba3db45,2087e7f0bd0480bcd4eee435ba6bae9b728c55de5734579733c7754b56e78b53,transductive_structure,feature_mlp,1,source,train;validation,validation,SOURCE_LABELS_ALLOWED,all_experts_available,UNKNOWN_UNTIL_OPERATIONAL_SPEC,MATERIALISABLE_FROM_VERIFIED_LOCAL_CACHE
binding-2a4a204634a759bf244416c7,scenario-0234a7202fed52f7dba3db45,38c595e72c208dcc367145c5383f5c68dfa25312e94e24b07d1baa9edb139bbc,transductive_structure,gcn,1,source,train;validation,validation,SOURCE_LABELS_ALLOWED,all_experts_available,UNKNOWN_UNTIL_OPERATIONAL_SPEC,MATERIALISABLE_FROM_VERIFIED_LOCAL_CACHE
binding-bcaa250d235dbef969b279f0,scenario-0234a7202fed52f7dba3db45,7b8c61c7fa23e685f90b267f7ea37187f20f420a5f33fccfeec062198ef06156,transductive_structure,graphsage,1,source,train;validation,validation,SOURCE_LABELS_ALLOWED,all_experts_available,UNKNOWN_UNTIL_OPERATIONAL_SPEC,MATERIALISABLE_FROM_VERIFIED_LOCAL_CACHE
binding-277e16981fff3e5df8326df9,scenario-cc539dcaf41c71bdfc9dc73b,ea69dac0012c9481a31ef6f8dc512df9990143fc83e3d5f00ff0053a5cafd0fb,strict_inductive,feature_mlp,2,target,test,test,EVALUATION_ONLY_AFTER_FREEZE,all_experts_available,UNKNOWN_UNTIL_OPERATIONAL_SPEC,MATERIALISABLE_FROM_VERIFIED_LOCAL_CACHE
binding-c9f24f9fc6c11e380ea51baa,scenario-cc539dcaf41c71bdfc9dc73b,e02570a0d493d604704523c99c7e7d4a4b5b9802c2773b69b94bb5580a1c3e70,strict_inductive,gcn,2,target,test,test,EVALUATION_ONLY_AFTER_FREEZE,all_experts_available,UNKNOWN_UNTIL_OPERATIONAL_SPEC,MATERIALISABLE_FROM_VERIFIED_LOCAL_CACHE
binding-fc18e35cb69606c8618aba90,scenario-cc539dcaf41c71bdfc9dc73b,649948f85d2a72ae2834e5741070085a3d8890c58ae236bb61ad357b74777c5d,strict_inductive,graphsage,2,target,test,test,EVALUATION_ONLY_AFTER_FREEZE,all_experts_available,UNKNOWN_UNTIL_OPERATIONAL_SPEC,MATERIALISABLE_FROM_VERIFIED_LOCAL_CACHE
binding-0486ffb39654f7f2b22b6131,scenario-cc539dcaf41c71bdfc9dc73b,836c12477430d8fedb66454cf5f84257bb28b5705df62ea245e6c45005070268,isolated_inductive,feature_mlp,2,source,train;validation,validation,SOURCE_LABELS_ALLOWED,all_experts_available,UNKNOWN_UNTIL_OPERATIONAL_SPEC,MATERIALISABLE_FROM_VERIFIED_LOCAL_CACHE
binding-d93ee795c1eb41388bdd4e61,scenario-cc539dcaf41c71bdfc9dc73b,f8d4c65af1571a7197340c48c7a7b68abb14f322552a436dd4c57819a1e018fc,isolated_inductive,gcn,2,source,train;validation,validation,SOURCE_LABELS_ALLOWED,all_experts_available,UNKNOWN_UNTIL_OPERATIONAL_SPEC,MATERIALISABLE_FROM_VERIFIED_LOCAL_CACHE
binding-55c552dd0ec38fde5320ff5b,scenario-cc539dcaf41c71bdfc9dc73b,7942161b606b38cad5c6684f3412d7169bef94000311037aad02c2c6ba3f0175,isolated_inductive,graphsage,2,source,train;validation,validation,SOURCE_LABELS_ALLOWED,all_experts_available,UNKNOWN_UNTIL_OPERATIONAL_SPEC,MATERIALISABLE_FROM_VERIFIED_LOCAL_CACHE
binding-8b99357b2b812f60f445f182,scenario-cc539dcaf41c71bdfc9dc73b,8aec4dba6e3bd27c5f77ae2e0580c5622c35e540946a6804f3c852e55dac8bbc,transductive_structure,feature_mlp,2,source,train;validation,validation,SOURCE_LABELS_ALLOWED,all_experts_available,UNKNOWN_UNTIL_OPERATIONAL_SPEC,MATERIALISABLE_FROM_VERIFIED_LOCAL_CACHE
binding-24dc7068fb4a5d44efcec5ac,scenario-cc539dcaf41c71bdfc9dc73b,ebf7b76ccb77a8d91fe3627a897cdc094a3fe2137bc534354a520cec601ba855,transductive_structure,gcn,2,source,train;validation,validation,SOURCE_LABELS_ALLOWED,all_experts_available,UNKNOWN_UNTIL_OPERATIONAL_SPEC,MATERIALISABLE_FROM_VERIFIED_LOCAL_CACHE
binding-f9254e083b1c8df27d8cd93d,scenario-cc539dcaf41c71bdfc9dc73b,6b6e09d5a0208e50068bb14a20533623acb02239a3671fc6165fe5ec9c2f4a76,transductive_structure,graphsage,2,source,train;validation,validation,SOURCE_LABELS_ALLOWED,all_experts_available,UNKNOWN_UNTIL_OPERATIONAL_SPEC,MATERIALISABLE_FROM_VERIFIED_LOCAL_CACHE
binding-264265f70a55e58e581609df,scenario-350758023f31831bb84d7d1e,cb261392c80665327080dffe40feb95c8755e7b598042d512362540cf4738d04,strict_inductive,feature_mlp,3,target,test,test,EVALUATION_ONLY_AFTER_FREEZE,all_experts_available,UNKNOWN_UNTIL_OPERATIONAL_SPEC,MATERIALISABLE_FROM_VERIFIED_LOCAL_CACHE
binding-71af9dc8378fd8ff9a49758f,scenario-350758023f31831bb84d7d1e,9862792a2c3b130795585d5e2ab571ff0fae898332800fadf19fe2faa483f506,strict_inductive,gcn,3,target,test,test,EVALUATION_ONLY_AFTER_FREEZE,all_experts_available,UNKNOWN_UNTIL_OPERATIONAL_SPEC,MATERIALISABLE_FROM_VERIFIED_LOCAL_CACHE
binding-5390a99806a1af412561e226,scenario-350758023f31831bb84d7d1e,13eea981784dde22252688c8c686658f7da132ae76f71b8d983a54fd68002637,strict_inductive,graphsage,3,target,test,test,EVALUATION_ONLY_AFTER_FREEZE,all_experts_available,UNKNOWN_UNTIL_OPERATIONAL_SPEC,MATERIALISABLE_FROM_VERIFIED_LOCAL_CACHE
binding-2592ce71402e56c2de998bba,scenario-350758023f31831bb84d7d1e,f95bb21b049e142f7d6730166d9ae53ea64b11c3a76ed2124da3b7113407cfa2,isolated_inductive,feature_mlp,3,source,train;validation,validation,SOURCE_LABELS_ALLOWED,all_experts_available,UNKNOWN_UNTIL_OPERATIONAL_SPEC,MATERIALISABLE_FROM_VERIFIED_LOCAL_CACHE
binding-b08794014f95e7e9f1602a04,scenario-350758023f31831bb84d7d1e,960fb930d657634e38cb91078ed64d107972340c874d2e287792f1a7a3732e6f,isolated_inductive,gcn,3,source,train;validation,validation,SOURCE_LABELS_ALLOWED,all_experts_available,UNKNOWN_UNTIL_OPERATIONAL_SPEC,MATERIALISABLE_FROM_VERIFIED_LOCAL_CACHE
binding-e823089eb53e78cc249a1e30,scenario-350758023f31831bb84d7d1e,7a08ffcd64d7582fe380616b1911635c90a7d9df60af400a7c453812d3792f7e,isolated_inductive,graphsage,3,source,train;validation,validation,SOURCE_LABELS_ALLOWED,all_experts_available,UNKNOWN_UNTIL_OPERATIONAL_SPEC,MATERIALISABLE_FROM_VERIFIED_LOCAL_CACHE
binding-4c6a49306c67be9819ca7348,scenario-350758023f31831bb84d7d1e,6fdef3ca0e6ecdde3f57f3e2b3cbf9ec975a0f1629a128d159d14560d417d0a0,transductive_structure,feature_mlp,3,source,train;validation,validation,SOURCE_LABELS_ALLOWED,all_experts_available,UNKNOWN_UNTIL_OPERATIONAL_SPEC,MATERIALISABLE_FROM_VERIFIED_LOCAL_CACHE
binding-23bae4d07c64f70e5df12bcc,scenario-350758023f31831bb84d7d1e,ff7e5e2c5900f5c260c209787181ee70c9878a5557d7e6cf2ac9587769c2ef05,transductive_structure,gcn,3,source,train;validation,validation,SOURCE_LABELS_ALLOWED,all_experts_available,UNKNOWN_UNTIL_OPERATIONAL_SPEC,MATERIALISABLE_FROM_VERIFIED_LOCAL_CACHE
binding-03250d6e1cec9bcdd548c965,scenario-350758023f31831bb84d7d1e,e9829f9239cbb8d827d55c3701493c2815562a70357e3cd208bebea664cac7fb,transductive_structure,graphsage,3,source,train;validation,validation,SOURCE_LABELS_ALLOWED,all_experts_available,UNKNOWN_UNTIL_OPERATIONAL_SPEC,MATERIALISABLE_FROM_VERIFIED_LOCAL_CACHE
binding-89c5d4761cc8eb466ceb20d7,scenario-c949682b1a540d55687d540f,8d7d67f9dd8cb9556ce3bfeabc9e654a342055d11d6558b195253916185bed0a,strict_inductive,feature_mlp,4,target,test,test,EVALUATION_ONLY_AFTER_FREEZE,all_experts_available,UNKNOWN_UNTIL_OPERATIONAL_SPEC,MATERIALISABLE_FROM_VERIFIED_LOCAL_CACHE
binding-6b108f1cd4bdd6a4ea275a1a,scenario-c949682b1a540d55687d540f,66cd63ce5ed06c7afec540df7e29bf73d7c53f0b5db9fe906c058c9e57402d1f,strict_inductive,gcn,4,target,test,test,EVALUATION_ONLY_AFTER_FREEZE,all_experts_available,UNKNOWN_UNTIL_OPERATIONAL_SPEC,MATERIALISABLE_FROM_VERIFIED_LOCAL_CACHE
binding-1561376b35cf8b9bab84df37,scenario-c949682b1a540d55687d540f,55b209474dcceb89dc835323abbfc1ab201b5f5e159f3d1475be030fc95e7b3d,strict_inductive,graphsage,4,target,test,test,EVALUATION_ONLY_AFTER_FREEZE,all_experts_available,UNKNOWN_UNTIL_OPERATIONAL_SPEC,MATERIALISABLE_FROM_VERIFIED_LOCAL_CACHE
binding-a23ddce5c2589426708e8ffb,scenario-c949682b1a540d55687d540f,64792b5062ada49f3b8b8e728db96160a75d43fb3b7b4935055e7df68b95f4dd,isolated_inductive,feature_mlp,4,source,train;validation,validation,SOURCE_LABELS_ALLOWED,all_experts_available,UNKNOWN_UNTIL_OPERATIONAL_SPEC,MATERIALISABLE_FROM_VERIFIED_LOCAL_CACHE
binding-692e2ecfaf582c605812d5c5,scenario-c949682b1a540d55687d540f,92bbf278a2912b0f8bb26525d0153e99ad1298e4227b4be8770825557158e124,isolated_inductive,gcn,4,source,train;validation,validation,SOURCE_LABELS_ALLOWED,all_experts_available,UNKNOWN_UNTIL_OPERATIONAL_SPEC,MATERIALISABLE_FROM_VERIFIED_LOCAL_CACHE
binding-1d772dcf05ac51d7c0adc3b2,scenario-c949682b1a540d55687d540f,530a58845e8bb3bea44f136ace941f014a43a81dcb879a88505fba898b002c45,isolated_inductive,graphsage,4,source,train;validation,validation,SOURCE_LABELS_ALLOWED,all_experts_available,UNKNOWN_UNTIL_OPERATIONAL_SPEC,MATERIALISABLE_FROM_VERIFIED_LOCAL_CACHE
binding-3191746cc7a006fa7e464d43,scenario-c949682b1a540d55687d540f,fac4857fc2700d65b4c8efef79306353a086e1092304cc9c48e0f8119bfac1ac,transductive_structure,feature_mlp,4,source,train;validation,validation,SOURCE_LABELS_ALLOWED,all_experts_available,UNKNOWN_UNTIL_OPERATIONAL_SPEC,MATERIALISABLE_FROM_VERIFIED_LOCAL_CACHE
binding-ab41282ec6c89ca38d6e0b99,scenario-c949682b1a540d55687d540f,c482efeae8a013e5b9f8d34c3ec83cad6f0e3593cfe736070d9dd63ff518b44f,transductive_structure,gcn,4,source,train;validation,validation,SOURCE_LABELS_ALLOWED,all_experts_available,UNKNOWN_UNTIL_OPERATIONAL_SPEC,MATERIALISABLE_FROM_VERIFIED_LOCAL_CACHE
binding-d20bd70e09149d9b9f22418e,scenario-c949682b1a540d55687d540f,ab27a47b0aec2e56be7cc2a06da5bd6df28d1c7cc3feb3363b2cbf92d410f2eb,transductive_structure,graphsage,4,source,train;validation,validation,SOURCE_LABELS_ALLOWED,all_experts_available,UNKNOWN_UNTIL_OPERATIONAL_SPEC,MATERIALISABLE_FROM_VERIFIED_LOCAL_CACHE
binding-8e5826fd4c6b67f3e06e850e,scenario-9d6ecf1320d8b0797fa63772,b76a0a629899e7e024469f79a5303ca819a6d748072ac5f3fdab0216ea11e35f,strict_inductive,feature_mlp,5,target,test,test,EVALUATION_ONLY_AFTER_FREEZE,all_experts_available,UNKNOWN_UNTIL_OPERATIONAL_SPEC,MATERIALISABLE_FROM_VERIFIED_LOCAL_CACHE
binding-1b47fc618b868b7c6bff64d7,scenario-9d6ecf1320d8b0797fa63772,2070f94c3c92ba3fbca7d7e37532ce7436b2132df7447925c47572625eb38fa3,strict_inductive,gcn,5,target,test,test,EVALUATION_ONLY_AFTER_FREEZE,all_experts_available,UNKNOWN_UNTIL_OPERATIONAL_SPEC,MATERIALISABLE_FROM_VERIFIED_LOCAL_CACHE
binding-162314dcee3caf1d8052b43b,scenario-9d6ecf1320d8b0797fa63772,c59001e133e57f2afe72e3e95993393e9c204f41dce8871750b500984e1d8c3e,strict_inductive,graphsage,5,target,test,test,EVALUATION_ONLY_AFTER_FREEZE,all_experts_available,UNKNOWN_UNTIL_OPERATIONAL_SPEC,MATERIALISABLE_FROM_VERIFIED_LOCAL_CACHE
binding-1efd7def28aa4f0a736be881,scenario-9d6ecf1320d8b0797fa63772,7cc7513eaef30ea87190177bdf1b70ad196fb96544239b1d30ab28363fd06c7b,isolated_inductive,feature_mlp,5,source,train;validation,validation,SOURCE_LABELS_ALLOWED,all_experts_available,UNKNOWN_UNTIL_OPERATIONAL_SPEC,MATERIALISABLE_FROM_VERIFIED_LOCAL_CACHE
binding-7e8f903e63f25356d7b935e6,scenario-9d6ecf1320d8b0797fa63772,fc8ebcab24e72c52e48fc0fc5040bf0913525e0211b12a5c848627a7c6a4fd30,isolated_inductive,gcn,5,source,train;validation,validation,SOURCE_LABELS_ALLOWED,all_experts_available,UNKNOWN_UNTIL_OPERATIONAL_SPEC,MATERIALISABLE_FROM_VERIFIED_LOCAL_CACHE
binding-c597ccd98cd72a22be1c1173,scenario-9d6ecf1320d8b0797fa63772,9c6359637b832d135773cd2eb758bbd4629e7b2b24194bdc6fc8508b8c582ff5,isolated_inductive,graphsage,5,source,train;validation,validation,SOURCE_LABELS_ALLOWED,all_experts_available,UNKNOWN_UNTIL_OPERATIONAL_SPEC,MATERIALISABLE_FROM_VERIFIED_LOCAL_CACHE
binding-057f2a631bad53307b282507,scenario-9d6ecf1320d8b0797fa63772,a1875e4b7e3bbbc2c45a3672ccc21b075176ec3ebcb187050ae9a3a28cc60558,transductive_structure,feature_mlp,5,source,train;validation,validation,SOURCE_LABELS_ALLOWED,all_experts_available,UNKNOWN_UNTIL_OPERATIONAL_SPEC,MATERIALISABLE_FROM_VERIFIED_LOCAL_CACHE
binding-f993d7532a8119c6cf39d6b9,scenario-9d6ecf1320d8b0797fa63772,4205813865ac445a9361d66739960bf450a16ae20aa5570d574ee1290d6bd566,transductive_structure,gcn,5,source,train;validation,validation,SOURCE_LABELS_ALLOWED,all_experts_available,UNKNOWN_UNTIL_OPERATIONAL_SPEC,MATERIALISABLE_FROM_VERIFIED_LOCAL_CACHE
binding-2db4900491b16a44df44d404,scenario-9d6ecf1320d8b0797fa63772,1bd4e09b477a893bbdf696e3590514874f005108cca6a2ef1af0ed18f45dd7cb,transductive_structure,graphsage,5,source,train;validation,validation,SOURCE_LABELS_ALLOWED,all_experts_available,UNKNOWN_UNTIL_OPERATIONAL_SPEC,MATERIALISABLE_FROM_VERIFIED_LOCAL_CACHE
binding-a353fcfc5f84b959c686eb5a,scenario-c51365541cd41cf288508464,5f07e52e3369933ff796d4291649444b15bf4ef64792c46e0e6687afd83d1623,strict_inductive,feature_mlp,6,target,test,test,EVALUATION_ONLY_AFTER_FREEZE,all_experts_available,UNKNOWN_UNTIL_OPERATIONAL_SPEC,MATERIALISABLE_FROM_VERIFIED_LOCAL_CACHE
binding-3f84a3e0ce4fe3c46122b150,scenario-c51365541cd41cf288508464,25aecff71b6d2e5b00b1e9ce682a47f2d74400c64de7ae08995259bb88b117b3,strict_inductive,gcn,6,target,test,test,EVALUATION_ONLY_AFTER_FREEZE,all_experts_available,UNKNOWN_UNTIL_OPERATIONAL_SPEC,MATERIALISABLE_FROM_VERIFIED_LOCAL_CACHE
binding-cbccb18d0ab1386ec64850e9,scenario-c51365541cd41cf288508464,d73dbaa3e4a387061a70a51df47520f41185ec9d2dd6f30a1cd467ac2ae58c8c,strict_inductive,graphsage,6,target,test,test,EVALUATION_ONLY_AFTER_FREEZE,all_experts_available,UNKNOWN_UNTIL_OPERATIONAL_SPEC,MATERIALISABLE_FROM_VERIFIED_LOCAL_CACHE
binding-a7698b4411848e7456a00528,scenario-c51365541cd41cf288508464,4efc48eb5954dfbf1ddf316c20830251bbe3c592f1d6c0a5807b6c4617f73af4,isolated_inductive,feature_mlp,6,source,train;validation,validation,SOURCE_LABELS_ALLOWED,all_experts_available,UNKNOWN_UNTIL_OPERATIONAL_SPEC,MATERIALISABLE_FROM_VERIFIED_LOCAL_CACHE
binding-da719c91d782fcc3b1f1178d,scenario-c51365541cd41cf288508464,9bbecf623a1014267b04e8f962047d196ec38e46097cdfb8dd89a4d356304028,isolated_inductive,gcn,6,source,train;validation,validation,SOURCE_LABELS_ALLOWED,all_experts_available,UNKNOWN_UNTIL_OPERATIONAL_SPEC,MATERIALISABLE_FROM_VERIFIED_LOCAL_CACHE
binding-a4a20a7e651157ed5ea4510e,scenario-c51365541cd41cf288508464,183635a5912e6f32b5628c7fd95e8014cbf3e26f2ad3de64abaad3bc82f8f183,isolated_inductive,graphsage,6,source,train;validation,validation,SOURCE_LABELS_ALLOWED,all_experts_available,UNKNOWN_UNTIL_OPERATIONAL_SPEC,MATERIALISABLE_FROM_VERIFIED_LOCAL_CACHE
binding-aabf9b93bbfb990d8ee7e0ee,scenario-c51365541cd41cf288508464,6ae249aa0bf5a510a5b24be85b06eebae946dc3084bf25e861b5808430ba5f18,transductive_structure,feature_mlp,6,source,train;validation,validation,SOURCE_LABELS_ALLOWED,all_experts_available,UNKNOWN_UNTIL_OPERATIONAL_SPEC,MATERIALISABLE_FROM_VERIFIED_LOCAL_CACHE
binding-3fd7b81327cfa1d4a57752c8,scenario-c51365541cd41cf288508464,2652124bba71270a870dcf48a7a52814961c7eafe8fefa7d145942bfdaaa855a,transductive_structure,gcn,6,source,train;validation,validation,SOURCE_LABELS_ALLOWED,all_experts_available,UNKNOWN_UNTIL_OPERATIONAL_SPEC,MATERIALISABLE_FROM_VERIFIED_LOCAL_CACHE
binding-c99bcfa442749e0643158cf2,scenario-c51365541cd41cf288508464,92a01a9e6a6f969cc027cda420a73a14a42472bab778c53b467d6a21f40a3432,transductive_structure,graphsage,6,source,train;validation,validation,SOURCE_LABELS_ALLOWED,all_experts_available,UNKNOWN_UNTIL_OPERATIONAL_SPEC,MATERIALISABLE_FROM_VERIFIED_LOCAL_CACHE
binding-051ba19023f5af23fd32e776,scenario-b3d034413de438245eea70c5,dae43e4a26bcde3a091f38e1d2065970e00cf8c1dfa8a588822f2d0ce0539e08,strict_inductive,feature_mlp,7,target,test,test,EVALUATION_ONLY_AFTER_FREEZE,all_experts_available,UNKNOWN_UNTIL_OPERATIONAL_SPEC,MATERIALISABLE_FROM_VERIFIED_LOCAL_CACHE
binding-75f7083cda8475bf9a533f66,scenario-b3d034413de438245eea70c5,7ef8474190838a52f64598251056f63f9dc80628c7f2971cc39da91e5f77296a,strict_inductive,gcn,7,target,test,test,EVALUATION_ONLY_AFTER_FREEZE,all_experts_available,UNKNOWN_UNTIL_OPERATIONAL_SPEC,MATERIALISABLE_FROM_VERIFIED_LOCAL_CACHE
binding-2196165b2cb1cbe7183be091,scenario-b3d034413de438245eea70c5,611bbcb78c717dd34c70ce140645b6b5d870fba32f03e03f8a8fa9db7d339e73,strict_inductive,graphsage,7,target,test,test,EVALUATION_ONLY_AFTER_FREEZE,all_experts_available,UNKNOWN_UNTIL_OPERATIONAL_SPEC,MATERIALISABLE_FROM_VERIFIED_LOCAL_CACHE
binding-6d3eaea90531fc9339c272b1,scenario-b3d034413de438245eea70c5,c6e3f6cbde68d1eda200a072ac4237435ab48efa1ad177d3a9a52c28528fe345,isolated_inductive,feature_mlp,7,source,train;validation,validation,SOURCE_LABELS_ALLOWED,all_experts_available,UNKNOWN_UNTIL_OPERATIONAL_SPEC,MATERIALISABLE_FROM_VERIFIED_LOCAL_CACHE
binding-aecc2b6d594df4d83e343458,scenario-b3d034413de438245eea70c5,0aa5c3704989735ce8ff0e6dc3e311746b1d9739d1e400cbce8cbe600711dbf9,isolated_inductive,gcn,7,source,train;validation,validation,SOURCE_LABELS_ALLOWED,all_experts_available,UNKNOWN_UNTIL_OPERATIONAL_SPEC,MATERIALISABLE_FROM_VERIFIED_LOCAL_CACHE
binding-5ca14ac7ffee1ace35611638,scenario-b3d034413de438245eea70c5,ca0e2769d397b7a6f21345517073a8edcc824b6a8ca6ade0b217dd98830ea235,isolated_inductive,graphsage,7,source,train;validation,validation,SOURCE_LABELS_ALLOWED,all_experts_available,UNKNOWN_UNTIL_OPERATIONAL_SPEC,MATERIALISABLE_FROM_VERIFIED_LOCAL_CACHE
binding-516e5e9e5b0561853cf284fa,scenario-b3d034413de438245eea70c5,1628d0f6792faf4dd6b339175d7c60a0b265e30781eb15d5b75d468245253266,transductive_structure,feature_mlp,7,source,train;validation,validation,SOURCE_LABELS_ALLOWED,all_experts_available,UNKNOWN_UNTIL_OPERATIONAL_SPEC,MATERIALISABLE_FROM_VERIFIED_LOCAL_CACHE
binding-5db855f16f277f24779e4d47,scenario-b3d034413de438245eea70c5,3cb3e761964fe17cdcc4cbdce77e826f078fd4030e386603116c560116c4d6c3,transductive_structure,gcn,7,source,train;validation,validation,SOURCE_LABELS_ALLOWED,all_experts_available,UNKNOWN_UNTIL_OPERATIONAL_SPEC,MATERIALISABLE_FROM_VERIFIED_LOCAL_CACHE
binding-87df3bea709823165adf172c,scenario-b3d034413de438245eea70c5,a7d5de8b2d66061cd9614dfbc3572880171c61fd8bee5e683db0d424d67944b4,transductive_structure,graphsage,7,source,train;validation,validation,SOURCE_LABELS_ALLOWED,all_experts_available,UNKNOWN_UNTIL_OPERATIONAL_SPEC,MATERIALISABLE_FROM_VERIFIED_LOCAL_CACHE
binding-50b9c363eca92af925fa06f5,scenario-ad31926c0a7dfcf08b4bbef8,f88fc8784787f54a41ce60eabba47e56430035ed39375c79e2f9bff6f3762020,strict_inductive,feature_mlp,8,target,test,test,EVALUATION_ONLY_AFTER_FREEZE,all_experts_available,UNKNOWN_UNTIL_OPERATIONAL_SPEC,MATERIALISABLE_FROM_VERIFIED_LOCAL_CACHE
binding-22f425342199ef16dc259a9d,scenario-ad31926c0a7dfcf08b4bbef8,51a24d05aaffcb2eced5197e817823afb73767f9df75e4a88db07d9e379a23bd,strict_inductive,gcn,8,target,test,test,EVALUATION_ONLY_AFTER_FREEZE,all_experts_available,UNKNOWN_UNTIL_OPERATIONAL_SPEC,MATERIALISABLE_FROM_VERIFIED_LOCAL_CACHE
binding-48e67ddb003dad67ad00ac57,scenario-ad31926c0a7dfcf08b4bbef8,d1c492ef1e2f790358d91e5eee6cf2fc989cfbb7b18c01043486c4ca67989e57,strict_inductive,graphsage,8,target,test,test,EVALUATION_ONLY_AFTER_FREEZE,all_experts_available,UNKNOWN_UNTIL_OPERATIONAL_SPEC,MATERIALISABLE_FROM_VERIFIED_LOCAL_CACHE
binding-384920f7d7e7bb9f36372bbf,scenario-ad31926c0a7dfcf08b4bbef8,6e9af7eb01976836967169ec25229405f1f9b6b8ef36f157eba22aaf53b108d3,isolated_inductive,feature_mlp,8,source,train;validation,validation,SOURCE_LABELS_ALLOWED,all_experts_available,UNKNOWN_UNTIL_OPERATIONAL_SPEC,MATERIALISABLE_FROM_VERIFIED_LOCAL_CACHE
binding-6a952405b2f2364098f58edd,scenario-ad31926c0a7dfcf08b4bbef8,ca1436c560eb08fa7947b3d74fcc112a2f7332f1103cd41b8ca720c4fbed3ce6,isolated_inductive,gcn,8,source,train;validation,validation,SOURCE_LABELS_ALLOWED,all_experts_available,UNKNOWN_UNTIL_OPERATIONAL_SPEC,MATERIALISABLE_FROM_VERIFIED_LOCAL_CACHE
binding-31ffe4fa6994853aeb0a785b,scenario-ad31926c0a7dfcf08b4bbef8,e69f98f51516ca8fdad5d8c15ab11e78a9fb9dda3cf79de5de2d75731d7f66c4,isolated_inductive,graphsage,8,source,train;validation,validation,SOURCE_LABELS_ALLOWED,all_experts_available,UNKNOWN_UNTIL_OPERATIONAL_SPEC,MATERIALISABLE_FROM_VERIFIED_LOCAL_CACHE
binding-727d81a13cc42166798c53f3,scenario-ad31926c0a7dfcf08b4bbef8,6c042a089f9de7d72d5691297b087e825f16ccf51baa3b356a53ded8c7011a91,transductive_structure,feature_mlp,8,source,train;validation,validation,SOURCE_LABELS_ALLOWED,all_experts_available,UNKNOWN_UNTIL_OPERATIONAL_SPEC,MATERIALISABLE_FROM_VERIFIED_LOCAL_CACHE
binding-c9d635fc097a0ba233470881,scenario-ad31926c0a7dfcf08b4bbef8,0016f344ece91d9e648acaa575622bfb45bc255566fb770fae5eea3e250b027d,transductive_structure,gcn,8,source,train;validation,validation,SOURCE_LABELS_ALLOWED,all_experts_available,UNKNOWN_UNTIL_OPERATIONAL_SPEC,MATERIALISABLE_FROM_VERIFIED_LOCAL_CACHE
binding-2e73a43250e4906a172928c6,scenario-ad31926c0a7dfcf08b4bbef8,5368ff45da484caab02c506ab5fc6a4344d357a3d9307634cb508ed021f62494,transductive_structure,graphsage,8,source,train;validation,validation,SOURCE_LABELS_ALLOWED,all_experts_available,UNKNOWN_UNTIL_OPERATIONAL_SPEC,MATERIALISABLE_FROM_VERIFIED_LOCAL_CACHE
binding-aac6d18ee4fef2302ebbcd1d,scenario-947e815f03f380574a0890d7,5fe7faaab6618fa32997e15b6bd7a509889f900a179fe7e3fd83e6fbee08b8ba,strict_inductive,feature_mlp,9,target,test,test,EVALUATION_ONLY_AFTER_FREEZE,all_experts_available,UNKNOWN_UNTIL_OPERATIONAL_SPEC,MATERIALISABLE_FROM_VERIFIED_LOCAL_CACHE
binding-18fce3d02ddbb81db8967bb6,scenario-947e815f03f380574a0890d7,ae877be5e5b6d88ad3d62199c42da2937488dd90249291ae2594f08f16669110,strict_inductive,gcn,9,target,test,test,EVALUATION_ONLY_AFTER_FREEZE,all_experts_available,UNKNOWN_UNTIL_OPERATIONAL_SPEC,MATERIALISABLE_FROM_VERIFIED_LOCAL_CACHE
binding-b49c83f8e4e4646228056b3b,scenario-947e815f03f380574a0890d7,afcb1208b7c479fed43e427241538e5b057ca2991aa495980f3366a6a2be448d,strict_inductive,graphsage,9,target,test,test,EVALUATION_ONLY_AFTER_FREEZE,all_experts_available,UNKNOWN_UNTIL_OPERATIONAL_SPEC,MATERIALISABLE_FROM_VERIFIED_LOCAL_CACHE
binding-22bee205b04dd590acb7bfb5,scenario-947e815f03f380574a0890d7,b76db7cec17279d247e8ea5ae4723a9a644e92d95cc99c6bee284aefd4d9dcd8,isolated_inductive,feature_mlp,9,source,train;validation,validation,SOURCE_LABELS_ALLOWED,all_experts_available,UNKNOWN_UNTIL_OPERATIONAL_SPEC,MATERIALISABLE_FROM_VERIFIED_LOCAL_CACHE
binding-d87f1541450a03918cad183e,scenario-947e815f03f380574a0890d7,d0acde552bde3a867bfd77068cdb13a235bbe2eb3bedf2c91f4ff806ba16434a,isolated_inductive,gcn,9,source,train;validation,validation,SOURCE_LABELS_ALLOWED,all_experts_available,UNKNOWN_UNTIL_OPERATIONAL_SPEC,MATERIALISABLE_FROM_VERIFIED_LOCAL_CACHE
binding-2e5e84197472d91af757d09f,scenario-947e815f03f380574a0890d7,60da44482946090779f942dc8f2420923fc0b0afc1139039f4ada8192d1ffcb8,isolated_inductive,graphsage,9,source,train;validation,validation,SOURCE_LABELS_ALLOWED,all_experts_available,UNKNOWN_UNTIL_OPERATIONAL_SPEC,MATERIALISABLE_FROM_VERIFIED_LOCAL_CACHE
binding-09aa6ccf77a4b7c930f064a0,scenario-947e815f03f380574a0890d7,e8f586c6ed4c6a4286e487115bd38da7e5631a7182efb048b6c95979486ba224,transductive_structure,feature_mlp,9,source,train;validation,validation,SOURCE_LABELS_ALLOWED,all_experts_available,UNKNOWN_UNTIL_OPERATIONAL_SPEC,MATERIALISABLE_FROM_VERIFIED_LOCAL_CACHE
binding-80baf73e3f2a70e171457ef0,scenario-947e815f03f380574a0890d7,24464229a4176e9a6273df0f0b3e5b77a3cf185b65deef6c802b011ed74ede5f,transductive_structure,gcn,9,source,train;validation,validation,SOURCE_LABELS_ALLOWED,all_experts_available,UNKNOWN_UNTIL_OPERATIONAL_SPEC,MATERIALISABLE_FROM_VERIFIED_LOCAL_CACHE
binding-018d35eac411cf2481633626,scenario-947e815f03f380574a0890d7,4cf2f2784aa7d1fa80baa2065128044621d7f6dbf1f1f9066e4bd8989d99694a,transductive_structure,graphsage,9,source,train;validation,validation,SOURCE_LABELS_ALLOWED,all_experts_available,UNKNOWN_UNTIL_OPERATIONAL_SPEC,MATERIALISABLE_FROM_VERIFIED_LOCAL_CACHE
binding-a360bdc39b84046051bdfd52,scenario-fa5f47c1f82b36e961e0d1e8,7d1ebd9c2ae7bec283a826f45e454da28cff3912c9be7481f45bf8b8d5ac1185,strict_inductive,feature_mlp,10,target,test,test,EVALUATION_ONLY_AFTER_FREEZE,all_experts_available,UNKNOWN_UNTIL_OPERATIONAL_SPEC,MATERIALISABLE_FROM_VERIFIED_LOCAL_CACHE
binding-36ba297891ab1e6e3e0d3d95,scenario-fa5f47c1f82b36e961e0d1e8,4d0b3888c2018b5838836daaaf78327d89ae67b33da6f88f1ae4d09dd6c73e09,strict_inductive,gcn,10,target,test,test,EVALUATION_ONLY_AFTER_FREEZE,all_experts_available,UNKNOWN_UNTIL_OPERATIONAL_SPEC,MATERIALISABLE_FROM_VERIFIED_LOCAL_CACHE
binding-7b89a12720e9204d9b27ceb7,scenario-fa5f47c1f82b36e961e0d1e8,a71655a9a9d6f98a90c218ab9d52f9492753a3c397a68288ed929cd2d16dca3d,strict_inductive,graphsage,10,target,test,test,EVALUATION_ONLY_AFTER_FREEZE,all_experts_available,UNKNOWN_UNTIL_OPERATIONAL_SPEC,MATERIALISABLE_FROM_VERIFIED_LOCAL_CACHE
binding-e39734e819880c29a42c40f0,scenario-fa5f47c1f82b36e961e0d1e8,bb50acba9e26ad852938e16192b27ead0a9b2a064e1fd9bfda108bc39f0048cd,isolated_inductive,feature_mlp,10,source,train;validation,validation,SOURCE_LABELS_ALLOWED,all_experts_available,UNKNOWN_UNTIL_OPERATIONAL_SPEC,MATERIALISABLE_FROM_VERIFIED_LOCAL_CACHE
binding-12bbc5eca89c95759ec35a05,scenario-fa5f47c1f82b36e961e0d1e8,ee4833898e118c8e67ca508e7b6d1f134aa4a81019071e54795602d469ab3ea5,isolated_inductive,gcn,10,source,train;validation,validation,SOURCE_LABELS_ALLOWED,all_experts_available,UNKNOWN_UNTIL_OPERATIONAL_SPEC,MATERIALISABLE_FROM_VERIFIED_LOCAL_CACHE
binding-296271f404ad176b34c0acc1,scenario-fa5f47c1f82b36e961e0d1e8,4e4e80410c602cbfbbf969b8c656227907b15e195496d638bfc77e21560e47b2,isolated_inductive,graphsage,10,source,train;validation,validation,SOURCE_LABELS_ALLOWED,all_experts_available,UNKNOWN_UNTIL_OPERATIONAL_SPEC,MATERIALISABLE_FROM_VERIFIED_LOCAL_CACHE
binding-0466a5bc21e367e955e41aed,scenario-fa5f47c1f82b36e961e0d1e8,d9bfa07501e0a262922f25df83dc9641f1f744103f53c812170d544eb7b7635c,transductive_structure,feature_mlp,10,source,train;validation,validation,SOURCE_LABELS_ALLOWED,all_experts_available,UNKNOWN_UNTIL_OPERATIONAL_SPEC,MATERIALISABLE_FROM_VERIFIED_LOCAL_CACHE
binding-589dd1d29aa85b219ed380c1,scenario-fa5f47c1f82b36e961e0d1e8,b2765caaa04b23236497a642edde6c7ff4efa3d812f59345d378170fd41cd7e7,transductive_structure,gcn,10,source,train;validation,validation,SOURCE_LABELS_ALLOWED,all_experts_available,UNKNOWN_UNTIL_OPERATIONAL_SPEC,MATERIALISABLE_FROM_VERIFIED_LOCAL_CACHE
binding-b31398e1c5db8984814d8366,scenario-fa5f47c1f82b36e961e0d1e8,d59b031a52eec333e00fa6811b41ecafb75611036e54498597fd142f0b18d9a6,transductive_structure,graphsage,10,source,train;validation,validation,SOURCE_LABELS_ALLOWED,all_experts_available,UNKNOWN_UNTIL_OPERATIONAL_SPEC,MATERIALISABLE_FROM_VERIFIED_LOCAL_CACHE
binding-e46b14d0fc468d393fa8ba9c,scenario-8f6bc8423e2023f191ec6ac1,7dcfe709dd044b65932327804556541b6dc1a6cab2d68ebb2cd6842d66dccec8,strict_inductive,feature_mlp,1,source,train;validation,validation,SOURCE_LABELS_ALLOWED,all_experts_available,UNKNOWN_UNTIL_OPERATIONAL_SPEC,MATERIALISABLE_FROM_VERIFIED_LOCAL_CACHE
binding-c4f399b72b03a5bfb80809e2,scenario-8f6bc8423e2023f191ec6ac1,7dbd3718c9680798ae3a179ef39b2b9fd59423fa1af71f26515894ba4562e649,strict_inductive,gcn,1,source,train;validation,validation,SOURCE_LABELS_ALLOWED,all_experts_available,UNKNOWN_UNTIL_OPERATIONAL_SPEC,MATERIALISABLE_FROM_VERIFIED_LOCAL_CACHE
binding-5a75e49619734ab5f14f308f,scenario-8f6bc8423e2023f191ec6ac1,2cefd1a6a18dcf9d93c43ac5d1cf8d5028037e704def3d280db2fae03d2d66c5,strict_inductive,graphsage,1,source,train;validation,validation,SOURCE_LABELS_ALLOWED,all_experts_available,UNKNOWN_UNTIL_OPERATIONAL_SPEC,MATERIALISABLE_FROM_VERIFIED_LOCAL_CACHE
binding-492370cb01ca7da09e672e0d,scenario-8f6bc8423e2023f191ec6ac1,16e17eec69eaa232e7f5439ec0cba60d3d2365b1ab4d0580e54b697b1fabfe18,isolated_inductive,feature_mlp,1,target,test,test,EVALUATION_ONLY_AFTER_FREEZE,all_experts_available,UNKNOWN_UNTIL_OPERATIONAL_SPEC,MATERIALISABLE_FROM_VERIFIED_LOCAL_CACHE
binding-647829b51c225bd1e292b664,scenario-8f6bc8423e2023f191ec6ac1,ee029153ccd0bc11672eea2f662e6e9a107791bb66a92b8b669d0f379be8f1ce,isolated_inductive,gcn,1,target,test,test,EVALUATION_ONLY_AFTER_FREEZE,all_experts_available,UNKNOWN_UNTIL_OPERATIONAL_SPEC,MATERIALISABLE_FROM_VERIFIED_LOCAL_CACHE
binding-f67c0e7ca82df0b008342231,scenario-8f6bc8423e2023f191ec6ac1,0aef2b2e82ceb2d0c5eebe81d8ce5e60981051072d72a511f65518d4ffaeab3f,isolated_inductive,graphsage,1,target,test,test,EVALUATION_ONLY_AFTER_FREEZE,all_experts_available,UNKNOWN_UNTIL_OPERATIONAL_SPEC,MATERIALISABLE_FROM_VERIFIED_LOCAL_CACHE
binding-5a4b1ac722b5211d690a9462,scenario-8f6bc8423e2023f191ec6ac1,2087e7f0bd0480bcd4eee435ba6bae9b728c55de5734579733c7754b56e78b53,transductive_structure,feature_mlp,1,source,train;validation,validation,SOURCE_LABELS_ALLOWED,all_experts_available,UNKNOWN_UNTIL_OPERATIONAL_SPEC,MATERIALISABLE_FROM_VERIFIED_LOCAL_CACHE
binding-48f9505cd9c42bfa7f40cfb7,scenario-8f6bc8423e2023f191ec6ac1,38c595e72c208dcc367145c5383f5c68dfa25312e94e24b07d1baa9edb139bbc,transductive_structure,gcn,1,source,train;validation,validation,SOURCE_LABELS_ALLOWED,all_experts_available,UNKNOWN_UNTIL_OPERATIONAL_SPEC,MATERIALISABLE_FROM_VERIFIED_LOCAL_CACHE
binding-18c82a711959066334e2df13,scenario-8f6bc8423e2023f191ec6ac1,7b8c61c7fa23e685f90b267f7ea37187f20f420a5f33fccfeec062198ef06156,transductive_structure,graphsage,1,source,train;validation,validation,SOURCE_LABELS_ALLOWED,all_experts_available,UNKNOWN_UNTIL_OPERATIONAL_SPEC,MATERIALISABLE_FROM_VERIFIED_LOCAL_CACHE
binding-735fc9200f1bc9a1e691a8f9,scenario-2f1df10d50617845ee4bb99a,ea69dac0012c9481a31ef6f8dc512df9990143fc83e3d5f00ff0053a5cafd0fb,strict_inductive,feature_mlp,2,source,train;validation,validation,SOURCE_LABELS_ALLOWED,all_experts_available,UNKNOWN_UNTIL_OPERATIONAL_SPEC,MATERIALISABLE_FROM_VERIFIED_LOCAL_CACHE
binding-af07bd71a033449017c29ccb,scenario-2f1df10d50617845ee4bb99a,e02570a0d493d604704523c99c7e7d4a4b5b9802c2773b69b94bb5580a1c3e70,strict_inductive,gcn,2,source,train;validation,validation,SOURCE_LABELS_ALLOWED,all_experts_available,UNKNOWN_UNTIL_OPERATIONAL_SPEC,MATERIALISABLE_FROM_VERIFIED_LOCAL_CACHE
binding-809fae120e2be7163b0f9ec9,scenario-2f1df10d50617845ee4bb99a,649948f85d2a72ae2834e5741070085a3d8890c58ae236bb61ad357b74777c5d,strict_inductive,graphsage,2,source,train;validation,validation,SOURCE_LABELS_ALLOWED,all_experts_available,UNKNOWN_UNTIL_OPERATIONAL_SPEC,MATERIALISABLE_FROM_VERIFIED_LOCAL_CACHE
binding-85e0da8352d2bc0d93dc8168,scenario-2f1df10d50617845ee4bb99a,836c12477430d8fedb66454cf5f84257bb28b5705df62ea245e6c45005070268,isolated_inductive,feature_mlp,2,target,test,test,EVALUATION_ONLY_AFTER_FREEZE,all_experts_available,UNKNOWN_UNTIL_OPERATIONAL_SPEC,MATERIALISABLE_FROM_VERIFIED_LOCAL_CACHE
binding-7150db64e2589be11908ab1b,scenario-2f1df10d50617845ee4bb99a,f8d4c65af1571a7197340c48c7a7b68abb14f322552a436dd4c57819a1e018fc,isolated_inductive,gcn,2,target,test,test,EVALUATION_ONLY_AFTER_FREEZE,all_experts_available,UNKNOWN_UNTIL_OPERATIONAL_SPEC,MATERIALISABLE_FROM_VERIFIED_LOCAL_CACHE
binding-e9ebcbeb21332ad737e6493b,scenario-2f1df10d50617845ee4bb99a,7942161b606b38cad5c6684f3412d7169bef94000311037aad02c2c6ba3f0175,isolated_inductive,graphsage,2,target,test,test,EVALUATION_ONLY_AFTER_FREEZE,all_experts_available,UNKNOWN_UNTIL_OPERATIONAL_SPEC,MATERIALISABLE_FROM_VERIFIED_LOCAL_CACHE
binding-1e70f547ef184ae457567447,scenario-2f1df10d50617845ee4bb99a,8aec4dba6e3bd27c5f77ae2e0580c5622c35e540946a6804f3c852e55dac8bbc,transductive_structure,feature_mlp,2,source,train;validation,validation,SOURCE_LABELS_ALLOWED,all_experts_available,UNKNOWN_UNTIL_OPERATIONAL_SPEC,MATERIALISABLE_FROM_VERIFIED_LOCAL_CACHE
binding-785611c99b3b4c1896737ff8,scenario-2f1df10d50617845ee4bb99a,ebf7b76ccb77a8d91fe3627a897cdc094a3fe2137bc534354a520cec601ba855,transductive_structure,gcn,2,source,train;validation,validation,SOURCE_LABELS_ALLOWED,all_experts_available,UNKNOWN_UNTIL_OPERATIONAL_SPEC,MATERIALISABLE_FROM_VERIFIED_LOCAL_CACHE
binding-1b7afb9c81af72322f5f4d36,scenario-2f1df10d50617845ee4bb99a,6b6e09d5a0208e50068bb14a20533623acb02239a3671fc6165fe5ec9c2f4a76,transductive_structure,graphsage,2,source,train;validation,validation,SOURCE_LABELS_ALLOWED,all_experts_available,UNKNOWN_UNTIL_OPERATIONAL_SPEC,MATERIALISABLE_FROM_VERIFIED_LOCAL_CACHE
binding-b4845f2b350b60b44eb5955b,scenario-b32e5f2cf6e2910548439f73,cb261392c80665327080dffe40feb95c8755e7b598042d512362540cf4738d04,strict_inductive,feature_mlp,3,source,train;validation,validation,SOURCE_LABELS_ALLOWED,all_experts_available,UNKNOWN_UNTIL_OPERATIONAL_SPEC,MATERIALISABLE_FROM_VERIFIED_LOCAL_CACHE
binding-62ad60482e6ac94a12ebe765,scenario-b32e5f2cf6e2910548439f73,9862792a2c3b130795585d5e2ab571ff0fae898332800fadf19fe2faa483f506,strict_inductive,gcn,3,source,train;validation,validation,SOURCE_LABELS_ALLOWED,all_experts_available,UNKNOWN_UNTIL_OPERATIONAL_SPEC,MATERIALISABLE_FROM_VERIFIED_LOCAL_CACHE
binding-c6b8b762caa5b4eb41f6cfa1,scenario-b32e5f2cf6e2910548439f73,13eea981784dde22252688c8c686658f7da132ae76f71b8d983a54fd68002637,strict_inductive,graphsage,3,source,train;validation,validation,SOURCE_LABELS_ALLOWED,all_experts_available,UNKNOWN_UNTIL_OPERATIONAL_SPEC,MATERIALISABLE_FROM_VERIFIED_LOCAL_CACHE
binding-6b8160e608db578f21308e10,scenario-b32e5f2cf6e2910548439f73,f95bb21b049e142f7d6730166d9ae53ea64b11c3a76ed2124da3b7113407cfa2,isolated_inductive,feature_mlp,3,target,test,test,EVALUATION_ONLY_AFTER_FREEZE,all_experts_available,UNKNOWN_UNTIL_OPERATIONAL_SPEC,MATERIALISABLE_FROM_VERIFIED_LOCAL_CACHE
binding-74a93d21c2fb51a69cff0a16,scenario-b32e5f2cf6e2910548439f73,960fb930d657634e38cb91078ed64d107972340c874d2e287792f1a7a3732e6f,isolated_inductive,gcn,3,target,test,test,EVALUATION_ONLY_AFTER_FREEZE,all_experts_available,UNKNOWN_UNTIL_OPERATIONAL_SPEC,MATERIALISABLE_FROM_VERIFIED_LOCAL_CACHE
binding-8f55719fc134056593f72c24,scenario-b32e5f2cf6e2910548439f73,7a08ffcd64d7582fe380616b1911635c90a7d9df60af400a7c453812d3792f7e,isolated_inductive,graphsage,3,target,test,test,EVALUATION_ONLY_AFTER_FREEZE,all_experts_available,UNKNOWN_UNTIL_OPERATIONAL_SPEC,MATERIALISABLE_FROM_VERIFIED_LOCAL_CACHE
binding-056919f70b83f601ba175b33,scenario-b32e5f2cf6e2910548439f73,6fdef3ca0e6ecdde3f57f3e2b3cbf9ec975a0f1629a128d159d14560d417d0a0,transductive_structure,feature_mlp,3,source,train;validation,validation,SOURCE_LABELS_ALLOWED,all_experts_available,UNKNOWN_UNTIL_OPERATIONAL_SPEC,MATERIALISABLE_FROM_VERIFIED_LOCAL_CACHE
binding-e162d670396764bf6e0fbbda,scenario-b32e5f2cf6e2910548439f73,ff7e5e2c5900f5c260c209787181ee70c9878a5557d7e6cf2ac9587769c2ef05,transductive_structure,gcn,3,source,train;validation,validation,SOURCE_LABELS_ALLOWED,all_experts_available,UNKNOWN_UNTIL_OPERATIONAL_SPEC,MATERIALISABLE_FROM_VERIFIED_LOCAL_CACHE
binding-3b2e205d421ab794ee415240,scenario-b32e5f2cf6e2910548439f73,e9829f9239cbb8d827d55c3701493c2815562a70357e3cd208bebea664cac7fb,transductive_structure,graphsage,3,source,train;validation,validation,SOURCE_LABELS_ALLOWED,all_experts_available,UNKNOWN_UNTIL_OPERATIONAL_SPEC,MATERIALISABLE_FROM_VERIFIED_LOCAL_CACHE
binding-c2fc21875cd4371fee62e4c7,scenario-91f50c17209399f059f87cc5,8d7d67f9dd8cb9556ce3bfeabc9e654a342055d11d6558b195253916185bed0a,strict_inductive,feature_mlp,4,source,train;validation,validation,SOURCE_LABELS_ALLOWED,all_experts_available,UNKNOWN_UNTIL_OPERATIONAL_SPEC,MATERIALISABLE_FROM_VERIFIED_LOCAL_CACHE
binding-1c79cdcf9b61d7fa77432835,scenario-91f50c17209399f059f87cc5,66cd63ce5ed06c7afec540df7e29bf73d7c53f0b5db9fe906c058c9e57402d1f,strict_inductive,gcn,4,source,train;validation,validation,SOURCE_LABELS_ALLOWED,all_experts_available,UNKNOWN_UNTIL_OPERATIONAL_SPEC,MATERIALISABLE_FROM_VERIFIED_LOCAL_CACHE
binding-f70f3376ee2272fd0aa8151e,scenario-91f50c17209399f059f87cc5,55b209474dcceb89dc835323abbfc1ab201b5f5e159f3d1475be030fc95e7b3d,strict_inductive,graphsage,4,source,train;validation,validation,SOURCE_LABELS_ALLOWED,all_experts_available,UNKNOWN_UNTIL_OPERATIONAL_SPEC,MATERIALISABLE_FROM_VERIFIED_LOCAL_CACHE
binding-4e42cb16c153f526ab7e1f31,scenario-91f50c17209399f059f87cc5,64792b5062ada49f3b8b8e728db96160a75d43fb3b7b4935055e7df68b95f4dd,isolated_inductive,feature_mlp,4,target,test,test,EVALUATION_ONLY_AFTER_FREEZE,all_experts_available,UNKNOWN_UNTIL_OPERATIONAL_SPEC,MATERIALISABLE_FROM_VERIFIED_LOCAL_CACHE
binding-404810fce215b5c0adc46825,scenario-91f50c17209399f059f87cc5,92bbf278a2912b0f8bb26525d0153e99ad1298e4227b4be8770825557158e124,isolated_inductive,gcn,4,target,test,test,EVALUATION_ONLY_AFTER_FREEZE,all_experts_available,UNKNOWN_UNTIL_OPERATIONAL_SPEC,MATERIALISABLE_FROM_VERIFIED_LOCAL_CACHE
binding-f28b782c61fa8604790d533d,scenario-91f50c17209399f059f87cc5,530a58845e8bb3bea44f136ace941f014a43a81dcb879a88505fba898b002c45,isolated_inductive,graphsage,4,target,test,test,EVALUATION_ONLY_AFTER_FREEZE,all_experts_available,UNKNOWN_UNTIL_OPERATIONAL_SPEC,MATERIALISABLE_FROM_VERIFIED_LOCAL_CACHE
binding-d81fc051d7fcd00c862481ee,scenario-91f50c17209399f059f87cc5,fac4857fc2700d65b4c8efef79306353a086e1092304cc9c48e0f8119bfac1ac,transductive_structure,feature_mlp,4,source,train;validation,validation,SOURCE_LABELS_ALLOWED,all_experts_available,UNKNOWN_UNTIL_OPERATIONAL_SPEC,MATERIALISABLE_FROM_VERIFIED_LOCAL_CACHE
binding-a6087a51824f39552dadf1d9,scenario-91f50c17209399f059f87cc5,c482efeae8a013e5b9f8d34c3ec83cad6f0e3593cfe736070d9dd63ff518b44f,transductive_structure,gcn,4,source,train;validation,validation,SOURCE_LABELS_ALLOWED,all_experts_available,UNKNOWN_UNTIL_OPERATIONAL_SPEC,MATERIALISABLE_FROM_VERIFIED_LOCAL_CACHE
binding-f79584d039637e2e977ae8ec,scenario-91f50c17209399f059f87cc5,ab27a47b0aec2e56be7cc2a06da5bd6df28d1c7cc3feb3363b2cbf92d410f2eb,transductive_structure,graphsage,4,source,train;validation,validation,SOURCE_LABELS_ALLOWED,all_experts_available,UNKNOWN_UNTIL_OPERATIONAL_SPEC,MATERIALISABLE_FROM_VERIFIED_LOCAL_CACHE
binding-e07ef0b03107182ec6ca4f05,scenario-73c6998f885889a0b3eca882,b76a0a629899e7e024469f79a5303ca819a6d748072ac5f3fdab0216ea11e35f,strict_inductive,feature_mlp,5,source,train;validation,validation,SOURCE_LABELS_ALLOWED,all_experts_available,UNKNOWN_UNTIL_OPERATIONAL_SPEC,MATERIALISABLE_FROM_VERIFIED_LOCAL_CACHE
binding-1bf73b1b1682746f2a821927,scenario-73c6998f885889a0b3eca882,2070f94c3c92ba3fbca7d7e37532ce7436b2132df7447925c47572625eb38fa3,strict_inductive,gcn,5,source,train;validation,validation,SOURCE_LABELS_ALLOWED,all_experts_available,UNKNOWN_UNTIL_OPERATIONAL_SPEC,MATERIALISABLE_FROM_VERIFIED_LOCAL_CACHE
binding-ed8d6ab49bf9a3072af966c1,scenario-73c6998f885889a0b3eca882,c59001e133e57f2afe72e3e95993393e9c204f41dce8871750b500984e1d8c3e,strict_inductive,graphsage,5,source,train;validation,validation,SOURCE_LABELS_ALLOWED,all_experts_available,UNKNOWN_UNTIL_OPERATIONAL_SPEC,MATERIALISABLE_FROM_VERIFIED_LOCAL_CACHE
binding-cd3076f6786d1d11c8fcdd4d,scenario-73c6998f885889a0b3eca882,7cc7513eaef30ea87190177bdf1b70ad196fb96544239b1d30ab28363fd06c7b,isolated_inductive,feature_mlp,5,target,test,test,EVALUATION_ONLY_AFTER_FREEZE,all_experts_available,UNKNOWN_UNTIL_OPERATIONAL_SPEC,MATERIALISABLE_FROM_VERIFIED_LOCAL_CACHE
binding-04c633bcd56356c2d157c1ee,scenario-73c6998f885889a0b3eca882,fc8ebcab24e72c52e48fc0fc5040bf0913525e0211b12a5c848627a7c6a4fd30,isolated_inductive,gcn,5,target,test,test,EVALUATION_ONLY_AFTER_FREEZE,all_experts_available,UNKNOWN_UNTIL_OPERATIONAL_SPEC,MATERIALISABLE_FROM_VERIFIED_LOCAL_CACHE
binding-9cf234e36a0b160b2a36930c,scenario-73c6998f885889a0b3eca882,9c6359637b832d135773cd2eb758bbd4629e7b2b24194bdc6fc8508b8c582ff5,isolated_inductive,graphsage,5,target,test,test,EVALUATION_ONLY_AFTER_FREEZE,all_experts_available,UNKNOWN_UNTIL_OPERATIONAL_SPEC,MATERIALISABLE_FROM_VERIFIED_LOCAL_CACHE
binding-b4ab56c71cab4b2a2e927a72,scenario-73c6998f885889a0b3eca882,a1875e4b7e3bbbc2c45a3672ccc21b075176ec3ebcb187050ae9a3a28cc60558,transductive_structure,feature_mlp,5,source,train;validation,validation,SOURCE_LABELS_ALLOWED,all_experts_available,UNKNOWN_UNTIL_OPERATIONAL_SPEC,MATERIALISABLE_FROM_VERIFIED_LOCAL_CACHE
binding-d7165928d9081623b53390f5,scenario-73c6998f885889a0b3eca882,4205813865ac445a9361d66739960bf450a16ae20aa5570d574ee1290d6bd566,transductive_structure,gcn,5,source,train;validation,validation,SOURCE_LABELS_ALLOWED,all_experts_available,UNKNOWN_UNTIL_OPERATIONAL_SPEC,MATERIALISABLE_FROM_VERIFIED_LOCAL_CACHE
binding-4c726873144fd7618d7187e5,scenario-73c6998f885889a0b3eca882,1bd4e09b477a893bbdf696e3590514874f005108cca6a2ef1af0ed18f45dd7cb,transductive_structure,graphsage,5,source,train;validation,validation,SOURCE_LABELS_ALLOWED,all_experts_available,UNKNOWN_UNTIL_OPERATIONAL_SPEC,MATERIALISABLE_FROM_VERIFIED_LOCAL_CACHE
binding-cb560d5a2431ba2b26462c40,scenario-6dd3b81a5ba9b1c350f300de,5f07e52e3369933ff796d4291649444b15bf4ef64792c46e0e6687afd83d1623,strict_inductive,feature_mlp,6,source,train;validation,validation,SOURCE_LABELS_ALLOWED,all_experts_available,UNKNOWN_UNTIL_OPERATIONAL_SPEC,MATERIALISABLE_FROM_VERIFIED_LOCAL_CACHE
binding-048ad560d37a446efe6f6262,scenario-6dd3b81a5ba9b1c350f300de,25aecff71b6d2e5b00b1e9ce682a47f2d74400c64de7ae08995259bb88b117b3,strict_inductive,gcn,6,source,train;validation,validation,SOURCE_LABELS_ALLOWED,all_experts_available,UNKNOWN_UNTIL_OPERATIONAL_SPEC,MATERIALISABLE_FROM_VERIFIED_LOCAL_CACHE
binding-45931386d44ea155575c1f74,scenario-6dd3b81a5ba9b1c350f300de,d73dbaa3e4a387061a70a51df47520f41185ec9d2dd6f30a1cd467ac2ae58c8c,strict_inductive,graphsage,6,source,train;validation,validation,SOURCE_LABELS_ALLOWED,all_experts_available,UNKNOWN_UNTIL_OPERATIONAL_SPEC,MATERIALISABLE_FROM_VERIFIED_LOCAL_CACHE
binding-ea592cc9fd62de30d6eb0ba7,scenario-6dd3b81a5ba9b1c350f300de,4efc48eb5954dfbf1ddf316c20830251bbe3c592f1d6c0a5807b6c4617f73af4,isolated_inductive,feature_mlp,6,target,test,test,EVALUATION_ONLY_AFTER_FREEZE,all_experts_available,UNKNOWN_UNTIL_OPERATIONAL_SPEC,MATERIALISABLE_FROM_VERIFIED_LOCAL_CACHE
binding-f4633fc2edd9cd17dd33814f,scenario-6dd3b81a5ba9b1c350f300de,9bbecf623a1014267b04e8f962047d196ec38e46097cdfb8dd89a4d356304028,isolated_inductive,gcn,6,target,test,test,EVALUATION_ONLY_AFTER_FREEZE,all_experts_available,UNKNOWN_UNTIL_OPERATIONAL_SPEC,MATERIALISABLE_FROM_VERIFIED_LOCAL_CACHE
binding-0ce25d16f70f443b91f6e91a,scenario-6dd3b81a5ba9b1c350f300de,183635a5912e6f32b5628c7fd95e8014cbf3e26f2ad3de64abaad3bc82f8f183,isolated_inductive,graphsage,6,target,test,test,EVALUATION_ONLY_AFTER_FREEZE,all_experts_available,UNKNOWN_UNTIL_OPERATIONAL_SPEC,MATERIALISABLE_FROM_VERIFIED_LOCAL_CACHE
binding-57943a7121cad6328b8f53d3,scenario-6dd3b81a5ba9b1c350f300de,6ae249aa0bf5a510a5b24be85b06eebae946dc3084bf25e861b5808430ba5f18,transductive_structure,feature_mlp,6,source,train;validation,validation,SOURCE_LABELS_ALLOWED,all_experts_available,UNKNOWN_UNTIL_OPERATIONAL_SPEC,MATERIALISABLE_FROM_VERIFIED_LOCAL_CACHE
binding-31f74634db9d4239e313f9c9,scenario-6dd3b81a5ba9b1c350f300de,2652124bba71270a870dcf48a7a52814961c7eafe8fefa7d145942bfdaaa855a,transductive_structure,gcn,6,source,train;validation,validation,SOURCE_LABELS_ALLOWED,all_experts_available,UNKNOWN_UNTIL_OPERATIONAL_SPEC,MATERIALISABLE_FROM_VERIFIED_LOCAL_CACHE
binding-9e9f781fed13cbf553f9fcc6,scenario-6dd3b81a5ba9b1c350f300de,92a01a9e6a6f969cc027cda420a73a14a42472bab778c53b467d6a21f40a3432,transductive_structure,graphsage,6,source,train;validation,validation,SOURCE_LABELS_ALLOWED,all_experts_available,UNKNOWN_UNTIL_OPERATIONAL_SPEC,MATERIALISABLE_FROM_VERIFIED_LOCAL_CACHE
binding-2a806e8191318ec7c9d48b2e,scenario-fcd87f3e1c8e65202b68873f,dae43e4a26bcde3a091f38e1d2065970e00cf8c1dfa8a588822f2d0ce0539e08,strict_inductive,feature_mlp,7,source,train;validation,validation,SOURCE_LABELS_ALLOWED,all_experts_available,UNKNOWN_UNTIL_OPERATIONAL_SPEC,MATERIALISABLE_FROM_VERIFIED_LOCAL_CACHE
binding-3d0aa8d6a638dd742b15a2ae,scenario-fcd87f3e1c8e65202b68873f,7ef8474190838a52f64598251056f63f9dc80628c7f2971cc39da91e5f77296a,strict_inductive,gcn,7,source,train;validation,validation,SOURCE_LABELS_ALLOWED,all_experts_available,UNKNOWN_UNTIL_OPERATIONAL_SPEC,MATERIALISABLE_FROM_VERIFIED_LOCAL_CACHE
binding-48097ea020a8194035fd4a8e,scenario-fcd87f3e1c8e65202b68873f,611bbcb78c717dd34c70ce140645b6b5d870fba32f03e03f8a8fa9db7d339e73,strict_inductive,graphsage,7,source,train;validation,validation,SOURCE_LABELS_ALLOWED,all_experts_available,UNKNOWN_UNTIL_OPERATIONAL_SPEC,MATERIALISABLE_FROM_VERIFIED_LOCAL_CACHE
binding-d6d312480cc27e8ec0c91877,scenario-fcd87f3e1c8e65202b68873f,c6e3f6cbde68d1eda200a072ac4237435ab48efa1ad177d3a9a52c28528fe345,isolated_inductive,feature_mlp,7,target,test,test,EVALUATION_ONLY_AFTER_FREEZE,all_experts_available,UNKNOWN_UNTIL_OPERATIONAL_SPEC,MATERIALISABLE_FROM_VERIFIED_LOCAL_CACHE
binding-75bf601aed9263087dc7ea80,scenario-fcd87f3e1c8e65202b68873f,0aa5c3704989735ce8ff0e6dc3e311746b1d9739d1e400cbce8cbe600711dbf9,isolated_inductive,gcn,7,target,test,test,EVALUATION_ONLY_AFTER_FREEZE,all_experts_available,UNKNOWN_UNTIL_OPERATIONAL_SPEC,MATERIALISABLE_FROM_VERIFIED_LOCAL_CACHE
binding-fdddddf1cd08e94d54233604,scenario-fcd87f3e1c8e65202b68873f,ca0e2769d397b7a6f21345517073a8edcc824b6a8ca6ade0b217dd98830ea235,isolated_inductive,graphsage,7,target,test,test,EVALUATION_ONLY_AFTER_FREEZE,all_experts_available,UNKNOWN_UNTIL_OPERATIONAL_SPEC,MATERIALISABLE_FROM_VERIFIED_LOCAL_CACHE
binding-f9c630f185c34fcc3181ff93,scenario-fcd87f3e1c8e65202b68873f,1628d0f6792faf4dd6b339175d7c60a0b265e30781eb15d5b75d468245253266,transductive_structure,feature_mlp,7,source,train;validation,validation,SOURCE_LABELS_ALLOWED,all_experts_available,UNKNOWN_UNTIL_OPERATIONAL_SPEC,MATERIALISABLE_FROM_VERIFIED_LOCAL_CACHE
binding-02dfc273099cf122973d00bc,scenario-fcd87f3e1c8e65202b68873f,3cb3e761964fe17cdcc4cbdce77e826f078fd4030e386603116c560116c4d6c3,transductive_structure,gcn,7,source,train;validation,validation,SOURCE_LABELS_ALLOWED,all_experts_available,UNKNOWN_UNTIL_OPERATIONAL_SPEC,MATERIALISABLE_FROM_VERIFIED_LOCAL_CACHE
binding-95d28ccec90cc00b1b830028,scenario-fcd87f3e1c8e65202b68873f,a7d5de8b2d66061cd9614dfbc3572880171c61fd8bee5e683db0d424d67944b4,transductive_structure,graphsage,7,source,train;validation,validation,SOURCE_LABELS_ALLOWED,all_experts_available,UNKNOWN_UNTIL_OPERATIONAL_SPEC,MATERIALISABLE_FROM_VERIFIED_LOCAL_CACHE
binding-dd7c0a139b373e14814ce07a,scenario-f93196aa27b9118526a61fde,f88fc8784787f54a41ce60eabba47e56430035ed39375c79e2f9bff6f3762020,strict_inductive,feature_mlp,8,source,train;validation,validation,SOURCE_LABELS_ALLOWED,all_experts_available,UNKNOWN_UNTIL_OPERATIONAL_SPEC,MATERIALISABLE_FROM_VERIFIED_LOCAL_CACHE
binding-b548def2d15c33abba24ae45,scenario-f93196aa27b9118526a61fde,51a24d05aaffcb2eced5197e817823afb73767f9df75e4a88db07d9e379a23bd,strict_inductive,gcn,8,source,train;validation,validation,SOURCE_LABELS_ALLOWED,all_experts_available,UNKNOWN_UNTIL_OPERATIONAL_SPEC,MATERIALISABLE_FROM_VERIFIED_LOCAL_CACHE
binding-f1af635b4e7edfeea89e64cf,scenario-f93196aa27b9118526a61fde,d1c492ef1e2f790358d91e5eee6cf2fc989cfbb7b18c01043486c4ca67989e57,strict_inductive,graphsage,8,source,train;validation,validation,SOURCE_LABELS_ALLOWED,all_experts_available,UNKNOWN_UNTIL_OPERATIONAL_SPEC,MATERIALISABLE_FROM_VERIFIED_LOCAL_CACHE
binding-2d0852240fd4bcb5e7bbc0a3,scenario-f93196aa27b9118526a61fde,6e9af7eb01976836967169ec25229405f1f9b6b8ef36f157eba22aaf53b108d3,isolated_inductive,feature_mlp,8,target,test,test,EVALUATION_ONLY_AFTER_FREEZE,all_experts_available,UNKNOWN_UNTIL_OPERATIONAL_SPEC,MATERIALISABLE_FROM_VERIFIED_LOCAL_CACHE
binding-c5578fb8f7575c207338d9e6,scenario-f93196aa27b9118526a61fde,ca1436c560eb08fa7947b3d74fcc112a2f7332f1103cd41b8ca720c4fbed3ce6,isolated_inductive,gcn,8,target,test,test,EVALUATION_ONLY_AFTER_FREEZE,all_experts_available,UNKNOWN_UNTIL_OPERATIONAL_SPEC,MATERIALISABLE_FROM_VERIFIED_LOCAL_CACHE
binding-21385bf600443681b60e7a60,scenario-f93196aa27b9118526a61fde,e69f98f51516ca8fdad5d8c15ab11e78a9fb9dda3cf79de5de2d75731d7f66c4,isolated_inductive,graphsage,8,target,test,test,EVALUATION_ONLY_AFTER_FREEZE,all_experts_available,UNKNOWN_UNTIL_OPERATIONAL_SPEC,MATERIALISABLE_FROM_VERIFIED_LOCAL_CACHE
binding-0e2f5cd21cec7d6360636d6e,scenario-f93196aa27b9118526a61fde,6c042a089f9de7d72d5691297b087e825f16ccf51baa3b356a53ded8c7011a91,transductive_structure,feature_mlp,8,source,train;validation,validation,SOURCE_LABELS_ALLOWED,all_experts_available,UNKNOWN_UNTIL_OPERATIONAL_SPEC,MATERIALISABLE_FROM_VERIFIED_LOCAL_CACHE
binding-0b216150e3c11a6754f22254,scenario-f93196aa27b9118526a61fde,0016f344ece91d9e648acaa575622bfb45bc255566fb770fae5eea3e250b027d,transductive_structure,gcn,8,source,train;validation,validation,SOURCE_LABELS_ALLOWED,all_experts_available,UNKNOWN_UNTIL_OPERATIONAL_SPEC,MATERIALISABLE_FROM_VERIFIED_LOCAL_CACHE
binding-5d25d794f15ed3cd69b91eb0,scenario-f93196aa27b9118526a61fde,5368ff45da484caab02c506ab5fc6a4344d357a3d9307634cb508ed021f62494,transductive_structure,graphsage,8,source,train;validation,validation,SOURCE_LABELS_ALLOWED,all_experts_available,UNKNOWN_UNTIL_OPERATIONAL_SPEC,MATERIALISABLE_FROM_VERIFIED_LOCAL_CACHE
binding-ff4032d7051e51081d36a79a,scenario-85771e98399777bdd4477bf7,5fe7faaab6618fa32997e15b6bd7a509889f900a179fe7e3fd83e6fbee08b8ba,strict_inductive,feature_mlp,9,source,train;validation,validation,SOURCE_LABELS_ALLOWED,all_experts_available,UNKNOWN_UNTIL_OPERATIONAL_SPEC,MATERIALISABLE_FROM_VERIFIED_LOCAL_CACHE
binding-cdb636cf8d10da560f4e8b81,scenario-85771e98399777bdd4477bf7,ae877be5e5b6d88ad3d62199c42da2937488dd90249291ae2594f08f16669110,strict_inductive,gcn,9,source,train;validation,validation,SOURCE_LABELS_ALLOWED,all_experts_available,UNKNOWN_UNTIL_OPERATIONAL_SPEC,MATERIALISABLE_FROM_VERIFIED_LOCAL_CACHE
binding-33c208d06aa6abad899571c0,scenario-85771e98399777bdd4477bf7,afcb1208b7c479fed43e427241538e5b057ca2991aa495980f3366a6a2be448d,strict_inductive,graphsage,9,source,train;validation,validation,SOURCE_LABELS_ALLOWED,all_experts_available,UNKNOWN_UNTIL_OPERATIONAL_SPEC,MATERIALISABLE_FROM_VERIFIED_LOCAL_CACHE
binding-7a515bc4bd910e2f3bee3a10,scenario-85771e98399777bdd4477bf7,b76db7cec17279d247e8ea5ae4723a9a644e92d95cc99c6bee284aefd4d9dcd8,isolated_inductive,feature_mlp,9,target,test,test,EVALUATION_ONLY_AFTER_FREEZE,all_experts_available,UNKNOWN_UNTIL_OPERATIONAL_SPEC,MATERIALISABLE_FROM_VERIFIED_LOCAL_CACHE
binding-6c60d2d2cbfa3bcb4ad6e1c7,scenario-85771e98399777bdd4477bf7,d0acde552bde3a867bfd77068cdb13a235bbe2eb3bedf2c91f4ff806ba16434a,isolated_inductive,gcn,9,target,test,test,EVALUATION_ONLY_AFTER_FREEZE,all_experts_available,UNKNOWN_UNTIL_OPERATIONAL_SPEC,MATERIALISABLE_FROM_VERIFIED_LOCAL_CACHE
binding-bdf3892ffb138f1cb193cccd,scenario-85771e98399777bdd4477bf7,60da44482946090779f942dc8f2420923fc0b0afc1139039f4ada8192d1ffcb8,isolated_inductive,graphsage,9,target,test,test,EVALUATION_ONLY_AFTER_FREEZE,all_experts_available,UNKNOWN_UNTIL_OPERATIONAL_SPEC,MATERIALISABLE_FROM_VERIFIED_LOCAL_CACHE
binding-1fe1541a5345319125208e61,scenario-85771e98399777bdd4477bf7,e8f586c6ed4c6a4286e487115bd38da7e5631a7182efb048b6c95979486ba224,transductive_structure,feature_mlp,9,source,train;validation,validation,SOURCE_LABELS_ALLOWED,all_experts_available,UNKNOWN_UNTIL_OPERATIONAL_SPEC,MATERIALISABLE_FROM_VERIFIED_LOCAL_CACHE
binding-4f388576dbdaf5f4abf2cef6,scenario-85771e98399777bdd4477bf7,24464229a4176e9a6273df0f0b3e5b77a3cf185b65deef6c802b011ed74ede5f,transductive_structure,gcn,9,source,train;validation,validation,SOURCE_LABELS_ALLOWED,all_experts_available,UNKNOWN_UNTIL_OPERATIONAL_SPEC,MATERIALISABLE_FROM_VERIFIED_LOCAL_CACHE
binding-d1af97e66dc8528d719248e9,scenario-85771e98399777bdd4477bf7,4cf2f2784aa7d1fa80baa2065128044621d7f6dbf1f1f9066e4bd8989d99694a,transductive_structure,graphsage,9,source,train;validation,validation,SOURCE_LABELS_ALLOWED,all_experts_available,UNKNOWN_UNTIL_OPERATIONAL_SPEC,MATERIALISABLE_FROM_VERIFIED_LOCAL_CACHE
binding-6b0482fcae28786cd3a2d8bb,scenario-68a922896cdb36bd43c2b1d2,7d1ebd9c2ae7bec283a826f45e454da28cff3912c9be7481f45bf8b8d5ac1185,strict_inductive,feature_mlp,10,source,train;validation,validation,SOURCE_LABELS_ALLOWED,all_experts_available,UNKNOWN_UNTIL_OPERATIONAL_SPEC,MATERIALISABLE_FROM_VERIFIED_LOCAL_CACHE
binding-edcb51811f167c2c33be4966,scenario-68a922896cdb36bd43c2b1d2,4d0b3888c2018b5838836daaaf78327d89ae67b33da6f88f1ae4d09dd6c73e09,strict_inductive,gcn,10,source,train;validation,validation,SOURCE_LABELS_ALLOWED,all_experts_available,UNKNOWN_UNTIL_OPERATIONAL_SPEC,MATERIALISABLE_FROM_VERIFIED_LOCAL_CACHE
binding-97f0a1722c0112b1c1bbbbc6,scenario-68a922896cdb36bd43c2b1d2,a71655a9a9d6f98a90c218ab9d52f9492753a3c397a68288ed929cd2d16dca3d,strict_inductive,graphsage,10,source,train;validation,validation,SOURCE_LABELS_ALLOWED,all_experts_available,UNKNOWN_UNTIL_OPERATIONAL_SPEC,MATERIALISABLE_FROM_VERIFIED_LOCAL_CACHE
binding-a38c5fc4e7c5c761a36157a1,scenario-68a922896cdb36bd43c2b1d2,bb50acba9e26ad852938e16192b27ead0a9b2a064e1fd9bfda108bc39f0048cd,isolated_inductive,feature_mlp,10,target,test,test,EVALUATION_ONLY_AFTER_FREEZE,all_experts_available,UNKNOWN_UNTIL_OPERATIONAL_SPEC,MATERIALISABLE_FROM_VERIFIED_LOCAL_CACHE
binding-f16d3a3b53bef03c3306b398,scenario-68a922896cdb36bd43c2b1d2,ee4833898e118c8e67ca508e7b6d1f134aa4a81019071e54795602d469ab3ea5,isolated_inductive,gcn,10,target,test,test,EVALUATION_ONLY_AFTER_FREEZE,all_experts_available,UNKNOWN_UNTIL_OPERATIONAL_SPEC,MATERIALISABLE_FROM_VERIFIED_LOCAL_CACHE
binding-caa9e78ba9a59b82e1f00d9f,scenario-68a922896cdb36bd43c2b1d2,4e4e80410c602cbfbbf969b8c656227907b15e195496d638bfc77e21560e47b2,isolated_inductive,graphsage,10,target,test,test,EVALUATION_ONLY_AFTER_FREEZE,all_experts_available,UNKNOWN_UNTIL_OPERATIONAL_SPEC,MATERIALISABLE_FROM_VERIFIED_LOCAL_CACHE
binding-c12b6b67ab627ce0bc00bf44,scenario-68a922896cdb36bd43c2b1d2,d9bfa07501e0a262922f25df83dc9641f1f744103f53c812170d544eb7b7635c,transductive_structure,feature_mlp,10,source,train;validation,validation,SOURCE_LABELS_ALLOWED,all_experts_available,UNKNOWN_UNTIL_OPERATIONAL_SPEC,MATERIALISABLE_FROM_VERIFIED_LOCAL_CACHE
binding-8b135172f687d81d42268826,scenario-68a922896cdb36bd43c2b1d2,b2765caaa04b23236497a642edde6c7ff4efa3d812f59345d378170fd41cd7e7,transductive_structure,gcn,10,source,train;validation,validation,SOURCE_LABELS_ALLOWED,all_experts_available,UNKNOWN_UNTIL_OPERATIONAL_SPEC,MATERIALISABLE_FROM_VERIFIED_LOCAL_CACHE
binding-5bbbebd9e2ae3e82a267db38,scenario-68a922896cdb36bd43c2b1d2,d59b031a52eec333e00fa6811b41ecafb75611036e54498597fd142f0b18d9a6,transductive_structure,graphsage,10,source,train;validation,validation,SOURCE_LABELS_ALLOWED,all_experts_available,UNKNOWN_UNTIL_OPERATIONAL_SPEC,MATERIALISABLE_FROM_VERIFIED_LOCAL_CACHE
binding-1d4d0e695b3f08114db6738c,scenario-7a8758aa7b8ec5ed7d763f35,7dcfe709dd044b65932327804556541b6dc1a6cab2d68ebb2cd6842d66dccec8,strict_inductive,feature_mlp,1,source,train;validation,validation,SOURCE_LABELS_ALLOWED,all_experts_available,UNKNOWN_UNTIL_OPERATIONAL_SPEC,MATERIALISABLE_FROM_VERIFIED_LOCAL_CACHE
binding-a715dccbed7fe7f0f8730b00,scenario-7a8758aa7b8ec5ed7d763f35,7dbd3718c9680798ae3a179ef39b2b9fd59423fa1af71f26515894ba4562e649,strict_inductive,gcn,1,source,train;validation,validation,SOURCE_LABELS_ALLOWED,all_experts_available,UNKNOWN_UNTIL_OPERATIONAL_SPEC,MATERIALISABLE_FROM_VERIFIED_LOCAL_CACHE
binding-be0d3789a917634d5a38c4a3,scenario-7a8758aa7b8ec5ed7d763f35,2cefd1a6a18dcf9d93c43ac5d1cf8d5028037e704def3d280db2fae03d2d66c5,strict_inductive,graphsage,1,source,train;validation,validation,SOURCE_LABELS_ALLOWED,all_experts_available,UNKNOWN_UNTIL_OPERATIONAL_SPEC,MATERIALISABLE_FROM_VERIFIED_LOCAL_CACHE
binding-574e3de42076af8da87a3c25,scenario-7a8758aa7b8ec5ed7d763f35,16e17eec69eaa232e7f5439ec0cba60d3d2365b1ab4d0580e54b697b1fabfe18,isolated_inductive,feature_mlp,1,source,train;validation,validation,SOURCE_LABELS_ALLOWED,all_experts_available,UNKNOWN_UNTIL_OPERATIONAL_SPEC,MATERIALISABLE_FROM_VERIFIED_LOCAL_CACHE
binding-e909e43a5d9c2268baf1aea8,scenario-7a8758aa7b8ec5ed7d763f35,ee029153ccd0bc11672eea2f662e6e9a107791bb66a92b8b669d0f379be8f1ce,isolated_inductive,gcn,1,source,train;validation,validation,SOURCE_LABELS_ALLOWED,all_experts_available,UNKNOWN_UNTIL_OPERATIONAL_SPEC,MATERIALISABLE_FROM_VERIFIED_LOCAL_CACHE
binding-79713bfeef6c1c7780b5d320,scenario-7a8758aa7b8ec5ed7d763f35,0aef2b2e82ceb2d0c5eebe81d8ce5e60981051072d72a511f65518d4ffaeab3f,isolated_inductive,graphsage,1,source,train;validation,validation,SOURCE_LABELS_ALLOWED,all_experts_available,UNKNOWN_UNTIL_OPERATIONAL_SPEC,MATERIALISABLE_FROM_VERIFIED_LOCAL_CACHE
binding-efb82cfba4f291ddabfc494b,scenario-7a8758aa7b8ec5ed7d763f35,2087e7f0bd0480bcd4eee435ba6bae9b728c55de5734579733c7754b56e78b53,transductive_structure,feature_mlp,1,target,test,test,EVALUATION_ONLY_AFTER_FREEZE,all_experts_available,UNKNOWN_UNTIL_OPERATIONAL_SPEC,MATERIALISABLE_FROM_VERIFIED_LOCAL_CACHE
binding-6afdaca5b0bf43ded5d51bb1,scenario-7a8758aa7b8ec5ed7d763f35,38c595e72c208dcc367145c5383f5c68dfa25312e94e24b07d1baa9edb139bbc,transductive_structure,gcn,1,target,test,test,EVALUATION_ONLY_AFTER_FREEZE,all_experts_available,UNKNOWN_UNTIL_OPERATIONAL_SPEC,MATERIALISABLE_FROM_VERIFIED_LOCAL_CACHE
binding-d8066424201afabc231c7558,scenario-7a8758aa7b8ec5ed7d763f35,7b8c61c7fa23e685f90b267f7ea37187f20f420a5f33fccfeec062198ef06156,transductive_structure,graphsage,1,target,test,test,EVALUATION_ONLY_AFTER_FREEZE,all_experts_available,UNKNOWN_UNTIL_OPERATIONAL_SPEC,MATERIALISABLE_FROM_VERIFIED_LOCAL_CACHE
binding-1965b85e819049a353455632,scenario-ec2ca7eefc813fb7479979f0,ea69dac0012c9481a31ef6f8dc512df9990143fc83e3d5f00ff0053a5cafd0fb,strict_inductive,feature_mlp,2,source,train;validation,validation,SOURCE_LABELS_ALLOWED,all_experts_available,UNKNOWN_UNTIL_OPERATIONAL_SPEC,MATERIALISABLE_FROM_VERIFIED_LOCAL_CACHE
binding-ac8f917b125e0d478b1fbb33,scenario-ec2ca7eefc813fb7479979f0,e02570a0d493d604704523c99c7e7d4a4b5b9802c2773b69b94bb5580a1c3e70,strict_inductive,gcn,2,source,train;validation,validation,SOURCE_LABELS_ALLOWED,all_experts_available,UNKNOWN_UNTIL_OPERATIONAL_SPEC,MATERIALISABLE_FROM_VERIFIED_LOCAL_CACHE
binding-6762b5c399760fe64d559f51,scenario-ec2ca7eefc813fb7479979f0,649948f85d2a72ae2834e5741070085a3d8890c58ae236bb61ad357b74777c5d,strict_inductive,graphsage,2,source,train;validation,validation,SOURCE_LABELS_ALLOWED,all_experts_available,UNKNOWN_UNTIL_OPERATIONAL_SPEC,MATERIALISABLE_FROM_VERIFIED_LOCAL_CACHE
binding-fae1289f5cf54630b7d3bc27,scenario-ec2ca7eefc813fb7479979f0,836c12477430d8fedb66454cf5f84257bb28b5705df62ea245e6c45005070268,isolated_inductive,feature_mlp,2,source,train;validation,validation,SOURCE_LABELS_ALLOWED,all_experts_available,UNKNOWN_UNTIL_OPERATIONAL_SPEC,MATERIALISABLE_FROM_VERIFIED_LOCAL_CACHE
binding-82711d80867cfdae0911ed7e,scenario-ec2ca7eefc813fb7479979f0,f8d4c65af1571a7197340c48c7a7b68abb14f322552a436dd4c57819a1e018fc,isolated_inductive,gcn,2,source,train;validation,validation,SOURCE_LABELS_ALLOWED,all_experts_available,UNKNOWN_UNTIL_OPERATIONAL_SPEC,MATERIALISABLE_FROM_VERIFIED_LOCAL_CACHE
binding-8abf6c5a567456538336a412,scenario-ec2ca7eefc813fb7479979f0,7942161b606b38cad5c6684f3412d7169bef94000311037aad02c2c6ba3f0175,isolated_inductive,graphsage,2,source,train;validation,validation,SOURCE_LABELS_ALLOWED,all_experts_available,UNKNOWN_UNTIL_OPERATIONAL_SPEC,MATERIALISABLE_FROM_VERIFIED_LOCAL_CACHE
binding-3e3dd3967cb5947ee45b186b,scenario-ec2ca7eefc813fb7479979f0,8aec4dba6e3bd27c5f77ae2e0580c5622c35e540946a6804f3c852e55dac8bbc,transductive_structure,feature_mlp,2,target,test,test,EVALUATION_ONLY_AFTER_FREEZE,all_experts_available,UNKNOWN_UNTIL_OPERATIONAL_SPEC,MATERIALISABLE_FROM_VERIFIED_LOCAL_CACHE
binding-5021cef2b1f1894c6f82d597,scenario-ec2ca7eefc813fb7479979f0,ebf7b76ccb77a8d91fe3627a897cdc094a3fe2137bc534354a520cec601ba855,transductive_structure,gcn,2,target,test,test,EVALUATION_ONLY_AFTER_FREEZE,all_experts_available,UNKNOWN_UNTIL_OPERATIONAL_SPEC,MATERIALISABLE_FROM_VERIFIED_LOCAL_CACHE
binding-4ea70d4a4c823acf63afc9cb,scenario-ec2ca7eefc813fb7479979f0,6b6e09d5a0208e50068bb14a20533623acb02239a3671fc6165fe5ec9c2f4a76,transductive_structure,graphsage,2,target,test,test,EVALUATION_ONLY_AFTER_FREEZE,all_experts_available,UNKNOWN_UNTIL_OPERATIONAL_SPEC,MATERIALISABLE_FROM_VERIFIED_LOCAL_CACHE
binding-6b4ce59c6ff21b7fa9dcd50a,scenario-d0a2b4ed50cb0ae6f6858cd0,cb261392c80665327080dffe40feb95c8755e7b598042d512362540cf4738d04,strict_inductive,feature_mlp,3,source,train;validation,validation,SOURCE_LABELS_ALLOWED,all_experts_available,UNKNOWN_UNTIL_OPERATIONAL_SPEC,MATERIALISABLE_FROM_VERIFIED_LOCAL_CACHE
binding-05ea835f7423abeeee5b87d1,scenario-d0a2b4ed50cb0ae6f6858cd0,9862792a2c3b130795585d5e2ab571ff0fae898332800fadf19fe2faa483f506,strict_inductive,gcn,3,source,train;validation,validation,SOURCE_LABELS_ALLOWED,all_experts_available,UNKNOWN_UNTIL_OPERATIONAL_SPEC,MATERIALISABLE_FROM_VERIFIED_LOCAL_CACHE
binding-50ba1fd71ed34e0fac6b7d62,scenario-d0a2b4ed50cb0ae6f6858cd0,13eea981784dde22252688c8c686658f7da132ae76f71b8d983a54fd68002637,strict_inductive,graphsage,3,source,train;validation,validation,SOURCE_LABELS_ALLOWED,all_experts_available,UNKNOWN_UNTIL_OPERATIONAL_SPEC,MATERIALISABLE_FROM_VERIFIED_LOCAL_CACHE
binding-fd8b55da1aa36865ac58783a,scenario-d0a2b4ed50cb0ae6f6858cd0,f95bb21b049e142f7d6730166d9ae53ea64b11c3a76ed2124da3b7113407cfa2,isolated_inductive,feature_mlp,3,source,train;validation,validation,SOURCE_LABELS_ALLOWED,all_experts_available,UNKNOWN_UNTIL_OPERATIONAL_SPEC,MATERIALISABLE_FROM_VERIFIED_LOCAL_CACHE
binding-845fd29fea1f01f499913e5c,scenario-d0a2b4ed50cb0ae6f6858cd0,960fb930d657634e38cb91078ed64d107972340c874d2e287792f1a7a3732e6f,isolated_inductive,gcn,3,source,train;validation,validation,SOURCE_LABELS_ALLOWED,all_experts_available,UNKNOWN_UNTIL_OPERATIONAL_SPEC,MATERIALISABLE_FROM_VERIFIED_LOCAL_CACHE
binding-14c447747c7c4085baef76a7,scenario-d0a2b4ed50cb0ae6f6858cd0,7a08ffcd64d7582fe380616b1911635c90a7d9df60af400a7c453812d3792f7e,isolated_inductive,graphsage,3,source,train;validation,validation,SOURCE_LABELS_ALLOWED,all_experts_available,UNKNOWN_UNTIL_OPERATIONAL_SPEC,MATERIALISABLE_FROM_VERIFIED_LOCAL_CACHE
binding-7eeeae26ee2211965241bfd3,scenario-d0a2b4ed50cb0ae6f6858cd0,6fdef3ca0e6ecdde3f57f3e2b3cbf9ec975a0f1629a128d159d14560d417d0a0,transductive_structure,feature_mlp,3,target,test,test,EVALUATION_ONLY_AFTER_FREEZE,all_experts_available,UNKNOWN_UNTIL_OPERATIONAL_SPEC,MATERIALISABLE_FROM_VERIFIED_LOCAL_CACHE
binding-442cb59c5e9783981eb49099,scenario-d0a2b4ed50cb0ae6f6858cd0,ff7e5e2c5900f5c260c209787181ee70c9878a5557d7e6cf2ac9587769c2ef05,transductive_structure,gcn,3,target,test,test,EVALUATION_ONLY_AFTER_FREEZE,all_experts_available,UNKNOWN_UNTIL_OPERATIONAL_SPEC,MATERIALISABLE_FROM_VERIFIED_LOCAL_CACHE
binding-26e59f96f9aa050715dac955,scenario-d0a2b4ed50cb0ae6f6858cd0,e9829f9239cbb8d827d55c3701493c2815562a70357e3cd208bebea664cac7fb,transductive_structure,graphsage,3,target,test,test,EVALUATION_ONLY_AFTER_FREEZE,all_experts_available,UNKNOWN_UNTIL_OPERATIONAL_SPEC,MATERIALISABLE_FROM_VERIFIED_LOCAL_CACHE
binding-95c80a35e786d5f187b26ad3,scenario-f27915f8624bce77a4d563d9,8d7d67f9dd8cb9556ce3bfeabc9e654a342055d11d6558b195253916185bed0a,strict_inductive,feature_mlp,4,source,train;validation,validation,SOURCE_LABELS_ALLOWED,all_experts_available,UNKNOWN_UNTIL_OPERATIONAL_SPEC,MATERIALISABLE_FROM_VERIFIED_LOCAL_CACHE
binding-aa5af11507fe9126684786a9,scenario-f27915f8624bce77a4d563d9,66cd63ce5ed06c7afec540df7e29bf73d7c53f0b5db9fe906c058c9e57402d1f,strict_inductive,gcn,4,source,train;validation,validation,SOURCE_LABELS_ALLOWED,all_experts_available,UNKNOWN_UNTIL_OPERATIONAL_SPEC,MATERIALISABLE_FROM_VERIFIED_LOCAL_CACHE
binding-218a904996a94d4743c52883,scenario-f27915f8624bce77a4d563d9,55b209474dcceb89dc835323abbfc1ab201b5f5e159f3d1475be030fc95e7b3d,strict_inductive,graphsage,4,source,train;validation,validation,SOURCE_LABELS_ALLOWED,all_experts_available,UNKNOWN_UNTIL_OPERATIONAL_SPEC,MATERIALISABLE_FROM_VERIFIED_LOCAL_CACHE
binding-b53988b1d14f8a75e3b8dafc,scenario-f27915f8624bce77a4d563d9,64792b5062ada49f3b8b8e728db96160a75d43fb3b7b4935055e7df68b95f4dd,isolated_inductive,feature_mlp,4,source,train;validation,validation,SOURCE_LABELS_ALLOWED,all_experts_available,UNKNOWN_UNTIL_OPERATIONAL_SPEC,MATERIALISABLE_FROM_VERIFIED_LOCAL_CACHE
binding-7e08c08308c04342e33e1db0,scenario-f27915f8624bce77a4d563d9,92bbf278a2912b0f8bb26525d0153e99ad1298e4227b4be8770825557158e124,isolated_inductive,gcn,4,source,train;validation,validation,SOURCE_LABELS_ALLOWED,all_experts_available,UNKNOWN_UNTIL_OPERATIONAL_SPEC,MATERIALISABLE_FROM_VERIFIED_LOCAL_CACHE
binding-af0f422fe4a141372c9531b4,scenario-f27915f8624bce77a4d563d9,530a58845e8bb3bea44f136ace941f014a43a81dcb879a88505fba898b002c45,isolated_inductive,graphsage,4,source,train;validation,validation,SOURCE_LABELS_ALLOWED,all_experts_available,UNKNOWN_UNTIL_OPERATIONAL_SPEC,MATERIALISABLE_FROM_VERIFIED_LOCAL_CACHE
binding-6f0a6df250d78816da77c00f,scenario-f27915f8624bce77a4d563d9,fac4857fc2700d65b4c8efef79306353a086e1092304cc9c48e0f8119bfac1ac,transductive_structure,feature_mlp,4,target,test,test,EVALUATION_ONLY_AFTER_FREEZE,all_experts_available,UNKNOWN_UNTIL_OPERATIONAL_SPEC,MATERIALISABLE_FROM_VERIFIED_LOCAL_CACHE
binding-7478fad9d6fcbaab51ee7cae,scenario-f27915f8624bce77a4d563d9,c482efeae8a013e5b9f8d34c3ec83cad6f0e3593cfe736070d9dd63ff518b44f,transductive_structure,gcn,4,target,test,test,EVALUATION_ONLY_AFTER_FREEZE,all_experts_available,UNKNOWN_UNTIL_OPERATIONAL_SPEC,MATERIALISABLE_FROM_VERIFIED_LOCAL_CACHE
binding-aa8c66a36499a0297880d7d0,scenario-f27915f8624bce77a4d563d9,ab27a47b0aec2e56be7cc2a06da5bd6df28d1c7cc3feb3363b2cbf92d410f2eb,transductive_structure,graphsage,4,target,test,test,EVALUATION_ONLY_AFTER_FREEZE,all_experts_available,UNKNOWN_UNTIL_OPERATIONAL_SPEC,MATERIALISABLE_FROM_VERIFIED_LOCAL_CACHE
binding-c43b20e4562ada28ebb34998,scenario-ff14471b38147f1696f18a93,b76a0a629899e7e024469f79a5303ca819a6d748072ac5f3fdab0216ea11e35f,strict_inductive,feature_mlp,5,source,train;validation,validation,SOURCE_LABELS_ALLOWED,all_experts_available,UNKNOWN_UNTIL_OPERATIONAL_SPEC,MATERIALISABLE_FROM_VERIFIED_LOCAL_CACHE
binding-b4ca118d7217b18d8ab20341,scenario-ff14471b38147f1696f18a93,2070f94c3c92ba3fbca7d7e37532ce7436b2132df7447925c47572625eb38fa3,strict_inductive,gcn,5,source,train;validation,validation,SOURCE_LABELS_ALLOWED,all_experts_available,UNKNOWN_UNTIL_OPERATIONAL_SPEC,MATERIALISABLE_FROM_VERIFIED_LOCAL_CACHE
binding-02affbb4bb25afdc0da96f3a,scenario-ff14471b38147f1696f18a93,c59001e133e57f2afe72e3e95993393e9c204f41dce8871750b500984e1d8c3e,strict_inductive,graphsage,5,source,train;validation,validation,SOURCE_LABELS_ALLOWED,all_experts_available,UNKNOWN_UNTIL_OPERATIONAL_SPEC,MATERIALISABLE_FROM_VERIFIED_LOCAL_CACHE
binding-31a555627694d2cf87dee19d,scenario-ff14471b38147f1696f18a93,7cc7513eaef30ea87190177bdf1b70ad196fb96544239b1d30ab28363fd06c7b,isolated_inductive,feature_mlp,5,source,train;validation,validation,SOURCE_LABELS_ALLOWED,all_experts_available,UNKNOWN_UNTIL_OPERATIONAL_SPEC,MATERIALISABLE_FROM_VERIFIED_LOCAL_CACHE
binding-8a227a5c6fd247253bc7dccb,scenario-ff14471b38147f1696f18a93,fc8ebcab24e72c52e48fc0fc5040bf0913525e0211b12a5c848627a7c6a4fd30,isolated_inductive,gcn,5,source,train;validation,validation,SOURCE_LABELS_ALLOWED,all_experts_available,UNKNOWN_UNTIL_OPERATIONAL_SPEC,MATERIALISABLE_FROM_VERIFIED_LOCAL_CACHE
binding-3e7dbf6bd47be5faee903db3,scenario-ff14471b38147f1696f18a93,9c6359637b832d135773cd2eb758bbd4629e7b2b24194bdc6fc8508b8c582ff5,isolated_inductive,graphsage,5,source,train;validation,validation,SOURCE_LABELS_ALLOWED,all_experts_available,UNKNOWN_UNTIL_OPERATIONAL_SPEC,MATERIALISABLE_FROM_VERIFIED_LOCAL_CACHE
binding-cf6e086739dc13255520c6b5,scenario-ff14471b38147f1696f18a93,a1875e4b7e3bbbc2c45a3672ccc21b075176ec3ebcb187050ae9a3a28cc60558,transductive_structure,feature_mlp,5,target,test,test,EVALUATION_ONLY_AFTER_FREEZE,all_experts_available,UNKNOWN_UNTIL_OPERATIONAL_SPEC,MATERIALISABLE_FROM_VERIFIED_LOCAL_CACHE
binding-c27055b3ae213ce666572e92,scenario-ff14471b38147f1696f18a93,4205813865ac445a9361d66739960bf450a16ae20aa5570d574ee1290d6bd566,transductive_structure,gcn,5,target,test,test,EVALUATION_ONLY_AFTER_FREEZE,all_experts_available,UNKNOWN_UNTIL_OPERATIONAL_SPEC,MATERIALISABLE_FROM_VERIFIED_LOCAL_CACHE
binding-4497f6a792c5f751414ff809,scenario-ff14471b38147f1696f18a93,1bd4e09b477a893bbdf696e3590514874f005108cca6a2ef1af0ed18f45dd7cb,transductive_structure,graphsage,5,target,test,test,EVALUATION_ONLY_AFTER_FREEZE,all_experts_available,UNKNOWN_UNTIL_OPERATIONAL_SPEC,MATERIALISABLE_FROM_VERIFIED_LOCAL_CACHE
binding-d8a52c36bba08dad6c4340cc,scenario-c81d8e36ba9c70aded889d6f,5f07e52e3369933ff796d4291649444b15bf4ef64792c46e0e6687afd83d1623,strict_inductive,feature_mlp,6,source,train;validation,validation,SOURCE_LABELS_ALLOWED,all_experts_available,UNKNOWN_UNTIL_OPERATIONAL_SPEC,MATERIALISABLE_FROM_VERIFIED_LOCAL_CACHE
binding-25f97ed95390fd283d254670,scenario-c81d8e36ba9c70aded889d6f,25aecff71b6d2e5b00b1e9ce682a47f2d74400c64de7ae08995259bb88b117b3,strict_inductive,gcn,6,source,train;validation,validation,SOURCE_LABELS_ALLOWED,all_experts_available,UNKNOWN_UNTIL_OPERATIONAL_SPEC,MATERIALISABLE_FROM_VERIFIED_LOCAL_CACHE
binding-b910a627162593c05009a2f7,scenario-c81d8e36ba9c70aded889d6f,d73dbaa3e4a387061a70a51df47520f41185ec9d2dd6f30a1cd467ac2ae58c8c,strict_inductive,graphsage,6,source,train;validation,validation,SOURCE_LABELS_ALLOWED,all_experts_available,UNKNOWN_UNTIL_OPERATIONAL_SPEC,MATERIALISABLE_FROM_VERIFIED_LOCAL_CACHE
binding-8ebcb59c5779bf620099606b,scenario-c81d8e36ba9c70aded889d6f,4efc48eb5954dfbf1ddf316c20830251bbe3c592f1d6c0a5807b6c4617f73af4,isolated_inductive,feature_mlp,6,source,train;validation,validation,SOURCE_LABELS_ALLOWED,all_experts_available,UNKNOWN_UNTIL_OPERATIONAL_SPEC,MATERIALISABLE_FROM_VERIFIED_LOCAL_CACHE
binding-efd4f93637928cd1952eb6f4,scenario-c81d8e36ba9c70aded889d6f,9bbecf623a1014267b04e8f962047d196ec38e46097cdfb8dd89a4d356304028,isolated_inductive,gcn,6,source,train;validation,validation,SOURCE_LABELS_ALLOWED,all_experts_available,UNKNOWN_UNTIL_OPERATIONAL_SPEC,MATERIALISABLE_FROM_VERIFIED_LOCAL_CACHE
binding-66bb04812abd57549e2e33bd,scenario-c81d8e36ba9c70aded889d6f,183635a5912e6f32b5628c7fd95e8014cbf3e26f2ad3de64abaad3bc82f8f183,isolated_inductive,graphsage,6,source,train;validation,validation,SOURCE_LABELS_ALLOWED,all_experts_available,UNKNOWN_UNTIL_OPERATIONAL_SPEC,MATERIALISABLE_FROM_VERIFIED_LOCAL_CACHE
binding-6ff4a31555c6a7031dd54127,scenario-c81d8e36ba9c70aded889d6f,6ae249aa0bf5a510a5b24be85b06eebae946dc3084bf25e861b5808430ba5f18,transductive_structure,feature_mlp,6,target,test,test,EVALUATION_ONLY_AFTER_FREEZE,all_experts_available,UNKNOWN_UNTIL_OPERATIONAL_SPEC,MATERIALISABLE_FROM_VERIFIED_LOCAL_CACHE
binding-58708967271148e52ef2d0ce,scenario-c81d8e36ba9c70aded889d6f,2652124bba71270a870dcf48a7a52814961c7eafe8fefa7d145942bfdaaa855a,transductive_structure,gcn,6,target,test,test,EVALUATION_ONLY_AFTER_FREEZE,all_experts_available,UNKNOWN_UNTIL_OPERATIONAL_SPEC,MATERIALISABLE_FROM_VERIFIED_LOCAL_CACHE
binding-00844c7eeb80b5451c21e4fb,scenario-c81d8e36ba9c70aded889d6f,92a01a9e6a6f969cc027cda420a73a14a42472bab778c53b467d6a21f40a3432,transductive_structure,graphsage,6,target,test,test,EVALUATION_ONLY_AFTER_FREEZE,all_experts_available,UNKNOWN_UNTIL_OPERATIONAL_SPEC,MATERIALISABLE_FROM_VERIFIED_LOCAL_CACHE
binding-3e24e6c662cdfd41938a10a5,scenario-02886163cea65183854312f2,dae43e4a26bcde3a091f38e1d2065970e00cf8c1dfa8a588822f2d0ce0539e08,strict_inductive,feature_mlp,7,source,train;validation,validation,SOURCE_LABELS_ALLOWED,all_experts_available,UNKNOWN_UNTIL_OPERATIONAL_SPEC,MATERIALISABLE_FROM_VERIFIED_LOCAL_CACHE
binding-7ca99ac61285ef1c9e9062f4,scenario-02886163cea65183854312f2,7ef8474190838a52f64598251056f63f9dc80628c7f2971cc39da91e5f77296a,strict_inductive,gcn,7,source,train;validation,validation,SOURCE_LABELS_ALLOWED,all_experts_available,UNKNOWN_UNTIL_OPERATIONAL_SPEC,MATERIALISABLE_FROM_VERIFIED_LOCAL_CACHE
binding-a0c949764c5611df3e61f336,scenario-02886163cea65183854312f2,611bbcb78c717dd34c70ce140645b6b5d870fba32f03e03f8a8fa9db7d339e73,strict_inductive,graphsage,7,source,train;validation,validation,SOURCE_LABELS_ALLOWED,all_experts_available,UNKNOWN_UNTIL_OPERATIONAL_SPEC,MATERIALISABLE_FROM_VERIFIED_LOCAL_CACHE
binding-b2e7c42af610cbb941d17279,scenario-02886163cea65183854312f2,c6e3f6cbde68d1eda200a072ac4237435ab48efa1ad177d3a9a52c28528fe345,isolated_inductive,feature_mlp,7,source,train;validation,validation,SOURCE_LABELS_ALLOWED,all_experts_available,UNKNOWN_UNTIL_OPERATIONAL_SPEC,MATERIALISABLE_FROM_VERIFIED_LOCAL_CACHE
binding-6592dd94f58f72a73f55c43a,scenario-02886163cea65183854312f2,0aa5c3704989735ce8ff0e6dc3e311746b1d9739d1e400cbce8cbe600711dbf9,isolated_inductive,gcn,7,source,train;validation,validation,SOURCE_LABELS_ALLOWED,all_experts_available,UNKNOWN_UNTIL_OPERATIONAL_SPEC,MATERIALISABLE_FROM_VERIFIED_LOCAL_CACHE
binding-279ac816bf8b53e11f109147,scenario-02886163cea65183854312f2,ca0e2769d397b7a6f21345517073a8edcc824b6a8ca6ade0b217dd98830ea235,isolated_inductive,graphsage,7,source,train;validation,validation,SOURCE_LABELS_ALLOWED,all_experts_available,UNKNOWN_UNTIL_OPERATIONAL_SPEC,MATERIALISABLE_FROM_VERIFIED_LOCAL_CACHE
binding-8114c5f16deeca0225c76713,scenario-02886163cea65183854312f2,1628d0f6792faf4dd6b339175d7c60a0b265e30781eb15d5b75d468245253266,transductive_structure,feature_mlp,7,target,test,test,EVALUATION_ONLY_AFTER_FREEZE,all_experts_available,UNKNOWN_UNTIL_OPERATIONAL_SPEC,MATERIALISABLE_FROM_VERIFIED_LOCAL_CACHE
binding-92bf6f8d4a1074b77707aa1e,scenario-02886163cea65183854312f2,3cb3e761964fe17cdcc4cbdce77e826f078fd4030e386603116c560116c4d6c3,transductive_structure,gcn,7,target,test,test,EVALUATION_ONLY_AFTER_FREEZE,all_experts_available,UNKNOWN_UNTIL_OPERATIONAL_SPEC,MATERIALISABLE_FROM_VERIFIED_LOCAL_CACHE
binding-7fab405ffe32aea8e04c073d,scenario-02886163cea65183854312f2,a7d5de8b2d66061cd9614dfbc3572880171c61fd8bee5e683db0d424d67944b4,transductive_structure,graphsage,7,target,test,test,EVALUATION_ONLY_AFTER_FREEZE,all_experts_available,UNKNOWN_UNTIL_OPERATIONAL_SPEC,MATERIALISABLE_FROM_VERIFIED_LOCAL_CACHE
binding-61e917f02c58c75fc52ad096,scenario-e3f3bc0aefe98e912b42f3a7,f88fc8784787f54a41ce60eabba47e56430035ed39375c79e2f9bff6f3762020,strict_inductive,feature_mlp,8,source,train;validation,validation,SOURCE_LABELS_ALLOWED,all_experts_available,UNKNOWN_UNTIL_OPERATIONAL_SPEC,MATERIALISABLE_FROM_VERIFIED_LOCAL_CACHE
binding-48a8bbedc00e7d2e2375b9c1,scenario-e3f3bc0aefe98e912b42f3a7,51a24d05aaffcb2eced5197e817823afb73767f9df75e4a88db07d9e379a23bd,strict_inductive,gcn,8,source,train;validation,validation,SOURCE_LABELS_ALLOWED,all_experts_available,UNKNOWN_UNTIL_OPERATIONAL_SPEC,MATERIALISABLE_FROM_VERIFIED_LOCAL_CACHE
binding-df72a50f7824a90893403e63,scenario-e3f3bc0aefe98e912b42f3a7,d1c492ef1e2f790358d91e5eee6cf2fc989cfbb7b18c01043486c4ca67989e57,strict_inductive,graphsage,8,source,train;validation,validation,SOURCE_LABELS_ALLOWED,all_experts_available,UNKNOWN_UNTIL_OPERATIONAL_SPEC,MATERIALISABLE_FROM_VERIFIED_LOCAL_CACHE
binding-95228ea72839cedf96820c67,scenario-e3f3bc0aefe98e912b42f3a7,6e9af7eb01976836967169ec25229405f1f9b6b8ef36f157eba22aaf53b108d3,isolated_inductive,feature_mlp,8,source,train;validation,validation,SOURCE_LABELS_ALLOWED,all_experts_available,UNKNOWN_UNTIL_OPERATIONAL_SPEC,MATERIALISABLE_FROM_VERIFIED_LOCAL_CACHE
binding-13dc883d59699f08c16ffae8,scenario-e3f3bc0aefe98e912b42f3a7,ca1436c560eb08fa7947b3d74fcc112a2f7332f1103cd41b8ca720c4fbed3ce6,isolated_inductive,gcn,8,source,train;validation,validation,SOURCE_LABELS_ALLOWED,all_experts_available,UNKNOWN_UNTIL_OPERATIONAL_SPEC,MATERIALISABLE_FROM_VERIFIED_LOCAL_CACHE
binding-839bee033f6434c0de0a7a11,scenario-e3f3bc0aefe98e912b42f3a7,e69f98f51516ca8fdad5d8c15ab11e78a9fb9dda3cf79de5de2d75731d7f66c4,isolated_inductive,graphsage,8,source,train;validation,validation,SOURCE_LABELS_ALLOWED,all_experts_available,UNKNOWN_UNTIL_OPERATIONAL_SPEC,MATERIALISABLE_FROM_VERIFIED_LOCAL_CACHE
binding-008b14bf48bcc54ac3c80f82,scenario-e3f3bc0aefe98e912b42f3a7,6c042a089f9de7d72d5691297b087e825f16ccf51baa3b356a53ded8c7011a91,transductive_structure,feature_mlp,8,target,test,test,EVALUATION_ONLY_AFTER_FREEZE,all_experts_available,UNKNOWN_UNTIL_OPERATIONAL_SPEC,MATERIALISABLE_FROM_VERIFIED_LOCAL_CACHE
binding-8aa2a40009431be40c4cbc18,scenario-e3f3bc0aefe98e912b42f3a7,0016f344ece91d9e648acaa575622bfb45bc255566fb770fae5eea3e250b027d,transductive_structure,gcn,8,target,test,test,EVALUATION_ONLY_AFTER_FREEZE,all_experts_available,UNKNOWN_UNTIL_OPERATIONAL_SPEC,MATERIALISABLE_FROM_VERIFIED_LOCAL_CACHE
binding-fe13be79b378f4963ea9d402,scenario-e3f3bc0aefe98e912b42f3a7,5368ff45da484caab02c506ab5fc6a4344d357a3d9307634cb508ed021f62494,transductive_structure,graphsage,8,target,test,test,EVALUATION_ONLY_AFTER_FREEZE,all_experts_available,UNKNOWN_UNTIL_OPERATIONAL_SPEC,MATERIALISABLE_FROM_VERIFIED_LOCAL_CACHE
binding-7ebd17a36c24c08cc8fedece,scenario-5f7e6bde8fe2dfb89a620c0b,5fe7faaab6618fa32997e15b6bd7a509889f900a179fe7e3fd83e6fbee08b8ba,strict_inductive,feature_mlp,9,source,train;validation,validation,SOURCE_LABELS_ALLOWED,all_experts_available,UNKNOWN_UNTIL_OPERATIONAL_SPEC,MATERIALISABLE_FROM_VERIFIED_LOCAL_CACHE
binding-5f20338452bf439cfff8a393,scenario-5f7e6bde8fe2dfb89a620c0b,ae877be5e5b6d88ad3d62199c42da2937488dd90249291ae2594f08f16669110,strict_inductive,gcn,9,source,train;validation,validation,SOURCE_LABELS_ALLOWED,all_experts_available,UNKNOWN_UNTIL_OPERATIONAL_SPEC,MATERIALISABLE_FROM_VERIFIED_LOCAL_CACHE
binding-9d4d861e47a68e5d98cf2e5a,scenario-5f7e6bde8fe2dfb89a620c0b,afcb1208b7c479fed43e427241538e5b057ca2991aa495980f3366a6a2be448d,strict_inductive,graphsage,9,source,train;validation,validation,SOURCE_LABELS_ALLOWED,all_experts_available,UNKNOWN_UNTIL_OPERATIONAL_SPEC,MATERIALISABLE_FROM_VERIFIED_LOCAL_CACHE
binding-02fd5f0714fef874f69bd20a,scenario-5f7e6bde8fe2dfb89a620c0b,b76db7cec17279d247e8ea5ae4723a9a644e92d95cc99c6bee284aefd4d9dcd8,isolated_inductive,feature_mlp,9,source,train;validation,validation,SOURCE_LABELS_ALLOWED,all_experts_available,UNKNOWN_UNTIL_OPERATIONAL_SPEC,MATERIALISABLE_FROM_VERIFIED_LOCAL_CACHE
binding-64fbb35d716ee7cf09076025,scenario-5f7e6bde8fe2dfb89a620c0b,d0acde552bde3a867bfd77068cdb13a235bbe2eb3bedf2c91f4ff806ba16434a,isolated_inductive,gcn,9,source,train;validation,validation,SOURCE_LABELS_ALLOWED,all_experts_available,UNKNOWN_UNTIL_OPERATIONAL_SPEC,MATERIALISABLE_FROM_VERIFIED_LOCAL_CACHE
binding-b6567f51c6863194993ffb9d,scenario-5f7e6bde8fe2dfb89a620c0b,60da44482946090779f942dc8f2420923fc0b0afc1139039f4ada8192d1ffcb8,isolated_inductive,graphsage,9,source,train;validation,validation,SOURCE_LABELS_ALLOWED,all_experts_available,UNKNOWN_UNTIL_OPERATIONAL_SPEC,MATERIALISABLE_FROM_VERIFIED_LOCAL_CACHE
binding-58c2645b4006b6859400e639,scenario-5f7e6bde8fe2dfb89a620c0b,e8f586c6ed4c6a4286e487115bd38da7e5631a7182efb048b6c95979486ba224,transductive_structure,feature_mlp,9,target,test,test,EVALUATION_ONLY_AFTER_FREEZE,all_experts_available,UNKNOWN_UNTIL_OPERATIONAL_SPEC,MATERIALISABLE_FROM_VERIFIED_LOCAL_CACHE
binding-8af945879d0e782b208053b2,scenario-5f7e6bde8fe2dfb89a620c0b,24464229a4176e9a6273df0f0b3e5b77a3cf185b65deef6c802b011ed74ede5f,transductive_structure,gcn,9,target,test,test,EVALUATION_ONLY_AFTER_FREEZE,all_experts_available,UNKNOWN_UNTIL_OPERATIONAL_SPEC,MATERIALISABLE_FROM_VERIFIED_LOCAL_CACHE
binding-b7bb81050c60fe1b3ba65b49,scenario-5f7e6bde8fe2dfb89a620c0b,4cf2f2784aa7d1fa80baa2065128044621d7f6dbf1f1f9066e4bd8989d99694a,transductive_structure,graphsage,9,target,test,test,EVALUATION_ONLY_AFTER_FREEZE,all_experts_available,UNKNOWN_UNTIL_OPERATIONAL_SPEC,MATERIALISABLE_FROM_VERIFIED_LOCAL_CACHE
binding-6aa0880b517668f73449457d,scenario-83721c54507e574a04c867e9,7d1ebd9c2ae7bec283a826f45e454da28cff3912c9be7481f45bf8b8d5ac1185,strict_inductive,feature_mlp,10,source,train;validation,validation,SOURCE_LABELS_ALLOWED,all_experts_available,UNKNOWN_UNTIL_OPERATIONAL_SPEC,MATERIALISABLE_FROM_VERIFIED_LOCAL_CACHE
binding-d052da0e28550dda813c057f,scenario-83721c54507e574a04c867e9,4d0b3888c2018b5838836daaaf78327d89ae67b33da6f88f1ae4d09dd6c73e09,strict_inductive,gcn,10,source,train;validation,validation,SOURCE_LABELS_ALLOWED,all_experts_available,UNKNOWN_UNTIL_OPERATIONAL_SPEC,MATERIALISABLE_FROM_VERIFIED_LOCAL_CACHE
binding-d92f120eb37b0c9c1b9283ed,scenario-83721c54507e574a04c867e9,a71655a9a9d6f98a90c218ab9d52f9492753a3c397a68288ed929cd2d16dca3d,strict_inductive,graphsage,10,source,train;validation,validation,SOURCE_LABELS_ALLOWED,all_experts_available,UNKNOWN_UNTIL_OPERATIONAL_SPEC,MATERIALISABLE_FROM_VERIFIED_LOCAL_CACHE
binding-4ab57cc0f241acfc14728c3e,scenario-83721c54507e574a04c867e9,bb50acba9e26ad852938e16192b27ead0a9b2a064e1fd9bfda108bc39f0048cd,isolated_inductive,feature_mlp,10,source,train;validation,validation,SOURCE_LABELS_ALLOWED,all_experts_available,UNKNOWN_UNTIL_OPERATIONAL_SPEC,MATERIALISABLE_FROM_VERIFIED_LOCAL_CACHE
binding-cbb7054f7e0228a8eee3016f,scenario-83721c54507e574a04c867e9,ee4833898e118c8e67ca508e7b6d1f134aa4a81019071e54795602d469ab3ea5,isolated_inductive,gcn,10,source,train;validation,validation,SOURCE_LABELS_ALLOWED,all_experts_available,UNKNOWN_UNTIL_OPERATIONAL_SPEC,MATERIALISABLE_FROM_VERIFIED_LOCAL_CACHE
binding-3f04f6a0920f7a564164a030,scenario-83721c54507e574a04c867e9,4e4e80410c602cbfbbf969b8c656227907b15e195496d638bfc77e21560e47b2,isolated_inductive,graphsage,10,source,train;validation,validation,SOURCE_LABELS_ALLOWED,all_experts_available,UNKNOWN_UNTIL_OPERATIONAL_SPEC,MATERIALISABLE_FROM_VERIFIED_LOCAL_CACHE
binding-1e0a5dbb11cbe205251c8641,scenario-83721c54507e574a04c867e9,d9bfa07501e0a262922f25df83dc9641f1f744103f53c812170d544eb7b7635c,transductive_structure,feature_mlp,10,target,test,test,EVALUATION_ONLY_AFTER_FREEZE,all_experts_available,UNKNOWN_UNTIL_OPERATIONAL_SPEC,MATERIALISABLE_FROM_VERIFIED_LOCAL_CACHE
binding-3ad6b03021519bd94d6e289f,scenario-83721c54507e574a04c867e9,b2765caaa04b23236497a642edde6c7ff4efa3d812f59345d378170fd41cd7e7,transductive_structure,gcn,10,target,test,test,EVALUATION_ONLY_AFTER_FREEZE,all_experts_available,UNKNOWN_UNTIL_OPERATIONAL_SPEC,MATERIALISABLE_FROM_VERIFIED_LOCAL_CACHE
binding-dee1e816cb1e8b39d3e52698,scenario-83721c54507e574a04c867e9,d59b031a52eec333e00fa6811b41ecafb75611036e54498597fd142f0b18d9a6,transductive_structure,graphsage,10,target,test,test,EVALUATION_ONLY_AFTER_FREEZE,all_experts_available,UNKNOWN_UNTIL_OPERATIONAL_SPEC,MATERIALISABLE_FROM_VERIFIED_LOCAL_CACHE
binding-dc14296418103f03cc2b7ffa,scenario-be8ab824e4375a55c2a0ef11,52685c12e4917f7a80b31307cafaa6e3ad42bc7953f4f322d6cd0517eac808ff,strict_inductive,feature_mlp,1,target,test,test,EVALUATION_ONLY_AFTER_FREEZE,all_experts_available,UNKNOWN_UNTIL_OPERATIONAL_SPEC,MATERIALISABLE_FROM_VERIFIED_LOCAL_CACHE
binding-c44534b385457ac7f732b794,scenario-be8ab824e4375a55c2a0ef11,c409978cc8e157cc7053250d8ed12ca6728b967118ddbb3c5abf8699d51957a7,strict_inductive,gcn,1,target,test,test,EVALUATION_ONLY_AFTER_FREEZE,all_experts_available,UNKNOWN_UNTIL_OPERATIONAL_SPEC,MATERIALISABLE_FROM_VERIFIED_LOCAL_CACHE
binding-fd106c24f5adc29d0ad51912,scenario-be8ab824e4375a55c2a0ef11,e5e5e60cff19b872e27cad3484b19f4bf0814d56c47c414751caa3f3f5ba387c,strict_inductive,graphsage,1,target,test,test,EVALUATION_ONLY_AFTER_FREEZE,all_experts_available,UNKNOWN_UNTIL_OPERATIONAL_SPEC,MATERIALISABLE_FROM_VERIFIED_LOCAL_CACHE
binding-1e91b11820f1d40dfe69fc7d,scenario-be8ab824e4375a55c2a0ef11,675638befa2d945be57bc01fb298623ad278449f8a5343a23d7a623d0d04652a,isolated_inductive,feature_mlp,1,source,train;validation,validation,SOURCE_LABELS_ALLOWED,all_experts_available,UNKNOWN_UNTIL_OPERATIONAL_SPEC,MATERIALISABLE_FROM_VERIFIED_LOCAL_CACHE
binding-c91330a9d60a00c2b1314b90,scenario-be8ab824e4375a55c2a0ef11,f5efa4a18a06de39243394e0dbdedeb38a833f97248b00295792d3f542c38e51,isolated_inductive,gcn,1,source,train;validation,validation,SOURCE_LABELS_ALLOWED,all_experts_available,UNKNOWN_UNTIL_OPERATIONAL_SPEC,MATERIALISABLE_FROM_VERIFIED_LOCAL_CACHE
binding-ff9d1a149e21a960d0f51dff,scenario-be8ab824e4375a55c2a0ef11,6a8bc9782a178c909220d3cf02e60757657f856c4a2166a69731673bb6e8a0ce,isolated_inductive,graphsage,1,source,train;validation,validation,SOURCE_LABELS_ALLOWED,all_experts_available,UNKNOWN_UNTIL_OPERATIONAL_SPEC,MATERIALISABLE_FROM_VERIFIED_LOCAL_CACHE
binding-4e7c0ba1240f0ca8f3b384af,scenario-be8ab824e4375a55c2a0ef11,eed58c3cebb40733db2d9ee011beefc10361600a92b63531401bd0c03acc3f64,transductive_structure,feature_mlp,1,source,train;validation,validation,SOURCE_LABELS_ALLOWED,all_experts_available,UNKNOWN_UNTIL_OPERATIONAL_SPEC,MATERIALISABLE_FROM_VERIFIED_LOCAL_CACHE
binding-927a9ce5c3527297f8f0c32b,scenario-be8ab824e4375a55c2a0ef11,5aae92d61737ddc2e75df663f8394ad244ad2f833d759179553e487a0a301514,transductive_structure,gcn,1,source,train;validation,validation,SOURCE_LABELS_ALLOWED,all_experts_available,UNKNOWN_UNTIL_OPERATIONAL_SPEC,MATERIALISABLE_FROM_VERIFIED_LOCAL_CACHE
binding-581e0022774acc1ea81a99dd,scenario-be8ab824e4375a55c2a0ef11,a3be05e87fe57d0c626586db103173d67105293a47cd32196c29cdeda68d7428,transductive_structure,graphsage,1,source,train;validation,validation,SOURCE_LABELS_ALLOWED,all_experts_available,UNKNOWN_UNTIL_OPERATIONAL_SPEC,MATERIALISABLE_FROM_VERIFIED_LOCAL_CACHE
binding-9ee5431bfdbb48f773c05f2d,scenario-cfe841f4f840791b099bae6a,3f8626ebf4031fe19be3063461490c3e227395b6372777b7053468d5f9b04edb,strict_inductive,feature_mlp,2,target,test,test,EVALUATION_ONLY_AFTER_FREEZE,all_experts_available,UNKNOWN_UNTIL_OPERATIONAL_SPEC,MATERIALISABLE_FROM_VERIFIED_LOCAL_CACHE
binding-d39cc0ca7988e7c433750ad6,scenario-cfe841f4f840791b099bae6a,bd5ee45787b25eaa8e58278803fd8a33845c17b36748ea13fa99e94ab86c5064,strict_inductive,gcn,2,target,test,test,EVALUATION_ONLY_AFTER_FREEZE,all_experts_available,UNKNOWN_UNTIL_OPERATIONAL_SPEC,MATERIALISABLE_FROM_VERIFIED_LOCAL_CACHE
binding-90627068eb05f58def87d153,scenario-cfe841f4f840791b099bae6a,66e853c90106b4f81363bfadbdc609f7d1d34b949618b75dd9bae22c1969c4e5,strict_inductive,graphsage,2,target,test,test,EVALUATION_ONLY_AFTER_FREEZE,all_experts_available,UNKNOWN_UNTIL_OPERATIONAL_SPEC,MATERIALISABLE_FROM_VERIFIED_LOCAL_CACHE
binding-d4a0b2d5e3f11dd672a9aadc,scenario-cfe841f4f840791b099bae6a,67336dcaa82c7029c86a3c94d6b4908ff38db51574da609b41e8b3aa30534d72,isolated_inductive,feature_mlp,2,source,train;validation,validation,SOURCE_LABELS_ALLOWED,all_experts_available,UNKNOWN_UNTIL_OPERATIONAL_SPEC,MATERIALISABLE_FROM_VERIFIED_LOCAL_CACHE
binding-b8f9e42287fe988fa83c49c3,scenario-cfe841f4f840791b099bae6a,90a9e590fdf87a2e0b6f2aee4cbe41aad2849139444692ba7effbe8244df5ad6,isolated_inductive,gcn,2,source,train;validation,validation,SOURCE_LABELS_ALLOWED,all_experts_available,UNKNOWN_UNTIL_OPERATIONAL_SPEC,MATERIALISABLE_FROM_VERIFIED_LOCAL_CACHE
binding-45da60b543065b65c206f9d6,scenario-cfe841f4f840791b099bae6a,21a0163a1e8f2eba52e8c47ccbecba3fa7b711d7cbbde753d19611640272e084,isolated_inductive,graphsage,2,source,train;validation,validation,SOURCE_LABELS_ALLOWED,all_experts_available,UNKNOWN_UNTIL_OPERATIONAL_SPEC,MATERIALISABLE_FROM_VERIFIED_LOCAL_CACHE
binding-e7d972c7383e62545b07c6de,scenario-cfe841f4f840791b099bae6a,3250e3f29376680d3e4f213881bd0676a5a9dc7f61c486e47fb442c30775dfc3,transductive_structure,feature_mlp,2,source,train;validation,validation,SOURCE_LABELS_ALLOWED,all_experts_available,UNKNOWN_UNTIL_OPERATIONAL_SPEC,MATERIALISABLE_FROM_VERIFIED_LOCAL_CACHE
binding-1720df794b18c0442cb3025f,scenario-cfe841f4f840791b099bae6a,de2aab9f98695f2ccfd8a9f6f498c51050411336e8918b558d9ef75517df1fe3,transductive_structure,gcn,2,source,train;validation,validation,SOURCE_LABELS_ALLOWED,all_experts_available,UNKNOWN_UNTIL_OPERATIONAL_SPEC,MATERIALISABLE_FROM_VERIFIED_LOCAL_CACHE
binding-cb29bbf24da578f578e4b0fa,scenario-cfe841f4f840791b099bae6a,d62648597292da1a76d55488f67e8fbaf6f87f0c404a643984a256903e29fef1,transductive_structure,graphsage,2,source,train;validation,validation,SOURCE_LABELS_ALLOWED,all_experts_available,UNKNOWN_UNTIL_OPERATIONAL_SPEC,MATERIALISABLE_FROM_VERIFIED_LOCAL_CACHE
binding-97f2d50cf5f800ae4827d0ee,scenario-3e0cd249e6192ae3d624f854,7b4d450599ad9dc6734c6f1c1f1f5234d942db04fc4c2292420760ef83d76f9a,strict_inductive,feature_mlp,3,target,test,test,EVALUATION_ONLY_AFTER_FREEZE,all_experts_available,UNKNOWN_UNTIL_OPERATIONAL_SPEC,MATERIALISABLE_FROM_VERIFIED_LOCAL_CACHE
binding-1f85de6febde7b9b742017bd,scenario-3e0cd249e6192ae3d624f854,699f0ebe1389ac36857614b4c2bcf8a567db513bed3e05725da60c655767995c,strict_inductive,gcn,3,target,test,test,EVALUATION_ONLY_AFTER_FREEZE,all_experts_available,UNKNOWN_UNTIL_OPERATIONAL_SPEC,MATERIALISABLE_FROM_VERIFIED_LOCAL_CACHE
binding-1d039504617620467aee56af,scenario-3e0cd249e6192ae3d624f854,04a62f40212fc028ce05dfd1f8ea09b8cf59216c34fa0f0ca46d0d9d4ce61be0,strict_inductive,graphsage,3,target,test,test,EVALUATION_ONLY_AFTER_FREEZE,all_experts_available,UNKNOWN_UNTIL_OPERATIONAL_SPEC,MATERIALISABLE_FROM_VERIFIED_LOCAL_CACHE
binding-21df51ea29595ec7810ca243,scenario-3e0cd249e6192ae3d624f854,e375af8b19798adc731f5c9aa462d9a3c50957e0d731036ac29f1c84ca1af9fe,isolated_inductive,feature_mlp,3,source,train;validation,validation,SOURCE_LABELS_ALLOWED,all_experts_available,UNKNOWN_UNTIL_OPERATIONAL_SPEC,MATERIALISABLE_FROM_VERIFIED_LOCAL_CACHE
binding-ee6bce8296b49bd1edd05685,scenario-3e0cd249e6192ae3d624f854,eed27bc27f9669b6d83ac03b3312175a4807c3834fe6247dd7d21ea60b1a8de2,isolated_inductive,gcn,3,source,train;validation,validation,SOURCE_LABELS_ALLOWED,all_experts_available,UNKNOWN_UNTIL_OPERATIONAL_SPEC,MATERIALISABLE_FROM_VERIFIED_LOCAL_CACHE
binding-ab67ae80ff7a3ea573ceafcb,scenario-3e0cd249e6192ae3d624f854,f08aa7610ee53a179bb35372f7755e1549b526fc43d10aa42b91af1ef05eb4ad,isolated_inductive,graphsage,3,source,train;validation,validation,SOURCE_LABELS_ALLOWED,all_experts_available,UNKNOWN_UNTIL_OPERATIONAL_SPEC,MATERIALISABLE_FROM_VERIFIED_LOCAL_CACHE
binding-b6f4412c771bf3b0a17ecf96,scenario-3e0cd249e6192ae3d624f854,72c3fdf4bbf51160ea29f63d9867a687ef0944742fc7a2cd965a53e2658063f8,transductive_structure,feature_mlp,3,source,train;validation,validation,SOURCE_LABELS_ALLOWED,all_experts_available,UNKNOWN_UNTIL_OPERATIONAL_SPEC,MATERIALISABLE_FROM_VERIFIED_LOCAL_CACHE
binding-b323e6ffdfdc461986d2b8e7,scenario-3e0cd249e6192ae3d624f854,0481e6f3086b12fe0eb0b7dfd669e8360fe967e76c4da46361b2f91dcf1ea48e,transductive_structure,gcn,3,source,train;validation,validation,SOURCE_LABELS_ALLOWED,all_experts_available,UNKNOWN_UNTIL_OPERATIONAL_SPEC,MATERIALISABLE_FROM_VERIFIED_LOCAL_CACHE
binding-ba91ea525e7db4ef1e9c3faa,scenario-3e0cd249e6192ae3d624f854,73f3a4c6225ca4ec13d271c3019eaf7eae1775332d8616bcd133849edd6e5d6e,transductive_structure,graphsage,3,source,train;validation,validation,SOURCE_LABELS_ALLOWED,all_experts_available,UNKNOWN_UNTIL_OPERATIONAL_SPEC,MATERIALISABLE_FROM_VERIFIED_LOCAL_CACHE
binding-866b3df978ead6a4256dcf44,scenario-742792b2111479f851651a36,13dd60fdcac4eb5d35fb765cb01e25e7fe279c289a7d6e9a52f5f7f0ad7990c2,strict_inductive,feature_mlp,4,target,test,test,EVALUATION_ONLY_AFTER_FREEZE,all_experts_available,UNKNOWN_UNTIL_OPERATIONAL_SPEC,MATERIALISABLE_FROM_VERIFIED_LOCAL_CACHE
binding-1a8ef67dee80dfd6f42483bf,scenario-742792b2111479f851651a36,cf244b1b927f67b07d941b9bcc78f85a9105a1df0bf0b52cb0dc33f6f3ac8dd3,strict_inductive,gcn,4,target,test,test,EVALUATION_ONLY_AFTER_FREEZE,all_experts_available,UNKNOWN_UNTIL_OPERATIONAL_SPEC,MATERIALISABLE_FROM_VERIFIED_LOCAL_CACHE
binding-11d23a1fb010c79653b51649,scenario-742792b2111479f851651a36,6980525005315ec3c08e4dfab012b99d1eee2122b725d2ea2ecec1687522a5c0,strict_inductive,graphsage,4,target,test,test,EVALUATION_ONLY_AFTER_FREEZE,all_experts_available,UNKNOWN_UNTIL_OPERATIONAL_SPEC,MATERIALISABLE_FROM_VERIFIED_LOCAL_CACHE
binding-9222f85302f8dde0c42a92df,scenario-742792b2111479f851651a36,db3fd0a87d762d29536659033e5f7513ec1e9322508833a7e5d9a456e25b2a25,isolated_inductive,feature_mlp,4,source,train;validation,validation,SOURCE_LABELS_ALLOWED,all_experts_available,UNKNOWN_UNTIL_OPERATIONAL_SPEC,MATERIALISABLE_FROM_VERIFIED_LOCAL_CACHE
binding-350a09ef77c4a545700475f2,scenario-742792b2111479f851651a36,b395751d36deecf4edef87799c4995fbe2c727b5d7637ccb4602d9ee05038e01,isolated_inductive,gcn,4,source,train;validation,validation,SOURCE_LABELS_ALLOWED,all_experts_available,UNKNOWN_UNTIL_OPERATIONAL_SPEC,MATERIALISABLE_FROM_VERIFIED_LOCAL_CACHE
binding-6f9ba0461f06015135a85947,scenario-742792b2111479f851651a36,a157b4e0f482082757c616e9dc68ceb2f85215119f08bc4262068b2b148837c5,isolated_inductive,graphsage,4,source,train;validation,validation,SOURCE_LABELS_ALLOWED,all_experts_available,UNKNOWN_UNTIL_OPERATIONAL_SPEC,MATERIALISABLE_FROM_VERIFIED_LOCAL_CACHE
binding-a6ebd5f792677e8445fc4549,scenario-742792b2111479f851651a36,34112f56c3d1d4f940ab02763b71f3d1fb7affdaf15b72acd66e38a4bb69901b,transductive_structure,feature_mlp,4,source,train;validation,validation,SOURCE_LABELS_ALLOWED,all_experts_available,UNKNOWN_UNTIL_OPERATIONAL_SPEC,MATERIALISABLE_FROM_VERIFIED_LOCAL_CACHE
binding-4e765166339d66a166af0cce,scenario-742792b2111479f851651a36,0348900de02583daf9eae3a7a8bd7895343e4946f81761e04d7c9290dced2cfe,transductive_structure,gcn,4,source,train;validation,validation,SOURCE_LABELS_ALLOWED,all_experts_available,UNKNOWN_UNTIL_OPERATIONAL_SPEC,MATERIALISABLE_FROM_VERIFIED_LOCAL_CACHE
binding-696f56902a977849b390ec74,scenario-742792b2111479f851651a36,74a1dd5ebaddb6b540a28bf8100978d40a26537a6398db7acbbb7a7b9d9d106a,transductive_structure,graphsage,4,source,train;validation,validation,SOURCE_LABELS_ALLOWED,all_experts_available,UNKNOWN_UNTIL_OPERATIONAL_SPEC,MATERIALISABLE_FROM_VERIFIED_LOCAL_CACHE
binding-0698c1f97d713646003b9bf4,scenario-e78de6d7dc26017270475525,00a4ba89d4ee6f091cea901da90be475c7e8388c9cdca300ea3f81eaeb572071,strict_inductive,feature_mlp,5,target,test,test,EVALUATION_ONLY_AFTER_FREEZE,all_experts_available,UNKNOWN_UNTIL_OPERATIONAL_SPEC,MATERIALISABLE_FROM_VERIFIED_LOCAL_CACHE
binding-c897a6c441102e8ed8c18ba5,scenario-e78de6d7dc26017270475525,e2d14d889b32a8a031cce73c3ec01b101132c9313004e3bca4d871080e066365,strict_inductive,gcn,5,target,test,test,EVALUATION_ONLY_AFTER_FREEZE,all_experts_available,UNKNOWN_UNTIL_OPERATIONAL_SPEC,MATERIALISABLE_FROM_VERIFIED_LOCAL_CACHE
binding-9320485a3e98b31368cdff39,scenario-e78de6d7dc26017270475525,b5702d342fa5bdbba06156bf6e1ea8b8d5665f07dd87cd0b7814a28ce7980fe2,strict_inductive,graphsage,5,target,test,test,EVALUATION_ONLY_AFTER_FREEZE,all_experts_available,UNKNOWN_UNTIL_OPERATIONAL_SPEC,MATERIALISABLE_FROM_VERIFIED_LOCAL_CACHE
binding-718a5e0b175c34ba3ffb534e,scenario-e78de6d7dc26017270475525,e4c6cbc7bee75edd8fa43c93a103644002e2a6d3f9e4b785bb7729d236d5a59f,isolated_inductive,feature_mlp,5,source,train;validation,validation,SOURCE_LABELS_ALLOWED,all_experts_available,UNKNOWN_UNTIL_OPERATIONAL_SPEC,MATERIALISABLE_FROM_VERIFIED_LOCAL_CACHE
binding-fd2531f466387dfaa955fbd6,scenario-e78de6d7dc26017270475525,2959d76f2e1606072d5372a01e191711843df460020c58490fce480967410829,isolated_inductive,gcn,5,source,train;validation,validation,SOURCE_LABELS_ALLOWED,all_experts_available,UNKNOWN_UNTIL_OPERATIONAL_SPEC,MATERIALISABLE_FROM_VERIFIED_LOCAL_CACHE
binding-2fec5d2b8b528828cd8e3c84,scenario-e78de6d7dc26017270475525,afdd0347a45a56dcaa1c425f1244c8c96e34f54f8ad674e8195ee65d72ec7c70,isolated_inductive,graphsage,5,source,train;validation,validation,SOURCE_LABELS_ALLOWED,all_experts_available,UNKNOWN_UNTIL_OPERATIONAL_SPEC,MATERIALISABLE_FROM_VERIFIED_LOCAL_CACHE
binding-79a5d775c4a89ee8ff2be213,scenario-e78de6d7dc26017270475525,50d3faeb48be6e226d83e9fdabb8b6beb564bfd5a129da4d3e9ba12a20bca9a3,transductive_structure,feature_mlp,5,source,train;validation,validation,SOURCE_LABELS_ALLOWED,all_experts_available,UNKNOWN_UNTIL_OPERATIONAL_SPEC,MATERIALISABLE_FROM_VERIFIED_LOCAL_CACHE
binding-14c97d5d3d9be0d6a9f137e4,scenario-e78de6d7dc26017270475525,af56865e24d7d3f0daf03854b13c2f771e712b71cd65f6ea3cdd7c0d689418ec,transductive_structure,gcn,5,source,train;validation,validation,SOURCE_LABELS_ALLOWED,all_experts_available,UNKNOWN_UNTIL_OPERATIONAL_SPEC,MATERIALISABLE_FROM_VERIFIED_LOCAL_CACHE
binding-8d1b5199297c0af676436af0,scenario-e78de6d7dc26017270475525,728d1a268b3c6eef3ffbd8fca6fbac54786072c8d59f0b1e044378cb48a6c6e3,transductive_structure,graphsage,5,source,train;validation,validation,SOURCE_LABELS_ALLOWED,all_experts_available,UNKNOWN_UNTIL_OPERATIONAL_SPEC,MATERIALISABLE_FROM_VERIFIED_LOCAL_CACHE
binding-8c0fee17fbb9219f933bd35c,scenario-f011749392c93d114b8d646c,e77d9298b1a98b90d5f1d588a9f205e0377da5cdca4636d1fe7b8979288158e7,strict_inductive,feature_mlp,6,target,test,test,EVALUATION_ONLY_AFTER_FREEZE,all_experts_available,UNKNOWN_UNTIL_OPERATIONAL_SPEC,MATERIALISABLE_FROM_VERIFIED_LOCAL_CACHE
binding-7f41c46fdd8fcaa8755253c3,scenario-f011749392c93d114b8d646c,87dfb374ec2ee90a9768ea0c7ee80a2989ba67cc4a30e403920ef6a20a263592,strict_inductive,gcn,6,target,test,test,EVALUATION_ONLY_AFTER_FREEZE,all_experts_available,UNKNOWN_UNTIL_OPERATIONAL_SPEC,MATERIALISABLE_FROM_VERIFIED_LOCAL_CACHE
binding-ff6743530b2a26f745b77a69,scenario-f011749392c93d114b8d646c,2e8802ebf6b0081fc29d0c22b0051b5a4c2f35b2745d371099ae528b586680e1,strict_inductive,graphsage,6,target,test,test,EVALUATION_ONLY_AFTER_FREEZE,all_experts_available,UNKNOWN_UNTIL_OPERATIONAL_SPEC,MATERIALISABLE_FROM_VERIFIED_LOCAL_CACHE
binding-e6fec7aa7b224278411b615c,scenario-f011749392c93d114b8d646c,757e88ee61b20d96ec7d16efd96a6d512ae6baab0d48d4ef6f6da516f07a50ef,isolated_inductive,feature_mlp,6,source,train;validation,validation,SOURCE_LABELS_ALLOWED,all_experts_available,UNKNOWN_UNTIL_OPERATIONAL_SPEC,MATERIALISABLE_FROM_VERIFIED_LOCAL_CACHE
binding-bf00e7590ec3424e15026b01,scenario-f011749392c93d114b8d646c,aed699b1f7d0e7e9874f4e544f7ba761a7a284603b90a36971f7fe82a85b51b6,isolated_inductive,gcn,6,source,train;validation,validation,SOURCE_LABELS_ALLOWED,all_experts_available,UNKNOWN_UNTIL_OPERATIONAL_SPEC,MATERIALISABLE_FROM_VERIFIED_LOCAL_CACHE
binding-f2b5b8d8faea6f8f25ef65ff,scenario-f011749392c93d114b8d646c,cb63f14600172f331dfb1b1fc1d5eada0d13c00b4474d4d115500cfa3d5c4fae,isolated_inductive,graphsage,6,source,train;validation,validation,SOURCE_LABELS_ALLOWED,all_experts_available,UNKNOWN_UNTIL_OPERATIONAL_SPEC,MATERIALISABLE_FROM_VERIFIED_LOCAL_CACHE
binding-37397e62344ebc56ebb56841,scenario-f011749392c93d114b8d646c,7d260762a2ef82545982e0458ff5f2a2fc11ada5a8fb769ff2c28bd88590332b,transductive_structure,feature_mlp,6,source,train;validation,validation,SOURCE_LABELS_ALLOWED,all_experts_available,UNKNOWN_UNTIL_OPERATIONAL_SPEC,MATERIALISABLE_FROM_VERIFIED_LOCAL_CACHE
binding-a1dddc61bb2a9cffe67d343d,scenario-f011749392c93d114b8d646c,9e46c3736b86adf149ecd64d168cef2e0a69ab750920235ae24b7bb03ae87855,transductive_structure,gcn,6,source,train;validation,validation,SOURCE_LABELS_ALLOWED,all_experts_available,UNKNOWN_UNTIL_OPERATIONAL_SPEC,MATERIALISABLE_FROM_VERIFIED_LOCAL_CACHE
binding-bd4cf30e5a5d0fc429c33cb9,scenario-f011749392c93d114b8d646c,407a7360eb3441fdc5281d687a7cdca38ae81cb2c28fb2f479f6d9b8cb0e64a0,transductive_structure,graphsage,6,source,train;validation,validation,SOURCE_LABELS_ALLOWED,all_experts_available,UNKNOWN_UNTIL_OPERATIONAL_SPEC,MATERIALISABLE_FROM_VERIFIED_LOCAL_CACHE
binding-cbb3b6fab9a8854c408e00e8,scenario-230a91dc8dd2c7847902479a,6b7d63e7661ef7286f176f47f4b732e982367117f89416992a67bdecbabd2499,strict_inductive,feature_mlp,7,target,test,test,EVALUATION_ONLY_AFTER_FREEZE,all_experts_available,UNKNOWN_UNTIL_OPERATIONAL_SPEC,MATERIALISABLE_FROM_VERIFIED_LOCAL_CACHE
binding-aa5badcd566c30cdfad739a3,scenario-230a91dc8dd2c7847902479a,1724d6b9a17c272fa2c30bf9b0b907021044c6e027c376596aef5fbdb6245053,strict_inductive,gcn,7,target,test,test,EVALUATION_ONLY_AFTER_FREEZE,all_experts_available,UNKNOWN_UNTIL_OPERATIONAL_SPEC,MATERIALISABLE_FROM_VERIFIED_LOCAL_CACHE
binding-af5a6e5fd937ff22653b78bd,scenario-230a91dc8dd2c7847902479a,371d24dedaed8f5aaa5666311f33003f96b21f062a06c250337cdbd105949891,strict_inductive,graphsage,7,target,test,test,EVALUATION_ONLY_AFTER_FREEZE,all_experts_available,UNKNOWN_UNTIL_OPERATIONAL_SPEC,MATERIALISABLE_FROM_VERIFIED_LOCAL_CACHE
binding-89fe6980496595b1b3d8e12f,scenario-230a91dc8dd2c7847902479a,3ad42754e59f2d60175def7386ea20bbe6dc6be614e07da53e9faa4a1911321a,isolated_inductive,feature_mlp,7,source,train;validation,validation,SOURCE_LABELS_ALLOWED,all_experts_available,UNKNOWN_UNTIL_OPERATIONAL_SPEC,MATERIALISABLE_FROM_VERIFIED_LOCAL_CACHE
binding-317e71dd235e2c69514c9920,scenario-230a91dc8dd2c7847902479a,f4af531a3cdcb55845ddfcbbbce27a446b485cf066a519a68818aeea855e1f73,isolated_inductive,gcn,7,source,train;validation,validation,SOURCE_LABELS_ALLOWED,all_experts_available,UNKNOWN_UNTIL_OPERATIONAL_SPEC,MATERIALISABLE_FROM_VERIFIED_LOCAL_CACHE
binding-5aa73f8d8cadcd6cae66103b,scenario-230a91dc8dd2c7847902479a,c4780dbea74455d7463dde6dce6b1a39bcf2eae5fe736a492fc570abb1657b05,isolated_inductive,graphsage,7,source,train;validation,validation,SOURCE_LABELS_ALLOWED,all_experts_available,UNKNOWN_UNTIL_OPERATIONAL_SPEC,MATERIALISABLE_FROM_VERIFIED_LOCAL_CACHE
binding-c8e9ec05ef2042b75161623a,scenario-230a91dc8dd2c7847902479a,a0090dd11814bdda9d64f6faf6d92a8995220c0a67ef6b90afb521b30cfb4743,transductive_structure,feature_mlp,7,source,train;validation,validation,SOURCE_LABELS_ALLOWED,all_experts_available,UNKNOWN_UNTIL_OPERATIONAL_SPEC,MATERIALISABLE_FROM_VERIFIED_LOCAL_CACHE
binding-1f11b0c29a22d343699d2be5,scenario-230a91dc8dd2c7847902479a,9e8f97b640ccf396cf195a2983d00e81945acccf94ff5b861dcf7a970624f7e2,transductive_structure,gcn,7,source,train;validation,validation,SOURCE_LABELS_ALLOWED,all_experts_available,UNKNOWN_UNTIL_OPERATIONAL_SPEC,MATERIALISABLE_FROM_VERIFIED_LOCAL_CACHE
binding-4a66089378dbdef515fd1a96,scenario-230a91dc8dd2c7847902479a,59c7550c6119364fe789dbe093501b3d459df4865465e00519d311ae07a0d3d7,transductive_structure,graphsage,7,source,train;validation,validation,SOURCE_LABELS_ALLOWED,all_experts_available,UNKNOWN_UNTIL_OPERATIONAL_SPEC,MATERIALISABLE_FROM_VERIFIED_LOCAL_CACHE
binding-5a959a901153570748e9c761,scenario-28636a4410c14a8824cb732e,c966f96e03610916d4bd40ef9d67fc358b9049ed9aa6dc08a925b71717d4cf11,strict_inductive,feature_mlp,8,target,test,test,EVALUATION_ONLY_AFTER_FREEZE,all_experts_available,UNKNOWN_UNTIL_OPERATIONAL_SPEC,MATERIALISABLE_FROM_VERIFIED_LOCAL_CACHE
binding-d6f3e0f594780ae2956b1a02,scenario-28636a4410c14a8824cb732e,af851ff54993722304202e0647492bfa90cc696484622c66b5b42534cfdeb079,strict_inductive,gcn,8,target,test,test,EVALUATION_ONLY_AFTER_FREEZE,all_experts_available,UNKNOWN_UNTIL_OPERATIONAL_SPEC,MATERIALISABLE_FROM_VERIFIED_LOCAL_CACHE
binding-f2b65d0a3c029d2f76924b16,scenario-28636a4410c14a8824cb732e,0b186a0be25b5ec4959d64fd53b3ed52e8891bf60f410da725a164464327432f,strict_inductive,graphsage,8,target,test,test,EVALUATION_ONLY_AFTER_FREEZE,all_experts_available,UNKNOWN_UNTIL_OPERATIONAL_SPEC,MATERIALISABLE_FROM_VERIFIED_LOCAL_CACHE
binding-1abee5360f4df0a9ab4eb1d8,scenario-28636a4410c14a8824cb732e,b5fc3f6aec88ab25e47ab0a78e06b2ad3554e6af829288c7d8ceb4d71d5e1093,isolated_inductive,feature_mlp,8,source,train;validation,validation,SOURCE_LABELS_ALLOWED,all_experts_available,UNKNOWN_UNTIL_OPERATIONAL_SPEC,MATERIALISABLE_FROM_VERIFIED_LOCAL_CACHE
binding-f01dc74f73a2dc22457ecb99,scenario-28636a4410c14a8824cb732e,3ecb4e958d00d12b906f01bb09e5cd44c298d5c3d2bb1807a49351807d0e89cd,isolated_inductive,gcn,8,source,train;validation,validation,SOURCE_LABELS_ALLOWED,all_experts_available,UNKNOWN_UNTIL_OPERATIONAL_SPEC,MATERIALISABLE_FROM_VERIFIED_LOCAL_CACHE
binding-8fda78188a0771684f483dd4,scenario-28636a4410c14a8824cb732e,78c61514ab922baeb77b705937fd789c50bc8e7878871b3bcfb555d0c4d1ba8e,isolated_inductive,graphsage,8,source,train;validation,validation,SOURCE_LABELS_ALLOWED,all_experts_available,UNKNOWN_UNTIL_OPERATIONAL_SPEC,MATERIALISABLE_FROM_VERIFIED_LOCAL_CACHE
binding-8b44b3dcf09cb736dd1471d6,scenario-28636a4410c14a8824cb732e,fac08da08fd89e0b0d2ef50272d1b7866503e0de38f9bc1614cff6fb7eb925b3,transductive_structure,feature_mlp,8,source,train;validation,validation,SOURCE_LABELS_ALLOWED,all_experts_available,UNKNOWN_UNTIL_OPERATIONAL_SPEC,MATERIALISABLE_FROM_VERIFIED_LOCAL_CACHE
binding-e8523926ec2d664c9c340c85,scenario-28636a4410c14a8824cb732e,68094eb4a9291572a347b166ec8f4b1995f2312ae337e6d3db942fe6d0bb5edb,transductive_structure,gcn,8,source,train;validation,validation,SOURCE_LABELS_ALLOWED,all_experts_available,UNKNOWN_UNTIL_OPERATIONAL_SPEC,MATERIALISABLE_FROM_VERIFIED_LOCAL_CACHE
binding-a0fb90b98d4f98e15d890242,scenario-28636a4410c14a8824cb732e,dfb1b241d3cb1565d89d02cb35aaaaa8053eda073933cc34247d928142e9f047,transductive_structure,graphsage,8,source,train;validation,validation,SOURCE_LABELS_ALLOWED,all_experts_available,UNKNOWN_UNTIL_OPERATIONAL_SPEC,MATERIALISABLE_FROM_VERIFIED_LOCAL_CACHE
binding-802822f241f1b33810531816,scenario-413ef5e8d1c097ac8518a7a6,14b8fa46a1578c3a50a909eab6570615726270cff0c0b3fd446d963c0f30b3d4,strict_inductive,feature_mlp,9,target,test,test,EVALUATION_ONLY_AFTER_FREEZE,all_experts_available,UNKNOWN_UNTIL_OPERATIONAL_SPEC,MATERIALISABLE_FROM_VERIFIED_LOCAL_CACHE
binding-d2729947e7c7ade8f3bb3fee,scenario-413ef5e8d1c097ac8518a7a6,77641ed7a474c6b657565f2ba88b2b4772cceab852461b9c97cd7fe57aac4113,strict_inductive,gcn,9,target,test,test,EVALUATION_ONLY_AFTER_FREEZE,all_experts_available,UNKNOWN_UNTIL_OPERATIONAL_SPEC,MATERIALISABLE_FROM_VERIFIED_LOCAL_CACHE
binding-8a84137ecfb66672c0239f31,scenario-413ef5e8d1c097ac8518a7a6,72f8da5a4ef491f867cc529f61f2cb9853b3ca742663509a022e9fc3b6f47c66,strict_inductive,graphsage,9,target,test,test,EVALUATION_ONLY_AFTER_FREEZE,all_experts_available,UNKNOWN_UNTIL_OPERATIONAL_SPEC,MATERIALISABLE_FROM_VERIFIED_LOCAL_CACHE
binding-b398ad00cd3d70fcfc53afa0,scenario-413ef5e8d1c097ac8518a7a6,9b49543f519d6cfd9c2014da22d81dae40805a3dbcd828832e03bd49edcfd580,isolated_inductive,feature_mlp,9,source,train;validation,validation,SOURCE_LABELS_ALLOWED,all_experts_available,UNKNOWN_UNTIL_OPERATIONAL_SPEC,MATERIALISABLE_FROM_VERIFIED_LOCAL_CACHE
binding-b30d1d8f3d08b3c3b8d6205a,scenario-413ef5e8d1c097ac8518a7a6,615d2a4d01e42f4ce5e5a0660d27307e07b4d80e9556af938061ff8fe9c4a229,isolated_inductive,gcn,9,source,train;validation,validation,SOURCE_LABELS_ALLOWED,all_experts_available,UNKNOWN_UNTIL_OPERATIONAL_SPEC,MATERIALISABLE_FROM_VERIFIED_LOCAL_CACHE
binding-05058cffd7bf5c72f0a4de3f,scenario-413ef5e8d1c097ac8518a7a6,29307ef756a1467dacd386c2b88b936aea3c5186b2af4de3c96975a2fcc5ed9d,isolated_inductive,graphsage,9,source,train;validation,validation,SOURCE_LABELS_ALLOWED,all_experts_available,UNKNOWN_UNTIL_OPERATIONAL_SPEC,MATERIALISABLE_FROM_VERIFIED_LOCAL_CACHE
binding-06fe88c87e0c4465d5fb6279,scenario-413ef5e8d1c097ac8518a7a6,a4b7a938a4af8cd1b9149132876f89ec2efc20a8878c3d3a92c37c91d6a7943b,transductive_structure,feature_mlp,9,source,train;validation,validation,SOURCE_LABELS_ALLOWED,all_experts_available,UNKNOWN_UNTIL_OPERATIONAL_SPEC,MATERIALISABLE_FROM_VERIFIED_LOCAL_CACHE
binding-a8441f312d744a3104ea099f,scenario-413ef5e8d1c097ac8518a7a6,87fcdcc0771cbe23126f76b94031dc49887ce42fe4743ceb1b21e728d8415ac9,transductive_structure,gcn,9,source,train;validation,validation,SOURCE_LABELS_ALLOWED,all_experts_available,UNKNOWN_UNTIL_OPERATIONAL_SPEC,MATERIALISABLE_FROM_VERIFIED_LOCAL_CACHE
binding-2f565a5d75b2a70e8f434d07,scenario-413ef5e8d1c097ac8518a7a6,10495742df1aaf11158b31ff4b774840704ec03f376a1d33bce2695183024871,transductive_structure,graphsage,9,source,train;validation,validation,SOURCE_LABELS_ALLOWED,all_experts_available,UNKNOWN_UNTIL_OPERATIONAL_SPEC,MATERIALISABLE_FROM_VERIFIED_LOCAL_CACHE
binding-2c239a430c55d7c623da10f1,scenario-291b1252fb5c7e5c8c89c7ea,47a18f3f93eef31ef9628c9183adcc32b12d5e8c96d9e6bfe63e094e5260d4f9,strict_inductive,feature_mlp,10,target,test,test,EVALUATION_ONLY_AFTER_FREEZE,all_experts_available,UNKNOWN_UNTIL_OPERATIONAL_SPEC,MATERIALISABLE_FROM_VERIFIED_LOCAL_CACHE
binding-3d78dc9fe1d0d2a3a69c976a,scenario-291b1252fb5c7e5c8c89c7ea,136845af308a5d8e3536bbf9055ba521235a07610c15f58056f8b32c39057377,strict_inductive,gcn,10,target,test,test,EVALUATION_ONLY_AFTER_FREEZE,all_experts_available,UNKNOWN_UNTIL_OPERATIONAL_SPEC,MATERIALISABLE_FROM_VERIFIED_LOCAL_CACHE
binding-e76361d0ae66d2be2c72d201,scenario-291b1252fb5c7e5c8c89c7ea,a5d844b3cf5780bdbbf5415fcff227b126057dd172171110cc2b98486df0a0f7,strict_inductive,graphsage,10,target,test,test,EVALUATION_ONLY_AFTER_FREEZE,all_experts_available,UNKNOWN_UNTIL_OPERATIONAL_SPEC,MATERIALISABLE_FROM_VERIFIED_LOCAL_CACHE
binding-7f30539fa643959c68165425,scenario-291b1252fb5c7e5c8c89c7ea,b61264bc90609377cc258b2dc1fcc3443d9b0b818c25e4542445e28bb33d92fe,isolated_inductive,feature_mlp,10,source,train;validation,validation,SOURCE_LABELS_ALLOWED,all_experts_available,UNKNOWN_UNTIL_OPERATIONAL_SPEC,MATERIALISABLE_FROM_VERIFIED_LOCAL_CACHE
binding-61745610157ae12048eb83c8,scenario-291b1252fb5c7e5c8c89c7ea,1d18d6bf35a711daec15ebbd2f1ce46084dcbfa7944e3cfc6591de7cd47a9953,isolated_inductive,gcn,10,source,train;validation,validation,SOURCE_LABELS_ALLOWED,all_experts_available,UNKNOWN_UNTIL_OPERATIONAL_SPEC,MATERIALISABLE_FROM_VERIFIED_LOCAL_CACHE
binding-b501805c9f0240e9961e49ee,scenario-291b1252fb5c7e5c8c89c7ea,88fa06d425fc7c18ed1b96a6c89a5c2bea42bec44c7d90f6f6889ccf26cf36de,isolated_inductive,graphsage,10,source,train;validation,validation,SOURCE_LABELS_ALLOWED,all_experts_available,UNKNOWN_UNTIL_OPERATIONAL_SPEC,MATERIALISABLE_FROM_VERIFIED_LOCAL_CACHE
binding-1ccd28734bc429e12a8d4e68,scenario-291b1252fb5c7e5c8c89c7ea,2dba41dd2ce583977274866dc563dc4a2c1e70802e8507db48ca76f43486f3aa,transductive_structure,feature_mlp,10,source,train;validation,validation,SOURCE_LABELS_ALLOWED,all_experts_available,UNKNOWN_UNTIL_OPERATIONAL_SPEC,MATERIALISABLE_FROM_VERIFIED_LOCAL_CACHE
binding-1b617cbcc6b24ce518cdcec7,scenario-291b1252fb5c7e5c8c89c7ea,0102af18030a075ac95d73c7effde3f764db57af2409883c8c2a1fc0c779e378,transductive_structure,gcn,10,source,train;validation,validation,SOURCE_LABELS_ALLOWED,all_experts_available,UNKNOWN_UNTIL_OPERATIONAL_SPEC,MATERIALISABLE_FROM_VERIFIED_LOCAL_CACHE
binding-623c2eba26a33e082323229e,scenario-291b1252fb5c7e5c8c89c7ea,c556d3a94d4190b27c05502e5931d1900a3192ad1b032ae88d5bf6bae8489e12,transductive_structure,graphsage,10,source,train;validation,validation,SOURCE_LABELS_ALLOWED,all_experts_available,UNKNOWN_UNTIL_OPERATIONAL_SPEC,MATERIALISABLE_FROM_VERIFIED_LOCAL_CACHE
binding-a6bbd55cfdb05dc05de102b3,scenario-9f522bb45cbf89fd03c376e4,52685c12e4917f7a80b31307cafaa6e3ad42bc7953f4f322d6cd0517eac808ff,strict_inductive,feature_mlp,1,source,train;validation,validation,SOURCE_LABELS_ALLOWED,all_experts_available,UNKNOWN_UNTIL_OPERATIONAL_SPEC,MATERIALISABLE_FROM_VERIFIED_LOCAL_CACHE
binding-04d442b48817943461e6ffd0,scenario-9f522bb45cbf89fd03c376e4,c409978cc8e157cc7053250d8ed12ca6728b967118ddbb3c5abf8699d51957a7,strict_inductive,gcn,1,source,train;validation,validation,SOURCE_LABELS_ALLOWED,all_experts_available,UNKNOWN_UNTIL_OPERATIONAL_SPEC,MATERIALISABLE_FROM_VERIFIED_LOCAL_CACHE
binding-3b419c4ca36b78eb2e5b3246,scenario-9f522bb45cbf89fd03c376e4,e5e5e60cff19b872e27cad3484b19f4bf0814d56c47c414751caa3f3f5ba387c,strict_inductive,graphsage,1,source,train;validation,validation,SOURCE_LABELS_ALLOWED,all_experts_available,UNKNOWN_UNTIL_OPERATIONAL_SPEC,MATERIALISABLE_FROM_VERIFIED_LOCAL_CACHE
binding-e098741a4a187f825147d781,scenario-9f522bb45cbf89fd03c376e4,675638befa2d945be57bc01fb298623ad278449f8a5343a23d7a623d0d04652a,isolated_inductive,feature_mlp,1,target,test,test,EVALUATION_ONLY_AFTER_FREEZE,all_experts_available,UNKNOWN_UNTIL_OPERATIONAL_SPEC,MATERIALISABLE_FROM_VERIFIED_LOCAL_CACHE
binding-bc562e6b4112787685b716dc,scenario-9f522bb45cbf89fd03c376e4,f5efa4a18a06de39243394e0dbdedeb38a833f97248b00295792d3f542c38e51,isolated_inductive,gcn,1,target,test,test,EVALUATION_ONLY_AFTER_FREEZE,all_experts_available,UNKNOWN_UNTIL_OPERATIONAL_SPEC,MATERIALISABLE_FROM_VERIFIED_LOCAL_CACHE
binding-d3ce265123d6f615165db893,scenario-9f522bb45cbf89fd03c376e4,6a8bc9782a178c909220d3cf02e60757657f856c4a2166a69731673bb6e8a0ce,isolated_inductive,graphsage,1,target,test,test,EVALUATION_ONLY_AFTER_FREEZE,all_experts_available,UNKNOWN_UNTIL_OPERATIONAL_SPEC,MATERIALISABLE_FROM_VERIFIED_LOCAL_CACHE
binding-04f42788f1363b696b5c433f,scenario-9f522bb45cbf89fd03c376e4,eed58c3cebb40733db2d9ee011beefc10361600a92b63531401bd0c03acc3f64,transductive_structure,feature_mlp,1,source,train;validation,validation,SOURCE_LABELS_ALLOWED,all_experts_available,UNKNOWN_UNTIL_OPERATIONAL_SPEC,MATERIALISABLE_FROM_VERIFIED_LOCAL_CACHE
binding-45926b7b8526210487b12742,scenario-9f522bb45cbf89fd03c376e4,5aae92d61737ddc2e75df663f8394ad244ad2f833d759179553e487a0a301514,transductive_structure,gcn,1,source,train;validation,validation,SOURCE_LABELS_ALLOWED,all_experts_available,UNKNOWN_UNTIL_OPERATIONAL_SPEC,MATERIALISABLE_FROM_VERIFIED_LOCAL_CACHE
binding-cb28528f8965c30cc5437f63,scenario-9f522bb45cbf89fd03c376e4,a3be05e87fe57d0c626586db103173d67105293a47cd32196c29cdeda68d7428,transductive_structure,graphsage,1,source,train;validation,validation,SOURCE_LABELS_ALLOWED,all_experts_available,UNKNOWN_UNTIL_OPERATIONAL_SPEC,MATERIALISABLE_FROM_VERIFIED_LOCAL_CACHE
binding-6f42c8bbcf568234731bc269,scenario-a56238bb529f67cb54b9ccf7,3f8626ebf4031fe19be3063461490c3e227395b6372777b7053468d5f9b04edb,strict_inductive,feature_mlp,2,source,train;validation,validation,SOURCE_LABELS_ALLOWED,all_experts_available,UNKNOWN_UNTIL_OPERATIONAL_SPEC,MATERIALISABLE_FROM_VERIFIED_LOCAL_CACHE
binding-d178f337f9f66f2a415ca6a5,scenario-a56238bb529f67cb54b9ccf7,bd5ee45787b25eaa8e58278803fd8a33845c17b36748ea13fa99e94ab86c5064,strict_inductive,gcn,2,source,train;validation,validation,SOURCE_LABELS_ALLOWED,all_experts_available,UNKNOWN_UNTIL_OPERATIONAL_SPEC,MATERIALISABLE_FROM_VERIFIED_LOCAL_CACHE
binding-3c1f5bb52ac379015e4b5a27,scenario-a56238bb529f67cb54b9ccf7,66e853c90106b4f81363bfadbdc609f7d1d34b949618b75dd9bae22c1969c4e5,strict_inductive,graphsage,2,source,train;validation,validation,SOURCE_LABELS_ALLOWED,all_experts_available,UNKNOWN_UNTIL_OPERATIONAL_SPEC,MATERIALISABLE_FROM_VERIFIED_LOCAL_CACHE
binding-a23c61e64a896872de4e83b8,scenario-a56238bb529f67cb54b9ccf7,67336dcaa82c7029c86a3c94d6b4908ff38db51574da609b41e8b3aa30534d72,isolated_inductive,feature_mlp,2,target,test,test,EVALUATION_ONLY_AFTER_FREEZE,all_experts_available,UNKNOWN_UNTIL_OPERATIONAL_SPEC,MATERIALISABLE_FROM_VERIFIED_LOCAL_CACHE
binding-47b7860a15845845933af98d,scenario-a56238bb529f67cb54b9ccf7,90a9e590fdf87a2e0b6f2aee4cbe41aad2849139444692ba7effbe8244df5ad6,isolated_inductive,gcn,2,target,test,test,EVALUATION_ONLY_AFTER_FREEZE,all_experts_available,UNKNOWN_UNTIL_OPERATIONAL_SPEC,MATERIALISABLE_FROM_VERIFIED_LOCAL_CACHE
binding-41326cc1749c0755fcd55e48,scenario-a56238bb529f67cb54b9ccf7,21a0163a1e8f2eba52e8c47ccbecba3fa7b711d7cbbde753d19611640272e084,isolated_inductive,graphsage,2,target,test,test,EVALUATION_ONLY_AFTER_FREEZE,all_experts_available,UNKNOWN_UNTIL_OPERATIONAL_SPEC,MATERIALISABLE_FROM_VERIFIED_LOCAL_CACHE
binding-3895c9e51bba3e3907297480,scenario-a56238bb529f67cb54b9ccf7,3250e3f29376680d3e4f213881bd0676a5a9dc7f61c486e47fb442c30775dfc3,transductive_structure,feature_mlp,2,source,train;validation,validation,SOURCE_LABELS_ALLOWED,all_experts_available,UNKNOWN_UNTIL_OPERATIONAL_SPEC,MATERIALISABLE_FROM_VERIFIED_LOCAL_CACHE
binding-4c60c7df437c8a24d17e1bf9,scenario-a56238bb529f67cb54b9ccf7,de2aab9f98695f2ccfd8a9f6f498c51050411336e8918b558d9ef75517df1fe3,transductive_structure,gcn,2,source,train;validation,validation,SOURCE_LABELS_ALLOWED,all_experts_available,UNKNOWN_UNTIL_OPERATIONAL_SPEC,MATERIALISABLE_FROM_VERIFIED_LOCAL_CACHE
binding-aa12700fcc7476db81b97bb3,scenario-a56238bb529f67cb54b9ccf7,d62648597292da1a76d55488f67e8fbaf6f87f0c404a643984a256903e29fef1,transductive_structure,graphsage,2,source,train;validation,validation,SOURCE_LABELS_ALLOWED,all_experts_available,UNKNOWN_UNTIL_OPERATIONAL_SPEC,MATERIALISABLE_FROM_VERIFIED_LOCAL_CACHE
binding-3b7f0ba4e243e50a1b145885,scenario-bafa09f6b77ad149064f587d,7b4d450599ad9dc6734c6f1c1f1f5234d942db04fc4c2292420760ef83d76f9a,strict_inductive,feature_mlp,3,source,train;validation,validation,SOURCE_LABELS_ALLOWED,all_experts_available,UNKNOWN_UNTIL_OPERATIONAL_SPEC,MATERIALISABLE_FROM_VERIFIED_LOCAL_CACHE
binding-777ce6882f4bbd4071ad648d,scenario-bafa09f6b77ad149064f587d,699f0ebe1389ac36857614b4c2bcf8a567db513bed3e05725da60c655767995c,strict_inductive,gcn,3,source,train;validation,validation,SOURCE_LABELS_ALLOWED,all_experts_available,UNKNOWN_UNTIL_OPERATIONAL_SPEC,MATERIALISABLE_FROM_VERIFIED_LOCAL_CACHE
binding-3f77c71daabf8f8e14d06406,scenario-bafa09f6b77ad149064f587d,04a62f40212fc028ce05dfd1f8ea09b8cf59216c34fa0f0ca46d0d9d4ce61be0,strict_inductive,graphsage,3,source,train;validation,validation,SOURCE_LABELS_ALLOWED,all_experts_available,UNKNOWN_UNTIL_OPERATIONAL_SPEC,MATERIALISABLE_FROM_VERIFIED_LOCAL_CACHE
binding-c85eea531b3917e1eaeb4368,scenario-bafa09f6b77ad149064f587d,e375af8b19798adc731f5c9aa462d9a3c50957e0d731036ac29f1c84ca1af9fe,isolated_inductive,feature_mlp,3,target,test,test,EVALUATION_ONLY_AFTER_FREEZE,all_experts_available,UNKNOWN_UNTIL_OPERATIONAL_SPEC,MATERIALISABLE_FROM_VERIFIED_LOCAL_CACHE
binding-ca2ee6e1c8d1bdab7102b63e,scenario-bafa09f6b77ad149064f587d,eed27bc27f9669b6d83ac03b3312175a4807c3834fe6247dd7d21ea60b1a8de2,isolated_inductive,gcn,3,target,test,test,EVALUATION_ONLY_AFTER_FREEZE,all_experts_available,UNKNOWN_UNTIL_OPERATIONAL_SPEC,MATERIALISABLE_FROM_VERIFIED_LOCAL_CACHE
binding-0edf80df179d927a6853ebfa,scenario-bafa09f6b77ad149064f587d,f08aa7610ee53a179bb35372f7755e1549b526fc43d10aa42b91af1ef05eb4ad,isolated_inductive,graphsage,3,target,test,test,EVALUATION_ONLY_AFTER_FREEZE,all_experts_available,UNKNOWN_UNTIL_OPERATIONAL_SPEC,MATERIALISABLE_FROM_VERIFIED_LOCAL_CACHE
binding-4c8912a793aaf943e510653e,scenario-bafa09f6b77ad149064f587d,72c3fdf4bbf51160ea29f63d9867a687ef0944742fc7a2cd965a53e2658063f8,transductive_structure,feature_mlp,3,source,train;validation,validation,SOURCE_LABELS_ALLOWED,all_experts_available,UNKNOWN_UNTIL_OPERATIONAL_SPEC,MATERIALISABLE_FROM_VERIFIED_LOCAL_CACHE
binding-cc888e3ce0ebe21dfb950fbc,scenario-bafa09f6b77ad149064f587d,0481e6f3086b12fe0eb0b7dfd669e8360fe967e76c4da46361b2f91dcf1ea48e,transductive_structure,gcn,3,source,train;validation,validation,SOURCE_LABELS_ALLOWED,all_experts_available,UNKNOWN_UNTIL_OPERATIONAL_SPEC,MATERIALISABLE_FROM_VERIFIED_LOCAL_CACHE
binding-7d124d9f2ee21aee0156080f,scenario-bafa09f6b77ad149064f587d,73f3a4c6225ca4ec13d271c3019eaf7eae1775332d8616bcd133849edd6e5d6e,transductive_structure,graphsage,3,source,train;validation,validation,SOURCE_LABELS_ALLOWED,all_experts_available,UNKNOWN_UNTIL_OPERATIONAL_SPEC,MATERIALISABLE_FROM_VERIFIED_LOCAL_CACHE
binding-e66a298a927d28c30e723660,scenario-c2c1550352f378eb6ba116f6,13dd60fdcac4eb5d35fb765cb01e25e7fe279c289a7d6e9a52f5f7f0ad7990c2,strict_inductive,feature_mlp,4,source,train;validation,validation,SOURCE_LABELS_ALLOWED,all_experts_available,UNKNOWN_UNTIL_OPERATIONAL_SPEC,MATERIALISABLE_FROM_VERIFIED_LOCAL_CACHE
binding-cc71adbf659f8127c7385575,scenario-c2c1550352f378eb6ba116f6,cf244b1b927f67b07d941b9bcc78f85a9105a1df0bf0b52cb0dc33f6f3ac8dd3,strict_inductive,gcn,4,source,train;validation,validation,SOURCE_LABELS_ALLOWED,all_experts_available,UNKNOWN_UNTIL_OPERATIONAL_SPEC,MATERIALISABLE_FROM_VERIFIED_LOCAL_CACHE
binding-031385580392cb4dff9a0506,scenario-c2c1550352f378eb6ba116f6,6980525005315ec3c08e4dfab012b99d1eee2122b725d2ea2ecec1687522a5c0,strict_inductive,graphsage,4,source,train;validation,validation,SOURCE_LABELS_ALLOWED,all_experts_available,UNKNOWN_UNTIL_OPERATIONAL_SPEC,MATERIALISABLE_FROM_VERIFIED_LOCAL_CACHE
binding-f000e2cac2f36e094d2297a5,scenario-c2c1550352f378eb6ba116f6,db3fd0a87d762d29536659033e5f7513ec1e9322508833a7e5d9a456e25b2a25,isolated_inductive,feature_mlp,4,target,test,test,EVALUATION_ONLY_AFTER_FREEZE,all_experts_available,UNKNOWN_UNTIL_OPERATIONAL_SPEC,MATERIALISABLE_FROM_VERIFIED_LOCAL_CACHE
binding-ed4e49891a42e45bfd4461e1,scenario-c2c1550352f378eb6ba116f6,b395751d36deecf4edef87799c4995fbe2c727b5d7637ccb4602d9ee05038e01,isolated_inductive,gcn,4,target,test,test,EVALUATION_ONLY_AFTER_FREEZE,all_experts_available,UNKNOWN_UNTIL_OPERATIONAL_SPEC,MATERIALISABLE_FROM_VERIFIED_LOCAL_CACHE
binding-7b7fbb70c5ec6172f3488132,scenario-c2c1550352f378eb6ba116f6,a157b4e0f482082757c616e9dc68ceb2f85215119f08bc4262068b2b148837c5,isolated_inductive,graphsage,4,target,test,test,EVALUATION_ONLY_AFTER_FREEZE,all_experts_available,UNKNOWN_UNTIL_OPERATIONAL_SPEC,MATERIALISABLE_FROM_VERIFIED_LOCAL_CACHE
binding-9bbac93a61f538aa6a45fb74,scenario-c2c1550352f378eb6ba116f6,34112f56c3d1d4f940ab02763b71f3d1fb7affdaf15b72acd66e38a4bb69901b,transductive_structure,feature_mlp,4,source,train;validation,validation,SOURCE_LABELS_ALLOWED,all_experts_available,UNKNOWN_UNTIL_OPERATIONAL_SPEC,MATERIALISABLE_FROM_VERIFIED_LOCAL_CACHE
binding-b61cd0b26c8931d46a75896d,scenario-c2c1550352f378eb6ba116f6,0348900de02583daf9eae3a7a8bd7895343e4946f81761e04d7c9290dced2cfe,transductive_structure,gcn,4,source,train;validation,validation,SOURCE_LABELS_ALLOWED,all_experts_available,UNKNOWN_UNTIL_OPERATIONAL_SPEC,MATERIALISABLE_FROM_VERIFIED_LOCAL_CACHE
binding-9aaad0fe4342f3da24d1e703,scenario-c2c1550352f378eb6ba116f6,74a1dd5ebaddb6b540a28bf8100978d40a26537a6398db7acbbb7a7b9d9d106a,transductive_structure,graphsage,4,source,train;validation,validation,SOURCE_LABELS_ALLOWED,all_experts_available,UNKNOWN_UNTIL_OPERATIONAL_SPEC,MATERIALISABLE_FROM_VERIFIED_LOCAL_CACHE
binding-55cfaf94379dc47d9d5fc9a4,scenario-e218558573abc38d3cee1e5d,00a4ba89d4ee6f091cea901da90be475c7e8388c9cdca300ea3f81eaeb572071,strict_inductive,feature_mlp,5,source,train;validation,validation,SOURCE_LABELS_ALLOWED,all_experts_available,UNKNOWN_UNTIL_OPERATIONAL_SPEC,MATERIALISABLE_FROM_VERIFIED_LOCAL_CACHE
binding-2b13b660cabb903d3bc702ce,scenario-e218558573abc38d3cee1e5d,e2d14d889b32a8a031cce73c3ec01b101132c9313004e3bca4d871080e066365,strict_inductive,gcn,5,source,train;validation,validation,SOURCE_LABELS_ALLOWED,all_experts_available,UNKNOWN_UNTIL_OPERATIONAL_SPEC,MATERIALISABLE_FROM_VERIFIED_LOCAL_CACHE
binding-fa18e71c4c361041f9a464a4,scenario-e218558573abc38d3cee1e5d,b5702d342fa5bdbba06156bf6e1ea8b8d5665f07dd87cd0b7814a28ce7980fe2,strict_inductive,graphsage,5,source,train;validation,validation,SOURCE_LABELS_ALLOWED,all_experts_available,UNKNOWN_UNTIL_OPERATIONAL_SPEC,MATERIALISABLE_FROM_VERIFIED_LOCAL_CACHE
binding-82cf57c13dfb1251c910b944,scenario-e218558573abc38d3cee1e5d,e4c6cbc7bee75edd8fa43c93a103644002e2a6d3f9e4b785bb7729d236d5a59f,isolated_inductive,feature_mlp,5,target,test,test,EVALUATION_ONLY_AFTER_FREEZE,all_experts_available,UNKNOWN_UNTIL_OPERATIONAL_SPEC,MATERIALISABLE_FROM_VERIFIED_LOCAL_CACHE
binding-ed4b084509f9b03267b65c1a,scenario-e218558573abc38d3cee1e5d,2959d76f2e1606072d5372a01e191711843df460020c58490fce480967410829,isolated_inductive,gcn,5,target,test,test,EVALUATION_ONLY_AFTER_FREEZE,all_experts_available,UNKNOWN_UNTIL_OPERATIONAL_SPEC,MATERIALISABLE_FROM_VERIFIED_LOCAL_CACHE
binding-1525082bd18a8b226317a064,scenario-e218558573abc38d3cee1e5d,afdd0347a45a56dcaa1c425f1244c8c96e34f54f8ad674e8195ee65d72ec7c70,isolated_inductive,graphsage,5,target,test,test,EVALUATION_ONLY_AFTER_FREEZE,all_experts_available,UNKNOWN_UNTIL_OPERATIONAL_SPEC,MATERIALISABLE_FROM_VERIFIED_LOCAL_CACHE
binding-56025c3b1824472092eb3484,scenario-e218558573abc38d3cee1e5d,50d3faeb48be6e226d83e9fdabb8b6beb564bfd5a129da4d3e9ba12a20bca9a3,transductive_structure,feature_mlp,5,source,train;validation,validation,SOURCE_LABELS_ALLOWED,all_experts_available,UNKNOWN_UNTIL_OPERATIONAL_SPEC,MATERIALISABLE_FROM_VERIFIED_LOCAL_CACHE
binding-ff9083d7b5ce3e48cda83f69,scenario-e218558573abc38d3cee1e5d,af56865e24d7d3f0daf03854b13c2f771e712b71cd65f6ea3cdd7c0d689418ec,transductive_structure,gcn,5,source,train;validation,validation,SOURCE_LABELS_ALLOWED,all_experts_available,UNKNOWN_UNTIL_OPERATIONAL_SPEC,MATERIALISABLE_FROM_VERIFIED_LOCAL_CACHE
binding-248311685533bc37eabf3cdc,scenario-e218558573abc38d3cee1e5d,728d1a268b3c6eef3ffbd8fca6fbac54786072c8d59f0b1e044378cb48a6c6e3,transductive_structure,graphsage,5,source,train;validation,validation,SOURCE_LABELS_ALLOWED,all_experts_available,UNKNOWN_UNTIL_OPERATIONAL_SPEC,MATERIALISABLE_FROM_VERIFIED_LOCAL_CACHE
binding-9ca41b1ff0b31c6c4394a0f6,scenario-01d05aefdf940537e87653c7,e77d9298b1a98b90d5f1d588a9f205e0377da5cdca4636d1fe7b8979288158e7,strict_inductive,feature_mlp,6,source,train;validation,validation,SOURCE_LABELS_ALLOWED,all_experts_available,UNKNOWN_UNTIL_OPERATIONAL_SPEC,MATERIALISABLE_FROM_VERIFIED_LOCAL_CACHE
binding-02077dc8456d0b43c29fedc7,scenario-01d05aefdf940537e87653c7,87dfb374ec2ee90a9768ea0c7ee80a2989ba67cc4a30e403920ef6a20a263592,strict_inductive,gcn,6,source,train;validation,validation,SOURCE_LABELS_ALLOWED,all_experts_available,UNKNOWN_UNTIL_OPERATIONAL_SPEC,MATERIALISABLE_FROM_VERIFIED_LOCAL_CACHE
binding-954f164a77d2c9de4b733cd2,scenario-01d05aefdf940537e87653c7,2e8802ebf6b0081fc29d0c22b0051b5a4c2f35b2745d371099ae528b586680e1,strict_inductive,graphsage,6,source,train;validation,validation,SOURCE_LABELS_ALLOWED,all_experts_available,UNKNOWN_UNTIL_OPERATIONAL_SPEC,MATERIALISABLE_FROM_VERIFIED_LOCAL_CACHE
binding-67306ba976eb9b4c6f469670,scenario-01d05aefdf940537e87653c7,757e88ee61b20d96ec7d16efd96a6d512ae6baab0d48d4ef6f6da516f07a50ef,isolated_inductive,feature_mlp,6,target,test,test,EVALUATION_ONLY_AFTER_FREEZE,all_experts_available,UNKNOWN_UNTIL_OPERATIONAL_SPEC,MATERIALISABLE_FROM_VERIFIED_LOCAL_CACHE
binding-37932bdffbc82f74a6d05d4d,scenario-01d05aefdf940537e87653c7,aed699b1f7d0e7e9874f4e544f7ba761a7a284603b90a36971f7fe82a85b51b6,isolated_inductive,gcn,6,target,test,test,EVALUATION_ONLY_AFTER_FREEZE,all_experts_available,UNKNOWN_UNTIL_OPERATIONAL_SPEC,MATERIALISABLE_FROM_VERIFIED_LOCAL_CACHE
binding-d8a66e120f4eeddba67d88ba,scenario-01d05aefdf940537e87653c7,cb63f14600172f331dfb1b1fc1d5eada0d13c00b4474d4d115500cfa3d5c4fae,isolated_inductive,graphsage,6,target,test,test,EVALUATION_ONLY_AFTER_FREEZE,all_experts_available,UNKNOWN_UNTIL_OPERATIONAL_SPEC,MATERIALISABLE_FROM_VERIFIED_LOCAL_CACHE
binding-551de26a1e2fd558bd2ee2bd,scenario-01d05aefdf940537e87653c7,7d260762a2ef82545982e0458ff5f2a2fc11ada5a8fb769ff2c28bd88590332b,transductive_structure,feature_mlp,6,source,train;validation,validation,SOURCE_LABELS_ALLOWED,all_experts_available,UNKNOWN_UNTIL_OPERATIONAL_SPEC,MATERIALISABLE_FROM_VERIFIED_LOCAL_CACHE
binding-ff43956c1607330a953a8758,scenario-01d05aefdf940537e87653c7,9e46c3736b86adf149ecd64d168cef2e0a69ab750920235ae24b7bb03ae87855,transductive_structure,gcn,6,source,train;validation,validation,SOURCE_LABELS_ALLOWED,all_experts_available,UNKNOWN_UNTIL_OPERATIONAL_SPEC,MATERIALISABLE_FROM_VERIFIED_LOCAL_CACHE
binding-d1e417b548dd350e2f4e20f3,scenario-01d05aefdf940537e87653c7,407a7360eb3441fdc5281d687a7cdca38ae81cb2c28fb2f479f6d9b8cb0e64a0,transductive_structure,graphsage,6,source,train;validation,validation,SOURCE_LABELS_ALLOWED,all_experts_available,UNKNOWN_UNTIL_OPERATIONAL_SPEC,MATERIALISABLE_FROM_VERIFIED_LOCAL_CACHE
binding-21904248035345ea8adb9285,scenario-313700ad5645732153552c3d,6b7d63e7661ef7286f176f47f4b732e982367117f89416992a67bdecbabd2499,strict_inductive,feature_mlp,7,source,train;validation,validation,SOURCE_LABELS_ALLOWED,all_experts_available,UNKNOWN_UNTIL_OPERATIONAL_SPEC,MATERIALISABLE_FROM_VERIFIED_LOCAL_CACHE
binding-9311ca271652d157ef0208be,scenario-313700ad5645732153552c3d,1724d6b9a17c272fa2c30bf9b0b907021044c6e027c376596aef5fbdb6245053,strict_inductive,gcn,7,source,train;validation,validation,SOURCE_LABELS_ALLOWED,all_experts_available,UNKNOWN_UNTIL_OPERATIONAL_SPEC,MATERIALISABLE_FROM_VERIFIED_LOCAL_CACHE
binding-e6615ad88353affb0b2a196d,scenario-313700ad5645732153552c3d,371d24dedaed8f5aaa5666311f33003f96b21f062a06c250337cdbd105949891,strict_inductive,graphsage,7,source,train;validation,validation,SOURCE_LABELS_ALLOWED,all_experts_available,UNKNOWN_UNTIL_OPERATIONAL_SPEC,MATERIALISABLE_FROM_VERIFIED_LOCAL_CACHE
binding-d4e02dc386bbfd156e8f4734,scenario-313700ad5645732153552c3d,3ad42754e59f2d60175def7386ea20bbe6dc6be614e07da53e9faa4a1911321a,isolated_inductive,feature_mlp,7,target,test,test,EVALUATION_ONLY_AFTER_FREEZE,all_experts_available,UNKNOWN_UNTIL_OPERATIONAL_SPEC,MATERIALISABLE_FROM_VERIFIED_LOCAL_CACHE
binding-150b931664e53a192897e770,scenario-313700ad5645732153552c3d,f4af531a3cdcb55845ddfcbbbce27a446b485cf066a519a68818aeea855e1f73,isolated_inductive,gcn,7,target,test,test,EVALUATION_ONLY_AFTER_FREEZE,all_experts_available,UNKNOWN_UNTIL_OPERATIONAL_SPEC,MATERIALISABLE_FROM_VERIFIED_LOCAL_CACHE
binding-683b88e9050a2eceb4f9dfde,scenario-313700ad5645732153552c3d,c4780dbea74455d7463dde6dce6b1a39bcf2eae5fe736a492fc570abb1657b05,isolated_inductive,graphsage,7,target,test,test,EVALUATION_ONLY_AFTER_FREEZE,all_experts_available,UNKNOWN_UNTIL_OPERATIONAL_SPEC,MATERIALISABLE_FROM_VERIFIED_LOCAL_CACHE
binding-3cf21f0e29ef1185bd68119f,scenario-313700ad5645732153552c3d,a0090dd11814bdda9d64f6faf6d92a8995220c0a67ef6b90afb521b30cfb4743,transductive_structure,feature_mlp,7,source,train;validation,validation,SOURCE_LABELS_ALLOWED,all_experts_available,UNKNOWN_UNTIL_OPERATIONAL_SPEC,MATERIALISABLE_FROM_VERIFIED_LOCAL_CACHE
binding-b910b84b716b12a1e8361505,scenario-313700ad5645732153552c3d,9e8f97b640ccf396cf195a2983d00e81945acccf94ff5b861dcf7a970624f7e2,transductive_structure,gcn,7,source,train;validation,validation,SOURCE_LABELS_ALLOWED,all_experts_available,UNKNOWN_UNTIL_OPERATIONAL_SPEC,MATERIALISABLE_FROM_VERIFIED_LOCAL_CACHE
binding-98878ae5701d36d874dadae3,scenario-313700ad5645732153552c3d,59c7550c6119364fe789dbe093501b3d459df4865465e00519d311ae07a0d3d7,transductive_structure,graphsage,7,source,train;validation,validation,SOURCE_LABELS_ALLOWED,all_experts_available,UNKNOWN_UNTIL_OPERATIONAL_SPEC,MATERIALISABLE_FROM_VERIFIED_LOCAL_CACHE
binding-7677f262e9ccf9958d437916,scenario-5b16e64a2669283bf8ea4fb0,c966f96e03610916d4bd40ef9d67fc358b9049ed9aa6dc08a925b71717d4cf11,strict_inductive,feature_mlp,8,source,train;validation,validation,SOURCE_LABELS_ALLOWED,all_experts_available,UNKNOWN_UNTIL_OPERATIONAL_SPEC,MATERIALISABLE_FROM_VERIFIED_LOCAL_CACHE
binding-a00ae4142efd7eaeec3845ed,scenario-5b16e64a2669283bf8ea4fb0,af851ff54993722304202e0647492bfa90cc696484622c66b5b42534cfdeb079,strict_inductive,gcn,8,source,train;validation,validation,SOURCE_LABELS_ALLOWED,all_experts_available,UNKNOWN_UNTIL_OPERATIONAL_SPEC,MATERIALISABLE_FROM_VERIFIED_LOCAL_CACHE
binding-6c9c56eb2dcaa6e5ef6c7441,scenario-5b16e64a2669283bf8ea4fb0,0b186a0be25b5ec4959d64fd53b3ed52e8891bf60f410da725a164464327432f,strict_inductive,graphsage,8,source,train;validation,validation,SOURCE_LABELS_ALLOWED,all_experts_available,UNKNOWN_UNTIL_OPERATIONAL_SPEC,MATERIALISABLE_FROM_VERIFIED_LOCAL_CACHE
binding-582ad62b831b41062e201d7c,scenario-5b16e64a2669283bf8ea4fb0,b5fc3f6aec88ab25e47ab0a78e06b2ad3554e6af829288c7d8ceb4d71d5e1093,isolated_inductive,feature_mlp,8,target,test,test,EVALUATION_ONLY_AFTER_FREEZE,all_experts_available,UNKNOWN_UNTIL_OPERATIONAL_SPEC,MATERIALISABLE_FROM_VERIFIED_LOCAL_CACHE
binding-8636690d104b66349836dea1,scenario-5b16e64a2669283bf8ea4fb0,3ecb4e958d00d12b906f01bb09e5cd44c298d5c3d2bb1807a49351807d0e89cd,isolated_inductive,gcn,8,target,test,test,EVALUATION_ONLY_AFTER_FREEZE,all_experts_available,UNKNOWN_UNTIL_OPERATIONAL_SPEC,MATERIALISABLE_FROM_VERIFIED_LOCAL_CACHE
binding-7116a398f3f93281f9b0a282,scenario-5b16e64a2669283bf8ea4fb0,78c61514ab922baeb77b705937fd789c50bc8e7878871b3bcfb555d0c4d1ba8e,isolated_inductive,graphsage,8,target,test,test,EVALUATION_ONLY_AFTER_FREEZE,all_experts_available,UNKNOWN_UNTIL_OPERATIONAL_SPEC,MATERIALISABLE_FROM_VERIFIED_LOCAL_CACHE
binding-134f113867fa3e93d91cd2a4,scenario-5b16e64a2669283bf8ea4fb0,fac08da08fd89e0b0d2ef50272d1b7866503e0de38f9bc1614cff6fb7eb925b3,transductive_structure,feature_mlp,8,source,train;validation,validation,SOURCE_LABELS_ALLOWED,all_experts_available,UNKNOWN_UNTIL_OPERATIONAL_SPEC,MATERIALISABLE_FROM_VERIFIED_LOCAL_CACHE
binding-843a38219981a28d7c08cf21,scenario-5b16e64a2669283bf8ea4fb0,68094eb4a9291572a347b166ec8f4b1995f2312ae337e6d3db942fe6d0bb5edb,transductive_structure,gcn,8,source,train;validation,validation,SOURCE_LABELS_ALLOWED,all_experts_available,UNKNOWN_UNTIL_OPERATIONAL_SPEC,MATERIALISABLE_FROM_VERIFIED_LOCAL_CACHE
binding-bf83f4b9bc3566b6b91a44ce,scenario-5b16e64a2669283bf8ea4fb0,dfb1b241d3cb1565d89d02cb35aaaaa8053eda073933cc34247d928142e9f047,transductive_structure,graphsage,8,source,train;validation,validation,SOURCE_LABELS_ALLOWED,all_experts_available,UNKNOWN_UNTIL_OPERATIONAL_SPEC,MATERIALISABLE_FROM_VERIFIED_LOCAL_CACHE
binding-0bc0eec581b1fb96741116ca,scenario-d0411a93375b5592b44845cb,14b8fa46a1578c3a50a909eab6570615726270cff0c0b3fd446d963c0f30b3d4,strict_inductive,feature_mlp,9,source,train;validation,validation,SOURCE_LABELS_ALLOWED,all_experts_available,UNKNOWN_UNTIL_OPERATIONAL_SPEC,MATERIALISABLE_FROM_VERIFIED_LOCAL_CACHE
binding-772573836767195e71db42d7,scenario-d0411a93375b5592b44845cb,77641ed7a474c6b657565f2ba88b2b4772cceab852461b9c97cd7fe57aac4113,strict_inductive,gcn,9,source,train;validation,validation,SOURCE_LABELS_ALLOWED,all_experts_available,UNKNOWN_UNTIL_OPERATIONAL_SPEC,MATERIALISABLE_FROM_VERIFIED_LOCAL_CACHE
binding-5a61d08c3ef16f9fd81ece32,scenario-d0411a93375b5592b44845cb,72f8da5a4ef491f867cc529f61f2cb9853b3ca742663509a022e9fc3b6f47c66,strict_inductive,graphsage,9,source,train;validation,validation,SOURCE_LABELS_ALLOWED,all_experts_available,UNKNOWN_UNTIL_OPERATIONAL_SPEC,MATERIALISABLE_FROM_VERIFIED_LOCAL_CACHE
binding-0ca3ac0596c6fe80d8f97b56,scenario-d0411a93375b5592b44845cb,9b49543f519d6cfd9c2014da22d81dae40805a3dbcd828832e03bd49edcfd580,isolated_inductive,feature_mlp,9,target,test,test,EVALUATION_ONLY_AFTER_FREEZE,all_experts_available,UNKNOWN_UNTIL_OPERATIONAL_SPEC,MATERIALISABLE_FROM_VERIFIED_LOCAL_CACHE
binding-bdcd7cf5c6334be59b9e20ce,scenario-d0411a93375b5592b44845cb,615d2a4d01e42f4ce5e5a0660d27307e07b4d80e9556af938061ff8fe9c4a229,isolated_inductive,gcn,9,target,test,test,EVALUATION_ONLY_AFTER_FREEZE,all_experts_available,UNKNOWN_UNTIL_OPERATIONAL_SPEC,MATERIALISABLE_FROM_VERIFIED_LOCAL_CACHE
binding-9287baf0f8d7657dde894dce,scenario-d0411a93375b5592b44845cb,29307ef756a1467dacd386c2b88b936aea3c5186b2af4de3c96975a2fcc5ed9d,isolated_inductive,graphsage,9,target,test,test,EVALUATION_ONLY_AFTER_FREEZE,all_experts_available,UNKNOWN_UNTIL_OPERATIONAL_SPEC,MATERIALISABLE_FROM_VERIFIED_LOCAL_CACHE
binding-169c55e7d7e24516cf6aae9a,scenario-d0411a93375b5592b44845cb,a4b7a938a4af8cd1b9149132876f89ec2efc20a8878c3d3a92c37c91d6a7943b,transductive_structure,feature_mlp,9,source,train;validation,validation,SOURCE_LABELS_ALLOWED,all_experts_available,UNKNOWN_UNTIL_OPERATIONAL_SPEC,MATERIALISABLE_FROM_VERIFIED_LOCAL_CACHE
binding-d046edd9726ddc2bfa0f31c1,scenario-d0411a93375b5592b44845cb,87fcdcc0771cbe23126f76b94031dc49887ce42fe4743ceb1b21e728d8415ac9,transductive_structure,gcn,9,source,train;validation,validation,SOURCE_LABELS_ALLOWED,all_experts_available,UNKNOWN_UNTIL_OPERATIONAL_SPEC,MATERIALISABLE_FROM_VERIFIED_LOCAL_CACHE
binding-c2d573fcedbfb7fc4e29da44,scenario-d0411a93375b5592b44845cb,10495742df1aaf11158b31ff4b774840704ec03f376a1d33bce2695183024871,transductive_structure,graphsage,9,source,train;validation,validation,SOURCE_LABELS_ALLOWED,all_experts_available,UNKNOWN_UNTIL_OPERATIONAL_SPEC,MATERIALISABLE_FROM_VERIFIED_LOCAL_CACHE
binding-a3cdad65973bf278f753dfa6,scenario-5926e8915afdcff7d1698b95,47a18f3f93eef31ef9628c9183adcc32b12d5e8c96d9e6bfe63e094e5260d4f9,strict_inductive,feature_mlp,10,source,train;validation,validation,SOURCE_LABELS_ALLOWED,all_experts_available,UNKNOWN_UNTIL_OPERATIONAL_SPEC,MATERIALISABLE_FROM_VERIFIED_LOCAL_CACHE
binding-a256134a8222ff99a67ef733,scenario-5926e8915afdcff7d1698b95,136845af308a5d8e3536bbf9055ba521235a07610c15f58056f8b32c39057377,strict_inductive,gcn,10,source,train;validation,validation,SOURCE_LABELS_ALLOWED,all_experts_available,UNKNOWN_UNTIL_OPERATIONAL_SPEC,MATERIALISABLE_FROM_VERIFIED_LOCAL_CACHE
binding-ccdca4a60843faf5b2428993,scenario-5926e8915afdcff7d1698b95,a5d844b3cf5780bdbbf5415fcff227b126057dd172171110cc2b98486df0a0f7,strict_inductive,graphsage,10,source,train;validation,validation,SOURCE_LABELS_ALLOWED,all_experts_available,UNKNOWN_UNTIL_OPERATIONAL_SPEC,MATERIALISABLE_FROM_VERIFIED_LOCAL_CACHE
binding-6fc8eb28d13df468f66e9340,scenario-5926e8915afdcff7d1698b95,b61264bc90609377cc258b2dc1fcc3443d9b0b818c25e4542445e28bb33d92fe,isolated_inductive,feature_mlp,10,target,test,test,EVALUATION_ONLY_AFTER_FREEZE,all_experts_available,UNKNOWN_UNTIL_OPERATIONAL_SPEC,MATERIALISABLE_FROM_VERIFIED_LOCAL_CACHE
binding-3ebe25796bda1e23b36b0e2e,scenario-5926e8915afdcff7d1698b95,1d18d6bf35a711daec15ebbd2f1ce46084dcbfa7944e3cfc6591de7cd47a9953,isolated_inductive,gcn,10,target,test,test,EVALUATION_ONLY_AFTER_FREEZE,all_experts_available,UNKNOWN_UNTIL_OPERATIONAL_SPEC,MATERIALISABLE_FROM_VERIFIED_LOCAL_CACHE
binding-37b094177db4a2c61dc9d885,scenario-5926e8915afdcff7d1698b95,88fa06d425fc7c18ed1b96a6c89a5c2bea42bec44c7d90f6f6889ccf26cf36de,isolated_inductive,graphsage,10,target,test,test,EVALUATION_ONLY_AFTER_FREEZE,all_experts_available,UNKNOWN_UNTIL_OPERATIONAL_SPEC,MATERIALISABLE_FROM_VERIFIED_LOCAL_CACHE
binding-83f052b2308098e0780baa5f,scenario-5926e8915afdcff7d1698b95,2dba41dd2ce583977274866dc563dc4a2c1e70802e8507db48ca76f43486f3aa,transductive_structure,feature_mlp,10,source,train;validation,validation,SOURCE_LABELS_ALLOWED,all_experts_available,UNKNOWN_UNTIL_OPERATIONAL_SPEC,MATERIALISABLE_FROM_VERIFIED_LOCAL_CACHE
binding-3a680c49636fbb01998e89fb,scenario-5926e8915afdcff7d1698b95,0102af18030a075ac95d73c7effde3f764db57af2409883c8c2a1fc0c779e378,transductive_structure,gcn,10,source,train;validation,validation,SOURCE_LABELS_ALLOWED,all_experts_available,UNKNOWN_UNTIL_OPERATIONAL_SPEC,MATERIALISABLE_FROM_VERIFIED_LOCAL_CACHE
binding-f81e50998d89edc82cd5ccb9,scenario-5926e8915afdcff7d1698b95,c556d3a94d4190b27c05502e5931d1900a3192ad1b032ae88d5bf6bae8489e12,transductive_structure,graphsage,10,source,train;validation,validation,SOURCE_LABELS_ALLOWED,all_experts_available,UNKNOWN_UNTIL_OPERATIONAL_SPEC,MATERIALISABLE_FROM_VERIFIED_LOCAL_CACHE
binding-f8d299df61f7f5beaabbcb24,scenario-c411f91cd5d33432dbdffe08,52685c12e4917f7a80b31307cafaa6e3ad42bc7953f4f322d6cd0517eac808ff,strict_inductive,feature_mlp,1,source,train;validation,validation,SOURCE_LABELS_ALLOWED,all_experts_available,UNKNOWN_UNTIL_OPERATIONAL_SPEC,MATERIALISABLE_FROM_VERIFIED_LOCAL_CACHE
binding-e3704da04b628aee6b62a91a,scenario-c411f91cd5d33432dbdffe08,c409978cc8e157cc7053250d8ed12ca6728b967118ddbb3c5abf8699d51957a7,strict_inductive,gcn,1,source,train;validation,validation,SOURCE_LABELS_ALLOWED,all_experts_available,UNKNOWN_UNTIL_OPERATIONAL_SPEC,MATERIALISABLE_FROM_VERIFIED_LOCAL_CACHE
binding-75d33304b441ecdf6ba7e523,scenario-c411f91cd5d33432dbdffe08,e5e5e60cff19b872e27cad3484b19f4bf0814d56c47c414751caa3f3f5ba387c,strict_inductive,graphsage,1,source,train;validation,validation,SOURCE_LABELS_ALLOWED,all_experts_available,UNKNOWN_UNTIL_OPERATIONAL_SPEC,MATERIALISABLE_FROM_VERIFIED_LOCAL_CACHE
binding-886d79035f9fc5ba11c98824,scenario-c411f91cd5d33432dbdffe08,675638befa2d945be57bc01fb298623ad278449f8a5343a23d7a623d0d04652a,isolated_inductive,feature_mlp,1,source,train;validation,validation,SOURCE_LABELS_ALLOWED,all_experts_available,UNKNOWN_UNTIL_OPERATIONAL_SPEC,MATERIALISABLE_FROM_VERIFIED_LOCAL_CACHE
binding-87d0656f67b41dd9decd7ce7,scenario-c411f91cd5d33432dbdffe08,f5efa4a18a06de39243394e0dbdedeb38a833f97248b00295792d3f542c38e51,isolated_inductive,gcn,1,source,train;validation,validation,SOURCE_LABELS_ALLOWED,all_experts_available,UNKNOWN_UNTIL_OPERATIONAL_SPEC,MATERIALISABLE_FROM_VERIFIED_LOCAL_CACHE
binding-5f4cb1ad7e45d127fb4d08de,scenario-c411f91cd5d33432dbdffe08,6a8bc9782a178c909220d3cf02e60757657f856c4a2166a69731673bb6e8a0ce,isolated_inductive,graphsage,1,source,train;validation,validation,SOURCE_LABELS_ALLOWED,all_experts_available,UNKNOWN_UNTIL_OPERATIONAL_SPEC,MATERIALISABLE_FROM_VERIFIED_LOCAL_CACHE
binding-2e7c9ba1f84c21022e659049,scenario-c411f91cd5d33432dbdffe08,eed58c3cebb40733db2d9ee011beefc10361600a92b63531401bd0c03acc3f64,transductive_structure,feature_mlp,1,target,test,test,EVALUATION_ONLY_AFTER_FREEZE,all_experts_available,UNKNOWN_UNTIL_OPERATIONAL_SPEC,MATERIALISABLE_FROM_VERIFIED_LOCAL_CACHE
binding-ff519eea03b5f321468b4dab,scenario-c411f91cd5d33432dbdffe08,5aae92d61737ddc2e75df663f8394ad244ad2f833d759179553e487a0a301514,transductive_structure,gcn,1,target,test,test,EVALUATION_ONLY_AFTER_FREEZE,all_experts_available,UNKNOWN_UNTIL_OPERATIONAL_SPEC,MATERIALISABLE_FROM_VERIFIED_LOCAL_CACHE
binding-b745943714f51f6f306be859,scenario-c411f91cd5d33432dbdffe08,a3be05e87fe57d0c626586db103173d67105293a47cd32196c29cdeda68d7428,transductive_structure,graphsage,1,target,test,test,EVALUATION_ONLY_AFTER_FREEZE,all_experts_available,UNKNOWN_UNTIL_OPERATIONAL_SPEC,MATERIALISABLE_FROM_VERIFIED_LOCAL_CACHE
binding-62163280c24b6236e21b75db,scenario-526bf7762c228cd8f21890b5,3f8626ebf4031fe19be3063461490c3e227395b6372777b7053468d5f9b04edb,strict_inductive,feature_mlp,2,source,train;validation,validation,SOURCE_LABELS_ALLOWED,all_experts_available,UNKNOWN_UNTIL_OPERATIONAL_SPEC,MATERIALISABLE_FROM_VERIFIED_LOCAL_CACHE
binding-398079301fb953c46758c548,scenario-526bf7762c228cd8f21890b5,bd5ee45787b25eaa8e58278803fd8a33845c17b36748ea13fa99e94ab86c5064,strict_inductive,gcn,2,source,train;validation,validation,SOURCE_LABELS_ALLOWED,all_experts_available,UNKNOWN_UNTIL_OPERATIONAL_SPEC,MATERIALISABLE_FROM_VERIFIED_LOCAL_CACHE
binding-dbf753bb3854977dfd19466c,scenario-526bf7762c228cd8f21890b5,66e853c90106b4f81363bfadbdc609f7d1d34b949618b75dd9bae22c1969c4e5,strict_inductive,graphsage,2,source,train;validation,validation,SOURCE_LABELS_ALLOWED,all_experts_available,UNKNOWN_UNTIL_OPERATIONAL_SPEC,MATERIALISABLE_FROM_VERIFIED_LOCAL_CACHE
binding-58e10d3578ac0896f2a99172,scenario-526bf7762c228cd8f21890b5,67336dcaa82c7029c86a3c94d6b4908ff38db51574da609b41e8b3aa30534d72,isolated_inductive,feature_mlp,2,source,train;validation,validation,SOURCE_LABELS_ALLOWED,all_experts_available,UNKNOWN_UNTIL_OPERATIONAL_SPEC,MATERIALISABLE_FROM_VERIFIED_LOCAL_CACHE
binding-86a5e57dff578648ff20d05a,scenario-526bf7762c228cd8f21890b5,90a9e590fdf87a2e0b6f2aee4cbe41aad2849139444692ba7effbe8244df5ad6,isolated_inductive,gcn,2,source,train;validation,validation,SOURCE_LABELS_ALLOWED,all_experts_available,UNKNOWN_UNTIL_OPERATIONAL_SPEC,MATERIALISABLE_FROM_VERIFIED_LOCAL_CACHE
binding-c1bddf92937f4627bb642ced,scenario-526bf7762c228cd8f21890b5,21a0163a1e8f2eba52e8c47ccbecba3fa7b711d7cbbde753d19611640272e084,isolated_inductive,graphsage,2,source,train;validation,validation,SOURCE_LABELS_ALLOWED,all_experts_available,UNKNOWN_UNTIL_OPERATIONAL_SPEC,MATERIALISABLE_FROM_VERIFIED_LOCAL_CACHE
binding-cfbef061dbe1d16843d5bbdf,scenario-526bf7762c228cd8f21890b5,3250e3f29376680d3e4f213881bd0676a5a9dc7f61c486e47fb442c30775dfc3,transductive_structure,feature_mlp,2,target,test,test,EVALUATION_ONLY_AFTER_FREEZE,all_experts_available,UNKNOWN_UNTIL_OPERATIONAL_SPEC,MATERIALISABLE_FROM_VERIFIED_LOCAL_CACHE
binding-495c9ea92f61e3a9d48d51b5,scenario-526bf7762c228cd8f21890b5,de2aab9f98695f2ccfd8a9f6f498c51050411336e8918b558d9ef75517df1fe3,transductive_structure,gcn,2,target,test,test,EVALUATION_ONLY_AFTER_FREEZE,all_experts_available,UNKNOWN_UNTIL_OPERATIONAL_SPEC,MATERIALISABLE_FROM_VERIFIED_LOCAL_CACHE
binding-253c20e8bad6754dc00a3053,scenario-526bf7762c228cd8f21890b5,d62648597292da1a76d55488f67e8fbaf6f87f0c404a643984a256903e29fef1,transductive_structure,graphsage,2,target,test,test,EVALUATION_ONLY_AFTER_FREEZE,all_experts_available,UNKNOWN_UNTIL_OPERATIONAL_SPEC,MATERIALISABLE_FROM_VERIFIED_LOCAL_CACHE
binding-e22a0d39415542ce8016cbb1,scenario-ea8ac5ee01ec8d862a5d3989,7b4d450599ad9dc6734c6f1c1f1f5234d942db04fc4c2292420760ef83d76f9a,strict_inductive,feature_mlp,3,source,train;validation,validation,SOURCE_LABELS_ALLOWED,all_experts_available,UNKNOWN_UNTIL_OPERATIONAL_SPEC,MATERIALISABLE_FROM_VERIFIED_LOCAL_CACHE
binding-28863ca223af0073a1c3a417,scenario-ea8ac5ee01ec8d862a5d3989,699f0ebe1389ac36857614b4c2bcf8a567db513bed3e05725da60c655767995c,strict_inductive,gcn,3,source,train;validation,validation,SOURCE_LABELS_ALLOWED,all_experts_available,UNKNOWN_UNTIL_OPERATIONAL_SPEC,MATERIALISABLE_FROM_VERIFIED_LOCAL_CACHE
binding-8a7fdcc66226013141847dc8,scenario-ea8ac5ee01ec8d862a5d3989,04a62f40212fc028ce05dfd1f8ea09b8cf59216c34fa0f0ca46d0d9d4ce61be0,strict_inductive,graphsage,3,source,train;validation,validation,SOURCE_LABELS_ALLOWED,all_experts_available,UNKNOWN_UNTIL_OPERATIONAL_SPEC,MATERIALISABLE_FROM_VERIFIED_LOCAL_CACHE
binding-3597c7dc0159ff511b15ec3c,scenario-ea8ac5ee01ec8d862a5d3989,e375af8b19798adc731f5c9aa462d9a3c50957e0d731036ac29f1c84ca1af9fe,isolated_inductive,feature_mlp,3,source,train;validation,validation,SOURCE_LABELS_ALLOWED,all_experts_available,UNKNOWN_UNTIL_OPERATIONAL_SPEC,MATERIALISABLE_FROM_VERIFIED_LOCAL_CACHE
binding-618da59b4a29634d2d5162bc,scenario-ea8ac5ee01ec8d862a5d3989,eed27bc27f9669b6d83ac03b3312175a4807c3834fe6247dd7d21ea60b1a8de2,isolated_inductive,gcn,3,source,train;validation,validation,SOURCE_LABELS_ALLOWED,all_experts_available,UNKNOWN_UNTIL_OPERATIONAL_SPEC,MATERIALISABLE_FROM_VERIFIED_LOCAL_CACHE
binding-1cf8c572041431ab2407bac3,scenario-ea8ac5ee01ec8d862a5d3989,f08aa7610ee53a179bb35372f7755e1549b526fc43d10aa42b91af1ef05eb4ad,isolated_inductive,graphsage,3,source,train;validation,validation,SOURCE_LABELS_ALLOWED,all_experts_available,UNKNOWN_UNTIL_OPERATIONAL_SPEC,MATERIALISABLE_FROM_VERIFIED_LOCAL_CACHE
binding-8de3c47ef470a011749975b4,scenario-ea8ac5ee01ec8d862a5d3989,72c3fdf4bbf51160ea29f63d9867a687ef0944742fc7a2cd965a53e2658063f8,transductive_structure,feature_mlp,3,target,test,test,EVALUATION_ONLY_AFTER_FREEZE,all_experts_available,UNKNOWN_UNTIL_OPERATIONAL_SPEC,MATERIALISABLE_FROM_VERIFIED_LOCAL_CACHE
binding-9e3b9de120a9da649c26837f,scenario-ea8ac5ee01ec8d862a5d3989,0481e6f3086b12fe0eb0b7dfd669e8360fe967e76c4da46361b2f91dcf1ea48e,transductive_structure,gcn,3,target,test,test,EVALUATION_ONLY_AFTER_FREEZE,all_experts_available,UNKNOWN_UNTIL_OPERATIONAL_SPEC,MATERIALISABLE_FROM_VERIFIED_LOCAL_CACHE
binding-5e131ba677d49e42ec19a7c6,scenario-ea8ac5ee01ec8d862a5d3989,73f3a4c6225ca4ec13d271c3019eaf7eae1775332d8616bcd133849edd6e5d6e,transductive_structure,graphsage,3,target,test,test,EVALUATION_ONLY_AFTER_FREEZE,all_experts_available,UNKNOWN_UNTIL_OPERATIONAL_SPEC,MATERIALISABLE_FROM_VERIFIED_LOCAL_CACHE
binding-e31f0e287c05208b64137ed1,scenario-7e71b7b409f9fb7c3cf00b0f,13dd60fdcac4eb5d35fb765cb01e25e7fe279c289a7d6e9a52f5f7f0ad7990c2,strict_inductive,feature_mlp,4,source,train;validation,validation,SOURCE_LABELS_ALLOWED,all_experts_available,UNKNOWN_UNTIL_OPERATIONAL_SPEC,MATERIALISABLE_FROM_VERIFIED_LOCAL_CACHE
binding-5d1c501dd0221aec617ed039,scenario-7e71b7b409f9fb7c3cf00b0f,cf244b1b927f67b07d941b9bcc78f85a9105a1df0bf0b52cb0dc33f6f3ac8dd3,strict_inductive,gcn,4,source,train;validation,validation,SOURCE_LABELS_ALLOWED,all_experts_available,UNKNOWN_UNTIL_OPERATIONAL_SPEC,MATERIALISABLE_FROM_VERIFIED_LOCAL_CACHE
binding-256eb5d25a25ef0680668184,scenario-7e71b7b409f9fb7c3cf00b0f,6980525005315ec3c08e4dfab012b99d1eee2122b725d2ea2ecec1687522a5c0,strict_inductive,graphsage,4,source,train;validation,validation,SOURCE_LABELS_ALLOWED,all_experts_available,UNKNOWN_UNTIL_OPERATIONAL_SPEC,MATERIALISABLE_FROM_VERIFIED_LOCAL_CACHE
binding-6588673069868c1175d588bd,scenario-7e71b7b409f9fb7c3cf00b0f,db3fd0a87d762d29536659033e5f7513ec1e9322508833a7e5d9a456e25b2a25,isolated_inductive,feature_mlp,4,source,train;validation,validation,SOURCE_LABELS_ALLOWED,all_experts_available,UNKNOWN_UNTIL_OPERATIONAL_SPEC,MATERIALISABLE_FROM_VERIFIED_LOCAL_CACHE
binding-e45870cf739b8d7004f255ef,scenario-7e71b7b409f9fb7c3cf00b0f,b395751d36deecf4edef87799c4995fbe2c727b5d7637ccb4602d9ee05038e01,isolated_inductive,gcn,4,source,train;validation,validation,SOURCE_LABELS_ALLOWED,all_experts_available,UNKNOWN_UNTIL_OPERATIONAL_SPEC,MATERIALISABLE_FROM_VERIFIED_LOCAL_CACHE
binding-b88888d7ee17b91b46d44ba4,scenario-7e71b7b409f9fb7c3cf00b0f,a157b4e0f482082757c616e9dc68ceb2f85215119f08bc4262068b2b148837c5,isolated_inductive,graphsage,4,source,train;validation,validation,SOURCE_LABELS_ALLOWED,all_experts_available,UNKNOWN_UNTIL_OPERATIONAL_SPEC,MATERIALISABLE_FROM_VERIFIED_LOCAL_CACHE
binding-a2cb49c135d9cc17a5dd9e86,scenario-7e71b7b409f9fb7c3cf00b0f,34112f56c3d1d4f940ab02763b71f3d1fb7affdaf15b72acd66e38a4bb69901b,transductive_structure,feature_mlp,4,target,test,test,EVALUATION_ONLY_AFTER_FREEZE,all_experts_available,UNKNOWN_UNTIL_OPERATIONAL_SPEC,MATERIALISABLE_FROM_VERIFIED_LOCAL_CACHE
binding-64f66963427246daaa5102f6,scenario-7e71b7b409f9fb7c3cf00b0f,0348900de02583daf9eae3a7a8bd7895343e4946f81761e04d7c9290dced2cfe,transductive_structure,gcn,4,target,test,test,EVALUATION_ONLY_AFTER_FREEZE,all_experts_available,UNKNOWN_UNTIL_OPERATIONAL_SPEC,MATERIALISABLE_FROM_VERIFIED_LOCAL_CACHE
binding-4e72c7595ca40694043f4e45,scenario-7e71b7b409f9fb7c3cf00b0f,74a1dd5ebaddb6b540a28bf8100978d40a26537a6398db7acbbb7a7b9d9d106a,transductive_structure,graphsage,4,target,test,test,EVALUATION_ONLY_AFTER_FREEZE,all_experts_available,UNKNOWN_UNTIL_OPERATIONAL_SPEC,MATERIALISABLE_FROM_VERIFIED_LOCAL_CACHE
binding-684e623f7b794a867f4c6949,scenario-e94f4e48832db1ed59a880c0,00a4ba89d4ee6f091cea901da90be475c7e8388c9cdca300ea3f81eaeb572071,strict_inductive,feature_mlp,5,source,train;validation,validation,SOURCE_LABELS_ALLOWED,all_experts_available,UNKNOWN_UNTIL_OPERATIONAL_SPEC,MATERIALISABLE_FROM_VERIFIED_LOCAL_CACHE
binding-90df747a5cc407a78ea9e3c5,scenario-e94f4e48832db1ed59a880c0,e2d14d889b32a8a031cce73c3ec01b101132c9313004e3bca4d871080e066365,strict_inductive,gcn,5,source,train;validation,validation,SOURCE_LABELS_ALLOWED,all_experts_available,UNKNOWN_UNTIL_OPERATIONAL_SPEC,MATERIALISABLE_FROM_VERIFIED_LOCAL_CACHE
binding-ab30e1019ee1c07d69637ab3,scenario-e94f4e48832db1ed59a880c0,b5702d342fa5bdbba06156bf6e1ea8b8d5665f07dd87cd0b7814a28ce7980fe2,strict_inductive,graphsage,5,source,train;validation,validation,SOURCE_LABELS_ALLOWED,all_experts_available,UNKNOWN_UNTIL_OPERATIONAL_SPEC,MATERIALISABLE_FROM_VERIFIED_LOCAL_CACHE
binding-4673c72405089542391fab4c,scenario-e94f4e48832db1ed59a880c0,e4c6cbc7bee75edd8fa43c93a103644002e2a6d3f9e4b785bb7729d236d5a59f,isolated_inductive,feature_mlp,5,source,train;validation,validation,SOURCE_LABELS_ALLOWED,all_experts_available,UNKNOWN_UNTIL_OPERATIONAL_SPEC,MATERIALISABLE_FROM_VERIFIED_LOCAL_CACHE
binding-a10135b05bdf278af1cad9f8,scenario-e94f4e48832db1ed59a880c0,2959d76f2e1606072d5372a01e191711843df460020c58490fce480967410829,isolated_inductive,gcn,5,source,train;validation,validation,SOURCE_LABELS_ALLOWED,all_experts_available,UNKNOWN_UNTIL_OPERATIONAL_SPEC,MATERIALISABLE_FROM_VERIFIED_LOCAL_CACHE
binding-54623e8fced928e84ccd957a,scenario-e94f4e48832db1ed59a880c0,afdd0347a45a56dcaa1c425f1244c8c96e34f54f8ad674e8195ee65d72ec7c70,isolated_inductive,graphsage,5,source,train;validation,validation,SOURCE_LABELS_ALLOWED,all_experts_available,UNKNOWN_UNTIL_OPERATIONAL_SPEC,MATERIALISABLE_FROM_VERIFIED_LOCAL_CACHE
binding-c8700f77e4d8d40e416fcc82,scenario-e94f4e48832db1ed59a880c0,50d3faeb48be6e226d83e9fdabb8b6beb564bfd5a129da4d3e9ba12a20bca9a3,transductive_structure,feature_mlp,5,target,test,test,EVALUATION_ONLY_AFTER_FREEZE,all_experts_available,UNKNOWN_UNTIL_OPERATIONAL_SPEC,MATERIALISABLE_FROM_VERIFIED_LOCAL_CACHE
binding-5e9428ea8bb4b0b8c9630045,scenario-e94f4e48832db1ed59a880c0,af56865e24d7d3f0daf03854b13c2f771e712b71cd65f6ea3cdd7c0d689418ec,transductive_structure,gcn,5,target,test,test,EVALUATION_ONLY_AFTER_FREEZE,all_experts_available,UNKNOWN_UNTIL_OPERATIONAL_SPEC,MATERIALISABLE_FROM_VERIFIED_LOCAL_CACHE
binding-5a5b83a70f1260a3b8010e8d,scenario-e94f4e48832db1ed59a880c0,728d1a268b3c6eef3ffbd8fca6fbac54786072c8d59f0b1e044378cb48a6c6e3,transductive_structure,graphsage,5,target,test,test,EVALUATION_ONLY_AFTER_FREEZE,all_experts_available,UNKNOWN_UNTIL_OPERATIONAL_SPEC,MATERIALISABLE_FROM_VERIFIED_LOCAL_CACHE
binding-f3ebc1fe5877f13687837307,scenario-9c30859729ca22e68d526610,e77d9298b1a98b90d5f1d588a9f205e0377da5cdca4636d1fe7b8979288158e7,strict_inductive,feature_mlp,6,source,train;validation,validation,SOURCE_LABELS_ALLOWED,all_experts_available,UNKNOWN_UNTIL_OPERATIONAL_SPEC,MATERIALISABLE_FROM_VERIFIED_LOCAL_CACHE
binding-951e4e29cdde2c6ece3cee63,scenario-9c30859729ca22e68d526610,87dfb374ec2ee90a9768ea0c7ee80a2989ba67cc4a30e403920ef6a20a263592,strict_inductive,gcn,6,source,train;validation,validation,SOURCE_LABELS_ALLOWED,all_experts_available,UNKNOWN_UNTIL_OPERATIONAL_SPEC,MATERIALISABLE_FROM_VERIFIED_LOCAL_CACHE
binding-fed3e858d1a9475d5e3d5bb4,scenario-9c30859729ca22e68d526610,2e8802ebf6b0081fc29d0c22b0051b5a4c2f35b2745d371099ae528b586680e1,strict_inductive,graphsage,6,source,train;validation,validation,SOURCE_LABELS_ALLOWED,all_experts_available,UNKNOWN_UNTIL_OPERATIONAL_SPEC,MATERIALISABLE_FROM_VERIFIED_LOCAL_CACHE
binding-d18a79e6071f88e2184bb142,scenario-9c30859729ca22e68d526610,757e88ee61b20d96ec7d16efd96a6d512ae6baab0d48d4ef6f6da516f07a50ef,isolated_inductive,feature_mlp,6,source,train;validation,validation,SOURCE_LABELS_ALLOWED,all_experts_available,UNKNOWN_UNTIL_OPERATIONAL_SPEC,MATERIALISABLE_FROM_VERIFIED_LOCAL_CACHE
binding-8d4bb028438d4854f321737f,scenario-9c30859729ca22e68d526610,aed699b1f7d0e7e9874f4e544f7ba761a7a284603b90a36971f7fe82a85b51b6,isolated_inductive,gcn,6,source,train;validation,validation,SOURCE_LABELS_ALLOWED,all_experts_available,UNKNOWN_UNTIL_OPERATIONAL_SPEC,MATERIALISABLE_FROM_VERIFIED_LOCAL_CACHE
binding-d968d1a55f8beca7713971f9,scenario-9c30859729ca22e68d526610,cb63f14600172f331dfb1b1fc1d5eada0d13c00b4474d4d115500cfa3d5c4fae,isolated_inductive,graphsage,6,source,train;validation,validation,SOURCE_LABELS_ALLOWED,all_experts_available,UNKNOWN_UNTIL_OPERATIONAL_SPEC,MATERIALISABLE_FROM_VERIFIED_LOCAL_CACHE
binding-0726a8b2e1416e9a92ab9286,scenario-9c30859729ca22e68d526610,7d260762a2ef82545982e0458ff5f2a2fc11ada5a8fb769ff2c28bd88590332b,transductive_structure,feature_mlp,6,target,test,test,EVALUATION_ONLY_AFTER_FREEZE,all_experts_available,UNKNOWN_UNTIL_OPERATIONAL_SPEC,MATERIALISABLE_FROM_VERIFIED_LOCAL_CACHE
binding-744effc621c62a66f67c0223,scenario-9c30859729ca22e68d526610,9e46c3736b86adf149ecd64d168cef2e0a69ab750920235ae24b7bb03ae87855,transductive_structure,gcn,6,target,test,test,EVALUATION_ONLY_AFTER_FREEZE,all_experts_available,UNKNOWN_UNTIL_OPERATIONAL_SPEC,MATERIALISABLE_FROM_VERIFIED_LOCAL_CACHE
binding-88d4b658a2bb1079e41ae0ef,scenario-9c30859729ca22e68d526610,407a7360eb3441fdc5281d687a7cdca38ae81cb2c28fb2f479f6d9b8cb0e64a0,transductive_structure,graphsage,6,target,test,test,EVALUATION_ONLY_AFTER_FREEZE,all_experts_available,UNKNOWN_UNTIL_OPERATIONAL_SPEC,MATERIALISABLE_FROM_VERIFIED_LOCAL_CACHE
binding-950fcfcce51cabe21bdd05da,scenario-38b5ce57451af6518fdd1caa,6b7d63e7661ef7286f176f47f4b732e982367117f89416992a67bdecbabd2499,strict_inductive,feature_mlp,7,source,train;validation,validation,SOURCE_LABELS_ALLOWED,all_experts_available,UNKNOWN_UNTIL_OPERATIONAL_SPEC,MATERIALISABLE_FROM_VERIFIED_LOCAL_CACHE
binding-0224c440a77c5e974ab2ee62,scenario-38b5ce57451af6518fdd1caa,1724d6b9a17c272fa2c30bf9b0b907021044c6e027c376596aef5fbdb6245053,strict_inductive,gcn,7,source,train;validation,validation,SOURCE_LABELS_ALLOWED,all_experts_available,UNKNOWN_UNTIL_OPERATIONAL_SPEC,MATERIALISABLE_FROM_VERIFIED_LOCAL_CACHE
binding-0dc47220aada8ce2d653b45f,scenario-38b5ce57451af6518fdd1caa,371d24dedaed8f5aaa5666311f33003f96b21f062a06c250337cdbd105949891,strict_inductive,graphsage,7,source,train;validation,validation,SOURCE_LABELS_ALLOWED,all_experts_available,UNKNOWN_UNTIL_OPERATIONAL_SPEC,MATERIALISABLE_FROM_VERIFIED_LOCAL_CACHE
binding-83443ca8f2cb1c8192c642f3,scenario-38b5ce57451af6518fdd1caa,3ad42754e59f2d60175def7386ea20bbe6dc6be614e07da53e9faa4a1911321a,isolated_inductive,feature_mlp,7,source,train;validation,validation,SOURCE_LABELS_ALLOWED,all_experts_available,UNKNOWN_UNTIL_OPERATIONAL_SPEC,MATERIALISABLE_FROM_VERIFIED_LOCAL_CACHE
binding-e7fd6de8beacd0696f214126,scenario-38b5ce57451af6518fdd1caa,f4af531a3cdcb55845ddfcbbbce27a446b485cf066a519a68818aeea855e1f73,isolated_inductive,gcn,7,source,train;validation,validation,SOURCE_LABELS_ALLOWED,all_experts_available,UNKNOWN_UNTIL_OPERATIONAL_SPEC,MATERIALISABLE_FROM_VERIFIED_LOCAL_CACHE
binding-f8de47c8552afbaed9fd106c,scenario-38b5ce57451af6518fdd1caa,c4780dbea74455d7463dde6dce6b1a39bcf2eae5fe736a492fc570abb1657b05,isolated_inductive,graphsage,7,source,train;validation,validation,SOURCE_LABELS_ALLOWED,all_experts_available,UNKNOWN_UNTIL_OPERATIONAL_SPEC,MATERIALISABLE_FROM_VERIFIED_LOCAL_CACHE
binding-9c730a399120dd6adff766b6,scenario-38b5ce57451af6518fdd1caa,a0090dd11814bdda9d64f6faf6d92a8995220c0a67ef6b90afb521b30cfb4743,transductive_structure,feature_mlp,7,target,test,test,EVALUATION_ONLY_AFTER_FREEZE,all_experts_available,UNKNOWN_UNTIL_OPERATIONAL_SPEC,MATERIALISABLE_FROM_VERIFIED_LOCAL_CACHE
binding-08d57cd2bf6a389be7d98ba0,scenario-38b5ce57451af6518fdd1caa,9e8f97b640ccf396cf195a2983d00e81945acccf94ff5b861dcf7a970624f7e2,transductive_structure,gcn,7,target,test,test,EVALUATION_ONLY_AFTER_FREEZE,all_experts_available,UNKNOWN_UNTIL_OPERATIONAL_SPEC,MATERIALISABLE_FROM_VERIFIED_LOCAL_CACHE
binding-340c29921f75306464f092ae,scenario-38b5ce57451af6518fdd1caa,59c7550c6119364fe789dbe093501b3d459df4865465e00519d311ae07a0d3d7,transductive_structure,graphsage,7,target,test,test,EVALUATION_ONLY_AFTER_FREEZE,all_experts_available,UNKNOWN_UNTIL_OPERATIONAL_SPEC,MATERIALISABLE_FROM_VERIFIED_LOCAL_CACHE
binding-c88e967fc885ff70a1a75357,scenario-f2fa3342e1ef128211eb9fda,c966f96e03610916d4bd40ef9d67fc358b9049ed9aa6dc08a925b71717d4cf11,strict_inductive,feature_mlp,8,source,train;validation,validation,SOURCE_LABELS_ALLOWED,all_experts_available,UNKNOWN_UNTIL_OPERATIONAL_SPEC,MATERIALISABLE_FROM_VERIFIED_LOCAL_CACHE
binding-08b8ba0345a84015c94992dc,scenario-f2fa3342e1ef128211eb9fda,af851ff54993722304202e0647492bfa90cc696484622c66b5b42534cfdeb079,strict_inductive,gcn,8,source,train;validation,validation,SOURCE_LABELS_ALLOWED,all_experts_available,UNKNOWN_UNTIL_OPERATIONAL_SPEC,MATERIALISABLE_FROM_VERIFIED_LOCAL_CACHE
binding-4dce6404ca4e9f5f456662fa,scenario-f2fa3342e1ef128211eb9fda,0b186a0be25b5ec4959d64fd53b3ed52e8891bf60f410da725a164464327432f,strict_inductive,graphsage,8,source,train;validation,validation,SOURCE_LABELS_ALLOWED,all_experts_available,UNKNOWN_UNTIL_OPERATIONAL_SPEC,MATERIALISABLE_FROM_VERIFIED_LOCAL_CACHE
binding-20459fa8d61dbd5f2d1f65d5,scenario-f2fa3342e1ef128211eb9fda,b5fc3f6aec88ab25e47ab0a78e06b2ad3554e6af829288c7d8ceb4d71d5e1093,isolated_inductive,feature_mlp,8,source,train;validation,validation,SOURCE_LABELS_ALLOWED,all_experts_available,UNKNOWN_UNTIL_OPERATIONAL_SPEC,MATERIALISABLE_FROM_VERIFIED_LOCAL_CACHE
binding-565a660c5a36f1d3afe79609,scenario-f2fa3342e1ef128211eb9fda,3ecb4e958d00d12b906f01bb09e5cd44c298d5c3d2bb1807a49351807d0e89cd,isolated_inductive,gcn,8,source,train;validation,validation,SOURCE_LABELS_ALLOWED,all_experts_available,UNKNOWN_UNTIL_OPERATIONAL_SPEC,MATERIALISABLE_FROM_VERIFIED_LOCAL_CACHE
binding-80495a81065d7c3e4166e301,scenario-f2fa3342e1ef128211eb9fda,78c61514ab922baeb77b705937fd789c50bc8e7878871b3bcfb555d0c4d1ba8e,isolated_inductive,graphsage,8,source,train;validation,validation,SOURCE_LABELS_ALLOWED,all_experts_available,UNKNOWN_UNTIL_OPERATIONAL_SPEC,MATERIALISABLE_FROM_VERIFIED_LOCAL_CACHE
binding-24ab1bf7647225c31373b8f3,scenario-f2fa3342e1ef128211eb9fda,fac08da08fd89e0b0d2ef50272d1b7866503e0de38f9bc1614cff6fb7eb925b3,transductive_structure,feature_mlp,8,target,test,test,EVALUATION_ONLY_AFTER_FREEZE,all_experts_available,UNKNOWN_UNTIL_OPERATIONAL_SPEC,MATERIALISABLE_FROM_VERIFIED_LOCAL_CACHE
binding-526b8177969f7392103a3054,scenario-f2fa3342e1ef128211eb9fda,68094eb4a9291572a347b166ec8f4b1995f2312ae337e6d3db942fe6d0bb5edb,transductive_structure,gcn,8,target,test,test,EVALUATION_ONLY_AFTER_FREEZE,all_experts_available,UNKNOWN_UNTIL_OPERATIONAL_SPEC,MATERIALISABLE_FROM_VERIFIED_LOCAL_CACHE
binding-2d0189c9f89a3593f2e46750,scenario-f2fa3342e1ef128211eb9fda,dfb1b241d3cb1565d89d02cb35aaaaa8053eda073933cc34247d928142e9f047,transductive_structure,graphsage,8,target,test,test,EVALUATION_ONLY_AFTER_FREEZE,all_experts_available,UNKNOWN_UNTIL_OPERATIONAL_SPEC,MATERIALISABLE_FROM_VERIFIED_LOCAL_CACHE
binding-ffaa842941031f4d148543d6,scenario-945b3cea050951dd15301de3,14b8fa46a1578c3a50a909eab6570615726270cff0c0b3fd446d963c0f30b3d4,strict_inductive,feature_mlp,9,source,train;validation,validation,SOURCE_LABELS_ALLOWED,all_experts_available,UNKNOWN_UNTIL_OPERATIONAL_SPEC,MATERIALISABLE_FROM_VERIFIED_LOCAL_CACHE
binding-e5ec683defaae2871ae3897f,scenario-945b3cea050951dd15301de3,77641ed7a474c6b657565f2ba88b2b4772cceab852461b9c97cd7fe57aac4113,strict_inductive,gcn,9,source,train;validation,validation,SOURCE_LABELS_ALLOWED,all_experts_available,UNKNOWN_UNTIL_OPERATIONAL_SPEC,MATERIALISABLE_FROM_VERIFIED_LOCAL_CACHE
binding-3bd20c696025cff55a60074b,scenario-945b3cea050951dd15301de3,72f8da5a4ef491f867cc529f61f2cb9853b3ca742663509a022e9fc3b6f47c66,strict_inductive,graphsage,9,source,train;validation,validation,SOURCE_LABELS_ALLOWED,all_experts_available,UNKNOWN_UNTIL_OPERATIONAL_SPEC,MATERIALISABLE_FROM_VERIFIED_LOCAL_CACHE
binding-e4cebf8b2b025d1e68647bd0,scenario-945b3cea050951dd15301de3,9b49543f519d6cfd9c2014da22d81dae40805a3dbcd828832e03bd49edcfd580,isolated_inductive,feature_mlp,9,source,train;validation,validation,SOURCE_LABELS_ALLOWED,all_experts_available,UNKNOWN_UNTIL_OPERATIONAL_SPEC,MATERIALISABLE_FROM_VERIFIED_LOCAL_CACHE
binding-76b1fd6ef7e3a3d3227513bd,scenario-945b3cea050951dd15301de3,615d2a4d01e42f4ce5e5a0660d27307e07b4d80e9556af938061ff8fe9c4a229,isolated_inductive,gcn,9,source,train;validation,validation,SOURCE_LABELS_ALLOWED,all_experts_available,UNKNOWN_UNTIL_OPERATIONAL_SPEC,MATERIALISABLE_FROM_VERIFIED_LOCAL_CACHE
binding-cd92821d359fe1db98cdca43,scenario-945b3cea050951dd15301de3,29307ef756a1467dacd386c2b88b936aea3c5186b2af4de3c96975a2fcc5ed9d,isolated_inductive,graphsage,9,source,train;validation,validation,SOURCE_LABELS_ALLOWED,all_experts_available,UNKNOWN_UNTIL_OPERATIONAL_SPEC,MATERIALISABLE_FROM_VERIFIED_LOCAL_CACHE
binding-c6be776eb7f4944acd51ca68,scenario-945b3cea050951dd15301de3,a4b7a938a4af8cd1b9149132876f89ec2efc20a8878c3d3a92c37c91d6a7943b,transductive_structure,feature_mlp,9,target,test,test,EVALUATION_ONLY_AFTER_FREEZE,all_experts_available,UNKNOWN_UNTIL_OPERATIONAL_SPEC,MATERIALISABLE_FROM_VERIFIED_LOCAL_CACHE
binding-608a7d75660fbc049c31bc24,scenario-945b3cea050951dd15301de3,87fcdcc0771cbe23126f76b94031dc49887ce42fe4743ceb1b21e728d8415ac9,transductive_structure,gcn,9,target,test,test,EVALUATION_ONLY_AFTER_FREEZE,all_experts_available,UNKNOWN_UNTIL_OPERATIONAL_SPEC,MATERIALISABLE_FROM_VERIFIED_LOCAL_CACHE
binding-ba2e11d137e4787cce13e460,scenario-945b3cea050951dd15301de3,10495742df1aaf11158b31ff4b774840704ec03f376a1d33bce2695183024871,transductive_structure,graphsage,9,target,test,test,EVALUATION_ONLY_AFTER_FREEZE,all_experts_available,UNKNOWN_UNTIL_OPERATIONAL_SPEC,MATERIALISABLE_FROM_VERIFIED_LOCAL_CACHE
binding-5f66981d8c5f427a79f8faeb,scenario-889c9a8fdfcacb4406ea2546,47a18f3f93eef31ef9628c9183adcc32b12d5e8c96d9e6bfe63e094e5260d4f9,strict_inductive,feature_mlp,10,source,train;validation,validation,SOURCE_LABELS_ALLOWED,all_experts_available,UNKNOWN_UNTIL_OPERATIONAL_SPEC,MATERIALISABLE_FROM_VERIFIED_LOCAL_CACHE
binding-9e6cda51b0ac6dc1df40c9bf,scenario-889c9a8fdfcacb4406ea2546,136845af308a5d8e3536bbf9055ba521235a07610c15f58056f8b32c39057377,strict_inductive,gcn,10,source,train;validation,validation,SOURCE_LABELS_ALLOWED,all_experts_available,UNKNOWN_UNTIL_OPERATIONAL_SPEC,MATERIALISABLE_FROM_VERIFIED_LOCAL_CACHE
binding-808af2ab72eb1cbea63d06ae,scenario-889c9a8fdfcacb4406ea2546,a5d844b3cf5780bdbbf5415fcff227b126057dd172171110cc2b98486df0a0f7,strict_inductive,graphsage,10,source,train;validation,validation,SOURCE_LABELS_ALLOWED,all_experts_available,UNKNOWN_UNTIL_OPERATIONAL_SPEC,MATERIALISABLE_FROM_VERIFIED_LOCAL_CACHE
binding-8a94316e6b58294b42b30542,scenario-889c9a8fdfcacb4406ea2546,b61264bc90609377cc258b2dc1fcc3443d9b0b818c25e4542445e28bb33d92fe,isolated_inductive,feature_mlp,10,source,train;validation,validation,SOURCE_LABELS_ALLOWED,all_experts_available,UNKNOWN_UNTIL_OPERATIONAL_SPEC,MATERIALISABLE_FROM_VERIFIED_LOCAL_CACHE
binding-c80b2d7ef033e25fbc3714d1,scenario-889c9a8fdfcacb4406ea2546,1d18d6bf35a711daec15ebbd2f1ce46084dcbfa7944e3cfc6591de7cd47a9953,isolated_inductive,gcn,10,source,train;validation,validation,SOURCE_LABELS_ALLOWED,all_experts_available,UNKNOWN_UNTIL_OPERATIONAL_SPEC,MATERIALISABLE_FROM_VERIFIED_LOCAL_CACHE
binding-b13bbd162f979d715b27ef42,scenario-889c9a8fdfcacb4406ea2546,88fa06d425fc7c18ed1b96a6c89a5c2bea42bec44c7d90f6f6889ccf26cf36de,isolated_inductive,graphsage,10,source,train;validation,validation,SOURCE_LABELS_ALLOWED,all_experts_available,UNKNOWN_UNTIL_OPERATIONAL_SPEC,MATERIALISABLE_FROM_VERIFIED_LOCAL_CACHE
binding-f2e6fea02c1fcef70cfb2b13,scenario-889c9a8fdfcacb4406ea2546,2dba41dd2ce583977274866dc563dc4a2c1e70802e8507db48ca76f43486f3aa,transductive_structure,feature_mlp,10,target,test,test,EVALUATION_ONLY_AFTER_FREEZE,all_experts_available,UNKNOWN_UNTIL_OPERATIONAL_SPEC,MATERIALISABLE_FROM_VERIFIED_LOCAL_CACHE
binding-4553325d5aa5b6ab0d1ccbe9,scenario-889c9a8fdfcacb4406ea2546,0102af18030a075ac95d73c7effde3f764db57af2409883c8c2a1fc0c779e378,transductive_structure,gcn,10,target,test,test,EVALUATION_ONLY_AFTER_FREEZE,all_experts_available,UNKNOWN_UNTIL_OPERATIONAL_SPEC,MATERIALISABLE_FROM_VERIFIED_LOCAL_CACHE
binding-caba36bfa5f8ef96b3eeedad,scenario-889c9a8fdfcacb4406ea2546,c556d3a94d4190b27c05502e5931d1900a3192ad1b032ae88d5bf6bae8489e12,transductive_structure,graphsage,10,target,test,test,EVALUATION_ONLY_AFTER_FREEZE,all_experts_available,UNKNOWN_UNTIL_OPERATIONAL_SPEC,MATERIALISABLE_FROM_VERIFIED_LOCAL_CACHE
