evidence_id,family,dataset,dataset_variant,data_status,prediction_unit,class_definition_and_mapping,temporal_range_or_window,graph_construction,graph_visibility,protocol,model_or_configuration,seed_set,n_seeds,metrics,provenance_level,result_source,prediction_export,prediction_manifest,statistical_pairing_key,hardware_or_resource_envelope,validation_status,validation_source,evidence_lock_status,evidence_lock,claim_gate_status,claim_gate,eligibility,notes
RB09::dgraphfin::inductive_isolated::gcn,core strict/isolated/transductive benchmark,dgraphfin,canonical,real anonymized financial user graph,account/node,"raw normal 0->licit 2, fraud 1->fraud 1, background 2/3->unknown 0; unknown excluded; positive=fraud (1)","20 incident-edge timestamp buckets; train t1-14, validation t15-16, test t17-20; split id t1-14_val15-16_test17-20",published account/node graph; node features scaled on training mask only,chronological split with isolated split-specific evaluation subgraph,inductive_isolated,GCN,1-10,10,"F1; precision; recall; AUROC; AUPRC; Precision/Recall@100,@500,@1000,@1%; runtime",validated saved results,results/runs_rb09v3/runs.csv,available by manifest reference,results/runs_rb09v3/predictions_manifest.json,dataset=dgraphfin|model=gcn|seed|protocol,CUDA benchmark artifacts; exact command and runtime recorded per row,PASS artifact family: 180 results and 180 prediction references,results/runs_rb09v3/ARTIFACT_FAMILY.json,frozen artifact family,results/runs_rb09v3/ARTIFACT_FAMILY.json,eligible within exact dataset/model/protocol scope,results/runs_rb09v3/ARTIFACT_FAMILY.json,main-paper eligible,MLP is the graph-visibility negative control; do not infer graph effects from its identical score rows alone without paired analysis.
RB09::dgraphfin::inductive_isolated::mlp,core strict/isolated/transductive benchmark,dgraphfin,canonical,real anonymized financial user graph,account/node,"raw normal 0->licit 2, fraud 1->fraud 1, background 2/3->unknown 0; unknown excluded; positive=fraud (1)","20 incident-edge timestamp buckets; train t1-14, validation t15-16, test t17-20; split id t1-14_val15-16_test17-20",published account/node graph; node features scaled on training mask only,chronological split with isolated split-specific evaluation subgraph,inductive_isolated,MLP,1-10,10,"F1; precision; recall; AUROC; AUPRC; Precision/Recall@100,@500,@1000,@1%; runtime",validated saved results,results/runs_rb09v3/runs.csv,available by manifest reference,results/runs_rb09v3/predictions_manifest.json,dataset=dgraphfin|model=mlp|seed|protocol,CUDA benchmark artifacts; exact command and runtime recorded per row,PASS artifact family: 180 results and 180 prediction references,results/runs_rb09v3/ARTIFACT_FAMILY.json,frozen artifact family,results/runs_rb09v3/ARTIFACT_FAMILY.json,eligible within exact dataset/model/protocol scope,results/runs_rb09v3/ARTIFACT_FAMILY.json,main-paper eligible,MLP is the graph-visibility negative control; do not infer graph effects from its identical score rows alone without paired analysis.
RB09::dgraphfin::inductive_isolated::sage,core strict/isolated/transductive benchmark,dgraphfin,canonical,real anonymized financial user graph,account/node,"raw normal 0->licit 2, fraud 1->fraud 1, background 2/3->unknown 0; unknown excluded; positive=fraud (1)","20 incident-edge timestamp buckets; train t1-14, validation t15-16, test t17-20; split id t1-14_val15-16_test17-20",published account/node graph; node features scaled on training mask only,chronological split with isolated split-specific evaluation subgraph,inductive_isolated,GraphSAGE,1-10,10,"F1; precision; recall; AUROC; AUPRC; Precision/Recall@100,@500,@1000,@1%; runtime",validated saved results,results/runs_rb09v3/runs.csv,available by manifest reference,results/runs_rb09v3/predictions_manifest.json,dataset=dgraphfin|model=sage|seed|protocol,CUDA benchmark artifacts; exact command and runtime recorded per row,PASS artifact family: 180 results and 180 prediction references,results/runs_rb09v3/ARTIFACT_FAMILY.json,frozen artifact family,results/runs_rb09v3/ARTIFACT_FAMILY.json,eligible within exact dataset/model/protocol scope,results/runs_rb09v3/ARTIFACT_FAMILY.json,main-paper eligible,MLP is the graph-visibility negative control; do not infer graph effects from its identical score rows alone without paired analysis.
RB09::dgraphfin::strict_inductive::gcn,core strict/isolated/transductive benchmark,dgraphfin,canonical,real anonymized financial user graph,account/node,"raw normal 0->licit 2, fraud 1->fraud 1, background 2/3->unknown 0; unknown excluded; positive=fraud (1)","20 incident-edge timestamp buckets; train t1-14, validation t15-16, test t17-20; split id t1-14_val15-16_test17-20",published account/node graph; node features scaled on training mask only,test nodes and incident test edges withheld from training graph; test-time graph restricted by strict contract,strict_inductive,GCN,1-10,10,"F1; precision; recall; AUROC; AUPRC; Precision/Recall@100,@500,@1000,@1%; runtime",validated saved results,results/runs_rb09v3/runs.csv,available by manifest reference,results/runs_rb09v3/predictions_manifest.json,dataset=dgraphfin|model=gcn|seed|protocol,CUDA benchmark artifacts; exact command and runtime recorded per row,PASS artifact family: 180 results and 180 prediction references,results/runs_rb09v3/ARTIFACT_FAMILY.json,frozen artifact family,results/runs_rb09v3/ARTIFACT_FAMILY.json,eligible within exact dataset/model/protocol scope,results/runs_rb09v3/ARTIFACT_FAMILY.json,main-paper eligible,MLP is the graph-visibility negative control; do not infer graph effects from its identical score rows alone without paired analysis.
RB09::dgraphfin::strict_inductive::mlp,core strict/isolated/transductive benchmark,dgraphfin,canonical,real anonymized financial user graph,account/node,"raw normal 0->licit 2, fraud 1->fraud 1, background 2/3->unknown 0; unknown excluded; positive=fraud (1)","20 incident-edge timestamp buckets; train t1-14, validation t15-16, test t17-20; split id t1-14_val15-16_test17-20",published account/node graph; node features scaled on training mask only,test nodes and incident test edges withheld from training graph; test-time graph restricted by strict contract,strict_inductive,MLP,1-10,10,"F1; precision; recall; AUROC; AUPRC; Precision/Recall@100,@500,@1000,@1%; runtime",validated saved results,results/runs_rb09v3/runs.csv,available by manifest reference,results/runs_rb09v3/predictions_manifest.json,dataset=dgraphfin|model=mlp|seed|protocol,CUDA benchmark artifacts; exact command and runtime recorded per row,PASS artifact family: 180 results and 180 prediction references,results/runs_rb09v3/ARTIFACT_FAMILY.json,frozen artifact family,results/runs_rb09v3/ARTIFACT_FAMILY.json,eligible within exact dataset/model/protocol scope,results/runs_rb09v3/ARTIFACT_FAMILY.json,main-paper eligible,MLP is the graph-visibility negative control; do not infer graph effects from its identical score rows alone without paired analysis.
RB09::dgraphfin::strict_inductive::sage,core strict/isolated/transductive benchmark,dgraphfin,canonical,real anonymized financial user graph,account/node,"raw normal 0->licit 2, fraud 1->fraud 1, background 2/3->unknown 0; unknown excluded; positive=fraud (1)","20 incident-edge timestamp buckets; train t1-14, validation t15-16, test t17-20; split id t1-14_val15-16_test17-20",published account/node graph; node features scaled on training mask only,test nodes and incident test edges withheld from training graph; test-time graph restricted by strict contract,strict_inductive,GraphSAGE,1-10,10,"F1; precision; recall; AUROC; AUPRC; Precision/Recall@100,@500,@1000,@1%; runtime",validated saved results,results/runs_rb09v3/runs.csv,available by manifest reference,results/runs_rb09v3/predictions_manifest.json,dataset=dgraphfin|model=sage|seed|protocol,CUDA benchmark artifacts; exact command and runtime recorded per row,PASS artifact family: 180 results and 180 prediction references,results/runs_rb09v3/ARTIFACT_FAMILY.json,frozen artifact family,results/runs_rb09v3/ARTIFACT_FAMILY.json,eligible within exact dataset/model/protocol scope,results/runs_rb09v3/ARTIFACT_FAMILY.json,main-paper eligible,MLP is the graph-visibility negative control; do not infer graph effects from its identical score rows alone without paired analysis.
RB09::dgraphfin::transductive::gcn,core strict/isolated/transductive benchmark,dgraphfin,canonical,real anonymized financial user graph,account/node,"raw normal 0->licit 2, fraud 1->fraud 1, background 2/3->unknown 0; unknown excluded; positive=fraud (1)","20 incident-edge timestamp buckets; train t1-14, validation t15-16, test t17-20; split id t1-14_val15-16_test17-20",published account/node graph; node features scaled on training mask only,full graph structure visible while test labels remain hidden,transductive,GCN,1-10,10,"F1; precision; recall; AUROC; AUPRC; Precision/Recall@100,@500,@1000,@1%; runtime",validated saved results,results/runs_rb09v3/runs.csv,available by manifest reference,results/runs_rb09v3/predictions_manifest.json,dataset=dgraphfin|model=gcn|seed|protocol,CUDA benchmark artifacts; exact command and runtime recorded per row,PASS artifact family: 180 results and 180 prediction references,results/runs_rb09v3/ARTIFACT_FAMILY.json,frozen artifact family,results/runs_rb09v3/ARTIFACT_FAMILY.json,eligible within exact dataset/model/protocol scope,results/runs_rb09v3/ARTIFACT_FAMILY.json,main-paper eligible,MLP is the graph-visibility negative control; do not infer graph effects from its identical score rows alone without paired analysis.
RB09::dgraphfin::transductive::mlp,core strict/isolated/transductive benchmark,dgraphfin,canonical,real anonymized financial user graph,account/node,"raw normal 0->licit 2, fraud 1->fraud 1, background 2/3->unknown 0; unknown excluded; positive=fraud (1)","20 incident-edge timestamp buckets; train t1-14, validation t15-16, test t17-20; split id t1-14_val15-16_test17-20",published account/node graph; node features scaled on training mask only,full graph structure visible while test labels remain hidden,transductive,MLP,1-10,10,"F1; precision; recall; AUROC; AUPRC; Precision/Recall@100,@500,@1000,@1%; runtime",validated saved results,results/runs_rb09v3/runs.csv,available by manifest reference,results/runs_rb09v3/predictions_manifest.json,dataset=dgraphfin|model=mlp|seed|protocol,CUDA benchmark artifacts; exact command and runtime recorded per row,PASS artifact family: 180 results and 180 prediction references,results/runs_rb09v3/ARTIFACT_FAMILY.json,frozen artifact family,results/runs_rb09v3/ARTIFACT_FAMILY.json,eligible within exact dataset/model/protocol scope,results/runs_rb09v3/ARTIFACT_FAMILY.json,main-paper eligible,MLP is the graph-visibility negative control; do not infer graph effects from its identical score rows alone without paired analysis.
RB09::dgraphfin::transductive::sage,core strict/isolated/transductive benchmark,dgraphfin,canonical,real anonymized financial user graph,account/node,"raw normal 0->licit 2, fraud 1->fraud 1, background 2/3->unknown 0; unknown excluded; positive=fraud (1)","20 incident-edge timestamp buckets; train t1-14, validation t15-16, test t17-20; split id t1-14_val15-16_test17-20",published account/node graph; node features scaled on training mask only,full graph structure visible while test labels remain hidden,transductive,GraphSAGE,1-10,10,"F1; precision; recall; AUROC; AUPRC; Precision/Recall@100,@500,@1000,@1%; runtime",validated saved results,results/runs_rb09v3/runs.csv,available by manifest reference,results/runs_rb09v3/predictions_manifest.json,dataset=dgraphfin|model=sage|seed|protocol,CUDA benchmark artifacts; exact command and runtime recorded per row,PASS artifact family: 180 results and 180 prediction references,results/runs_rb09v3/ARTIFACT_FAMILY.json,frozen artifact family,results/runs_rb09v3/ARTIFACT_FAMILY.json,eligible within exact dataset/model/protocol scope,results/runs_rb09v3/ARTIFACT_FAMILY.json,main-paper eligible,MLP is the graph-visibility negative control; do not infer graph effects from its identical score rows alone without paired analysis.
RB09::elliptic::inductive_isolated::gcn,core strict/isolated/transductive benchmark,elliptic,canonical,real pseudonymized Bitcoin transaction graph,account/node,"raw licit->2, illicit->1, unknown->0; unknown excluded; positive=illicit (1)","49 time steps; train t1-30, validation t31-34, test t35-49; split id t1-30_val31-34_test35-49",published account/node graph; node features scaled on training mask only,chronological split with isolated split-specific evaluation subgraph,inductive_isolated,GCN,1-10,10,"F1; precision; recall; AUROC; AUPRC; Precision/Recall@100,@500,@1000,@1%; runtime",validated saved results,results/runs_rb09v3/runs.csv,available by manifest reference,results/runs_rb09v3/predictions_manifest.json,dataset=elliptic|model=gcn|seed|protocol,CUDA benchmark artifacts; exact command and runtime recorded per row,PASS artifact family: 180 results and 180 prediction references,results/runs_rb09v3/ARTIFACT_FAMILY.json,frozen artifact family,results/runs_rb09v3/ARTIFACT_FAMILY.json,eligible within exact dataset/model/protocol scope,results/runs_rb09v3/ARTIFACT_FAMILY.json,main-paper eligible,MLP is the graph-visibility negative control; do not infer graph effects from its identical score rows alone without paired analysis.
RB09::elliptic::inductive_isolated::mlp,core strict/isolated/transductive benchmark,elliptic,canonical,real pseudonymized Bitcoin transaction graph,account/node,"raw licit->2, illicit->1, unknown->0; unknown excluded; positive=illicit (1)","49 time steps; train t1-30, validation t31-34, test t35-49; split id t1-30_val31-34_test35-49",published account/node graph; node features scaled on training mask only,chronological split with isolated split-specific evaluation subgraph,inductive_isolated,MLP,1-10,10,"F1; precision; recall; AUROC; AUPRC; Precision/Recall@100,@500,@1000,@1%; runtime",validated saved results,results/runs_rb09v3/runs.csv,available by manifest reference,results/runs_rb09v3/predictions_manifest.json,dataset=elliptic|model=mlp|seed|protocol,CUDA benchmark artifacts; exact command and runtime recorded per row,PASS artifact family: 180 results and 180 prediction references,results/runs_rb09v3/ARTIFACT_FAMILY.json,frozen artifact family,results/runs_rb09v3/ARTIFACT_FAMILY.json,eligible within exact dataset/model/protocol scope,results/runs_rb09v3/ARTIFACT_FAMILY.json,main-paper eligible,MLP is the graph-visibility negative control; do not infer graph effects from its identical score rows alone without paired analysis.
RB09::elliptic::inductive_isolated::sage,core strict/isolated/transductive benchmark,elliptic,canonical,real pseudonymized Bitcoin transaction graph,account/node,"raw licit->2, illicit->1, unknown->0; unknown excluded; positive=illicit (1)","49 time steps; train t1-30, validation t31-34, test t35-49; split id t1-30_val31-34_test35-49",published account/node graph; node features scaled on training mask only,chronological split with isolated split-specific evaluation subgraph,inductive_isolated,GraphSAGE,1-10,10,"F1; precision; recall; AUROC; AUPRC; Precision/Recall@100,@500,@1000,@1%; runtime",validated saved results,results/runs_rb09v3/runs.csv,available by manifest reference,results/runs_rb09v3/predictions_manifest.json,dataset=elliptic|model=sage|seed|protocol,CUDA benchmark artifacts; exact command and runtime recorded per row,PASS artifact family: 180 results and 180 prediction references,results/runs_rb09v3/ARTIFACT_FAMILY.json,frozen artifact family,results/runs_rb09v3/ARTIFACT_FAMILY.json,eligible within exact dataset/model/protocol scope,results/runs_rb09v3/ARTIFACT_FAMILY.json,main-paper eligible,MLP is the graph-visibility negative control; do not infer graph effects from its identical score rows alone without paired analysis.
RB09::elliptic::strict_inductive::gcn,core strict/isolated/transductive benchmark,elliptic,canonical,real pseudonymized Bitcoin transaction graph,account/node,"raw licit->2, illicit->1, unknown->0; unknown excluded; positive=illicit (1)","49 time steps; train t1-30, validation t31-34, test t35-49; split id t1-30_val31-34_test35-49",published account/node graph; node features scaled on training mask only,test nodes and incident test edges withheld from training graph; test-time graph restricted by strict contract,strict_inductive,GCN,1-10,10,"F1; precision; recall; AUROC; AUPRC; Precision/Recall@100,@500,@1000,@1%; runtime",validated saved results,results/runs_rb09v3/runs.csv,available by manifest reference,results/runs_rb09v3/predictions_manifest.json,dataset=elliptic|model=gcn|seed|protocol,CUDA benchmark artifacts; exact command and runtime recorded per row,PASS artifact family: 180 results and 180 prediction references,results/runs_rb09v3/ARTIFACT_FAMILY.json,frozen artifact family,results/runs_rb09v3/ARTIFACT_FAMILY.json,eligible within exact dataset/model/protocol scope,results/runs_rb09v3/ARTIFACT_FAMILY.json,main-paper eligible,MLP is the graph-visibility negative control; do not infer graph effects from its identical score rows alone without paired analysis.
RB09::elliptic::strict_inductive::mlp,core strict/isolated/transductive benchmark,elliptic,canonical,real pseudonymized Bitcoin transaction graph,account/node,"raw licit->2, illicit->1, unknown->0; unknown excluded; positive=illicit (1)","49 time steps; train t1-30, validation t31-34, test t35-49; split id t1-30_val31-34_test35-49",published account/node graph; node features scaled on training mask only,test nodes and incident test edges withheld from training graph; test-time graph restricted by strict contract,strict_inductive,MLP,1-10,10,"F1; precision; recall; AUROC; AUPRC; Precision/Recall@100,@500,@1000,@1%; runtime",validated saved results,results/runs_rb09v3/runs.csv,available by manifest reference,results/runs_rb09v3/predictions_manifest.json,dataset=elliptic|model=mlp|seed|protocol,CUDA benchmark artifacts; exact command and runtime recorded per row,PASS artifact family: 180 results and 180 prediction references,results/runs_rb09v3/ARTIFACT_FAMILY.json,frozen artifact family,results/runs_rb09v3/ARTIFACT_FAMILY.json,eligible within exact dataset/model/protocol scope,results/runs_rb09v3/ARTIFACT_FAMILY.json,main-paper eligible,MLP is the graph-visibility negative control; do not infer graph effects from its identical score rows alone without paired analysis.
RB09::elliptic::strict_inductive::sage,core strict/isolated/transductive benchmark,elliptic,canonical,real pseudonymized Bitcoin transaction graph,account/node,"raw licit->2, illicit->1, unknown->0; unknown excluded; positive=illicit (1)","49 time steps; train t1-30, validation t31-34, test t35-49; split id t1-30_val31-34_test35-49",published account/node graph; node features scaled on training mask only,test nodes and incident test edges withheld from training graph; test-time graph restricted by strict contract,strict_inductive,GraphSAGE,1-10,10,"F1; precision; recall; AUROC; AUPRC; Precision/Recall@100,@500,@1000,@1%; runtime",validated saved results,results/runs_rb09v3/runs.csv,available by manifest reference,results/runs_rb09v3/predictions_manifest.json,dataset=elliptic|model=sage|seed|protocol,CUDA benchmark artifacts; exact command and runtime recorded per row,PASS artifact family: 180 results and 180 prediction references,results/runs_rb09v3/ARTIFACT_FAMILY.json,frozen artifact family,results/runs_rb09v3/ARTIFACT_FAMILY.json,eligible within exact dataset/model/protocol scope,results/runs_rb09v3/ARTIFACT_FAMILY.json,main-paper eligible,MLP is the graph-visibility negative control; do not infer graph effects from its identical score rows alone without paired analysis.
RB09::elliptic::transductive::gcn,core strict/isolated/transductive benchmark,elliptic,canonical,real pseudonymized Bitcoin transaction graph,account/node,"raw licit->2, illicit->1, unknown->0; unknown excluded; positive=illicit (1)","49 time steps; train t1-30, validation t31-34, test t35-49; split id t1-30_val31-34_test35-49",published account/node graph; node features scaled on training mask only,full graph structure visible while test labels remain hidden,transductive,GCN,1-10,10,"F1; precision; recall; AUROC; AUPRC; Precision/Recall@100,@500,@1000,@1%; runtime",validated saved results,results/runs_rb09v3/runs.csv,available by manifest reference,results/runs_rb09v3/predictions_manifest.json,dataset=elliptic|model=gcn|seed|protocol,CUDA benchmark artifacts; exact command and runtime recorded per row,PASS artifact family: 180 results and 180 prediction references,results/runs_rb09v3/ARTIFACT_FAMILY.json,frozen artifact family,results/runs_rb09v3/ARTIFACT_FAMILY.json,eligible within exact dataset/model/protocol scope,results/runs_rb09v3/ARTIFACT_FAMILY.json,main-paper eligible,MLP is the graph-visibility negative control; do not infer graph effects from its identical score rows alone without paired analysis.
RB09::elliptic::transductive::mlp,core strict/isolated/transductive benchmark,elliptic,canonical,real pseudonymized Bitcoin transaction graph,account/node,"raw licit->2, illicit->1, unknown->0; unknown excluded; positive=illicit (1)","49 time steps; train t1-30, validation t31-34, test t35-49; split id t1-30_val31-34_test35-49",published account/node graph; node features scaled on training mask only,full graph structure visible while test labels remain hidden,transductive,MLP,1-10,10,"F1; precision; recall; AUROC; AUPRC; Precision/Recall@100,@500,@1000,@1%; runtime",validated saved results,results/runs_rb09v3/runs.csv,available by manifest reference,results/runs_rb09v3/predictions_manifest.json,dataset=elliptic|model=mlp|seed|protocol,CUDA benchmark artifacts; exact command and runtime recorded per row,PASS artifact family: 180 results and 180 prediction references,results/runs_rb09v3/ARTIFACT_FAMILY.json,frozen artifact family,results/runs_rb09v3/ARTIFACT_FAMILY.json,eligible within exact dataset/model/protocol scope,results/runs_rb09v3/ARTIFACT_FAMILY.json,main-paper eligible,MLP is the graph-visibility negative control; do not infer graph effects from its identical score rows alone without paired analysis.
RB09::elliptic::transductive::sage,core strict/isolated/transductive benchmark,elliptic,canonical,real pseudonymized Bitcoin transaction graph,account/node,"raw licit->2, illicit->1, unknown->0; unknown excluded; positive=illicit (1)","49 time steps; train t1-30, validation t31-34, test t35-49; split id t1-30_val31-34_test35-49",published account/node graph; node features scaled on training mask only,full graph structure visible while test labels remain hidden,transductive,GraphSAGE,1-10,10,"F1; precision; recall; AUROC; AUPRC; Precision/Recall@100,@500,@1000,@1%; runtime",validated saved results,results/runs_rb09v3/runs.csv,available by manifest reference,results/runs_rb09v3/predictions_manifest.json,dataset=elliptic|model=sage|seed|protocol,CUDA benchmark artifacts; exact command and runtime recorded per row,PASS artifact family: 180 results and 180 prediction references,results/runs_rb09v3/ARTIFACT_FAMILY.json,frozen artifact family,results/runs_rb09v3/ARTIFACT_FAMILY.json,eligible within exact dataset/model/protocol scope,results/runs_rb09v3/ARTIFACT_FAMILY.json,main-paper eligible,MLP is the graph-visibility negative control; do not infer graph effects from its identical score rows alone without paired analysis.
RB11::elliptic::inductive_isolated::mlp,GraphSAGE-family architecture diagnostic,elliptic,canonical,real pseudonymized Bitcoin transaction graph,account/node,"raw licit->2, illicit->1, unknown->0; unknown excluded; positive=illicit (1)","49 time steps; train t1-30, validation t31-34, test t35-49",published account/node graph,chronological split with isolated split-specific evaluation subgraph,inductive_isolated,MLP,1-5,5,"F1; precision; recall; AUROC; AUPRC; Precision/Recall@100,@500,@1000,@1%; runtime",saved diagnostic outputs,results/runs_rb11_sage_family/runs.csv,available locally,results/runs_rb11_sage_family/manifest.json,dataset=elliptic|model=mlp|seed|protocol,original saved-output diagnostic; runtime recorded per row,aggregate and analysis manifests present,results/runs_rb11_sage_family/analysis_manifest.json,not a later imported full10 lock,results/runs_rb11_sage_family/aggregate_manifest.json,bounded diagnostic only,results/runs_rb11_sage_family/analysis_manifest.json,diagnostic-only,Five-seed Elliptic diagnostic; the requested DGraphFin RB11b directory is absent and RB18 remains blocked.
RB11::elliptic::inductive_isolated::sage,GraphSAGE-family architecture diagnostic,elliptic,canonical,real pseudonymized Bitcoin transaction graph,account/node,"raw licit->2, illicit->1, unknown->0; unknown excluded; positive=illicit (1)","49 time steps; train t1-30, validation t31-34, test t35-49",published account/node graph,chronological split with isolated split-specific evaluation subgraph,inductive_isolated,GraphSAGE mean,1-5,5,"F1; precision; recall; AUROC; AUPRC; Precision/Recall@100,@500,@1000,@1%; runtime",saved diagnostic outputs,results/runs_rb11_sage_family/runs.csv,available locally,results/runs_rb11_sage_family/manifest.json,dataset=elliptic|model=sage|seed|protocol,original saved-output diagnostic; runtime recorded per row,aggregate and analysis manifests present,results/runs_rb11_sage_family/analysis_manifest.json,not a later imported full10 lock,results/runs_rb11_sage_family/aggregate_manifest.json,bounded diagnostic only,results/runs_rb11_sage_family/analysis_manifest.json,diagnostic-only,Five-seed Elliptic diagnostic; the requested DGraphFin RB11b directory is absent and RB18 remains blocked.
RB11::elliptic::inductive_isolated::sage_maxpool,GraphSAGE-family architecture diagnostic,elliptic,canonical,real pseudonymized Bitcoin transaction graph,account/node,"raw licit->2, illicit->1, unknown->0; unknown excluded; positive=illicit (1)","49 time steps; train t1-30, validation t31-34, test t35-49",published account/node graph,chronological split with isolated split-specific evaluation subgraph,inductive_isolated,GraphSAGE max-pool,1-5,5,"F1; precision; recall; AUROC; AUPRC; Precision/Recall@100,@500,@1000,@1%; runtime",saved diagnostic outputs,results/runs_rb11_sage_family/runs.csv,available locally,results/runs_rb11_sage_family/manifest.json,dataset=elliptic|model=sage_maxpool|seed|protocol,original saved-output diagnostic; runtime recorded per row,aggregate and analysis manifests present,results/runs_rb11_sage_family/analysis_manifest.json,not a later imported full10 lock,results/runs_rb11_sage_family/aggregate_manifest.json,bounded diagnostic only,results/runs_rb11_sage_family/analysis_manifest.json,diagnostic-only,Five-seed Elliptic diagnostic; the requested DGraphFin RB11b directory is absent and RB18 remains blocked.
RB11::elliptic::strict_inductive::mlp,GraphSAGE-family architecture diagnostic,elliptic,canonical,real pseudonymized Bitcoin transaction graph,account/node,"raw licit->2, illicit->1, unknown->0; unknown excluded; positive=illicit (1)","49 time steps; train t1-30, validation t31-34, test t35-49",published account/node graph,test nodes and incident test edges withheld from training graph; test-time graph restricted by strict contract,strict_inductive,MLP,1-5,5,"F1; precision; recall; AUROC; AUPRC; Precision/Recall@100,@500,@1000,@1%; runtime",saved diagnostic outputs,results/runs_rb11_sage_family/runs.csv,available locally,results/runs_rb11_sage_family/manifest.json,dataset=elliptic|model=mlp|seed|protocol,original saved-output diagnostic; runtime recorded per row,aggregate and analysis manifests present,results/runs_rb11_sage_family/analysis_manifest.json,not a later imported full10 lock,results/runs_rb11_sage_family/aggregate_manifest.json,bounded diagnostic only,results/runs_rb11_sage_family/analysis_manifest.json,diagnostic-only,Five-seed Elliptic diagnostic; the requested DGraphFin RB11b directory is absent and RB18 remains blocked.
RB11::elliptic::strict_inductive::sage,GraphSAGE-family architecture diagnostic,elliptic,canonical,real pseudonymized Bitcoin transaction graph,account/node,"raw licit->2, illicit->1, unknown->0; unknown excluded; positive=illicit (1)","49 time steps; train t1-30, validation t31-34, test t35-49",published account/node graph,test nodes and incident test edges withheld from training graph; test-time graph restricted by strict contract,strict_inductive,GraphSAGE mean,1-5,5,"F1; precision; recall; AUROC; AUPRC; Precision/Recall@100,@500,@1000,@1%; runtime",saved diagnostic outputs,results/runs_rb11_sage_family/runs.csv,available locally,results/runs_rb11_sage_family/manifest.json,dataset=elliptic|model=sage|seed|protocol,original saved-output diagnostic; runtime recorded per row,aggregate and analysis manifests present,results/runs_rb11_sage_family/analysis_manifest.json,not a later imported full10 lock,results/runs_rb11_sage_family/aggregate_manifest.json,bounded diagnostic only,results/runs_rb11_sage_family/analysis_manifest.json,diagnostic-only,Five-seed Elliptic diagnostic; the requested DGraphFin RB11b directory is absent and RB18 remains blocked.
RB11::elliptic::strict_inductive::sage_maxpool,GraphSAGE-family architecture diagnostic,elliptic,canonical,real pseudonymized Bitcoin transaction graph,account/node,"raw licit->2, illicit->1, unknown->0; unknown excluded; positive=illicit (1)","49 time steps; train t1-30, validation t31-34, test t35-49",published account/node graph,test nodes and incident test edges withheld from training graph; test-time graph restricted by strict contract,strict_inductive,GraphSAGE max-pool,1-5,5,"F1; precision; recall; AUROC; AUPRC; Precision/Recall@100,@500,@1000,@1%; runtime",saved diagnostic outputs,results/runs_rb11_sage_family/runs.csv,available locally,results/runs_rb11_sage_family/manifest.json,dataset=elliptic|model=sage_maxpool|seed|protocol,original saved-output diagnostic; runtime recorded per row,aggregate and analysis manifests present,results/runs_rb11_sage_family/analysis_manifest.json,not a later imported full10 lock,results/runs_rb11_sage_family/aggregate_manifest.json,bounded diagnostic only,results/runs_rb11_sage_family/analysis_manifest.json,diagnostic-only,Five-seed Elliptic diagnostic; the requested DGraphFin RB11b directory is absent and RB18 remains blocked.
RB15::saved_prediction_analysis,GraphSafe-TTA saved-output analysis,Elliptic; DGraphFin,canonical,real saved-prediction analyses,account/node,dataset-specific mappings above; positive=fraud/illicit,inherits locked RB09 prediction windows,feature-only and graph branches inherited from saved prediction families,inherits strict/isolated/transductive source contracts,saved-output policy evaluation,GraphSafe-TTA saved-output analysis,1-10,10,F1; Recall@1%; cost-sensitive risk; worst-block and average-block regret; reliability diagnostics,CPU-only derived analysis of saved predictions,results/runs_rb15_graphsafe_tta/graphsafe_tta_results.csv,source predictions referenced in import manifest,results/runs_rb15_graphsafe_tta/import_manifest.json,dataset|source protocol/model|seed|policy/comparator,no new training; CPU-only derivation from saved outputs,PASS,results/runs_rb15_graphsafe_tta/validation_report.json,inherits source prediction family; derived outputs validated,results/runs_rb15_graphsafe_tta/import_manifest.json,bounded case-study/diagnostic scope,results/runs_rb15_graphsafe_tta/graphsafe_tta_statistical_tests.csv,main case-study eligible,1200 method/seed/cell rows plus 720 ablation rows; at least one decision-level Holm-corrected result in its exact tested scope
RB15b::saved_prediction_analysis,validation-selected conservative GraphSafe policy,Elliptic; DGraphFin,canonical,real saved-prediction analyses,account/node,dataset-specific mappings above; positive=fraud/illicit,inherits locked RB09 prediction windows,feature-only and graph branches inherited from saved prediction families,inherits strict/isolated/transductive source contracts,saved-output policy evaluation,validation-selected conservative GraphSafe policy,1-10,10,F1; Recall@1%; cost-sensitive risk; worst-block and average-block regret; reliability diagnostics,CPU-only derived analysis of saved predictions,results/runs_rb15b_graphsafe_conservative_policy/conservative_policy_results.csv,source predictions referenced in import manifest,results/runs_rb15b_graphsafe_conservative_policy/import_manifest.json,dataset|source protocol/model|seed|policy/comparator,no new training; CPU-only derivation from saved outputs,PASS,results/runs_rb15_graphsafe_tta/validation_report.json,inherits source prediction family; derived outputs validated,results/runs_rb15b_graphsafe_conservative_policy/import_manifest.json,bounded case-study/diagnostic scope,results/runs_rb15b_graphsafe_conservative_policy/conservative_policy_statistical_tests.csv,main case-study eligible,120 policy rows; selection uses validation reliability only
RB16::saved_prediction_analysis,GraphSafe best-branch strengthening,Elliptic; DGraphFin,canonical,real saved-prediction analyses,account/node,dataset-specific mappings above; positive=fraud/illicit,inherits locked RB09 prediction windows,feature-only and graph branches inherited from saved prediction families,inherits strict/isolated/transductive source contracts,saved-output policy evaluation,GraphSafe best-branch strengthening,1-10,10,F1; Recall@1%; cost-sensitive risk; worst-block and average-block regret; reliability diagnostics,CPU-only derived analysis of saved predictions,results/runs_rb16_graphsafe_best_branch_strengthening/rb16_results.csv,source predictions referenced in import manifest,results/runs_rb16_graphsafe_best_branch_strengthening/import_manifest.json,dataset|source protocol/model|seed|policy/comparator,no new training; CPU-only derivation from saved outputs,PASS,results/runs_rb16_graphsafe_best_branch_strengthening/validation_report.json,inherits source prediction family; derived outputs validated,results/runs_rb16_graphsafe_best_branch_strengthening/import_manifest.json,bounded case-study/diagnostic scope,results/runs_rb16_graphsafe_best_branch_strengthening/rb16_statistical_tests.csv,supplement-only,2280 saved-output rows; apparent best-branch wins do not survive Holm correction in the summarized comparisons
RB17::saved_prediction_analysis,review-budget/worst-block/cost sensitivity,Elliptic; DGraphFin,canonical,real saved-prediction analyses,account/node,dataset-specific mappings above; positive=fraud/illicit,inherits locked RB09 prediction windows,feature-only and graph branches inherited from saved prediction families,inherits strict/isolated/transductive source contracts,saved-output policy evaluation,review-budget/worst-block/cost sensitivity,1-10,10,F1; Recall@1%; cost-sensitive risk; worst-block and average-block regret; reliability diagnostics,CPU-only derived analysis of saved predictions,results/runs_rb17_review_budget_worst_block/rb17_results.csv,source predictions referenced in import manifest,results/runs_rb17_review_budget_worst_block/import_manifest.json,dataset|source protocol/model|seed|policy/comparator,no new training; CPU-only derivation from saved outputs,PASS,results/runs_rb17_review_budget_worst_block/validation_report.json,inherits source prediction family; derived outputs validated,results/runs_rb17_review_budget_worst_block/import_manifest.json,bounded case-study/diagnostic scope,results/runs_rb17_review_budget_worst_block/rb17_statistical_tests.csv,supplement-only,"2280 result rows and 9120 cost rows; costs reconstructed at saved thresholds, not reoptimized"
RB18::dgraphfin::sage_maxpool::BLOCKED,large-GPU GraphSAGE architecture rerun,dgraphfin,canonical,real anonymized financial user graph,account/node,"raw normal 0->licit 2, fraud 1->fraud 1, background 2/3->unknown 0; unknown excluded; positive=fraud (1)","20 incident-edge timestamp buckets; train t1-14, validation t15-16, test t17-20",published DGraphFin graph,strict/isolated planned; not measured,strict_inductive and inductive_isolated planned,GraphSAGE max-pool,none,0,none,run preparation only,results/runs_rb18_large_gpu_rb11b/rb18_status.json,absent,none,none,larger GPU required; no output imported,BLOCKED_WAITING_FOR_GPU,results/runs_rb18_large_gpu_rb11b/validation_report.json,not locked as empirical evidence,results/runs_rb18_large_gpu_rb11b/import_manifest.json,blocked; false to describe as completed,results/runs_rb18_large_gpu_rb11b/validation_report.json,resource-blocked,The separately requested results/runs_rb11b_dgraphfin_sage_family directory is absent.
V22::RB28::dgraphfin::inductive_isolated::gcn::default,loss/control/architecture extension,dgraphfin,canonical,real anonymized financial user graph,account/node,"raw normal 0->licit 2, fraud 1->fraud 1, background 2/3->unknown 0; unknown excluded; positive=fraud (1)","20 incident-edge timestamp buckets; train t1-14, validation t15-16, test t17-20",published account/node graph,chronological split with isolated split-specific evaluation subgraph,inductive_isolated,gcn; loss=default,1-10,10,"F1; precision; recall; AUROC; AUPRC; Precision/Recall@100,@500,@1000,@1%; runtime",canonical imported full10 merged evidence,kaggle_workspace/imported_outputs/v22_full10/RB28_DGRAPHFIN_LOSS_ROBUSTNESS_ISOLATED_FULL10_SEEDS_1_10_DUALGPU_V22/RESULTS_FULL10.jsonl,available and schema-valid,kaggle_workspace/imported_outputs/v22_full10/RB28_DGRAPHFIN_LOSS_ROBUSTNESS_ISOLATED_FULL10_SEEDS_1_10_DUALGPU_V22/PREDICTIONS_FULL10_INDEX_V22.json,dataset=dgraphfin|model=gcn|seed|protocol|condition=default,dual/single Tesla T4 Kaggle lanes; compatibility aliases recorded in lock,PASS_FULL10_MERGED_WITH_COMPATIBLE_ALIASES,kaggle_workspace/imported_outputs/v22_full10/RB28_DGRAPHFIN_LOSS_ROBUSTNESS_ISOLATED_FULL10_SEEDS_1_10_DUALGPU_V22/FULL10_MERGE_VALIDATION_V22.json,PASS_FULL10_MERGED_WITH_COMPATIBLE_ALIASES,kaggle_workspace/manifests/V22_FINAL_GPU_EVIDENCE_LOCK.json,eligible within exact loss/control/architecture cell,kaggle_workspace/reports/V22_FINAL_GPU_EVIDENCE_LOCK.md,supplement-only,"Version aliases are compatibility mappings in the canonical lock, not new experiments."
V22::RB28::dgraphfin::inductive_isolated::gcn::focal,loss/control/architecture extension,dgraphfin,canonical,real anonymized financial user graph,account/node,"raw normal 0->licit 2, fraud 1->fraud 1, background 2/3->unknown 0; unknown excluded; positive=fraud (1)","20 incident-edge timestamp buckets; train t1-14, validation t15-16, test t17-20",published account/node graph,chronological split with isolated split-specific evaluation subgraph,inductive_isolated,gcn; loss=focal,1-10,10,"F1; precision; recall; AUROC; AUPRC; Precision/Recall@100,@500,@1000,@1%; runtime",canonical imported full10 merged evidence,kaggle_workspace/imported_outputs/v22_full10/RB28_DGRAPHFIN_LOSS_ROBUSTNESS_ISOLATED_FULL10_SEEDS_1_10_DUALGPU_V22/RESULTS_FULL10.jsonl,available and schema-valid,kaggle_workspace/imported_outputs/v22_full10/RB28_DGRAPHFIN_LOSS_ROBUSTNESS_ISOLATED_FULL10_SEEDS_1_10_DUALGPU_V22/PREDICTIONS_FULL10_INDEX_V22.json,dataset=dgraphfin|model=gcn|seed|protocol|condition=focal,dual/single Tesla T4 Kaggle lanes; compatibility aliases recorded in lock,PASS_FULL10_MERGED_WITH_COMPATIBLE_ALIASES,kaggle_workspace/imported_outputs/v22_full10/RB28_DGRAPHFIN_LOSS_ROBUSTNESS_ISOLATED_FULL10_SEEDS_1_10_DUALGPU_V22/FULL10_MERGE_VALIDATION_V22.json,PASS_FULL10_MERGED_WITH_COMPATIBLE_ALIASES,kaggle_workspace/manifests/V22_FINAL_GPU_EVIDENCE_LOCK.json,eligible within exact loss/control/architecture cell,kaggle_workspace/reports/V22_FINAL_GPU_EVIDENCE_LOCK.md,supplement-only,"Version aliases are compatibility mappings in the canonical lock, not new experiments."
V22::RB28::dgraphfin::inductive_isolated::gcn::weighted_bce,loss/control/architecture extension,dgraphfin,canonical,real anonymized financial user graph,account/node,"raw normal 0->licit 2, fraud 1->fraud 1, background 2/3->unknown 0; unknown excluded; positive=fraud (1)","20 incident-edge timestamp buckets; train t1-14, validation t15-16, test t17-20",published account/node graph,chronological split with isolated split-specific evaluation subgraph,inductive_isolated,gcn; loss=weighted_bce,1-10,10,"F1; precision; recall; AUROC; AUPRC; Precision/Recall@100,@500,@1000,@1%; runtime",canonical imported full10 merged evidence,kaggle_workspace/imported_outputs/v22_full10/RB28_DGRAPHFIN_LOSS_ROBUSTNESS_ISOLATED_FULL10_SEEDS_1_10_DUALGPU_V22/RESULTS_FULL10.jsonl,available and schema-valid,kaggle_workspace/imported_outputs/v22_full10/RB28_DGRAPHFIN_LOSS_ROBUSTNESS_ISOLATED_FULL10_SEEDS_1_10_DUALGPU_V22/PREDICTIONS_FULL10_INDEX_V22.json,dataset=dgraphfin|model=gcn|seed|protocol|condition=weighted_bce,dual/single Tesla T4 Kaggle lanes; compatibility aliases recorded in lock,PASS_FULL10_MERGED_WITH_COMPATIBLE_ALIASES,kaggle_workspace/imported_outputs/v22_full10/RB28_DGRAPHFIN_LOSS_ROBUSTNESS_ISOLATED_FULL10_SEEDS_1_10_DUALGPU_V22/FULL10_MERGE_VALIDATION_V22.json,PASS_FULL10_MERGED_WITH_COMPATIBLE_ALIASES,kaggle_workspace/manifests/V22_FINAL_GPU_EVIDENCE_LOCK.json,eligible within exact loss/control/architecture cell,kaggle_workspace/reports/V22_FINAL_GPU_EVIDENCE_LOCK.md,supplement-only,"Version aliases are compatibility mappings in the canonical lock, not new experiments."
V22::RB28::dgraphfin::inductive_isolated::mlp::default,loss/control/architecture extension,dgraphfin,canonical,real anonymized financial user graph,account/node,"raw normal 0->licit 2, fraud 1->fraud 1, background 2/3->unknown 0; unknown excluded; positive=fraud (1)","20 incident-edge timestamp buckets; train t1-14, validation t15-16, test t17-20",published account/node graph,chronological split with isolated split-specific evaluation subgraph,inductive_isolated,mlp; loss=default,1-10,10,"F1; precision; recall; AUROC; AUPRC; Precision/Recall@100,@500,@1000,@1%; runtime",canonical imported full10 merged evidence,kaggle_workspace/imported_outputs/v22_full10/RB28_DGRAPHFIN_LOSS_ROBUSTNESS_ISOLATED_FULL10_SEEDS_1_10_DUALGPU_V22/RESULTS_FULL10.jsonl,available and schema-valid,kaggle_workspace/imported_outputs/v22_full10/RB28_DGRAPHFIN_LOSS_ROBUSTNESS_ISOLATED_FULL10_SEEDS_1_10_DUALGPU_V22/PREDICTIONS_FULL10_INDEX_V22.json,dataset=dgraphfin|model=mlp|seed|protocol|condition=default,dual/single Tesla T4 Kaggle lanes; compatibility aliases recorded in lock,PASS_FULL10_MERGED_WITH_COMPATIBLE_ALIASES,kaggle_workspace/imported_outputs/v22_full10/RB28_DGRAPHFIN_LOSS_ROBUSTNESS_ISOLATED_FULL10_SEEDS_1_10_DUALGPU_V22/FULL10_MERGE_VALIDATION_V22.json,PASS_FULL10_MERGED_WITH_COMPATIBLE_ALIASES,kaggle_workspace/manifests/V22_FINAL_GPU_EVIDENCE_LOCK.json,eligible within exact loss/control/architecture cell,kaggle_workspace/reports/V22_FINAL_GPU_EVIDENCE_LOCK.md,supplement-only,"Version aliases are compatibility mappings in the canonical lock, not new experiments."
V22::RB28::dgraphfin::inductive_isolated::mlp::focal,loss/control/architecture extension,dgraphfin,canonical,real anonymized financial user graph,account/node,"raw normal 0->licit 2, fraud 1->fraud 1, background 2/3->unknown 0; unknown excluded; positive=fraud (1)","20 incident-edge timestamp buckets; train t1-14, validation t15-16, test t17-20",published account/node graph,chronological split with isolated split-specific evaluation subgraph,inductive_isolated,mlp; loss=focal,1-10,10,"F1; precision; recall; AUROC; AUPRC; Precision/Recall@100,@500,@1000,@1%; runtime",canonical imported full10 merged evidence,kaggle_workspace/imported_outputs/v22_full10/RB28_DGRAPHFIN_LOSS_ROBUSTNESS_ISOLATED_FULL10_SEEDS_1_10_DUALGPU_V22/RESULTS_FULL10.jsonl,available and schema-valid,kaggle_workspace/imported_outputs/v22_full10/RB28_DGRAPHFIN_LOSS_ROBUSTNESS_ISOLATED_FULL10_SEEDS_1_10_DUALGPU_V22/PREDICTIONS_FULL10_INDEX_V22.json,dataset=dgraphfin|model=mlp|seed|protocol|condition=focal,dual/single Tesla T4 Kaggle lanes; compatibility aliases recorded in lock,PASS_FULL10_MERGED_WITH_COMPATIBLE_ALIASES,kaggle_workspace/imported_outputs/v22_full10/RB28_DGRAPHFIN_LOSS_ROBUSTNESS_ISOLATED_FULL10_SEEDS_1_10_DUALGPU_V22/FULL10_MERGE_VALIDATION_V22.json,PASS_FULL10_MERGED_WITH_COMPATIBLE_ALIASES,kaggle_workspace/manifests/V22_FINAL_GPU_EVIDENCE_LOCK.json,eligible within exact loss/control/architecture cell,kaggle_workspace/reports/V22_FINAL_GPU_EVIDENCE_LOCK.md,supplement-only,"Version aliases are compatibility mappings in the canonical lock, not new experiments."
V22::RB28::dgraphfin::inductive_isolated::mlp::weighted_bce,loss/control/architecture extension,dgraphfin,canonical,real anonymized financial user graph,account/node,"raw normal 0->licit 2, fraud 1->fraud 1, background 2/3->unknown 0; unknown excluded; positive=fraud (1)","20 incident-edge timestamp buckets; train t1-14, validation t15-16, test t17-20",published account/node graph,chronological split with isolated split-specific evaluation subgraph,inductive_isolated,mlp; loss=weighted_bce,1-10,10,"F1; precision; recall; AUROC; AUPRC; Precision/Recall@100,@500,@1000,@1%; runtime",canonical imported full10 merged evidence,kaggle_workspace/imported_outputs/v22_full10/RB28_DGRAPHFIN_LOSS_ROBUSTNESS_ISOLATED_FULL10_SEEDS_1_10_DUALGPU_V22/RESULTS_FULL10.jsonl,available and schema-valid,kaggle_workspace/imported_outputs/v22_full10/RB28_DGRAPHFIN_LOSS_ROBUSTNESS_ISOLATED_FULL10_SEEDS_1_10_DUALGPU_V22/PREDICTIONS_FULL10_INDEX_V22.json,dataset=dgraphfin|model=mlp|seed|protocol|condition=weighted_bce,dual/single Tesla T4 Kaggle lanes; compatibility aliases recorded in lock,PASS_FULL10_MERGED_WITH_COMPATIBLE_ALIASES,kaggle_workspace/imported_outputs/v22_full10/RB28_DGRAPHFIN_LOSS_ROBUSTNESS_ISOLATED_FULL10_SEEDS_1_10_DUALGPU_V22/FULL10_MERGE_VALIDATION_V22.json,PASS_FULL10_MERGED_WITH_COMPATIBLE_ALIASES,kaggle_workspace/manifests/V22_FINAL_GPU_EVIDENCE_LOCK.json,eligible within exact loss/control/architecture cell,kaggle_workspace/reports/V22_FINAL_GPU_EVIDENCE_LOCK.md,supplement-only,"Version aliases are compatibility mappings in the canonical lock, not new experiments."
V22::RB28::dgraphfin::inductive_isolated::sage::default,loss/control/architecture extension,dgraphfin,canonical,real anonymized financial user graph,account/node,"raw normal 0->licit 2, fraud 1->fraud 1, background 2/3->unknown 0; unknown excluded; positive=fraud (1)","20 incident-edge timestamp buckets; train t1-14, validation t15-16, test t17-20",published account/node graph,chronological split with isolated split-specific evaluation subgraph,inductive_isolated,sage; loss=default,1-10,10,"F1; precision; recall; AUROC; AUPRC; Precision/Recall@100,@500,@1000,@1%; runtime",canonical imported full10 merged evidence,kaggle_workspace/imported_outputs/v22_full10/RB28_DGRAPHFIN_LOSS_ROBUSTNESS_ISOLATED_FULL10_SEEDS_1_10_DUALGPU_V22/RESULTS_FULL10.jsonl,available and schema-valid,kaggle_workspace/imported_outputs/v22_full10/RB28_DGRAPHFIN_LOSS_ROBUSTNESS_ISOLATED_FULL10_SEEDS_1_10_DUALGPU_V22/PREDICTIONS_FULL10_INDEX_V22.json,dataset=dgraphfin|model=sage|seed|protocol|condition=default,dual/single Tesla T4 Kaggle lanes; compatibility aliases recorded in lock,PASS_FULL10_MERGED_WITH_COMPATIBLE_ALIASES,kaggle_workspace/imported_outputs/v22_full10/RB28_DGRAPHFIN_LOSS_ROBUSTNESS_ISOLATED_FULL10_SEEDS_1_10_DUALGPU_V22/FULL10_MERGE_VALIDATION_V22.json,PASS_FULL10_MERGED_WITH_COMPATIBLE_ALIASES,kaggle_workspace/manifests/V22_FINAL_GPU_EVIDENCE_LOCK.json,eligible within exact loss/control/architecture cell,kaggle_workspace/reports/V22_FINAL_GPU_EVIDENCE_LOCK.md,supplement-only,"Version aliases are compatibility mappings in the canonical lock, not new experiments."
V22::RB28::dgraphfin::inductive_isolated::sage::focal,loss/control/architecture extension,dgraphfin,canonical,real anonymized financial user graph,account/node,"raw normal 0->licit 2, fraud 1->fraud 1, background 2/3->unknown 0; unknown excluded; positive=fraud (1)","20 incident-edge timestamp buckets; train t1-14, validation t15-16, test t17-20",published account/node graph,chronological split with isolated split-specific evaluation subgraph,inductive_isolated,sage; loss=focal,1-10,10,"F1; precision; recall; AUROC; AUPRC; Precision/Recall@100,@500,@1000,@1%; runtime",canonical imported full10 merged evidence,kaggle_workspace/imported_outputs/v22_full10/RB28_DGRAPHFIN_LOSS_ROBUSTNESS_ISOLATED_FULL10_SEEDS_1_10_DUALGPU_V22/RESULTS_FULL10.jsonl,available and schema-valid,kaggle_workspace/imported_outputs/v22_full10/RB28_DGRAPHFIN_LOSS_ROBUSTNESS_ISOLATED_FULL10_SEEDS_1_10_DUALGPU_V22/PREDICTIONS_FULL10_INDEX_V22.json,dataset=dgraphfin|model=sage|seed|protocol|condition=focal,dual/single Tesla T4 Kaggle lanes; compatibility aliases recorded in lock,PASS_FULL10_MERGED_WITH_COMPATIBLE_ALIASES,kaggle_workspace/imported_outputs/v22_full10/RB28_DGRAPHFIN_LOSS_ROBUSTNESS_ISOLATED_FULL10_SEEDS_1_10_DUALGPU_V22/FULL10_MERGE_VALIDATION_V22.json,PASS_FULL10_MERGED_WITH_COMPATIBLE_ALIASES,kaggle_workspace/manifests/V22_FINAL_GPU_EVIDENCE_LOCK.json,eligible within exact loss/control/architecture cell,kaggle_workspace/reports/V22_FINAL_GPU_EVIDENCE_LOCK.md,supplement-only,"Version aliases are compatibility mappings in the canonical lock, not new experiments."
V22::RB28::dgraphfin::inductive_isolated::sage::weighted_bce,loss/control/architecture extension,dgraphfin,canonical,real anonymized financial user graph,account/node,"raw normal 0->licit 2, fraud 1->fraud 1, background 2/3->unknown 0; unknown excluded; positive=fraud (1)","20 incident-edge timestamp buckets; train t1-14, validation t15-16, test t17-20",published account/node graph,chronological split with isolated split-specific evaluation subgraph,inductive_isolated,sage; loss=weighted_bce,1-10,10,"F1; precision; recall; AUROC; AUPRC; Precision/Recall@100,@500,@1000,@1%; runtime",canonical imported full10 merged evidence,kaggle_workspace/imported_outputs/v22_full10/RB28_DGRAPHFIN_LOSS_ROBUSTNESS_ISOLATED_FULL10_SEEDS_1_10_DUALGPU_V22/RESULTS_FULL10.jsonl,available and schema-valid,kaggle_workspace/imported_outputs/v22_full10/RB28_DGRAPHFIN_LOSS_ROBUSTNESS_ISOLATED_FULL10_SEEDS_1_10_DUALGPU_V22/PREDICTIONS_FULL10_INDEX_V22.json,dataset=dgraphfin|model=sage|seed|protocol|condition=weighted_bce,dual/single Tesla T4 Kaggle lanes; compatibility aliases recorded in lock,PASS_FULL10_MERGED_WITH_COMPATIBLE_ALIASES,kaggle_workspace/imported_outputs/v22_full10/RB28_DGRAPHFIN_LOSS_ROBUSTNESS_ISOLATED_FULL10_SEEDS_1_10_DUALGPU_V22/FULL10_MERGE_VALIDATION_V22.json,PASS_FULL10_MERGED_WITH_COMPATIBLE_ALIASES,kaggle_workspace/manifests/V22_FINAL_GPU_EVIDENCE_LOCK.json,eligible within exact loss/control/architecture cell,kaggle_workspace/reports/V22_FINAL_GPU_EVIDENCE_LOCK.md,supplement-only,"Version aliases are compatibility mappings in the canonical lock, not new experiments."
V22::RB28::dgraphfin::strict_inductive::gcn::default,loss/control/architecture extension,dgraphfin,canonical,real anonymized financial user graph,account/node,"raw normal 0->licit 2, fraud 1->fraud 1, background 2/3->unknown 0; unknown excluded; positive=fraud (1)","20 incident-edge timestamp buckets; train t1-14, validation t15-16, test t17-20",published account/node graph,test nodes and incident test edges withheld from training graph; test-time graph restricted by strict contract,strict_inductive,gcn; loss=default,1-10,10,"F1; precision; recall; AUROC; AUPRC; Precision/Recall@100,@500,@1000,@1%; runtime",canonical imported full10 merged evidence,kaggle_workspace/imported_outputs/v22_full10/RB28_DGRAPHFIN_LOSS_ROBUSTNESS_ISOLATED_FULL10_SEEDS_1_10_DUALGPU_V22/RESULTS_FULL10.jsonl,available and schema-valid,kaggle_workspace/imported_outputs/v22_full10/RB28_DGRAPHFIN_LOSS_ROBUSTNESS_ISOLATED_FULL10_SEEDS_1_10_DUALGPU_V22/PREDICTIONS_FULL10_INDEX_V22.json,dataset=dgraphfin|model=gcn|seed|protocol|condition=default,dual/single Tesla T4 Kaggle lanes; compatibility aliases recorded in lock,PASS_FULL10_MERGED_WITH_COMPATIBLE_ALIASES,kaggle_workspace/imported_outputs/v22_full10/RB28_DGRAPHFIN_LOSS_ROBUSTNESS_ISOLATED_FULL10_SEEDS_1_10_DUALGPU_V22/FULL10_MERGE_VALIDATION_V22.json,PASS_FULL10_MERGED_WITH_COMPATIBLE_ALIASES,kaggle_workspace/manifests/V22_FINAL_GPU_EVIDENCE_LOCK.json,eligible within exact loss/control/architecture cell,kaggle_workspace/reports/V22_FINAL_GPU_EVIDENCE_LOCK.md,supplement-only,"Version aliases are compatibility mappings in the canonical lock, not new experiments."
V22::RB28::dgraphfin::strict_inductive::gcn::focal,loss/control/architecture extension,dgraphfin,canonical,real anonymized financial user graph,account/node,"raw normal 0->licit 2, fraud 1->fraud 1, background 2/3->unknown 0; unknown excluded; positive=fraud (1)","20 incident-edge timestamp buckets; train t1-14, validation t15-16, test t17-20",published account/node graph,test nodes and incident test edges withheld from training graph; test-time graph restricted by strict contract,strict_inductive,gcn; loss=focal,1-10,10,"F1; precision; recall; AUROC; AUPRC; Precision/Recall@100,@500,@1000,@1%; runtime",canonical imported full10 merged evidence,kaggle_workspace/imported_outputs/v22_full10/RB28_DGRAPHFIN_LOSS_ROBUSTNESS_ISOLATED_FULL10_SEEDS_1_10_DUALGPU_V22/RESULTS_FULL10.jsonl,available and schema-valid,kaggle_workspace/imported_outputs/v22_full10/RB28_DGRAPHFIN_LOSS_ROBUSTNESS_ISOLATED_FULL10_SEEDS_1_10_DUALGPU_V22/PREDICTIONS_FULL10_INDEX_V22.json,dataset=dgraphfin|model=gcn|seed|protocol|condition=focal,dual/single Tesla T4 Kaggle lanes; compatibility aliases recorded in lock,PASS_FULL10_MERGED_WITH_COMPATIBLE_ALIASES,kaggle_workspace/imported_outputs/v22_full10/RB28_DGRAPHFIN_LOSS_ROBUSTNESS_ISOLATED_FULL10_SEEDS_1_10_DUALGPU_V22/FULL10_MERGE_VALIDATION_V22.json,PASS_FULL10_MERGED_WITH_COMPATIBLE_ALIASES,kaggle_workspace/manifests/V22_FINAL_GPU_EVIDENCE_LOCK.json,eligible within exact loss/control/architecture cell,kaggle_workspace/reports/V22_FINAL_GPU_EVIDENCE_LOCK.md,supplement-only,"Version aliases are compatibility mappings in the canonical lock, not new experiments."
V22::RB28::dgraphfin::strict_inductive::gcn::weighted_bce,loss/control/architecture extension,dgraphfin,canonical,real anonymized financial user graph,account/node,"raw normal 0->licit 2, fraud 1->fraud 1, background 2/3->unknown 0; unknown excluded; positive=fraud (1)","20 incident-edge timestamp buckets; train t1-14, validation t15-16, test t17-20",published account/node graph,test nodes and incident test edges withheld from training graph; test-time graph restricted by strict contract,strict_inductive,gcn; loss=weighted_bce,1-10,10,"F1; precision; recall; AUROC; AUPRC; Precision/Recall@100,@500,@1000,@1%; runtime",canonical imported full10 merged evidence,kaggle_workspace/imported_outputs/v22_full10/RB28_DGRAPHFIN_LOSS_ROBUSTNESS_ISOLATED_FULL10_SEEDS_1_10_DUALGPU_V22/RESULTS_FULL10.jsonl,available and schema-valid,kaggle_workspace/imported_outputs/v22_full10/RB28_DGRAPHFIN_LOSS_ROBUSTNESS_ISOLATED_FULL10_SEEDS_1_10_DUALGPU_V22/PREDICTIONS_FULL10_INDEX_V22.json,dataset=dgraphfin|model=gcn|seed|protocol|condition=weighted_bce,dual/single Tesla T4 Kaggle lanes; compatibility aliases recorded in lock,PASS_FULL10_MERGED_WITH_COMPATIBLE_ALIASES,kaggle_workspace/imported_outputs/v22_full10/RB28_DGRAPHFIN_LOSS_ROBUSTNESS_ISOLATED_FULL10_SEEDS_1_10_DUALGPU_V22/FULL10_MERGE_VALIDATION_V22.json,PASS_FULL10_MERGED_WITH_COMPATIBLE_ALIASES,kaggle_workspace/manifests/V22_FINAL_GPU_EVIDENCE_LOCK.json,eligible within exact loss/control/architecture cell,kaggle_workspace/reports/V22_FINAL_GPU_EVIDENCE_LOCK.md,supplement-only,"Version aliases are compatibility mappings in the canonical lock, not new experiments."
V22::RB28::dgraphfin::strict_inductive::mlp::default,loss/control/architecture extension,dgraphfin,canonical,real anonymized financial user graph,account/node,"raw normal 0->licit 2, fraud 1->fraud 1, background 2/3->unknown 0; unknown excluded; positive=fraud (1)","20 incident-edge timestamp buckets; train t1-14, validation t15-16, test t17-20",published account/node graph,test nodes and incident test edges withheld from training graph; test-time graph restricted by strict contract,strict_inductive,mlp; loss=default,1-10,10,"F1; precision; recall; AUROC; AUPRC; Precision/Recall@100,@500,@1000,@1%; runtime",canonical imported full10 merged evidence,kaggle_workspace/imported_outputs/v22_full10/RB28_DGRAPHFIN_LOSS_ROBUSTNESS_ISOLATED_FULL10_SEEDS_1_10_DUALGPU_V22/RESULTS_FULL10.jsonl,available and schema-valid,kaggle_workspace/imported_outputs/v22_full10/RB28_DGRAPHFIN_LOSS_ROBUSTNESS_ISOLATED_FULL10_SEEDS_1_10_DUALGPU_V22/PREDICTIONS_FULL10_INDEX_V22.json,dataset=dgraphfin|model=mlp|seed|protocol|condition=default,dual/single Tesla T4 Kaggle lanes; compatibility aliases recorded in lock,PASS_FULL10_MERGED_WITH_COMPATIBLE_ALIASES,kaggle_workspace/imported_outputs/v22_full10/RB28_DGRAPHFIN_LOSS_ROBUSTNESS_ISOLATED_FULL10_SEEDS_1_10_DUALGPU_V22/FULL10_MERGE_VALIDATION_V22.json,PASS_FULL10_MERGED_WITH_COMPATIBLE_ALIASES,kaggle_workspace/manifests/V22_FINAL_GPU_EVIDENCE_LOCK.json,eligible within exact loss/control/architecture cell,kaggle_workspace/reports/V22_FINAL_GPU_EVIDENCE_LOCK.md,supplement-only,"Version aliases are compatibility mappings in the canonical lock, not new experiments."
V22::RB28::dgraphfin::strict_inductive::mlp::focal,loss/control/architecture extension,dgraphfin,canonical,real anonymized financial user graph,account/node,"raw normal 0->licit 2, fraud 1->fraud 1, background 2/3->unknown 0; unknown excluded; positive=fraud (1)","20 incident-edge timestamp buckets; train t1-14, validation t15-16, test t17-20",published account/node graph,test nodes and incident test edges withheld from training graph; test-time graph restricted by strict contract,strict_inductive,mlp; loss=focal,1-10,10,"F1; precision; recall; AUROC; AUPRC; Precision/Recall@100,@500,@1000,@1%; runtime",canonical imported full10 merged evidence,kaggle_workspace/imported_outputs/v22_full10/RB28_DGRAPHFIN_LOSS_ROBUSTNESS_ISOLATED_FULL10_SEEDS_1_10_DUALGPU_V22/RESULTS_FULL10.jsonl,available and schema-valid,kaggle_workspace/imported_outputs/v22_full10/RB28_DGRAPHFIN_LOSS_ROBUSTNESS_ISOLATED_FULL10_SEEDS_1_10_DUALGPU_V22/PREDICTIONS_FULL10_INDEX_V22.json,dataset=dgraphfin|model=mlp|seed|protocol|condition=focal,dual/single Tesla T4 Kaggle lanes; compatibility aliases recorded in lock,PASS_FULL10_MERGED_WITH_COMPATIBLE_ALIASES,kaggle_workspace/imported_outputs/v22_full10/RB28_DGRAPHFIN_LOSS_ROBUSTNESS_ISOLATED_FULL10_SEEDS_1_10_DUALGPU_V22/FULL10_MERGE_VALIDATION_V22.json,PASS_FULL10_MERGED_WITH_COMPATIBLE_ALIASES,kaggle_workspace/manifests/V22_FINAL_GPU_EVIDENCE_LOCK.json,eligible within exact loss/control/architecture cell,kaggle_workspace/reports/V22_FINAL_GPU_EVIDENCE_LOCK.md,supplement-only,"Version aliases are compatibility mappings in the canonical lock, not new experiments."
V22::RB28::dgraphfin::strict_inductive::mlp::weighted_bce,loss/control/architecture extension,dgraphfin,canonical,real anonymized financial user graph,account/node,"raw normal 0->licit 2, fraud 1->fraud 1, background 2/3->unknown 0; unknown excluded; positive=fraud (1)","20 incident-edge timestamp buckets; train t1-14, validation t15-16, test t17-20",published account/node graph,test nodes and incident test edges withheld from training graph; test-time graph restricted by strict contract,strict_inductive,mlp; loss=weighted_bce,1-10,10,"F1; precision; recall; AUROC; AUPRC; Precision/Recall@100,@500,@1000,@1%; runtime",canonical imported full10 merged evidence,kaggle_workspace/imported_outputs/v22_full10/RB28_DGRAPHFIN_LOSS_ROBUSTNESS_ISOLATED_FULL10_SEEDS_1_10_DUALGPU_V22/RESULTS_FULL10.jsonl,available and schema-valid,kaggle_workspace/imported_outputs/v22_full10/RB28_DGRAPHFIN_LOSS_ROBUSTNESS_ISOLATED_FULL10_SEEDS_1_10_DUALGPU_V22/PREDICTIONS_FULL10_INDEX_V22.json,dataset=dgraphfin|model=mlp|seed|protocol|condition=weighted_bce,dual/single Tesla T4 Kaggle lanes; compatibility aliases recorded in lock,PASS_FULL10_MERGED_WITH_COMPATIBLE_ALIASES,kaggle_workspace/imported_outputs/v22_full10/RB28_DGRAPHFIN_LOSS_ROBUSTNESS_ISOLATED_FULL10_SEEDS_1_10_DUALGPU_V22/FULL10_MERGE_VALIDATION_V22.json,PASS_FULL10_MERGED_WITH_COMPATIBLE_ALIASES,kaggle_workspace/manifests/V22_FINAL_GPU_EVIDENCE_LOCK.json,eligible within exact loss/control/architecture cell,kaggle_workspace/reports/V22_FINAL_GPU_EVIDENCE_LOCK.md,supplement-only,"Version aliases are compatibility mappings in the canonical lock, not new experiments."
V22::RB28::dgraphfin::strict_inductive::sage::default,loss/control/architecture extension,dgraphfin,canonical,real anonymized financial user graph,account/node,"raw normal 0->licit 2, fraud 1->fraud 1, background 2/3->unknown 0; unknown excluded; positive=fraud (1)","20 incident-edge timestamp buckets; train t1-14, validation t15-16, test t17-20",published account/node graph,test nodes and incident test edges withheld from training graph; test-time graph restricted by strict contract,strict_inductive,sage; loss=default,1-10,10,"F1; precision; recall; AUROC; AUPRC; Precision/Recall@100,@500,@1000,@1%; runtime",canonical imported full10 merged evidence,kaggle_workspace/imported_outputs/v22_full10/RB28_DGRAPHFIN_LOSS_ROBUSTNESS_ISOLATED_FULL10_SEEDS_1_10_DUALGPU_V22/RESULTS_FULL10.jsonl,available and schema-valid,kaggle_workspace/imported_outputs/v22_full10/RB28_DGRAPHFIN_LOSS_ROBUSTNESS_ISOLATED_FULL10_SEEDS_1_10_DUALGPU_V22/PREDICTIONS_FULL10_INDEX_V22.json,dataset=dgraphfin|model=sage|seed|protocol|condition=default,dual/single Tesla T4 Kaggle lanes; compatibility aliases recorded in lock,PASS_FULL10_MERGED_WITH_COMPATIBLE_ALIASES,kaggle_workspace/imported_outputs/v22_full10/RB28_DGRAPHFIN_LOSS_ROBUSTNESS_ISOLATED_FULL10_SEEDS_1_10_DUALGPU_V22/FULL10_MERGE_VALIDATION_V22.json,PASS_FULL10_MERGED_WITH_COMPATIBLE_ALIASES,kaggle_workspace/manifests/V22_FINAL_GPU_EVIDENCE_LOCK.json,eligible within exact loss/control/architecture cell,kaggle_workspace/reports/V22_FINAL_GPU_EVIDENCE_LOCK.md,supplement-only,"Version aliases are compatibility mappings in the canonical lock, not new experiments."
V22::RB28::dgraphfin::strict_inductive::sage::focal,loss/control/architecture extension,dgraphfin,canonical,real anonymized financial user graph,account/node,"raw normal 0->licit 2, fraud 1->fraud 1, background 2/3->unknown 0; unknown excluded; positive=fraud (1)","20 incident-edge timestamp buckets; train t1-14, validation t15-16, test t17-20",published account/node graph,test nodes and incident test edges withheld from training graph; test-time graph restricted by strict contract,strict_inductive,sage; loss=focal,1-10,10,"F1; precision; recall; AUROC; AUPRC; Precision/Recall@100,@500,@1000,@1%; runtime",canonical imported full10 merged evidence,kaggle_workspace/imported_outputs/v22_full10/RB28_DGRAPHFIN_LOSS_ROBUSTNESS_ISOLATED_FULL10_SEEDS_1_10_DUALGPU_V22/RESULTS_FULL10.jsonl,available and schema-valid,kaggle_workspace/imported_outputs/v22_full10/RB28_DGRAPHFIN_LOSS_ROBUSTNESS_ISOLATED_FULL10_SEEDS_1_10_DUALGPU_V22/PREDICTIONS_FULL10_INDEX_V22.json,dataset=dgraphfin|model=sage|seed|protocol|condition=focal,dual/single Tesla T4 Kaggle lanes; compatibility aliases recorded in lock,PASS_FULL10_MERGED_WITH_COMPATIBLE_ALIASES,kaggle_workspace/imported_outputs/v22_full10/RB28_DGRAPHFIN_LOSS_ROBUSTNESS_ISOLATED_FULL10_SEEDS_1_10_DUALGPU_V22/FULL10_MERGE_VALIDATION_V22.json,PASS_FULL10_MERGED_WITH_COMPATIBLE_ALIASES,kaggle_workspace/manifests/V22_FINAL_GPU_EVIDENCE_LOCK.json,eligible within exact loss/control/architecture cell,kaggle_workspace/reports/V22_FINAL_GPU_EVIDENCE_LOCK.md,supplement-only,"Version aliases are compatibility mappings in the canonical lock, not new experiments."
V22::RB28::dgraphfin::strict_inductive::sage::weighted_bce,loss/control/architecture extension,dgraphfin,canonical,real anonymized financial user graph,account/node,"raw normal 0->licit 2, fraud 1->fraud 1, background 2/3->unknown 0; unknown excluded; positive=fraud (1)","20 incident-edge timestamp buckets; train t1-14, validation t15-16, test t17-20",published account/node graph,test nodes and incident test edges withheld from training graph; test-time graph restricted by strict contract,strict_inductive,sage; loss=weighted_bce,1-10,10,"F1; precision; recall; AUROC; AUPRC; Precision/Recall@100,@500,@1000,@1%; runtime",canonical imported full10 merged evidence,kaggle_workspace/imported_outputs/v22_full10/RB28_DGRAPHFIN_LOSS_ROBUSTNESS_ISOLATED_FULL10_SEEDS_1_10_DUALGPU_V22/RESULTS_FULL10.jsonl,available and schema-valid,kaggle_workspace/imported_outputs/v22_full10/RB28_DGRAPHFIN_LOSS_ROBUSTNESS_ISOLATED_FULL10_SEEDS_1_10_DUALGPU_V22/PREDICTIONS_FULL10_INDEX_V22.json,dataset=dgraphfin|model=sage|seed|protocol|condition=weighted_bce,dual/single Tesla T4 Kaggle lanes; compatibility aliases recorded in lock,PASS_FULL10_MERGED_WITH_COMPATIBLE_ALIASES,kaggle_workspace/imported_outputs/v22_full10/RB28_DGRAPHFIN_LOSS_ROBUSTNESS_ISOLATED_FULL10_SEEDS_1_10_DUALGPU_V22/FULL10_MERGE_VALIDATION_V22.json,PASS_FULL10_MERGED_WITH_COMPATIBLE_ALIASES,kaggle_workspace/manifests/V22_FINAL_GPU_EVIDENCE_LOCK.json,eligible within exact loss/control/architecture cell,kaggle_workspace/reports/V22_FINAL_GPU_EVIDENCE_LOCK.md,supplement-only,"Version aliases are compatibility mappings in the canonical lock, not new experiments."
V22::RB28::elliptic::inductive_isolated::gcn::default,loss/control/architecture extension,elliptic,canonical,real pseudonymized Bitcoin transaction graph,account/node,"raw licit->2, illicit->1, unknown->0; unknown excluded; positive=illicit (1)","49 time steps; train t1-30, validation t31-34, test t35-49",published account/node graph,chronological split with isolated split-specific evaluation subgraph,inductive_isolated,gcn; loss=default,1-10,10,"F1; precision; recall; AUROC; AUPRC; Precision/Recall@100,@500,@1000,@1%; runtime",canonical imported full10 merged evidence,kaggle_workspace/imported_outputs/v22_full10/RB28_ELLIPTIC_LOSS_ROBUSTNESS_FULL10_SEEDS_1_10_DUALGPU_V22/RESULTS_FULL10.jsonl,available and schema-valid,kaggle_workspace/imported_outputs/v22_full10/RB28_ELLIPTIC_LOSS_ROBUSTNESS_FULL10_SEEDS_1_10_DUALGPU_V22/PREDICTIONS_FULL10_INDEX_V22.json,dataset=elliptic|model=gcn|seed|protocol|condition=default,dual/single Tesla T4 Kaggle lanes; compatibility aliases recorded in lock,PASS_FULL10_MERGED_WITH_COMPATIBLE_ALIASES,kaggle_workspace/imported_outputs/v22_full10/RB28_ELLIPTIC_LOSS_ROBUSTNESS_FULL10_SEEDS_1_10_DUALGPU_V22/FULL10_MERGE_VALIDATION_V22.json,PASS_FULL10_MERGED_WITH_COMPATIBLE_ALIASES,kaggle_workspace/manifests/V22_FINAL_GPU_EVIDENCE_LOCK.json,eligible within exact loss/control/architecture cell,kaggle_workspace/reports/V22_FINAL_GPU_EVIDENCE_LOCK.md,supplement-only,"Version aliases are compatibility mappings in the canonical lock, not new experiments."
V22::RB28::elliptic::inductive_isolated::gcn::focal,loss/control/architecture extension,elliptic,canonical,real pseudonymized Bitcoin transaction graph,account/node,"raw licit->2, illicit->1, unknown->0; unknown excluded; positive=illicit (1)","49 time steps; train t1-30, validation t31-34, test t35-49",published account/node graph,chronological split with isolated split-specific evaluation subgraph,inductive_isolated,gcn; loss=focal,1-10,10,"F1; precision; recall; AUROC; AUPRC; Precision/Recall@100,@500,@1000,@1%; runtime",canonical imported full10 merged evidence,kaggle_workspace/imported_outputs/v22_full10/RB28_ELLIPTIC_LOSS_ROBUSTNESS_FULL10_SEEDS_1_10_DUALGPU_V22/RESULTS_FULL10.jsonl,available and schema-valid,kaggle_workspace/imported_outputs/v22_full10/RB28_ELLIPTIC_LOSS_ROBUSTNESS_FULL10_SEEDS_1_10_DUALGPU_V22/PREDICTIONS_FULL10_INDEX_V22.json,dataset=elliptic|model=gcn|seed|protocol|condition=focal,dual/single Tesla T4 Kaggle lanes; compatibility aliases recorded in lock,PASS_FULL10_MERGED_WITH_COMPATIBLE_ALIASES,kaggle_workspace/imported_outputs/v22_full10/RB28_ELLIPTIC_LOSS_ROBUSTNESS_FULL10_SEEDS_1_10_DUALGPU_V22/FULL10_MERGE_VALIDATION_V22.json,PASS_FULL10_MERGED_WITH_COMPATIBLE_ALIASES,kaggle_workspace/manifests/V22_FINAL_GPU_EVIDENCE_LOCK.json,eligible within exact loss/control/architecture cell,kaggle_workspace/reports/V22_FINAL_GPU_EVIDENCE_LOCK.md,supplement-only,"Version aliases are compatibility mappings in the canonical lock, not new experiments."
V22::RB28::elliptic::inductive_isolated::gcn::weighted_bce,loss/control/architecture extension,elliptic,canonical,real pseudonymized Bitcoin transaction graph,account/node,"raw licit->2, illicit->1, unknown->0; unknown excluded; positive=illicit (1)","49 time steps; train t1-30, validation t31-34, test t35-49",published account/node graph,chronological split with isolated split-specific evaluation subgraph,inductive_isolated,gcn; loss=weighted_bce,1-10,10,"F1; precision; recall; AUROC; AUPRC; Precision/Recall@100,@500,@1000,@1%; runtime",canonical imported full10 merged evidence,kaggle_workspace/imported_outputs/v22_full10/RB28_ELLIPTIC_LOSS_ROBUSTNESS_FULL10_SEEDS_1_10_DUALGPU_V22/RESULTS_FULL10.jsonl,available and schema-valid,kaggle_workspace/imported_outputs/v22_full10/RB28_ELLIPTIC_LOSS_ROBUSTNESS_FULL10_SEEDS_1_10_DUALGPU_V22/PREDICTIONS_FULL10_INDEX_V22.json,dataset=elliptic|model=gcn|seed|protocol|condition=weighted_bce,dual/single Tesla T4 Kaggle lanes; compatibility aliases recorded in lock,PASS_FULL10_MERGED_WITH_COMPATIBLE_ALIASES,kaggle_workspace/imported_outputs/v22_full10/RB28_ELLIPTIC_LOSS_ROBUSTNESS_FULL10_SEEDS_1_10_DUALGPU_V22/FULL10_MERGE_VALIDATION_V22.json,PASS_FULL10_MERGED_WITH_COMPATIBLE_ALIASES,kaggle_workspace/manifests/V22_FINAL_GPU_EVIDENCE_LOCK.json,eligible within exact loss/control/architecture cell,kaggle_workspace/reports/V22_FINAL_GPU_EVIDENCE_LOCK.md,supplement-only,"Version aliases are compatibility mappings in the canonical lock, not new experiments."
V22::RB28::elliptic::inductive_isolated::mlp::default,loss/control/architecture extension,elliptic,canonical,real pseudonymized Bitcoin transaction graph,account/node,"raw licit->2, illicit->1, unknown->0; unknown excluded; positive=illicit (1)","49 time steps; train t1-30, validation t31-34, test t35-49",published account/node graph,chronological split with isolated split-specific evaluation subgraph,inductive_isolated,mlp; loss=default,1-10,10,"F1; precision; recall; AUROC; AUPRC; Precision/Recall@100,@500,@1000,@1%; runtime",canonical imported full10 merged evidence,kaggle_workspace/imported_outputs/v22_full10/RB28_ELLIPTIC_LOSS_ROBUSTNESS_FULL10_SEEDS_1_10_DUALGPU_V22/RESULTS_FULL10.jsonl,available and schema-valid,kaggle_workspace/imported_outputs/v22_full10/RB28_ELLIPTIC_LOSS_ROBUSTNESS_FULL10_SEEDS_1_10_DUALGPU_V22/PREDICTIONS_FULL10_INDEX_V22.json,dataset=elliptic|model=mlp|seed|protocol|condition=default,dual/single Tesla T4 Kaggle lanes; compatibility aliases recorded in lock,PASS_FULL10_MERGED_WITH_COMPATIBLE_ALIASES,kaggle_workspace/imported_outputs/v22_full10/RB28_ELLIPTIC_LOSS_ROBUSTNESS_FULL10_SEEDS_1_10_DUALGPU_V22/FULL10_MERGE_VALIDATION_V22.json,PASS_FULL10_MERGED_WITH_COMPATIBLE_ALIASES,kaggle_workspace/manifests/V22_FINAL_GPU_EVIDENCE_LOCK.json,eligible within exact loss/control/architecture cell,kaggle_workspace/reports/V22_FINAL_GPU_EVIDENCE_LOCK.md,supplement-only,"Version aliases are compatibility mappings in the canonical lock, not new experiments."
V22::RB28::elliptic::inductive_isolated::mlp::focal,loss/control/architecture extension,elliptic,canonical,real pseudonymized Bitcoin transaction graph,account/node,"raw licit->2, illicit->1, unknown->0; unknown excluded; positive=illicit (1)","49 time steps; train t1-30, validation t31-34, test t35-49",published account/node graph,chronological split with isolated split-specific evaluation subgraph,inductive_isolated,mlp; loss=focal,1-10,10,"F1; precision; recall; AUROC; AUPRC; Precision/Recall@100,@500,@1000,@1%; runtime",canonical imported full10 merged evidence,kaggle_workspace/imported_outputs/v22_full10/RB28_ELLIPTIC_LOSS_ROBUSTNESS_FULL10_SEEDS_1_10_DUALGPU_V22/RESULTS_FULL10.jsonl,available and schema-valid,kaggle_workspace/imported_outputs/v22_full10/RB28_ELLIPTIC_LOSS_ROBUSTNESS_FULL10_SEEDS_1_10_DUALGPU_V22/PREDICTIONS_FULL10_INDEX_V22.json,dataset=elliptic|model=mlp|seed|protocol|condition=focal,dual/single Tesla T4 Kaggle lanes; compatibility aliases recorded in lock,PASS_FULL10_MERGED_WITH_COMPATIBLE_ALIASES,kaggle_workspace/imported_outputs/v22_full10/RB28_ELLIPTIC_LOSS_ROBUSTNESS_FULL10_SEEDS_1_10_DUALGPU_V22/FULL10_MERGE_VALIDATION_V22.json,PASS_FULL10_MERGED_WITH_COMPATIBLE_ALIASES,kaggle_workspace/manifests/V22_FINAL_GPU_EVIDENCE_LOCK.json,eligible within exact loss/control/architecture cell,kaggle_workspace/reports/V22_FINAL_GPU_EVIDENCE_LOCK.md,supplement-only,"Version aliases are compatibility mappings in the canonical lock, not new experiments."
V22::RB28::elliptic::inductive_isolated::mlp::weighted_bce,loss/control/architecture extension,elliptic,canonical,real pseudonymized Bitcoin transaction graph,account/node,"raw licit->2, illicit->1, unknown->0; unknown excluded; positive=illicit (1)","49 time steps; train t1-30, validation t31-34, test t35-49",published account/node graph,chronological split with isolated split-specific evaluation subgraph,inductive_isolated,mlp; loss=weighted_bce,1-10,10,"F1; precision; recall; AUROC; AUPRC; Precision/Recall@100,@500,@1000,@1%; runtime",canonical imported full10 merged evidence,kaggle_workspace/imported_outputs/v22_full10/RB28_ELLIPTIC_LOSS_ROBUSTNESS_FULL10_SEEDS_1_10_DUALGPU_V22/RESULTS_FULL10.jsonl,available and schema-valid,kaggle_workspace/imported_outputs/v22_full10/RB28_ELLIPTIC_LOSS_ROBUSTNESS_FULL10_SEEDS_1_10_DUALGPU_V22/PREDICTIONS_FULL10_INDEX_V22.json,dataset=elliptic|model=mlp|seed|protocol|condition=weighted_bce,dual/single Tesla T4 Kaggle lanes; compatibility aliases recorded in lock,PASS_FULL10_MERGED_WITH_COMPATIBLE_ALIASES,kaggle_workspace/imported_outputs/v22_full10/RB28_ELLIPTIC_LOSS_ROBUSTNESS_FULL10_SEEDS_1_10_DUALGPU_V22/FULL10_MERGE_VALIDATION_V22.json,PASS_FULL10_MERGED_WITH_COMPATIBLE_ALIASES,kaggle_workspace/manifests/V22_FINAL_GPU_EVIDENCE_LOCK.json,eligible within exact loss/control/architecture cell,kaggle_workspace/reports/V22_FINAL_GPU_EVIDENCE_LOCK.md,supplement-only,"Version aliases are compatibility mappings in the canonical lock, not new experiments."
V22::RB28::elliptic::inductive_isolated::sage::default,loss/control/architecture extension,elliptic,canonical,real pseudonymized Bitcoin transaction graph,account/node,"raw licit->2, illicit->1, unknown->0; unknown excluded; positive=illicit (1)","49 time steps; train t1-30, validation t31-34, test t35-49",published account/node graph,chronological split with isolated split-specific evaluation subgraph,inductive_isolated,sage; loss=default,1-10,10,"F1; precision; recall; AUROC; AUPRC; Precision/Recall@100,@500,@1000,@1%; runtime",canonical imported full10 merged evidence,kaggle_workspace/imported_outputs/v22_full10/RB28_ELLIPTIC_LOSS_ROBUSTNESS_FULL10_SEEDS_1_10_DUALGPU_V22/RESULTS_FULL10.jsonl,available and schema-valid,kaggle_workspace/imported_outputs/v22_full10/RB28_ELLIPTIC_LOSS_ROBUSTNESS_FULL10_SEEDS_1_10_DUALGPU_V22/PREDICTIONS_FULL10_INDEX_V22.json,dataset=elliptic|model=sage|seed|protocol|condition=default,dual/single Tesla T4 Kaggle lanes; compatibility aliases recorded in lock,PASS_FULL10_MERGED_WITH_COMPATIBLE_ALIASES,kaggle_workspace/imported_outputs/v22_full10/RB28_ELLIPTIC_LOSS_ROBUSTNESS_FULL10_SEEDS_1_10_DUALGPU_V22/FULL10_MERGE_VALIDATION_V22.json,PASS_FULL10_MERGED_WITH_COMPATIBLE_ALIASES,kaggle_workspace/manifests/V22_FINAL_GPU_EVIDENCE_LOCK.json,eligible within exact loss/control/architecture cell,kaggle_workspace/reports/V22_FINAL_GPU_EVIDENCE_LOCK.md,supplement-only,"Version aliases are compatibility mappings in the canonical lock, not new experiments."
V22::RB28::elliptic::inductive_isolated::sage::focal,loss/control/architecture extension,elliptic,canonical,real pseudonymized Bitcoin transaction graph,account/node,"raw licit->2, illicit->1, unknown->0; unknown excluded; positive=illicit (1)","49 time steps; train t1-30, validation t31-34, test t35-49",published account/node graph,chronological split with isolated split-specific evaluation subgraph,inductive_isolated,sage; loss=focal,1-10,10,"F1; precision; recall; AUROC; AUPRC; Precision/Recall@100,@500,@1000,@1%; runtime",canonical imported full10 merged evidence,kaggle_workspace/imported_outputs/v22_full10/RB28_ELLIPTIC_LOSS_ROBUSTNESS_FULL10_SEEDS_1_10_DUALGPU_V22/RESULTS_FULL10.jsonl,available and schema-valid,kaggle_workspace/imported_outputs/v22_full10/RB28_ELLIPTIC_LOSS_ROBUSTNESS_FULL10_SEEDS_1_10_DUALGPU_V22/PREDICTIONS_FULL10_INDEX_V22.json,dataset=elliptic|model=sage|seed|protocol|condition=focal,dual/single Tesla T4 Kaggle lanes; compatibility aliases recorded in lock,PASS_FULL10_MERGED_WITH_COMPATIBLE_ALIASES,kaggle_workspace/imported_outputs/v22_full10/RB28_ELLIPTIC_LOSS_ROBUSTNESS_FULL10_SEEDS_1_10_DUALGPU_V22/FULL10_MERGE_VALIDATION_V22.json,PASS_FULL10_MERGED_WITH_COMPATIBLE_ALIASES,kaggle_workspace/manifests/V22_FINAL_GPU_EVIDENCE_LOCK.json,eligible within exact loss/control/architecture cell,kaggle_workspace/reports/V22_FINAL_GPU_EVIDENCE_LOCK.md,supplement-only,"Version aliases are compatibility mappings in the canonical lock, not new experiments."
V22::RB28::elliptic::inductive_isolated::sage::weighted_bce,loss/control/architecture extension,elliptic,canonical,real pseudonymized Bitcoin transaction graph,account/node,"raw licit->2, illicit->1, unknown->0; unknown excluded; positive=illicit (1)","49 time steps; train t1-30, validation t31-34, test t35-49",published account/node graph,chronological split with isolated split-specific evaluation subgraph,inductive_isolated,sage; loss=weighted_bce,1-10,10,"F1; precision; recall; AUROC; AUPRC; Precision/Recall@100,@500,@1000,@1%; runtime",canonical imported full10 merged evidence,kaggle_workspace/imported_outputs/v22_full10/RB28_ELLIPTIC_LOSS_ROBUSTNESS_FULL10_SEEDS_1_10_DUALGPU_V22/RESULTS_FULL10.jsonl,available and schema-valid,kaggle_workspace/imported_outputs/v22_full10/RB28_ELLIPTIC_LOSS_ROBUSTNESS_FULL10_SEEDS_1_10_DUALGPU_V22/PREDICTIONS_FULL10_INDEX_V22.json,dataset=elliptic|model=sage|seed|protocol|condition=weighted_bce,dual/single Tesla T4 Kaggle lanes; compatibility aliases recorded in lock,PASS_FULL10_MERGED_WITH_COMPATIBLE_ALIASES,kaggle_workspace/imported_outputs/v22_full10/RB28_ELLIPTIC_LOSS_ROBUSTNESS_FULL10_SEEDS_1_10_DUALGPU_V22/FULL10_MERGE_VALIDATION_V22.json,PASS_FULL10_MERGED_WITH_COMPATIBLE_ALIASES,kaggle_workspace/manifests/V22_FINAL_GPU_EVIDENCE_LOCK.json,eligible within exact loss/control/architecture cell,kaggle_workspace/reports/V22_FINAL_GPU_EVIDENCE_LOCK.md,supplement-only,"Version aliases are compatibility mappings in the canonical lock, not new experiments."
V22::RB28::elliptic::strict_inductive::gcn::default,loss/control/architecture extension,elliptic,canonical,real pseudonymized Bitcoin transaction graph,account/node,"raw licit->2, illicit->1, unknown->0; unknown excluded; positive=illicit (1)","49 time steps; train t1-30, validation t31-34, test t35-49",published account/node graph,test nodes and incident test edges withheld from training graph; test-time graph restricted by strict contract,strict_inductive,gcn; loss=default,1-10,10,"F1; precision; recall; AUROC; AUPRC; Precision/Recall@100,@500,@1000,@1%; runtime",canonical imported full10 merged evidence,kaggle_workspace/imported_outputs/v22_full10/RB28_ELLIPTIC_LOSS_ROBUSTNESS_FULL10_SEEDS_1_10_DUALGPU_V22/RESULTS_FULL10.jsonl,available and schema-valid,kaggle_workspace/imported_outputs/v22_full10/RB28_ELLIPTIC_LOSS_ROBUSTNESS_FULL10_SEEDS_1_10_DUALGPU_V22/PREDICTIONS_FULL10_INDEX_V22.json,dataset=elliptic|model=gcn|seed|protocol|condition=default,dual/single Tesla T4 Kaggle lanes; compatibility aliases recorded in lock,PASS_FULL10_MERGED_WITH_COMPATIBLE_ALIASES,kaggle_workspace/imported_outputs/v22_full10/RB28_ELLIPTIC_LOSS_ROBUSTNESS_FULL10_SEEDS_1_10_DUALGPU_V22/FULL10_MERGE_VALIDATION_V22.json,PASS_FULL10_MERGED_WITH_COMPATIBLE_ALIASES,kaggle_workspace/manifests/V22_FINAL_GPU_EVIDENCE_LOCK.json,eligible within exact loss/control/architecture cell,kaggle_workspace/reports/V22_FINAL_GPU_EVIDENCE_LOCK.md,supplement-only,"Version aliases are compatibility mappings in the canonical lock, not new experiments."
V22::RB28::elliptic::strict_inductive::gcn::focal,loss/control/architecture extension,elliptic,canonical,real pseudonymized Bitcoin transaction graph,account/node,"raw licit->2, illicit->1, unknown->0; unknown excluded; positive=illicit (1)","49 time steps; train t1-30, validation t31-34, test t35-49",published account/node graph,test nodes and incident test edges withheld from training graph; test-time graph restricted by strict contract,strict_inductive,gcn; loss=focal,1-10,10,"F1; precision; recall; AUROC; AUPRC; Precision/Recall@100,@500,@1000,@1%; runtime",canonical imported full10 merged evidence,kaggle_workspace/imported_outputs/v22_full10/RB28_ELLIPTIC_LOSS_ROBUSTNESS_FULL10_SEEDS_1_10_DUALGPU_V22/RESULTS_FULL10.jsonl,available and schema-valid,kaggle_workspace/imported_outputs/v22_full10/RB28_ELLIPTIC_LOSS_ROBUSTNESS_FULL10_SEEDS_1_10_DUALGPU_V22/PREDICTIONS_FULL10_INDEX_V22.json,dataset=elliptic|model=gcn|seed|protocol|condition=focal,dual/single Tesla T4 Kaggle lanes; compatibility aliases recorded in lock,PASS_FULL10_MERGED_WITH_COMPATIBLE_ALIASES,kaggle_workspace/imported_outputs/v22_full10/RB28_ELLIPTIC_LOSS_ROBUSTNESS_FULL10_SEEDS_1_10_DUALGPU_V22/FULL10_MERGE_VALIDATION_V22.json,PASS_FULL10_MERGED_WITH_COMPATIBLE_ALIASES,kaggle_workspace/manifests/V22_FINAL_GPU_EVIDENCE_LOCK.json,eligible within exact loss/control/architecture cell,kaggle_workspace/reports/V22_FINAL_GPU_EVIDENCE_LOCK.md,supplement-only,"Version aliases are compatibility mappings in the canonical lock, not new experiments."
V22::RB28::elliptic::strict_inductive::gcn::weighted_bce,loss/control/architecture extension,elliptic,canonical,real pseudonymized Bitcoin transaction graph,account/node,"raw licit->2, illicit->1, unknown->0; unknown excluded; positive=illicit (1)","49 time steps; train t1-30, validation t31-34, test t35-49",published account/node graph,test nodes and incident test edges withheld from training graph; test-time graph restricted by strict contract,strict_inductive,gcn; loss=weighted_bce,1-10,10,"F1; precision; recall; AUROC; AUPRC; Precision/Recall@100,@500,@1000,@1%; runtime",canonical imported full10 merged evidence,kaggle_workspace/imported_outputs/v22_full10/RB28_ELLIPTIC_LOSS_ROBUSTNESS_FULL10_SEEDS_1_10_DUALGPU_V22/RESULTS_FULL10.jsonl,available and schema-valid,kaggle_workspace/imported_outputs/v22_full10/RB28_ELLIPTIC_LOSS_ROBUSTNESS_FULL10_SEEDS_1_10_DUALGPU_V22/PREDICTIONS_FULL10_INDEX_V22.json,dataset=elliptic|model=gcn|seed|protocol|condition=weighted_bce,dual/single Tesla T4 Kaggle lanes; compatibility aliases recorded in lock,PASS_FULL10_MERGED_WITH_COMPATIBLE_ALIASES,kaggle_workspace/imported_outputs/v22_full10/RB28_ELLIPTIC_LOSS_ROBUSTNESS_FULL10_SEEDS_1_10_DUALGPU_V22/FULL10_MERGE_VALIDATION_V22.json,PASS_FULL10_MERGED_WITH_COMPATIBLE_ALIASES,kaggle_workspace/manifests/V22_FINAL_GPU_EVIDENCE_LOCK.json,eligible within exact loss/control/architecture cell,kaggle_workspace/reports/V22_FINAL_GPU_EVIDENCE_LOCK.md,supplement-only,"Version aliases are compatibility mappings in the canonical lock, not new experiments."
V22::RB28::elliptic::strict_inductive::mlp::default,loss/control/architecture extension,elliptic,canonical,real pseudonymized Bitcoin transaction graph,account/node,"raw licit->2, illicit->1, unknown->0; unknown excluded; positive=illicit (1)","49 time steps; train t1-30, validation t31-34, test t35-49",published account/node graph,test nodes and incident test edges withheld from training graph; test-time graph restricted by strict contract,strict_inductive,mlp; loss=default,1-10,10,"F1; precision; recall; AUROC; AUPRC; Precision/Recall@100,@500,@1000,@1%; runtime",canonical imported full10 merged evidence,kaggle_workspace/imported_outputs/v22_full10/RB28_ELLIPTIC_LOSS_ROBUSTNESS_FULL10_SEEDS_1_10_DUALGPU_V22/RESULTS_FULL10.jsonl,available and schema-valid,kaggle_workspace/imported_outputs/v22_full10/RB28_ELLIPTIC_LOSS_ROBUSTNESS_FULL10_SEEDS_1_10_DUALGPU_V22/PREDICTIONS_FULL10_INDEX_V22.json,dataset=elliptic|model=mlp|seed|protocol|condition=default,dual/single Tesla T4 Kaggle lanes; compatibility aliases recorded in lock,PASS_FULL10_MERGED_WITH_COMPATIBLE_ALIASES,kaggle_workspace/imported_outputs/v22_full10/RB28_ELLIPTIC_LOSS_ROBUSTNESS_FULL10_SEEDS_1_10_DUALGPU_V22/FULL10_MERGE_VALIDATION_V22.json,PASS_FULL10_MERGED_WITH_COMPATIBLE_ALIASES,kaggle_workspace/manifests/V22_FINAL_GPU_EVIDENCE_LOCK.json,eligible within exact loss/control/architecture cell,kaggle_workspace/reports/V22_FINAL_GPU_EVIDENCE_LOCK.md,supplement-only,"Version aliases are compatibility mappings in the canonical lock, not new experiments."
V22::RB28::elliptic::strict_inductive::mlp::focal,loss/control/architecture extension,elliptic,canonical,real pseudonymized Bitcoin transaction graph,account/node,"raw licit->2, illicit->1, unknown->0; unknown excluded; positive=illicit (1)","49 time steps; train t1-30, validation t31-34, test t35-49",published account/node graph,test nodes and incident test edges withheld from training graph; test-time graph restricted by strict contract,strict_inductive,mlp; loss=focal,1-10,10,"F1; precision; recall; AUROC; AUPRC; Precision/Recall@100,@500,@1000,@1%; runtime",canonical imported full10 merged evidence,kaggle_workspace/imported_outputs/v22_full10/RB28_ELLIPTIC_LOSS_ROBUSTNESS_FULL10_SEEDS_1_10_DUALGPU_V22/RESULTS_FULL10.jsonl,available and schema-valid,kaggle_workspace/imported_outputs/v22_full10/RB28_ELLIPTIC_LOSS_ROBUSTNESS_FULL10_SEEDS_1_10_DUALGPU_V22/PREDICTIONS_FULL10_INDEX_V22.json,dataset=elliptic|model=mlp|seed|protocol|condition=focal,dual/single Tesla T4 Kaggle lanes; compatibility aliases recorded in lock,PASS_FULL10_MERGED_WITH_COMPATIBLE_ALIASES,kaggle_workspace/imported_outputs/v22_full10/RB28_ELLIPTIC_LOSS_ROBUSTNESS_FULL10_SEEDS_1_10_DUALGPU_V22/FULL10_MERGE_VALIDATION_V22.json,PASS_FULL10_MERGED_WITH_COMPATIBLE_ALIASES,kaggle_workspace/manifests/V22_FINAL_GPU_EVIDENCE_LOCK.json,eligible within exact loss/control/architecture cell,kaggle_workspace/reports/V22_FINAL_GPU_EVIDENCE_LOCK.md,supplement-only,"Version aliases are compatibility mappings in the canonical lock, not new experiments."
V22::RB28::elliptic::strict_inductive::mlp::weighted_bce,loss/control/architecture extension,elliptic,canonical,real pseudonymized Bitcoin transaction graph,account/node,"raw licit->2, illicit->1, unknown->0; unknown excluded; positive=illicit (1)","49 time steps; train t1-30, validation t31-34, test t35-49",published account/node graph,test nodes and incident test edges withheld from training graph; test-time graph restricted by strict contract,strict_inductive,mlp; loss=weighted_bce,1-10,10,"F1; precision; recall; AUROC; AUPRC; Precision/Recall@100,@500,@1000,@1%; runtime",canonical imported full10 merged evidence,kaggle_workspace/imported_outputs/v22_full10/RB28_ELLIPTIC_LOSS_ROBUSTNESS_FULL10_SEEDS_1_10_DUALGPU_V22/RESULTS_FULL10.jsonl,available and schema-valid,kaggle_workspace/imported_outputs/v22_full10/RB28_ELLIPTIC_LOSS_ROBUSTNESS_FULL10_SEEDS_1_10_DUALGPU_V22/PREDICTIONS_FULL10_INDEX_V22.json,dataset=elliptic|model=mlp|seed|protocol|condition=weighted_bce,dual/single Tesla T4 Kaggle lanes; compatibility aliases recorded in lock,PASS_FULL10_MERGED_WITH_COMPATIBLE_ALIASES,kaggle_workspace/imported_outputs/v22_full10/RB28_ELLIPTIC_LOSS_ROBUSTNESS_FULL10_SEEDS_1_10_DUALGPU_V22/FULL10_MERGE_VALIDATION_V22.json,PASS_FULL10_MERGED_WITH_COMPATIBLE_ALIASES,kaggle_workspace/manifests/V22_FINAL_GPU_EVIDENCE_LOCK.json,eligible within exact loss/control/architecture cell,kaggle_workspace/reports/V22_FINAL_GPU_EVIDENCE_LOCK.md,supplement-only,"Version aliases are compatibility mappings in the canonical lock, not new experiments."
V22::RB28::elliptic::strict_inductive::sage::default,loss/control/architecture extension,elliptic,canonical,real pseudonymized Bitcoin transaction graph,account/node,"raw licit->2, illicit->1, unknown->0; unknown excluded; positive=illicit (1)","49 time steps; train t1-30, validation t31-34, test t35-49",published account/node graph,test nodes and incident test edges withheld from training graph; test-time graph restricted by strict contract,strict_inductive,sage; loss=default,1-10,10,"F1; precision; recall; AUROC; AUPRC; Precision/Recall@100,@500,@1000,@1%; runtime",canonical imported full10 merged evidence,kaggle_workspace/imported_outputs/v22_full10/RB28_ELLIPTIC_LOSS_ROBUSTNESS_FULL10_SEEDS_1_10_DUALGPU_V22/RESULTS_FULL10.jsonl,available and schema-valid,kaggle_workspace/imported_outputs/v22_full10/RB28_ELLIPTIC_LOSS_ROBUSTNESS_FULL10_SEEDS_1_10_DUALGPU_V22/PREDICTIONS_FULL10_INDEX_V22.json,dataset=elliptic|model=sage|seed|protocol|condition=default,dual/single Tesla T4 Kaggle lanes; compatibility aliases recorded in lock,PASS_FULL10_MERGED_WITH_COMPATIBLE_ALIASES,kaggle_workspace/imported_outputs/v22_full10/RB28_ELLIPTIC_LOSS_ROBUSTNESS_FULL10_SEEDS_1_10_DUALGPU_V22/FULL10_MERGE_VALIDATION_V22.json,PASS_FULL10_MERGED_WITH_COMPATIBLE_ALIASES,kaggle_workspace/manifests/V22_FINAL_GPU_EVIDENCE_LOCK.json,eligible within exact loss/control/architecture cell,kaggle_workspace/reports/V22_FINAL_GPU_EVIDENCE_LOCK.md,supplement-only,"Version aliases are compatibility mappings in the canonical lock, not new experiments."
V22::RB28::elliptic::strict_inductive::sage::focal,loss/control/architecture extension,elliptic,canonical,real pseudonymized Bitcoin transaction graph,account/node,"raw licit->2, illicit->1, unknown->0; unknown excluded; positive=illicit (1)","49 time steps; train t1-30, validation t31-34, test t35-49",published account/node graph,test nodes and incident test edges withheld from training graph; test-time graph restricted by strict contract,strict_inductive,sage; loss=focal,1-10,10,"F1; precision; recall; AUROC; AUPRC; Precision/Recall@100,@500,@1000,@1%; runtime",canonical imported full10 merged evidence,kaggle_workspace/imported_outputs/v22_full10/RB28_ELLIPTIC_LOSS_ROBUSTNESS_FULL10_SEEDS_1_10_DUALGPU_V22/RESULTS_FULL10.jsonl,available and schema-valid,kaggle_workspace/imported_outputs/v22_full10/RB28_ELLIPTIC_LOSS_ROBUSTNESS_FULL10_SEEDS_1_10_DUALGPU_V22/PREDICTIONS_FULL10_INDEX_V22.json,dataset=elliptic|model=sage|seed|protocol|condition=focal,dual/single Tesla T4 Kaggle lanes; compatibility aliases recorded in lock,PASS_FULL10_MERGED_WITH_COMPATIBLE_ALIASES,kaggle_workspace/imported_outputs/v22_full10/RB28_ELLIPTIC_LOSS_ROBUSTNESS_FULL10_SEEDS_1_10_DUALGPU_V22/FULL10_MERGE_VALIDATION_V22.json,PASS_FULL10_MERGED_WITH_COMPATIBLE_ALIASES,kaggle_workspace/manifests/V22_FINAL_GPU_EVIDENCE_LOCK.json,eligible within exact loss/control/architecture cell,kaggle_workspace/reports/V22_FINAL_GPU_EVIDENCE_LOCK.md,supplement-only,"Version aliases are compatibility mappings in the canonical lock, not new experiments."
V22::RB28::elliptic::strict_inductive::sage::weighted_bce,loss/control/architecture extension,elliptic,canonical,real pseudonymized Bitcoin transaction graph,account/node,"raw licit->2, illicit->1, unknown->0; unknown excluded; positive=illicit (1)","49 time steps; train t1-30, validation t31-34, test t35-49",published account/node graph,test nodes and incident test edges withheld from training graph; test-time graph restricted by strict contract,strict_inductive,sage; loss=weighted_bce,1-10,10,"F1; precision; recall; AUROC; AUPRC; Precision/Recall@100,@500,@1000,@1%; runtime",canonical imported full10 merged evidence,kaggle_workspace/imported_outputs/v22_full10/RB28_ELLIPTIC_LOSS_ROBUSTNESS_FULL10_SEEDS_1_10_DUALGPU_V22/RESULTS_FULL10.jsonl,available and schema-valid,kaggle_workspace/imported_outputs/v22_full10/RB28_ELLIPTIC_LOSS_ROBUSTNESS_FULL10_SEEDS_1_10_DUALGPU_V22/PREDICTIONS_FULL10_INDEX_V22.json,dataset=elliptic|model=sage|seed|protocol|condition=weighted_bce,dual/single Tesla T4 Kaggle lanes; compatibility aliases recorded in lock,PASS_FULL10_MERGED_WITH_COMPATIBLE_ALIASES,kaggle_workspace/imported_outputs/v22_full10/RB28_ELLIPTIC_LOSS_ROBUSTNESS_FULL10_SEEDS_1_10_DUALGPU_V22/FULL10_MERGE_VALIDATION_V22.json,PASS_FULL10_MERGED_WITH_COMPATIBLE_ALIASES,kaggle_workspace/manifests/V22_FINAL_GPU_EVIDENCE_LOCK.json,eligible within exact loss/control/architecture cell,kaggle_workspace/reports/V22_FINAL_GPU_EVIDENCE_LOCK.md,supplement-only,"Version aliases are compatibility mappings in the canonical lock, not new experiments."
V22::RB29::dgraphfin::inductive_isolated::mlp::feature_shuffle,loss/control/architecture extension,dgraphfin,canonical,real anonymized financial user graph,account/node,"raw normal 0->licit 2, fraud 1->fraud 1, background 2/3->unknown 0; unknown excluded; positive=fraud (1)","20 incident-edge timestamp buckets; train t1-14, validation t15-16, test t17-20",published account/node graph; control=feature_shuffle,chronological split with isolated split-specific evaluation subgraph,inductive_isolated,mlp; loss=weighted_bce; control=feature_shuffle,1-10,10,"F1; precision; recall; AUROC; AUPRC; Precision/Recall@100,@500,@1000,@1%; runtime",canonical imported full10 merged evidence,kaggle_workspace/imported_outputs/v22_full10/RB29_DGRAPHFIN_NEGATIVE_CONTROLS_ISOLATED_FULL10_SEEDS_1_10_DUALGPU_V22/RESULTS_FULL10.jsonl,available and schema-valid,kaggle_workspace/imported_outputs/v22_full10/RB29_DGRAPHFIN_NEGATIVE_CONTROLS_ISOLATED_FULL10_SEEDS_1_10_DUALGPU_V22/PREDICTIONS_FULL10_INDEX_V22.json,dataset=dgraphfin|model=mlp|seed|protocol|condition=feature_shuffle,dual/single Tesla T4 Kaggle lanes; compatibility aliases recorded in lock,PASS_FULL10,kaggle_workspace/imported_outputs/v22_full10/RB29_DGRAPHFIN_NEGATIVE_CONTROLS_ISOLATED_FULL10_SEEDS_1_10_DUALGPU_V22/FULL10_MERGE_VALIDATION_V22.json,PASS_FULL10,kaggle_workspace/manifests/V22_FINAL_GPU_EVIDENCE_LOCK.json,eligible within exact loss/control/architecture cell,kaggle_workspace/reports/V22_FINAL_GPU_EVIDENCE_LOCK.md,supplement-only,"Version aliases are compatibility mappings in the canonical lock, not new experiments."
V22::RB29::dgraphfin::inductive_isolated::mlp::label_shuffle,loss/control/architecture extension,dgraphfin,canonical,real anonymized financial user graph,account/node,"raw normal 0->licit 2, fraud 1->fraud 1, background 2/3->unknown 0; unknown excluded; positive=fraud (1)","20 incident-edge timestamp buckets; train t1-14, validation t15-16, test t17-20",published account/node graph; control=label_shuffle,chronological split with isolated split-specific evaluation subgraph,inductive_isolated,mlp; loss=weighted_bce; control=label_shuffle,1-10,10,"F1; precision; recall; AUROC; AUPRC; Precision/Recall@100,@500,@1000,@1%; runtime",canonical imported full10 merged evidence,kaggle_workspace/imported_outputs/v22_full10/RB29_DGRAPHFIN_NEGATIVE_CONTROLS_ISOLATED_FULL10_SEEDS_1_10_DUALGPU_V22/RESULTS_FULL10.jsonl,available and schema-valid,kaggle_workspace/imported_outputs/v22_full10/RB29_DGRAPHFIN_NEGATIVE_CONTROLS_ISOLATED_FULL10_SEEDS_1_10_DUALGPU_V22/PREDICTIONS_FULL10_INDEX_V22.json,dataset=dgraphfin|model=mlp|seed|protocol|condition=label_shuffle,dual/single Tesla T4 Kaggle lanes; compatibility aliases recorded in lock,PASS_FULL10,kaggle_workspace/imported_outputs/v22_full10/RB29_DGRAPHFIN_NEGATIVE_CONTROLS_ISOLATED_FULL10_SEEDS_1_10_DUALGPU_V22/FULL10_MERGE_VALIDATION_V22.json,PASS_FULL10,kaggle_workspace/manifests/V22_FINAL_GPU_EVIDENCE_LOCK.json,eligible within exact loss/control/architecture cell,kaggle_workspace/reports/V22_FINAL_GPU_EVIDENCE_LOCK.md,supplement-only,"Version aliases are compatibility mappings in the canonical lock, not new experiments."
V22::RB29::dgraphfin::inductive_isolated::sage::feature_shuffle,loss/control/architecture extension,dgraphfin,canonical,real anonymized financial user graph,account/node,"raw normal 0->licit 2, fraud 1->fraud 1, background 2/3->unknown 0; unknown excluded; positive=fraud (1)","20 incident-edge timestamp buckets; train t1-14, validation t15-16, test t17-20",published account/node graph; control=feature_shuffle,chronological split with isolated split-specific evaluation subgraph,inductive_isolated,sage; loss=weighted_bce; control=feature_shuffle,1-10,10,"F1; precision; recall; AUROC; AUPRC; Precision/Recall@100,@500,@1000,@1%; runtime",canonical imported full10 merged evidence,kaggle_workspace/imported_outputs/v22_full10/RB29_DGRAPHFIN_NEGATIVE_CONTROLS_ISOLATED_FULL10_SEEDS_1_10_DUALGPU_V22/RESULTS_FULL10.jsonl,available and schema-valid,kaggle_workspace/imported_outputs/v22_full10/RB29_DGRAPHFIN_NEGATIVE_CONTROLS_ISOLATED_FULL10_SEEDS_1_10_DUALGPU_V22/PREDICTIONS_FULL10_INDEX_V22.json,dataset=dgraphfin|model=sage|seed|protocol|condition=feature_shuffle,dual/single Tesla T4 Kaggle lanes; compatibility aliases recorded in lock,PASS_FULL10,kaggle_workspace/imported_outputs/v22_full10/RB29_DGRAPHFIN_NEGATIVE_CONTROLS_ISOLATED_FULL10_SEEDS_1_10_DUALGPU_V22/FULL10_MERGE_VALIDATION_V22.json,PASS_FULL10,kaggle_workspace/manifests/V22_FINAL_GPU_EVIDENCE_LOCK.json,eligible within exact loss/control/architecture cell,kaggle_workspace/reports/V22_FINAL_GPU_EVIDENCE_LOCK.md,supplement-only,"Version aliases are compatibility mappings in the canonical lock, not new experiments."
V22::RB29::dgraphfin::inductive_isolated::sage::label_shuffle,loss/control/architecture extension,dgraphfin,canonical,real anonymized financial user graph,account/node,"raw normal 0->licit 2, fraud 1->fraud 1, background 2/3->unknown 0; unknown excluded; positive=fraud (1)","20 incident-edge timestamp buckets; train t1-14, validation t15-16, test t17-20",published account/node graph; control=label_shuffle,chronological split with isolated split-specific evaluation subgraph,inductive_isolated,sage; loss=weighted_bce; control=label_shuffle,1-10,10,"F1; precision; recall; AUROC; AUPRC; Precision/Recall@100,@500,@1000,@1%; runtime",canonical imported full10 merged evidence,kaggle_workspace/imported_outputs/v22_full10/RB29_DGRAPHFIN_NEGATIVE_CONTROLS_ISOLATED_FULL10_SEEDS_1_10_DUALGPU_V22/RESULTS_FULL10.jsonl,available and schema-valid,kaggle_workspace/imported_outputs/v22_full10/RB29_DGRAPHFIN_NEGATIVE_CONTROLS_ISOLATED_FULL10_SEEDS_1_10_DUALGPU_V22/PREDICTIONS_FULL10_INDEX_V22.json,dataset=dgraphfin|model=sage|seed|protocol|condition=label_shuffle,dual/single Tesla T4 Kaggle lanes; compatibility aliases recorded in lock,PASS_FULL10,kaggle_workspace/imported_outputs/v22_full10/RB29_DGRAPHFIN_NEGATIVE_CONTROLS_ISOLATED_FULL10_SEEDS_1_10_DUALGPU_V22/FULL10_MERGE_VALIDATION_V22.json,PASS_FULL10,kaggle_workspace/manifests/V22_FINAL_GPU_EVIDENCE_LOCK.json,eligible within exact loss/control/architecture cell,kaggle_workspace/reports/V22_FINAL_GPU_EVIDENCE_LOCK.md,supplement-only,"Version aliases are compatibility mappings in the canonical lock, not new experiments."
V22::RB29::dgraphfin::strict_inductive::mlp::feature_shuffle,loss/control/architecture extension,dgraphfin,canonical,real anonymized financial user graph,account/node,"raw normal 0->licit 2, fraud 1->fraud 1, background 2/3->unknown 0; unknown excluded; positive=fraud (1)","20 incident-edge timestamp buckets; train t1-14, validation t15-16, test t17-20",published account/node graph; control=feature_shuffle,test nodes and incident test edges withheld from training graph; test-time graph restricted by strict contract,strict_inductive,mlp; loss=weighted_bce; control=feature_shuffle,1-10,10,"F1; precision; recall; AUROC; AUPRC; Precision/Recall@100,@500,@1000,@1%; runtime",canonical imported full10 merged evidence,kaggle_workspace/imported_outputs/v22_full10/RB29_DGRAPHFIN_NEGATIVE_CONTROLS_ISOLATED_FULL10_SEEDS_1_10_DUALGPU_V22/RESULTS_FULL10.jsonl,available and schema-valid,kaggle_workspace/imported_outputs/v22_full10/RB29_DGRAPHFIN_NEGATIVE_CONTROLS_ISOLATED_FULL10_SEEDS_1_10_DUALGPU_V22/PREDICTIONS_FULL10_INDEX_V22.json,dataset=dgraphfin|model=mlp|seed|protocol|condition=feature_shuffle,dual/single Tesla T4 Kaggle lanes; compatibility aliases recorded in lock,PASS_FULL10,kaggle_workspace/imported_outputs/v22_full10/RB29_DGRAPHFIN_NEGATIVE_CONTROLS_ISOLATED_FULL10_SEEDS_1_10_DUALGPU_V22/FULL10_MERGE_VALIDATION_V22.json,PASS_FULL10,kaggle_workspace/manifests/V22_FINAL_GPU_EVIDENCE_LOCK.json,eligible within exact loss/control/architecture cell,kaggle_workspace/reports/V22_FINAL_GPU_EVIDENCE_LOCK.md,supplement-only,"Version aliases are compatibility mappings in the canonical lock, not new experiments."
V22::RB29::dgraphfin::strict_inductive::mlp::label_shuffle,loss/control/architecture extension,dgraphfin,canonical,real anonymized financial user graph,account/node,"raw normal 0->licit 2, fraud 1->fraud 1, background 2/3->unknown 0; unknown excluded; positive=fraud (1)","20 incident-edge timestamp buckets; train t1-14, validation t15-16, test t17-20",published account/node graph; control=label_shuffle,test nodes and incident test edges withheld from training graph; test-time graph restricted by strict contract,strict_inductive,mlp; loss=weighted_bce; control=label_shuffle,1-10,10,"F1; precision; recall; AUROC; AUPRC; Precision/Recall@100,@500,@1000,@1%; runtime",canonical imported full10 merged evidence,kaggle_workspace/imported_outputs/v22_full10/RB29_DGRAPHFIN_NEGATIVE_CONTROLS_ISOLATED_FULL10_SEEDS_1_10_DUALGPU_V22/RESULTS_FULL10.jsonl,available and schema-valid,kaggle_workspace/imported_outputs/v22_full10/RB29_DGRAPHFIN_NEGATIVE_CONTROLS_ISOLATED_FULL10_SEEDS_1_10_DUALGPU_V22/PREDICTIONS_FULL10_INDEX_V22.json,dataset=dgraphfin|model=mlp|seed|protocol|condition=label_shuffle,dual/single Tesla T4 Kaggle lanes; compatibility aliases recorded in lock,PASS_FULL10,kaggle_workspace/imported_outputs/v22_full10/RB29_DGRAPHFIN_NEGATIVE_CONTROLS_ISOLATED_FULL10_SEEDS_1_10_DUALGPU_V22/FULL10_MERGE_VALIDATION_V22.json,PASS_FULL10,kaggle_workspace/manifests/V22_FINAL_GPU_EVIDENCE_LOCK.json,eligible within exact loss/control/architecture cell,kaggle_workspace/reports/V22_FINAL_GPU_EVIDENCE_LOCK.md,supplement-only,"Version aliases are compatibility mappings in the canonical lock, not new experiments."
V22::RB29::dgraphfin::strict_inductive::sage::feature_shuffle,loss/control/architecture extension,dgraphfin,canonical,real anonymized financial user graph,account/node,"raw normal 0->licit 2, fraud 1->fraud 1, background 2/3->unknown 0; unknown excluded; positive=fraud (1)","20 incident-edge timestamp buckets; train t1-14, validation t15-16, test t17-20",published account/node graph; control=feature_shuffle,test nodes and incident test edges withheld from training graph; test-time graph restricted by strict contract,strict_inductive,sage; loss=weighted_bce; control=feature_shuffle,1-10,10,"F1; precision; recall; AUROC; AUPRC; Precision/Recall@100,@500,@1000,@1%; runtime",canonical imported full10 merged evidence,kaggle_workspace/imported_outputs/v22_full10/RB29_DGRAPHFIN_NEGATIVE_CONTROLS_ISOLATED_FULL10_SEEDS_1_10_DUALGPU_V22/RESULTS_FULL10.jsonl,available and schema-valid,kaggle_workspace/imported_outputs/v22_full10/RB29_DGRAPHFIN_NEGATIVE_CONTROLS_ISOLATED_FULL10_SEEDS_1_10_DUALGPU_V22/PREDICTIONS_FULL10_INDEX_V22.json,dataset=dgraphfin|model=sage|seed|protocol|condition=feature_shuffle,dual/single Tesla T4 Kaggle lanes; compatibility aliases recorded in lock,PASS_FULL10,kaggle_workspace/imported_outputs/v22_full10/RB29_DGRAPHFIN_NEGATIVE_CONTROLS_ISOLATED_FULL10_SEEDS_1_10_DUALGPU_V22/FULL10_MERGE_VALIDATION_V22.json,PASS_FULL10,kaggle_workspace/manifests/V22_FINAL_GPU_EVIDENCE_LOCK.json,eligible within exact loss/control/architecture cell,kaggle_workspace/reports/V22_FINAL_GPU_EVIDENCE_LOCK.md,supplement-only,"Version aliases are compatibility mappings in the canonical lock, not new experiments."
V22::RB29::dgraphfin::strict_inductive::sage::label_shuffle,loss/control/architecture extension,dgraphfin,canonical,real anonymized financial user graph,account/node,"raw normal 0->licit 2, fraud 1->fraud 1, background 2/3->unknown 0; unknown excluded; positive=fraud (1)","20 incident-edge timestamp buckets; train t1-14, validation t15-16, test t17-20",published account/node graph; control=label_shuffle,test nodes and incident test edges withheld from training graph; test-time graph restricted by strict contract,strict_inductive,sage; loss=weighted_bce; control=label_shuffle,1-10,10,"F1; precision; recall; AUROC; AUPRC; Precision/Recall@100,@500,@1000,@1%; runtime",canonical imported full10 merged evidence,kaggle_workspace/imported_outputs/v22_full10/RB29_DGRAPHFIN_NEGATIVE_CONTROLS_ISOLATED_FULL10_SEEDS_1_10_DUALGPU_V22/RESULTS_FULL10.jsonl,available and schema-valid,kaggle_workspace/imported_outputs/v22_full10/RB29_DGRAPHFIN_NEGATIVE_CONTROLS_ISOLATED_FULL10_SEEDS_1_10_DUALGPU_V22/PREDICTIONS_FULL10_INDEX_V22.json,dataset=dgraphfin|model=sage|seed|protocol|condition=label_shuffle,dual/single Tesla T4 Kaggle lanes; compatibility aliases recorded in lock,PASS_FULL10,kaggle_workspace/imported_outputs/v22_full10/RB29_DGRAPHFIN_NEGATIVE_CONTROLS_ISOLATED_FULL10_SEEDS_1_10_DUALGPU_V22/FULL10_MERGE_VALIDATION_V22.json,PASS_FULL10,kaggle_workspace/manifests/V22_FINAL_GPU_EVIDENCE_LOCK.json,eligible within exact loss/control/architecture cell,kaggle_workspace/reports/V22_FINAL_GPU_EVIDENCE_LOCK.md,supplement-only,"Version aliases are compatibility mappings in the canonical lock, not new experiments."
V22::RB29::elliptic::inductive_isolated::mlp::edge_drop,loss/control/architecture extension,elliptic,canonical,real pseudonymized Bitcoin transaction graph,account/node,"raw licit->2, illicit->1, unknown->0; unknown excluded; positive=illicit (1)","49 time steps; train t1-30, validation t31-34, test t35-49",published account/node graph; control=edge_drop,chronological split with isolated split-specific evaluation subgraph,inductive_isolated,mlp; loss=weighted_bce; control=edge_drop,1-10,10,"F1; precision; recall; AUROC; AUPRC; Precision/Recall@100,@500,@1000,@1%; runtime",canonical imported full10 merged evidence,kaggle_workspace/imported_outputs/v22_full10/RB29_ELLIPTIC_NEGATIVE_CONTROLS_FULL10_SEEDS_1_10_DUALGPU_V22/RESULTS_FULL10.jsonl,available and schema-valid,kaggle_workspace/imported_outputs/v22_full10/RB29_ELLIPTIC_NEGATIVE_CONTROLS_FULL10_SEEDS_1_10_DUALGPU_V22/PREDICTIONS_FULL10_INDEX_V22.json,dataset=elliptic|model=mlp|seed|protocol|condition=edge_drop,dual/single Tesla T4 Kaggle lanes; compatibility aliases recorded in lock,PASS_FULL10,kaggle_workspace/imported_outputs/v22_full10/RB29_ELLIPTIC_NEGATIVE_CONTROLS_FULL10_SEEDS_1_10_DUALGPU_V22/FULL10_MERGE_VALIDATION_V22.json,PASS_FULL10,kaggle_workspace/manifests/V22_FINAL_GPU_EVIDENCE_LOCK.json,eligible within exact loss/control/architecture cell,kaggle_workspace/reports/V22_FINAL_GPU_EVIDENCE_LOCK.md,supplement-only,"Version aliases are compatibility mappings in the canonical lock, not new experiments."
V22::RB29::elliptic::inductive_isolated::mlp::feature_shuffle,loss/control/architecture extension,elliptic,canonical,real pseudonymized Bitcoin transaction graph,account/node,"raw licit->2, illicit->1, unknown->0; unknown excluded; positive=illicit (1)","49 time steps; train t1-30, validation t31-34, test t35-49",published account/node graph; control=feature_shuffle,chronological split with isolated split-specific evaluation subgraph,inductive_isolated,mlp; loss=weighted_bce; control=feature_shuffle,1-10,10,"F1; precision; recall; AUROC; AUPRC; Precision/Recall@100,@500,@1000,@1%; runtime",canonical imported full10 merged evidence,kaggle_workspace/imported_outputs/v22_full10/RB29_ELLIPTIC_NEGATIVE_CONTROLS_FULL10_SEEDS_1_10_DUALGPU_V22/RESULTS_FULL10.jsonl,available and schema-valid,kaggle_workspace/imported_outputs/v22_full10/RB29_ELLIPTIC_NEGATIVE_CONTROLS_FULL10_SEEDS_1_10_DUALGPU_V22/PREDICTIONS_FULL10_INDEX_V22.json,dataset=elliptic|model=mlp|seed|protocol|condition=feature_shuffle,dual/single Tesla T4 Kaggle lanes; compatibility aliases recorded in lock,PASS_FULL10,kaggle_workspace/imported_outputs/v22_full10/RB29_ELLIPTIC_NEGATIVE_CONTROLS_FULL10_SEEDS_1_10_DUALGPU_V22/FULL10_MERGE_VALIDATION_V22.json,PASS_FULL10,kaggle_workspace/manifests/V22_FINAL_GPU_EVIDENCE_LOCK.json,eligible within exact loss/control/architecture cell,kaggle_workspace/reports/V22_FINAL_GPU_EVIDENCE_LOCK.md,supplement-only,"Version aliases are compatibility mappings in the canonical lock, not new experiments."
V22::RB29::elliptic::inductive_isolated::mlp::label_shuffle,loss/control/architecture extension,elliptic,canonical,real pseudonymized Bitcoin transaction graph,account/node,"raw licit->2, illicit->1, unknown->0; unknown excluded; positive=illicit (1)","49 time steps; train t1-30, validation t31-34, test t35-49",published account/node graph; control=label_shuffle,chronological split with isolated split-specific evaluation subgraph,inductive_isolated,mlp; loss=weighted_bce; control=label_shuffle,1-10,10,"F1; precision; recall; AUROC; AUPRC; Precision/Recall@100,@500,@1000,@1%; runtime",canonical imported full10 merged evidence,kaggle_workspace/imported_outputs/v22_full10/RB29_ELLIPTIC_NEGATIVE_CONTROLS_FULL10_SEEDS_1_10_DUALGPU_V22/RESULTS_FULL10.jsonl,available and schema-valid,kaggle_workspace/imported_outputs/v22_full10/RB29_ELLIPTIC_NEGATIVE_CONTROLS_FULL10_SEEDS_1_10_DUALGPU_V22/PREDICTIONS_FULL10_INDEX_V22.json,dataset=elliptic|model=mlp|seed|protocol|condition=label_shuffle,dual/single Tesla T4 Kaggle lanes; compatibility aliases recorded in lock,PASS_FULL10,kaggle_workspace/imported_outputs/v22_full10/RB29_ELLIPTIC_NEGATIVE_CONTROLS_FULL10_SEEDS_1_10_DUALGPU_V22/FULL10_MERGE_VALIDATION_V22.json,PASS_FULL10,kaggle_workspace/manifests/V22_FINAL_GPU_EVIDENCE_LOCK.json,eligible within exact loss/control/architecture cell,kaggle_workspace/reports/V22_FINAL_GPU_EVIDENCE_LOCK.md,supplement-only,"Version aliases are compatibility mappings in the canonical lock, not new experiments."
V22::RB29::elliptic::inductive_isolated::mlp::time_shuffle,loss/control/architecture extension,elliptic,canonical,real pseudonymized Bitcoin transaction graph,account/node,"raw licit->2, illicit->1, unknown->0; unknown excluded; positive=illicit (1)","49 time steps; train t1-30, validation t31-34, test t35-49",published account/node graph; control=time_shuffle,chronological split with isolated split-specific evaluation subgraph,inductive_isolated,mlp; loss=weighted_bce; control=time_shuffle,1-10,10,"F1; precision; recall; AUROC; AUPRC; Precision/Recall@100,@500,@1000,@1%; runtime",canonical imported full10 merged evidence,kaggle_workspace/imported_outputs/v22_full10/RB29_ELLIPTIC_NEGATIVE_CONTROLS_FULL10_SEEDS_1_10_DUALGPU_V22/RESULTS_FULL10.jsonl,available and schema-valid,kaggle_workspace/imported_outputs/v22_full10/RB29_ELLIPTIC_NEGATIVE_CONTROLS_FULL10_SEEDS_1_10_DUALGPU_V22/PREDICTIONS_FULL10_INDEX_V22.json,dataset=elliptic|model=mlp|seed|protocol|condition=time_shuffle,dual/single Tesla T4 Kaggle lanes; compatibility aliases recorded in lock,PASS_FULL10,kaggle_workspace/imported_outputs/v22_full10/RB29_ELLIPTIC_NEGATIVE_CONTROLS_FULL10_SEEDS_1_10_DUALGPU_V22/FULL10_MERGE_VALIDATION_V22.json,PASS_FULL10,kaggle_workspace/manifests/V22_FINAL_GPU_EVIDENCE_LOCK.json,eligible within exact loss/control/architecture cell,kaggle_workspace/reports/V22_FINAL_GPU_EVIDENCE_LOCK.md,supplement-only,"Version aliases are compatibility mappings in the canonical lock, not new experiments."
V22::RB29::elliptic::inductive_isolated::sage::edge_drop,loss/control/architecture extension,elliptic,canonical,real pseudonymized Bitcoin transaction graph,account/node,"raw licit->2, illicit->1, unknown->0; unknown excluded; positive=illicit (1)","49 time steps; train t1-30, validation t31-34, test t35-49",published account/node graph; control=edge_drop,chronological split with isolated split-specific evaluation subgraph,inductive_isolated,sage; loss=weighted_bce; control=edge_drop,1-10,10,"F1; precision; recall; AUROC; AUPRC; Precision/Recall@100,@500,@1000,@1%; runtime",canonical imported full10 merged evidence,kaggle_workspace/imported_outputs/v22_full10/RB29_ELLIPTIC_NEGATIVE_CONTROLS_FULL10_SEEDS_1_10_DUALGPU_V22/RESULTS_FULL10.jsonl,available and schema-valid,kaggle_workspace/imported_outputs/v22_full10/RB29_ELLIPTIC_NEGATIVE_CONTROLS_FULL10_SEEDS_1_10_DUALGPU_V22/PREDICTIONS_FULL10_INDEX_V22.json,dataset=elliptic|model=sage|seed|protocol|condition=edge_drop,dual/single Tesla T4 Kaggle lanes; compatibility aliases recorded in lock,PASS_FULL10,kaggle_workspace/imported_outputs/v22_full10/RB29_ELLIPTIC_NEGATIVE_CONTROLS_FULL10_SEEDS_1_10_DUALGPU_V22/FULL10_MERGE_VALIDATION_V22.json,PASS_FULL10,kaggle_workspace/manifests/V22_FINAL_GPU_EVIDENCE_LOCK.json,eligible within exact loss/control/architecture cell,kaggle_workspace/reports/V22_FINAL_GPU_EVIDENCE_LOCK.md,supplement-only,"Version aliases are compatibility mappings in the canonical lock, not new experiments."
V22::RB29::elliptic::inductive_isolated::sage::feature_shuffle,loss/control/architecture extension,elliptic,canonical,real pseudonymized Bitcoin transaction graph,account/node,"raw licit->2, illicit->1, unknown->0; unknown excluded; positive=illicit (1)","49 time steps; train t1-30, validation t31-34, test t35-49",published account/node graph; control=feature_shuffle,chronological split with isolated split-specific evaluation subgraph,inductive_isolated,sage; loss=weighted_bce; control=feature_shuffle,1-10,10,"F1; precision; recall; AUROC; AUPRC; Precision/Recall@100,@500,@1000,@1%; runtime",canonical imported full10 merged evidence,kaggle_workspace/imported_outputs/v22_full10/RB29_ELLIPTIC_NEGATIVE_CONTROLS_FULL10_SEEDS_1_10_DUALGPU_V22/RESULTS_FULL10.jsonl,available and schema-valid,kaggle_workspace/imported_outputs/v22_full10/RB29_ELLIPTIC_NEGATIVE_CONTROLS_FULL10_SEEDS_1_10_DUALGPU_V22/PREDICTIONS_FULL10_INDEX_V22.json,dataset=elliptic|model=sage|seed|protocol|condition=feature_shuffle,dual/single Tesla T4 Kaggle lanes; compatibility aliases recorded in lock,PASS_FULL10,kaggle_workspace/imported_outputs/v22_full10/RB29_ELLIPTIC_NEGATIVE_CONTROLS_FULL10_SEEDS_1_10_DUALGPU_V22/FULL10_MERGE_VALIDATION_V22.json,PASS_FULL10,kaggle_workspace/manifests/V22_FINAL_GPU_EVIDENCE_LOCK.json,eligible within exact loss/control/architecture cell,kaggle_workspace/reports/V22_FINAL_GPU_EVIDENCE_LOCK.md,supplement-only,"Version aliases are compatibility mappings in the canonical lock, not new experiments."
V22::RB29::elliptic::inductive_isolated::sage::label_shuffle,loss/control/architecture extension,elliptic,canonical,real pseudonymized Bitcoin transaction graph,account/node,"raw licit->2, illicit->1, unknown->0; unknown excluded; positive=illicit (1)","49 time steps; train t1-30, validation t31-34, test t35-49",published account/node graph; control=label_shuffle,chronological split with isolated split-specific evaluation subgraph,inductive_isolated,sage; loss=weighted_bce; control=label_shuffle,1-10,10,"F1; precision; recall; AUROC; AUPRC; Precision/Recall@100,@500,@1000,@1%; runtime",canonical imported full10 merged evidence,kaggle_workspace/imported_outputs/v22_full10/RB29_ELLIPTIC_NEGATIVE_CONTROLS_FULL10_SEEDS_1_10_DUALGPU_V22/RESULTS_FULL10.jsonl,available and schema-valid,kaggle_workspace/imported_outputs/v22_full10/RB29_ELLIPTIC_NEGATIVE_CONTROLS_FULL10_SEEDS_1_10_DUALGPU_V22/PREDICTIONS_FULL10_INDEX_V22.json,dataset=elliptic|model=sage|seed|protocol|condition=label_shuffle,dual/single Tesla T4 Kaggle lanes; compatibility aliases recorded in lock,PASS_FULL10,kaggle_workspace/imported_outputs/v22_full10/RB29_ELLIPTIC_NEGATIVE_CONTROLS_FULL10_SEEDS_1_10_DUALGPU_V22/FULL10_MERGE_VALIDATION_V22.json,PASS_FULL10,kaggle_workspace/manifests/V22_FINAL_GPU_EVIDENCE_LOCK.json,eligible within exact loss/control/architecture cell,kaggle_workspace/reports/V22_FINAL_GPU_EVIDENCE_LOCK.md,supplement-only,"Version aliases are compatibility mappings in the canonical lock, not new experiments."
V22::RB29::elliptic::inductive_isolated::sage::time_shuffle,loss/control/architecture extension,elliptic,canonical,real pseudonymized Bitcoin transaction graph,account/node,"raw licit->2, illicit->1, unknown->0; unknown excluded; positive=illicit (1)","49 time steps; train t1-30, validation t31-34, test t35-49",published account/node graph; control=time_shuffle,chronological split with isolated split-specific evaluation subgraph,inductive_isolated,sage; loss=weighted_bce; control=time_shuffle,1-10,10,"F1; precision; recall; AUROC; AUPRC; Precision/Recall@100,@500,@1000,@1%; runtime",canonical imported full10 merged evidence,kaggle_workspace/imported_outputs/v22_full10/RB29_ELLIPTIC_NEGATIVE_CONTROLS_FULL10_SEEDS_1_10_DUALGPU_V22/RESULTS_FULL10.jsonl,available and schema-valid,kaggle_workspace/imported_outputs/v22_full10/RB29_ELLIPTIC_NEGATIVE_CONTROLS_FULL10_SEEDS_1_10_DUALGPU_V22/PREDICTIONS_FULL10_INDEX_V22.json,dataset=elliptic|model=sage|seed|protocol|condition=time_shuffle,dual/single Tesla T4 Kaggle lanes; compatibility aliases recorded in lock,PASS_FULL10,kaggle_workspace/imported_outputs/v22_full10/RB29_ELLIPTIC_NEGATIVE_CONTROLS_FULL10_SEEDS_1_10_DUALGPU_V22/FULL10_MERGE_VALIDATION_V22.json,PASS_FULL10,kaggle_workspace/manifests/V22_FINAL_GPU_EVIDENCE_LOCK.json,eligible within exact loss/control/architecture cell,kaggle_workspace/reports/V22_FINAL_GPU_EVIDENCE_LOCK.md,supplement-only,"Version aliases are compatibility mappings in the canonical lock, not new experiments."
V22::RB29::elliptic::strict_inductive::mlp::edge_drop,loss/control/architecture extension,elliptic,canonical,real pseudonymized Bitcoin transaction graph,account/node,"raw licit->2, illicit->1, unknown->0; unknown excluded; positive=illicit (1)","49 time steps; train t1-30, validation t31-34, test t35-49",published account/node graph; control=edge_drop,test nodes and incident test edges withheld from training graph; test-time graph restricted by strict contract,strict_inductive,mlp; loss=weighted_bce; control=edge_drop,1-10,10,"F1; precision; recall; AUROC; AUPRC; Precision/Recall@100,@500,@1000,@1%; runtime",canonical imported full10 merged evidence,kaggle_workspace/imported_outputs/v22_full10/RB29_ELLIPTIC_NEGATIVE_CONTROLS_FULL10_SEEDS_1_10_DUALGPU_V22/RESULTS_FULL10.jsonl,available and schema-valid,kaggle_workspace/imported_outputs/v22_full10/RB29_ELLIPTIC_NEGATIVE_CONTROLS_FULL10_SEEDS_1_10_DUALGPU_V22/PREDICTIONS_FULL10_INDEX_V22.json,dataset=elliptic|model=mlp|seed|protocol|condition=edge_drop,dual/single Tesla T4 Kaggle lanes; compatibility aliases recorded in lock,PASS_FULL10,kaggle_workspace/imported_outputs/v22_full10/RB29_ELLIPTIC_NEGATIVE_CONTROLS_FULL10_SEEDS_1_10_DUALGPU_V22/FULL10_MERGE_VALIDATION_V22.json,PASS_FULL10,kaggle_workspace/manifests/V22_FINAL_GPU_EVIDENCE_LOCK.json,eligible within exact loss/control/architecture cell,kaggle_workspace/reports/V22_FINAL_GPU_EVIDENCE_LOCK.md,supplement-only,"Version aliases are compatibility mappings in the canonical lock, not new experiments."
V22::RB29::elliptic::strict_inductive::mlp::feature_shuffle,loss/control/architecture extension,elliptic,canonical,real pseudonymized Bitcoin transaction graph,account/node,"raw licit->2, illicit->1, unknown->0; unknown excluded; positive=illicit (1)","49 time steps; train t1-30, validation t31-34, test t35-49",published account/node graph; control=feature_shuffle,test nodes and incident test edges withheld from training graph; test-time graph restricted by strict contract,strict_inductive,mlp; loss=weighted_bce; control=feature_shuffle,1-10,10,"F1; precision; recall; AUROC; AUPRC; Precision/Recall@100,@500,@1000,@1%; runtime",canonical imported full10 merged evidence,kaggle_workspace/imported_outputs/v22_full10/RB29_ELLIPTIC_NEGATIVE_CONTROLS_FULL10_SEEDS_1_10_DUALGPU_V22/RESULTS_FULL10.jsonl,available and schema-valid,kaggle_workspace/imported_outputs/v22_full10/RB29_ELLIPTIC_NEGATIVE_CONTROLS_FULL10_SEEDS_1_10_DUALGPU_V22/PREDICTIONS_FULL10_INDEX_V22.json,dataset=elliptic|model=mlp|seed|protocol|condition=feature_shuffle,dual/single Tesla T4 Kaggle lanes; compatibility aliases recorded in lock,PASS_FULL10,kaggle_workspace/imported_outputs/v22_full10/RB29_ELLIPTIC_NEGATIVE_CONTROLS_FULL10_SEEDS_1_10_DUALGPU_V22/FULL10_MERGE_VALIDATION_V22.json,PASS_FULL10,kaggle_workspace/manifests/V22_FINAL_GPU_EVIDENCE_LOCK.json,eligible within exact loss/control/architecture cell,kaggle_workspace/reports/V22_FINAL_GPU_EVIDENCE_LOCK.md,supplement-only,"Version aliases are compatibility mappings in the canonical lock, not new experiments."
V22::RB29::elliptic::strict_inductive::mlp::label_shuffle,loss/control/architecture extension,elliptic,canonical,real pseudonymized Bitcoin transaction graph,account/node,"raw licit->2, illicit->1, unknown->0; unknown excluded; positive=illicit (1)","49 time steps; train t1-30, validation t31-34, test t35-49",published account/node graph; control=label_shuffle,test nodes and incident test edges withheld from training graph; test-time graph restricted by strict contract,strict_inductive,mlp; loss=weighted_bce; control=label_shuffle,1-10,10,"F1; precision; recall; AUROC; AUPRC; Precision/Recall@100,@500,@1000,@1%; runtime",canonical imported full10 merged evidence,kaggle_workspace/imported_outputs/v22_full10/RB29_ELLIPTIC_NEGATIVE_CONTROLS_FULL10_SEEDS_1_10_DUALGPU_V22/RESULTS_FULL10.jsonl,available and schema-valid,kaggle_workspace/imported_outputs/v22_full10/RB29_ELLIPTIC_NEGATIVE_CONTROLS_FULL10_SEEDS_1_10_DUALGPU_V22/PREDICTIONS_FULL10_INDEX_V22.json,dataset=elliptic|model=mlp|seed|protocol|condition=label_shuffle,dual/single Tesla T4 Kaggle lanes; compatibility aliases recorded in lock,PASS_FULL10,kaggle_workspace/imported_outputs/v22_full10/RB29_ELLIPTIC_NEGATIVE_CONTROLS_FULL10_SEEDS_1_10_DUALGPU_V22/FULL10_MERGE_VALIDATION_V22.json,PASS_FULL10,kaggle_workspace/manifests/V22_FINAL_GPU_EVIDENCE_LOCK.json,eligible within exact loss/control/architecture cell,kaggle_workspace/reports/V22_FINAL_GPU_EVIDENCE_LOCK.md,supplement-only,"Version aliases are compatibility mappings in the canonical lock, not new experiments."
V22::RB29::elliptic::strict_inductive::mlp::time_shuffle,loss/control/architecture extension,elliptic,canonical,real pseudonymized Bitcoin transaction graph,account/node,"raw licit->2, illicit->1, unknown->0; unknown excluded; positive=illicit (1)","49 time steps; train t1-30, validation t31-34, test t35-49",published account/node graph; control=time_shuffle,test nodes and incident test edges withheld from training graph; test-time graph restricted by strict contract,strict_inductive,mlp; loss=weighted_bce; control=time_shuffle,1-10,10,"F1; precision; recall; AUROC; AUPRC; Precision/Recall@100,@500,@1000,@1%; runtime",canonical imported full10 merged evidence,kaggle_workspace/imported_outputs/v22_full10/RB29_ELLIPTIC_NEGATIVE_CONTROLS_FULL10_SEEDS_1_10_DUALGPU_V22/RESULTS_FULL10.jsonl,available and schema-valid,kaggle_workspace/imported_outputs/v22_full10/RB29_ELLIPTIC_NEGATIVE_CONTROLS_FULL10_SEEDS_1_10_DUALGPU_V22/PREDICTIONS_FULL10_INDEX_V22.json,dataset=elliptic|model=mlp|seed|protocol|condition=time_shuffle,dual/single Tesla T4 Kaggle lanes; compatibility aliases recorded in lock,PASS_FULL10,kaggle_workspace/imported_outputs/v22_full10/RB29_ELLIPTIC_NEGATIVE_CONTROLS_FULL10_SEEDS_1_10_DUALGPU_V22/FULL10_MERGE_VALIDATION_V22.json,PASS_FULL10,kaggle_workspace/manifests/V22_FINAL_GPU_EVIDENCE_LOCK.json,eligible within exact loss/control/architecture cell,kaggle_workspace/reports/V22_FINAL_GPU_EVIDENCE_LOCK.md,supplement-only,"Version aliases are compatibility mappings in the canonical lock, not new experiments."
V22::RB29::elliptic::strict_inductive::sage::edge_drop,loss/control/architecture extension,elliptic,canonical,real pseudonymized Bitcoin transaction graph,account/node,"raw licit->2, illicit->1, unknown->0; unknown excluded; positive=illicit (1)","49 time steps; train t1-30, validation t31-34, test t35-49",published account/node graph; control=edge_drop,test nodes and incident test edges withheld from training graph; test-time graph restricted by strict contract,strict_inductive,sage; loss=weighted_bce; control=edge_drop,1-10,10,"F1; precision; recall; AUROC; AUPRC; Precision/Recall@100,@500,@1000,@1%; runtime",canonical imported full10 merged evidence,kaggle_workspace/imported_outputs/v22_full10/RB29_ELLIPTIC_NEGATIVE_CONTROLS_FULL10_SEEDS_1_10_DUALGPU_V22/RESULTS_FULL10.jsonl,available and schema-valid,kaggle_workspace/imported_outputs/v22_full10/RB29_ELLIPTIC_NEGATIVE_CONTROLS_FULL10_SEEDS_1_10_DUALGPU_V22/PREDICTIONS_FULL10_INDEX_V22.json,dataset=elliptic|model=sage|seed|protocol|condition=edge_drop,dual/single Tesla T4 Kaggle lanes; compatibility aliases recorded in lock,PASS_FULL10,kaggle_workspace/imported_outputs/v22_full10/RB29_ELLIPTIC_NEGATIVE_CONTROLS_FULL10_SEEDS_1_10_DUALGPU_V22/FULL10_MERGE_VALIDATION_V22.json,PASS_FULL10,kaggle_workspace/manifests/V22_FINAL_GPU_EVIDENCE_LOCK.json,eligible within exact loss/control/architecture cell,kaggle_workspace/reports/V22_FINAL_GPU_EVIDENCE_LOCK.md,supplement-only,"Version aliases are compatibility mappings in the canonical lock, not new experiments."
V22::RB29::elliptic::strict_inductive::sage::feature_shuffle,loss/control/architecture extension,elliptic,canonical,real pseudonymized Bitcoin transaction graph,account/node,"raw licit->2, illicit->1, unknown->0; unknown excluded; positive=illicit (1)","49 time steps; train t1-30, validation t31-34, test t35-49",published account/node graph; control=feature_shuffle,test nodes and incident test edges withheld from training graph; test-time graph restricted by strict contract,strict_inductive,sage; loss=weighted_bce; control=feature_shuffle,1-10,10,"F1; precision; recall; AUROC; AUPRC; Precision/Recall@100,@500,@1000,@1%; runtime",canonical imported full10 merged evidence,kaggle_workspace/imported_outputs/v22_full10/RB29_ELLIPTIC_NEGATIVE_CONTROLS_FULL10_SEEDS_1_10_DUALGPU_V22/RESULTS_FULL10.jsonl,available and schema-valid,kaggle_workspace/imported_outputs/v22_full10/RB29_ELLIPTIC_NEGATIVE_CONTROLS_FULL10_SEEDS_1_10_DUALGPU_V22/PREDICTIONS_FULL10_INDEX_V22.json,dataset=elliptic|model=sage|seed|protocol|condition=feature_shuffle,dual/single Tesla T4 Kaggle lanes; compatibility aliases recorded in lock,PASS_FULL10,kaggle_workspace/imported_outputs/v22_full10/RB29_ELLIPTIC_NEGATIVE_CONTROLS_FULL10_SEEDS_1_10_DUALGPU_V22/FULL10_MERGE_VALIDATION_V22.json,PASS_FULL10,kaggle_workspace/manifests/V22_FINAL_GPU_EVIDENCE_LOCK.json,eligible within exact loss/control/architecture cell,kaggle_workspace/reports/V22_FINAL_GPU_EVIDENCE_LOCK.md,supplement-only,"Version aliases are compatibility mappings in the canonical lock, not new experiments."
V22::RB29::elliptic::strict_inductive::sage::label_shuffle,loss/control/architecture extension,elliptic,canonical,real pseudonymized Bitcoin transaction graph,account/node,"raw licit->2, illicit->1, unknown->0; unknown excluded; positive=illicit (1)","49 time steps; train t1-30, validation t31-34, test t35-49",published account/node graph; control=label_shuffle,test nodes and incident test edges withheld from training graph; test-time graph restricted by strict contract,strict_inductive,sage; loss=weighted_bce; control=label_shuffle,1-10,10,"F1; precision; recall; AUROC; AUPRC; Precision/Recall@100,@500,@1000,@1%; runtime",canonical imported full10 merged evidence,kaggle_workspace/imported_outputs/v22_full10/RB29_ELLIPTIC_NEGATIVE_CONTROLS_FULL10_SEEDS_1_10_DUALGPU_V22/RESULTS_FULL10.jsonl,available and schema-valid,kaggle_workspace/imported_outputs/v22_full10/RB29_ELLIPTIC_NEGATIVE_CONTROLS_FULL10_SEEDS_1_10_DUALGPU_V22/PREDICTIONS_FULL10_INDEX_V22.json,dataset=elliptic|model=sage|seed|protocol|condition=label_shuffle,dual/single Tesla T4 Kaggle lanes; compatibility aliases recorded in lock,PASS_FULL10,kaggle_workspace/imported_outputs/v22_full10/RB29_ELLIPTIC_NEGATIVE_CONTROLS_FULL10_SEEDS_1_10_DUALGPU_V22/FULL10_MERGE_VALIDATION_V22.json,PASS_FULL10,kaggle_workspace/manifests/V22_FINAL_GPU_EVIDENCE_LOCK.json,eligible within exact loss/control/architecture cell,kaggle_workspace/reports/V22_FINAL_GPU_EVIDENCE_LOCK.md,supplement-only,"Version aliases are compatibility mappings in the canonical lock, not new experiments."
V22::RB29::elliptic::strict_inductive::sage::time_shuffle,loss/control/architecture extension,elliptic,canonical,real pseudonymized Bitcoin transaction graph,account/node,"raw licit->2, illicit->1, unknown->0; unknown excluded; positive=illicit (1)","49 time steps; train t1-30, validation t31-34, test t35-49",published account/node graph; control=time_shuffle,test nodes and incident test edges withheld from training graph; test-time graph restricted by strict contract,strict_inductive,sage; loss=weighted_bce; control=time_shuffle,1-10,10,"F1; precision; recall; AUROC; AUPRC; Precision/Recall@100,@500,@1000,@1%; runtime",canonical imported full10 merged evidence,kaggle_workspace/imported_outputs/v22_full10/RB29_ELLIPTIC_NEGATIVE_CONTROLS_FULL10_SEEDS_1_10_DUALGPU_V22/RESULTS_FULL10.jsonl,available and schema-valid,kaggle_workspace/imported_outputs/v22_full10/RB29_ELLIPTIC_NEGATIVE_CONTROLS_FULL10_SEEDS_1_10_DUALGPU_V22/PREDICTIONS_FULL10_INDEX_V22.json,dataset=elliptic|model=sage|seed|protocol|condition=time_shuffle,dual/single Tesla T4 Kaggle lanes; compatibility aliases recorded in lock,PASS_FULL10,kaggle_workspace/imported_outputs/v22_full10/RB29_ELLIPTIC_NEGATIVE_CONTROLS_FULL10_SEEDS_1_10_DUALGPU_V22/FULL10_MERGE_VALIDATION_V22.json,PASS_FULL10,kaggle_workspace/manifests/V22_FINAL_GPU_EVIDENCE_LOCK.json,eligible within exact loss/control/architecture cell,kaggle_workspace/reports/V22_FINAL_GPU_EVIDENCE_LOCK.md,supplement-only,"Version aliases are compatibility mappings in the canonical lock, not new experiments."
V22::RB30::dgraphfin::BLOCKED,loss/control/architecture extension,dgraphfin,canonical,real anonymized financial user graph,account/node,"raw normal 0->licit 2, fraud 1->fraud 1, background 2/3->unknown 0; unknown excluded; positive=fraud (1)","20 incident-edge timestamp buckets; train t1-14, validation t15-16, test t17-20",published account/node graph,not measured,not measured,GAT/GIN extra-architecture lane,none,0,none,resource status only,kaggle_workspace/manifests/V22_FINAL_GPU_EVIDENCE_LOCK.json,absent,none,none,T4; fixed DGraphFin extra-architecture lane stopped by CUDA OOM,BLOCKED_T4_OOM,kaggle_workspace/reports/V22_FINAL_AUDIT.md,BLOCKED_T4_OOM,kaggle_workspace/manifests/V22_FINAL_GPU_EVIDENCE_LOCK.json,resource-blocked; no predictive ordering,kaggle_workspace/reports/V22_FINAL_GPU_EVIDENCE_LOCK.md,resource-blocked,Expected 20 results and predictions; imported 0. Missing seeds 1-10.
V22::RB30::elliptic::inductive_isolated::gat::weighted_bce,loss/control/architecture extension,elliptic,canonical,real pseudonymized Bitcoin transaction graph,account/node,"raw licit->2, illicit->1, unknown->0; unknown excluded; positive=illicit (1)","49 time steps; train t1-30, validation t31-34, test t35-49",published account/node graph,chronological split with isolated split-specific evaluation subgraph,inductive_isolated,gat; loss=weighted_bce,1-10,10,"F1; precision; recall; AUROC; AUPRC; Precision/Recall@100,@500,@1000,@1%; runtime",canonical imported full10 merged evidence,kaggle_workspace/imported_outputs/v22_full10/RB30_ELLIPTIC_EXTRA_ARCH_FULL10_SEEDS_1_10_DUALGPU_V22/RESULTS_FULL10.jsonl,available and schema-valid,kaggle_workspace/imported_outputs/v22_full10/RB30_ELLIPTIC_EXTRA_ARCH_FULL10_SEEDS_1_10_DUALGPU_V22/PREDICTIONS_FULL10_INDEX_V22.json,dataset=elliptic|model=gat|seed|protocol|condition=weighted_bce,dual/single Tesla T4 Kaggle lanes; compatibility aliases recorded in lock,PASS_FULL10,kaggle_workspace/imported_outputs/v22_full10/RB30_ELLIPTIC_EXTRA_ARCH_FULL10_SEEDS_1_10_DUALGPU_V22/FULL10_MERGE_VALIDATION_V22.json,PASS_FULL10,kaggle_workspace/manifests/V22_FINAL_GPU_EVIDENCE_LOCK.json,eligible within exact loss/control/architecture cell,kaggle_workspace/reports/V22_FINAL_GPU_EVIDENCE_LOCK.md,supplement-only,"Version aliases are compatibility mappings in the canonical lock, not new experiments."
V22::RB30::elliptic::inductive_isolated::gin::weighted_bce,loss/control/architecture extension,elliptic,canonical,real pseudonymized Bitcoin transaction graph,account/node,"raw licit->2, illicit->1, unknown->0; unknown excluded; positive=illicit (1)","49 time steps; train t1-30, validation t31-34, test t35-49",published account/node graph,chronological split with isolated split-specific evaluation subgraph,inductive_isolated,gin; loss=weighted_bce,1-10,10,"F1; precision; recall; AUROC; AUPRC; Precision/Recall@100,@500,@1000,@1%; runtime",canonical imported full10 merged evidence,kaggle_workspace/imported_outputs/v22_full10/RB30_ELLIPTIC_EXTRA_ARCH_FULL10_SEEDS_1_10_DUALGPU_V22/RESULTS_FULL10.jsonl,available and schema-valid,kaggle_workspace/imported_outputs/v22_full10/RB30_ELLIPTIC_EXTRA_ARCH_FULL10_SEEDS_1_10_DUALGPU_V22/PREDICTIONS_FULL10_INDEX_V22.json,dataset=elliptic|model=gin|seed|protocol|condition=weighted_bce,dual/single Tesla T4 Kaggle lanes; compatibility aliases recorded in lock,PASS_FULL10,kaggle_workspace/imported_outputs/v22_full10/RB30_ELLIPTIC_EXTRA_ARCH_FULL10_SEEDS_1_10_DUALGPU_V22/FULL10_MERGE_VALIDATION_V22.json,PASS_FULL10,kaggle_workspace/manifests/V22_FINAL_GPU_EVIDENCE_LOCK.json,eligible within exact loss/control/architecture cell,kaggle_workspace/reports/V22_FINAL_GPU_EVIDENCE_LOCK.md,supplement-only,"Version aliases are compatibility mappings in the canonical lock, not new experiments."
V22::RB30::elliptic::strict_inductive::gat::weighted_bce,loss/control/architecture extension,elliptic,canonical,real pseudonymized Bitcoin transaction graph,account/node,"raw licit->2, illicit->1, unknown->0; unknown excluded; positive=illicit (1)","49 time steps; train t1-30, validation t31-34, test t35-49",published account/node graph,test nodes and incident test edges withheld from training graph; test-time graph restricted by strict contract,strict_inductive,gat; loss=weighted_bce,1-10,10,"F1; precision; recall; AUROC; AUPRC; Precision/Recall@100,@500,@1000,@1%; runtime",canonical imported full10 merged evidence,kaggle_workspace/imported_outputs/v22_full10/RB30_ELLIPTIC_EXTRA_ARCH_FULL10_SEEDS_1_10_DUALGPU_V22/RESULTS_FULL10.jsonl,available and schema-valid,kaggle_workspace/imported_outputs/v22_full10/RB30_ELLIPTIC_EXTRA_ARCH_FULL10_SEEDS_1_10_DUALGPU_V22/PREDICTIONS_FULL10_INDEX_V22.json,dataset=elliptic|model=gat|seed|protocol|condition=weighted_bce,dual/single Tesla T4 Kaggle lanes; compatibility aliases recorded in lock,PASS_FULL10,kaggle_workspace/imported_outputs/v22_full10/RB30_ELLIPTIC_EXTRA_ARCH_FULL10_SEEDS_1_10_DUALGPU_V22/FULL10_MERGE_VALIDATION_V22.json,PASS_FULL10,kaggle_workspace/manifests/V22_FINAL_GPU_EVIDENCE_LOCK.json,eligible within exact loss/control/architecture cell,kaggle_workspace/reports/V22_FINAL_GPU_EVIDENCE_LOCK.md,supplement-only,"Version aliases are compatibility mappings in the canonical lock, not new experiments."
V22::RB30::elliptic::strict_inductive::gin::weighted_bce,loss/control/architecture extension,elliptic,canonical,real pseudonymized Bitcoin transaction graph,account/node,"raw licit->2, illicit->1, unknown->0; unknown excluded; positive=illicit (1)","49 time steps; train t1-30, validation t31-34, test t35-49",published account/node graph,test nodes and incident test edges withheld from training graph; test-time graph restricted by strict contract,strict_inductive,gin; loss=weighted_bce,1-10,10,"F1; precision; recall; AUROC; AUPRC; Precision/Recall@100,@500,@1000,@1%; runtime",canonical imported full10 merged evidence,kaggle_workspace/imported_outputs/v22_full10/RB30_ELLIPTIC_EXTRA_ARCH_FULL10_SEEDS_1_10_DUALGPU_V22/RESULTS_FULL10.jsonl,available and schema-valid,kaggle_workspace/imported_outputs/v22_full10/RB30_ELLIPTIC_EXTRA_ARCH_FULL10_SEEDS_1_10_DUALGPU_V22/PREDICTIONS_FULL10_INDEX_V22.json,dataset=elliptic|model=gin|seed|protocol|condition=weighted_bce,dual/single Tesla T4 Kaggle lanes; compatibility aliases recorded in lock,PASS_FULL10,kaggle_workspace/imported_outputs/v22_full10/RB30_ELLIPTIC_EXTRA_ARCH_FULL10_SEEDS_1_10_DUALGPU_V22/FULL10_MERGE_VALIDATION_V22.json,PASS_FULL10,kaggle_workspace/manifests/V22_FINAL_GPU_EVIDENCE_LOCK.json,eligible within exact loss/control/architecture cell,kaggle_workspace/reports/V22_FINAL_GPU_EVIDENCE_LOCK.md,supplement-only,"Version aliases are compatibility mappings in the canonical lock, not new experiments."
V22::excluded::RB28_ELLIPTIC_LOSS_ROBUSTNESS_SEEDS_1_2_DUALGPU_V22,excluded V22 import,not inferable from directory name,partial/noncomparable,excluded imported artifact,account/node,not promoted because integrity/completeness gate failed,partial source only,not promoted,not promoted,not promoted,not promoted,1,1,present in raw files but excluded from all aggregates,failed import candidate,kaggle_workspace/imported_outputs/v22_dualgpu_disk_safe/RB28_ELLIPTIC_LOSS_ROBUSTNESS_SEEDS_1_2_DUALGPU_V22/RB28_ELLIPTIC_LOSS_ROBUSTNESS_SEEDS_1_2_DUALGPU_V22,partial/noncomparable and excluded,kaggle_workspace/imported_outputs/v22/RB28_ELLIPTIC_LOSS_ROBUSTNESS_SEEDS_1_2_DUALGPU_V22/IMPORT_VALIDATION_V22.json,none,not eligible for hardware or performance claims,FAIL_MISSING_SEED,kaggle_workspace/imported_outputs/v22/RB28_ELLIPTIC_LOSS_ROBUSTNESS_SEEDS_1_2_DUALGPU_V22/IMPORT_VALIDATION_V22.json,FAIL_MISSING_SEED,kaggle_workspace/manifests/V22_FINAL_GPU_EVIDENCE_LOCK.json,excluded: integrity/completeness failed,kaggle_workspace/manifests/V22_FINAL_GPU_EVIDENCE_LOCK.json,excluded,1 result and 1 prediction; seed 2 missing; sole cell is DGraphFin GCN despite directory name
V22::excluded::RB28_ELLIPTIC_LOSS_ROBUSTNESS_SMOKE_2SEED_V20,excluded V22 import,not inferable from directory name,partial/noncomparable,excluded imported artifact,account/node,not promoted because integrity/completeness gate failed,partial source only,not promoted,not promoted,not promoted,not promoted,1;2,2,present in raw files but excluded from all aggregates,failed import candidate,kaggle_workspace/imported_outputs/v20/RB28_ELLIPTIC_LOSS_ROBUSTNESS_SMOKE_2SEED_V20_DATA_MOUNT/RB28_ELLIPTIC_LOSS_ROBUSTNESS_SMOKE_2SEED_V20_DATA_MOUNT,partial/noncomparable and excluded,kaggle_workspace/imported_outputs/v22/RB28_ELLIPTIC_LOSS_ROBUSTNESS_SMOKE_2SEED_V20/IMPORT_VALIDATION_V22.json,none,not eligible for hardware or performance claims,EXCLUDED_NOT_COMPARABLE,kaggle_workspace/imported_outputs/v22/RB28_ELLIPTIC_LOSS_ROBUSTNESS_SMOKE_2SEED_V20/IMPORT_VALIDATION_V22.json,EXCLUDED_NOT_COMPARABLE,kaggle_workspace/manifests/V22_FINAL_GPU_EVIDENCE_LOCK.json,excluded: integrity/completeness failed,kaggle_workspace/manifests/V22_FINAL_GPU_EVIDENCE_LOCK.json,excluded,36 results and 36 predictions; smoke/noncomparable source and failed return-code gate
V22::excluded::RB30_ELLIPTIC_EXTRA_ARCH_SEEDS_1_2_DUALGPU_V22,excluded V22 import,not inferable from directory name,partial/noncomparable,excluded imported artifact,account/node,not promoted because integrity/completeness gate failed,partial source only,not promoted,not promoted,not promoted,not promoted,1,1,present in raw files but excluded from all aggregates,failed import candidate,kaggle_workspace/imported_outputs/v22_dualgpu_disk_safe/RB30_ELLIPTIC_EXTRA_ARCH_SEEDS_1_2_DUALGPU_V22/RB30_ELLIPTIC_EXTRA_ARCH_SEEDS_1_2_DUALGPU_V22,partial/noncomparable and excluded,kaggle_workspace/imported_outputs/v22/RB30_ELLIPTIC_EXTRA_ARCH_SEEDS_1_2_DUALGPU_V22/IMPORT_VALIDATION_V22.json,none,not eligible for hardware or performance claims,FAIL_DUPLICATE,kaggle_workspace/imported_outputs/v22/RB30_ELLIPTIC_EXTRA_ARCH_SEEDS_1_2_DUALGPU_V22/IMPORT_VALIDATION_V22.json,FAIL_DUPLICATE,kaggle_workspace/manifests/V22_FINAL_GPU_EVIDENCE_LOCK.json,excluded: integrity/completeness failed,kaggle_workspace/manifests/V22_FINAL_GPU_EVIDENCE_LOCK.json,excluded,1 result and 1 prediction; seed 2 missing; duplicate/conflicting merge metadata; actual cell is DGraphFin GCN
V24::DGRAPHFIN_FIXED_CONFIG_GAT_HIDDEN64_LAYERS2::BLOCKED,temporal-shift/architecture stress,dgraphfin,canonical,real anonymized financial user graph,account/node,"raw normal 0->licit 2, fraud 1->fraud 1, background 2/3->unknown 0; unknown excluded; positive=fraud (1)","20 incident-edge timestamp buckets; train t1-14, validation t15-16, test t17-20",published DGraphFin graph,not measured,not measured,GAT hidden=64 layers=2,none,0,none,resource status only,results/v24_imported/V24_IMPORTED_EVIDENCE_LOCK.json,absent,none,none,Tesla T4; CUDA OOM,BLOCKED_T4_OOM,results/v24_imported/V24_IMPORTED_EVIDENCE_LOCK.json,BLOCKED_T4_OOM,results/v24_imported/V24_IMPORTED_EVIDENCE_LOCK.json,resource-blocked; no predictive ordering,results/v24_imported/V24_IMPORTED_EVIDENCE_LOCK.json,resource-blocked,No comparable fixed-config PASS evidence imported in V24.
V24::RB41::dgraphfin::early_to_late_transfer::inductive_isolated::gcn,temporal-shift/perturbation stress,dgraphfin,canonical,real anonymized financial user graph,account/node,"raw normal 0->licit 2, fraud 1->fraud 1, background 2/3->unknown 0; unknown excluded; positive=fraud (1)","20 incident-edge timestamp buckets; train t1-14, validation t15-16, test t17-20; stress=early_to_late_transfer",published account/node graph,chronological split with isolated split-specific evaluation subgraph,inductive_isolated,gcn; hidden=64; layers=2,1-10,10,F1; precision; recall; AUROC; AUPRC; Precision/Recall@1%; runtime,canonical imported package index,results/v24_imported/rb41_dgraphfin_temporal_shift_seeds_1_2/RESULT_INDEX.csv;results/v24_imported/rb41_dgraphfin_temporal_shift_seeds_3_4/RESULT_INDEX.csv;results/v24_imported/rb41_dgraphfin_temporal_shift_seeds_5_6/RESULT_INDEX.csv;results/v24_imported/rb41_dgraphfin_temporal_shift_seeds_7_8/RESULT_INDEX.csv;results/v24_imported/rb41_dgraphfin_temporal_shift_seeds_9_10/RESULT_INDEX.csv,available,results/v24_imported/rb41_dgraphfin_temporal_shift_seeds_9_10/PREDICTION_INDEX.csv,dataset=dgraphfin|stress=early_to_late_transfer|model=gcn|seed|protocol,validated Kaggle execution; V24 environment records two Tesla T4 devices,PASS,kaggleoutputs/v24/rb41_dgraphfin_full10_chunks/DOWNLOAD_ME_RB41_DGRAPHFIN_TEMPORAL_SHIFT_STRESS_SEEDS_9_10_DUALGPU_V24__SPLIT_PACKAGE_MANIFEST.json,PASS,results/v24_imported/V24_IMPORTED_EVIDENCE_LOCK.json,"artifact lock PASS, but temporal-stress construct invalid; only deduplicated strict/isolated rerun is scientifically usable",results/v24_imported/V24_IMPORTED_EVIDENCE_LOCK.json,supplement-only,"Temporal stress label is metadata only in the V24 runner: it is not passed to the benchmark harness. Performance metrics duplicate exactly across all three labels. Do not compare, pool, or count those labels as distinct conditions; retain one deduplicated strict/isolated rerun grid at most."
V24::RB41::dgraphfin::early_to_late_transfer::inductive_isolated::mlp,temporal-shift/perturbation stress,dgraphfin,canonical,real anonymized financial user graph,account/node,"raw normal 0->licit 2, fraud 1->fraud 1, background 2/3->unknown 0; unknown excluded; positive=fraud (1)","20 incident-edge timestamp buckets; train t1-14, validation t15-16, test t17-20; stress=early_to_late_transfer",published account/node graph,chronological split with isolated split-specific evaluation subgraph,inductive_isolated,mlp; hidden=64; layers=2,1-10,10,F1; precision; recall; AUROC; AUPRC; Precision/Recall@1%; runtime,canonical imported package index,results/v24_imported/rb41_dgraphfin_temporal_shift_seeds_1_2/RESULT_INDEX.csv;results/v24_imported/rb41_dgraphfin_temporal_shift_seeds_3_4/RESULT_INDEX.csv;results/v24_imported/rb41_dgraphfin_temporal_shift_seeds_5_6/RESULT_INDEX.csv;results/v24_imported/rb41_dgraphfin_temporal_shift_seeds_7_8/RESULT_INDEX.csv;results/v24_imported/rb41_dgraphfin_temporal_shift_seeds_9_10/RESULT_INDEX.csv,available,results/v24_imported/rb41_dgraphfin_temporal_shift_seeds_9_10/PREDICTION_INDEX.csv,dataset=dgraphfin|stress=early_to_late_transfer|model=mlp|seed|protocol,validated Kaggle execution; V24 environment records two Tesla T4 devices,PASS,kaggleoutputs/v24/rb41_dgraphfin_full10_chunks/DOWNLOAD_ME_RB41_DGRAPHFIN_TEMPORAL_SHIFT_STRESS_SEEDS_9_10_DUALGPU_V24__SPLIT_PACKAGE_MANIFEST.json,PASS,results/v24_imported/V24_IMPORTED_EVIDENCE_LOCK.json,"artifact lock PASS, but temporal-stress construct invalid; only deduplicated strict/isolated rerun is scientifically usable",results/v24_imported/V24_IMPORTED_EVIDENCE_LOCK.json,supplement-only,"Temporal stress label is metadata only in the V24 runner: it is not passed to the benchmark harness. Performance metrics duplicate exactly across all three labels. Do not compare, pool, or count those labels as distinct conditions; retain one deduplicated strict/isolated rerun grid at most."
V24::RB41::dgraphfin::early_to_late_transfer::inductive_isolated::sage,temporal-shift/perturbation stress,dgraphfin,canonical,real anonymized financial user graph,account/node,"raw normal 0->licit 2, fraud 1->fraud 1, background 2/3->unknown 0; unknown excluded; positive=fraud (1)","20 incident-edge timestamp buckets; train t1-14, validation t15-16, test t17-20; stress=early_to_late_transfer",published account/node graph,chronological split with isolated split-specific evaluation subgraph,inductive_isolated,sage; hidden=64; layers=2,1-10,10,F1; precision; recall; AUROC; AUPRC; Precision/Recall@1%; runtime,canonical imported package index,results/v24_imported/rb41_dgraphfin_temporal_shift_seeds_1_2/RESULT_INDEX.csv;results/v24_imported/rb41_dgraphfin_temporal_shift_seeds_3_4/RESULT_INDEX.csv;results/v24_imported/rb41_dgraphfin_temporal_shift_seeds_5_6/RESULT_INDEX.csv;results/v24_imported/rb41_dgraphfin_temporal_shift_seeds_7_8/RESULT_INDEX.csv;results/v24_imported/rb41_dgraphfin_temporal_shift_seeds_9_10/RESULT_INDEX.csv,available,results/v24_imported/rb41_dgraphfin_temporal_shift_seeds_9_10/PREDICTION_INDEX.csv,dataset=dgraphfin|stress=early_to_late_transfer|model=sage|seed|protocol,validated Kaggle execution; V24 environment records two Tesla T4 devices,PASS,kaggleoutputs/v24/rb41_dgraphfin_full10_chunks/DOWNLOAD_ME_RB41_DGRAPHFIN_TEMPORAL_SHIFT_STRESS_SEEDS_9_10_DUALGPU_V24__SPLIT_PACKAGE_MANIFEST.json,PASS,results/v24_imported/V24_IMPORTED_EVIDENCE_LOCK.json,"artifact lock PASS, but temporal-stress construct invalid; only deduplicated strict/isolated rerun is scientifically usable",results/v24_imported/V24_IMPORTED_EVIDENCE_LOCK.json,supplement-only,"Temporal stress label is metadata only in the V24 runner: it is not passed to the benchmark harness. Performance metrics duplicate exactly across all three labels. Do not compare, pool, or count those labels as distinct conditions; retain one deduplicated strict/isolated rerun grid at most."
V24::RB41::dgraphfin::early_to_late_transfer::strict_inductive::gcn,temporal-shift/perturbation stress,dgraphfin,canonical,real anonymized financial user graph,account/node,"raw normal 0->licit 2, fraud 1->fraud 1, background 2/3->unknown 0; unknown excluded; positive=fraud (1)","20 incident-edge timestamp buckets; train t1-14, validation t15-16, test t17-20; stress=early_to_late_transfer",published account/node graph,test nodes and incident test edges withheld from training graph; test-time graph restricted by strict contract,strict_inductive,gcn; hidden=64; layers=2,1-10,10,F1; precision; recall; AUROC; AUPRC; Precision/Recall@1%; runtime,canonical imported package index,results/v24_imported/rb41_dgraphfin_temporal_shift_seeds_1_2/RESULT_INDEX.csv;results/v24_imported/rb41_dgraphfin_temporal_shift_seeds_3_4/RESULT_INDEX.csv;results/v24_imported/rb41_dgraphfin_temporal_shift_seeds_5_6/RESULT_INDEX.csv;results/v24_imported/rb41_dgraphfin_temporal_shift_seeds_7_8/RESULT_INDEX.csv;results/v24_imported/rb41_dgraphfin_temporal_shift_seeds_9_10/RESULT_INDEX.csv,available,results/v24_imported/rb41_dgraphfin_temporal_shift_seeds_9_10/PREDICTION_INDEX.csv,dataset=dgraphfin|stress=early_to_late_transfer|model=gcn|seed|protocol,validated Kaggle execution; V24 environment records two Tesla T4 devices,PASS,kaggleoutputs/v24/rb41_dgraphfin_full10_chunks/DOWNLOAD_ME_RB41_DGRAPHFIN_TEMPORAL_SHIFT_STRESS_SEEDS_9_10_DUALGPU_V24__SPLIT_PACKAGE_MANIFEST.json,PASS,results/v24_imported/V24_IMPORTED_EVIDENCE_LOCK.json,"artifact lock PASS, but temporal-stress construct invalid; only deduplicated strict/isolated rerun is scientifically usable",results/v24_imported/V24_IMPORTED_EVIDENCE_LOCK.json,supplement-only,"Temporal stress label is metadata only in the V24 runner: it is not passed to the benchmark harness. Performance metrics duplicate exactly across all three labels. Do not compare, pool, or count those labels as distinct conditions; retain one deduplicated strict/isolated rerun grid at most."
V24::RB41::dgraphfin::early_to_late_transfer::strict_inductive::mlp,temporal-shift/perturbation stress,dgraphfin,canonical,real anonymized financial user graph,account/node,"raw normal 0->licit 2, fraud 1->fraud 1, background 2/3->unknown 0; unknown excluded; positive=fraud (1)","20 incident-edge timestamp buckets; train t1-14, validation t15-16, test t17-20; stress=early_to_late_transfer",published account/node graph,test nodes and incident test edges withheld from training graph; test-time graph restricted by strict contract,strict_inductive,mlp; hidden=64; layers=2,1-10,10,F1; precision; recall; AUROC; AUPRC; Precision/Recall@1%; runtime,canonical imported package index,results/v24_imported/rb41_dgraphfin_temporal_shift_seeds_1_2/RESULT_INDEX.csv;results/v24_imported/rb41_dgraphfin_temporal_shift_seeds_3_4/RESULT_INDEX.csv;results/v24_imported/rb41_dgraphfin_temporal_shift_seeds_5_6/RESULT_INDEX.csv;results/v24_imported/rb41_dgraphfin_temporal_shift_seeds_7_8/RESULT_INDEX.csv;results/v24_imported/rb41_dgraphfin_temporal_shift_seeds_9_10/RESULT_INDEX.csv,available,results/v24_imported/rb41_dgraphfin_temporal_shift_seeds_9_10/PREDICTION_INDEX.csv,dataset=dgraphfin|stress=early_to_late_transfer|model=mlp|seed|protocol,validated Kaggle execution; V24 environment records two Tesla T4 devices,PASS,kaggleoutputs/v24/rb41_dgraphfin_full10_chunks/DOWNLOAD_ME_RB41_DGRAPHFIN_TEMPORAL_SHIFT_STRESS_SEEDS_9_10_DUALGPU_V24__SPLIT_PACKAGE_MANIFEST.json,PASS,results/v24_imported/V24_IMPORTED_EVIDENCE_LOCK.json,"artifact lock PASS, but temporal-stress construct invalid; only deduplicated strict/isolated rerun is scientifically usable",results/v24_imported/V24_IMPORTED_EVIDENCE_LOCK.json,supplement-only,"Temporal stress label is metadata only in the V24 runner: it is not passed to the benchmark harness. Performance metrics duplicate exactly across all three labels. Do not compare, pool, or count those labels as distinct conditions; retain one deduplicated strict/isolated rerun grid at most."
V24::RB41::dgraphfin::early_to_late_transfer::strict_inductive::sage,temporal-shift/perturbation stress,dgraphfin,canonical,real anonymized financial user graph,account/node,"raw normal 0->licit 2, fraud 1->fraud 1, background 2/3->unknown 0; unknown excluded; positive=fraud (1)","20 incident-edge timestamp buckets; train t1-14, validation t15-16, test t17-20; stress=early_to_late_transfer",published account/node graph,test nodes and incident test edges withheld from training graph; test-time graph restricted by strict contract,strict_inductive,sage; hidden=64; layers=2,1-10,10,F1; precision; recall; AUROC; AUPRC; Precision/Recall@1%; runtime,canonical imported package index,results/v24_imported/rb41_dgraphfin_temporal_shift_seeds_1_2/RESULT_INDEX.csv;results/v24_imported/rb41_dgraphfin_temporal_shift_seeds_3_4/RESULT_INDEX.csv;results/v24_imported/rb41_dgraphfin_temporal_shift_seeds_5_6/RESULT_INDEX.csv;results/v24_imported/rb41_dgraphfin_temporal_shift_seeds_7_8/RESULT_INDEX.csv;results/v24_imported/rb41_dgraphfin_temporal_shift_seeds_9_10/RESULT_INDEX.csv,available,results/v24_imported/rb41_dgraphfin_temporal_shift_seeds_9_10/PREDICTION_INDEX.csv,dataset=dgraphfin|stress=early_to_late_transfer|model=sage|seed|protocol,validated Kaggle execution; V24 environment records two Tesla T4 devices,PASS,kaggleoutputs/v24/rb41_dgraphfin_full10_chunks/DOWNLOAD_ME_RB41_DGRAPHFIN_TEMPORAL_SHIFT_STRESS_SEEDS_9_10_DUALGPU_V24__SPLIT_PACKAGE_MANIFEST.json,PASS,results/v24_imported/V24_IMPORTED_EVIDENCE_LOCK.json,"artifact lock PASS, but temporal-stress construct invalid; only deduplicated strict/isolated rerun is scientifically usable",results/v24_imported/V24_IMPORTED_EVIDENCE_LOCK.json,supplement-only,"Temporal stress label is metadata only in the V24 runner: it is not passed to the benchmark harness. Performance metrics duplicate exactly across all three labels. Do not compare, pool, or count those labels as distinct conditions; retain one deduplicated strict/isolated rerun grid at most."
V24::RB41::dgraphfin::late_window_holdout::inductive_isolated::gcn,temporal-shift/perturbation stress,dgraphfin,canonical,real anonymized financial user graph,account/node,"raw normal 0->licit 2, fraud 1->fraud 1, background 2/3->unknown 0; unknown excluded; positive=fraud (1)","20 incident-edge timestamp buckets; train t1-14, validation t15-16, test t17-20; stress=late_window_holdout",published account/node graph,chronological split with isolated split-specific evaluation subgraph,inductive_isolated,gcn; hidden=64; layers=2,1-10,10,F1; precision; recall; AUROC; AUPRC; Precision/Recall@1%; runtime,canonical imported package index,results/v24_imported/rb41_dgraphfin_temporal_shift_seeds_1_2/RESULT_INDEX.csv;results/v24_imported/rb41_dgraphfin_temporal_shift_seeds_3_4/RESULT_INDEX.csv;results/v24_imported/rb41_dgraphfin_temporal_shift_seeds_5_6/RESULT_INDEX.csv;results/v24_imported/rb41_dgraphfin_temporal_shift_seeds_7_8/RESULT_INDEX.csv;results/v24_imported/rb41_dgraphfin_temporal_shift_seeds_9_10/RESULT_INDEX.csv,available,results/v24_imported/rb41_dgraphfin_temporal_shift_seeds_9_10/PREDICTION_INDEX.csv,dataset=dgraphfin|stress=late_window_holdout|model=gcn|seed|protocol,validated Kaggle execution; V24 environment records two Tesla T4 devices,PASS,kaggleoutputs/v24/rb41_dgraphfin_full10_chunks/DOWNLOAD_ME_RB41_DGRAPHFIN_TEMPORAL_SHIFT_STRESS_SEEDS_9_10_DUALGPU_V24__SPLIT_PACKAGE_MANIFEST.json,PASS,results/v24_imported/V24_IMPORTED_EVIDENCE_LOCK.json,"artifact lock PASS, but temporal-stress construct invalid; only deduplicated strict/isolated rerun is scientifically usable",results/v24_imported/V24_IMPORTED_EVIDENCE_LOCK.json,supplement-only,"Temporal stress label is metadata only in the V24 runner: it is not passed to the benchmark harness. Performance metrics duplicate exactly across all three labels. Do not compare, pool, or count those labels as distinct conditions; retain one deduplicated strict/isolated rerun grid at most."
V24::RB41::dgraphfin::late_window_holdout::inductive_isolated::mlp,temporal-shift/perturbation stress,dgraphfin,canonical,real anonymized financial user graph,account/node,"raw normal 0->licit 2, fraud 1->fraud 1, background 2/3->unknown 0; unknown excluded; positive=fraud (1)","20 incident-edge timestamp buckets; train t1-14, validation t15-16, test t17-20; stress=late_window_holdout",published account/node graph,chronological split with isolated split-specific evaluation subgraph,inductive_isolated,mlp; hidden=64; layers=2,1-10,10,F1; precision; recall; AUROC; AUPRC; Precision/Recall@1%; runtime,canonical imported package index,results/v24_imported/rb41_dgraphfin_temporal_shift_seeds_1_2/RESULT_INDEX.csv;results/v24_imported/rb41_dgraphfin_temporal_shift_seeds_3_4/RESULT_INDEX.csv;results/v24_imported/rb41_dgraphfin_temporal_shift_seeds_5_6/RESULT_INDEX.csv;results/v24_imported/rb41_dgraphfin_temporal_shift_seeds_7_8/RESULT_INDEX.csv;results/v24_imported/rb41_dgraphfin_temporal_shift_seeds_9_10/RESULT_INDEX.csv,available,results/v24_imported/rb41_dgraphfin_temporal_shift_seeds_9_10/PREDICTION_INDEX.csv,dataset=dgraphfin|stress=late_window_holdout|model=mlp|seed|protocol,validated Kaggle execution; V24 environment records two Tesla T4 devices,PASS,kaggleoutputs/v24/rb41_dgraphfin_full10_chunks/DOWNLOAD_ME_RB41_DGRAPHFIN_TEMPORAL_SHIFT_STRESS_SEEDS_9_10_DUALGPU_V24__SPLIT_PACKAGE_MANIFEST.json,PASS,results/v24_imported/V24_IMPORTED_EVIDENCE_LOCK.json,"artifact lock PASS, but temporal-stress construct invalid; only deduplicated strict/isolated rerun is scientifically usable",results/v24_imported/V24_IMPORTED_EVIDENCE_LOCK.json,supplement-only,"Temporal stress label is metadata only in the V24 runner: it is not passed to the benchmark harness. Performance metrics duplicate exactly across all three labels. Do not compare, pool, or count those labels as distinct conditions; retain one deduplicated strict/isolated rerun grid at most."
V24::RB41::dgraphfin::late_window_holdout::inductive_isolated::sage,temporal-shift/perturbation stress,dgraphfin,canonical,real anonymized financial user graph,account/node,"raw normal 0->licit 2, fraud 1->fraud 1, background 2/3->unknown 0; unknown excluded; positive=fraud (1)","20 incident-edge timestamp buckets; train t1-14, validation t15-16, test t17-20; stress=late_window_holdout",published account/node graph,chronological split with isolated split-specific evaluation subgraph,inductive_isolated,sage; hidden=64; layers=2,1-10,10,F1; precision; recall; AUROC; AUPRC; Precision/Recall@1%; runtime,canonical imported package index,results/v24_imported/rb41_dgraphfin_temporal_shift_seeds_1_2/RESULT_INDEX.csv;results/v24_imported/rb41_dgraphfin_temporal_shift_seeds_3_4/RESULT_INDEX.csv;results/v24_imported/rb41_dgraphfin_temporal_shift_seeds_5_6/RESULT_INDEX.csv;results/v24_imported/rb41_dgraphfin_temporal_shift_seeds_7_8/RESULT_INDEX.csv;results/v24_imported/rb41_dgraphfin_temporal_shift_seeds_9_10/RESULT_INDEX.csv,available,results/v24_imported/rb41_dgraphfin_temporal_shift_seeds_9_10/PREDICTION_INDEX.csv,dataset=dgraphfin|stress=late_window_holdout|model=sage|seed|protocol,validated Kaggle execution; V24 environment records two Tesla T4 devices,PASS,kaggleoutputs/v24/rb41_dgraphfin_full10_chunks/DOWNLOAD_ME_RB41_DGRAPHFIN_TEMPORAL_SHIFT_STRESS_SEEDS_9_10_DUALGPU_V24__SPLIT_PACKAGE_MANIFEST.json,PASS,results/v24_imported/V24_IMPORTED_EVIDENCE_LOCK.json,"artifact lock PASS, but temporal-stress construct invalid; only deduplicated strict/isolated rerun is scientifically usable",results/v24_imported/V24_IMPORTED_EVIDENCE_LOCK.json,supplement-only,"Temporal stress label is metadata only in the V24 runner: it is not passed to the benchmark harness. Performance metrics duplicate exactly across all three labels. Do not compare, pool, or count those labels as distinct conditions; retain one deduplicated strict/isolated rerun grid at most."
V24::RB41::dgraphfin::late_window_holdout::strict_inductive::gcn,temporal-shift/perturbation stress,dgraphfin,canonical,real anonymized financial user graph,account/node,"raw normal 0->licit 2, fraud 1->fraud 1, background 2/3->unknown 0; unknown excluded; positive=fraud (1)","20 incident-edge timestamp buckets; train t1-14, validation t15-16, test t17-20; stress=late_window_holdout",published account/node graph,test nodes and incident test edges withheld from training graph; test-time graph restricted by strict contract,strict_inductive,gcn; hidden=64; layers=2,1-10,10,F1; precision; recall; AUROC; AUPRC; Precision/Recall@1%; runtime,canonical imported package index,results/v24_imported/rb41_dgraphfin_temporal_shift_seeds_1_2/RESULT_INDEX.csv;results/v24_imported/rb41_dgraphfin_temporal_shift_seeds_3_4/RESULT_INDEX.csv;results/v24_imported/rb41_dgraphfin_temporal_shift_seeds_5_6/RESULT_INDEX.csv;results/v24_imported/rb41_dgraphfin_temporal_shift_seeds_7_8/RESULT_INDEX.csv;results/v24_imported/rb41_dgraphfin_temporal_shift_seeds_9_10/RESULT_INDEX.csv,available,results/v24_imported/rb41_dgraphfin_temporal_shift_seeds_9_10/PREDICTION_INDEX.csv,dataset=dgraphfin|stress=late_window_holdout|model=gcn|seed|protocol,validated Kaggle execution; V24 environment records two Tesla T4 devices,PASS,kaggleoutputs/v24/rb41_dgraphfin_full10_chunks/DOWNLOAD_ME_RB41_DGRAPHFIN_TEMPORAL_SHIFT_STRESS_SEEDS_9_10_DUALGPU_V24__SPLIT_PACKAGE_MANIFEST.json,PASS,results/v24_imported/V24_IMPORTED_EVIDENCE_LOCK.json,"artifact lock PASS, but temporal-stress construct invalid; only deduplicated strict/isolated rerun is scientifically usable",results/v24_imported/V24_IMPORTED_EVIDENCE_LOCK.json,supplement-only,"Temporal stress label is metadata only in the V24 runner: it is not passed to the benchmark harness. Performance metrics duplicate exactly across all three labels. Do not compare, pool, or count those labels as distinct conditions; retain one deduplicated strict/isolated rerun grid at most."
V24::RB41::dgraphfin::late_window_holdout::strict_inductive::mlp,temporal-shift/perturbation stress,dgraphfin,canonical,real anonymized financial user graph,account/node,"raw normal 0->licit 2, fraud 1->fraud 1, background 2/3->unknown 0; unknown excluded; positive=fraud (1)","20 incident-edge timestamp buckets; train t1-14, validation t15-16, test t17-20; stress=late_window_holdout",published account/node graph,test nodes and incident test edges withheld from training graph; test-time graph restricted by strict contract,strict_inductive,mlp; hidden=64; layers=2,1-10,10,F1; precision; recall; AUROC; AUPRC; Precision/Recall@1%; runtime,canonical imported package index,results/v24_imported/rb41_dgraphfin_temporal_shift_seeds_1_2/RESULT_INDEX.csv;results/v24_imported/rb41_dgraphfin_temporal_shift_seeds_3_4/RESULT_INDEX.csv;results/v24_imported/rb41_dgraphfin_temporal_shift_seeds_5_6/RESULT_INDEX.csv;results/v24_imported/rb41_dgraphfin_temporal_shift_seeds_7_8/RESULT_INDEX.csv;results/v24_imported/rb41_dgraphfin_temporal_shift_seeds_9_10/RESULT_INDEX.csv,available,results/v24_imported/rb41_dgraphfin_temporal_shift_seeds_9_10/PREDICTION_INDEX.csv,dataset=dgraphfin|stress=late_window_holdout|model=mlp|seed|protocol,validated Kaggle execution; V24 environment records two Tesla T4 devices,PASS,kaggleoutputs/v24/rb41_dgraphfin_full10_chunks/DOWNLOAD_ME_RB41_DGRAPHFIN_TEMPORAL_SHIFT_STRESS_SEEDS_9_10_DUALGPU_V24__SPLIT_PACKAGE_MANIFEST.json,PASS,results/v24_imported/V24_IMPORTED_EVIDENCE_LOCK.json,"artifact lock PASS, but temporal-stress construct invalid; only deduplicated strict/isolated rerun is scientifically usable",results/v24_imported/V24_IMPORTED_EVIDENCE_LOCK.json,supplement-only,"Temporal stress label is metadata only in the V24 runner: it is not passed to the benchmark harness. Performance metrics duplicate exactly across all three labels. Do not compare, pool, or count those labels as distinct conditions; retain one deduplicated strict/isolated rerun grid at most."
V24::RB41::dgraphfin::late_window_holdout::strict_inductive::sage,temporal-shift/perturbation stress,dgraphfin,canonical,real anonymized financial user graph,account/node,"raw normal 0->licit 2, fraud 1->fraud 1, background 2/3->unknown 0; unknown excluded; positive=fraud (1)","20 incident-edge timestamp buckets; train t1-14, validation t15-16, test t17-20; stress=late_window_holdout",published account/node graph,test nodes and incident test edges withheld from training graph; test-time graph restricted by strict contract,strict_inductive,sage; hidden=64; layers=2,1-10,10,F1; precision; recall; AUROC; AUPRC; Precision/Recall@1%; runtime,canonical imported package index,results/v24_imported/rb41_dgraphfin_temporal_shift_seeds_1_2/RESULT_INDEX.csv;results/v24_imported/rb41_dgraphfin_temporal_shift_seeds_3_4/RESULT_INDEX.csv;results/v24_imported/rb41_dgraphfin_temporal_shift_seeds_5_6/RESULT_INDEX.csv;results/v24_imported/rb41_dgraphfin_temporal_shift_seeds_7_8/RESULT_INDEX.csv;results/v24_imported/rb41_dgraphfin_temporal_shift_seeds_9_10/RESULT_INDEX.csv,available,results/v24_imported/rb41_dgraphfin_temporal_shift_seeds_9_10/PREDICTION_INDEX.csv,dataset=dgraphfin|stress=late_window_holdout|model=sage|seed|protocol,validated Kaggle execution; V24 environment records two Tesla T4 devices,PASS,kaggleoutputs/v24/rb41_dgraphfin_full10_chunks/DOWNLOAD_ME_RB41_DGRAPHFIN_TEMPORAL_SHIFT_STRESS_SEEDS_9_10_DUALGPU_V24__SPLIT_PACKAGE_MANIFEST.json,PASS,results/v24_imported/V24_IMPORTED_EVIDENCE_LOCK.json,"artifact lock PASS, but temporal-stress construct invalid; only deduplicated strict/isolated rerun is scientifically usable",results/v24_imported/V24_IMPORTED_EVIDENCE_LOCK.json,supplement-only,"Temporal stress label is metadata only in the V24 runner: it is not passed to the benchmark harness. Performance metrics duplicate exactly across all three labels. Do not compare, pool, or count those labels as distinct conditions; retain one deduplicated strict/isolated rerun grid at most."
V24::RB41::dgraphfin::rolling_window_stress::inductive_isolated::gcn,temporal-shift/perturbation stress,dgraphfin,canonical,real anonymized financial user graph,account/node,"raw normal 0->licit 2, fraud 1->fraud 1, background 2/3->unknown 0; unknown excluded; positive=fraud (1)","20 incident-edge timestamp buckets; train t1-14, validation t15-16, test t17-20; stress=rolling_window_stress",published account/node graph,chronological split with isolated split-specific evaluation subgraph,inductive_isolated,gcn; hidden=64; layers=2,1-10,10,F1; precision; recall; AUROC; AUPRC; Precision/Recall@1%; runtime,canonical imported package index,results/v24_imported/rb41_dgraphfin_temporal_shift_seeds_1_2/RESULT_INDEX.csv;results/v24_imported/rb41_dgraphfin_temporal_shift_seeds_3_4/RESULT_INDEX.csv;results/v24_imported/rb41_dgraphfin_temporal_shift_seeds_5_6/RESULT_INDEX.csv;results/v24_imported/rb41_dgraphfin_temporal_shift_seeds_7_8/RESULT_INDEX.csv;results/v24_imported/rb41_dgraphfin_temporal_shift_seeds_9_10/RESULT_INDEX.csv,available,results/v24_imported/rb41_dgraphfin_temporal_shift_seeds_9_10/PREDICTION_INDEX.csv,dataset=dgraphfin|stress=rolling_window_stress|model=gcn|seed|protocol,validated Kaggle execution; V24 environment records two Tesla T4 devices,PASS,kaggleoutputs/v24/rb41_dgraphfin_full10_chunks/DOWNLOAD_ME_RB41_DGRAPHFIN_TEMPORAL_SHIFT_STRESS_SEEDS_9_10_DUALGPU_V24__SPLIT_PACKAGE_MANIFEST.json,PASS,results/v24_imported/V24_IMPORTED_EVIDENCE_LOCK.json,"artifact lock PASS, but temporal-stress construct invalid; only deduplicated strict/isolated rerun is scientifically usable",results/v24_imported/V24_IMPORTED_EVIDENCE_LOCK.json,supplement-only,"Temporal stress label is metadata only in the V24 runner: it is not passed to the benchmark harness. Performance metrics duplicate exactly across all three labels. Do not compare, pool, or count those labels as distinct conditions; retain one deduplicated strict/isolated rerun grid at most."
V24::RB41::dgraphfin::rolling_window_stress::inductive_isolated::mlp,temporal-shift/perturbation stress,dgraphfin,canonical,real anonymized financial user graph,account/node,"raw normal 0->licit 2, fraud 1->fraud 1, background 2/3->unknown 0; unknown excluded; positive=fraud (1)","20 incident-edge timestamp buckets; train t1-14, validation t15-16, test t17-20; stress=rolling_window_stress",published account/node graph,chronological split with isolated split-specific evaluation subgraph,inductive_isolated,mlp; hidden=64; layers=2,1-10,10,F1; precision; recall; AUROC; AUPRC; Precision/Recall@1%; runtime,canonical imported package index,results/v24_imported/rb41_dgraphfin_temporal_shift_seeds_1_2/RESULT_INDEX.csv;results/v24_imported/rb41_dgraphfin_temporal_shift_seeds_3_4/RESULT_INDEX.csv;results/v24_imported/rb41_dgraphfin_temporal_shift_seeds_5_6/RESULT_INDEX.csv;results/v24_imported/rb41_dgraphfin_temporal_shift_seeds_7_8/RESULT_INDEX.csv;results/v24_imported/rb41_dgraphfin_temporal_shift_seeds_9_10/RESULT_INDEX.csv,available,results/v24_imported/rb41_dgraphfin_temporal_shift_seeds_9_10/PREDICTION_INDEX.csv,dataset=dgraphfin|stress=rolling_window_stress|model=mlp|seed|protocol,validated Kaggle execution; V24 environment records two Tesla T4 devices,PASS,kaggleoutputs/v24/rb41_dgraphfin_full10_chunks/DOWNLOAD_ME_RB41_DGRAPHFIN_TEMPORAL_SHIFT_STRESS_SEEDS_9_10_DUALGPU_V24__SPLIT_PACKAGE_MANIFEST.json,PASS,results/v24_imported/V24_IMPORTED_EVIDENCE_LOCK.json,"artifact lock PASS, but temporal-stress construct invalid; only deduplicated strict/isolated rerun is scientifically usable",results/v24_imported/V24_IMPORTED_EVIDENCE_LOCK.json,supplement-only,"Temporal stress label is metadata only in the V24 runner: it is not passed to the benchmark harness. Performance metrics duplicate exactly across all three labels. Do not compare, pool, or count those labels as distinct conditions; retain one deduplicated strict/isolated rerun grid at most."
V24::RB41::dgraphfin::rolling_window_stress::inductive_isolated::sage,temporal-shift/perturbation stress,dgraphfin,canonical,real anonymized financial user graph,account/node,"raw normal 0->licit 2, fraud 1->fraud 1, background 2/3->unknown 0; unknown excluded; positive=fraud (1)","20 incident-edge timestamp buckets; train t1-14, validation t15-16, test t17-20; stress=rolling_window_stress",published account/node graph,chronological split with isolated split-specific evaluation subgraph,inductive_isolated,sage; hidden=64; layers=2,1-10,10,F1; precision; recall; AUROC; AUPRC; Precision/Recall@1%; runtime,canonical imported package index,results/v24_imported/rb41_dgraphfin_temporal_shift_seeds_1_2/RESULT_INDEX.csv;results/v24_imported/rb41_dgraphfin_temporal_shift_seeds_3_4/RESULT_INDEX.csv;results/v24_imported/rb41_dgraphfin_temporal_shift_seeds_5_6/RESULT_INDEX.csv;results/v24_imported/rb41_dgraphfin_temporal_shift_seeds_7_8/RESULT_INDEX.csv;results/v24_imported/rb41_dgraphfin_temporal_shift_seeds_9_10/RESULT_INDEX.csv,available,results/v24_imported/rb41_dgraphfin_temporal_shift_seeds_9_10/PREDICTION_INDEX.csv,dataset=dgraphfin|stress=rolling_window_stress|model=sage|seed|protocol,validated Kaggle execution; V24 environment records two Tesla T4 devices,PASS,kaggleoutputs/v24/rb41_dgraphfin_full10_chunks/DOWNLOAD_ME_RB41_DGRAPHFIN_TEMPORAL_SHIFT_STRESS_SEEDS_9_10_DUALGPU_V24__SPLIT_PACKAGE_MANIFEST.json,PASS,results/v24_imported/V24_IMPORTED_EVIDENCE_LOCK.json,"artifact lock PASS, but temporal-stress construct invalid; only deduplicated strict/isolated rerun is scientifically usable",results/v24_imported/V24_IMPORTED_EVIDENCE_LOCK.json,supplement-only,"Temporal stress label is metadata only in the V24 runner: it is not passed to the benchmark harness. Performance metrics duplicate exactly across all three labels. Do not compare, pool, or count those labels as distinct conditions; retain one deduplicated strict/isolated rerun grid at most."
V24::RB41::dgraphfin::rolling_window_stress::strict_inductive::gcn,temporal-shift/perturbation stress,dgraphfin,canonical,real anonymized financial user graph,account/node,"raw normal 0->licit 2, fraud 1->fraud 1, background 2/3->unknown 0; unknown excluded; positive=fraud (1)","20 incident-edge timestamp buckets; train t1-14, validation t15-16, test t17-20; stress=rolling_window_stress",published account/node graph,test nodes and incident test edges withheld from training graph; test-time graph restricted by strict contract,strict_inductive,gcn; hidden=64; layers=2,1-10,10,F1; precision; recall; AUROC; AUPRC; Precision/Recall@1%; runtime,canonical imported package index,results/v24_imported/rb41_dgraphfin_temporal_shift_seeds_1_2/RESULT_INDEX.csv;results/v24_imported/rb41_dgraphfin_temporal_shift_seeds_3_4/RESULT_INDEX.csv;results/v24_imported/rb41_dgraphfin_temporal_shift_seeds_5_6/RESULT_INDEX.csv;results/v24_imported/rb41_dgraphfin_temporal_shift_seeds_7_8/RESULT_INDEX.csv;results/v24_imported/rb41_dgraphfin_temporal_shift_seeds_9_10/RESULT_INDEX.csv,available,results/v24_imported/rb41_dgraphfin_temporal_shift_seeds_9_10/PREDICTION_INDEX.csv,dataset=dgraphfin|stress=rolling_window_stress|model=gcn|seed|protocol,validated Kaggle execution; V24 environment records two Tesla T4 devices,PASS,kaggleoutputs/v24/rb41_dgraphfin_full10_chunks/DOWNLOAD_ME_RB41_DGRAPHFIN_TEMPORAL_SHIFT_STRESS_SEEDS_9_10_DUALGPU_V24__SPLIT_PACKAGE_MANIFEST.json,PASS,results/v24_imported/V24_IMPORTED_EVIDENCE_LOCK.json,"artifact lock PASS, but temporal-stress construct invalid; only deduplicated strict/isolated rerun is scientifically usable",results/v24_imported/V24_IMPORTED_EVIDENCE_LOCK.json,supplement-only,"Temporal stress label is metadata only in the V24 runner: it is not passed to the benchmark harness. Performance metrics duplicate exactly across all three labels. Do not compare, pool, or count those labels as distinct conditions; retain one deduplicated strict/isolated rerun grid at most."
V24::RB41::dgraphfin::rolling_window_stress::strict_inductive::mlp,temporal-shift/perturbation stress,dgraphfin,canonical,real anonymized financial user graph,account/node,"raw normal 0->licit 2, fraud 1->fraud 1, background 2/3->unknown 0; unknown excluded; positive=fraud (1)","20 incident-edge timestamp buckets; train t1-14, validation t15-16, test t17-20; stress=rolling_window_stress",published account/node graph,test nodes and incident test edges withheld from training graph; test-time graph restricted by strict contract,strict_inductive,mlp; hidden=64; layers=2,1-10,10,F1; precision; recall; AUROC; AUPRC; Precision/Recall@1%; runtime,canonical imported package index,results/v24_imported/rb41_dgraphfin_temporal_shift_seeds_1_2/RESULT_INDEX.csv;results/v24_imported/rb41_dgraphfin_temporal_shift_seeds_3_4/RESULT_INDEX.csv;results/v24_imported/rb41_dgraphfin_temporal_shift_seeds_5_6/RESULT_INDEX.csv;results/v24_imported/rb41_dgraphfin_temporal_shift_seeds_7_8/RESULT_INDEX.csv;results/v24_imported/rb41_dgraphfin_temporal_shift_seeds_9_10/RESULT_INDEX.csv,available,results/v24_imported/rb41_dgraphfin_temporal_shift_seeds_9_10/PREDICTION_INDEX.csv,dataset=dgraphfin|stress=rolling_window_stress|model=mlp|seed|protocol,validated Kaggle execution; V24 environment records two Tesla T4 devices,PASS,kaggleoutputs/v24/rb41_dgraphfin_full10_chunks/DOWNLOAD_ME_RB41_DGRAPHFIN_TEMPORAL_SHIFT_STRESS_SEEDS_9_10_DUALGPU_V24__SPLIT_PACKAGE_MANIFEST.json,PASS,results/v24_imported/V24_IMPORTED_EVIDENCE_LOCK.json,"artifact lock PASS, but temporal-stress construct invalid; only deduplicated strict/isolated rerun is scientifically usable",results/v24_imported/V24_IMPORTED_EVIDENCE_LOCK.json,supplement-only,"Temporal stress label is metadata only in the V24 runner: it is not passed to the benchmark harness. Performance metrics duplicate exactly across all three labels. Do not compare, pool, or count those labels as distinct conditions; retain one deduplicated strict/isolated rerun grid at most."
V24::RB41::dgraphfin::rolling_window_stress::strict_inductive::sage,temporal-shift/perturbation stress,dgraphfin,canonical,real anonymized financial user graph,account/node,"raw normal 0->licit 2, fraud 1->fraud 1, background 2/3->unknown 0; unknown excluded; positive=fraud (1)","20 incident-edge timestamp buckets; train t1-14, validation t15-16, test t17-20; stress=rolling_window_stress",published account/node graph,test nodes and incident test edges withheld from training graph; test-time graph restricted by strict contract,strict_inductive,sage; hidden=64; layers=2,1-10,10,F1; precision; recall; AUROC; AUPRC; Precision/Recall@1%; runtime,canonical imported package index,results/v24_imported/rb41_dgraphfin_temporal_shift_seeds_1_2/RESULT_INDEX.csv;results/v24_imported/rb41_dgraphfin_temporal_shift_seeds_3_4/RESULT_INDEX.csv;results/v24_imported/rb41_dgraphfin_temporal_shift_seeds_5_6/RESULT_INDEX.csv;results/v24_imported/rb41_dgraphfin_temporal_shift_seeds_7_8/RESULT_INDEX.csv;results/v24_imported/rb41_dgraphfin_temporal_shift_seeds_9_10/RESULT_INDEX.csv,available,results/v24_imported/rb41_dgraphfin_temporal_shift_seeds_9_10/PREDICTION_INDEX.csv,dataset=dgraphfin|stress=rolling_window_stress|model=sage|seed|protocol,validated Kaggle execution; V24 environment records two Tesla T4 devices,PASS,kaggleoutputs/v24/rb41_dgraphfin_full10_chunks/DOWNLOAD_ME_RB41_DGRAPHFIN_TEMPORAL_SHIFT_STRESS_SEEDS_9_10_DUALGPU_V24__SPLIT_PACKAGE_MANIFEST.json,PASS,results/v24_imported/V24_IMPORTED_EVIDENCE_LOCK.json,"artifact lock PASS, but temporal-stress construct invalid; only deduplicated strict/isolated rerun is scientifically usable",results/v24_imported/V24_IMPORTED_EVIDENCE_LOCK.json,supplement-only,"Temporal stress label is metadata only in the V24 runner: it is not passed to the benchmark harness. Performance metrics duplicate exactly across all three labels. Do not compare, pool, or count those labels as distinct conditions; retain one deduplicated strict/isolated rerun grid at most."
V24::RB41::elliptic::early_to_late_transfer::inductive_isolated::gcn,temporal-shift/perturbation stress,elliptic,canonical,real pseudonymized Bitcoin transaction graph,account/node,"raw licit->2, illicit->1, unknown->0; unknown excluded; positive=illicit (1)","49 time steps; train t1-30, validation t31-34, test t35-49; stress=early_to_late_transfer",published account/node graph,chronological split with isolated split-specific evaluation subgraph,inductive_isolated,gcn; hidden=128; layers=2,1-10,10,F1; precision; recall; AUROC; AUPRC; Precision/Recall@1%; runtime,canonical imported package index,results/v24_imported/rb41_elliptic_temporal_shift_full10/RESULT_INDEX.csv,available,results/v24_imported/rb41_elliptic_temporal_shift_full10/PREDICTION_INDEX.csv,dataset=elliptic|stress=early_to_late_transfer|model=gcn|seed|protocol,validated Kaggle execution; V24 environment records two Tesla T4 devices,PASS,kaggleoutputs/v24/rb41_elliptic_full10/DOWNLOAD_ME_RB41_ELLIPTIC_TEMPORAL_SHIFT_STRESS_FULL10_SEEDS_1_10_V24__SPLIT_PACKAGE_MANIFEST.json,PASS,results/v24_imported/V24_IMPORTED_EVIDENCE_LOCK.json,"artifact lock PASS, but temporal-stress construct invalid; only deduplicated strict/isolated rerun is scientifically usable",results/v24_imported/V24_IMPORTED_EVIDENCE_LOCK.json,supplement-only,"Temporal stress label is metadata only in the V24 runner: it is not passed to the benchmark harness. Performance metrics duplicate exactly across all three labels. Do not compare, pool, or count those labels as distinct conditions; retain one deduplicated strict/isolated rerun grid at most."
V24::RB41::elliptic::early_to_late_transfer::inductive_isolated::mlp,temporal-shift/perturbation stress,elliptic,canonical,real pseudonymized Bitcoin transaction graph,account/node,"raw licit->2, illicit->1, unknown->0; unknown excluded; positive=illicit (1)","49 time steps; train t1-30, validation t31-34, test t35-49; stress=early_to_late_transfer",published account/node graph,chronological split with isolated split-specific evaluation subgraph,inductive_isolated,mlp; hidden=128; layers=2,1-10,10,F1; precision; recall; AUROC; AUPRC; Precision/Recall@1%; runtime,canonical imported package index,results/v24_imported/rb41_elliptic_temporal_shift_full10/RESULT_INDEX.csv,available,results/v24_imported/rb41_elliptic_temporal_shift_full10/PREDICTION_INDEX.csv,dataset=elliptic|stress=early_to_late_transfer|model=mlp|seed|protocol,validated Kaggle execution; V24 environment records two Tesla T4 devices,PASS,kaggleoutputs/v24/rb41_elliptic_full10/DOWNLOAD_ME_RB41_ELLIPTIC_TEMPORAL_SHIFT_STRESS_FULL10_SEEDS_1_10_V24__SPLIT_PACKAGE_MANIFEST.json,PASS,results/v24_imported/V24_IMPORTED_EVIDENCE_LOCK.json,"artifact lock PASS, but temporal-stress construct invalid; only deduplicated strict/isolated rerun is scientifically usable",results/v24_imported/V24_IMPORTED_EVIDENCE_LOCK.json,supplement-only,"Temporal stress label is metadata only in the V24 runner: it is not passed to the benchmark harness. Performance metrics duplicate exactly across all three labels. Do not compare, pool, or count those labels as distinct conditions; retain one deduplicated strict/isolated rerun grid at most."
V24::RB41::elliptic::early_to_late_transfer::inductive_isolated::sage,temporal-shift/perturbation stress,elliptic,canonical,real pseudonymized Bitcoin transaction graph,account/node,"raw licit->2, illicit->1, unknown->0; unknown excluded; positive=illicit (1)","49 time steps; train t1-30, validation t31-34, test t35-49; stress=early_to_late_transfer",published account/node graph,chronological split with isolated split-specific evaluation subgraph,inductive_isolated,sage; hidden=128; layers=2,1-10,10,F1; precision; recall; AUROC; AUPRC; Precision/Recall@1%; runtime,canonical imported package index,results/v24_imported/rb41_elliptic_temporal_shift_full10/RESULT_INDEX.csv,available,results/v24_imported/rb41_elliptic_temporal_shift_full10/PREDICTION_INDEX.csv,dataset=elliptic|stress=early_to_late_transfer|model=sage|seed|protocol,validated Kaggle execution; V24 environment records two Tesla T4 devices,PASS,kaggleoutputs/v24/rb41_elliptic_full10/DOWNLOAD_ME_RB41_ELLIPTIC_TEMPORAL_SHIFT_STRESS_FULL10_SEEDS_1_10_V24__SPLIT_PACKAGE_MANIFEST.json,PASS,results/v24_imported/V24_IMPORTED_EVIDENCE_LOCK.json,"artifact lock PASS, but temporal-stress construct invalid; only deduplicated strict/isolated rerun is scientifically usable",results/v24_imported/V24_IMPORTED_EVIDENCE_LOCK.json,supplement-only,"Temporal stress label is metadata only in the V24 runner: it is not passed to the benchmark harness. Performance metrics duplicate exactly across all three labels. Do not compare, pool, or count those labels as distinct conditions; retain one deduplicated strict/isolated rerun grid at most."
V24::RB41::elliptic::early_to_late_transfer::strict_inductive::gcn,temporal-shift/perturbation stress,elliptic,canonical,real pseudonymized Bitcoin transaction graph,account/node,"raw licit->2, illicit->1, unknown->0; unknown excluded; positive=illicit (1)","49 time steps; train t1-30, validation t31-34, test t35-49; stress=early_to_late_transfer",published account/node graph,test nodes and incident test edges withheld from training graph; test-time graph restricted by strict contract,strict_inductive,gcn; hidden=128; layers=2,1-10,10,F1; precision; recall; AUROC; AUPRC; Precision/Recall@1%; runtime,canonical imported package index,results/v24_imported/rb41_elliptic_temporal_shift_full10/RESULT_INDEX.csv,available,results/v24_imported/rb41_elliptic_temporal_shift_full10/PREDICTION_INDEX.csv,dataset=elliptic|stress=early_to_late_transfer|model=gcn|seed|protocol,validated Kaggle execution; V24 environment records two Tesla T4 devices,PASS,kaggleoutputs/v24/rb41_elliptic_full10/DOWNLOAD_ME_RB41_ELLIPTIC_TEMPORAL_SHIFT_STRESS_FULL10_SEEDS_1_10_V24__SPLIT_PACKAGE_MANIFEST.json,PASS,results/v24_imported/V24_IMPORTED_EVIDENCE_LOCK.json,"artifact lock PASS, but temporal-stress construct invalid; only deduplicated strict/isolated rerun is scientifically usable",results/v24_imported/V24_IMPORTED_EVIDENCE_LOCK.json,supplement-only,"Temporal stress label is metadata only in the V24 runner: it is not passed to the benchmark harness. Performance metrics duplicate exactly across all three labels. Do not compare, pool, or count those labels as distinct conditions; retain one deduplicated strict/isolated rerun grid at most."
V24::RB41::elliptic::early_to_late_transfer::strict_inductive::mlp,temporal-shift/perturbation stress,elliptic,canonical,real pseudonymized Bitcoin transaction graph,account/node,"raw licit->2, illicit->1, unknown->0; unknown excluded; positive=illicit (1)","49 time steps; train t1-30, validation t31-34, test t35-49; stress=early_to_late_transfer",published account/node graph,test nodes and incident test edges withheld from training graph; test-time graph restricted by strict contract,strict_inductive,mlp; hidden=128; layers=2,1-10,10,F1; precision; recall; AUROC; AUPRC; Precision/Recall@1%; runtime,canonical imported package index,results/v24_imported/rb41_elliptic_temporal_shift_full10/RESULT_INDEX.csv,available,results/v24_imported/rb41_elliptic_temporal_shift_full10/PREDICTION_INDEX.csv,dataset=elliptic|stress=early_to_late_transfer|model=mlp|seed|protocol,validated Kaggle execution; V24 environment records two Tesla T4 devices,PASS,kaggleoutputs/v24/rb41_elliptic_full10/DOWNLOAD_ME_RB41_ELLIPTIC_TEMPORAL_SHIFT_STRESS_FULL10_SEEDS_1_10_V24__SPLIT_PACKAGE_MANIFEST.json,PASS,results/v24_imported/V24_IMPORTED_EVIDENCE_LOCK.json,"artifact lock PASS, but temporal-stress construct invalid; only deduplicated strict/isolated rerun is scientifically usable",results/v24_imported/V24_IMPORTED_EVIDENCE_LOCK.json,supplement-only,"Temporal stress label is metadata only in the V24 runner: it is not passed to the benchmark harness. Performance metrics duplicate exactly across all three labels. Do not compare, pool, or count those labels as distinct conditions; retain one deduplicated strict/isolated rerun grid at most."
V24::RB41::elliptic::early_to_late_transfer::strict_inductive::sage,temporal-shift/perturbation stress,elliptic,canonical,real pseudonymized Bitcoin transaction graph,account/node,"raw licit->2, illicit->1, unknown->0; unknown excluded; positive=illicit (1)","49 time steps; train t1-30, validation t31-34, test t35-49; stress=early_to_late_transfer",published account/node graph,test nodes and incident test edges withheld from training graph; test-time graph restricted by strict contract,strict_inductive,sage; hidden=128; layers=2,1-10,10,F1; precision; recall; AUROC; AUPRC; Precision/Recall@1%; runtime,canonical imported package index,results/v24_imported/rb41_elliptic_temporal_shift_full10/RESULT_INDEX.csv,available,results/v24_imported/rb41_elliptic_temporal_shift_full10/PREDICTION_INDEX.csv,dataset=elliptic|stress=early_to_late_transfer|model=sage|seed|protocol,validated Kaggle execution; V24 environment records two Tesla T4 devices,PASS,kaggleoutputs/v24/rb41_elliptic_full10/DOWNLOAD_ME_RB41_ELLIPTIC_TEMPORAL_SHIFT_STRESS_FULL10_SEEDS_1_10_V24__SPLIT_PACKAGE_MANIFEST.json,PASS,results/v24_imported/V24_IMPORTED_EVIDENCE_LOCK.json,"artifact lock PASS, but temporal-stress construct invalid; only deduplicated strict/isolated rerun is scientifically usable",results/v24_imported/V24_IMPORTED_EVIDENCE_LOCK.json,supplement-only,"Temporal stress label is metadata only in the V24 runner: it is not passed to the benchmark harness. Performance metrics duplicate exactly across all three labels. Do not compare, pool, or count those labels as distinct conditions; retain one deduplicated strict/isolated rerun grid at most."
V24::RB41::elliptic::late_window_holdout::inductive_isolated::gcn,temporal-shift/perturbation stress,elliptic,canonical,real pseudonymized Bitcoin transaction graph,account/node,"raw licit->2, illicit->1, unknown->0; unknown excluded; positive=illicit (1)","49 time steps; train t1-30, validation t31-34, test t35-49; stress=late_window_holdout",published account/node graph,chronological split with isolated split-specific evaluation subgraph,inductive_isolated,gcn; hidden=128; layers=2,1-10,10,F1; precision; recall; AUROC; AUPRC; Precision/Recall@1%; runtime,canonical imported package index,results/v24_imported/rb41_elliptic_temporal_shift_full10/RESULT_INDEX.csv,available,results/v24_imported/rb41_elliptic_temporal_shift_full10/PREDICTION_INDEX.csv,dataset=elliptic|stress=late_window_holdout|model=gcn|seed|protocol,validated Kaggle execution; V24 environment records two Tesla T4 devices,PASS,kaggleoutputs/v24/rb41_elliptic_full10/DOWNLOAD_ME_RB41_ELLIPTIC_TEMPORAL_SHIFT_STRESS_FULL10_SEEDS_1_10_V24__SPLIT_PACKAGE_MANIFEST.json,PASS,results/v24_imported/V24_IMPORTED_EVIDENCE_LOCK.json,"artifact lock PASS, but temporal-stress construct invalid; only deduplicated strict/isolated rerun is scientifically usable",results/v24_imported/V24_IMPORTED_EVIDENCE_LOCK.json,supplement-only,"Temporal stress label is metadata only in the V24 runner: it is not passed to the benchmark harness. Performance metrics duplicate exactly across all three labels. Do not compare, pool, or count those labels as distinct conditions; retain one deduplicated strict/isolated rerun grid at most."
V24::RB41::elliptic::late_window_holdout::inductive_isolated::mlp,temporal-shift/perturbation stress,elliptic,canonical,real pseudonymized Bitcoin transaction graph,account/node,"raw licit->2, illicit->1, unknown->0; unknown excluded; positive=illicit (1)","49 time steps; train t1-30, validation t31-34, test t35-49; stress=late_window_holdout",published account/node graph,chronological split with isolated split-specific evaluation subgraph,inductive_isolated,mlp; hidden=128; layers=2,1-10,10,F1; precision; recall; AUROC; AUPRC; Precision/Recall@1%; runtime,canonical imported package index,results/v24_imported/rb41_elliptic_temporal_shift_full10/RESULT_INDEX.csv,available,results/v24_imported/rb41_elliptic_temporal_shift_full10/PREDICTION_INDEX.csv,dataset=elliptic|stress=late_window_holdout|model=mlp|seed|protocol,validated Kaggle execution; V24 environment records two Tesla T4 devices,PASS,kaggleoutputs/v24/rb41_elliptic_full10/DOWNLOAD_ME_RB41_ELLIPTIC_TEMPORAL_SHIFT_STRESS_FULL10_SEEDS_1_10_V24__SPLIT_PACKAGE_MANIFEST.json,PASS,results/v24_imported/V24_IMPORTED_EVIDENCE_LOCK.json,"artifact lock PASS, but temporal-stress construct invalid; only deduplicated strict/isolated rerun is scientifically usable",results/v24_imported/V24_IMPORTED_EVIDENCE_LOCK.json,supplement-only,"Temporal stress label is metadata only in the V24 runner: it is not passed to the benchmark harness. Performance metrics duplicate exactly across all three labels. Do not compare, pool, or count those labels as distinct conditions; retain one deduplicated strict/isolated rerun grid at most."
V24::RB41::elliptic::late_window_holdout::inductive_isolated::sage,temporal-shift/perturbation stress,elliptic,canonical,real pseudonymized Bitcoin transaction graph,account/node,"raw licit->2, illicit->1, unknown->0; unknown excluded; positive=illicit (1)","49 time steps; train t1-30, validation t31-34, test t35-49; stress=late_window_holdout",published account/node graph,chronological split with isolated split-specific evaluation subgraph,inductive_isolated,sage; hidden=128; layers=2,1-10,10,F1; precision; recall; AUROC; AUPRC; Precision/Recall@1%; runtime,canonical imported package index,results/v24_imported/rb41_elliptic_temporal_shift_full10/RESULT_INDEX.csv,available,results/v24_imported/rb41_elliptic_temporal_shift_full10/PREDICTION_INDEX.csv,dataset=elliptic|stress=late_window_holdout|model=sage|seed|protocol,validated Kaggle execution; V24 environment records two Tesla T4 devices,PASS,kaggleoutputs/v24/rb41_elliptic_full10/DOWNLOAD_ME_RB41_ELLIPTIC_TEMPORAL_SHIFT_STRESS_FULL10_SEEDS_1_10_V24__SPLIT_PACKAGE_MANIFEST.json,PASS,results/v24_imported/V24_IMPORTED_EVIDENCE_LOCK.json,"artifact lock PASS, but temporal-stress construct invalid; only deduplicated strict/isolated rerun is scientifically usable",results/v24_imported/V24_IMPORTED_EVIDENCE_LOCK.json,supplement-only,"Temporal stress label is metadata only in the V24 runner: it is not passed to the benchmark harness. Performance metrics duplicate exactly across all three labels. Do not compare, pool, or count those labels as distinct conditions; retain one deduplicated strict/isolated rerun grid at most."
V24::RB41::elliptic::late_window_holdout::strict_inductive::gcn,temporal-shift/perturbation stress,elliptic,canonical,real pseudonymized Bitcoin transaction graph,account/node,"raw licit->2, illicit->1, unknown->0; unknown excluded; positive=illicit (1)","49 time steps; train t1-30, validation t31-34, test t35-49; stress=late_window_holdout",published account/node graph,test nodes and incident test edges withheld from training graph; test-time graph restricted by strict contract,strict_inductive,gcn; hidden=128; layers=2,1-10,10,F1; precision; recall; AUROC; AUPRC; Precision/Recall@1%; runtime,canonical imported package index,results/v24_imported/rb41_elliptic_temporal_shift_full10/RESULT_INDEX.csv,available,results/v24_imported/rb41_elliptic_temporal_shift_full10/PREDICTION_INDEX.csv,dataset=elliptic|stress=late_window_holdout|model=gcn|seed|protocol,validated Kaggle execution; V24 environment records two Tesla T4 devices,PASS,kaggleoutputs/v24/rb41_elliptic_full10/DOWNLOAD_ME_RB41_ELLIPTIC_TEMPORAL_SHIFT_STRESS_FULL10_SEEDS_1_10_V24__SPLIT_PACKAGE_MANIFEST.json,PASS,results/v24_imported/V24_IMPORTED_EVIDENCE_LOCK.json,"artifact lock PASS, but temporal-stress construct invalid; only deduplicated strict/isolated rerun is scientifically usable",results/v24_imported/V24_IMPORTED_EVIDENCE_LOCK.json,supplement-only,"Temporal stress label is metadata only in the V24 runner: it is not passed to the benchmark harness. Performance metrics duplicate exactly across all three labels. Do not compare, pool, or count those labels as distinct conditions; retain one deduplicated strict/isolated rerun grid at most."
V24::RB41::elliptic::late_window_holdout::strict_inductive::mlp,temporal-shift/perturbation stress,elliptic,canonical,real pseudonymized Bitcoin transaction graph,account/node,"raw licit->2, illicit->1, unknown->0; unknown excluded; positive=illicit (1)","49 time steps; train t1-30, validation t31-34, test t35-49; stress=late_window_holdout",published account/node graph,test nodes and incident test edges withheld from training graph; test-time graph restricted by strict contract,strict_inductive,mlp; hidden=128; layers=2,1-10,10,F1; precision; recall; AUROC; AUPRC; Precision/Recall@1%; runtime,canonical imported package index,results/v24_imported/rb41_elliptic_temporal_shift_full10/RESULT_INDEX.csv,available,results/v24_imported/rb41_elliptic_temporal_shift_full10/PREDICTION_INDEX.csv,dataset=elliptic|stress=late_window_holdout|model=mlp|seed|protocol,validated Kaggle execution; V24 environment records two Tesla T4 devices,PASS,kaggleoutputs/v24/rb41_elliptic_full10/DOWNLOAD_ME_RB41_ELLIPTIC_TEMPORAL_SHIFT_STRESS_FULL10_SEEDS_1_10_V24__SPLIT_PACKAGE_MANIFEST.json,PASS,results/v24_imported/V24_IMPORTED_EVIDENCE_LOCK.json,"artifact lock PASS, but temporal-stress construct invalid; only deduplicated strict/isolated rerun is scientifically usable",results/v24_imported/V24_IMPORTED_EVIDENCE_LOCK.json,supplement-only,"Temporal stress label is metadata only in the V24 runner: it is not passed to the benchmark harness. Performance metrics duplicate exactly across all three labels. Do not compare, pool, or count those labels as distinct conditions; retain one deduplicated strict/isolated rerun grid at most."
V24::RB41::elliptic::late_window_holdout::strict_inductive::sage,temporal-shift/perturbation stress,elliptic,canonical,real pseudonymized Bitcoin transaction graph,account/node,"raw licit->2, illicit->1, unknown->0; unknown excluded; positive=illicit (1)","49 time steps; train t1-30, validation t31-34, test t35-49; stress=late_window_holdout",published account/node graph,test nodes and incident test edges withheld from training graph; test-time graph restricted by strict contract,strict_inductive,sage; hidden=128; layers=2,1-10,10,F1; precision; recall; AUROC; AUPRC; Precision/Recall@1%; runtime,canonical imported package index,results/v24_imported/rb41_elliptic_temporal_shift_full10/RESULT_INDEX.csv,available,results/v24_imported/rb41_elliptic_temporal_shift_full10/PREDICTION_INDEX.csv,dataset=elliptic|stress=late_window_holdout|model=sage|seed|protocol,validated Kaggle execution; V24 environment records two Tesla T4 devices,PASS,kaggleoutputs/v24/rb41_elliptic_full10/DOWNLOAD_ME_RB41_ELLIPTIC_TEMPORAL_SHIFT_STRESS_FULL10_SEEDS_1_10_V24__SPLIT_PACKAGE_MANIFEST.json,PASS,results/v24_imported/V24_IMPORTED_EVIDENCE_LOCK.json,"artifact lock PASS, but temporal-stress construct invalid; only deduplicated strict/isolated rerun is scientifically usable",results/v24_imported/V24_IMPORTED_EVIDENCE_LOCK.json,supplement-only,"Temporal stress label is metadata only in the V24 runner: it is not passed to the benchmark harness. Performance metrics duplicate exactly across all three labels. Do not compare, pool, or count those labels as distinct conditions; retain one deduplicated strict/isolated rerun grid at most."
V24::RB41::elliptic::rolling_window_stress::inductive_isolated::gcn,temporal-shift/perturbation stress,elliptic,canonical,real pseudonymized Bitcoin transaction graph,account/node,"raw licit->2, illicit->1, unknown->0; unknown excluded; positive=illicit (1)","49 time steps; train t1-30, validation t31-34, test t35-49; stress=rolling_window_stress",published account/node graph,chronological split with isolated split-specific evaluation subgraph,inductive_isolated,gcn; hidden=128; layers=2,1-10,10,F1; precision; recall; AUROC; AUPRC; Precision/Recall@1%; runtime,canonical imported package index,results/v24_imported/rb41_elliptic_temporal_shift_full10/RESULT_INDEX.csv,available,results/v24_imported/rb41_elliptic_temporal_shift_full10/PREDICTION_INDEX.csv,dataset=elliptic|stress=rolling_window_stress|model=gcn|seed|protocol,validated Kaggle execution; V24 environment records two Tesla T4 devices,PASS,kaggleoutputs/v24/rb41_elliptic_full10/DOWNLOAD_ME_RB41_ELLIPTIC_TEMPORAL_SHIFT_STRESS_FULL10_SEEDS_1_10_V24__SPLIT_PACKAGE_MANIFEST.json,PASS,results/v24_imported/V24_IMPORTED_EVIDENCE_LOCK.json,"artifact lock PASS, but temporal-stress construct invalid; only deduplicated strict/isolated rerun is scientifically usable",results/v24_imported/V24_IMPORTED_EVIDENCE_LOCK.json,supplement-only,"Temporal stress label is metadata only in the V24 runner: it is not passed to the benchmark harness. Performance metrics duplicate exactly across all three labels. Do not compare, pool, or count those labels as distinct conditions; retain one deduplicated strict/isolated rerun grid at most."
V24::RB41::elliptic::rolling_window_stress::inductive_isolated::mlp,temporal-shift/perturbation stress,elliptic,canonical,real pseudonymized Bitcoin transaction graph,account/node,"raw licit->2, illicit->1, unknown->0; unknown excluded; positive=illicit (1)","49 time steps; train t1-30, validation t31-34, test t35-49; stress=rolling_window_stress",published account/node graph,chronological split with isolated split-specific evaluation subgraph,inductive_isolated,mlp; hidden=128; layers=2,1-10,10,F1; precision; recall; AUROC; AUPRC; Precision/Recall@1%; runtime,canonical imported package index,results/v24_imported/rb41_elliptic_temporal_shift_full10/RESULT_INDEX.csv,available,results/v24_imported/rb41_elliptic_temporal_shift_full10/PREDICTION_INDEX.csv,dataset=elliptic|stress=rolling_window_stress|model=mlp|seed|protocol,validated Kaggle execution; V24 environment records two Tesla T4 devices,PASS,kaggleoutputs/v24/rb41_elliptic_full10/DOWNLOAD_ME_RB41_ELLIPTIC_TEMPORAL_SHIFT_STRESS_FULL10_SEEDS_1_10_V24__SPLIT_PACKAGE_MANIFEST.json,PASS,results/v24_imported/V24_IMPORTED_EVIDENCE_LOCK.json,"artifact lock PASS, but temporal-stress construct invalid; only deduplicated strict/isolated rerun is scientifically usable",results/v24_imported/V24_IMPORTED_EVIDENCE_LOCK.json,supplement-only,"Temporal stress label is metadata only in the V24 runner: it is not passed to the benchmark harness. Performance metrics duplicate exactly across all three labels. Do not compare, pool, or count those labels as distinct conditions; retain one deduplicated strict/isolated rerun grid at most."
V24::RB41::elliptic::rolling_window_stress::inductive_isolated::sage,temporal-shift/perturbation stress,elliptic,canonical,real pseudonymized Bitcoin transaction graph,account/node,"raw licit->2, illicit->1, unknown->0; unknown excluded; positive=illicit (1)","49 time steps; train t1-30, validation t31-34, test t35-49; stress=rolling_window_stress",published account/node graph,chronological split with isolated split-specific evaluation subgraph,inductive_isolated,sage; hidden=128; layers=2,1-10,10,F1; precision; recall; AUROC; AUPRC; Precision/Recall@1%; runtime,canonical imported package index,results/v24_imported/rb41_elliptic_temporal_shift_full10/RESULT_INDEX.csv,available,results/v24_imported/rb41_elliptic_temporal_shift_full10/PREDICTION_INDEX.csv,dataset=elliptic|stress=rolling_window_stress|model=sage|seed|protocol,validated Kaggle execution; V24 environment records two Tesla T4 devices,PASS,kaggleoutputs/v24/rb41_elliptic_full10/DOWNLOAD_ME_RB41_ELLIPTIC_TEMPORAL_SHIFT_STRESS_FULL10_SEEDS_1_10_V24__SPLIT_PACKAGE_MANIFEST.json,PASS,results/v24_imported/V24_IMPORTED_EVIDENCE_LOCK.json,"artifact lock PASS, but temporal-stress construct invalid; only deduplicated strict/isolated rerun is scientifically usable",results/v24_imported/V24_IMPORTED_EVIDENCE_LOCK.json,supplement-only,"Temporal stress label is metadata only in the V24 runner: it is not passed to the benchmark harness. Performance metrics duplicate exactly across all three labels. Do not compare, pool, or count those labels as distinct conditions; retain one deduplicated strict/isolated rerun grid at most."
V24::RB41::elliptic::rolling_window_stress::strict_inductive::gcn,temporal-shift/perturbation stress,elliptic,canonical,real pseudonymized Bitcoin transaction graph,account/node,"raw licit->2, illicit->1, unknown->0; unknown excluded; positive=illicit (1)","49 time steps; train t1-30, validation t31-34, test t35-49; stress=rolling_window_stress",published account/node graph,test nodes and incident test edges withheld from training graph; test-time graph restricted by strict contract,strict_inductive,gcn; hidden=128; layers=2,1-10,10,F1; precision; recall; AUROC; AUPRC; Precision/Recall@1%; runtime,canonical imported package index,results/v24_imported/rb41_elliptic_temporal_shift_full10/RESULT_INDEX.csv,available,results/v24_imported/rb41_elliptic_temporal_shift_full10/PREDICTION_INDEX.csv,dataset=elliptic|stress=rolling_window_stress|model=gcn|seed|protocol,validated Kaggle execution; V24 environment records two Tesla T4 devices,PASS,kaggleoutputs/v24/rb41_elliptic_full10/DOWNLOAD_ME_RB41_ELLIPTIC_TEMPORAL_SHIFT_STRESS_FULL10_SEEDS_1_10_V24__SPLIT_PACKAGE_MANIFEST.json,PASS,results/v24_imported/V24_IMPORTED_EVIDENCE_LOCK.json,"artifact lock PASS, but temporal-stress construct invalid; only deduplicated strict/isolated rerun is scientifically usable",results/v24_imported/V24_IMPORTED_EVIDENCE_LOCK.json,supplement-only,"Temporal stress label is metadata only in the V24 runner: it is not passed to the benchmark harness. Performance metrics duplicate exactly across all three labels. Do not compare, pool, or count those labels as distinct conditions; retain one deduplicated strict/isolated rerun grid at most."
V24::RB41::elliptic::rolling_window_stress::strict_inductive::mlp,temporal-shift/perturbation stress,elliptic,canonical,real pseudonymized Bitcoin transaction graph,account/node,"raw licit->2, illicit->1, unknown->0; unknown excluded; positive=illicit (1)","49 time steps; train t1-30, validation t31-34, test t35-49; stress=rolling_window_stress",published account/node graph,test nodes and incident test edges withheld from training graph; test-time graph restricted by strict contract,strict_inductive,mlp; hidden=128; layers=2,1-10,10,F1; precision; recall; AUROC; AUPRC; Precision/Recall@1%; runtime,canonical imported package index,results/v24_imported/rb41_elliptic_temporal_shift_full10/RESULT_INDEX.csv,available,results/v24_imported/rb41_elliptic_temporal_shift_full10/PREDICTION_INDEX.csv,dataset=elliptic|stress=rolling_window_stress|model=mlp|seed|protocol,validated Kaggle execution; V24 environment records two Tesla T4 devices,PASS,kaggleoutputs/v24/rb41_elliptic_full10/DOWNLOAD_ME_RB41_ELLIPTIC_TEMPORAL_SHIFT_STRESS_FULL10_SEEDS_1_10_V24__SPLIT_PACKAGE_MANIFEST.json,PASS,results/v24_imported/V24_IMPORTED_EVIDENCE_LOCK.json,"artifact lock PASS, but temporal-stress construct invalid; only deduplicated strict/isolated rerun is scientifically usable",results/v24_imported/V24_IMPORTED_EVIDENCE_LOCK.json,supplement-only,"Temporal stress label is metadata only in the V24 runner: it is not passed to the benchmark harness. Performance metrics duplicate exactly across all three labels. Do not compare, pool, or count those labels as distinct conditions; retain one deduplicated strict/isolated rerun grid at most."
V24::RB41::elliptic::rolling_window_stress::strict_inductive::sage,temporal-shift/perturbation stress,elliptic,canonical,real pseudonymized Bitcoin transaction graph,account/node,"raw licit->2, illicit->1, unknown->0; unknown excluded; positive=illicit (1)","49 time steps; train t1-30, validation t31-34, test t35-49; stress=rolling_window_stress",published account/node graph,test nodes and incident test edges withheld from training graph; test-time graph restricted by strict contract,strict_inductive,sage; hidden=128; layers=2,1-10,10,F1; precision; recall; AUROC; AUPRC; Precision/Recall@1%; runtime,canonical imported package index,results/v24_imported/rb41_elliptic_temporal_shift_full10/RESULT_INDEX.csv,available,results/v24_imported/rb41_elliptic_temporal_shift_full10/PREDICTION_INDEX.csv,dataset=elliptic|stress=rolling_window_stress|model=sage|seed|protocol,validated Kaggle execution; V24 environment records two Tesla T4 devices,PASS,kaggleoutputs/v24/rb41_elliptic_full10/DOWNLOAD_ME_RB41_ELLIPTIC_TEMPORAL_SHIFT_STRESS_FULL10_SEEDS_1_10_V24__SPLIT_PACKAGE_MANIFEST.json,PASS,results/v24_imported/V24_IMPORTED_EVIDENCE_LOCK.json,"artifact lock PASS, but temporal-stress construct invalid; only deduplicated strict/isolated rerun is scientifically usable",results/v24_imported/V24_IMPORTED_EVIDENCE_LOCK.json,supplement-only,"Temporal stress label is metadata only in the V24 runner: it is not passed to the benchmark harness. Performance metrics duplicate exactly across all three labels. Do not compare, pool, or count those labels as distinct conditions; retain one deduplicated strict/isolated rerun grid at most."
V24::RB44::elliptic::perturbation_edge_drop::inductive_isolated::gcn,temporal-shift/perturbation stress,elliptic,canonical,real pseudonymized Bitcoin transaction graph,account/node,"raw licit->2, illicit->1, unknown->0; unknown excluded; positive=illicit (1)","49 time steps; train t1-30, validation t31-34, test t35-49; stress=perturbation_edge_drop",published account/node graph; control=edge_drop,chronological split with isolated split-specific evaluation subgraph,inductive_isolated,gcn; hidden=128; layers=2,1-10,10,F1; precision; recall; AUROC; AUPRC; Precision/Recall@1%; runtime,canonical imported package index,results/v24_imported/rb44_elliptic_perturbation_stress_full10/RESULT_INDEX.csv,available,results/v24_imported/rb44_elliptic_perturbation_stress_full10/PREDICTION_INDEX.csv,dataset=elliptic|stress=perturbation_edge_drop|model=gcn|seed|protocol,validated Kaggle execution; V24 environment records two Tesla T4 devices,PASS,kaggleoutputs/v24/rb44_elliptic_full10/DOWNLOAD_ME_RB44_ELLIPTIC_PERTURBATION_STRESS_FULL10_SEEDS_1_10_V24__SPLIT_PACKAGE_MANIFEST.json,PASS,results/v24_imported/V24_IMPORTED_EVIDENCE_LOCK.json,eligible as appendix diagnostics,results/v24_imported/V24_IMPORTED_EVIDENCE_LOCK.json,supplement-only,"Temporal stress label is metadata only in the V24 runner: it is not passed to the benchmark harness. Performance metrics duplicate exactly across all three labels. Do not compare, pool, or count those labels as distinct conditions; retain one deduplicated strict/isolated rerun grid at most."
V24::RB44::elliptic::perturbation_edge_drop::inductive_isolated::mlp,temporal-shift/perturbation stress,elliptic,canonical,real pseudonymized Bitcoin transaction graph,account/node,"raw licit->2, illicit->1, unknown->0; unknown excluded; positive=illicit (1)","49 time steps; train t1-30, validation t31-34, test t35-49; stress=perturbation_edge_drop",published account/node graph; control=edge_drop,chronological split with isolated split-specific evaluation subgraph,inductive_isolated,mlp; hidden=128; layers=2,1-10,10,F1; precision; recall; AUROC; AUPRC; Precision/Recall@1%; runtime,canonical imported package index,results/v24_imported/rb44_elliptic_perturbation_stress_full10/RESULT_INDEX.csv,available,results/v24_imported/rb44_elliptic_perturbation_stress_full10/PREDICTION_INDEX.csv,dataset=elliptic|stress=perturbation_edge_drop|model=mlp|seed|protocol,validated Kaggle execution; V24 environment records two Tesla T4 devices,PASS,kaggleoutputs/v24/rb44_elliptic_full10/DOWNLOAD_ME_RB44_ELLIPTIC_PERTURBATION_STRESS_FULL10_SEEDS_1_10_V24__SPLIT_PACKAGE_MANIFEST.json,PASS,results/v24_imported/V24_IMPORTED_EVIDENCE_LOCK.json,eligible as appendix diagnostics,results/v24_imported/V24_IMPORTED_EVIDENCE_LOCK.json,supplement-only,"Temporal stress label is metadata only in the V24 runner: it is not passed to the benchmark harness. Performance metrics duplicate exactly across all three labels. Do not compare, pool, or count those labels as distinct conditions; retain one deduplicated strict/isolated rerun grid at most."
V24::RB44::elliptic::perturbation_edge_drop::inductive_isolated::sage,temporal-shift/perturbation stress,elliptic,canonical,real pseudonymized Bitcoin transaction graph,account/node,"raw licit->2, illicit->1, unknown->0; unknown excluded; positive=illicit (1)","49 time steps; train t1-30, validation t31-34, test t35-49; stress=perturbation_edge_drop",published account/node graph; control=edge_drop,chronological split with isolated split-specific evaluation subgraph,inductive_isolated,sage; hidden=128; layers=2,1-10,10,F1; precision; recall; AUROC; AUPRC; Precision/Recall@1%; runtime,canonical imported package index,results/v24_imported/rb44_elliptic_perturbation_stress_full10/RESULT_INDEX.csv,available,results/v24_imported/rb44_elliptic_perturbation_stress_full10/PREDICTION_INDEX.csv,dataset=elliptic|stress=perturbation_edge_drop|model=sage|seed|protocol,validated Kaggle execution; V24 environment records two Tesla T4 devices,PASS,kaggleoutputs/v24/rb44_elliptic_full10/DOWNLOAD_ME_RB44_ELLIPTIC_PERTURBATION_STRESS_FULL10_SEEDS_1_10_V24__SPLIT_PACKAGE_MANIFEST.json,PASS,results/v24_imported/V24_IMPORTED_EVIDENCE_LOCK.json,eligible as appendix diagnostics,results/v24_imported/V24_IMPORTED_EVIDENCE_LOCK.json,supplement-only,"Temporal stress label is metadata only in the V24 runner: it is not passed to the benchmark harness. Performance metrics duplicate exactly across all three labels. Do not compare, pool, or count those labels as distinct conditions; retain one deduplicated strict/isolated rerun grid at most."
V24::RB44::elliptic::perturbation_edge_drop::strict_inductive::gcn,temporal-shift/perturbation stress,elliptic,canonical,real pseudonymized Bitcoin transaction graph,account/node,"raw licit->2, illicit->1, unknown->0; unknown excluded; positive=illicit (1)","49 time steps; train t1-30, validation t31-34, test t35-49; stress=perturbation_edge_drop",published account/node graph; control=edge_drop,test nodes and incident test edges withheld from training graph; test-time graph restricted by strict contract,strict_inductive,gcn; hidden=128; layers=2,1-10,10,F1; precision; recall; AUROC; AUPRC; Precision/Recall@1%; runtime,canonical imported package index,results/v24_imported/rb44_elliptic_perturbation_stress_full10/RESULT_INDEX.csv,available,results/v24_imported/rb44_elliptic_perturbation_stress_full10/PREDICTION_INDEX.csv,dataset=elliptic|stress=perturbation_edge_drop|model=gcn|seed|protocol,validated Kaggle execution; V24 environment records two Tesla T4 devices,PASS,kaggleoutputs/v24/rb44_elliptic_full10/DOWNLOAD_ME_RB44_ELLIPTIC_PERTURBATION_STRESS_FULL10_SEEDS_1_10_V24__SPLIT_PACKAGE_MANIFEST.json,PASS,results/v24_imported/V24_IMPORTED_EVIDENCE_LOCK.json,eligible as appendix diagnostics,results/v24_imported/V24_IMPORTED_EVIDENCE_LOCK.json,supplement-only,"Temporal stress label is metadata only in the V24 runner: it is not passed to the benchmark harness. Performance metrics duplicate exactly across all three labels. Do not compare, pool, or count those labels as distinct conditions; retain one deduplicated strict/isolated rerun grid at most."
V24::RB44::elliptic::perturbation_edge_drop::strict_inductive::mlp,temporal-shift/perturbation stress,elliptic,canonical,real pseudonymized Bitcoin transaction graph,account/node,"raw licit->2, illicit->1, unknown->0; unknown excluded; positive=illicit (1)","49 time steps; train t1-30, validation t31-34, test t35-49; stress=perturbation_edge_drop",published account/node graph; control=edge_drop,test nodes and incident test edges withheld from training graph; test-time graph restricted by strict contract,strict_inductive,mlp; hidden=128; layers=2,1-10,10,F1; precision; recall; AUROC; AUPRC; Precision/Recall@1%; runtime,canonical imported package index,results/v24_imported/rb44_elliptic_perturbation_stress_full10/RESULT_INDEX.csv,available,results/v24_imported/rb44_elliptic_perturbation_stress_full10/PREDICTION_INDEX.csv,dataset=elliptic|stress=perturbation_edge_drop|model=mlp|seed|protocol,validated Kaggle execution; V24 environment records two Tesla T4 devices,PASS,kaggleoutputs/v24/rb44_elliptic_full10/DOWNLOAD_ME_RB44_ELLIPTIC_PERTURBATION_STRESS_FULL10_SEEDS_1_10_V24__SPLIT_PACKAGE_MANIFEST.json,PASS,results/v24_imported/V24_IMPORTED_EVIDENCE_LOCK.json,eligible as appendix diagnostics,results/v24_imported/V24_IMPORTED_EVIDENCE_LOCK.json,supplement-only,"Temporal stress label is metadata only in the V24 runner: it is not passed to the benchmark harness. Performance metrics duplicate exactly across all three labels. Do not compare, pool, or count those labels as distinct conditions; retain one deduplicated strict/isolated rerun grid at most."
V24::RB44::elliptic::perturbation_edge_drop::strict_inductive::sage,temporal-shift/perturbation stress,elliptic,canonical,real pseudonymized Bitcoin transaction graph,account/node,"raw licit->2, illicit->1, unknown->0; unknown excluded; positive=illicit (1)","49 time steps; train t1-30, validation t31-34, test t35-49; stress=perturbation_edge_drop",published account/node graph; control=edge_drop,test nodes and incident test edges withheld from training graph; test-time graph restricted by strict contract,strict_inductive,sage; hidden=128; layers=2,1-10,10,F1; precision; recall; AUROC; AUPRC; Precision/Recall@1%; runtime,canonical imported package index,results/v24_imported/rb44_elliptic_perturbation_stress_full10/RESULT_INDEX.csv,available,results/v24_imported/rb44_elliptic_perturbation_stress_full10/PREDICTION_INDEX.csv,dataset=elliptic|stress=perturbation_edge_drop|model=sage|seed|protocol,validated Kaggle execution; V24 environment records two Tesla T4 devices,PASS,kaggleoutputs/v24/rb44_elliptic_full10/DOWNLOAD_ME_RB44_ELLIPTIC_PERTURBATION_STRESS_FULL10_SEEDS_1_10_V24__SPLIT_PACKAGE_MANIFEST.json,PASS,results/v24_imported/V24_IMPORTED_EVIDENCE_LOCK.json,eligible as appendix diagnostics,results/v24_imported/V24_IMPORTED_EVIDENCE_LOCK.json,supplement-only,"Temporal stress label is metadata only in the V24 runner: it is not passed to the benchmark harness. Performance metrics duplicate exactly across all three labels. Do not compare, pool, or count those labels as distinct conditions; retain one deduplicated strict/isolated rerun grid at most."
V24::RB44::elliptic::perturbation_feature_shuffle::inductive_isolated::gcn,temporal-shift/perturbation stress,elliptic,canonical,real pseudonymized Bitcoin transaction graph,account/node,"raw licit->2, illicit->1, unknown->0; unknown excluded; positive=illicit (1)","49 time steps; train t1-30, validation t31-34, test t35-49; stress=perturbation_feature_shuffle",published account/node graph; control=feature_shuffle,chronological split with isolated split-specific evaluation subgraph,inductive_isolated,gcn; hidden=128; layers=2,1-10,10,F1; precision; recall; AUROC; AUPRC; Precision/Recall@1%; runtime,canonical imported package index,results/v24_imported/rb44_elliptic_perturbation_stress_full10/RESULT_INDEX.csv,available,results/v24_imported/rb44_elliptic_perturbation_stress_full10/PREDICTION_INDEX.csv,dataset=elliptic|stress=perturbation_feature_shuffle|model=gcn|seed|protocol,validated Kaggle execution; V24 environment records two Tesla T4 devices,PASS,kaggleoutputs/v24/rb44_elliptic_full10/DOWNLOAD_ME_RB44_ELLIPTIC_PERTURBATION_STRESS_FULL10_SEEDS_1_10_V24__SPLIT_PACKAGE_MANIFEST.json,PASS,results/v24_imported/V24_IMPORTED_EVIDENCE_LOCK.json,eligible as appendix diagnostics,results/v24_imported/V24_IMPORTED_EVIDENCE_LOCK.json,supplement-only,"Temporal stress label is metadata only in the V24 runner: it is not passed to the benchmark harness. Performance metrics duplicate exactly across all three labels. Do not compare, pool, or count those labels as distinct conditions; retain one deduplicated strict/isolated rerun grid at most."
V24::RB44::elliptic::perturbation_feature_shuffle::inductive_isolated::mlp,temporal-shift/perturbation stress,elliptic,canonical,real pseudonymized Bitcoin transaction graph,account/node,"raw licit->2, illicit->1, unknown->0; unknown excluded; positive=illicit (1)","49 time steps; train t1-30, validation t31-34, test t35-49; stress=perturbation_feature_shuffle",published account/node graph; control=feature_shuffle,chronological split with isolated split-specific evaluation subgraph,inductive_isolated,mlp; hidden=128; layers=2,1-10,10,F1; precision; recall; AUROC; AUPRC; Precision/Recall@1%; runtime,canonical imported package index,results/v24_imported/rb44_elliptic_perturbation_stress_full10/RESULT_INDEX.csv,available,results/v24_imported/rb44_elliptic_perturbation_stress_full10/PREDICTION_INDEX.csv,dataset=elliptic|stress=perturbation_feature_shuffle|model=mlp|seed|protocol,validated Kaggle execution; V24 environment records two Tesla T4 devices,PASS,kaggleoutputs/v24/rb44_elliptic_full10/DOWNLOAD_ME_RB44_ELLIPTIC_PERTURBATION_STRESS_FULL10_SEEDS_1_10_V24__SPLIT_PACKAGE_MANIFEST.json,PASS,results/v24_imported/V24_IMPORTED_EVIDENCE_LOCK.json,eligible as appendix diagnostics,results/v24_imported/V24_IMPORTED_EVIDENCE_LOCK.json,supplement-only,"Temporal stress label is metadata only in the V24 runner: it is not passed to the benchmark harness. Performance metrics duplicate exactly across all three labels. Do not compare, pool, or count those labels as distinct conditions; retain one deduplicated strict/isolated rerun grid at most."
V24::RB44::elliptic::perturbation_feature_shuffle::inductive_isolated::sage,temporal-shift/perturbation stress,elliptic,canonical,real pseudonymized Bitcoin transaction graph,account/node,"raw licit->2, illicit->1, unknown->0; unknown excluded; positive=illicit (1)","49 time steps; train t1-30, validation t31-34, test t35-49; stress=perturbation_feature_shuffle",published account/node graph; control=feature_shuffle,chronological split with isolated split-specific evaluation subgraph,inductive_isolated,sage; hidden=128; layers=2,1-10,10,F1; precision; recall; AUROC; AUPRC; Precision/Recall@1%; runtime,canonical imported package index,results/v24_imported/rb44_elliptic_perturbation_stress_full10/RESULT_INDEX.csv,available,results/v24_imported/rb44_elliptic_perturbation_stress_full10/PREDICTION_INDEX.csv,dataset=elliptic|stress=perturbation_feature_shuffle|model=sage|seed|protocol,validated Kaggle execution; V24 environment records two Tesla T4 devices,PASS,kaggleoutputs/v24/rb44_elliptic_full10/DOWNLOAD_ME_RB44_ELLIPTIC_PERTURBATION_STRESS_FULL10_SEEDS_1_10_V24__SPLIT_PACKAGE_MANIFEST.json,PASS,results/v24_imported/V24_IMPORTED_EVIDENCE_LOCK.json,eligible as appendix diagnostics,results/v24_imported/V24_IMPORTED_EVIDENCE_LOCK.json,supplement-only,"Temporal stress label is metadata only in the V24 runner: it is not passed to the benchmark harness. Performance metrics duplicate exactly across all three labels. Do not compare, pool, or count those labels as distinct conditions; retain one deduplicated strict/isolated rerun grid at most."
V24::RB44::elliptic::perturbation_feature_shuffle::strict_inductive::gcn,temporal-shift/perturbation stress,elliptic,canonical,real pseudonymized Bitcoin transaction graph,account/node,"raw licit->2, illicit->1, unknown->0; unknown excluded; positive=illicit (1)","49 time steps; train t1-30, validation t31-34, test t35-49; stress=perturbation_feature_shuffle",published account/node graph; control=feature_shuffle,test nodes and incident test edges withheld from training graph; test-time graph restricted by strict contract,strict_inductive,gcn; hidden=128; layers=2,1-10,10,F1; precision; recall; AUROC; AUPRC; Precision/Recall@1%; runtime,canonical imported package index,results/v24_imported/rb44_elliptic_perturbation_stress_full10/RESULT_INDEX.csv,available,results/v24_imported/rb44_elliptic_perturbation_stress_full10/PREDICTION_INDEX.csv,dataset=elliptic|stress=perturbation_feature_shuffle|model=gcn|seed|protocol,validated Kaggle execution; V24 environment records two Tesla T4 devices,PASS,kaggleoutputs/v24/rb44_elliptic_full10/DOWNLOAD_ME_RB44_ELLIPTIC_PERTURBATION_STRESS_FULL10_SEEDS_1_10_V24__SPLIT_PACKAGE_MANIFEST.json,PASS,results/v24_imported/V24_IMPORTED_EVIDENCE_LOCK.json,eligible as appendix diagnostics,results/v24_imported/V24_IMPORTED_EVIDENCE_LOCK.json,supplement-only,"Temporal stress label is metadata only in the V24 runner: it is not passed to the benchmark harness. Performance metrics duplicate exactly across all three labels. Do not compare, pool, or count those labels as distinct conditions; retain one deduplicated strict/isolated rerun grid at most."
V24::RB44::elliptic::perturbation_feature_shuffle::strict_inductive::mlp,temporal-shift/perturbation stress,elliptic,canonical,real pseudonymized Bitcoin transaction graph,account/node,"raw licit->2, illicit->1, unknown->0; unknown excluded; positive=illicit (1)","49 time steps; train t1-30, validation t31-34, test t35-49; stress=perturbation_feature_shuffle",published account/node graph; control=feature_shuffle,test nodes and incident test edges withheld from training graph; test-time graph restricted by strict contract,strict_inductive,mlp; hidden=128; layers=2,1-10,10,F1; precision; recall; AUROC; AUPRC; Precision/Recall@1%; runtime,canonical imported package index,results/v24_imported/rb44_elliptic_perturbation_stress_full10/RESULT_INDEX.csv,available,results/v24_imported/rb44_elliptic_perturbation_stress_full10/PREDICTION_INDEX.csv,dataset=elliptic|stress=perturbation_feature_shuffle|model=mlp|seed|protocol,validated Kaggle execution; V24 environment records two Tesla T4 devices,PASS,kaggleoutputs/v24/rb44_elliptic_full10/DOWNLOAD_ME_RB44_ELLIPTIC_PERTURBATION_STRESS_FULL10_SEEDS_1_10_V24__SPLIT_PACKAGE_MANIFEST.json,PASS,results/v24_imported/V24_IMPORTED_EVIDENCE_LOCK.json,eligible as appendix diagnostics,results/v24_imported/V24_IMPORTED_EVIDENCE_LOCK.json,supplement-only,"Temporal stress label is metadata only in the V24 runner: it is not passed to the benchmark harness. Performance metrics duplicate exactly across all three labels. Do not compare, pool, or count those labels as distinct conditions; retain one deduplicated strict/isolated rerun grid at most."
V24::RB44::elliptic::perturbation_feature_shuffle::strict_inductive::sage,temporal-shift/perturbation stress,elliptic,canonical,real pseudonymized Bitcoin transaction graph,account/node,"raw licit->2, illicit->1, unknown->0; unknown excluded; positive=illicit (1)","49 time steps; train t1-30, validation t31-34, test t35-49; stress=perturbation_feature_shuffle",published account/node graph; control=feature_shuffle,test nodes and incident test edges withheld from training graph; test-time graph restricted by strict contract,strict_inductive,sage; hidden=128; layers=2,1-10,10,F1; precision; recall; AUROC; AUPRC; Precision/Recall@1%; runtime,canonical imported package index,results/v24_imported/rb44_elliptic_perturbation_stress_full10/RESULT_INDEX.csv,available,results/v24_imported/rb44_elliptic_perturbation_stress_full10/PREDICTION_INDEX.csv,dataset=elliptic|stress=perturbation_feature_shuffle|model=sage|seed|protocol,validated Kaggle execution; V24 environment records two Tesla T4 devices,PASS,kaggleoutputs/v24/rb44_elliptic_full10/DOWNLOAD_ME_RB44_ELLIPTIC_PERTURBATION_STRESS_FULL10_SEEDS_1_10_V24__SPLIT_PACKAGE_MANIFEST.json,PASS,results/v24_imported/V24_IMPORTED_EVIDENCE_LOCK.json,eligible as appendix diagnostics,results/v24_imported/V24_IMPORTED_EVIDENCE_LOCK.json,supplement-only,"Temporal stress label is metadata only in the V24 runner: it is not passed to the benchmark harness. Performance metrics duplicate exactly across all three labels. Do not compare, pool, or count those labels as distinct conditions; retain one deduplicated strict/isolated rerun grid at most."
V24::RB45::dgraphfin::memory_reduced_exploratory_not_comparable::inductive_isolated::gat,temporal-shift/perturbation stress,dgraphfin,canonical,real anonymized financial user graph,account/node,"raw normal 0->licit 2, fraud 1->fraud 1, background 2/3->unknown 0; unknown excluded; positive=fraud (1)","20 incident-edge timestamp buckets; train t1-14, validation t15-16, test t17-20; stress=memory_reduced_exploratory_not_comparable",published account/node graph,chronological split with isolated split-specific evaluation subgraph,inductive_isolated,gat; hidden=32; layers=1,1-10,10,F1; precision; recall; AUROC; AUPRC; Precision/Recall@1%; runtime,canonical imported package index,results/v24_imported/rb45_dgraphfin_gat_memory_reduced_exploratory_full10/RESULT_INDEX.csv,available,results/v24_imported/rb45_dgraphfin_gat_memory_reduced_exploratory_full10/PREDICTION_INDEX.csv,dataset=dgraphfin|stress=memory_reduced_exploratory_not_comparable|model=gat|seed|protocol,validated Kaggle execution; V24 environment records two Tesla T4 devices,EXPLORATORY_PASS,kaggleoutputs/v24/rb45_dgraphfin_gat_memory_reduced_full10/DOWNLOAD_ME_RB45_DGRAPHFIN_GAT_MEMORY_REDUCED_EXPLORATORY_FULL10_SEEDS_1_10_DUALGPU_V24__SPLIT_PACKAGE_MANIFEST.json,PASS,results/v24_imported/V24_IMPORTED_EVIDENCE_LOCK.json,eligible as appendix/exploratory only,results/v24_imported/V24_IMPORTED_EVIDENCE_LOCK.json,diagnostic-only,Memory-reduced GAT h32/l1 is exploratory and not comparable to the blocked fixed h64/l2 lane.
V24::RB45::dgraphfin::memory_reduced_exploratory_not_comparable::strict_inductive::gat,temporal-shift/perturbation stress,dgraphfin,canonical,real anonymized financial user graph,account/node,"raw normal 0->licit 2, fraud 1->fraud 1, background 2/3->unknown 0; unknown excluded; positive=fraud (1)","20 incident-edge timestamp buckets; train t1-14, validation t15-16, test t17-20; stress=memory_reduced_exploratory_not_comparable",published account/node graph,test nodes and incident test edges withheld from training graph; test-time graph restricted by strict contract,strict_inductive,gat; hidden=32; layers=1,1-10,10,F1; precision; recall; AUROC; AUPRC; Precision/Recall@1%; runtime,canonical imported package index,results/v24_imported/rb45_dgraphfin_gat_memory_reduced_exploratory_full10/RESULT_INDEX.csv,available,results/v24_imported/rb45_dgraphfin_gat_memory_reduced_exploratory_full10/PREDICTION_INDEX.csv,dataset=dgraphfin|stress=memory_reduced_exploratory_not_comparable|model=gat|seed|protocol,validated Kaggle execution; V24 environment records two Tesla T4 devices,EXPLORATORY_PASS,kaggleoutputs/v24/rb45_dgraphfin_gat_memory_reduced_full10/DOWNLOAD_ME_RB45_DGRAPHFIN_GAT_MEMORY_REDUCED_EXPLORATORY_FULL10_SEEDS_1_10_DUALGPU_V24__SPLIT_PACKAGE_MANIFEST.json,PASS,results/v24_imported/V24_IMPORTED_EVIDENCE_LOCK.json,eligible as appendix/exploratory only,results/v24_imported/V24_IMPORTED_EVIDENCE_LOCK.json,diagnostic-only,Memory-reduced GAT h32/l1 is exploratory and not comparable to the blocked fixed h64/l2 lane.
V26::ibm_aml::hi-large::BLOCKED,IBM AML resource boundary,IBM AML-Data,hi-large,synthetic financial transactions generated by IBM AML-Data,transaction/edge,"transaction is_laundering in {0,1}; positive=laundering (1)",not instantiated,official Large variant; graph not admitted by safe resource guard,not measured,not measured,baseline grid not executed,none,0,none,resource status only,results/v26_imported/V26_IMPORTED_EVIDENCE_LOCK.json,absent,none,none,safe resource guard blocked official Large variant,SAFE_RESOURCE_BLOCKED,results/v26_imported/V26_IBM_AML_VALIDATION_REPORT.json,SAFE_RESOURCE_BLOCKED,results/v26_imported/V26_IMPORTED_EVIDENCE_LOCK.json,resource-blocked; no predictive ordering,results/v26_imported/V26_CLAIM_GATE_REPORT.json,resource-blocked,"Large is a feasibility boundary, not an empirical performance result."
V26::ibm_aml::hi-medium::early_to_late_transfer::graphsage_edge_minibatch_h32,IBM AML baseline grid,IBM AML-Data,hi-medium,synthetic financial transactions generated by IBM AML-Data,transaction/edge,"transaction is_laundering in {0,1}; positive=laundering (1)",chronological 50% train / 20% validation / 30% test,account transaction network with training-history neighborhood summaries; 2077023 accounts; 31898238 transactions; 8 edge features,"classifier labels use the first 50%, while the shared label-free node-history map uses the first 60% (including covariates from the first half of this protocol's validation interval); test labels unavailable",early_to_late_transfer,one-hop GraphSAGE-derived edge classifier h32,1-10,10,F1@0.5; precision@0.5; recall@0.5; balanced accuracy; AUROC; AUPRC; runtime; saved scores,canonical imported full10 evidence,results/v26_imported/ibm_aml/hi-medium/V26_IBM_AML_HI_MEDIUM_SEEDS_1_2_P100_SINGLEGPU_SINGLEZIP/json/ibm_aml_hi_medium__early_to_late_transfer__graphsage_edge_minibatch_h32__seed1.json;results/v26_imported/ibm_aml/hi-medium/V26_IBM_AML_HI_MEDIUM_SEEDS_1_2_P100_SINGLEGPU_SINGLEZIP/json/ibm_aml_hi_medium__early_to_late_transfer__graphsage_edge_minibatch_h32__seed2.json;results/v26_imported/ibm_aml/hi-medium/V26_IBM_AML_HI_MEDIUM_SEEDS_3_4_T4_SINGLEGPU_SINGLEZIP/json/ibm_aml_hi_medium__early_to_late_transfer__graphsage_edge_minibatch_h32__seed3.json;results/v26_imported/ibm_aml/hi-medium/V26_IBM_AML_HI_MEDIUM_SEEDS_3_4_T4_SINGLEGPU_SINGLEZIP/json/ibm_aml_hi_medium__early_to_late_transfer__graphsage_edge_minibatch_h32__seed4.json;results/v26_imported/ibm_aml/hi-medium/V26_IBM_AML_HI_MEDIUM_SEEDS_5_6_T4_SINGLEGPU_SINGLEZIP/json/ibm_aml_hi_medium__early_to_late_transfer__graphsage_edge_minibatch_h32__seed5.json;results/v26_imported/ibm_aml/hi-medium/V26_IBM_AML_HI_MEDIUM_SEEDS_5_6_T4_SINGLEGPU_SINGLEZIP/json/ibm_aml_hi_medium__early_to_late_transfer__graphsage_edge_minibatch_h32__seed6.json;results/v26_imported/ibm_aml/hi-medium/V26_IBM_AML_HI_MEDIUM_SEEDS_7_8_T4_SINGLEGPU_SINGLEZIP/json/ibm_aml_hi_medium__early_to_late_transfer__graphsage_edge_minibatch_h32__seed7.json;results/v26_imported/ibm_aml/hi-medium/V26_IBM_AML_HI_MEDIUM_SEEDS_7_8_T4_SINGLEGPU_SINGLEZIP/json/ibm_aml_hi_medium__early_to_late_transfer__graphsage_edge_minibatch_h32__seed8.json;results/v26_imported/ibm_aml/hi-medium/V26_IBM_AML_HI_MEDIUM_SEEDS_9_10_T4_SINGLEGPU_SINGLEZIP/json/ibm_aml_hi_medium__early_to_late_transfer__graphsage_edge_minibatch_h32__seed10.json;results/v26_imported/ibm_aml/hi-medium/V26_IBM_AML_HI_MEDIUM_SEEDS_9_10_T4_SINGLEGPU_SINGLEZIP/json/ibm_aml_hi_medium__early_to_late_transfer__graphsage_edge_minibatch_h32__seed9.json,available for every seed/cell,results/v26_imported/V26_IBM_AML_REVIEW_BUDGET_MANIFEST.json,variant=hi-medium|protocol=early_to_late_transfer|seed|configuration,single Tesla T4 environment; assigned cuda:0; actual backends=cuda:0,PASS,results/v26_imported/V26_IBM_AML_VALIDATION_REPORT.json,PASS,results/v26_imported/V26_IMPORTED_EVIDENCE_LOCK.json,eligible within exact variant/protocol/configuration scope,results/v26_imported/V26_CLAIM_GATE_REPORT.json,main-paper eligible,"IBM AML-Data is synthetic. Threshold metrics use score >= 0.5. Compare GINE only on matched Small cells. The materialized node-history map is shared across protocols and is built from the first 60% of transactions; early-to-late therefore permits label-free covariates from 50-60%, which must be treated as part of its visibility contract."
V26::ibm_aml::hi-medium::early_to_late_transfer::hist_gradient_boosting_edge_features,IBM AML baseline grid,IBM AML-Data,hi-medium,synthetic financial transactions generated by IBM AML-Data,transaction/edge,"transaction is_laundering in {0,1}; positive=laundering (1)",chronological 50% train / 20% validation / 30% test,edge feature table; no message passing; 2077023 accounts; 31898238 transactions; 8 edge features,"classifier labels use the first 50%, while the shared label-free node-history map uses the first 60% (including covariates from the first half of this protocol's validation interval); test labels unavailable",early_to_late_transfer,histogram gradient boosting on transaction features,1-10,10,F1@0.5; precision@0.5; recall@0.5; balanced accuracy; AUROC; AUPRC; runtime; saved scores,canonical imported full10 evidence,results/v26_imported/ibm_aml/hi-medium/V26_IBM_AML_HI_MEDIUM_SEEDS_1_2_P100_SINGLEGPU_SINGLEZIP/json/ibm_aml_hi_medium__early_to_late_transfer__hist_gradient_boosting_edge_features__seed1.json;results/v26_imported/ibm_aml/hi-medium/V26_IBM_AML_HI_MEDIUM_SEEDS_1_2_P100_SINGLEGPU_SINGLEZIP/json/ibm_aml_hi_medium__early_to_late_transfer__hist_gradient_boosting_edge_features__seed2.json;results/v26_imported/ibm_aml/hi-medium/V26_IBM_AML_HI_MEDIUM_SEEDS_3_4_T4_SINGLEGPU_SINGLEZIP/json/ibm_aml_hi_medium__early_to_late_transfer__hist_gradient_boosting_edge_features__seed3.json;results/v26_imported/ibm_aml/hi-medium/V26_IBM_AML_HI_MEDIUM_SEEDS_3_4_T4_SINGLEGPU_SINGLEZIP/json/ibm_aml_hi_medium__early_to_late_transfer__hist_gradient_boosting_edge_features__seed4.json;results/v26_imported/ibm_aml/hi-medium/V26_IBM_AML_HI_MEDIUM_SEEDS_5_6_T4_SINGLEGPU_SINGLEZIP/json/ibm_aml_hi_medium__early_to_late_transfer__hist_gradient_boosting_edge_features__seed5.json;results/v26_imported/ibm_aml/hi-medium/V26_IBM_AML_HI_MEDIUM_SEEDS_5_6_T4_SINGLEGPU_SINGLEZIP/json/ibm_aml_hi_medium__early_to_late_transfer__hist_gradient_boosting_edge_features__seed6.json;results/v26_imported/ibm_aml/hi-medium/V26_IBM_AML_HI_MEDIUM_SEEDS_7_8_T4_SINGLEGPU_SINGLEZIP/json/ibm_aml_hi_medium__early_to_late_transfer__hist_gradient_boosting_edge_features__seed7.json;results/v26_imported/ibm_aml/hi-medium/V26_IBM_AML_HI_MEDIUM_SEEDS_7_8_T4_SINGLEGPU_SINGLEZIP/json/ibm_aml_hi_medium__early_to_late_transfer__hist_gradient_boosting_edge_features__seed8.json;results/v26_imported/ibm_aml/hi-medium/V26_IBM_AML_HI_MEDIUM_SEEDS_9_10_T4_SINGLEGPU_SINGLEZIP/json/ibm_aml_hi_medium__early_to_late_transfer__hist_gradient_boosting_edge_features__seed10.json;results/v26_imported/ibm_aml/hi-medium/V26_IBM_AML_HI_MEDIUM_SEEDS_9_10_T4_SINGLEGPU_SINGLEZIP/json/ibm_aml_hi_medium__early_to_late_transfer__hist_gradient_boosting_edge_features__seed9.json,available for every seed/cell,results/v26_imported/V26_IBM_AML_REVIEW_BUDGET_MANIFEST.json,variant=hi-medium|protocol=early_to_late_transfer|seed|configuration,single Tesla T4 environment; assigned cuda:0; actual backends=sklearn_cpu,PASS,results/v26_imported/V26_IBM_AML_VALIDATION_REPORT.json,PASS,results/v26_imported/V26_IMPORTED_EVIDENCE_LOCK.json,eligible within exact variant/protocol/configuration scope,results/v26_imported/V26_CLAIM_GATE_REPORT.json,main-paper eligible,"IBM AML-Data is synthetic. Threshold metrics use score >= 0.5. Compare GINE only on matched Small cells. The materialized node-history map is shared across protocols and is built from the first 60% of transactions; early-to-late therefore permits label-free covariates from 50-60%, which must be treated as part of its visibility contract."
V26::ibm_aml::hi-medium::early_to_late_transfer::logistic_regression_edge_features,IBM AML baseline grid,IBM AML-Data,hi-medium,synthetic financial transactions generated by IBM AML-Data,transaction/edge,"transaction is_laundering in {0,1}; positive=laundering (1)",chronological 50% train / 20% validation / 30% test,edge feature table; no message passing; 2077023 accounts; 31898238 transactions; 8 edge features,"classifier labels use the first 50%, while the shared label-free node-history map uses the first 60% (including covariates from the first half of this protocol's validation interval); test labels unavailable",early_to_late_transfer,logistic regression on transaction features,1-10,10,F1@0.5; precision@0.5; recall@0.5; balanced accuracy; AUROC; AUPRC; runtime; saved scores,canonical imported full10 evidence,results/v26_imported/ibm_aml/hi-medium/V26_IBM_AML_HI_MEDIUM_SEEDS_1_2_P100_SINGLEGPU_SINGLEZIP/json/ibm_aml_hi_medium__early_to_late_transfer__logistic_regression_edge_features__seed1.json;results/v26_imported/ibm_aml/hi-medium/V26_IBM_AML_HI_MEDIUM_SEEDS_1_2_P100_SINGLEGPU_SINGLEZIP/json/ibm_aml_hi_medium__early_to_late_transfer__logistic_regression_edge_features__seed2.json;results/v26_imported/ibm_aml/hi-medium/V26_IBM_AML_HI_MEDIUM_SEEDS_3_4_T4_SINGLEGPU_SINGLEZIP/json/ibm_aml_hi_medium__early_to_late_transfer__logistic_regression_edge_features__seed3.json;results/v26_imported/ibm_aml/hi-medium/V26_IBM_AML_HI_MEDIUM_SEEDS_3_4_T4_SINGLEGPU_SINGLEZIP/json/ibm_aml_hi_medium__early_to_late_transfer__logistic_regression_edge_features__seed4.json;results/v26_imported/ibm_aml/hi-medium/V26_IBM_AML_HI_MEDIUM_SEEDS_5_6_T4_SINGLEGPU_SINGLEZIP/json/ibm_aml_hi_medium__early_to_late_transfer__logistic_regression_edge_features__seed5.json;results/v26_imported/ibm_aml/hi-medium/V26_IBM_AML_HI_MEDIUM_SEEDS_5_6_T4_SINGLEGPU_SINGLEZIP/json/ibm_aml_hi_medium__early_to_late_transfer__logistic_regression_edge_features__seed6.json;results/v26_imported/ibm_aml/hi-medium/V26_IBM_AML_HI_MEDIUM_SEEDS_7_8_T4_SINGLEGPU_SINGLEZIP/json/ibm_aml_hi_medium__early_to_late_transfer__logistic_regression_edge_features__seed7.json;results/v26_imported/ibm_aml/hi-medium/V26_IBM_AML_HI_MEDIUM_SEEDS_7_8_T4_SINGLEGPU_SINGLEZIP/json/ibm_aml_hi_medium__early_to_late_transfer__logistic_regression_edge_features__seed8.json;results/v26_imported/ibm_aml/hi-medium/V26_IBM_AML_HI_MEDIUM_SEEDS_9_10_T4_SINGLEGPU_SINGLEZIP/json/ibm_aml_hi_medium__early_to_late_transfer__logistic_regression_edge_features__seed10.json;results/v26_imported/ibm_aml/hi-medium/V26_IBM_AML_HI_MEDIUM_SEEDS_9_10_T4_SINGLEGPU_SINGLEZIP/json/ibm_aml_hi_medium__early_to_late_transfer__logistic_regression_edge_features__seed9.json,available for every seed/cell,results/v26_imported/V26_IBM_AML_REVIEW_BUDGET_MANIFEST.json,variant=hi-medium|protocol=early_to_late_transfer|seed|configuration,single Tesla T4 environment; assigned cuda:0; actual backends=sklearn_cpu,PASS,results/v26_imported/V26_IBM_AML_VALIDATION_REPORT.json,PASS,results/v26_imported/V26_IMPORTED_EVIDENCE_LOCK.json,eligible within exact variant/protocol/configuration scope,results/v26_imported/V26_CLAIM_GATE_REPORT.json,main-paper eligible,"IBM AML-Data is synthetic. Threshold metrics use score >= 0.5. Compare GINE only on matched Small cells. The materialized node-history map is shared across protocols and is built from the first 60% of transactions; early-to-late therefore permits label-free covariates from 50-60%, which must be treated as part of its visibility contract."
V26::ibm_aml::hi-medium::late_window_holdout::graphsage_edge_minibatch_h32,IBM AML baseline grid,IBM AML-Data,hi-medium,synthetic financial transactions generated by IBM AML-Data,transaction/edge,"transaction is_laundering in {0,1}; positive=laundering (1)",chronological 60% train / 20% validation / 20% test,account transaction network with training-history neighborhood summaries; 2077023 accounts; 31898238 transactions; 8 edge features,node history features use the first 60% of transactions (this protocol's training interval); test transaction labels unavailable,late_window_holdout,one-hop GraphSAGE-derived edge classifier h32,1-10,10,F1@0.5; precision@0.5; recall@0.5; balanced accuracy; AUROC; AUPRC; runtime; saved scores,canonical imported full10 evidence,results/v26_imported/ibm_aml/hi-medium/V26_IBM_AML_HI_MEDIUM_SEEDS_1_2_P100_SINGLEGPU_SINGLEZIP/json/ibm_aml_hi_medium__late_window_holdout__graphsage_edge_minibatch_h32__seed1.json;results/v26_imported/ibm_aml/hi-medium/V26_IBM_AML_HI_MEDIUM_SEEDS_1_2_P100_SINGLEGPU_SINGLEZIP/json/ibm_aml_hi_medium__late_window_holdout__graphsage_edge_minibatch_h32__seed2.json;results/v26_imported/ibm_aml/hi-medium/V26_IBM_AML_HI_MEDIUM_SEEDS_3_4_T4_SINGLEGPU_SINGLEZIP/json/ibm_aml_hi_medium__late_window_holdout__graphsage_edge_minibatch_h32__seed3.json;results/v26_imported/ibm_aml/hi-medium/V26_IBM_AML_HI_MEDIUM_SEEDS_3_4_T4_SINGLEGPU_SINGLEZIP/json/ibm_aml_hi_medium__late_window_holdout__graphsage_edge_minibatch_h32__seed4.json;results/v26_imported/ibm_aml/hi-medium/V26_IBM_AML_HI_MEDIUM_SEEDS_5_6_T4_SINGLEGPU_SINGLEZIP/json/ibm_aml_hi_medium__late_window_holdout__graphsage_edge_minibatch_h32__seed5.json;results/v26_imported/ibm_aml/hi-medium/V26_IBM_AML_HI_MEDIUM_SEEDS_5_6_T4_SINGLEGPU_SINGLEZIP/json/ibm_aml_hi_medium__late_window_holdout__graphsage_edge_minibatch_h32__seed6.json;results/v26_imported/ibm_aml/hi-medium/V26_IBM_AML_HI_MEDIUM_SEEDS_7_8_T4_SINGLEGPU_SINGLEZIP/json/ibm_aml_hi_medium__late_window_holdout__graphsage_edge_minibatch_h32__seed7.json;results/v26_imported/ibm_aml/hi-medium/V26_IBM_AML_HI_MEDIUM_SEEDS_7_8_T4_SINGLEGPU_SINGLEZIP/json/ibm_aml_hi_medium__late_window_holdout__graphsage_edge_minibatch_h32__seed8.json;results/v26_imported/ibm_aml/hi-medium/V26_IBM_AML_HI_MEDIUM_SEEDS_9_10_T4_SINGLEGPU_SINGLEZIP/json/ibm_aml_hi_medium__late_window_holdout__graphsage_edge_minibatch_h32__seed10.json;results/v26_imported/ibm_aml/hi-medium/V26_IBM_AML_HI_MEDIUM_SEEDS_9_10_T4_SINGLEGPU_SINGLEZIP/json/ibm_aml_hi_medium__late_window_holdout__graphsage_edge_minibatch_h32__seed9.json,available for every seed/cell,results/v26_imported/V26_IBM_AML_REVIEW_BUDGET_MANIFEST.json,variant=hi-medium|protocol=late_window_holdout|seed|configuration,single Tesla T4 environment; assigned cuda:0; actual backends=cuda:0,PASS,results/v26_imported/V26_IBM_AML_VALIDATION_REPORT.json,PASS,results/v26_imported/V26_IMPORTED_EVIDENCE_LOCK.json,eligible within exact variant/protocol/configuration scope,results/v26_imported/V26_CLAIM_GATE_REPORT.json,main-paper eligible,"IBM AML-Data is synthetic. Threshold metrics use score >= 0.5. Compare GINE only on matched Small cells. The materialized node-history map is shared across protocols and is built from the first 60% of transactions; early-to-late therefore permits label-free covariates from 50-60%, which must be treated as part of its visibility contract."
V26::ibm_aml::hi-medium::late_window_holdout::hist_gradient_boosting_edge_features,IBM AML baseline grid,IBM AML-Data,hi-medium,synthetic financial transactions generated by IBM AML-Data,transaction/edge,"transaction is_laundering in {0,1}; positive=laundering (1)",chronological 60% train / 20% validation / 20% test,edge feature table; no message passing; 2077023 accounts; 31898238 transactions; 8 edge features,node history features use the first 60% of transactions (this protocol's training interval); test transaction labels unavailable,late_window_holdout,histogram gradient boosting on transaction features,1-10,10,F1@0.5; precision@0.5; recall@0.5; balanced accuracy; AUROC; AUPRC; runtime; saved scores,canonical imported full10 evidence,results/v26_imported/ibm_aml/hi-medium/V26_IBM_AML_HI_MEDIUM_SEEDS_1_2_P100_SINGLEGPU_SINGLEZIP/json/ibm_aml_hi_medium__late_window_holdout__hist_gradient_boosting_edge_features__seed1.json;results/v26_imported/ibm_aml/hi-medium/V26_IBM_AML_HI_MEDIUM_SEEDS_1_2_P100_SINGLEGPU_SINGLEZIP/json/ibm_aml_hi_medium__late_window_holdout__hist_gradient_boosting_edge_features__seed2.json;results/v26_imported/ibm_aml/hi-medium/V26_IBM_AML_HI_MEDIUM_SEEDS_3_4_T4_SINGLEGPU_SINGLEZIP/json/ibm_aml_hi_medium__late_window_holdout__hist_gradient_boosting_edge_features__seed3.json;results/v26_imported/ibm_aml/hi-medium/V26_IBM_AML_HI_MEDIUM_SEEDS_3_4_T4_SINGLEGPU_SINGLEZIP/json/ibm_aml_hi_medium__late_window_holdout__hist_gradient_boosting_edge_features__seed4.json;results/v26_imported/ibm_aml/hi-medium/V26_IBM_AML_HI_MEDIUM_SEEDS_5_6_T4_SINGLEGPU_SINGLEZIP/json/ibm_aml_hi_medium__late_window_holdout__hist_gradient_boosting_edge_features__seed5.json;results/v26_imported/ibm_aml/hi-medium/V26_IBM_AML_HI_MEDIUM_SEEDS_5_6_T4_SINGLEGPU_SINGLEZIP/json/ibm_aml_hi_medium__late_window_holdout__hist_gradient_boosting_edge_features__seed6.json;results/v26_imported/ibm_aml/hi-medium/V26_IBM_AML_HI_MEDIUM_SEEDS_7_8_T4_SINGLEGPU_SINGLEZIP/json/ibm_aml_hi_medium__late_window_holdout__hist_gradient_boosting_edge_features__seed7.json;results/v26_imported/ibm_aml/hi-medium/V26_IBM_AML_HI_MEDIUM_SEEDS_7_8_T4_SINGLEGPU_SINGLEZIP/json/ibm_aml_hi_medium__late_window_holdout__hist_gradient_boosting_edge_features__seed8.json;results/v26_imported/ibm_aml/hi-medium/V26_IBM_AML_HI_MEDIUM_SEEDS_9_10_T4_SINGLEGPU_SINGLEZIP/json/ibm_aml_hi_medium__late_window_holdout__hist_gradient_boosting_edge_features__seed10.json;results/v26_imported/ibm_aml/hi-medium/V26_IBM_AML_HI_MEDIUM_SEEDS_9_10_T4_SINGLEGPU_SINGLEZIP/json/ibm_aml_hi_medium__late_window_holdout__hist_gradient_boosting_edge_features__seed9.json,available for every seed/cell,results/v26_imported/V26_IBM_AML_REVIEW_BUDGET_MANIFEST.json,variant=hi-medium|protocol=late_window_holdout|seed|configuration,single Tesla T4 environment; assigned cuda:0; actual backends=sklearn_cpu,PASS,results/v26_imported/V26_IBM_AML_VALIDATION_REPORT.json,PASS,results/v26_imported/V26_IMPORTED_EVIDENCE_LOCK.json,eligible within exact variant/protocol/configuration scope,results/v26_imported/V26_CLAIM_GATE_REPORT.json,main-paper eligible,"IBM AML-Data is synthetic. Threshold metrics use score >= 0.5. Compare GINE only on matched Small cells. The materialized node-history map is shared across protocols and is built from the first 60% of transactions; early-to-late therefore permits label-free covariates from 50-60%, which must be treated as part of its visibility contract."
V26::ibm_aml::hi-medium::late_window_holdout::logistic_regression_edge_features,IBM AML baseline grid,IBM AML-Data,hi-medium,synthetic financial transactions generated by IBM AML-Data,transaction/edge,"transaction is_laundering in {0,1}; positive=laundering (1)",chronological 60% train / 20% validation / 20% test,edge feature table; no message passing; 2077023 accounts; 31898238 transactions; 8 edge features,node history features use the first 60% of transactions (this protocol's training interval); test transaction labels unavailable,late_window_holdout,logistic regression on transaction features,1-10,10,F1@0.5; precision@0.5; recall@0.5; balanced accuracy; AUROC; AUPRC; runtime; saved scores,canonical imported full10 evidence,results/v26_imported/ibm_aml/hi-medium/V26_IBM_AML_HI_MEDIUM_SEEDS_1_2_P100_SINGLEGPU_SINGLEZIP/json/ibm_aml_hi_medium__late_window_holdout__logistic_regression_edge_features__seed1.json;results/v26_imported/ibm_aml/hi-medium/V26_IBM_AML_HI_MEDIUM_SEEDS_1_2_P100_SINGLEGPU_SINGLEZIP/json/ibm_aml_hi_medium__late_window_holdout__logistic_regression_edge_features__seed2.json;results/v26_imported/ibm_aml/hi-medium/V26_IBM_AML_HI_MEDIUM_SEEDS_3_4_T4_SINGLEGPU_SINGLEZIP/json/ibm_aml_hi_medium__late_window_holdout__logistic_regression_edge_features__seed3.json;results/v26_imported/ibm_aml/hi-medium/V26_IBM_AML_HI_MEDIUM_SEEDS_3_4_T4_SINGLEGPU_SINGLEZIP/json/ibm_aml_hi_medium__late_window_holdout__logistic_regression_edge_features__seed4.json;results/v26_imported/ibm_aml/hi-medium/V26_IBM_AML_HI_MEDIUM_SEEDS_5_6_T4_SINGLEGPU_SINGLEZIP/json/ibm_aml_hi_medium__late_window_holdout__logistic_regression_edge_features__seed5.json;results/v26_imported/ibm_aml/hi-medium/V26_IBM_AML_HI_MEDIUM_SEEDS_5_6_T4_SINGLEGPU_SINGLEZIP/json/ibm_aml_hi_medium__late_window_holdout__logistic_regression_edge_features__seed6.json;results/v26_imported/ibm_aml/hi-medium/V26_IBM_AML_HI_MEDIUM_SEEDS_7_8_T4_SINGLEGPU_SINGLEZIP/json/ibm_aml_hi_medium__late_window_holdout__logistic_regression_edge_features__seed7.json;results/v26_imported/ibm_aml/hi-medium/V26_IBM_AML_HI_MEDIUM_SEEDS_7_8_T4_SINGLEGPU_SINGLEZIP/json/ibm_aml_hi_medium__late_window_holdout__logistic_regression_edge_features__seed8.json;results/v26_imported/ibm_aml/hi-medium/V26_IBM_AML_HI_MEDIUM_SEEDS_9_10_T4_SINGLEGPU_SINGLEZIP/json/ibm_aml_hi_medium__late_window_holdout__logistic_regression_edge_features__seed10.json;results/v26_imported/ibm_aml/hi-medium/V26_IBM_AML_HI_MEDIUM_SEEDS_9_10_T4_SINGLEGPU_SINGLEZIP/json/ibm_aml_hi_medium__late_window_holdout__logistic_regression_edge_features__seed9.json,available for every seed/cell,results/v26_imported/V26_IBM_AML_REVIEW_BUDGET_MANIFEST.json,variant=hi-medium|protocol=late_window_holdout|seed|configuration,single Tesla T4 environment; assigned cuda:0; actual backends=sklearn_cpu,PASS,results/v26_imported/V26_IBM_AML_VALIDATION_REPORT.json,PASS,results/v26_imported/V26_IMPORTED_EVIDENCE_LOCK.json,eligible within exact variant/protocol/configuration scope,results/v26_imported/V26_CLAIM_GATE_REPORT.json,main-paper eligible,"IBM AML-Data is synthetic. Threshold metrics use score >= 0.5. Compare GINE only on matched Small cells. The materialized node-history map is shared across protocols and is built from the first 60% of transactions; early-to-late therefore permits label-free covariates from 50-60%, which must be treated as part of its visibility contract."
V26::ibm_aml::hi-small::early_to_late_transfer::graphsage_edge_minibatch_h32,IBM AML baseline grid,IBM AML-Data,hi-small,synthetic financial transactions generated by IBM AML-Data,transaction/edge,"transaction is_laundering in {0,1}; positive=laundering (1)",chronological 50% train / 20% validation / 30% test,account transaction network with training-history neighborhood summaries; 515088 accounts; 5078345 transactions; 8 edge features,"classifier labels use the first 50%, while the shared label-free node-history map uses the first 60% (including covariates from the first half of this protocol's validation interval); test labels unavailable",early_to_late_transfer,one-hop GraphSAGE-derived edge classifier h32,1-10,10,F1@0.5; precision@0.5; recall@0.5; balanced accuracy; AUROC; AUPRC; runtime; saved scores,canonical imported full10 evidence,results/v26_imported/ibm_aml/hi-small/V26_IBM_AML_HI_SMALL_SEEDS_1_2_T4_SINGLEGPU_SINGLEZIP/json/ibm_aml_hi_small__early_to_late_transfer__graphsage_edge_minibatch_h32__seed1.json;results/v26_imported/ibm_aml/hi-small/V26_IBM_AML_HI_SMALL_SEEDS_1_2_T4_SINGLEGPU_SINGLEZIP/json/ibm_aml_hi_small__early_to_late_transfer__graphsage_edge_minibatch_h32__seed2.json;results/v26_imported/ibm_aml/hi-small/V26_IBM_AML_HI_SMALL_SEEDS_3_4_T4_SINGLEGPU_SINGLEZIP/json/ibm_aml_hi_small__early_to_late_transfer__graphsage_edge_minibatch_h32__seed3.json;results/v26_imported/ibm_aml/hi-small/V26_IBM_AML_HI_SMALL_SEEDS_3_4_T4_SINGLEGPU_SINGLEZIP/json/ibm_aml_hi_small__early_to_late_transfer__graphsage_edge_minibatch_h32__seed4.json;results/v26_imported/ibm_aml/hi-small/V26_IBM_AML_HI_SMALL_SEEDS_5_6_T4_SINGLEGPU_SINGLEZIP/json/ibm_aml_hi_small__early_to_late_transfer__graphsage_edge_minibatch_h32__seed5.json;results/v26_imported/ibm_aml/hi-small/V26_IBM_AML_HI_SMALL_SEEDS_5_6_T4_SINGLEGPU_SINGLEZIP/json/ibm_aml_hi_small__early_to_late_transfer__graphsage_edge_minibatch_h32__seed6.json;results/v26_imported/ibm_aml/hi-small/V26_IBM_AML_HI_SMALL_SEEDS_7_8_T4_SINGLEGPU_SINGLEZIP/json/ibm_aml_hi_small__early_to_late_transfer__graphsage_edge_minibatch_h32__seed7.json;results/v26_imported/ibm_aml/hi-small/V26_IBM_AML_HI_SMALL_SEEDS_7_8_T4_SINGLEGPU_SINGLEZIP/json/ibm_aml_hi_small__early_to_late_transfer__graphsage_edge_minibatch_h32__seed8.json;results/v26_imported/ibm_aml/hi-small/V26_IBM_AML_HI_SMALL_SEEDS_9_10_T4_SINGLEGPU_SINGLEZIP/json/ibm_aml_hi_small__early_to_late_transfer__graphsage_edge_minibatch_h32__seed10.json;results/v26_imported/ibm_aml/hi-small/V26_IBM_AML_HI_SMALL_SEEDS_9_10_T4_SINGLEGPU_SINGLEZIP/json/ibm_aml_hi_small__early_to_late_transfer__graphsage_edge_minibatch_h32__seed9.json,available for every seed/cell,results/v26_imported/V26_IBM_AML_REVIEW_BUDGET_MANIFEST.json,variant=hi-small|protocol=early_to_late_transfer|seed|configuration,single Tesla T4 environment; assigned cuda:0; actual backends=cuda:0,PASS,results/v26_imported/V26_IBM_AML_VALIDATION_REPORT.json,PASS,results/v26_imported/V26_IMPORTED_EVIDENCE_LOCK.json,eligible within exact variant/protocol/configuration scope,results/v26_imported/V26_CLAIM_GATE_REPORT.json,main-paper eligible,"IBM AML-Data is synthetic. Threshold metrics use score >= 0.5. Compare GINE only on matched Small cells. The materialized node-history map is shared across protocols and is built from the first 60% of transactions; early-to-late therefore permits label-free covariates from 50-60%, which must be treated as part of its visibility contract."
V26::ibm_aml::hi-small::early_to_late_transfer::hist_gradient_boosting_edge_features,IBM AML baseline grid,IBM AML-Data,hi-small,synthetic financial transactions generated by IBM AML-Data,transaction/edge,"transaction is_laundering in {0,1}; positive=laundering (1)",chronological 50% train / 20% validation / 30% test,edge feature table; no message passing; 515088 accounts; 5078345 transactions; 8 edge features,"classifier labels use the first 50%, while the shared label-free node-history map uses the first 60% (including covariates from the first half of this protocol's validation interval); test labels unavailable",early_to_late_transfer,histogram gradient boosting on transaction features,1-10,10,F1@0.5; precision@0.5; recall@0.5; balanced accuracy; AUROC; AUPRC; runtime; saved scores,canonical imported full10 evidence,results/v26_imported/ibm_aml/hi-small/V26_IBM_AML_HI_SMALL_SEEDS_1_2_T4_SINGLEGPU_SINGLEZIP/json/ibm_aml_hi_small__early_to_late_transfer__hist_gradient_boosting_edge_features__seed1.json;results/v26_imported/ibm_aml/hi-small/V26_IBM_AML_HI_SMALL_SEEDS_1_2_T4_SINGLEGPU_SINGLEZIP/json/ibm_aml_hi_small__early_to_late_transfer__hist_gradient_boosting_edge_features__seed2.json;results/v26_imported/ibm_aml/hi-small/V26_IBM_AML_HI_SMALL_SEEDS_3_4_T4_SINGLEGPU_SINGLEZIP/json/ibm_aml_hi_small__early_to_late_transfer__hist_gradient_boosting_edge_features__seed3.json;results/v26_imported/ibm_aml/hi-small/V26_IBM_AML_HI_SMALL_SEEDS_3_4_T4_SINGLEGPU_SINGLEZIP/json/ibm_aml_hi_small__early_to_late_transfer__hist_gradient_boosting_edge_features__seed4.json;results/v26_imported/ibm_aml/hi-small/V26_IBM_AML_HI_SMALL_SEEDS_5_6_T4_SINGLEGPU_SINGLEZIP/json/ibm_aml_hi_small__early_to_late_transfer__hist_gradient_boosting_edge_features__seed5.json;results/v26_imported/ibm_aml/hi-small/V26_IBM_AML_HI_SMALL_SEEDS_5_6_T4_SINGLEGPU_SINGLEZIP/json/ibm_aml_hi_small__early_to_late_transfer__hist_gradient_boosting_edge_features__seed6.json;results/v26_imported/ibm_aml/hi-small/V26_IBM_AML_HI_SMALL_SEEDS_7_8_T4_SINGLEGPU_SINGLEZIP/json/ibm_aml_hi_small__early_to_late_transfer__hist_gradient_boosting_edge_features__seed7.json;results/v26_imported/ibm_aml/hi-small/V26_IBM_AML_HI_SMALL_SEEDS_7_8_T4_SINGLEGPU_SINGLEZIP/json/ibm_aml_hi_small__early_to_late_transfer__hist_gradient_boosting_edge_features__seed8.json;results/v26_imported/ibm_aml/hi-small/V26_IBM_AML_HI_SMALL_SEEDS_9_10_T4_SINGLEGPU_SINGLEZIP/json/ibm_aml_hi_small__early_to_late_transfer__hist_gradient_boosting_edge_features__seed10.json;results/v26_imported/ibm_aml/hi-small/V26_IBM_AML_HI_SMALL_SEEDS_9_10_T4_SINGLEGPU_SINGLEZIP/json/ibm_aml_hi_small__early_to_late_transfer__hist_gradient_boosting_edge_features__seed9.json,available for every seed/cell,results/v26_imported/V26_IBM_AML_REVIEW_BUDGET_MANIFEST.json,variant=hi-small|protocol=early_to_late_transfer|seed|configuration,single Tesla T4 environment; assigned cuda:0; actual backends=sklearn_cpu,PASS,results/v26_imported/V26_IBM_AML_VALIDATION_REPORT.json,PASS,results/v26_imported/V26_IMPORTED_EVIDENCE_LOCK.json,eligible within exact variant/protocol/configuration scope,results/v26_imported/V26_CLAIM_GATE_REPORT.json,main-paper eligible,"IBM AML-Data is synthetic. Threshold metrics use score >= 0.5. Compare GINE only on matched Small cells. The materialized node-history map is shared across protocols and is built from the first 60% of transactions; early-to-late therefore permits label-free covariates from 50-60%, which must be treated as part of its visibility contract."
V26::ibm_aml::hi-small::early_to_late_transfer::logistic_regression_edge_features,IBM AML baseline grid,IBM AML-Data,hi-small,synthetic financial transactions generated by IBM AML-Data,transaction/edge,"transaction is_laundering in {0,1}; positive=laundering (1)",chronological 50% train / 20% validation / 30% test,edge feature table; no message passing; 515088 accounts; 5078345 transactions; 8 edge features,"classifier labels use the first 50%, while the shared label-free node-history map uses the first 60% (including covariates from the first half of this protocol's validation interval); test labels unavailable",early_to_late_transfer,logistic regression on transaction features,1-10,10,F1@0.5; precision@0.5; recall@0.5; balanced accuracy; AUROC; AUPRC; runtime; saved scores,canonical imported full10 evidence,results/v26_imported/ibm_aml/hi-small/V26_IBM_AML_HI_SMALL_SEEDS_1_2_T4_SINGLEGPU_SINGLEZIP/json/ibm_aml_hi_small__early_to_late_transfer__logistic_regression_edge_features__seed1.json;results/v26_imported/ibm_aml/hi-small/V26_IBM_AML_HI_SMALL_SEEDS_1_2_T4_SINGLEGPU_SINGLEZIP/json/ibm_aml_hi_small__early_to_late_transfer__logistic_regression_edge_features__seed2.json;results/v26_imported/ibm_aml/hi-small/V26_IBM_AML_HI_SMALL_SEEDS_3_4_T4_SINGLEGPU_SINGLEZIP/json/ibm_aml_hi_small__early_to_late_transfer__logistic_regression_edge_features__seed3.json;results/v26_imported/ibm_aml/hi-small/V26_IBM_AML_HI_SMALL_SEEDS_3_4_T4_SINGLEGPU_SINGLEZIP/json/ibm_aml_hi_small__early_to_late_transfer__logistic_regression_edge_features__seed4.json;results/v26_imported/ibm_aml/hi-small/V26_IBM_AML_HI_SMALL_SEEDS_5_6_T4_SINGLEGPU_SINGLEZIP/json/ibm_aml_hi_small__early_to_late_transfer__logistic_regression_edge_features__seed5.json;results/v26_imported/ibm_aml/hi-small/V26_IBM_AML_HI_SMALL_SEEDS_5_6_T4_SINGLEGPU_SINGLEZIP/json/ibm_aml_hi_small__early_to_late_transfer__logistic_regression_edge_features__seed6.json;results/v26_imported/ibm_aml/hi-small/V26_IBM_AML_HI_SMALL_SEEDS_7_8_T4_SINGLEGPU_SINGLEZIP/json/ibm_aml_hi_small__early_to_late_transfer__logistic_regression_edge_features__seed7.json;results/v26_imported/ibm_aml/hi-small/V26_IBM_AML_HI_SMALL_SEEDS_7_8_T4_SINGLEGPU_SINGLEZIP/json/ibm_aml_hi_small__early_to_late_transfer__logistic_regression_edge_features__seed8.json;results/v26_imported/ibm_aml/hi-small/V26_IBM_AML_HI_SMALL_SEEDS_9_10_T4_SINGLEGPU_SINGLEZIP/json/ibm_aml_hi_small__early_to_late_transfer__logistic_regression_edge_features__seed10.json;results/v26_imported/ibm_aml/hi-small/V26_IBM_AML_HI_SMALL_SEEDS_9_10_T4_SINGLEGPU_SINGLEZIP/json/ibm_aml_hi_small__early_to_late_transfer__logistic_regression_edge_features__seed9.json,available for every seed/cell,results/v26_imported/V26_IBM_AML_REVIEW_BUDGET_MANIFEST.json,variant=hi-small|protocol=early_to_late_transfer|seed|configuration,single Tesla T4 environment; assigned cuda:0; actual backends=sklearn_cpu,PASS,results/v26_imported/V26_IBM_AML_VALIDATION_REPORT.json,PASS,results/v26_imported/V26_IMPORTED_EVIDENCE_LOCK.json,eligible within exact variant/protocol/configuration scope,results/v26_imported/V26_CLAIM_GATE_REPORT.json,main-paper eligible,"IBM AML-Data is synthetic. Threshold metrics use score >= 0.5. Compare GINE only on matched Small cells. The materialized node-history map is shared across protocols and is built from the first 60% of transactions; early-to-late therefore permits label-free covariates from 50-60%, which must be treated as part of its visibility contract."
V26::ibm_aml::hi-small::late_window_holdout::graphsage_edge_minibatch_h32,IBM AML baseline grid,IBM AML-Data,hi-small,synthetic financial transactions generated by IBM AML-Data,transaction/edge,"transaction is_laundering in {0,1}; positive=laundering (1)",chronological 60% train / 20% validation / 20% test,account transaction network with training-history neighborhood summaries; 515088 accounts; 5078345 transactions; 8 edge features,node history features use the first 60% of transactions (this protocol's training interval); test transaction labels unavailable,late_window_holdout,one-hop GraphSAGE-derived edge classifier h32,1-10,10,F1@0.5; precision@0.5; recall@0.5; balanced accuracy; AUROC; AUPRC; runtime; saved scores,canonical imported full10 evidence,results/v26_imported/ibm_aml/hi-small/V26_IBM_AML_HI_SMALL_SEEDS_1_2_T4_SINGLEGPU_SINGLEZIP/json/ibm_aml_hi_small__late_window_holdout__graphsage_edge_minibatch_h32__seed1.json;results/v26_imported/ibm_aml/hi-small/V26_IBM_AML_HI_SMALL_SEEDS_1_2_T4_SINGLEGPU_SINGLEZIP/json/ibm_aml_hi_small__late_window_holdout__graphsage_edge_minibatch_h32__seed2.json;results/v26_imported/ibm_aml/hi-small/V26_IBM_AML_HI_SMALL_SEEDS_3_4_T4_SINGLEGPU_SINGLEZIP/json/ibm_aml_hi_small__late_window_holdout__graphsage_edge_minibatch_h32__seed3.json;results/v26_imported/ibm_aml/hi-small/V26_IBM_AML_HI_SMALL_SEEDS_3_4_T4_SINGLEGPU_SINGLEZIP/json/ibm_aml_hi_small__late_window_holdout__graphsage_edge_minibatch_h32__seed4.json;results/v26_imported/ibm_aml/hi-small/V26_IBM_AML_HI_SMALL_SEEDS_5_6_T4_SINGLEGPU_SINGLEZIP/json/ibm_aml_hi_small__late_window_holdout__graphsage_edge_minibatch_h32__seed5.json;results/v26_imported/ibm_aml/hi-small/V26_IBM_AML_HI_SMALL_SEEDS_5_6_T4_SINGLEGPU_SINGLEZIP/json/ibm_aml_hi_small__late_window_holdout__graphsage_edge_minibatch_h32__seed6.json;results/v26_imported/ibm_aml/hi-small/V26_IBM_AML_HI_SMALL_SEEDS_7_8_T4_SINGLEGPU_SINGLEZIP/json/ibm_aml_hi_small__late_window_holdout__graphsage_edge_minibatch_h32__seed7.json;results/v26_imported/ibm_aml/hi-small/V26_IBM_AML_HI_SMALL_SEEDS_7_8_T4_SINGLEGPU_SINGLEZIP/json/ibm_aml_hi_small__late_window_holdout__graphsage_edge_minibatch_h32__seed8.json;results/v26_imported/ibm_aml/hi-small/V26_IBM_AML_HI_SMALL_SEEDS_9_10_T4_SINGLEGPU_SINGLEZIP/json/ibm_aml_hi_small__late_window_holdout__graphsage_edge_minibatch_h32__seed10.json;results/v26_imported/ibm_aml/hi-small/V26_IBM_AML_HI_SMALL_SEEDS_9_10_T4_SINGLEGPU_SINGLEZIP/json/ibm_aml_hi_small__late_window_holdout__graphsage_edge_minibatch_h32__seed9.json,available for every seed/cell,results/v26_imported/V26_IBM_AML_REVIEW_BUDGET_MANIFEST.json,variant=hi-small|protocol=late_window_holdout|seed|configuration,single Tesla T4 environment; assigned cuda:0; actual backends=cuda:0,PASS,results/v26_imported/V26_IBM_AML_VALIDATION_REPORT.json,PASS,results/v26_imported/V26_IMPORTED_EVIDENCE_LOCK.json,eligible within exact variant/protocol/configuration scope,results/v26_imported/V26_CLAIM_GATE_REPORT.json,main-paper eligible,"IBM AML-Data is synthetic. Threshold metrics use score >= 0.5. Compare GINE only on matched Small cells. The materialized node-history map is shared across protocols and is built from the first 60% of transactions; early-to-late therefore permits label-free covariates from 50-60%, which must be treated as part of its visibility contract."
V26::ibm_aml::hi-small::late_window_holdout::hist_gradient_boosting_edge_features,IBM AML baseline grid,IBM AML-Data,hi-small,synthetic financial transactions generated by IBM AML-Data,transaction/edge,"transaction is_laundering in {0,1}; positive=laundering (1)",chronological 60% train / 20% validation / 20% test,edge feature table; no message passing; 515088 accounts; 5078345 transactions; 8 edge features,node history features use the first 60% of transactions (this protocol's training interval); test transaction labels unavailable,late_window_holdout,histogram gradient boosting on transaction features,1-10,10,F1@0.5; precision@0.5; recall@0.5; balanced accuracy; AUROC; AUPRC; runtime; saved scores,canonical imported full10 evidence,results/v26_imported/ibm_aml/hi-small/V26_IBM_AML_HI_SMALL_SEEDS_1_2_T4_SINGLEGPU_SINGLEZIP/json/ibm_aml_hi_small__late_window_holdout__hist_gradient_boosting_edge_features__seed1.json;results/v26_imported/ibm_aml/hi-small/V26_IBM_AML_HI_SMALL_SEEDS_1_2_T4_SINGLEGPU_SINGLEZIP/json/ibm_aml_hi_small__late_window_holdout__hist_gradient_boosting_edge_features__seed2.json;results/v26_imported/ibm_aml/hi-small/V26_IBM_AML_HI_SMALL_SEEDS_3_4_T4_SINGLEGPU_SINGLEZIP/json/ibm_aml_hi_small__late_window_holdout__hist_gradient_boosting_edge_features__seed3.json;results/v26_imported/ibm_aml/hi-small/V26_IBM_AML_HI_SMALL_SEEDS_3_4_T4_SINGLEGPU_SINGLEZIP/json/ibm_aml_hi_small__late_window_holdout__hist_gradient_boosting_edge_features__seed4.json;results/v26_imported/ibm_aml/hi-small/V26_IBM_AML_HI_SMALL_SEEDS_5_6_T4_SINGLEGPU_SINGLEZIP/json/ibm_aml_hi_small__late_window_holdout__hist_gradient_boosting_edge_features__seed5.json;results/v26_imported/ibm_aml/hi-small/V26_IBM_AML_HI_SMALL_SEEDS_5_6_T4_SINGLEGPU_SINGLEZIP/json/ibm_aml_hi_small__late_window_holdout__hist_gradient_boosting_edge_features__seed6.json;results/v26_imported/ibm_aml/hi-small/V26_IBM_AML_HI_SMALL_SEEDS_7_8_T4_SINGLEGPU_SINGLEZIP/json/ibm_aml_hi_small__late_window_holdout__hist_gradient_boosting_edge_features__seed7.json;results/v26_imported/ibm_aml/hi-small/V26_IBM_AML_HI_SMALL_SEEDS_7_8_T4_SINGLEGPU_SINGLEZIP/json/ibm_aml_hi_small__late_window_holdout__hist_gradient_boosting_edge_features__seed8.json;results/v26_imported/ibm_aml/hi-small/V26_IBM_AML_HI_SMALL_SEEDS_9_10_T4_SINGLEGPU_SINGLEZIP/json/ibm_aml_hi_small__late_window_holdout__hist_gradient_boosting_edge_features__seed10.json;results/v26_imported/ibm_aml/hi-small/V26_IBM_AML_HI_SMALL_SEEDS_9_10_T4_SINGLEGPU_SINGLEZIP/json/ibm_aml_hi_small__late_window_holdout__hist_gradient_boosting_edge_features__seed9.json,available for every seed/cell,results/v26_imported/V26_IBM_AML_REVIEW_BUDGET_MANIFEST.json,variant=hi-small|protocol=late_window_holdout|seed|configuration,single Tesla T4 environment; assigned cuda:0; actual backends=sklearn_cpu,PASS,results/v26_imported/V26_IBM_AML_VALIDATION_REPORT.json,PASS,results/v26_imported/V26_IMPORTED_EVIDENCE_LOCK.json,eligible within exact variant/protocol/configuration scope,results/v26_imported/V26_CLAIM_GATE_REPORT.json,main-paper eligible,"IBM AML-Data is synthetic. Threshold metrics use score >= 0.5. Compare GINE only on matched Small cells. The materialized node-history map is shared across protocols and is built from the first 60% of transactions; early-to-late therefore permits label-free covariates from 50-60%, which must be treated as part of its visibility contract."
V26::ibm_aml::hi-small::late_window_holdout::logistic_regression_edge_features,IBM AML baseline grid,IBM AML-Data,hi-small,synthetic financial transactions generated by IBM AML-Data,transaction/edge,"transaction is_laundering in {0,1}; positive=laundering (1)",chronological 60% train / 20% validation / 20% test,edge feature table; no message passing; 515088 accounts; 5078345 transactions; 8 edge features,node history features use the first 60% of transactions (this protocol's training interval); test transaction labels unavailable,late_window_holdout,logistic regression on transaction features,1-10,10,F1@0.5; precision@0.5; recall@0.5; balanced accuracy; AUROC; AUPRC; runtime; saved scores,canonical imported full10 evidence,results/v26_imported/ibm_aml/hi-small/V26_IBM_AML_HI_SMALL_SEEDS_1_2_T4_SINGLEGPU_SINGLEZIP/json/ibm_aml_hi_small__late_window_holdout__logistic_regression_edge_features__seed1.json;results/v26_imported/ibm_aml/hi-small/V26_IBM_AML_HI_SMALL_SEEDS_1_2_T4_SINGLEGPU_SINGLEZIP/json/ibm_aml_hi_small__late_window_holdout__logistic_regression_edge_features__seed2.json;results/v26_imported/ibm_aml/hi-small/V26_IBM_AML_HI_SMALL_SEEDS_3_4_T4_SINGLEGPU_SINGLEZIP/json/ibm_aml_hi_small__late_window_holdout__logistic_regression_edge_features__seed3.json;results/v26_imported/ibm_aml/hi-small/V26_IBM_AML_HI_SMALL_SEEDS_3_4_T4_SINGLEGPU_SINGLEZIP/json/ibm_aml_hi_small__late_window_holdout__logistic_regression_edge_features__seed4.json;results/v26_imported/ibm_aml/hi-small/V26_IBM_AML_HI_SMALL_SEEDS_5_6_T4_SINGLEGPU_SINGLEZIP/json/ibm_aml_hi_small__late_window_holdout__logistic_regression_edge_features__seed5.json;results/v26_imported/ibm_aml/hi-small/V26_IBM_AML_HI_SMALL_SEEDS_5_6_T4_SINGLEGPU_SINGLEZIP/json/ibm_aml_hi_small__late_window_holdout__logistic_regression_edge_features__seed6.json;results/v26_imported/ibm_aml/hi-small/V26_IBM_AML_HI_SMALL_SEEDS_7_8_T4_SINGLEGPU_SINGLEZIP/json/ibm_aml_hi_small__late_window_holdout__logistic_regression_edge_features__seed7.json;results/v26_imported/ibm_aml/hi-small/V26_IBM_AML_HI_SMALL_SEEDS_7_8_T4_SINGLEGPU_SINGLEZIP/json/ibm_aml_hi_small__late_window_holdout__logistic_regression_edge_features__seed8.json;results/v26_imported/ibm_aml/hi-small/V26_IBM_AML_HI_SMALL_SEEDS_9_10_T4_SINGLEGPU_SINGLEZIP/json/ibm_aml_hi_small__late_window_holdout__logistic_regression_edge_features__seed10.json;results/v26_imported/ibm_aml/hi-small/V26_IBM_AML_HI_SMALL_SEEDS_9_10_T4_SINGLEGPU_SINGLEZIP/json/ibm_aml_hi_small__late_window_holdout__logistic_regression_edge_features__seed9.json,available for every seed/cell,results/v26_imported/V26_IBM_AML_REVIEW_BUDGET_MANIFEST.json,variant=hi-small|protocol=late_window_holdout|seed|configuration,single Tesla T4 environment; assigned cuda:0; actual backends=sklearn_cpu,PASS,results/v26_imported/V26_IBM_AML_VALIDATION_REPORT.json,PASS,results/v26_imported/V26_IMPORTED_EVIDENCE_LOCK.json,eligible within exact variant/protocol/configuration scope,results/v26_imported/V26_CLAIM_GATE_REPORT.json,main-paper eligible,"IBM AML-Data is synthetic. Threshold metrics use score >= 0.5. Compare GINE only on matched Small cells. The materialized node-history map is shared across protocols and is built from the first 60% of transactions; early-to-late therefore permits label-free covariates from 50-60%, which must be treated as part of its visibility contract."
V26::ibm_aml::li-large::BLOCKED,IBM AML resource boundary,IBM AML-Data,li-large,synthetic financial transactions generated by IBM AML-Data,transaction/edge,"transaction is_laundering in {0,1}; positive=laundering (1)",not instantiated,official Large variant; graph not admitted by safe resource guard,not measured,not measured,baseline grid not executed,none,0,none,resource status only,results/v26_imported/V26_IMPORTED_EVIDENCE_LOCK.json,absent,none,none,safe resource guard blocked official Large variant,SAFE_RESOURCE_BLOCKED,results/v26_imported/V26_IBM_AML_VALIDATION_REPORT.json,SAFE_RESOURCE_BLOCKED,results/v26_imported/V26_IMPORTED_EVIDENCE_LOCK.json,resource-blocked; no predictive ordering,results/v26_imported/V26_CLAIM_GATE_REPORT.json,resource-blocked,"Large is a feasibility boundary, not an empirical performance result."
V26::ibm_aml::li-medium::early_to_late_transfer::graphsage_edge_minibatch_h32,IBM AML baseline grid,IBM AML-Data,li-medium,synthetic financial transactions generated by IBM AML-Data,transaction/edge,"transaction is_laundering in {0,1}; positive=laundering (1)",chronological 50% train / 20% validation / 30% test,account transaction network with training-history neighborhood summaries; 2032095 accounts; 31251483 transactions; 8 edge features,"classifier labels use the first 50%, while the shared label-free node-history map uses the first 60% (including covariates from the first half of this protocol's validation interval); test labels unavailable",early_to_late_transfer,one-hop GraphSAGE-derived edge classifier h32,1-10,10,F1@0.5; precision@0.5; recall@0.5; balanced accuracy; AUROC; AUPRC; runtime; saved scores,canonical imported full10 evidence,results/v26_imported/ibm_aml/li-medium/V26_IBM_AML_LI_MEDIUM_SEEDS_1_2_T4_SINGLEGPU_SINGLEZIP/json/ibm_aml_li_medium__early_to_late_transfer__graphsage_edge_minibatch_h32__seed1.json;results/v26_imported/ibm_aml/li-medium/V26_IBM_AML_LI_MEDIUM_SEEDS_1_2_T4_SINGLEGPU_SINGLEZIP/json/ibm_aml_li_medium__early_to_late_transfer__graphsage_edge_minibatch_h32__seed2.json;results/v26_imported/ibm_aml/li-medium/V26_IBM_AML_LI_MEDIUM_SEEDS_3_4_T4_SINGLEGPU_SINGLEZIP/json/ibm_aml_li_medium__early_to_late_transfer__graphsage_edge_minibatch_h32__seed3.json;results/v26_imported/ibm_aml/li-medium/V26_IBM_AML_LI_MEDIUM_SEEDS_3_4_T4_SINGLEGPU_SINGLEZIP/json/ibm_aml_li_medium__early_to_late_transfer__graphsage_edge_minibatch_h32__seed4.json;results/v26_imported/ibm_aml/li-medium/V26_IBM_AML_LI_MEDIUM_SEEDS_5_6_T4_SINGLEGPU_SINGLEZIP/json/ibm_aml_li_medium__early_to_late_transfer__graphsage_edge_minibatch_h32__seed5.json;results/v26_imported/ibm_aml/li-medium/V26_IBM_AML_LI_MEDIUM_SEEDS_5_6_T4_SINGLEGPU_SINGLEZIP/json/ibm_aml_li_medium__early_to_late_transfer__graphsage_edge_minibatch_h32__seed6.json;results/v26_imported/ibm_aml/li-medium/V26_IBM_AML_LI_MEDIUM_SEEDS_7_8_T4_SINGLEGPU_SINGLEZIP/json/ibm_aml_li_medium__early_to_late_transfer__graphsage_edge_minibatch_h32__seed7.json;results/v26_imported/ibm_aml/li-medium/V26_IBM_AML_LI_MEDIUM_SEEDS_7_8_T4_SINGLEGPU_SINGLEZIP/json/ibm_aml_li_medium__early_to_late_transfer__graphsage_edge_minibatch_h32__seed8.json;results/v26_imported/ibm_aml/li-medium/V26_IBM_AML_LI_MEDIUM_SEEDS_9_10_T4_SINGLEGPU_SINGLEZIP/json/ibm_aml_li_medium__early_to_late_transfer__graphsage_edge_minibatch_h32__seed10.json;results/v26_imported/ibm_aml/li-medium/V26_IBM_AML_LI_MEDIUM_SEEDS_9_10_T4_SINGLEGPU_SINGLEZIP/json/ibm_aml_li_medium__early_to_late_transfer__graphsage_edge_minibatch_h32__seed9.json,available for every seed/cell,results/v26_imported/V26_IBM_AML_REVIEW_BUDGET_MANIFEST.json,variant=li-medium|protocol=early_to_late_transfer|seed|configuration,single Tesla T4 environment; assigned cuda:0; actual backends=cuda:0,PASS,results/v26_imported/V26_IBM_AML_VALIDATION_REPORT.json,PASS,results/v26_imported/V26_IMPORTED_EVIDENCE_LOCK.json,eligible within exact variant/protocol/configuration scope,results/v26_imported/V26_CLAIM_GATE_REPORT.json,main-paper eligible,"IBM AML-Data is synthetic. Threshold metrics use score >= 0.5. Compare GINE only on matched Small cells. The materialized node-history map is shared across protocols and is built from the first 60% of transactions; early-to-late therefore permits label-free covariates from 50-60%, which must be treated as part of its visibility contract."
V26::ibm_aml::li-medium::early_to_late_transfer::hist_gradient_boosting_edge_features,IBM AML baseline grid,IBM AML-Data,li-medium,synthetic financial transactions generated by IBM AML-Data,transaction/edge,"transaction is_laundering in {0,1}; positive=laundering (1)",chronological 50% train / 20% validation / 30% test,edge feature table; no message passing; 2032095 accounts; 31251483 transactions; 8 edge features,"classifier labels use the first 50%, while the shared label-free node-history map uses the first 60% (including covariates from the first half of this protocol's validation interval); test labels unavailable",early_to_late_transfer,histogram gradient boosting on transaction features,1-10,10,F1@0.5; precision@0.5; recall@0.5; balanced accuracy; AUROC; AUPRC; runtime; saved scores,canonical imported full10 evidence,results/v26_imported/ibm_aml/li-medium/V26_IBM_AML_LI_MEDIUM_SEEDS_1_2_T4_SINGLEGPU_SINGLEZIP/json/ibm_aml_li_medium__early_to_late_transfer__hist_gradient_boosting_edge_features__seed1.json;results/v26_imported/ibm_aml/li-medium/V26_IBM_AML_LI_MEDIUM_SEEDS_1_2_T4_SINGLEGPU_SINGLEZIP/json/ibm_aml_li_medium__early_to_late_transfer__hist_gradient_boosting_edge_features__seed2.json;results/v26_imported/ibm_aml/li-medium/V26_IBM_AML_LI_MEDIUM_SEEDS_3_4_T4_SINGLEGPU_SINGLEZIP/json/ibm_aml_li_medium__early_to_late_transfer__hist_gradient_boosting_edge_features__seed3.json;results/v26_imported/ibm_aml/li-medium/V26_IBM_AML_LI_MEDIUM_SEEDS_3_4_T4_SINGLEGPU_SINGLEZIP/json/ibm_aml_li_medium__early_to_late_transfer__hist_gradient_boosting_edge_features__seed4.json;results/v26_imported/ibm_aml/li-medium/V26_IBM_AML_LI_MEDIUM_SEEDS_5_6_T4_SINGLEGPU_SINGLEZIP/json/ibm_aml_li_medium__early_to_late_transfer__hist_gradient_boosting_edge_features__seed5.json;results/v26_imported/ibm_aml/li-medium/V26_IBM_AML_LI_MEDIUM_SEEDS_5_6_T4_SINGLEGPU_SINGLEZIP/json/ibm_aml_li_medium__early_to_late_transfer__hist_gradient_boosting_edge_features__seed6.json;results/v26_imported/ibm_aml/li-medium/V26_IBM_AML_LI_MEDIUM_SEEDS_7_8_T4_SINGLEGPU_SINGLEZIP/json/ibm_aml_li_medium__early_to_late_transfer__hist_gradient_boosting_edge_features__seed7.json;results/v26_imported/ibm_aml/li-medium/V26_IBM_AML_LI_MEDIUM_SEEDS_7_8_T4_SINGLEGPU_SINGLEZIP/json/ibm_aml_li_medium__early_to_late_transfer__hist_gradient_boosting_edge_features__seed8.json;results/v26_imported/ibm_aml/li-medium/V26_IBM_AML_LI_MEDIUM_SEEDS_9_10_T4_SINGLEGPU_SINGLEZIP/json/ibm_aml_li_medium__early_to_late_transfer__hist_gradient_boosting_edge_features__seed10.json;results/v26_imported/ibm_aml/li-medium/V26_IBM_AML_LI_MEDIUM_SEEDS_9_10_T4_SINGLEGPU_SINGLEZIP/json/ibm_aml_li_medium__early_to_late_transfer__hist_gradient_boosting_edge_features__seed9.json,available for every seed/cell,results/v26_imported/V26_IBM_AML_REVIEW_BUDGET_MANIFEST.json,variant=li-medium|protocol=early_to_late_transfer|seed|configuration,single Tesla T4 environment; assigned cuda:0; actual backends=sklearn_cpu,PASS,results/v26_imported/V26_IBM_AML_VALIDATION_REPORT.json,PASS,results/v26_imported/V26_IMPORTED_EVIDENCE_LOCK.json,eligible within exact variant/protocol/configuration scope,results/v26_imported/V26_CLAIM_GATE_REPORT.json,main-paper eligible,"IBM AML-Data is synthetic. Threshold metrics use score >= 0.5. Compare GINE only on matched Small cells. The materialized node-history map is shared across protocols and is built from the first 60% of transactions; early-to-late therefore permits label-free covariates from 50-60%, which must be treated as part of its visibility contract."
V26::ibm_aml::li-medium::early_to_late_transfer::logistic_regression_edge_features,IBM AML baseline grid,IBM AML-Data,li-medium,synthetic financial transactions generated by IBM AML-Data,transaction/edge,"transaction is_laundering in {0,1}; positive=laundering (1)",chronological 50% train / 20% validation / 30% test,edge feature table; no message passing; 2032095 accounts; 31251483 transactions; 8 edge features,"classifier labels use the first 50%, while the shared label-free node-history map uses the first 60% (including covariates from the first half of this protocol's validation interval); test labels unavailable",early_to_late_transfer,logistic regression on transaction features,1-10,10,F1@0.5; precision@0.5; recall@0.5; balanced accuracy; AUROC; AUPRC; runtime; saved scores,canonical imported full10 evidence,results/v26_imported/ibm_aml/li-medium/V26_IBM_AML_LI_MEDIUM_SEEDS_1_2_T4_SINGLEGPU_SINGLEZIP/json/ibm_aml_li_medium__early_to_late_transfer__logistic_regression_edge_features__seed1.json;results/v26_imported/ibm_aml/li-medium/V26_IBM_AML_LI_MEDIUM_SEEDS_1_2_T4_SINGLEGPU_SINGLEZIP/json/ibm_aml_li_medium__early_to_late_transfer__logistic_regression_edge_features__seed2.json;results/v26_imported/ibm_aml/li-medium/V26_IBM_AML_LI_MEDIUM_SEEDS_3_4_T4_SINGLEGPU_SINGLEZIP/json/ibm_aml_li_medium__early_to_late_transfer__logistic_regression_edge_features__seed3.json;results/v26_imported/ibm_aml/li-medium/V26_IBM_AML_LI_MEDIUM_SEEDS_3_4_T4_SINGLEGPU_SINGLEZIP/json/ibm_aml_li_medium__early_to_late_transfer__logistic_regression_edge_features__seed4.json;results/v26_imported/ibm_aml/li-medium/V26_IBM_AML_LI_MEDIUM_SEEDS_5_6_T4_SINGLEGPU_SINGLEZIP/json/ibm_aml_li_medium__early_to_late_transfer__logistic_regression_edge_features__seed5.json;results/v26_imported/ibm_aml/li-medium/V26_IBM_AML_LI_MEDIUM_SEEDS_5_6_T4_SINGLEGPU_SINGLEZIP/json/ibm_aml_li_medium__early_to_late_transfer__logistic_regression_edge_features__seed6.json;results/v26_imported/ibm_aml/li-medium/V26_IBM_AML_LI_MEDIUM_SEEDS_7_8_T4_SINGLEGPU_SINGLEZIP/json/ibm_aml_li_medium__early_to_late_transfer__logistic_regression_edge_features__seed7.json;results/v26_imported/ibm_aml/li-medium/V26_IBM_AML_LI_MEDIUM_SEEDS_7_8_T4_SINGLEGPU_SINGLEZIP/json/ibm_aml_li_medium__early_to_late_transfer__logistic_regression_edge_features__seed8.json;results/v26_imported/ibm_aml/li-medium/V26_IBM_AML_LI_MEDIUM_SEEDS_9_10_T4_SINGLEGPU_SINGLEZIP/json/ibm_aml_li_medium__early_to_late_transfer__logistic_regression_edge_features__seed10.json;results/v26_imported/ibm_aml/li-medium/V26_IBM_AML_LI_MEDIUM_SEEDS_9_10_T4_SINGLEGPU_SINGLEZIP/json/ibm_aml_li_medium__early_to_late_transfer__logistic_regression_edge_features__seed9.json,available for every seed/cell,results/v26_imported/V26_IBM_AML_REVIEW_BUDGET_MANIFEST.json,variant=li-medium|protocol=early_to_late_transfer|seed|configuration,single Tesla T4 environment; assigned cuda:0; actual backends=sklearn_cpu,PASS,results/v26_imported/V26_IBM_AML_VALIDATION_REPORT.json,PASS,results/v26_imported/V26_IMPORTED_EVIDENCE_LOCK.json,eligible within exact variant/protocol/configuration scope,results/v26_imported/V26_CLAIM_GATE_REPORT.json,main-paper eligible,"IBM AML-Data is synthetic. Threshold metrics use score >= 0.5. Compare GINE only on matched Small cells. The materialized node-history map is shared across protocols and is built from the first 60% of transactions; early-to-late therefore permits label-free covariates from 50-60%, which must be treated as part of its visibility contract."
V26::ibm_aml::li-medium::late_window_holdout::graphsage_edge_minibatch_h32,IBM AML baseline grid,IBM AML-Data,li-medium,synthetic financial transactions generated by IBM AML-Data,transaction/edge,"transaction is_laundering in {0,1}; positive=laundering (1)",chronological 60% train / 20% validation / 20% test,account transaction network with training-history neighborhood summaries; 2032095 accounts; 31251483 transactions; 8 edge features,node history features use the first 60% of transactions (this protocol's training interval); test transaction labels unavailable,late_window_holdout,one-hop GraphSAGE-derived edge classifier h32,1-10,10,F1@0.5; precision@0.5; recall@0.5; balanced accuracy; AUROC; AUPRC; runtime; saved scores,canonical imported full10 evidence,results/v26_imported/ibm_aml/li-medium/V26_IBM_AML_LI_MEDIUM_SEEDS_1_2_T4_SINGLEGPU_SINGLEZIP/json/ibm_aml_li_medium__late_window_holdout__graphsage_edge_minibatch_h32__seed1.json;results/v26_imported/ibm_aml/li-medium/V26_IBM_AML_LI_MEDIUM_SEEDS_1_2_T4_SINGLEGPU_SINGLEZIP/json/ibm_aml_li_medium__late_window_holdout__graphsage_edge_minibatch_h32__seed2.json;results/v26_imported/ibm_aml/li-medium/V26_IBM_AML_LI_MEDIUM_SEEDS_3_4_T4_SINGLEGPU_SINGLEZIP/json/ibm_aml_li_medium__late_window_holdout__graphsage_edge_minibatch_h32__seed3.json;results/v26_imported/ibm_aml/li-medium/V26_IBM_AML_LI_MEDIUM_SEEDS_3_4_T4_SINGLEGPU_SINGLEZIP/json/ibm_aml_li_medium__late_window_holdout__graphsage_edge_minibatch_h32__seed4.json;results/v26_imported/ibm_aml/li-medium/V26_IBM_AML_LI_MEDIUM_SEEDS_5_6_T4_SINGLEGPU_SINGLEZIP/json/ibm_aml_li_medium__late_window_holdout__graphsage_edge_minibatch_h32__seed5.json;results/v26_imported/ibm_aml/li-medium/V26_IBM_AML_LI_MEDIUM_SEEDS_5_6_T4_SINGLEGPU_SINGLEZIP/json/ibm_aml_li_medium__late_window_holdout__graphsage_edge_minibatch_h32__seed6.json;results/v26_imported/ibm_aml/li-medium/V26_IBM_AML_LI_MEDIUM_SEEDS_7_8_T4_SINGLEGPU_SINGLEZIP/json/ibm_aml_li_medium__late_window_holdout__graphsage_edge_minibatch_h32__seed7.json;results/v26_imported/ibm_aml/li-medium/V26_IBM_AML_LI_MEDIUM_SEEDS_7_8_T4_SINGLEGPU_SINGLEZIP/json/ibm_aml_li_medium__late_window_holdout__graphsage_edge_minibatch_h32__seed8.json;results/v26_imported/ibm_aml/li-medium/V26_IBM_AML_LI_MEDIUM_SEEDS_9_10_T4_SINGLEGPU_SINGLEZIP/json/ibm_aml_li_medium__late_window_holdout__graphsage_edge_minibatch_h32__seed10.json;results/v26_imported/ibm_aml/li-medium/V26_IBM_AML_LI_MEDIUM_SEEDS_9_10_T4_SINGLEGPU_SINGLEZIP/json/ibm_aml_li_medium__late_window_holdout__graphsage_edge_minibatch_h32__seed9.json,available for every seed/cell,results/v26_imported/V26_IBM_AML_REVIEW_BUDGET_MANIFEST.json,variant=li-medium|protocol=late_window_holdout|seed|configuration,single Tesla T4 environment; assigned cuda:0; actual backends=cuda:0,PASS,results/v26_imported/V26_IBM_AML_VALIDATION_REPORT.json,PASS,results/v26_imported/V26_IMPORTED_EVIDENCE_LOCK.json,eligible within exact variant/protocol/configuration scope,results/v26_imported/V26_CLAIM_GATE_REPORT.json,main-paper eligible,"IBM AML-Data is synthetic. Threshold metrics use score >= 0.5. Compare GINE only on matched Small cells. The materialized node-history map is shared across protocols and is built from the first 60% of transactions; early-to-late therefore permits label-free covariates from 50-60%, which must be treated as part of its visibility contract."
V26::ibm_aml::li-medium::late_window_holdout::hist_gradient_boosting_edge_features,IBM AML baseline grid,IBM AML-Data,li-medium,synthetic financial transactions generated by IBM AML-Data,transaction/edge,"transaction is_laundering in {0,1}; positive=laundering (1)",chronological 60% train / 20% validation / 20% test,edge feature table; no message passing; 2032095 accounts; 31251483 transactions; 8 edge features,node history features use the first 60% of transactions (this protocol's training interval); test transaction labels unavailable,late_window_holdout,histogram gradient boosting on transaction features,1-10,10,F1@0.5; precision@0.5; recall@0.5; balanced accuracy; AUROC; AUPRC; runtime; saved scores,canonical imported full10 evidence,results/v26_imported/ibm_aml/li-medium/V26_IBM_AML_LI_MEDIUM_SEEDS_1_2_T4_SINGLEGPU_SINGLEZIP/json/ibm_aml_li_medium__late_window_holdout__hist_gradient_boosting_edge_features__seed1.json;results/v26_imported/ibm_aml/li-medium/V26_IBM_AML_LI_MEDIUM_SEEDS_1_2_T4_SINGLEGPU_SINGLEZIP/json/ibm_aml_li_medium__late_window_holdout__hist_gradient_boosting_edge_features__seed2.json;results/v26_imported/ibm_aml/li-medium/V26_IBM_AML_LI_MEDIUM_SEEDS_3_4_T4_SINGLEGPU_SINGLEZIP/json/ibm_aml_li_medium__late_window_holdout__hist_gradient_boosting_edge_features__seed3.json;results/v26_imported/ibm_aml/li-medium/V26_IBM_AML_LI_MEDIUM_SEEDS_3_4_T4_SINGLEGPU_SINGLEZIP/json/ibm_aml_li_medium__late_window_holdout__hist_gradient_boosting_edge_features__seed4.json;results/v26_imported/ibm_aml/li-medium/V26_IBM_AML_LI_MEDIUM_SEEDS_5_6_T4_SINGLEGPU_SINGLEZIP/json/ibm_aml_li_medium__late_window_holdout__hist_gradient_boosting_edge_features__seed5.json;results/v26_imported/ibm_aml/li-medium/V26_IBM_AML_LI_MEDIUM_SEEDS_5_6_T4_SINGLEGPU_SINGLEZIP/json/ibm_aml_li_medium__late_window_holdout__hist_gradient_boosting_edge_features__seed6.json;results/v26_imported/ibm_aml/li-medium/V26_IBM_AML_LI_MEDIUM_SEEDS_7_8_T4_SINGLEGPU_SINGLEZIP/json/ibm_aml_li_medium__late_window_holdout__hist_gradient_boosting_edge_features__seed7.json;results/v26_imported/ibm_aml/li-medium/V26_IBM_AML_LI_MEDIUM_SEEDS_7_8_T4_SINGLEGPU_SINGLEZIP/json/ibm_aml_li_medium__late_window_holdout__hist_gradient_boosting_edge_features__seed8.json;results/v26_imported/ibm_aml/li-medium/V26_IBM_AML_LI_MEDIUM_SEEDS_9_10_T4_SINGLEGPU_SINGLEZIP/json/ibm_aml_li_medium__late_window_holdout__hist_gradient_boosting_edge_features__seed10.json;results/v26_imported/ibm_aml/li-medium/V26_IBM_AML_LI_MEDIUM_SEEDS_9_10_T4_SINGLEGPU_SINGLEZIP/json/ibm_aml_li_medium__late_window_holdout__hist_gradient_boosting_edge_features__seed9.json,available for every seed/cell,results/v26_imported/V26_IBM_AML_REVIEW_BUDGET_MANIFEST.json,variant=li-medium|protocol=late_window_holdout|seed|configuration,single Tesla T4 environment; assigned cuda:0; actual backends=sklearn_cpu,PASS,results/v26_imported/V26_IBM_AML_VALIDATION_REPORT.json,PASS,results/v26_imported/V26_IMPORTED_EVIDENCE_LOCK.json,eligible within exact variant/protocol/configuration scope,results/v26_imported/V26_CLAIM_GATE_REPORT.json,main-paper eligible,"IBM AML-Data is synthetic. Threshold metrics use score >= 0.5. Compare GINE only on matched Small cells. The materialized node-history map is shared across protocols and is built from the first 60% of transactions; early-to-late therefore permits label-free covariates from 50-60%, which must be treated as part of its visibility contract."
V26::ibm_aml::li-medium::late_window_holdout::logistic_regression_edge_features,IBM AML baseline grid,IBM AML-Data,li-medium,synthetic financial transactions generated by IBM AML-Data,transaction/edge,"transaction is_laundering in {0,1}; positive=laundering (1)",chronological 60% train / 20% validation / 20% test,edge feature table; no message passing; 2032095 accounts; 31251483 transactions; 8 edge features,node history features use the first 60% of transactions (this protocol's training interval); test transaction labels unavailable,late_window_holdout,logistic regression on transaction features,1-10,10,F1@0.5; precision@0.5; recall@0.5; balanced accuracy; AUROC; AUPRC; runtime; saved scores,canonical imported full10 evidence,results/v26_imported/ibm_aml/li-medium/V26_IBM_AML_LI_MEDIUM_SEEDS_1_2_T4_SINGLEGPU_SINGLEZIP/json/ibm_aml_li_medium__late_window_holdout__logistic_regression_edge_features__seed1.json;results/v26_imported/ibm_aml/li-medium/V26_IBM_AML_LI_MEDIUM_SEEDS_1_2_T4_SINGLEGPU_SINGLEZIP/json/ibm_aml_li_medium__late_window_holdout__logistic_regression_edge_features__seed2.json;results/v26_imported/ibm_aml/li-medium/V26_IBM_AML_LI_MEDIUM_SEEDS_3_4_T4_SINGLEGPU_SINGLEZIP/json/ibm_aml_li_medium__late_window_holdout__logistic_regression_edge_features__seed3.json;results/v26_imported/ibm_aml/li-medium/V26_IBM_AML_LI_MEDIUM_SEEDS_3_4_T4_SINGLEGPU_SINGLEZIP/json/ibm_aml_li_medium__late_window_holdout__logistic_regression_edge_features__seed4.json;results/v26_imported/ibm_aml/li-medium/V26_IBM_AML_LI_MEDIUM_SEEDS_5_6_T4_SINGLEGPU_SINGLEZIP/json/ibm_aml_li_medium__late_window_holdout__logistic_regression_edge_features__seed5.json;results/v26_imported/ibm_aml/li-medium/V26_IBM_AML_LI_MEDIUM_SEEDS_5_6_T4_SINGLEGPU_SINGLEZIP/json/ibm_aml_li_medium__late_window_holdout__logistic_regression_edge_features__seed6.json;results/v26_imported/ibm_aml/li-medium/V26_IBM_AML_LI_MEDIUM_SEEDS_7_8_T4_SINGLEGPU_SINGLEZIP/json/ibm_aml_li_medium__late_window_holdout__logistic_regression_edge_features__seed7.json;results/v26_imported/ibm_aml/li-medium/V26_IBM_AML_LI_MEDIUM_SEEDS_7_8_T4_SINGLEGPU_SINGLEZIP/json/ibm_aml_li_medium__late_window_holdout__logistic_regression_edge_features__seed8.json;results/v26_imported/ibm_aml/li-medium/V26_IBM_AML_LI_MEDIUM_SEEDS_9_10_T4_SINGLEGPU_SINGLEZIP/json/ibm_aml_li_medium__late_window_holdout__logistic_regression_edge_features__seed10.json;results/v26_imported/ibm_aml/li-medium/V26_IBM_AML_LI_MEDIUM_SEEDS_9_10_T4_SINGLEGPU_SINGLEZIP/json/ibm_aml_li_medium__late_window_holdout__logistic_regression_edge_features__seed9.json,available for every seed/cell,results/v26_imported/V26_IBM_AML_REVIEW_BUDGET_MANIFEST.json,variant=li-medium|protocol=late_window_holdout|seed|configuration,single Tesla T4 environment; assigned cuda:0; actual backends=sklearn_cpu,PASS,results/v26_imported/V26_IBM_AML_VALIDATION_REPORT.json,PASS,results/v26_imported/V26_IMPORTED_EVIDENCE_LOCK.json,eligible within exact variant/protocol/configuration scope,results/v26_imported/V26_CLAIM_GATE_REPORT.json,main-paper eligible,"IBM AML-Data is synthetic. Threshold metrics use score >= 0.5. Compare GINE only on matched Small cells. The materialized node-history map is shared across protocols and is built from the first 60% of transactions; early-to-late therefore permits label-free covariates from 50-60%, which must be treated as part of its visibility contract."
V26::ibm_aml::li-small::early_to_late_transfer::graphsage_edge_minibatch_h32,IBM AML baseline grid,IBM AML-Data,li-small,synthetic financial transactions generated by IBM AML-Data,transaction/edge,"transaction is_laundering in {0,1}; positive=laundering (1)",chronological 50% train / 20% validation / 30% test,account transaction network with training-history neighborhood summaries; 705907 accounts; 6924049 transactions; 8 edge features,"classifier labels use the first 50%, while the shared label-free node-history map uses the first 60% (including covariates from the first half of this protocol's validation interval); test labels unavailable",early_to_late_transfer,one-hop GraphSAGE-derived edge classifier h32,1-10,10,F1@0.5; precision@0.5; recall@0.5; balanced accuracy; AUROC; AUPRC; runtime; saved scores,canonical imported full10 evidence,results/v26_imported/ibm_aml/li-small/V26_IBM_AML_LI_SMALL_SEEDS_1_2_T4_SINGLEGPU_SINGLEZIP/json/ibm_aml_li_small__early_to_late_transfer__graphsage_edge_minibatch_h32__seed1.json;results/v26_imported/ibm_aml/li-small/V26_IBM_AML_LI_SMALL_SEEDS_1_2_T4_SINGLEGPU_SINGLEZIP/json/ibm_aml_li_small__early_to_late_transfer__graphsage_edge_minibatch_h32__seed2.json;results/v26_imported/ibm_aml/li-small/V26_IBM_AML_LI_SMALL_SEEDS_3_4_T4_SINGLEGPU_SINGLEZIP/json/ibm_aml_li_small__early_to_late_transfer__graphsage_edge_minibatch_h32__seed3.json;results/v26_imported/ibm_aml/li-small/V26_IBM_AML_LI_SMALL_SEEDS_3_4_T4_SINGLEGPU_SINGLEZIP/json/ibm_aml_li_small__early_to_late_transfer__graphsage_edge_minibatch_h32__seed4.json;results/v26_imported/ibm_aml/li-small/V26_IBM_AML_LI_SMALL_SEEDS_5_6_T4_SINGLEGPU_SINGLEZIP/json/ibm_aml_li_small__early_to_late_transfer__graphsage_edge_minibatch_h32__seed5.json;results/v26_imported/ibm_aml/li-small/V26_IBM_AML_LI_SMALL_SEEDS_5_6_T4_SINGLEGPU_SINGLEZIP/json/ibm_aml_li_small__early_to_late_transfer__graphsage_edge_minibatch_h32__seed6.json;results/v26_imported/ibm_aml/li-small/V26_IBM_AML_LI_SMALL_SEEDS_7_8_T4_SINGLEGPU_SINGLEZIP/json/ibm_aml_li_small__early_to_late_transfer__graphsage_edge_minibatch_h32__seed7.json;results/v26_imported/ibm_aml/li-small/V26_IBM_AML_LI_SMALL_SEEDS_7_8_T4_SINGLEGPU_SINGLEZIP/json/ibm_aml_li_small__early_to_late_transfer__graphsage_edge_minibatch_h32__seed8.json;results/v26_imported/ibm_aml/li-small/V26_IBM_AML_LI_SMALL_SEEDS_9_10_T4_SINGLEGPU_SINGLEZIP/json/ibm_aml_li_small__early_to_late_transfer__graphsage_edge_minibatch_h32__seed10.json;results/v26_imported/ibm_aml/li-small/V26_IBM_AML_LI_SMALL_SEEDS_9_10_T4_SINGLEGPU_SINGLEZIP/json/ibm_aml_li_small__early_to_late_transfer__graphsage_edge_minibatch_h32__seed9.json,available for every seed/cell,results/v26_imported/V26_IBM_AML_REVIEW_BUDGET_MANIFEST.json,variant=li-small|protocol=early_to_late_transfer|seed|configuration,single Tesla T4 environment; assigned cuda:0; actual backends=cuda:0,PASS,results/v26_imported/V26_IBM_AML_VALIDATION_REPORT.json,PASS,results/v26_imported/V26_IMPORTED_EVIDENCE_LOCK.json,eligible within exact variant/protocol/configuration scope,results/v26_imported/V26_CLAIM_GATE_REPORT.json,main-paper eligible,"IBM AML-Data is synthetic. Threshold metrics use score >= 0.5. Compare GINE only on matched Small cells. The materialized node-history map is shared across protocols and is built from the first 60% of transactions; early-to-late therefore permits label-free covariates from 50-60%, which must be treated as part of its visibility contract."
V26::ibm_aml::li-small::early_to_late_transfer::hist_gradient_boosting_edge_features,IBM AML baseline grid,IBM AML-Data,li-small,synthetic financial transactions generated by IBM AML-Data,transaction/edge,"transaction is_laundering in {0,1}; positive=laundering (1)",chronological 50% train / 20% validation / 30% test,edge feature table; no message passing; 705907 accounts; 6924049 transactions; 8 edge features,"classifier labels use the first 50%, while the shared label-free node-history map uses the first 60% (including covariates from the first half of this protocol's validation interval); test labels unavailable",early_to_late_transfer,histogram gradient boosting on transaction features,1-10,10,F1@0.5; precision@0.5; recall@0.5; balanced accuracy; AUROC; AUPRC; runtime; saved scores,canonical imported full10 evidence,results/v26_imported/ibm_aml/li-small/V26_IBM_AML_LI_SMALL_SEEDS_1_2_T4_SINGLEGPU_SINGLEZIP/json/ibm_aml_li_small__early_to_late_transfer__hist_gradient_boosting_edge_features__seed1.json;results/v26_imported/ibm_aml/li-small/V26_IBM_AML_LI_SMALL_SEEDS_1_2_T4_SINGLEGPU_SINGLEZIP/json/ibm_aml_li_small__early_to_late_transfer__hist_gradient_boosting_edge_features__seed2.json;results/v26_imported/ibm_aml/li-small/V26_IBM_AML_LI_SMALL_SEEDS_3_4_T4_SINGLEGPU_SINGLEZIP/json/ibm_aml_li_small__early_to_late_transfer__hist_gradient_boosting_edge_features__seed3.json;results/v26_imported/ibm_aml/li-small/V26_IBM_AML_LI_SMALL_SEEDS_3_4_T4_SINGLEGPU_SINGLEZIP/json/ibm_aml_li_small__early_to_late_transfer__hist_gradient_boosting_edge_features__seed4.json;results/v26_imported/ibm_aml/li-small/V26_IBM_AML_LI_SMALL_SEEDS_5_6_T4_SINGLEGPU_SINGLEZIP/json/ibm_aml_li_small__early_to_late_transfer__hist_gradient_boosting_edge_features__seed5.json;results/v26_imported/ibm_aml/li-small/V26_IBM_AML_LI_SMALL_SEEDS_5_6_T4_SINGLEGPU_SINGLEZIP/json/ibm_aml_li_small__early_to_late_transfer__hist_gradient_boosting_edge_features__seed6.json;results/v26_imported/ibm_aml/li-small/V26_IBM_AML_LI_SMALL_SEEDS_7_8_T4_SINGLEGPU_SINGLEZIP/json/ibm_aml_li_small__early_to_late_transfer__hist_gradient_boosting_edge_features__seed7.json;results/v26_imported/ibm_aml/li-small/V26_IBM_AML_LI_SMALL_SEEDS_7_8_T4_SINGLEGPU_SINGLEZIP/json/ibm_aml_li_small__early_to_late_transfer__hist_gradient_boosting_edge_features__seed8.json;results/v26_imported/ibm_aml/li-small/V26_IBM_AML_LI_SMALL_SEEDS_9_10_T4_SINGLEGPU_SINGLEZIP/json/ibm_aml_li_small__early_to_late_transfer__hist_gradient_boosting_edge_features__seed10.json;results/v26_imported/ibm_aml/li-small/V26_IBM_AML_LI_SMALL_SEEDS_9_10_T4_SINGLEGPU_SINGLEZIP/json/ibm_aml_li_small__early_to_late_transfer__hist_gradient_boosting_edge_features__seed9.json,available for every seed/cell,results/v26_imported/V26_IBM_AML_REVIEW_BUDGET_MANIFEST.json,variant=li-small|protocol=early_to_late_transfer|seed|configuration,single Tesla T4 environment; assigned cuda:0; actual backends=sklearn_cpu,PASS,results/v26_imported/V26_IBM_AML_VALIDATION_REPORT.json,PASS,results/v26_imported/V26_IMPORTED_EVIDENCE_LOCK.json,eligible within exact variant/protocol/configuration scope,results/v26_imported/V26_CLAIM_GATE_REPORT.json,main-paper eligible,"IBM AML-Data is synthetic. Threshold metrics use score >= 0.5. Compare GINE only on matched Small cells. The materialized node-history map is shared across protocols and is built from the first 60% of transactions; early-to-late therefore permits label-free covariates from 50-60%, which must be treated as part of its visibility contract."
V26::ibm_aml::li-small::early_to_late_transfer::logistic_regression_edge_features,IBM AML baseline grid,IBM AML-Data,li-small,synthetic financial transactions generated by IBM AML-Data,transaction/edge,"transaction is_laundering in {0,1}; positive=laundering (1)",chronological 50% train / 20% validation / 30% test,edge feature table; no message passing; 705907 accounts; 6924049 transactions; 8 edge features,"classifier labels use the first 50%, while the shared label-free node-history map uses the first 60% (including covariates from the first half of this protocol's validation interval); test labels unavailable",early_to_late_transfer,logistic regression on transaction features,1-10,10,F1@0.5; precision@0.5; recall@0.5; balanced accuracy; AUROC; AUPRC; runtime; saved scores,canonical imported full10 evidence,results/v26_imported/ibm_aml/li-small/V26_IBM_AML_LI_SMALL_SEEDS_1_2_T4_SINGLEGPU_SINGLEZIP/json/ibm_aml_li_small__early_to_late_transfer__logistic_regression_edge_features__seed1.json;results/v26_imported/ibm_aml/li-small/V26_IBM_AML_LI_SMALL_SEEDS_1_2_T4_SINGLEGPU_SINGLEZIP/json/ibm_aml_li_small__early_to_late_transfer__logistic_regression_edge_features__seed2.json;results/v26_imported/ibm_aml/li-small/V26_IBM_AML_LI_SMALL_SEEDS_3_4_T4_SINGLEGPU_SINGLEZIP/json/ibm_aml_li_small__early_to_late_transfer__logistic_regression_edge_features__seed3.json;results/v26_imported/ibm_aml/li-small/V26_IBM_AML_LI_SMALL_SEEDS_3_4_T4_SINGLEGPU_SINGLEZIP/json/ibm_aml_li_small__early_to_late_transfer__logistic_regression_edge_features__seed4.json;results/v26_imported/ibm_aml/li-small/V26_IBM_AML_LI_SMALL_SEEDS_5_6_T4_SINGLEGPU_SINGLEZIP/json/ibm_aml_li_small__early_to_late_transfer__logistic_regression_edge_features__seed5.json;results/v26_imported/ibm_aml/li-small/V26_IBM_AML_LI_SMALL_SEEDS_5_6_T4_SINGLEGPU_SINGLEZIP/json/ibm_aml_li_small__early_to_late_transfer__logistic_regression_edge_features__seed6.json;results/v26_imported/ibm_aml/li-small/V26_IBM_AML_LI_SMALL_SEEDS_7_8_T4_SINGLEGPU_SINGLEZIP/json/ibm_aml_li_small__early_to_late_transfer__logistic_regression_edge_features__seed7.json;results/v26_imported/ibm_aml/li-small/V26_IBM_AML_LI_SMALL_SEEDS_7_8_T4_SINGLEGPU_SINGLEZIP/json/ibm_aml_li_small__early_to_late_transfer__logistic_regression_edge_features__seed8.json;results/v26_imported/ibm_aml/li-small/V26_IBM_AML_LI_SMALL_SEEDS_9_10_T4_SINGLEGPU_SINGLEZIP/json/ibm_aml_li_small__early_to_late_transfer__logistic_regression_edge_features__seed10.json;results/v26_imported/ibm_aml/li-small/V26_IBM_AML_LI_SMALL_SEEDS_9_10_T4_SINGLEGPU_SINGLEZIP/json/ibm_aml_li_small__early_to_late_transfer__logistic_regression_edge_features__seed9.json,available for every seed/cell,results/v26_imported/V26_IBM_AML_REVIEW_BUDGET_MANIFEST.json,variant=li-small|protocol=early_to_late_transfer|seed|configuration,single Tesla T4 environment; assigned cuda:0; actual backends=sklearn_cpu,PASS,results/v26_imported/V26_IBM_AML_VALIDATION_REPORT.json,PASS,results/v26_imported/V26_IMPORTED_EVIDENCE_LOCK.json,eligible within exact variant/protocol/configuration scope,results/v26_imported/V26_CLAIM_GATE_REPORT.json,main-paper eligible,"IBM AML-Data is synthetic. Threshold metrics use score >= 0.5. Compare GINE only on matched Small cells. The materialized node-history map is shared across protocols and is built from the first 60% of transactions; early-to-late therefore permits label-free covariates from 50-60%, which must be treated as part of its visibility contract."
V26::ibm_aml::li-small::late_window_holdout::graphsage_edge_minibatch_h32,IBM AML baseline grid,IBM AML-Data,li-small,synthetic financial transactions generated by IBM AML-Data,transaction/edge,"transaction is_laundering in {0,1}; positive=laundering (1)",chronological 60% train / 20% validation / 20% test,account transaction network with training-history neighborhood summaries; 705907 accounts; 6924049 transactions; 8 edge features,node history features use the first 60% of transactions (this protocol's training interval); test transaction labels unavailable,late_window_holdout,one-hop GraphSAGE-derived edge classifier h32,1-10,10,F1@0.5; precision@0.5; recall@0.5; balanced accuracy; AUROC; AUPRC; runtime; saved scores,canonical imported full10 evidence,results/v26_imported/ibm_aml/li-small/V26_IBM_AML_LI_SMALL_SEEDS_1_2_T4_SINGLEGPU_SINGLEZIP/json/ibm_aml_li_small__late_window_holdout__graphsage_edge_minibatch_h32__seed1.json;results/v26_imported/ibm_aml/li-small/V26_IBM_AML_LI_SMALL_SEEDS_1_2_T4_SINGLEGPU_SINGLEZIP/json/ibm_aml_li_small__late_window_holdout__graphsage_edge_minibatch_h32__seed2.json;results/v26_imported/ibm_aml/li-small/V26_IBM_AML_LI_SMALL_SEEDS_3_4_T4_SINGLEGPU_SINGLEZIP/json/ibm_aml_li_small__late_window_holdout__graphsage_edge_minibatch_h32__seed3.json;results/v26_imported/ibm_aml/li-small/V26_IBM_AML_LI_SMALL_SEEDS_3_4_T4_SINGLEGPU_SINGLEZIP/json/ibm_aml_li_small__late_window_holdout__graphsage_edge_minibatch_h32__seed4.json;results/v26_imported/ibm_aml/li-small/V26_IBM_AML_LI_SMALL_SEEDS_5_6_T4_SINGLEGPU_SINGLEZIP/json/ibm_aml_li_small__late_window_holdout__graphsage_edge_minibatch_h32__seed5.json;results/v26_imported/ibm_aml/li-small/V26_IBM_AML_LI_SMALL_SEEDS_5_6_T4_SINGLEGPU_SINGLEZIP/json/ibm_aml_li_small__late_window_holdout__graphsage_edge_minibatch_h32__seed6.json;results/v26_imported/ibm_aml/li-small/V26_IBM_AML_LI_SMALL_SEEDS_7_8_T4_SINGLEGPU_SINGLEZIP/json/ibm_aml_li_small__late_window_holdout__graphsage_edge_minibatch_h32__seed7.json;results/v26_imported/ibm_aml/li-small/V26_IBM_AML_LI_SMALL_SEEDS_7_8_T4_SINGLEGPU_SINGLEZIP/json/ibm_aml_li_small__late_window_holdout__graphsage_edge_minibatch_h32__seed8.json;results/v26_imported/ibm_aml/li-small/V26_IBM_AML_LI_SMALL_SEEDS_9_10_T4_SINGLEGPU_SINGLEZIP/json/ibm_aml_li_small__late_window_holdout__graphsage_edge_minibatch_h32__seed10.json;results/v26_imported/ibm_aml/li-small/V26_IBM_AML_LI_SMALL_SEEDS_9_10_T4_SINGLEGPU_SINGLEZIP/json/ibm_aml_li_small__late_window_holdout__graphsage_edge_minibatch_h32__seed9.json,available for every seed/cell,results/v26_imported/V26_IBM_AML_REVIEW_BUDGET_MANIFEST.json,variant=li-small|protocol=late_window_holdout|seed|configuration,single Tesla T4 environment; assigned cuda:0; actual backends=cuda:0,PASS,results/v26_imported/V26_IBM_AML_VALIDATION_REPORT.json,PASS,results/v26_imported/V26_IMPORTED_EVIDENCE_LOCK.json,eligible within exact variant/protocol/configuration scope,results/v26_imported/V26_CLAIM_GATE_REPORT.json,main-paper eligible,"IBM AML-Data is synthetic. Threshold metrics use score >= 0.5. Compare GINE only on matched Small cells. The materialized node-history map is shared across protocols and is built from the first 60% of transactions; early-to-late therefore permits label-free covariates from 50-60%, which must be treated as part of its visibility contract."
V26::ibm_aml::li-small::late_window_holdout::hist_gradient_boosting_edge_features,IBM AML baseline grid,IBM AML-Data,li-small,synthetic financial transactions generated by IBM AML-Data,transaction/edge,"transaction is_laundering in {0,1}; positive=laundering (1)",chronological 60% train / 20% validation / 20% test,edge feature table; no message passing; 705907 accounts; 6924049 transactions; 8 edge features,node history features use the first 60% of transactions (this protocol's training interval); test transaction labels unavailable,late_window_holdout,histogram gradient boosting on transaction features,1-10,10,F1@0.5; precision@0.5; recall@0.5; balanced accuracy; AUROC; AUPRC; runtime; saved scores,canonical imported full10 evidence,results/v26_imported/ibm_aml/li-small/V26_IBM_AML_LI_SMALL_SEEDS_1_2_T4_SINGLEGPU_SINGLEZIP/json/ibm_aml_li_small__late_window_holdout__hist_gradient_boosting_edge_features__seed1.json;results/v26_imported/ibm_aml/li-small/V26_IBM_AML_LI_SMALL_SEEDS_1_2_T4_SINGLEGPU_SINGLEZIP/json/ibm_aml_li_small__late_window_holdout__hist_gradient_boosting_edge_features__seed2.json;results/v26_imported/ibm_aml/li-small/V26_IBM_AML_LI_SMALL_SEEDS_3_4_T4_SINGLEGPU_SINGLEZIP/json/ibm_aml_li_small__late_window_holdout__hist_gradient_boosting_edge_features__seed3.json;results/v26_imported/ibm_aml/li-small/V26_IBM_AML_LI_SMALL_SEEDS_3_4_T4_SINGLEGPU_SINGLEZIP/json/ibm_aml_li_small__late_window_holdout__hist_gradient_boosting_edge_features__seed4.json;results/v26_imported/ibm_aml/li-small/V26_IBM_AML_LI_SMALL_SEEDS_5_6_T4_SINGLEGPU_SINGLEZIP/json/ibm_aml_li_small__late_window_holdout__hist_gradient_boosting_edge_features__seed5.json;results/v26_imported/ibm_aml/li-small/V26_IBM_AML_LI_SMALL_SEEDS_5_6_T4_SINGLEGPU_SINGLEZIP/json/ibm_aml_li_small__late_window_holdout__hist_gradient_boosting_edge_features__seed6.json;results/v26_imported/ibm_aml/li-small/V26_IBM_AML_LI_SMALL_SEEDS_7_8_T4_SINGLEGPU_SINGLEZIP/json/ibm_aml_li_small__late_window_holdout__hist_gradient_boosting_edge_features__seed7.json;results/v26_imported/ibm_aml/li-small/V26_IBM_AML_LI_SMALL_SEEDS_7_8_T4_SINGLEGPU_SINGLEZIP/json/ibm_aml_li_small__late_window_holdout__hist_gradient_boosting_edge_features__seed8.json;results/v26_imported/ibm_aml/li-small/V26_IBM_AML_LI_SMALL_SEEDS_9_10_T4_SINGLEGPU_SINGLEZIP/json/ibm_aml_li_small__late_window_holdout__hist_gradient_boosting_edge_features__seed10.json;results/v26_imported/ibm_aml/li-small/V26_IBM_AML_LI_SMALL_SEEDS_9_10_T4_SINGLEGPU_SINGLEZIP/json/ibm_aml_li_small__late_window_holdout__hist_gradient_boosting_edge_features__seed9.json,available for every seed/cell,results/v26_imported/V26_IBM_AML_REVIEW_BUDGET_MANIFEST.json,variant=li-small|protocol=late_window_holdout|seed|configuration,single Tesla T4 environment; assigned cuda:0; actual backends=sklearn_cpu,PASS,results/v26_imported/V26_IBM_AML_VALIDATION_REPORT.json,PASS,results/v26_imported/V26_IMPORTED_EVIDENCE_LOCK.json,eligible within exact variant/protocol/configuration scope,results/v26_imported/V26_CLAIM_GATE_REPORT.json,main-paper eligible,"IBM AML-Data is synthetic. Threshold metrics use score >= 0.5. Compare GINE only on matched Small cells. The materialized node-history map is shared across protocols and is built from the first 60% of transactions; early-to-late therefore permits label-free covariates from 50-60%, which must be treated as part of its visibility contract."
V26::ibm_aml::li-small::late_window_holdout::logistic_regression_edge_features,IBM AML baseline grid,IBM AML-Data,li-small,synthetic financial transactions generated by IBM AML-Data,transaction/edge,"transaction is_laundering in {0,1}; positive=laundering (1)",chronological 60% train / 20% validation / 20% test,edge feature table; no message passing; 705907 accounts; 6924049 transactions; 8 edge features,node history features use the first 60% of transactions (this protocol's training interval); test transaction labels unavailable,late_window_holdout,logistic regression on transaction features,1-10,10,F1@0.5; precision@0.5; recall@0.5; balanced accuracy; AUROC; AUPRC; runtime; saved scores,canonical imported full10 evidence,results/v26_imported/ibm_aml/li-small/V26_IBM_AML_LI_SMALL_SEEDS_1_2_T4_SINGLEGPU_SINGLEZIP/json/ibm_aml_li_small__late_window_holdout__logistic_regression_edge_features__seed1.json;results/v26_imported/ibm_aml/li-small/V26_IBM_AML_LI_SMALL_SEEDS_1_2_T4_SINGLEGPU_SINGLEZIP/json/ibm_aml_li_small__late_window_holdout__logistic_regression_edge_features__seed2.json;results/v26_imported/ibm_aml/li-small/V26_IBM_AML_LI_SMALL_SEEDS_3_4_T4_SINGLEGPU_SINGLEZIP/json/ibm_aml_li_small__late_window_holdout__logistic_regression_edge_features__seed3.json;results/v26_imported/ibm_aml/li-small/V26_IBM_AML_LI_SMALL_SEEDS_3_4_T4_SINGLEGPU_SINGLEZIP/json/ibm_aml_li_small__late_window_holdout__logistic_regression_edge_features__seed4.json;results/v26_imported/ibm_aml/li-small/V26_IBM_AML_LI_SMALL_SEEDS_5_6_T4_SINGLEGPU_SINGLEZIP/json/ibm_aml_li_small__late_window_holdout__logistic_regression_edge_features__seed5.json;results/v26_imported/ibm_aml/li-small/V26_IBM_AML_LI_SMALL_SEEDS_5_6_T4_SINGLEGPU_SINGLEZIP/json/ibm_aml_li_small__late_window_holdout__logistic_regression_edge_features__seed6.json;results/v26_imported/ibm_aml/li-small/V26_IBM_AML_LI_SMALL_SEEDS_7_8_T4_SINGLEGPU_SINGLEZIP/json/ibm_aml_li_small__late_window_holdout__logistic_regression_edge_features__seed7.json;results/v26_imported/ibm_aml/li-small/V26_IBM_AML_LI_SMALL_SEEDS_7_8_T4_SINGLEGPU_SINGLEZIP/json/ibm_aml_li_small__late_window_holdout__logistic_regression_edge_features__seed8.json;results/v26_imported/ibm_aml/li-small/V26_IBM_AML_LI_SMALL_SEEDS_9_10_T4_SINGLEGPU_SINGLEZIP/json/ibm_aml_li_small__late_window_holdout__logistic_regression_edge_features__seed10.json;results/v26_imported/ibm_aml/li-small/V26_IBM_AML_LI_SMALL_SEEDS_9_10_T4_SINGLEGPU_SINGLEZIP/json/ibm_aml_li_small__late_window_holdout__logistic_regression_edge_features__seed9.json,available for every seed/cell,results/v26_imported/V26_IBM_AML_REVIEW_BUDGET_MANIFEST.json,variant=li-small|protocol=late_window_holdout|seed|configuration,single Tesla T4 environment; assigned cuda:0; actual backends=sklearn_cpu,PASS,results/v26_imported/V26_IBM_AML_VALIDATION_REPORT.json,PASS,results/v26_imported/V26_IMPORTED_EVIDENCE_LOCK.json,eligible within exact variant/protocol/configuration scope,results/v26_imported/V26_CLAIM_GATE_REPORT.json,main-paper eligible,"IBM AML-Data is synthetic. Threshold metrics use score >= 0.5. Compare GINE only on matched Small cells. The materialized node-history map is shared across protocols and is built from the first 60% of transactions; early-to-late therefore permits label-free covariates from 50-60%, which must be treated as part of its visibility contract."
V27::ibm_aml::hi-medium::early_to_late_transfer::edge_aware_graphsage_h64,IBM AML stronger graph study,IBM AML-Data,hi-medium,synthetic financial transactions generated by IBM AML-Data,transaction/edge,"transaction is_laundering in {0,1}; positive=laundering (1)",chronological 50% train / 20% validation / 30% test,account transaction network with original transaction edge features; 2077023 accounts; 31898238 transactions; 8 edge features,"classifier labels use the first 50%, while the shared label-free node-history map uses the first 60% (including covariates from the first half of this protocol's validation interval); test labels unavailable",early_to_late_transfer,edge-aware one-hop GraphSAGE-derived edge classifier h64,1-10,10,F1@0.5; precision@0.5; recall@0.5; balanced accuracy; AUROC; AUPRC; runtime; saved scores,canonical imported full10 evidence,results/v27_imported/imported_json/V27_hi-medium_edge_aware_graphsage_h64_seed10_early_to_late_transfer.json;results/v27_imported/imported_json/V27_hi-medium_edge_aware_graphsage_h64_seed1_early_to_late_transfer.json;results/v27_imported/imported_json/V27_hi-medium_edge_aware_graphsage_h64_seed2_early_to_late_transfer.json;results/v27_imported/imported_json/V27_hi-medium_edge_aware_graphsage_h64_seed3_early_to_late_transfer.json;results/v27_imported/imported_json/V27_hi-medium_edge_aware_graphsage_h64_seed4_early_to_late_transfer.json;results/v27_imported/imported_json/V27_hi-medium_edge_aware_graphsage_h64_seed5_early_to_late_transfer.json;results/v27_imported/imported_json/V27_hi-medium_edge_aware_graphsage_h64_seed6_early_to_late_transfer.json;results/v27_imported/imported_json/V27_hi-medium_edge_aware_graphsage_h64_seed7_early_to_late_transfer.json;results/v27_imported/imported_json/V27_hi-medium_edge_aware_graphsage_h64_seed8_early_to_late_transfer.json;results/v27_imported/imported_json/V27_hi-medium_edge_aware_graphsage_h64_seed9_early_to_late_transfer.json,available for every seed/cell,results/v27_imported/V27_PREDICTION_EXPORT_MANIFEST.csv,variant=hi-medium|protocol=early_to_late_transfer|seed|configuration,single Tesla T4 environment; assigned cuda:0; actual backends=cuda:0,PASS,results/v27_imported/V27_STRONGER_GRAPH_VALIDATION_REPORT.json,PASS,results/v27_imported/V27_STRONGER_GRAPH_EVIDENCE_LOCK.json,eligible within exact variant/protocol/configuration scope,results/v27_imported/V27_STRONGER_GRAPH_CLAIM_GATE_REPORT.json,main-paper eligible,"IBM AML-Data is synthetic. Threshold metrics use score >= 0.5. Compare GINE only on matched Small cells. The materialized node-history map is shared across protocols and is built from the first 60% of transactions; early-to-late therefore permits label-free covariates from 50-60%, which must be treated as part of its visibility contract."
V27::ibm_aml::hi-medium::late_window_holdout::edge_aware_graphsage_h64,IBM AML stronger graph study,IBM AML-Data,hi-medium,synthetic financial transactions generated by IBM AML-Data,transaction/edge,"transaction is_laundering in {0,1}; positive=laundering (1)",chronological 60% train / 20% validation / 20% test,account transaction network with original transaction edge features; 2077023 accounts; 31898238 transactions; 8 edge features,node history features use the first 60% of transactions (this protocol's training interval); test transaction labels unavailable,late_window_holdout,edge-aware one-hop GraphSAGE-derived edge classifier h64,1-10,10,F1@0.5; precision@0.5; recall@0.5; balanced accuracy; AUROC; AUPRC; runtime; saved scores,canonical imported full10 evidence,results/v27_imported/imported_json/V27_hi-medium_edge_aware_graphsage_h64_seed10_late_window_holdout.json;results/v27_imported/imported_json/V27_hi-medium_edge_aware_graphsage_h64_seed1_late_window_holdout.json;results/v27_imported/imported_json/V27_hi-medium_edge_aware_graphsage_h64_seed2_late_window_holdout.json;results/v27_imported/imported_json/V27_hi-medium_edge_aware_graphsage_h64_seed3_late_window_holdout.json;results/v27_imported/imported_json/V27_hi-medium_edge_aware_graphsage_h64_seed4_late_window_holdout.json;results/v27_imported/imported_json/V27_hi-medium_edge_aware_graphsage_h64_seed5_late_window_holdout.json;results/v27_imported/imported_json/V27_hi-medium_edge_aware_graphsage_h64_seed6_late_window_holdout.json;results/v27_imported/imported_json/V27_hi-medium_edge_aware_graphsage_h64_seed7_late_window_holdout.json;results/v27_imported/imported_json/V27_hi-medium_edge_aware_graphsage_h64_seed8_late_window_holdout.json;results/v27_imported/imported_json/V27_hi-medium_edge_aware_graphsage_h64_seed9_late_window_holdout.json,available for every seed/cell,results/v27_imported/V27_PREDICTION_EXPORT_MANIFEST.csv,variant=hi-medium|protocol=late_window_holdout|seed|configuration,single Tesla T4 environment; assigned cuda:0; actual backends=cuda:0,PASS,results/v27_imported/V27_STRONGER_GRAPH_VALIDATION_REPORT.json,PASS,results/v27_imported/V27_STRONGER_GRAPH_EVIDENCE_LOCK.json,eligible within exact variant/protocol/configuration scope,results/v27_imported/V27_STRONGER_GRAPH_CLAIM_GATE_REPORT.json,main-paper eligible,"IBM AML-Data is synthetic. Threshold metrics use score >= 0.5. Compare GINE only on matched Small cells. The materialized node-history map is shared across protocols and is built from the first 60% of transactions; early-to-late therefore permits label-free covariates from 50-60%, which must be treated as part of its visibility contract."
V27::ibm_aml::hi-small::early_to_late_transfer::edge_aware_graphsage_h64,IBM AML stronger graph study,IBM AML-Data,hi-small,synthetic financial transactions generated by IBM AML-Data,transaction/edge,"transaction is_laundering in {0,1}; positive=laundering (1)",chronological 50% train / 20% validation / 30% test,account transaction network with original transaction edge features; 515088 accounts; 5078345 transactions; 8 edge features,"classifier labels use the first 50%, while the shared label-free node-history map uses the first 60% (including covariates from the first half of this protocol's validation interval); test labels unavailable",early_to_late_transfer,edge-aware one-hop GraphSAGE-derived edge classifier h64,1-10,10,F1@0.5; precision@0.5; recall@0.5; balanced accuracy; AUROC; AUPRC; runtime; saved scores,canonical imported full10 evidence,results/v27_imported/imported_json/V27_hi-small_edge_aware_graphsage_h64_seed10_early_to_late_transfer.json;results/v27_imported/imported_json/V27_hi-small_edge_aware_graphsage_h64_seed1_early_to_late_transfer.json;results/v27_imported/imported_json/V27_hi-small_edge_aware_graphsage_h64_seed2_early_to_late_transfer.json;results/v27_imported/imported_json/V27_hi-small_edge_aware_graphsage_h64_seed3_early_to_late_transfer.json;results/v27_imported/imported_json/V27_hi-small_edge_aware_graphsage_h64_seed4_early_to_late_transfer.json;results/v27_imported/imported_json/V27_hi-small_edge_aware_graphsage_h64_seed5_early_to_late_transfer.json;results/v27_imported/imported_json/V27_hi-small_edge_aware_graphsage_h64_seed6_early_to_late_transfer.json;results/v27_imported/imported_json/V27_hi-small_edge_aware_graphsage_h64_seed7_early_to_late_transfer.json;results/v27_imported/imported_json/V27_hi-small_edge_aware_graphsage_h64_seed8_early_to_late_transfer.json;results/v27_imported/imported_json/V27_hi-small_edge_aware_graphsage_h64_seed9_early_to_late_transfer.json,available for every seed/cell,results/v27_imported/V27_PREDICTION_EXPORT_MANIFEST.csv,variant=hi-small|protocol=early_to_late_transfer|seed|configuration,single Tesla T4 environment; assigned cuda:0; actual backends=cuda:0,PASS,results/v27_imported/V27_STRONGER_GRAPH_VALIDATION_REPORT.json,PASS,results/v27_imported/V27_STRONGER_GRAPH_EVIDENCE_LOCK.json,eligible within exact variant/protocol/configuration scope,results/v27_imported/V27_STRONGER_GRAPH_CLAIM_GATE_REPORT.json,main-paper eligible,"IBM AML-Data is synthetic. Threshold metrics use score >= 0.5. Compare GINE only on matched Small cells. The materialized node-history map is shared across protocols and is built from the first 60% of transactions; early-to-late therefore permits label-free covariates from 50-60%, which must be treated as part of its visibility contract."
V27::ibm_aml::hi-small::late_window_holdout::edge_aware_graphsage_h64,IBM AML stronger graph study,IBM AML-Data,hi-small,synthetic financial transactions generated by IBM AML-Data,transaction/edge,"transaction is_laundering in {0,1}; positive=laundering (1)",chronological 60% train / 20% validation / 20% test,account transaction network with original transaction edge features; 515088 accounts; 5078345 transactions; 8 edge features,node history features use the first 60% of transactions (this protocol's training interval); test transaction labels unavailable,late_window_holdout,edge-aware one-hop GraphSAGE-derived edge classifier h64,1-10,10,F1@0.5; precision@0.5; recall@0.5; balanced accuracy; AUROC; AUPRC; runtime; saved scores,canonical imported full10 evidence,results/v27_imported/imported_json/V27_hi-small_edge_aware_graphsage_h64_seed10_late_window_holdout.json;results/v27_imported/imported_json/V27_hi-small_edge_aware_graphsage_h64_seed1_late_window_holdout.json;results/v27_imported/imported_json/V27_hi-small_edge_aware_graphsage_h64_seed2_late_window_holdout.json;results/v27_imported/imported_json/V27_hi-small_edge_aware_graphsage_h64_seed3_late_window_holdout.json;results/v27_imported/imported_json/V27_hi-small_edge_aware_graphsage_h64_seed4_late_window_holdout.json;results/v27_imported/imported_json/V27_hi-small_edge_aware_graphsage_h64_seed5_late_window_holdout.json;results/v27_imported/imported_json/V27_hi-small_edge_aware_graphsage_h64_seed6_late_window_holdout.json;results/v27_imported/imported_json/V27_hi-small_edge_aware_graphsage_h64_seed7_late_window_holdout.json;results/v27_imported/imported_json/V27_hi-small_edge_aware_graphsage_h64_seed8_late_window_holdout.json;results/v27_imported/imported_json/V27_hi-small_edge_aware_graphsage_h64_seed9_late_window_holdout.json,available for every seed/cell,results/v27_imported/V27_PREDICTION_EXPORT_MANIFEST.csv,variant=hi-small|protocol=late_window_holdout|seed|configuration,single Tesla T4 environment; assigned cuda:0; actual backends=cuda:0,PASS,results/v27_imported/V27_STRONGER_GRAPH_VALIDATION_REPORT.json,PASS,results/v27_imported/V27_STRONGER_GRAPH_EVIDENCE_LOCK.json,eligible within exact variant/protocol/configuration scope,results/v27_imported/V27_STRONGER_GRAPH_CLAIM_GATE_REPORT.json,main-paper eligible,"IBM AML-Data is synthetic. Threshold metrics use score >= 0.5. Compare GINE only on matched Small cells. The materialized node-history map is shared across protocols and is built from the first 60% of transactions; early-to-late therefore permits label-free covariates from 50-60%, which must be treated as part of its visibility contract."
V27::ibm_aml::li-medium::early_to_late_transfer::edge_aware_graphsage_h64,IBM AML stronger graph study,IBM AML-Data,li-medium,synthetic financial transactions generated by IBM AML-Data,transaction/edge,"transaction is_laundering in {0,1}; positive=laundering (1)",chronological 50% train / 20% validation / 30% test,account transaction network with original transaction edge features; 2032095 accounts; 31251483 transactions; 8 edge features,"classifier labels use the first 50%, while the shared label-free node-history map uses the first 60% (including covariates from the first half of this protocol's validation interval); test labels unavailable",early_to_late_transfer,edge-aware one-hop GraphSAGE-derived edge classifier h64,1-10,10,F1@0.5; precision@0.5; recall@0.5; balanced accuracy; AUROC; AUPRC; runtime; saved scores,canonical imported full10 evidence,results/v27_imported/imported_json/V27_li-medium_edge_aware_graphsage_h64_seed10_early_to_late_transfer.json;results/v27_imported/imported_json/V27_li-medium_edge_aware_graphsage_h64_seed1_early_to_late_transfer.json;results/v27_imported/imported_json/V27_li-medium_edge_aware_graphsage_h64_seed2_early_to_late_transfer.json;results/v27_imported/imported_json/V27_li-medium_edge_aware_graphsage_h64_seed3_early_to_late_transfer.json;results/v27_imported/imported_json/V27_li-medium_edge_aware_graphsage_h64_seed4_early_to_late_transfer.json;results/v27_imported/imported_json/V27_li-medium_edge_aware_graphsage_h64_seed5_early_to_late_transfer.json;results/v27_imported/imported_json/V27_li-medium_edge_aware_graphsage_h64_seed6_early_to_late_transfer.json;results/v27_imported/imported_json/V27_li-medium_edge_aware_graphsage_h64_seed7_early_to_late_transfer.json;results/v27_imported/imported_json/V27_li-medium_edge_aware_graphsage_h64_seed8_early_to_late_transfer.json;results/v27_imported/imported_json/V27_li-medium_edge_aware_graphsage_h64_seed9_early_to_late_transfer.json,available for every seed/cell,results/v27_imported/V27_PREDICTION_EXPORT_MANIFEST.csv,variant=li-medium|protocol=early_to_late_transfer|seed|configuration,single Tesla T4 environment; assigned cuda:0; actual backends=cuda:0,PASS,results/v27_imported/V27_STRONGER_GRAPH_VALIDATION_REPORT.json,PASS,results/v27_imported/V27_STRONGER_GRAPH_EVIDENCE_LOCK.json,eligible within exact variant/protocol/configuration scope,results/v27_imported/V27_STRONGER_GRAPH_CLAIM_GATE_REPORT.json,main-paper eligible,"IBM AML-Data is synthetic. Threshold metrics use score >= 0.5. Compare GINE only on matched Small cells. The materialized node-history map is shared across protocols and is built from the first 60% of transactions; early-to-late therefore permits label-free covariates from 50-60%, which must be treated as part of its visibility contract."
V27::ibm_aml::li-medium::late_window_holdout::edge_aware_graphsage_h64,IBM AML stronger graph study,IBM AML-Data,li-medium,synthetic financial transactions generated by IBM AML-Data,transaction/edge,"transaction is_laundering in {0,1}; positive=laundering (1)",chronological 60% train / 20% validation / 20% test,account transaction network with original transaction edge features; 2032095 accounts; 31251483 transactions; 8 edge features,node history features use the first 60% of transactions (this protocol's training interval); test transaction labels unavailable,late_window_holdout,edge-aware one-hop GraphSAGE-derived edge classifier h64,1-10,10,F1@0.5; precision@0.5; recall@0.5; balanced accuracy; AUROC; AUPRC; runtime; saved scores,canonical imported full10 evidence,results/v27_imported/imported_json/V27_li-medium_edge_aware_graphsage_h64_seed10_late_window_holdout.json;results/v27_imported/imported_json/V27_li-medium_edge_aware_graphsage_h64_seed1_late_window_holdout.json;results/v27_imported/imported_json/V27_li-medium_edge_aware_graphsage_h64_seed2_late_window_holdout.json;results/v27_imported/imported_json/V27_li-medium_edge_aware_graphsage_h64_seed3_late_window_holdout.json;results/v27_imported/imported_json/V27_li-medium_edge_aware_graphsage_h64_seed4_late_window_holdout.json;results/v27_imported/imported_json/V27_li-medium_edge_aware_graphsage_h64_seed5_late_window_holdout.json;results/v27_imported/imported_json/V27_li-medium_edge_aware_graphsage_h64_seed6_late_window_holdout.json;results/v27_imported/imported_json/V27_li-medium_edge_aware_graphsage_h64_seed7_late_window_holdout.json;results/v27_imported/imported_json/V27_li-medium_edge_aware_graphsage_h64_seed8_late_window_holdout.json;results/v27_imported/imported_json/V27_li-medium_edge_aware_graphsage_h64_seed9_late_window_holdout.json,available for every seed/cell,results/v27_imported/V27_PREDICTION_EXPORT_MANIFEST.csv,variant=li-medium|protocol=late_window_holdout|seed|configuration,single Tesla T4 environment; assigned cuda:0; actual backends=cuda:0,PASS,results/v27_imported/V27_STRONGER_GRAPH_VALIDATION_REPORT.json,PASS,results/v27_imported/V27_STRONGER_GRAPH_EVIDENCE_LOCK.json,eligible within exact variant/protocol/configuration scope,results/v27_imported/V27_STRONGER_GRAPH_CLAIM_GATE_REPORT.json,main-paper eligible,"IBM AML-Data is synthetic. Threshold metrics use score >= 0.5. Compare GINE only on matched Small cells. The materialized node-history map is shared across protocols and is built from the first 60% of transactions; early-to-late therefore permits label-free covariates from 50-60%, which must be treated as part of its visibility contract."
V27::ibm_aml::li-small::early_to_late_transfer::edge_aware_graphsage_h64,IBM AML stronger graph study,IBM AML-Data,li-small,synthetic financial transactions generated by IBM AML-Data,transaction/edge,"transaction is_laundering in {0,1}; positive=laundering (1)",chronological 50% train / 20% validation / 30% test,account transaction network with original transaction edge features; 705907 accounts; 6924049 transactions; 8 edge features,"classifier labels use the first 50%, while the shared label-free node-history map uses the first 60% (including covariates from the first half of this protocol's validation interval); test labels unavailable",early_to_late_transfer,edge-aware one-hop GraphSAGE-derived edge classifier h64,1-10,10,F1@0.5; precision@0.5; recall@0.5; balanced accuracy; AUROC; AUPRC; runtime; saved scores,canonical imported full10 evidence,results/v27_imported/imported_json/V27_li-small_edge_aware_graphsage_h64_seed10_early_to_late_transfer.json;results/v27_imported/imported_json/V27_li-small_edge_aware_graphsage_h64_seed1_early_to_late_transfer.json;results/v27_imported/imported_json/V27_li-small_edge_aware_graphsage_h64_seed2_early_to_late_transfer.json;results/v27_imported/imported_json/V27_li-small_edge_aware_graphsage_h64_seed3_early_to_late_transfer.json;results/v27_imported/imported_json/V27_li-small_edge_aware_graphsage_h64_seed4_early_to_late_transfer.json;results/v27_imported/imported_json/V27_li-small_edge_aware_graphsage_h64_seed5_early_to_late_transfer.json;results/v27_imported/imported_json/V27_li-small_edge_aware_graphsage_h64_seed6_early_to_late_transfer.json;results/v27_imported/imported_json/V27_li-small_edge_aware_graphsage_h64_seed7_early_to_late_transfer.json;results/v27_imported/imported_json/V27_li-small_edge_aware_graphsage_h64_seed8_early_to_late_transfer.json;results/v27_imported/imported_json/V27_li-small_edge_aware_graphsage_h64_seed9_early_to_late_transfer.json,available for every seed/cell,results/v27_imported/V27_PREDICTION_EXPORT_MANIFEST.csv,variant=li-small|protocol=early_to_late_transfer|seed|configuration,single Tesla T4 environment; assigned cuda:0; actual backends=cuda:0,PASS,results/v27_imported/V27_STRONGER_GRAPH_VALIDATION_REPORT.json,PASS,results/v27_imported/V27_STRONGER_GRAPH_EVIDENCE_LOCK.json,eligible within exact variant/protocol/configuration scope,results/v27_imported/V27_STRONGER_GRAPH_CLAIM_GATE_REPORT.json,main-paper eligible,"IBM AML-Data is synthetic. Threshold metrics use score >= 0.5. Compare GINE only on matched Small cells. The materialized node-history map is shared across protocols and is built from the first 60% of transactions; early-to-late therefore permits label-free covariates from 50-60%, which must be treated as part of its visibility contract."
V27::ibm_aml::li-small::late_window_holdout::edge_aware_graphsage_h64,IBM AML stronger graph study,IBM AML-Data,li-small,synthetic financial transactions generated by IBM AML-Data,transaction/edge,"transaction is_laundering in {0,1}; positive=laundering (1)",chronological 60% train / 20% validation / 20% test,account transaction network with original transaction edge features; 705907 accounts; 6924049 transactions; 8 edge features,node history features use the first 60% of transactions (this protocol's training interval); test transaction labels unavailable,late_window_holdout,edge-aware one-hop GraphSAGE-derived edge classifier h64,1-10,10,F1@0.5; precision@0.5; recall@0.5; balanced accuracy; AUROC; AUPRC; runtime; saved scores,canonical imported full10 evidence,results/v27_imported/imported_json/V27_li-small_edge_aware_graphsage_h64_seed10_late_window_holdout.json;results/v27_imported/imported_json/V27_li-small_edge_aware_graphsage_h64_seed1_late_window_holdout.json;results/v27_imported/imported_json/V27_li-small_edge_aware_graphsage_h64_seed2_late_window_holdout.json;results/v27_imported/imported_json/V27_li-small_edge_aware_graphsage_h64_seed3_late_window_holdout.json;results/v27_imported/imported_json/V27_li-small_edge_aware_graphsage_h64_seed4_late_window_holdout.json;results/v27_imported/imported_json/V27_li-small_edge_aware_graphsage_h64_seed5_late_window_holdout.json;results/v27_imported/imported_json/V27_li-small_edge_aware_graphsage_h64_seed6_late_window_holdout.json;results/v27_imported/imported_json/V27_li-small_edge_aware_graphsage_h64_seed7_late_window_holdout.json;results/v27_imported/imported_json/V27_li-small_edge_aware_graphsage_h64_seed8_late_window_holdout.json;results/v27_imported/imported_json/V27_li-small_edge_aware_graphsage_h64_seed9_late_window_holdout.json,available for every seed/cell,results/v27_imported/V27_PREDICTION_EXPORT_MANIFEST.csv,variant=li-small|protocol=late_window_holdout|seed|configuration,single Tesla T4 environment; assigned cuda:0; actual backends=cuda:0,PASS,results/v27_imported/V27_STRONGER_GRAPH_VALIDATION_REPORT.json,PASS,results/v27_imported/V27_STRONGER_GRAPH_EVIDENCE_LOCK.json,eligible within exact variant/protocol/configuration scope,results/v27_imported/V27_STRONGER_GRAPH_CLAIM_GATE_REPORT.json,main-paper eligible,"IBM AML-Data is synthetic. Threshold metrics use score >= 0.5. Compare GINE only on matched Small cells. The materialized node-history map is shared across protocols and is built from the first 60% of transactions; early-to-late therefore permits label-free covariates from 50-60%, which must be treated as part of its visibility contract."
V28::ibm_aml::hi-medium::early_to_late_transfer::account_account_sender_receiver,IBM AML construction/feature ablation,IBM AML-Data,hi-medium,synthetic financial transactions generated by IBM AML-Data,transaction/edge,"transaction is_laundering in {0,1}; positive=laundering (1)",chronological 50% train / 20% validation / 30% test,sender-to-receiver account projection of transaction edges; 2077023 accounts; 31898238 transactions; 8 edge features,"classifier labels use the first 50%, while the shared label-free node-history map uses the first 60% (including covariates from the first half of this protocol's validation interval); test labels unavailable",early_to_late_transfer,"edge-aware GraphSAGE h64, sender-receiver construction",1-10,10,F1@0.5; precision@0.5; recall@0.5; balanced accuracy; AUROC; AUPRC; runtime; saved scores,canonical imported full10 evidence,results/v28_imported/imported_json/V28_hi-medium_account_account_sender_receiver_seed10_early_to_late_transfer.json;results/v28_imported/imported_json/V28_hi-medium_account_account_sender_receiver_seed1_early_to_late_transfer.json;results/v28_imported/imported_json/V28_hi-medium_account_account_sender_receiver_seed2_early_to_late_transfer.json;results/v28_imported/imported_json/V28_hi-medium_account_account_sender_receiver_seed3_early_to_late_transfer.json;results/v28_imported/imported_json/V28_hi-medium_account_account_sender_receiver_seed4_early_to_late_transfer.json;results/v28_imported/imported_json/V28_hi-medium_account_account_sender_receiver_seed5_early_to_late_transfer.json;results/v28_imported/imported_json/V28_hi-medium_account_account_sender_receiver_seed6_early_to_late_transfer.json;results/v28_imported/imported_json/V28_hi-medium_account_account_sender_receiver_seed7_early_to_late_transfer.json;results/v28_imported/imported_json/V28_hi-medium_account_account_sender_receiver_seed8_early_to_late_transfer.json;results/v28_imported/imported_json/V28_hi-medium_account_account_sender_receiver_seed9_early_to_late_transfer.json,available for every seed/cell,results/v28_imported/V28_PREDICTION_EXPORT_MANIFEST.csv,variant=hi-medium|protocol=early_to_late_transfer|seed|configuration,single Tesla T4 environment; assigned cuda:0; actual backends=cuda:0,PASS,results/v28_imported/V28_ALL_RUNS_VALIDATION_REPORT.json,PASS_WITH_RESOURCE_BLOCKED_MEDIUM_GINE,results/v28_imported/V28_ALL_RUNS_EVIDENCE_LOCK.json,eligible within exact variant/protocol/configuration scope,results/v28_imported/V28_ALL_RUNS_CLAIM_GATE_REPORT.json,main-paper eligible,"IBM AML-Data is synthetic. Threshold metrics use score >= 0.5. Compare GINE only on matched Small cells. The materialized node-history map is shared across protocols and is built from the first 60% of transactions; early-to-late therefore permits label-free covariates from 50-60%, which must be treated as part of its visibility contract."
V28::ibm_aml::hi-medium::early_to_late_transfer::degree_capped_bipartite,IBM AML construction/feature ablation,IBM AML-Data,hi-medium,synthetic financial transactions generated by IBM AML-Data,transaction/edge,"transaction is_laundering in {0,1}; positive=laundering (1)",chronological 50% train / 20% validation / 30% test,training structure degree-capped at q=0.995; 2077023 accounts; 31898238 transactions; 8 edge features,"classifier labels use the first 50%, while the shared label-free node-history map uses the first 60% (including covariates from the first half of this protocol's validation interval); test labels unavailable",early_to_late_transfer,"edge-aware GraphSAGE h64, DegreeCap",1-10,10,F1@0.5; precision@0.5; recall@0.5; balanced accuracy; AUROC; AUPRC; runtime; saved scores,canonical imported full10 evidence,results/v28_imported/imported_json/V28_hi-medium_degree_capped_bipartite_seed10_early_to_late_transfer.json;results/v28_imported/imported_json/V28_hi-medium_degree_capped_bipartite_seed1_early_to_late_transfer.json;results/v28_imported/imported_json/V28_hi-medium_degree_capped_bipartite_seed2_early_to_late_transfer.json;results/v28_imported/imported_json/V28_hi-medium_degree_capped_bipartite_seed3_early_to_late_transfer.json;results/v28_imported/imported_json/V28_hi-medium_degree_capped_bipartite_seed4_early_to_late_transfer.json;results/v28_imported/imported_json/V28_hi-medium_degree_capped_bipartite_seed5_early_to_late_transfer.json;results/v28_imported/imported_json/V28_hi-medium_degree_capped_bipartite_seed6_early_to_late_transfer.json;results/v28_imported/imported_json/V28_hi-medium_degree_capped_bipartite_seed7_early_to_late_transfer.json;results/v28_imported/imported_json/V28_hi-medium_degree_capped_bipartite_seed8_early_to_late_transfer.json;results/v28_imported/imported_json/V28_hi-medium_degree_capped_bipartite_seed9_early_to_late_transfer.json,available for every seed/cell,results/v28_imported/V28_PREDICTION_EXPORT_MANIFEST.csv,variant=hi-medium|protocol=early_to_late_transfer|seed|configuration,single Tesla T4 environment; assigned cuda:0; actual backends=cuda:0,PASS,results/v28_imported/V28_ALL_RUNS_VALIDATION_REPORT.json,PASS_WITH_RESOURCE_BLOCKED_MEDIUM_GINE,results/v28_imported/V28_ALL_RUNS_EVIDENCE_LOCK.json,eligible within exact variant/protocol/configuration scope,results/v28_imported/V28_ALL_RUNS_CLAIM_GATE_REPORT.json,main-paper eligible,"IBM AML-Data is synthetic. Threshold metrics use score >= 0.5. Compare GINE only on matched Small cells. The materialized node-history map is shared across protocols and is built from the first 60% of transactions; early-to-late therefore permits label-free covariates from 50-60%, which must be treated as part of its visibility contract."
V28::ibm_aml::hi-medium::early_to_late_transfer::edge_aware_graphsage_h64_degree_only,IBM AML construction/feature ablation,IBM AML-Data,hi-medium,synthetic financial transactions generated by IBM AML-Data,transaction/edge,"transaction is_laundering in {0,1}; positive=laundering (1)",chronological 50% train / 20% validation / 30% test,original graph; edge attributes replaced by endpoint-degree features; 2077023 accounts; 31898238 transactions; 4 edge features,"classifier labels use the first 50%, while the shared label-free node-history map uses the first 60% (including covariates from the first half of this protocol's validation interval); test labels unavailable",early_to_late_transfer,"edge-aware GraphSAGE h64, DegreeOnly",1-10,10,F1@0.5; precision@0.5; recall@0.5; balanced accuracy; AUROC; AUPRC; runtime; saved scores,canonical imported full10 evidence,results/v28_imported/imported_json/V28_hi-medium_degree_only_seed10_early_to_late_transfer.json;results/v28_imported/imported_json/V28_hi-medium_degree_only_seed1_early_to_late_transfer.json;results/v28_imported/imported_json/V28_hi-medium_degree_only_seed2_early_to_late_transfer.json;results/v28_imported/imported_json/V28_hi-medium_degree_only_seed3_early_to_late_transfer.json;results/v28_imported/imported_json/V28_hi-medium_degree_only_seed4_early_to_late_transfer.json;results/v28_imported/imported_json/V28_hi-medium_degree_only_seed5_early_to_late_transfer.json;results/v28_imported/imported_json/V28_hi-medium_degree_only_seed6_early_to_late_transfer.json;results/v28_imported/imported_json/V28_hi-medium_degree_only_seed7_early_to_late_transfer.json;results/v28_imported/imported_json/V28_hi-medium_degree_only_seed8_early_to_late_transfer.json;results/v28_imported/imported_json/V28_hi-medium_degree_only_seed9_early_to_late_transfer.json,available for every seed/cell,results/v28_imported/V28_PREDICTION_EXPORT_MANIFEST.csv,variant=hi-medium|protocol=early_to_late_transfer|seed|configuration,single Tesla T4 environment; assigned cuda:0; actual backends=cuda:0,PASS,results/v28_imported/V28_ALL_RUNS_VALIDATION_REPORT.json,PASS_WITH_RESOURCE_BLOCKED_MEDIUM_GINE,results/v28_imported/V28_ALL_RUNS_EVIDENCE_LOCK.json,eligible within exact variant/protocol/configuration scope,results/v28_imported/V28_ALL_RUNS_CLAIM_GATE_REPORT.json,main-paper eligible,"IBM AML-Data is synthetic. Threshold metrics use score >= 0.5. Compare GINE only on matched Small cells. The materialized node-history map is shared across protocols and is built from the first 60% of transactions; early-to-late therefore permits label-free covariates from 50-60%, which must be treated as part of its visibility contract."
V28::ibm_aml::hi-medium::early_to_late_transfer::edge_aware_graphsage_h64_no_edge_features,IBM AML construction/feature ablation,IBM AML-Data,hi-medium,synthetic financial transactions generated by IBM AML-Data,transaction/edge,"transaction is_laundering in {0,1}; positive=laundering (1)",chronological 50% train / 20% validation / 30% test,original graph structure; zeroed transaction features; 2077023 accounts; 31898238 transactions; 8 edge features,"classifier labels use the first 50%, while the shared label-free node-history map uses the first 60% (including covariates from the first half of this protocol's validation interval); test labels unavailable",early_to_late_transfer,"edge-aware GraphSAGE h64, NoEdge",1-10,10,F1@0.5; precision@0.5; recall@0.5; balanced accuracy; AUROC; AUPRC; runtime; saved scores,canonical imported full10 evidence,results/v28_imported/imported_json/V28_hi-medium_no_edge_features_seed10_early_to_late_transfer.json;results/v28_imported/imported_json/V28_hi-medium_no_edge_features_seed1_early_to_late_transfer.json;results/v28_imported/imported_json/V28_hi-medium_no_edge_features_seed2_early_to_late_transfer.json;results/v28_imported/imported_json/V28_hi-medium_no_edge_features_seed3_early_to_late_transfer.json;results/v28_imported/imported_json/V28_hi-medium_no_edge_features_seed4_early_to_late_transfer.json;results/v28_imported/imported_json/V28_hi-medium_no_edge_features_seed5_early_to_late_transfer.json;results/v28_imported/imported_json/V28_hi-medium_no_edge_features_seed6_early_to_late_transfer.json;results/v28_imported/imported_json/V28_hi-medium_no_edge_features_seed7_early_to_late_transfer.json;results/v28_imported/imported_json/V28_hi-medium_no_edge_features_seed8_early_to_late_transfer.json;results/v28_imported/imported_json/V28_hi-medium_no_edge_features_seed9_early_to_late_transfer.json,available for every seed/cell,results/v28_imported/V28_PREDICTION_EXPORT_MANIFEST.csv,variant=hi-medium|protocol=early_to_late_transfer|seed|configuration,single Tesla T4 environment; assigned cuda:0; actual backends=cuda:0,PASS,results/v28_imported/V28_ALL_RUNS_VALIDATION_REPORT.json,PASS_WITH_RESOURCE_BLOCKED_MEDIUM_GINE,results/v28_imported/V28_ALL_RUNS_EVIDENCE_LOCK.json,eligible within exact variant/protocol/configuration scope,results/v28_imported/V28_ALL_RUNS_CLAIM_GATE_REPORT.json,main-paper eligible,"IBM AML-Data is synthetic. Threshold metrics use score >= 0.5. Compare GINE only on matched Small cells. The materialized node-history map is shared across protocols and is built from the first 60% of transactions; early-to-late therefore permits label-free covariates from 50-60%, which must be treated as part of its visibility contract."
V28::ibm_aml::hi-medium::early_to_late_transfer::edge_aware_graphsage_h64_shuffled_edge_features,IBM AML construction/feature ablation,IBM AML-Data,hi-medium,synthetic financial transactions generated by IBM AML-Data,transaction/edge,"transaction is_laundering in {0,1}; positive=laundering (1)",chronological 50% train / 20% validation / 30% test,original graph; edge features shuffled within temporal masks; 2077023 accounts; 31898238 transactions; 8 edge features,"classifier labels use the first 50%, while the shared label-free node-history map uses the first 60% (including covariates from the first half of this protocol's validation interval); test labels unavailable",early_to_late_transfer,"edge-aware GraphSAGE h64, ShuffledEdge",1-10,10,F1@0.5; precision@0.5; recall@0.5; balanced accuracy; AUROC; AUPRC; runtime; saved scores,canonical imported full10 evidence,results/v28_imported/imported_json/V28_hi-medium_shuffled_edge_features_seed10_early_to_late_transfer.json;results/v28_imported/imported_json/V28_hi-medium_shuffled_edge_features_seed1_early_to_late_transfer.json;results/v28_imported/imported_json/V28_hi-medium_shuffled_edge_features_seed2_early_to_late_transfer.json;results/v28_imported/imported_json/V28_hi-medium_shuffled_edge_features_seed3_early_to_late_transfer.json;results/v28_imported/imported_json/V28_hi-medium_shuffled_edge_features_seed4_early_to_late_transfer.json;results/v28_imported/imported_json/V28_hi-medium_shuffled_edge_features_seed5_early_to_late_transfer.json;results/v28_imported/imported_json/V28_hi-medium_shuffled_edge_features_seed6_early_to_late_transfer.json;results/v28_imported/imported_json/V28_hi-medium_shuffled_edge_features_seed7_early_to_late_transfer.json;results/v28_imported/imported_json/V28_hi-medium_shuffled_edge_features_seed8_early_to_late_transfer.json;results/v28_imported/imported_json/V28_hi-medium_shuffled_edge_features_seed9_early_to_late_transfer.json,available for every seed/cell,results/v28_imported/V28_PREDICTION_EXPORT_MANIFEST.csv,variant=hi-medium|protocol=early_to_late_transfer|seed|configuration,single Tesla T4 environment; assigned cuda:0; actual backends=cuda:0,PASS,results/v28_imported/V28_ALL_RUNS_VALIDATION_REPORT.json,PASS_WITH_RESOURCE_BLOCKED_MEDIUM_GINE,results/v28_imported/V28_ALL_RUNS_EVIDENCE_LOCK.json,eligible within exact variant/protocol/configuration scope,results/v28_imported/V28_ALL_RUNS_CLAIM_GATE_REPORT.json,main-paper eligible,"IBM AML-Data is synthetic. Threshold metrics use score >= 0.5. Compare GINE only on matched Small cells. The materialized node-history map is shared across protocols and is built from the first 60% of transactions; early-to-late therefore permits label-free covariates from 50-60%, which must be treated as part of its visibility contract."
V28::ibm_aml::hi-medium::early_to_late_transfer::recent_window_only_graph,IBM AML construction/feature ablation,IBM AML-Data,hi-medium,synthetic financial transactions generated by IBM AML-Data,transaction/edge,"transaction is_laundering in {0,1}; positive=laundering (1)",chronological 50% train / 20% validation / 30% test,most recent 50% of training edges form message-passing structure; 2077023 accounts; 31898238 transactions; 8 edge features,"classifier labels use the first 50%, while the shared label-free node-history map uses the first 60% (including covariates from the first half of this protocol's validation interval); test labels unavailable",early_to_late_transfer,"edge-aware GraphSAGE h64, RecentWindow",1-10,10,F1@0.5; precision@0.5; recall@0.5; balanced accuracy; AUROC; AUPRC; runtime; saved scores,canonical imported full10 evidence,results/v28_imported/imported_json/V28_hi-medium_recent_window_only_graph_seed10_early_to_late_transfer.json;results/v28_imported/imported_json/V28_hi-medium_recent_window_only_graph_seed1_early_to_late_transfer.json;results/v28_imported/imported_json/V28_hi-medium_recent_window_only_graph_seed2_early_to_late_transfer.json;results/v28_imported/imported_json/V28_hi-medium_recent_window_only_graph_seed3_early_to_late_transfer.json;results/v28_imported/imported_json/V28_hi-medium_recent_window_only_graph_seed4_early_to_late_transfer.json;results/v28_imported/imported_json/V28_hi-medium_recent_window_only_graph_seed5_early_to_late_transfer.json;results/v28_imported/imported_json/V28_hi-medium_recent_window_only_graph_seed6_early_to_late_transfer.json;results/v28_imported/imported_json/V28_hi-medium_recent_window_only_graph_seed7_early_to_late_transfer.json;results/v28_imported/imported_json/V28_hi-medium_recent_window_only_graph_seed8_early_to_late_transfer.json;results/v28_imported/imported_json/V28_hi-medium_recent_window_only_graph_seed9_early_to_late_transfer.json,available for every seed/cell,results/v28_imported/V28_PREDICTION_EXPORT_MANIFEST.csv,variant=hi-medium|protocol=early_to_late_transfer|seed|configuration,single Tesla T4 environment; assigned cuda:0; actual backends=cuda:0,PASS,results/v28_imported/V28_ALL_RUNS_VALIDATION_REPORT.json,PASS_WITH_RESOURCE_BLOCKED_MEDIUM_GINE,results/v28_imported/V28_ALL_RUNS_EVIDENCE_LOCK.json,eligible within exact variant/protocol/configuration scope,results/v28_imported/V28_ALL_RUNS_CLAIM_GATE_REPORT.json,main-paper eligible,"IBM AML-Data is synthetic. Threshold metrics use score >= 0.5. Compare GINE only on matched Small cells. The materialized node-history map is shared across protocols and is built from the first 60% of transactions; early-to-late therefore permits label-free covariates from 50-60%, which must be treated as part of its visibility contract."
V28::ibm_aml::hi-medium::gine_light_h64::BLOCKED,IBM AML construction/feature ablation,IBM AML-Data,hi-medium,synthetic financial transactions generated by IBM AML-Data,transaction/edge,"transaction is_laundering in {0,1}; positive=laundering (1)",both planned protocols; no result instantiated,account transaction network with original edge features,not measured,late-window holdout and early-to-late transfer planned,one-layer GINE edge classifier h64,none,0,none,resource status only,results/v28_imported/V28_ALL_RUNS_EVIDENCE_LOCK.json,absent,none,none,single Tesla T4 (~14.56 GiB available); CUDA OOM requesting ~4.56 GiB,RESOURCE_BLOCKED_T4_CUDA_OOM,results/v28_imported/V28_ALL_RUNS_VALIDATION_REPORT.json,RESOURCE_BLOCKED_T4_CUDA_OOM,results/v28_imported/V28_ALL_RUNS_EVIDENCE_LOCK.json,resource-blocked; no Medium GINE performance claim,results/v28_imported/V28_ALL_RUNS_CLAIM_GATE_REPORT.json,resource-blocked,Twenty planned outputs per variant (10 seeds x 2 protocols) have zero result and prediction files.
V28::ibm_aml::hi-medium::late_window_holdout::account_account_sender_receiver,IBM AML construction/feature ablation,IBM AML-Data,hi-medium,synthetic financial transactions generated by IBM AML-Data,transaction/edge,"transaction is_laundering in {0,1}; positive=laundering (1)",chronological 60% train / 20% validation / 20% test,sender-to-receiver account projection of transaction edges; 2077023 accounts; 31898238 transactions; 8 edge features,node history features use the first 60% of transactions (this protocol's training interval); test transaction labels unavailable,late_window_holdout,"edge-aware GraphSAGE h64, sender-receiver construction",1-10,10,F1@0.5; precision@0.5; recall@0.5; balanced accuracy; AUROC; AUPRC; runtime; saved scores,canonical imported full10 evidence,results/v28_imported/imported_json/V28_hi-medium_account_account_sender_receiver_seed10_late_window_holdout.json;results/v28_imported/imported_json/V28_hi-medium_account_account_sender_receiver_seed1_late_window_holdout.json;results/v28_imported/imported_json/V28_hi-medium_account_account_sender_receiver_seed2_late_window_holdout.json;results/v28_imported/imported_json/V28_hi-medium_account_account_sender_receiver_seed3_late_window_holdout.json;results/v28_imported/imported_json/V28_hi-medium_account_account_sender_receiver_seed4_late_window_holdout.json;results/v28_imported/imported_json/V28_hi-medium_account_account_sender_receiver_seed5_late_window_holdout.json;results/v28_imported/imported_json/V28_hi-medium_account_account_sender_receiver_seed6_late_window_holdout.json;results/v28_imported/imported_json/V28_hi-medium_account_account_sender_receiver_seed7_late_window_holdout.json;results/v28_imported/imported_json/V28_hi-medium_account_account_sender_receiver_seed8_late_window_holdout.json;results/v28_imported/imported_json/V28_hi-medium_account_account_sender_receiver_seed9_late_window_holdout.json,available for every seed/cell,results/v28_imported/V28_PREDICTION_EXPORT_MANIFEST.csv,variant=hi-medium|protocol=late_window_holdout|seed|configuration,single Tesla T4 environment; assigned cuda:0; actual backends=cuda:0,PASS,results/v28_imported/V28_ALL_RUNS_VALIDATION_REPORT.json,PASS_WITH_RESOURCE_BLOCKED_MEDIUM_GINE,results/v28_imported/V28_ALL_RUNS_EVIDENCE_LOCK.json,eligible within exact variant/protocol/configuration scope,results/v28_imported/V28_ALL_RUNS_CLAIM_GATE_REPORT.json,main-paper eligible,"IBM AML-Data is synthetic. Threshold metrics use score >= 0.5. Compare GINE only on matched Small cells. The materialized node-history map is shared across protocols and is built from the first 60% of transactions; early-to-late therefore permits label-free covariates from 50-60%, which must be treated as part of its visibility contract."
V28::ibm_aml::hi-medium::late_window_holdout::degree_capped_bipartite,IBM AML construction/feature ablation,IBM AML-Data,hi-medium,synthetic financial transactions generated by IBM AML-Data,transaction/edge,"transaction is_laundering in {0,1}; positive=laundering (1)",chronological 60% train / 20% validation / 20% test,training structure degree-capped at q=0.995; 2077023 accounts; 31898238 transactions; 8 edge features,node history features use the first 60% of transactions (this protocol's training interval); test transaction labels unavailable,late_window_holdout,"edge-aware GraphSAGE h64, DegreeCap",1-10,10,F1@0.5; precision@0.5; recall@0.5; balanced accuracy; AUROC; AUPRC; runtime; saved scores,canonical imported full10 evidence,results/v28_imported/imported_json/V28_hi-medium_degree_capped_bipartite_seed10_late_window_holdout.json;results/v28_imported/imported_json/V28_hi-medium_degree_capped_bipartite_seed1_late_window_holdout.json;results/v28_imported/imported_json/V28_hi-medium_degree_capped_bipartite_seed2_late_window_holdout.json;results/v28_imported/imported_json/V28_hi-medium_degree_capped_bipartite_seed3_late_window_holdout.json;results/v28_imported/imported_json/V28_hi-medium_degree_capped_bipartite_seed4_late_window_holdout.json;results/v28_imported/imported_json/V28_hi-medium_degree_capped_bipartite_seed5_late_window_holdout.json;results/v28_imported/imported_json/V28_hi-medium_degree_capped_bipartite_seed6_late_window_holdout.json;results/v28_imported/imported_json/V28_hi-medium_degree_capped_bipartite_seed7_late_window_holdout.json;results/v28_imported/imported_json/V28_hi-medium_degree_capped_bipartite_seed8_late_window_holdout.json;results/v28_imported/imported_json/V28_hi-medium_degree_capped_bipartite_seed9_late_window_holdout.json,available for every seed/cell,results/v28_imported/V28_PREDICTION_EXPORT_MANIFEST.csv,variant=hi-medium|protocol=late_window_holdout|seed|configuration,single Tesla T4 environment; assigned cuda:0; actual backends=cuda:0,PASS,results/v28_imported/V28_ALL_RUNS_VALIDATION_REPORT.json,PASS_WITH_RESOURCE_BLOCKED_MEDIUM_GINE,results/v28_imported/V28_ALL_RUNS_EVIDENCE_LOCK.json,eligible within exact variant/protocol/configuration scope,results/v28_imported/V28_ALL_RUNS_CLAIM_GATE_REPORT.json,main-paper eligible,"IBM AML-Data is synthetic. Threshold metrics use score >= 0.5. Compare GINE only on matched Small cells. The materialized node-history map is shared across protocols and is built from the first 60% of transactions; early-to-late therefore permits label-free covariates from 50-60%, which must be treated as part of its visibility contract."
V28::ibm_aml::hi-medium::late_window_holdout::edge_aware_graphsage_h64_degree_only,IBM AML construction/feature ablation,IBM AML-Data,hi-medium,synthetic financial transactions generated by IBM AML-Data,transaction/edge,"transaction is_laundering in {0,1}; positive=laundering (1)",chronological 60% train / 20% validation / 20% test,original graph; edge attributes replaced by endpoint-degree features; 2077023 accounts; 31898238 transactions; 4 edge features,node history features use the first 60% of transactions (this protocol's training interval); test transaction labels unavailable,late_window_holdout,"edge-aware GraphSAGE h64, DegreeOnly",1-10,10,F1@0.5; precision@0.5; recall@0.5; balanced accuracy; AUROC; AUPRC; runtime; saved scores,canonical imported full10 evidence,results/v28_imported/imported_json/V28_hi-medium_degree_only_seed10_late_window_holdout.json;results/v28_imported/imported_json/V28_hi-medium_degree_only_seed1_late_window_holdout.json;results/v28_imported/imported_json/V28_hi-medium_degree_only_seed2_late_window_holdout.json;results/v28_imported/imported_json/V28_hi-medium_degree_only_seed3_late_window_holdout.json;results/v28_imported/imported_json/V28_hi-medium_degree_only_seed4_late_window_holdout.json;results/v28_imported/imported_json/V28_hi-medium_degree_only_seed5_late_window_holdout.json;results/v28_imported/imported_json/V28_hi-medium_degree_only_seed6_late_window_holdout.json;results/v28_imported/imported_json/V28_hi-medium_degree_only_seed7_late_window_holdout.json;results/v28_imported/imported_json/V28_hi-medium_degree_only_seed8_late_window_holdout.json;results/v28_imported/imported_json/V28_hi-medium_degree_only_seed9_late_window_holdout.json,available for every seed/cell,results/v28_imported/V28_PREDICTION_EXPORT_MANIFEST.csv,variant=hi-medium|protocol=late_window_holdout|seed|configuration,single Tesla T4 environment; assigned cuda:0; actual backends=cuda:0,PASS,results/v28_imported/V28_ALL_RUNS_VALIDATION_REPORT.json,PASS_WITH_RESOURCE_BLOCKED_MEDIUM_GINE,results/v28_imported/V28_ALL_RUNS_EVIDENCE_LOCK.json,eligible within exact variant/protocol/configuration scope,results/v28_imported/V28_ALL_RUNS_CLAIM_GATE_REPORT.json,main-paper eligible,"IBM AML-Data is synthetic. Threshold metrics use score >= 0.5. Compare GINE only on matched Small cells. The materialized node-history map is shared across protocols and is built from the first 60% of transactions; early-to-late therefore permits label-free covariates from 50-60%, which must be treated as part of its visibility contract."
V28::ibm_aml::hi-medium::late_window_holdout::edge_aware_graphsage_h64_no_edge_features,IBM AML construction/feature ablation,IBM AML-Data,hi-medium,synthetic financial transactions generated by IBM AML-Data,transaction/edge,"transaction is_laundering in {0,1}; positive=laundering (1)",chronological 60% train / 20% validation / 20% test,original graph structure; zeroed transaction features; 2077023 accounts; 31898238 transactions; 8 edge features,node history features use the first 60% of transactions (this protocol's training interval); test transaction labels unavailable,late_window_holdout,"edge-aware GraphSAGE h64, NoEdge",1-10,10,F1@0.5; precision@0.5; recall@0.5; balanced accuracy; AUROC; AUPRC; runtime; saved scores,canonical imported full10 evidence,results/v28_imported/imported_json/V28_hi-medium_no_edge_features_seed10_late_window_holdout.json;results/v28_imported/imported_json/V28_hi-medium_no_edge_features_seed1_late_window_holdout.json;results/v28_imported/imported_json/V28_hi-medium_no_edge_features_seed2_late_window_holdout.json;results/v28_imported/imported_json/V28_hi-medium_no_edge_features_seed3_late_window_holdout.json;results/v28_imported/imported_json/V28_hi-medium_no_edge_features_seed4_late_window_holdout.json;results/v28_imported/imported_json/V28_hi-medium_no_edge_features_seed5_late_window_holdout.json;results/v28_imported/imported_json/V28_hi-medium_no_edge_features_seed6_late_window_holdout.json;results/v28_imported/imported_json/V28_hi-medium_no_edge_features_seed7_late_window_holdout.json;results/v28_imported/imported_json/V28_hi-medium_no_edge_features_seed8_late_window_holdout.json;results/v28_imported/imported_json/V28_hi-medium_no_edge_features_seed9_late_window_holdout.json,available for every seed/cell,results/v28_imported/V28_PREDICTION_EXPORT_MANIFEST.csv,variant=hi-medium|protocol=late_window_holdout|seed|configuration,single Tesla T4 environment; assigned cuda:0; actual backends=cuda:0,PASS,results/v28_imported/V28_ALL_RUNS_VALIDATION_REPORT.json,PASS_WITH_RESOURCE_BLOCKED_MEDIUM_GINE,results/v28_imported/V28_ALL_RUNS_EVIDENCE_LOCK.json,eligible within exact variant/protocol/configuration scope,results/v28_imported/V28_ALL_RUNS_CLAIM_GATE_REPORT.json,main-paper eligible,"IBM AML-Data is synthetic. Threshold metrics use score >= 0.5. Compare GINE only on matched Small cells. The materialized node-history map is shared across protocols and is built from the first 60% of transactions; early-to-late therefore permits label-free covariates from 50-60%, which must be treated as part of its visibility contract."
V28::ibm_aml::hi-medium::late_window_holdout::edge_aware_graphsage_h64_shuffled_edge_features,IBM AML construction/feature ablation,IBM AML-Data,hi-medium,synthetic financial transactions generated by IBM AML-Data,transaction/edge,"transaction is_laundering in {0,1}; positive=laundering (1)",chronological 60% train / 20% validation / 20% test,original graph; edge features shuffled within temporal masks; 2077023 accounts; 31898238 transactions; 8 edge features,node history features use the first 60% of transactions (this protocol's training interval); test transaction labels unavailable,late_window_holdout,"edge-aware GraphSAGE h64, ShuffledEdge",1-10,10,F1@0.5; precision@0.5; recall@0.5; balanced accuracy; AUROC; AUPRC; runtime; saved scores,canonical imported full10 evidence,results/v28_imported/imported_json/V28_hi-medium_shuffled_edge_features_seed10_late_window_holdout.json;results/v28_imported/imported_json/V28_hi-medium_shuffled_edge_features_seed1_late_window_holdout.json;results/v28_imported/imported_json/V28_hi-medium_shuffled_edge_features_seed2_late_window_holdout.json;results/v28_imported/imported_json/V28_hi-medium_shuffled_edge_features_seed3_late_window_holdout.json;results/v28_imported/imported_json/V28_hi-medium_shuffled_edge_features_seed4_late_window_holdout.json;results/v28_imported/imported_json/V28_hi-medium_shuffled_edge_features_seed5_late_window_holdout.json;results/v28_imported/imported_json/V28_hi-medium_shuffled_edge_features_seed6_late_window_holdout.json;results/v28_imported/imported_json/V28_hi-medium_shuffled_edge_features_seed7_late_window_holdout.json;results/v28_imported/imported_json/V28_hi-medium_shuffled_edge_features_seed8_late_window_holdout.json;results/v28_imported/imported_json/V28_hi-medium_shuffled_edge_features_seed9_late_window_holdout.json,available for every seed/cell,results/v28_imported/V28_PREDICTION_EXPORT_MANIFEST.csv,variant=hi-medium|protocol=late_window_holdout|seed|configuration,single Tesla T4 environment; assigned cuda:0; actual backends=cuda:0,PASS,results/v28_imported/V28_ALL_RUNS_VALIDATION_REPORT.json,PASS_WITH_RESOURCE_BLOCKED_MEDIUM_GINE,results/v28_imported/V28_ALL_RUNS_EVIDENCE_LOCK.json,eligible within exact variant/protocol/configuration scope,results/v28_imported/V28_ALL_RUNS_CLAIM_GATE_REPORT.json,main-paper eligible,"IBM AML-Data is synthetic. Threshold metrics use score >= 0.5. Compare GINE only on matched Small cells. The materialized node-history map is shared across protocols and is built from the first 60% of transactions; early-to-late therefore permits label-free covariates from 50-60%, which must be treated as part of its visibility contract."
V28::ibm_aml::hi-medium::late_window_holdout::recent_window_only_graph,IBM AML construction/feature ablation,IBM AML-Data,hi-medium,synthetic financial transactions generated by IBM AML-Data,transaction/edge,"transaction is_laundering in {0,1}; positive=laundering (1)",chronological 60% train / 20% validation / 20% test,most recent 50% of training edges form message-passing structure; 2077023 accounts; 31898238 transactions; 8 edge features,node history features use the first 60% of transactions (this protocol's training interval); test transaction labels unavailable,late_window_holdout,"edge-aware GraphSAGE h64, RecentWindow",1-10,10,F1@0.5; precision@0.5; recall@0.5; balanced accuracy; AUROC; AUPRC; runtime; saved scores,canonical imported full10 evidence,results/v28_imported/imported_json/V28_hi-medium_recent_window_only_graph_seed10_late_window_holdout.json;results/v28_imported/imported_json/V28_hi-medium_recent_window_only_graph_seed1_late_window_holdout.json;results/v28_imported/imported_json/V28_hi-medium_recent_window_only_graph_seed2_late_window_holdout.json;results/v28_imported/imported_json/V28_hi-medium_recent_window_only_graph_seed3_late_window_holdout.json;results/v28_imported/imported_json/V28_hi-medium_recent_window_only_graph_seed4_late_window_holdout.json;results/v28_imported/imported_json/V28_hi-medium_recent_window_only_graph_seed5_late_window_holdout.json;results/v28_imported/imported_json/V28_hi-medium_recent_window_only_graph_seed6_late_window_holdout.json;results/v28_imported/imported_json/V28_hi-medium_recent_window_only_graph_seed7_late_window_holdout.json;results/v28_imported/imported_json/V28_hi-medium_recent_window_only_graph_seed8_late_window_holdout.json;results/v28_imported/imported_json/V28_hi-medium_recent_window_only_graph_seed9_late_window_holdout.json,available for every seed/cell,results/v28_imported/V28_PREDICTION_EXPORT_MANIFEST.csv,variant=hi-medium|protocol=late_window_holdout|seed|configuration,single Tesla T4 environment; assigned cuda:0; actual backends=cuda:0,PASS,results/v28_imported/V28_ALL_RUNS_VALIDATION_REPORT.json,PASS_WITH_RESOURCE_BLOCKED_MEDIUM_GINE,results/v28_imported/V28_ALL_RUNS_EVIDENCE_LOCK.json,eligible within exact variant/protocol/configuration scope,results/v28_imported/V28_ALL_RUNS_CLAIM_GATE_REPORT.json,main-paper eligible,"IBM AML-Data is synthetic. Threshold metrics use score >= 0.5. Compare GINE only on matched Small cells. The materialized node-history map is shared across protocols and is built from the first 60% of transactions; early-to-late therefore permits label-free covariates from 50-60%, which must be treated as part of its visibility contract."
V28::ibm_aml::hi-small::early_to_late_transfer::account_account_sender_receiver,IBM AML construction/feature ablation,IBM AML-Data,hi-small,synthetic financial transactions generated by IBM AML-Data,transaction/edge,"transaction is_laundering in {0,1}; positive=laundering (1)",chronological 50% train / 20% validation / 30% test,sender-to-receiver account projection of transaction edges; 515088 accounts; 5078345 transactions; 8 edge features,"classifier labels use the first 50%, while the shared label-free node-history map uses the first 60% (including covariates from the first half of this protocol's validation interval); test labels unavailable",early_to_late_transfer,"edge-aware GraphSAGE h64, sender-receiver construction",1-10,10,F1@0.5; precision@0.5; recall@0.5; balanced accuracy; AUROC; AUPRC; runtime; saved scores,canonical imported full10 evidence,results/v28_imported/imported_json/V28_hi-small_account_account_sender_receiver_seed10_early_to_late_transfer.json;results/v28_imported/imported_json/V28_hi-small_account_account_sender_receiver_seed1_early_to_late_transfer.json;results/v28_imported/imported_json/V28_hi-small_account_account_sender_receiver_seed2_early_to_late_transfer.json;results/v28_imported/imported_json/V28_hi-small_account_account_sender_receiver_seed3_early_to_late_transfer.json;results/v28_imported/imported_json/V28_hi-small_account_account_sender_receiver_seed4_early_to_late_transfer.json;results/v28_imported/imported_json/V28_hi-small_account_account_sender_receiver_seed5_early_to_late_transfer.json;results/v28_imported/imported_json/V28_hi-small_account_account_sender_receiver_seed6_early_to_late_transfer.json;results/v28_imported/imported_json/V28_hi-small_account_account_sender_receiver_seed7_early_to_late_transfer.json;results/v28_imported/imported_json/V28_hi-small_account_account_sender_receiver_seed8_early_to_late_transfer.json;results/v28_imported/imported_json/V28_hi-small_account_account_sender_receiver_seed9_early_to_late_transfer.json,available for every seed/cell,results/v28_imported/V28_PREDICTION_EXPORT_MANIFEST.csv,variant=hi-small|protocol=early_to_late_transfer|seed|configuration,single Tesla T4 environment; assigned cuda:0; actual backends=cuda:0,PASS,results/v28_imported/V28_ALL_RUNS_VALIDATION_REPORT.json,PASS_WITH_RESOURCE_BLOCKED_MEDIUM_GINE,results/v28_imported/V28_ALL_RUNS_EVIDENCE_LOCK.json,eligible within exact variant/protocol/configuration scope,results/v28_imported/V28_ALL_RUNS_CLAIM_GATE_REPORT.json,main-paper eligible,"IBM AML-Data is synthetic. Threshold metrics use score >= 0.5. Compare GINE only on matched Small cells. The materialized node-history map is shared across protocols and is built from the first 60% of transactions; early-to-late therefore permits label-free covariates from 50-60%, which must be treated as part of its visibility contract."
V28::ibm_aml::hi-small::early_to_late_transfer::degree_capped_bipartite,IBM AML construction/feature ablation,IBM AML-Data,hi-small,synthetic financial transactions generated by IBM AML-Data,transaction/edge,"transaction is_laundering in {0,1}; positive=laundering (1)",chronological 50% train / 20% validation / 30% test,training structure degree-capped at q=0.995; 515088 accounts; 5078345 transactions; 8 edge features,"classifier labels use the first 50%, while the shared label-free node-history map uses the first 60% (including covariates from the first half of this protocol's validation interval); test labels unavailable",early_to_late_transfer,"edge-aware GraphSAGE h64, DegreeCap",1-10,10,F1@0.5; precision@0.5; recall@0.5; balanced accuracy; AUROC; AUPRC; runtime; saved scores,canonical imported full10 evidence,results/v28_imported/imported_json/V28_hi-small_degree_capped_bipartite_seed10_early_to_late_transfer.json;results/v28_imported/imported_json/V28_hi-small_degree_capped_bipartite_seed1_early_to_late_transfer.json;results/v28_imported/imported_json/V28_hi-small_degree_capped_bipartite_seed2_early_to_late_transfer.json;results/v28_imported/imported_json/V28_hi-small_degree_capped_bipartite_seed3_early_to_late_transfer.json;results/v28_imported/imported_json/V28_hi-small_degree_capped_bipartite_seed4_early_to_late_transfer.json;results/v28_imported/imported_json/V28_hi-small_degree_capped_bipartite_seed5_early_to_late_transfer.json;results/v28_imported/imported_json/V28_hi-small_degree_capped_bipartite_seed6_early_to_late_transfer.json;results/v28_imported/imported_json/V28_hi-small_degree_capped_bipartite_seed7_early_to_late_transfer.json;results/v28_imported/imported_json/V28_hi-small_degree_capped_bipartite_seed8_early_to_late_transfer.json;results/v28_imported/imported_json/V28_hi-small_degree_capped_bipartite_seed9_early_to_late_transfer.json,available for every seed/cell,results/v28_imported/V28_PREDICTION_EXPORT_MANIFEST.csv,variant=hi-small|protocol=early_to_late_transfer|seed|configuration,single Tesla T4 environment; assigned cuda:0; actual backends=cuda:0,PASS,results/v28_imported/V28_ALL_RUNS_VALIDATION_REPORT.json,PASS_WITH_RESOURCE_BLOCKED_MEDIUM_GINE,results/v28_imported/V28_ALL_RUNS_EVIDENCE_LOCK.json,eligible within exact variant/protocol/configuration scope,results/v28_imported/V28_ALL_RUNS_CLAIM_GATE_REPORT.json,main-paper eligible,"IBM AML-Data is synthetic. Threshold metrics use score >= 0.5. Compare GINE only on matched Small cells. The materialized node-history map is shared across protocols and is built from the first 60% of transactions; early-to-late therefore permits label-free covariates from 50-60%, which must be treated as part of its visibility contract."
V28::ibm_aml::hi-small::early_to_late_transfer::edge_aware_graphsage_h64_degree_only,IBM AML construction/feature ablation,IBM AML-Data,hi-small,synthetic financial transactions generated by IBM AML-Data,transaction/edge,"transaction is_laundering in {0,1}; positive=laundering (1)",chronological 50% train / 20% validation / 30% test,original graph; edge attributes replaced by endpoint-degree features; 515088 accounts; 5078345 transactions; 4 edge features,"classifier labels use the first 50%, while the shared label-free node-history map uses the first 60% (including covariates from the first half of this protocol's validation interval); test labels unavailable",early_to_late_transfer,"edge-aware GraphSAGE h64, DegreeOnly",1-10,10,F1@0.5; precision@0.5; recall@0.5; balanced accuracy; AUROC; AUPRC; runtime; saved scores,canonical imported full10 evidence,results/v28_imported/imported_json/V28_hi-small_degree_only_seed10_early_to_late_transfer.json;results/v28_imported/imported_json/V28_hi-small_degree_only_seed1_early_to_late_transfer.json;results/v28_imported/imported_json/V28_hi-small_degree_only_seed2_early_to_late_transfer.json;results/v28_imported/imported_json/V28_hi-small_degree_only_seed3_early_to_late_transfer.json;results/v28_imported/imported_json/V28_hi-small_degree_only_seed4_early_to_late_transfer.json;results/v28_imported/imported_json/V28_hi-small_degree_only_seed5_early_to_late_transfer.json;results/v28_imported/imported_json/V28_hi-small_degree_only_seed6_early_to_late_transfer.json;results/v28_imported/imported_json/V28_hi-small_degree_only_seed7_early_to_late_transfer.json;results/v28_imported/imported_json/V28_hi-small_degree_only_seed8_early_to_late_transfer.json;results/v28_imported/imported_json/V28_hi-small_degree_only_seed9_early_to_late_transfer.json,available for every seed/cell,results/v28_imported/V28_PREDICTION_EXPORT_MANIFEST.csv,variant=hi-small|protocol=early_to_late_transfer|seed|configuration,single Tesla T4 environment; assigned cuda:0; actual backends=cuda:0,PASS,results/v28_imported/V28_ALL_RUNS_VALIDATION_REPORT.json,PASS_WITH_RESOURCE_BLOCKED_MEDIUM_GINE,results/v28_imported/V28_ALL_RUNS_EVIDENCE_LOCK.json,eligible within exact variant/protocol/configuration scope,results/v28_imported/V28_ALL_RUNS_CLAIM_GATE_REPORT.json,main-paper eligible,"IBM AML-Data is synthetic. Threshold metrics use score >= 0.5. Compare GINE only on matched Small cells. The materialized node-history map is shared across protocols and is built from the first 60% of transactions; early-to-late therefore permits label-free covariates from 50-60%, which must be treated as part of its visibility contract."
V28::ibm_aml::hi-small::early_to_late_transfer::edge_aware_graphsage_h64_no_edge_features,IBM AML construction/feature ablation,IBM AML-Data,hi-small,synthetic financial transactions generated by IBM AML-Data,transaction/edge,"transaction is_laundering in {0,1}; positive=laundering (1)",chronological 50% train / 20% validation / 30% test,original graph structure; zeroed transaction features; 515088 accounts; 5078345 transactions; 8 edge features,"classifier labels use the first 50%, while the shared label-free node-history map uses the first 60% (including covariates from the first half of this protocol's validation interval); test labels unavailable",early_to_late_transfer,"edge-aware GraphSAGE h64, NoEdge",1-10,10,F1@0.5; precision@0.5; recall@0.5; balanced accuracy; AUROC; AUPRC; runtime; saved scores,canonical imported full10 evidence,results/v28_imported/imported_json/V28_hi-small_no_edge_features_seed10_early_to_late_transfer.json;results/v28_imported/imported_json/V28_hi-small_no_edge_features_seed1_early_to_late_transfer.json;results/v28_imported/imported_json/V28_hi-small_no_edge_features_seed2_early_to_late_transfer.json;results/v28_imported/imported_json/V28_hi-small_no_edge_features_seed3_early_to_late_transfer.json;results/v28_imported/imported_json/V28_hi-small_no_edge_features_seed4_early_to_late_transfer.json;results/v28_imported/imported_json/V28_hi-small_no_edge_features_seed5_early_to_late_transfer.json;results/v28_imported/imported_json/V28_hi-small_no_edge_features_seed6_early_to_late_transfer.json;results/v28_imported/imported_json/V28_hi-small_no_edge_features_seed7_early_to_late_transfer.json;results/v28_imported/imported_json/V28_hi-small_no_edge_features_seed8_early_to_late_transfer.json;results/v28_imported/imported_json/V28_hi-small_no_edge_features_seed9_early_to_late_transfer.json,available for every seed/cell,results/v28_imported/V28_PREDICTION_EXPORT_MANIFEST.csv,variant=hi-small|protocol=early_to_late_transfer|seed|configuration,single Tesla T4 environment; assigned cuda:0; actual backends=cuda:0,PASS,results/v28_imported/V28_ALL_RUNS_VALIDATION_REPORT.json,PASS_WITH_RESOURCE_BLOCKED_MEDIUM_GINE,results/v28_imported/V28_ALL_RUNS_EVIDENCE_LOCK.json,eligible within exact variant/protocol/configuration scope,results/v28_imported/V28_ALL_RUNS_CLAIM_GATE_REPORT.json,main-paper eligible,"IBM AML-Data is synthetic. Threshold metrics use score >= 0.5. Compare GINE only on matched Small cells. The materialized node-history map is shared across protocols and is built from the first 60% of transactions; early-to-late therefore permits label-free covariates from 50-60%, which must be treated as part of its visibility contract."
V28::ibm_aml::hi-small::early_to_late_transfer::edge_aware_graphsage_h64_shuffled_edge_features,IBM AML construction/feature ablation,IBM AML-Data,hi-small,synthetic financial transactions generated by IBM AML-Data,transaction/edge,"transaction is_laundering in {0,1}; positive=laundering (1)",chronological 50% train / 20% validation / 30% test,original graph; edge features shuffled within temporal masks; 515088 accounts; 5078345 transactions; 8 edge features,"classifier labels use the first 50%, while the shared label-free node-history map uses the first 60% (including covariates from the first half of this protocol's validation interval); test labels unavailable",early_to_late_transfer,"edge-aware GraphSAGE h64, ShuffledEdge",1-10,10,F1@0.5; precision@0.5; recall@0.5; balanced accuracy; AUROC; AUPRC; runtime; saved scores,canonical imported full10 evidence,results/v28_imported/imported_json/V28_hi-small_shuffled_edge_features_seed10_early_to_late_transfer.json;results/v28_imported/imported_json/V28_hi-small_shuffled_edge_features_seed1_early_to_late_transfer.json;results/v28_imported/imported_json/V28_hi-small_shuffled_edge_features_seed2_early_to_late_transfer.json;results/v28_imported/imported_json/V28_hi-small_shuffled_edge_features_seed3_early_to_late_transfer.json;results/v28_imported/imported_json/V28_hi-small_shuffled_edge_features_seed4_early_to_late_transfer.json;results/v28_imported/imported_json/V28_hi-small_shuffled_edge_features_seed5_early_to_late_transfer.json;results/v28_imported/imported_json/V28_hi-small_shuffled_edge_features_seed6_early_to_late_transfer.json;results/v28_imported/imported_json/V28_hi-small_shuffled_edge_features_seed7_early_to_late_transfer.json;results/v28_imported/imported_json/V28_hi-small_shuffled_edge_features_seed8_early_to_late_transfer.json;results/v28_imported/imported_json/V28_hi-small_shuffled_edge_features_seed9_early_to_late_transfer.json,available for every seed/cell,results/v28_imported/V28_PREDICTION_EXPORT_MANIFEST.csv,variant=hi-small|protocol=early_to_late_transfer|seed|configuration,single Tesla T4 environment; assigned cuda:0; actual backends=cuda:0,PASS,results/v28_imported/V28_ALL_RUNS_VALIDATION_REPORT.json,PASS_WITH_RESOURCE_BLOCKED_MEDIUM_GINE,results/v28_imported/V28_ALL_RUNS_EVIDENCE_LOCK.json,eligible within exact variant/protocol/configuration scope,results/v28_imported/V28_ALL_RUNS_CLAIM_GATE_REPORT.json,main-paper eligible,"IBM AML-Data is synthetic. Threshold metrics use score >= 0.5. Compare GINE only on matched Small cells. The materialized node-history map is shared across protocols and is built from the first 60% of transactions; early-to-late therefore permits label-free covariates from 50-60%, which must be treated as part of its visibility contract."
V28::ibm_aml::hi-small::early_to_late_transfer::gine_light_h64,IBM AML construction/feature ablation,IBM AML-Data,hi-small,synthetic financial transactions generated by IBM AML-Data,transaction/edge,"transaction is_laundering in {0,1}; positive=laundering (1)",chronological 50% train / 20% validation / 30% test,account transaction network with original edge features; 515088 accounts; 5078345 transactions; 8 edge features,"classifier labels use the first 50%, while the shared label-free node-history map uses the first 60% (including covariates from the first half of this protocol's validation interval); test labels unavailable",early_to_late_transfer,one-layer GINE edge classifier h64,1-10,10,F1@0.5; precision@0.5; recall@0.5; balanced accuracy; AUROC; AUPRC; runtime; saved scores,canonical imported full10 evidence,results/v28_imported/imported_json/V28_hi-small_gine_light_h64_seed10_early_to_late_transfer.json;results/v28_imported/imported_json/V28_hi-small_gine_light_h64_seed1_early_to_late_transfer.json;results/v28_imported/imported_json/V28_hi-small_gine_light_h64_seed2_early_to_late_transfer.json;results/v28_imported/imported_json/V28_hi-small_gine_light_h64_seed3_early_to_late_transfer.json;results/v28_imported/imported_json/V28_hi-small_gine_light_h64_seed4_early_to_late_transfer.json;results/v28_imported/imported_json/V28_hi-small_gine_light_h64_seed5_early_to_late_transfer.json;results/v28_imported/imported_json/V28_hi-small_gine_light_h64_seed6_early_to_late_transfer.json;results/v28_imported/imported_json/V28_hi-small_gine_light_h64_seed7_early_to_late_transfer.json;results/v28_imported/imported_json/V28_hi-small_gine_light_h64_seed8_early_to_late_transfer.json;results/v28_imported/imported_json/V28_hi-small_gine_light_h64_seed9_early_to_late_transfer.json,available for every seed/cell,results/v28_imported/V28_PREDICTION_EXPORT_MANIFEST.csv,variant=hi-small|protocol=early_to_late_transfer|seed|configuration,single Tesla T4 environment; assigned cuda:0; actual backends=cuda:0,PASS,results/v28_imported/V28_ALL_RUNS_VALIDATION_REPORT.json,PASS_WITH_RESOURCE_BLOCKED_MEDIUM_GINE,results/v28_imported/V28_ALL_RUNS_EVIDENCE_LOCK.json,eligible within exact variant/protocol/configuration scope,results/v28_imported/V28_ALL_RUNS_CLAIM_GATE_REPORT.json,main-paper eligible,"IBM AML-Data is synthetic. Threshold metrics use score >= 0.5. Compare GINE only on matched Small cells. The materialized node-history map is shared across protocols and is built from the first 60% of transactions; early-to-late therefore permits label-free covariates from 50-60%, which must be treated as part of its visibility contract."
V28::ibm_aml::hi-small::early_to_late_transfer::recent_window_only_graph,IBM AML construction/feature ablation,IBM AML-Data,hi-small,synthetic financial transactions generated by IBM AML-Data,transaction/edge,"transaction is_laundering in {0,1}; positive=laundering (1)",chronological 50% train / 20% validation / 30% test,most recent 50% of training edges form message-passing structure; 515088 accounts; 5078345 transactions; 8 edge features,"classifier labels use the first 50%, while the shared label-free node-history map uses the first 60% (including covariates from the first half of this protocol's validation interval); test labels unavailable",early_to_late_transfer,"edge-aware GraphSAGE h64, RecentWindow",1-10,10,F1@0.5; precision@0.5; recall@0.5; balanced accuracy; AUROC; AUPRC; runtime; saved scores,canonical imported full10 evidence,results/v28_imported/imported_json/V28_hi-small_recent_window_only_graph_seed10_early_to_late_transfer.json;results/v28_imported/imported_json/V28_hi-small_recent_window_only_graph_seed1_early_to_late_transfer.json;results/v28_imported/imported_json/V28_hi-small_recent_window_only_graph_seed2_early_to_late_transfer.json;results/v28_imported/imported_json/V28_hi-small_recent_window_only_graph_seed3_early_to_late_transfer.json;results/v28_imported/imported_json/V28_hi-small_recent_window_only_graph_seed4_early_to_late_transfer.json;results/v28_imported/imported_json/V28_hi-small_recent_window_only_graph_seed5_early_to_late_transfer.json;results/v28_imported/imported_json/V28_hi-small_recent_window_only_graph_seed6_early_to_late_transfer.json;results/v28_imported/imported_json/V28_hi-small_recent_window_only_graph_seed7_early_to_late_transfer.json;results/v28_imported/imported_json/V28_hi-small_recent_window_only_graph_seed8_early_to_late_transfer.json;results/v28_imported/imported_json/V28_hi-small_recent_window_only_graph_seed9_early_to_late_transfer.json,available for every seed/cell,results/v28_imported/V28_PREDICTION_EXPORT_MANIFEST.csv,variant=hi-small|protocol=early_to_late_transfer|seed|configuration,single Tesla T4 environment; assigned cuda:0; actual backends=cuda:0,PASS,results/v28_imported/V28_ALL_RUNS_VALIDATION_REPORT.json,PASS_WITH_RESOURCE_BLOCKED_MEDIUM_GINE,results/v28_imported/V28_ALL_RUNS_EVIDENCE_LOCK.json,eligible within exact variant/protocol/configuration scope,results/v28_imported/V28_ALL_RUNS_CLAIM_GATE_REPORT.json,main-paper eligible,"IBM AML-Data is synthetic. Threshold metrics use score >= 0.5. Compare GINE only on matched Small cells. The materialized node-history map is shared across protocols and is built from the first 60% of transactions; early-to-late therefore permits label-free covariates from 50-60%, which must be treated as part of its visibility contract."
V28::ibm_aml::hi-small::late_window_holdout::account_account_sender_receiver,IBM AML construction/feature ablation,IBM AML-Data,hi-small,synthetic financial transactions generated by IBM AML-Data,transaction/edge,"transaction is_laundering in {0,1}; positive=laundering (1)",chronological 60% train / 20% validation / 20% test,sender-to-receiver account projection of transaction edges; 515088 accounts; 5078345 transactions; 8 edge features,node history features use the first 60% of transactions (this protocol's training interval); test transaction labels unavailable,late_window_holdout,"edge-aware GraphSAGE h64, sender-receiver construction",1-10,10,F1@0.5; precision@0.5; recall@0.5; balanced accuracy; AUROC; AUPRC; runtime; saved scores,canonical imported full10 evidence,results/v28_imported/imported_json/V28_hi-small_account_account_sender_receiver_seed10_late_window_holdout.json;results/v28_imported/imported_json/V28_hi-small_account_account_sender_receiver_seed1_late_window_holdout.json;results/v28_imported/imported_json/V28_hi-small_account_account_sender_receiver_seed2_late_window_holdout.json;results/v28_imported/imported_json/V28_hi-small_account_account_sender_receiver_seed3_late_window_holdout.json;results/v28_imported/imported_json/V28_hi-small_account_account_sender_receiver_seed4_late_window_holdout.json;results/v28_imported/imported_json/V28_hi-small_account_account_sender_receiver_seed5_late_window_holdout.json;results/v28_imported/imported_json/V28_hi-small_account_account_sender_receiver_seed6_late_window_holdout.json;results/v28_imported/imported_json/V28_hi-small_account_account_sender_receiver_seed7_late_window_holdout.json;results/v28_imported/imported_json/V28_hi-small_account_account_sender_receiver_seed8_late_window_holdout.json;results/v28_imported/imported_json/V28_hi-small_account_account_sender_receiver_seed9_late_window_holdout.json,available for every seed/cell,results/v28_imported/V28_PREDICTION_EXPORT_MANIFEST.csv,variant=hi-small|protocol=late_window_holdout|seed|configuration,single Tesla T4 environment; assigned cuda:0; actual backends=cuda:0,PASS,results/v28_imported/V28_ALL_RUNS_VALIDATION_REPORT.json,PASS_WITH_RESOURCE_BLOCKED_MEDIUM_GINE,results/v28_imported/V28_ALL_RUNS_EVIDENCE_LOCK.json,eligible within exact variant/protocol/configuration scope,results/v28_imported/V28_ALL_RUNS_CLAIM_GATE_REPORT.json,main-paper eligible,"IBM AML-Data is synthetic. Threshold metrics use score >= 0.5. Compare GINE only on matched Small cells. The materialized node-history map is shared across protocols and is built from the first 60% of transactions; early-to-late therefore permits label-free covariates from 50-60%, which must be treated as part of its visibility contract."
V28::ibm_aml::hi-small::late_window_holdout::degree_capped_bipartite,IBM AML construction/feature ablation,IBM AML-Data,hi-small,synthetic financial transactions generated by IBM AML-Data,transaction/edge,"transaction is_laundering in {0,1}; positive=laundering (1)",chronological 60% train / 20% validation / 20% test,training structure degree-capped at q=0.995; 515088 accounts; 5078345 transactions; 8 edge features,node history features use the first 60% of transactions (this protocol's training interval); test transaction labels unavailable,late_window_holdout,"edge-aware GraphSAGE h64, DegreeCap",1-10,10,F1@0.5; precision@0.5; recall@0.5; balanced accuracy; AUROC; AUPRC; runtime; saved scores,canonical imported full10 evidence,results/v28_imported/imported_json/V28_hi-small_degree_capped_bipartite_seed10_late_window_holdout.json;results/v28_imported/imported_json/V28_hi-small_degree_capped_bipartite_seed1_late_window_holdout.json;results/v28_imported/imported_json/V28_hi-small_degree_capped_bipartite_seed2_late_window_holdout.json;results/v28_imported/imported_json/V28_hi-small_degree_capped_bipartite_seed3_late_window_holdout.json;results/v28_imported/imported_json/V28_hi-small_degree_capped_bipartite_seed4_late_window_holdout.json;results/v28_imported/imported_json/V28_hi-small_degree_capped_bipartite_seed5_late_window_holdout.json;results/v28_imported/imported_json/V28_hi-small_degree_capped_bipartite_seed6_late_window_holdout.json;results/v28_imported/imported_json/V28_hi-small_degree_capped_bipartite_seed7_late_window_holdout.json;results/v28_imported/imported_json/V28_hi-small_degree_capped_bipartite_seed8_late_window_holdout.json;results/v28_imported/imported_json/V28_hi-small_degree_capped_bipartite_seed9_late_window_holdout.json,available for every seed/cell,results/v28_imported/V28_PREDICTION_EXPORT_MANIFEST.csv,variant=hi-small|protocol=late_window_holdout|seed|configuration,single Tesla T4 environment; assigned cuda:0; actual backends=cuda:0,PASS,results/v28_imported/V28_ALL_RUNS_VALIDATION_REPORT.json,PASS_WITH_RESOURCE_BLOCKED_MEDIUM_GINE,results/v28_imported/V28_ALL_RUNS_EVIDENCE_LOCK.json,eligible within exact variant/protocol/configuration scope,results/v28_imported/V28_ALL_RUNS_CLAIM_GATE_REPORT.json,main-paper eligible,"IBM AML-Data is synthetic. Threshold metrics use score >= 0.5. Compare GINE only on matched Small cells. The materialized node-history map is shared across protocols and is built from the first 60% of transactions; early-to-late therefore permits label-free covariates from 50-60%, which must be treated as part of its visibility contract."
V28::ibm_aml::hi-small::late_window_holdout::edge_aware_graphsage_h64_degree_only,IBM AML construction/feature ablation,IBM AML-Data,hi-small,synthetic financial transactions generated by IBM AML-Data,transaction/edge,"transaction is_laundering in {0,1}; positive=laundering (1)",chronological 60% train / 20% validation / 20% test,original graph; edge attributes replaced by endpoint-degree features; 515088 accounts; 5078345 transactions; 4 edge features,node history features use the first 60% of transactions (this protocol's training interval); test transaction labels unavailable,late_window_holdout,"edge-aware GraphSAGE h64, DegreeOnly",1-10,10,F1@0.5; precision@0.5; recall@0.5; balanced accuracy; AUROC; AUPRC; runtime; saved scores,canonical imported full10 evidence,results/v28_imported/imported_json/V28_hi-small_degree_only_seed10_late_window_holdout.json;results/v28_imported/imported_json/V28_hi-small_degree_only_seed1_late_window_holdout.json;results/v28_imported/imported_json/V28_hi-small_degree_only_seed2_late_window_holdout.json;results/v28_imported/imported_json/V28_hi-small_degree_only_seed3_late_window_holdout.json;results/v28_imported/imported_json/V28_hi-small_degree_only_seed4_late_window_holdout.json;results/v28_imported/imported_json/V28_hi-small_degree_only_seed5_late_window_holdout.json;results/v28_imported/imported_json/V28_hi-small_degree_only_seed6_late_window_holdout.json;results/v28_imported/imported_json/V28_hi-small_degree_only_seed7_late_window_holdout.json;results/v28_imported/imported_json/V28_hi-small_degree_only_seed8_late_window_holdout.json;results/v28_imported/imported_json/V28_hi-small_degree_only_seed9_late_window_holdout.json,available for every seed/cell,results/v28_imported/V28_PREDICTION_EXPORT_MANIFEST.csv,variant=hi-small|protocol=late_window_holdout|seed|configuration,single Tesla T4 environment; assigned cuda:0; actual backends=cuda:0,PASS,results/v28_imported/V28_ALL_RUNS_VALIDATION_REPORT.json,PASS_WITH_RESOURCE_BLOCKED_MEDIUM_GINE,results/v28_imported/V28_ALL_RUNS_EVIDENCE_LOCK.json,eligible within exact variant/protocol/configuration scope,results/v28_imported/V28_ALL_RUNS_CLAIM_GATE_REPORT.json,main-paper eligible,"IBM AML-Data is synthetic. Threshold metrics use score >= 0.5. Compare GINE only on matched Small cells. The materialized node-history map is shared across protocols and is built from the first 60% of transactions; early-to-late therefore permits label-free covariates from 50-60%, which must be treated as part of its visibility contract."
V28::ibm_aml::hi-small::late_window_holdout::edge_aware_graphsage_h64_no_edge_features,IBM AML construction/feature ablation,IBM AML-Data,hi-small,synthetic financial transactions generated by IBM AML-Data,transaction/edge,"transaction is_laundering in {0,1}; positive=laundering (1)",chronological 60% train / 20% validation / 20% test,original graph structure; zeroed transaction features; 515088 accounts; 5078345 transactions; 8 edge features,node history features use the first 60% of transactions (this protocol's training interval); test transaction labels unavailable,late_window_holdout,"edge-aware GraphSAGE h64, NoEdge",1-10,10,F1@0.5; precision@0.5; recall@0.5; balanced accuracy; AUROC; AUPRC; runtime; saved scores,canonical imported full10 evidence,results/v28_imported/imported_json/V28_hi-small_no_edge_features_seed10_late_window_holdout.json;results/v28_imported/imported_json/V28_hi-small_no_edge_features_seed1_late_window_holdout.json;results/v28_imported/imported_json/V28_hi-small_no_edge_features_seed2_late_window_holdout.json;results/v28_imported/imported_json/V28_hi-small_no_edge_features_seed3_late_window_holdout.json;results/v28_imported/imported_json/V28_hi-small_no_edge_features_seed4_late_window_holdout.json;results/v28_imported/imported_json/V28_hi-small_no_edge_features_seed5_late_window_holdout.json;results/v28_imported/imported_json/V28_hi-small_no_edge_features_seed6_late_window_holdout.json;results/v28_imported/imported_json/V28_hi-small_no_edge_features_seed7_late_window_holdout.json;results/v28_imported/imported_json/V28_hi-small_no_edge_features_seed8_late_window_holdout.json;results/v28_imported/imported_json/V28_hi-small_no_edge_features_seed9_late_window_holdout.json,available for every seed/cell,results/v28_imported/V28_PREDICTION_EXPORT_MANIFEST.csv,variant=hi-small|protocol=late_window_holdout|seed|configuration,single Tesla T4 environment; assigned cuda:0; actual backends=cuda:0,PASS,results/v28_imported/V28_ALL_RUNS_VALIDATION_REPORT.json,PASS_WITH_RESOURCE_BLOCKED_MEDIUM_GINE,results/v28_imported/V28_ALL_RUNS_EVIDENCE_LOCK.json,eligible within exact variant/protocol/configuration scope,results/v28_imported/V28_ALL_RUNS_CLAIM_GATE_REPORT.json,main-paper eligible,"IBM AML-Data is synthetic. Threshold metrics use score >= 0.5. Compare GINE only on matched Small cells. The materialized node-history map is shared across protocols and is built from the first 60% of transactions; early-to-late therefore permits label-free covariates from 50-60%, which must be treated as part of its visibility contract."
V28::ibm_aml::hi-small::late_window_holdout::edge_aware_graphsage_h64_shuffled_edge_features,IBM AML construction/feature ablation,IBM AML-Data,hi-small,synthetic financial transactions generated by IBM AML-Data,transaction/edge,"transaction is_laundering in {0,1}; positive=laundering (1)",chronological 60% train / 20% validation / 20% test,original graph; edge features shuffled within temporal masks; 515088 accounts; 5078345 transactions; 8 edge features,node history features use the first 60% of transactions (this protocol's training interval); test transaction labels unavailable,late_window_holdout,"edge-aware GraphSAGE h64, ShuffledEdge",1-10,10,F1@0.5; precision@0.5; recall@0.5; balanced accuracy; AUROC; AUPRC; runtime; saved scores,canonical imported full10 evidence,results/v28_imported/imported_json/V28_hi-small_shuffled_edge_features_seed10_late_window_holdout.json;results/v28_imported/imported_json/V28_hi-small_shuffled_edge_features_seed1_late_window_holdout.json;results/v28_imported/imported_json/V28_hi-small_shuffled_edge_features_seed2_late_window_holdout.json;results/v28_imported/imported_json/V28_hi-small_shuffled_edge_features_seed3_late_window_holdout.json;results/v28_imported/imported_json/V28_hi-small_shuffled_edge_features_seed4_late_window_holdout.json;results/v28_imported/imported_json/V28_hi-small_shuffled_edge_features_seed5_late_window_holdout.json;results/v28_imported/imported_json/V28_hi-small_shuffled_edge_features_seed6_late_window_holdout.json;results/v28_imported/imported_json/V28_hi-small_shuffled_edge_features_seed7_late_window_holdout.json;results/v28_imported/imported_json/V28_hi-small_shuffled_edge_features_seed8_late_window_holdout.json;results/v28_imported/imported_json/V28_hi-small_shuffled_edge_features_seed9_late_window_holdout.json,available for every seed/cell,results/v28_imported/V28_PREDICTION_EXPORT_MANIFEST.csv,variant=hi-small|protocol=late_window_holdout|seed|configuration,single Tesla T4 environment; assigned cuda:0; actual backends=cuda:0,PASS,results/v28_imported/V28_ALL_RUNS_VALIDATION_REPORT.json,PASS_WITH_RESOURCE_BLOCKED_MEDIUM_GINE,results/v28_imported/V28_ALL_RUNS_EVIDENCE_LOCK.json,eligible within exact variant/protocol/configuration scope,results/v28_imported/V28_ALL_RUNS_CLAIM_GATE_REPORT.json,main-paper eligible,"IBM AML-Data is synthetic. Threshold metrics use score >= 0.5. Compare GINE only on matched Small cells. The materialized node-history map is shared across protocols and is built from the first 60% of transactions; early-to-late therefore permits label-free covariates from 50-60%, which must be treated as part of its visibility contract."
V28::ibm_aml::hi-small::late_window_holdout::gine_light_h64,IBM AML construction/feature ablation,IBM AML-Data,hi-small,synthetic financial transactions generated by IBM AML-Data,transaction/edge,"transaction is_laundering in {0,1}; positive=laundering (1)",chronological 60% train / 20% validation / 20% test,account transaction network with original edge features; 515088 accounts; 5078345 transactions; 8 edge features,node history features use the first 60% of transactions (this protocol's training interval); test transaction labels unavailable,late_window_holdout,one-layer GINE edge classifier h64,1-10,10,F1@0.5; precision@0.5; recall@0.5; balanced accuracy; AUROC; AUPRC; runtime; saved scores,canonical imported full10 evidence,results/v28_imported/imported_json/V28_hi-small_gine_light_h64_seed10_late_window_holdout.json;results/v28_imported/imported_json/V28_hi-small_gine_light_h64_seed1_late_window_holdout.json;results/v28_imported/imported_json/V28_hi-small_gine_light_h64_seed2_late_window_holdout.json;results/v28_imported/imported_json/V28_hi-small_gine_light_h64_seed3_late_window_holdout.json;results/v28_imported/imported_json/V28_hi-small_gine_light_h64_seed4_late_window_holdout.json;results/v28_imported/imported_json/V28_hi-small_gine_light_h64_seed5_late_window_holdout.json;results/v28_imported/imported_json/V28_hi-small_gine_light_h64_seed6_late_window_holdout.json;results/v28_imported/imported_json/V28_hi-small_gine_light_h64_seed7_late_window_holdout.json;results/v28_imported/imported_json/V28_hi-small_gine_light_h64_seed8_late_window_holdout.json;results/v28_imported/imported_json/V28_hi-small_gine_light_h64_seed9_late_window_holdout.json,available for every seed/cell,results/v28_imported/V28_PREDICTION_EXPORT_MANIFEST.csv,variant=hi-small|protocol=late_window_holdout|seed|configuration,single Tesla T4 environment; assigned cuda:0; actual backends=cuda:0,PASS,results/v28_imported/V28_ALL_RUNS_VALIDATION_REPORT.json,PASS_WITH_RESOURCE_BLOCKED_MEDIUM_GINE,results/v28_imported/V28_ALL_RUNS_EVIDENCE_LOCK.json,eligible within exact variant/protocol/configuration scope,results/v28_imported/V28_ALL_RUNS_CLAIM_GATE_REPORT.json,main-paper eligible,"IBM AML-Data is synthetic. Threshold metrics use score >= 0.5. Compare GINE only on matched Small cells. The materialized node-history map is shared across protocols and is built from the first 60% of transactions; early-to-late therefore permits label-free covariates from 50-60%, which must be treated as part of its visibility contract."
V28::ibm_aml::hi-small::late_window_holdout::recent_window_only_graph,IBM AML construction/feature ablation,IBM AML-Data,hi-small,synthetic financial transactions generated by IBM AML-Data,transaction/edge,"transaction is_laundering in {0,1}; positive=laundering (1)",chronological 60% train / 20% validation / 20% test,most recent 50% of training edges form message-passing structure; 515088 accounts; 5078345 transactions; 8 edge features,node history features use the first 60% of transactions (this protocol's training interval); test transaction labels unavailable,late_window_holdout,"edge-aware GraphSAGE h64, RecentWindow",1-10,10,F1@0.5; precision@0.5; recall@0.5; balanced accuracy; AUROC; AUPRC; runtime; saved scores,canonical imported full10 evidence,results/v28_imported/imported_json/V28_hi-small_recent_window_only_graph_seed10_late_window_holdout.json;results/v28_imported/imported_json/V28_hi-small_recent_window_only_graph_seed1_late_window_holdout.json;results/v28_imported/imported_json/V28_hi-small_recent_window_only_graph_seed2_late_window_holdout.json;results/v28_imported/imported_json/V28_hi-small_recent_window_only_graph_seed3_late_window_holdout.json;results/v28_imported/imported_json/V28_hi-small_recent_window_only_graph_seed4_late_window_holdout.json;results/v28_imported/imported_json/V28_hi-small_recent_window_only_graph_seed5_late_window_holdout.json;results/v28_imported/imported_json/V28_hi-small_recent_window_only_graph_seed6_late_window_holdout.json;results/v28_imported/imported_json/V28_hi-small_recent_window_only_graph_seed7_late_window_holdout.json;results/v28_imported/imported_json/V28_hi-small_recent_window_only_graph_seed8_late_window_holdout.json;results/v28_imported/imported_json/V28_hi-small_recent_window_only_graph_seed9_late_window_holdout.json,available for every seed/cell,results/v28_imported/V28_PREDICTION_EXPORT_MANIFEST.csv,variant=hi-small|protocol=late_window_holdout|seed|configuration,single Tesla T4 environment; assigned cuda:0; actual backends=cuda:0,PASS,results/v28_imported/V28_ALL_RUNS_VALIDATION_REPORT.json,PASS_WITH_RESOURCE_BLOCKED_MEDIUM_GINE,results/v28_imported/V28_ALL_RUNS_EVIDENCE_LOCK.json,eligible within exact variant/protocol/configuration scope,results/v28_imported/V28_ALL_RUNS_CLAIM_GATE_REPORT.json,main-paper eligible,"IBM AML-Data is synthetic. Threshold metrics use score >= 0.5. Compare GINE only on matched Small cells. The materialized node-history map is shared across protocols and is built from the first 60% of transactions; early-to-late therefore permits label-free covariates from 50-60%, which must be treated as part of its visibility contract."
V28::ibm_aml::li-medium::early_to_late_transfer::account_account_sender_receiver,IBM AML construction/feature ablation,IBM AML-Data,li-medium,synthetic financial transactions generated by IBM AML-Data,transaction/edge,"transaction is_laundering in {0,1}; positive=laundering (1)",chronological 50% train / 20% validation / 30% test,sender-to-receiver account projection of transaction edges; 2032095 accounts; 31251483 transactions; 8 edge features,"classifier labels use the first 50%, while the shared label-free node-history map uses the first 60% (including covariates from the first half of this protocol's validation interval); test labels unavailable",early_to_late_transfer,"edge-aware GraphSAGE h64, sender-receiver construction",1-10,10,F1@0.5; precision@0.5; recall@0.5; balanced accuracy; AUROC; AUPRC; runtime; saved scores,canonical imported full10 evidence,results/v28_imported/imported_json/V28_li-medium_account_account_sender_receiver_seed10_early_to_late_transfer.json;results/v28_imported/imported_json/V28_li-medium_account_account_sender_receiver_seed1_early_to_late_transfer.json;results/v28_imported/imported_json/V28_li-medium_account_account_sender_receiver_seed2_early_to_late_transfer.json;results/v28_imported/imported_json/V28_li-medium_account_account_sender_receiver_seed3_early_to_late_transfer.json;results/v28_imported/imported_json/V28_li-medium_account_account_sender_receiver_seed4_early_to_late_transfer.json;results/v28_imported/imported_json/V28_li-medium_account_account_sender_receiver_seed5_early_to_late_transfer.json;results/v28_imported/imported_json/V28_li-medium_account_account_sender_receiver_seed6_early_to_late_transfer.json;results/v28_imported/imported_json/V28_li-medium_account_account_sender_receiver_seed7_early_to_late_transfer.json;results/v28_imported/imported_json/V28_li-medium_account_account_sender_receiver_seed8_early_to_late_transfer.json;results/v28_imported/imported_json/V28_li-medium_account_account_sender_receiver_seed9_early_to_late_transfer.json,available for every seed/cell,results/v28_imported/V28_PREDICTION_EXPORT_MANIFEST.csv,variant=li-medium|protocol=early_to_late_transfer|seed|configuration,single Tesla T4 environment; assigned cuda:0; actual backends=cuda:0,PASS,results/v28_imported/V28_ALL_RUNS_VALIDATION_REPORT.json,PASS_WITH_RESOURCE_BLOCKED_MEDIUM_GINE,results/v28_imported/V28_ALL_RUNS_EVIDENCE_LOCK.json,eligible within exact variant/protocol/configuration scope,results/v28_imported/V28_ALL_RUNS_CLAIM_GATE_REPORT.json,main-paper eligible,"IBM AML-Data is synthetic. Threshold metrics use score >= 0.5. Compare GINE only on matched Small cells. The materialized node-history map is shared across protocols and is built from the first 60% of transactions; early-to-late therefore permits label-free covariates from 50-60%, which must be treated as part of its visibility contract."
V28::ibm_aml::li-medium::early_to_late_transfer::degree_capped_bipartite,IBM AML construction/feature ablation,IBM AML-Data,li-medium,synthetic financial transactions generated by IBM AML-Data,transaction/edge,"transaction is_laundering in {0,1}; positive=laundering (1)",chronological 50% train / 20% validation / 30% test,training structure degree-capped at q=0.995; 2032095 accounts; 31251483 transactions; 8 edge features,"classifier labels use the first 50%, while the shared label-free node-history map uses the first 60% (including covariates from the first half of this protocol's validation interval); test labels unavailable",early_to_late_transfer,"edge-aware GraphSAGE h64, DegreeCap",1-10,10,F1@0.5; precision@0.5; recall@0.5; balanced accuracy; AUROC; AUPRC; runtime; saved scores,canonical imported full10 evidence,results/v28_imported/imported_json/V28_li-medium_degree_capped_bipartite_seed10_early_to_late_transfer.json;results/v28_imported/imported_json/V28_li-medium_degree_capped_bipartite_seed1_early_to_late_transfer.json;results/v28_imported/imported_json/V28_li-medium_degree_capped_bipartite_seed2_early_to_late_transfer.json;results/v28_imported/imported_json/V28_li-medium_degree_capped_bipartite_seed3_early_to_late_transfer.json;results/v28_imported/imported_json/V28_li-medium_degree_capped_bipartite_seed4_early_to_late_transfer.json;results/v28_imported/imported_json/V28_li-medium_degree_capped_bipartite_seed5_early_to_late_transfer.json;results/v28_imported/imported_json/V28_li-medium_degree_capped_bipartite_seed6_early_to_late_transfer.json;results/v28_imported/imported_json/V28_li-medium_degree_capped_bipartite_seed7_early_to_late_transfer.json;results/v28_imported/imported_json/V28_li-medium_degree_capped_bipartite_seed8_early_to_late_transfer.json;results/v28_imported/imported_json/V28_li-medium_degree_capped_bipartite_seed9_early_to_late_transfer.json,available for every seed/cell,results/v28_imported/V28_PREDICTION_EXPORT_MANIFEST.csv,variant=li-medium|protocol=early_to_late_transfer|seed|configuration,single Tesla T4 environment; assigned cuda:0; actual backends=cuda:0,PASS,results/v28_imported/V28_ALL_RUNS_VALIDATION_REPORT.json,PASS_WITH_RESOURCE_BLOCKED_MEDIUM_GINE,results/v28_imported/V28_ALL_RUNS_EVIDENCE_LOCK.json,eligible within exact variant/protocol/configuration scope,results/v28_imported/V28_ALL_RUNS_CLAIM_GATE_REPORT.json,main-paper eligible,"IBM AML-Data is synthetic. Threshold metrics use score >= 0.5. Compare GINE only on matched Small cells. The materialized node-history map is shared across protocols and is built from the first 60% of transactions; early-to-late therefore permits label-free covariates from 50-60%, which must be treated as part of its visibility contract."
V28::ibm_aml::li-medium::early_to_late_transfer::edge_aware_graphsage_h64_degree_only,IBM AML construction/feature ablation,IBM AML-Data,li-medium,synthetic financial transactions generated by IBM AML-Data,transaction/edge,"transaction is_laundering in {0,1}; positive=laundering (1)",chronological 50% train / 20% validation / 30% test,original graph; edge attributes replaced by endpoint-degree features; 2032095 accounts; 31251483 transactions; 4 edge features,"classifier labels use the first 50%, while the shared label-free node-history map uses the first 60% (including covariates from the first half of this protocol's validation interval); test labels unavailable",early_to_late_transfer,"edge-aware GraphSAGE h64, DegreeOnly",1-10,10,F1@0.5; precision@0.5; recall@0.5; balanced accuracy; AUROC; AUPRC; runtime; saved scores,canonical imported full10 evidence,results/v28_imported/imported_json/V28_li-medium_degree_only_seed10_early_to_late_transfer.json;results/v28_imported/imported_json/V28_li-medium_degree_only_seed1_early_to_late_transfer.json;results/v28_imported/imported_json/V28_li-medium_degree_only_seed2_early_to_late_transfer.json;results/v28_imported/imported_json/V28_li-medium_degree_only_seed3_early_to_late_transfer.json;results/v28_imported/imported_json/V28_li-medium_degree_only_seed4_early_to_late_transfer.json;results/v28_imported/imported_json/V28_li-medium_degree_only_seed5_early_to_late_transfer.json;results/v28_imported/imported_json/V28_li-medium_degree_only_seed6_early_to_late_transfer.json;results/v28_imported/imported_json/V28_li-medium_degree_only_seed7_early_to_late_transfer.json;results/v28_imported/imported_json/V28_li-medium_degree_only_seed8_early_to_late_transfer.json;results/v28_imported/imported_json/V28_li-medium_degree_only_seed9_early_to_late_transfer.json,available for every seed/cell,results/v28_imported/V28_PREDICTION_EXPORT_MANIFEST.csv,variant=li-medium|protocol=early_to_late_transfer|seed|configuration,single Tesla T4 environment; assigned cuda:0; actual backends=cuda:0,PASS,results/v28_imported/V28_ALL_RUNS_VALIDATION_REPORT.json,PASS_WITH_RESOURCE_BLOCKED_MEDIUM_GINE,results/v28_imported/V28_ALL_RUNS_EVIDENCE_LOCK.json,eligible within exact variant/protocol/configuration scope,results/v28_imported/V28_ALL_RUNS_CLAIM_GATE_REPORT.json,main-paper eligible,"IBM AML-Data is synthetic. Threshold metrics use score >= 0.5. Compare GINE only on matched Small cells. The materialized node-history map is shared across protocols and is built from the first 60% of transactions; early-to-late therefore permits label-free covariates from 50-60%, which must be treated as part of its visibility contract."
V28::ibm_aml::li-medium::early_to_late_transfer::edge_aware_graphsage_h64_no_edge_features,IBM AML construction/feature ablation,IBM AML-Data,li-medium,synthetic financial transactions generated by IBM AML-Data,transaction/edge,"transaction is_laundering in {0,1}; positive=laundering (1)",chronological 50% train / 20% validation / 30% test,original graph structure; zeroed transaction features; 2032095 accounts; 31251483 transactions; 8 edge features,"classifier labels use the first 50%, while the shared label-free node-history map uses the first 60% (including covariates from the first half of this protocol's validation interval); test labels unavailable",early_to_late_transfer,"edge-aware GraphSAGE h64, NoEdge",1-10,10,F1@0.5; precision@0.5; recall@0.5; balanced accuracy; AUROC; AUPRC; runtime; saved scores,canonical imported full10 evidence,results/v28_imported/imported_json/V28_li-medium_no_edge_features_seed10_early_to_late_transfer.json;results/v28_imported/imported_json/V28_li-medium_no_edge_features_seed1_early_to_late_transfer.json;results/v28_imported/imported_json/V28_li-medium_no_edge_features_seed2_early_to_late_transfer.json;results/v28_imported/imported_json/V28_li-medium_no_edge_features_seed3_early_to_late_transfer.json;results/v28_imported/imported_json/V28_li-medium_no_edge_features_seed4_early_to_late_transfer.json;results/v28_imported/imported_json/V28_li-medium_no_edge_features_seed5_early_to_late_transfer.json;results/v28_imported/imported_json/V28_li-medium_no_edge_features_seed6_early_to_late_transfer.json;results/v28_imported/imported_json/V28_li-medium_no_edge_features_seed7_early_to_late_transfer.json;results/v28_imported/imported_json/V28_li-medium_no_edge_features_seed8_early_to_late_transfer.json;results/v28_imported/imported_json/V28_li-medium_no_edge_features_seed9_early_to_late_transfer.json,available for every seed/cell,results/v28_imported/V28_PREDICTION_EXPORT_MANIFEST.csv,variant=li-medium|protocol=early_to_late_transfer|seed|configuration,single Tesla T4 environment; assigned cuda:0; actual backends=cuda:0,PASS,results/v28_imported/V28_ALL_RUNS_VALIDATION_REPORT.json,PASS_WITH_RESOURCE_BLOCKED_MEDIUM_GINE,results/v28_imported/V28_ALL_RUNS_EVIDENCE_LOCK.json,eligible within exact variant/protocol/configuration scope,results/v28_imported/V28_ALL_RUNS_CLAIM_GATE_REPORT.json,main-paper eligible,"IBM AML-Data is synthetic. Threshold metrics use score >= 0.5. Compare GINE only on matched Small cells. The materialized node-history map is shared across protocols and is built from the first 60% of transactions; early-to-late therefore permits label-free covariates from 50-60%, which must be treated as part of its visibility contract."
V28::ibm_aml::li-medium::early_to_late_transfer::edge_aware_graphsage_h64_shuffled_edge_features,IBM AML construction/feature ablation,IBM AML-Data,li-medium,synthetic financial transactions generated by IBM AML-Data,transaction/edge,"transaction is_laundering in {0,1}; positive=laundering (1)",chronological 50% train / 20% validation / 30% test,original graph; edge features shuffled within temporal masks; 2032095 accounts; 31251483 transactions; 8 edge features,"classifier labels use the first 50%, while the shared label-free node-history map uses the first 60% (including covariates from the first half of this protocol's validation interval); test labels unavailable",early_to_late_transfer,"edge-aware GraphSAGE h64, ShuffledEdge",1-10,10,F1@0.5; precision@0.5; recall@0.5; balanced accuracy; AUROC; AUPRC; runtime; saved scores,canonical imported full10 evidence,results/v28_imported/imported_json/V28_li-medium_shuffled_edge_features_seed10_early_to_late_transfer.json;results/v28_imported/imported_json/V28_li-medium_shuffled_edge_features_seed1_early_to_late_transfer.json;results/v28_imported/imported_json/V28_li-medium_shuffled_edge_features_seed2_early_to_late_transfer.json;results/v28_imported/imported_json/V28_li-medium_shuffled_edge_features_seed3_early_to_late_transfer.json;results/v28_imported/imported_json/V28_li-medium_shuffled_edge_features_seed4_early_to_late_transfer.json;results/v28_imported/imported_json/V28_li-medium_shuffled_edge_features_seed5_early_to_late_transfer.json;results/v28_imported/imported_json/V28_li-medium_shuffled_edge_features_seed6_early_to_late_transfer.json;results/v28_imported/imported_json/V28_li-medium_shuffled_edge_features_seed7_early_to_late_transfer.json;results/v28_imported/imported_json/V28_li-medium_shuffled_edge_features_seed8_early_to_late_transfer.json;results/v28_imported/imported_json/V28_li-medium_shuffled_edge_features_seed9_early_to_late_transfer.json,available for every seed/cell,results/v28_imported/V28_PREDICTION_EXPORT_MANIFEST.csv,variant=li-medium|protocol=early_to_late_transfer|seed|configuration,single Tesla T4 environment; assigned cuda:0; actual backends=cuda:0,PASS,results/v28_imported/V28_ALL_RUNS_VALIDATION_REPORT.json,PASS_WITH_RESOURCE_BLOCKED_MEDIUM_GINE,results/v28_imported/V28_ALL_RUNS_EVIDENCE_LOCK.json,eligible within exact variant/protocol/configuration scope,results/v28_imported/V28_ALL_RUNS_CLAIM_GATE_REPORT.json,main-paper eligible,"IBM AML-Data is synthetic. Threshold metrics use score >= 0.5. Compare GINE only on matched Small cells. The materialized node-history map is shared across protocols and is built from the first 60% of transactions; early-to-late therefore permits label-free covariates from 50-60%, which must be treated as part of its visibility contract."
V28::ibm_aml::li-medium::early_to_late_transfer::recent_window_only_graph,IBM AML construction/feature ablation,IBM AML-Data,li-medium,synthetic financial transactions generated by IBM AML-Data,transaction/edge,"transaction is_laundering in {0,1}; positive=laundering (1)",chronological 50% train / 20% validation / 30% test,most recent 50% of training edges form message-passing structure; 2032095 accounts; 31251483 transactions; 8 edge features,"classifier labels use the first 50%, while the shared label-free node-history map uses the first 60% (including covariates from the first half of this protocol's validation interval); test labels unavailable",early_to_late_transfer,"edge-aware GraphSAGE h64, RecentWindow",1-10,10,F1@0.5; precision@0.5; recall@0.5; balanced accuracy; AUROC; AUPRC; runtime; saved scores,canonical imported full10 evidence,results/v28_imported/imported_json/V28_li-medium_recent_window_only_graph_seed10_early_to_late_transfer.json;results/v28_imported/imported_json/V28_li-medium_recent_window_only_graph_seed1_early_to_late_transfer.json;results/v28_imported/imported_json/V28_li-medium_recent_window_only_graph_seed2_early_to_late_transfer.json;results/v28_imported/imported_json/V28_li-medium_recent_window_only_graph_seed3_early_to_late_transfer.json;results/v28_imported/imported_json/V28_li-medium_recent_window_only_graph_seed4_early_to_late_transfer.json;results/v28_imported/imported_json/V28_li-medium_recent_window_only_graph_seed5_early_to_late_transfer.json;results/v28_imported/imported_json/V28_li-medium_recent_window_only_graph_seed6_early_to_late_transfer.json;results/v28_imported/imported_json/V28_li-medium_recent_window_only_graph_seed7_early_to_late_transfer.json;results/v28_imported/imported_json/V28_li-medium_recent_window_only_graph_seed8_early_to_late_transfer.json;results/v28_imported/imported_json/V28_li-medium_recent_window_only_graph_seed9_early_to_late_transfer.json,available for every seed/cell,results/v28_imported/V28_PREDICTION_EXPORT_MANIFEST.csv,variant=li-medium|protocol=early_to_late_transfer|seed|configuration,single Tesla T4 environment; assigned cuda:0; actual backends=cuda:0,PASS,results/v28_imported/V28_ALL_RUNS_VALIDATION_REPORT.json,PASS_WITH_RESOURCE_BLOCKED_MEDIUM_GINE,results/v28_imported/V28_ALL_RUNS_EVIDENCE_LOCK.json,eligible within exact variant/protocol/configuration scope,results/v28_imported/V28_ALL_RUNS_CLAIM_GATE_REPORT.json,main-paper eligible,"IBM AML-Data is synthetic. Threshold metrics use score >= 0.5. Compare GINE only on matched Small cells. The materialized node-history map is shared across protocols and is built from the first 60% of transactions; early-to-late therefore permits label-free covariates from 50-60%, which must be treated as part of its visibility contract."
V28::ibm_aml::li-medium::gine_light_h64::BLOCKED,IBM AML construction/feature ablation,IBM AML-Data,li-medium,synthetic financial transactions generated by IBM AML-Data,transaction/edge,"transaction is_laundering in {0,1}; positive=laundering (1)",both planned protocols; no result instantiated,account transaction network with original edge features,not measured,late-window holdout and early-to-late transfer planned,one-layer GINE edge classifier h64,none,0,none,resource status only,results/v28_imported/V28_ALL_RUNS_EVIDENCE_LOCK.json,absent,none,none,single Tesla T4 (~14.56 GiB available); CUDA OOM requesting ~4.56 GiB,RESOURCE_BLOCKED_T4_CUDA_OOM,results/v28_imported/V28_ALL_RUNS_VALIDATION_REPORT.json,RESOURCE_BLOCKED_T4_CUDA_OOM,results/v28_imported/V28_ALL_RUNS_EVIDENCE_LOCK.json,resource-blocked; no Medium GINE performance claim,results/v28_imported/V28_ALL_RUNS_CLAIM_GATE_REPORT.json,resource-blocked,Twenty planned outputs per variant (10 seeds x 2 protocols) have zero result and prediction files.
V28::ibm_aml::li-medium::late_window_holdout::account_account_sender_receiver,IBM AML construction/feature ablation,IBM AML-Data,li-medium,synthetic financial transactions generated by IBM AML-Data,transaction/edge,"transaction is_laundering in {0,1}; positive=laundering (1)",chronological 60% train / 20% validation / 20% test,sender-to-receiver account projection of transaction edges; 2032095 accounts; 31251483 transactions; 8 edge features,node history features use the first 60% of transactions (this protocol's training interval); test transaction labels unavailable,late_window_holdout,"edge-aware GraphSAGE h64, sender-receiver construction",1-10,10,F1@0.5; precision@0.5; recall@0.5; balanced accuracy; AUROC; AUPRC; runtime; saved scores,canonical imported full10 evidence,results/v28_imported/imported_json/V28_li-medium_account_account_sender_receiver_seed10_late_window_holdout.json;results/v28_imported/imported_json/V28_li-medium_account_account_sender_receiver_seed1_late_window_holdout.json;results/v28_imported/imported_json/V28_li-medium_account_account_sender_receiver_seed2_late_window_holdout.json;results/v28_imported/imported_json/V28_li-medium_account_account_sender_receiver_seed3_late_window_holdout.json;results/v28_imported/imported_json/V28_li-medium_account_account_sender_receiver_seed4_late_window_holdout.json;results/v28_imported/imported_json/V28_li-medium_account_account_sender_receiver_seed5_late_window_holdout.json;results/v28_imported/imported_json/V28_li-medium_account_account_sender_receiver_seed6_late_window_holdout.json;results/v28_imported/imported_json/V28_li-medium_account_account_sender_receiver_seed7_late_window_holdout.json;results/v28_imported/imported_json/V28_li-medium_account_account_sender_receiver_seed8_late_window_holdout.json;results/v28_imported/imported_json/V28_li-medium_account_account_sender_receiver_seed9_late_window_holdout.json,available for every seed/cell,results/v28_imported/V28_PREDICTION_EXPORT_MANIFEST.csv,variant=li-medium|protocol=late_window_holdout|seed|configuration,single Tesla T4 environment; assigned cuda:0; actual backends=cuda:0,PASS,results/v28_imported/V28_ALL_RUNS_VALIDATION_REPORT.json,PASS_WITH_RESOURCE_BLOCKED_MEDIUM_GINE,results/v28_imported/V28_ALL_RUNS_EVIDENCE_LOCK.json,eligible within exact variant/protocol/configuration scope,results/v28_imported/V28_ALL_RUNS_CLAIM_GATE_REPORT.json,main-paper eligible,"IBM AML-Data is synthetic. Threshold metrics use score >= 0.5. Compare GINE only on matched Small cells. The materialized node-history map is shared across protocols and is built from the first 60% of transactions; early-to-late therefore permits label-free covariates from 50-60%, which must be treated as part of its visibility contract."
V28::ibm_aml::li-medium::late_window_holdout::degree_capped_bipartite,IBM AML construction/feature ablation,IBM AML-Data,li-medium,synthetic financial transactions generated by IBM AML-Data,transaction/edge,"transaction is_laundering in {0,1}; positive=laundering (1)",chronological 60% train / 20% validation / 20% test,training structure degree-capped at q=0.995; 2032095 accounts; 31251483 transactions; 8 edge features,node history features use the first 60% of transactions (this protocol's training interval); test transaction labels unavailable,late_window_holdout,"edge-aware GraphSAGE h64, DegreeCap",1-10,10,F1@0.5; precision@0.5; recall@0.5; balanced accuracy; AUROC; AUPRC; runtime; saved scores,canonical imported full10 evidence,results/v28_imported/imported_json/V28_li-medium_degree_capped_bipartite_seed10_late_window_holdout.json;results/v28_imported/imported_json/V28_li-medium_degree_capped_bipartite_seed1_late_window_holdout.json;results/v28_imported/imported_json/V28_li-medium_degree_capped_bipartite_seed2_late_window_holdout.json;results/v28_imported/imported_json/V28_li-medium_degree_capped_bipartite_seed3_late_window_holdout.json;results/v28_imported/imported_json/V28_li-medium_degree_capped_bipartite_seed4_late_window_holdout.json;results/v28_imported/imported_json/V28_li-medium_degree_capped_bipartite_seed5_late_window_holdout.json;results/v28_imported/imported_json/V28_li-medium_degree_capped_bipartite_seed6_late_window_holdout.json;results/v28_imported/imported_json/V28_li-medium_degree_capped_bipartite_seed7_late_window_holdout.json;results/v28_imported/imported_json/V28_li-medium_degree_capped_bipartite_seed8_late_window_holdout.json;results/v28_imported/imported_json/V28_li-medium_degree_capped_bipartite_seed9_late_window_holdout.json,available for every seed/cell,results/v28_imported/V28_PREDICTION_EXPORT_MANIFEST.csv,variant=li-medium|protocol=late_window_holdout|seed|configuration,single Tesla T4 environment; assigned cuda:0; actual backends=cuda:0,PASS,results/v28_imported/V28_ALL_RUNS_VALIDATION_REPORT.json,PASS_WITH_RESOURCE_BLOCKED_MEDIUM_GINE,results/v28_imported/V28_ALL_RUNS_EVIDENCE_LOCK.json,eligible within exact variant/protocol/configuration scope,results/v28_imported/V28_ALL_RUNS_CLAIM_GATE_REPORT.json,main-paper eligible,"IBM AML-Data is synthetic. Threshold metrics use score >= 0.5. Compare GINE only on matched Small cells. The materialized node-history map is shared across protocols and is built from the first 60% of transactions; early-to-late therefore permits label-free covariates from 50-60%, which must be treated as part of its visibility contract."
V28::ibm_aml::li-medium::late_window_holdout::edge_aware_graphsage_h64_degree_only,IBM AML construction/feature ablation,IBM AML-Data,li-medium,synthetic financial transactions generated by IBM AML-Data,transaction/edge,"transaction is_laundering in {0,1}; positive=laundering (1)",chronological 60% train / 20% validation / 20% test,original graph; edge attributes replaced by endpoint-degree features; 2032095 accounts; 31251483 transactions; 4 edge features,node history features use the first 60% of transactions (this protocol's training interval); test transaction labels unavailable,late_window_holdout,"edge-aware GraphSAGE h64, DegreeOnly",1-10,10,F1@0.5; precision@0.5; recall@0.5; balanced accuracy; AUROC; AUPRC; runtime; saved scores,canonical imported full10 evidence,results/v28_imported/imported_json/V28_li-medium_degree_only_seed10_late_window_holdout.json;results/v28_imported/imported_json/V28_li-medium_degree_only_seed1_late_window_holdout.json;results/v28_imported/imported_json/V28_li-medium_degree_only_seed2_late_window_holdout.json;results/v28_imported/imported_json/V28_li-medium_degree_only_seed3_late_window_holdout.json;results/v28_imported/imported_json/V28_li-medium_degree_only_seed4_late_window_holdout.json;results/v28_imported/imported_json/V28_li-medium_degree_only_seed5_late_window_holdout.json;results/v28_imported/imported_json/V28_li-medium_degree_only_seed6_late_window_holdout.json;results/v28_imported/imported_json/V28_li-medium_degree_only_seed7_late_window_holdout.json;results/v28_imported/imported_json/V28_li-medium_degree_only_seed8_late_window_holdout.json;results/v28_imported/imported_json/V28_li-medium_degree_only_seed9_late_window_holdout.json,available for every seed/cell,results/v28_imported/V28_PREDICTION_EXPORT_MANIFEST.csv,variant=li-medium|protocol=late_window_holdout|seed|configuration,single Tesla T4 environment; assigned cuda:0; actual backends=cuda:0,PASS,results/v28_imported/V28_ALL_RUNS_VALIDATION_REPORT.json,PASS_WITH_RESOURCE_BLOCKED_MEDIUM_GINE,results/v28_imported/V28_ALL_RUNS_EVIDENCE_LOCK.json,eligible within exact variant/protocol/configuration scope,results/v28_imported/V28_ALL_RUNS_CLAIM_GATE_REPORT.json,main-paper eligible,"IBM AML-Data is synthetic. Threshold metrics use score >= 0.5. Compare GINE only on matched Small cells. The materialized node-history map is shared across protocols and is built from the first 60% of transactions; early-to-late therefore permits label-free covariates from 50-60%, which must be treated as part of its visibility contract."
V28::ibm_aml::li-medium::late_window_holdout::edge_aware_graphsage_h64_no_edge_features,IBM AML construction/feature ablation,IBM AML-Data,li-medium,synthetic financial transactions generated by IBM AML-Data,transaction/edge,"transaction is_laundering in {0,1}; positive=laundering (1)",chronological 60% train / 20% validation / 20% test,original graph structure; zeroed transaction features; 2032095 accounts; 31251483 transactions; 8 edge features,node history features use the first 60% of transactions (this protocol's training interval); test transaction labels unavailable,late_window_holdout,"edge-aware GraphSAGE h64, NoEdge",1-10,10,F1@0.5; precision@0.5; recall@0.5; balanced accuracy; AUROC; AUPRC; runtime; saved scores,canonical imported full10 evidence,results/v28_imported/imported_json/V28_li-medium_no_edge_features_seed10_late_window_holdout.json;results/v28_imported/imported_json/V28_li-medium_no_edge_features_seed1_late_window_holdout.json;results/v28_imported/imported_json/V28_li-medium_no_edge_features_seed2_late_window_holdout.json;results/v28_imported/imported_json/V28_li-medium_no_edge_features_seed3_late_window_holdout.json;results/v28_imported/imported_json/V28_li-medium_no_edge_features_seed4_late_window_holdout.json;results/v28_imported/imported_json/V28_li-medium_no_edge_features_seed5_late_window_holdout.json;results/v28_imported/imported_json/V28_li-medium_no_edge_features_seed6_late_window_holdout.json;results/v28_imported/imported_json/V28_li-medium_no_edge_features_seed7_late_window_holdout.json;results/v28_imported/imported_json/V28_li-medium_no_edge_features_seed8_late_window_holdout.json;results/v28_imported/imported_json/V28_li-medium_no_edge_features_seed9_late_window_holdout.json,available for every seed/cell,results/v28_imported/V28_PREDICTION_EXPORT_MANIFEST.csv,variant=li-medium|protocol=late_window_holdout|seed|configuration,single Tesla T4 environment; assigned cuda:0; actual backends=cuda:0,PASS,results/v28_imported/V28_ALL_RUNS_VALIDATION_REPORT.json,PASS_WITH_RESOURCE_BLOCKED_MEDIUM_GINE,results/v28_imported/V28_ALL_RUNS_EVIDENCE_LOCK.json,eligible within exact variant/protocol/configuration scope,results/v28_imported/V28_ALL_RUNS_CLAIM_GATE_REPORT.json,main-paper eligible,"IBM AML-Data is synthetic. Threshold metrics use score >= 0.5. Compare GINE only on matched Small cells. The materialized node-history map is shared across protocols and is built from the first 60% of transactions; early-to-late therefore permits label-free covariates from 50-60%, which must be treated as part of its visibility contract."
V28::ibm_aml::li-medium::late_window_holdout::edge_aware_graphsage_h64_shuffled_edge_features,IBM AML construction/feature ablation,IBM AML-Data,li-medium,synthetic financial transactions generated by IBM AML-Data,transaction/edge,"transaction is_laundering in {0,1}; positive=laundering (1)",chronological 60% train / 20% validation / 20% test,original graph; edge features shuffled within temporal masks; 2032095 accounts; 31251483 transactions; 8 edge features,node history features use the first 60% of transactions (this protocol's training interval); test transaction labels unavailable,late_window_holdout,"edge-aware GraphSAGE h64, ShuffledEdge",1-10,10,F1@0.5; precision@0.5; recall@0.5; balanced accuracy; AUROC; AUPRC; runtime; saved scores,canonical imported full10 evidence,results/v28_imported/imported_json/V28_li-medium_shuffled_edge_features_seed10_late_window_holdout.json;results/v28_imported/imported_json/V28_li-medium_shuffled_edge_features_seed1_late_window_holdout.json;results/v28_imported/imported_json/V28_li-medium_shuffled_edge_features_seed2_late_window_holdout.json;results/v28_imported/imported_json/V28_li-medium_shuffled_edge_features_seed3_late_window_holdout.json;results/v28_imported/imported_json/V28_li-medium_shuffled_edge_features_seed4_late_window_holdout.json;results/v28_imported/imported_json/V28_li-medium_shuffled_edge_features_seed5_late_window_holdout.json;results/v28_imported/imported_json/V28_li-medium_shuffled_edge_features_seed6_late_window_holdout.json;results/v28_imported/imported_json/V28_li-medium_shuffled_edge_features_seed7_late_window_holdout.json;results/v28_imported/imported_json/V28_li-medium_shuffled_edge_features_seed8_late_window_holdout.json;results/v28_imported/imported_json/V28_li-medium_shuffled_edge_features_seed9_late_window_holdout.json,available for every seed/cell,results/v28_imported/V28_PREDICTION_EXPORT_MANIFEST.csv,variant=li-medium|protocol=late_window_holdout|seed|configuration,single Tesla T4 environment; assigned cuda:0; actual backends=cuda:0,PASS,results/v28_imported/V28_ALL_RUNS_VALIDATION_REPORT.json,PASS_WITH_RESOURCE_BLOCKED_MEDIUM_GINE,results/v28_imported/V28_ALL_RUNS_EVIDENCE_LOCK.json,eligible within exact variant/protocol/configuration scope,results/v28_imported/V28_ALL_RUNS_CLAIM_GATE_REPORT.json,main-paper eligible,"IBM AML-Data is synthetic. Threshold metrics use score >= 0.5. Compare GINE only on matched Small cells. The materialized node-history map is shared across protocols and is built from the first 60% of transactions; early-to-late therefore permits label-free covariates from 50-60%, which must be treated as part of its visibility contract."
V28::ibm_aml::li-medium::late_window_holdout::recent_window_only_graph,IBM AML construction/feature ablation,IBM AML-Data,li-medium,synthetic financial transactions generated by IBM AML-Data,transaction/edge,"transaction is_laundering in {0,1}; positive=laundering (1)",chronological 60% train / 20% validation / 20% test,most recent 50% of training edges form message-passing structure; 2032095 accounts; 31251483 transactions; 8 edge features,node history features use the first 60% of transactions (this protocol's training interval); test transaction labels unavailable,late_window_holdout,"edge-aware GraphSAGE h64, RecentWindow",1-10,10,F1@0.5; precision@0.5; recall@0.5; balanced accuracy; AUROC; AUPRC; runtime; saved scores,canonical imported full10 evidence,results/v28_imported/imported_json/V28_li-medium_recent_window_only_graph_seed10_late_window_holdout.json;results/v28_imported/imported_json/V28_li-medium_recent_window_only_graph_seed1_late_window_holdout.json;results/v28_imported/imported_json/V28_li-medium_recent_window_only_graph_seed2_late_window_holdout.json;results/v28_imported/imported_json/V28_li-medium_recent_window_only_graph_seed3_late_window_holdout.json;results/v28_imported/imported_json/V28_li-medium_recent_window_only_graph_seed4_late_window_holdout.json;results/v28_imported/imported_json/V28_li-medium_recent_window_only_graph_seed5_late_window_holdout.json;results/v28_imported/imported_json/V28_li-medium_recent_window_only_graph_seed6_late_window_holdout.json;results/v28_imported/imported_json/V28_li-medium_recent_window_only_graph_seed7_late_window_holdout.json;results/v28_imported/imported_json/V28_li-medium_recent_window_only_graph_seed8_late_window_holdout.json;results/v28_imported/imported_json/V28_li-medium_recent_window_only_graph_seed9_late_window_holdout.json,available for every seed/cell,results/v28_imported/V28_PREDICTION_EXPORT_MANIFEST.csv,variant=li-medium|protocol=late_window_holdout|seed|configuration,single Tesla T4 environment; assigned cuda:0; actual backends=cuda:0,PASS,results/v28_imported/V28_ALL_RUNS_VALIDATION_REPORT.json,PASS_WITH_RESOURCE_BLOCKED_MEDIUM_GINE,results/v28_imported/V28_ALL_RUNS_EVIDENCE_LOCK.json,eligible within exact variant/protocol/configuration scope,results/v28_imported/V28_ALL_RUNS_CLAIM_GATE_REPORT.json,main-paper eligible,"IBM AML-Data is synthetic. Threshold metrics use score >= 0.5. Compare GINE only on matched Small cells. The materialized node-history map is shared across protocols and is built from the first 60% of transactions; early-to-late therefore permits label-free covariates from 50-60%, which must be treated as part of its visibility contract."
V28::ibm_aml::li-small::early_to_late_transfer::account_account_sender_receiver,IBM AML construction/feature ablation,IBM AML-Data,li-small,synthetic financial transactions generated by IBM AML-Data,transaction/edge,"transaction is_laundering in {0,1}; positive=laundering (1)",chronological 50% train / 20% validation / 30% test,sender-to-receiver account projection of transaction edges; 705907 accounts; 6924049 transactions; 8 edge features,"classifier labels use the first 50%, while the shared label-free node-history map uses the first 60% (including covariates from the first half of this protocol's validation interval); test labels unavailable",early_to_late_transfer,"edge-aware GraphSAGE h64, sender-receiver construction",1-10,10,F1@0.5; precision@0.5; recall@0.5; balanced accuracy; AUROC; AUPRC; runtime; saved scores,canonical imported full10 evidence,results/v28_imported/imported_json/V28_li-small_account_account_sender_receiver_seed10_early_to_late_transfer.json;results/v28_imported/imported_json/V28_li-small_account_account_sender_receiver_seed1_early_to_late_transfer.json;results/v28_imported/imported_json/V28_li-small_account_account_sender_receiver_seed2_early_to_late_transfer.json;results/v28_imported/imported_json/V28_li-small_account_account_sender_receiver_seed3_early_to_late_transfer.json;results/v28_imported/imported_json/V28_li-small_account_account_sender_receiver_seed4_early_to_late_transfer.json;results/v28_imported/imported_json/V28_li-small_account_account_sender_receiver_seed5_early_to_late_transfer.json;results/v28_imported/imported_json/V28_li-small_account_account_sender_receiver_seed6_early_to_late_transfer.json;results/v28_imported/imported_json/V28_li-small_account_account_sender_receiver_seed7_early_to_late_transfer.json;results/v28_imported/imported_json/V28_li-small_account_account_sender_receiver_seed8_early_to_late_transfer.json;results/v28_imported/imported_json/V28_li-small_account_account_sender_receiver_seed9_early_to_late_transfer.json,available for every seed/cell,results/v28_imported/V28_PREDICTION_EXPORT_MANIFEST.csv,variant=li-small|protocol=early_to_late_transfer|seed|configuration,single Tesla T4 environment; assigned cuda:0; actual backends=cuda:0,PASS,results/v28_imported/V28_ALL_RUNS_VALIDATION_REPORT.json,PASS_WITH_RESOURCE_BLOCKED_MEDIUM_GINE,results/v28_imported/V28_ALL_RUNS_EVIDENCE_LOCK.json,eligible within exact variant/protocol/configuration scope,results/v28_imported/V28_ALL_RUNS_CLAIM_GATE_REPORT.json,main-paper eligible,"IBM AML-Data is synthetic. Threshold metrics use score >= 0.5. Compare GINE only on matched Small cells. The materialized node-history map is shared across protocols and is built from the first 60% of transactions; early-to-late therefore permits label-free covariates from 50-60%, which must be treated as part of its visibility contract."
V28::ibm_aml::li-small::early_to_late_transfer::degree_capped_bipartite,IBM AML construction/feature ablation,IBM AML-Data,li-small,synthetic financial transactions generated by IBM AML-Data,transaction/edge,"transaction is_laundering in {0,1}; positive=laundering (1)",chronological 50% train / 20% validation / 30% test,training structure degree-capped at q=0.995; 705907 accounts; 6924049 transactions; 8 edge features,"classifier labels use the first 50%, while the shared label-free node-history map uses the first 60% (including covariates from the first half of this protocol's validation interval); test labels unavailable",early_to_late_transfer,"edge-aware GraphSAGE h64, DegreeCap",1-10,10,F1@0.5; precision@0.5; recall@0.5; balanced accuracy; AUROC; AUPRC; runtime; saved scores,canonical imported full10 evidence,results/v28_imported/imported_json/V28_li-small_degree_capped_bipartite_seed10_early_to_late_transfer.json;results/v28_imported/imported_json/V28_li-small_degree_capped_bipartite_seed1_early_to_late_transfer.json;results/v28_imported/imported_json/V28_li-small_degree_capped_bipartite_seed2_early_to_late_transfer.json;results/v28_imported/imported_json/V28_li-small_degree_capped_bipartite_seed3_early_to_late_transfer.json;results/v28_imported/imported_json/V28_li-small_degree_capped_bipartite_seed4_early_to_late_transfer.json;results/v28_imported/imported_json/V28_li-small_degree_capped_bipartite_seed5_early_to_late_transfer.json;results/v28_imported/imported_json/V28_li-small_degree_capped_bipartite_seed6_early_to_late_transfer.json;results/v28_imported/imported_json/V28_li-small_degree_capped_bipartite_seed7_early_to_late_transfer.json;results/v28_imported/imported_json/V28_li-small_degree_capped_bipartite_seed8_early_to_late_transfer.json;results/v28_imported/imported_json/V28_li-small_degree_capped_bipartite_seed9_early_to_late_transfer.json,available for every seed/cell,results/v28_imported/V28_PREDICTION_EXPORT_MANIFEST.csv,variant=li-small|protocol=early_to_late_transfer|seed|configuration,single Tesla T4 environment; assigned cuda:0; actual backends=cuda:0,PASS,results/v28_imported/V28_ALL_RUNS_VALIDATION_REPORT.json,PASS_WITH_RESOURCE_BLOCKED_MEDIUM_GINE,results/v28_imported/V28_ALL_RUNS_EVIDENCE_LOCK.json,eligible within exact variant/protocol/configuration scope,results/v28_imported/V28_ALL_RUNS_CLAIM_GATE_REPORT.json,main-paper eligible,"IBM AML-Data is synthetic. Threshold metrics use score >= 0.5. Compare GINE only on matched Small cells. The materialized node-history map is shared across protocols and is built from the first 60% of transactions; early-to-late therefore permits label-free covariates from 50-60%, which must be treated as part of its visibility contract."
V28::ibm_aml::li-small::early_to_late_transfer::edge_aware_graphsage_h64_degree_only,IBM AML construction/feature ablation,IBM AML-Data,li-small,synthetic financial transactions generated by IBM AML-Data,transaction/edge,"transaction is_laundering in {0,1}; positive=laundering (1)",chronological 50% train / 20% validation / 30% test,original graph; edge attributes replaced by endpoint-degree features; 705907 accounts; 6924049 transactions; 4 edge features,"classifier labels use the first 50%, while the shared label-free node-history map uses the first 60% (including covariates from the first half of this protocol's validation interval); test labels unavailable",early_to_late_transfer,"edge-aware GraphSAGE h64, DegreeOnly",1-10,10,F1@0.5; precision@0.5; recall@0.5; balanced accuracy; AUROC; AUPRC; runtime; saved scores,canonical imported full10 evidence,results/v28_imported/imported_json/V28_li-small_degree_only_seed10_early_to_late_transfer.json;results/v28_imported/imported_json/V28_li-small_degree_only_seed1_early_to_late_transfer.json;results/v28_imported/imported_json/V28_li-small_degree_only_seed2_early_to_late_transfer.json;results/v28_imported/imported_json/V28_li-small_degree_only_seed3_early_to_late_transfer.json;results/v28_imported/imported_json/V28_li-small_degree_only_seed4_early_to_late_transfer.json;results/v28_imported/imported_json/V28_li-small_degree_only_seed5_early_to_late_transfer.json;results/v28_imported/imported_json/V28_li-small_degree_only_seed6_early_to_late_transfer.json;results/v28_imported/imported_json/V28_li-small_degree_only_seed7_early_to_late_transfer.json;results/v28_imported/imported_json/V28_li-small_degree_only_seed8_early_to_late_transfer.json;results/v28_imported/imported_json/V28_li-small_degree_only_seed9_early_to_late_transfer.json,available for every seed/cell,results/v28_imported/V28_PREDICTION_EXPORT_MANIFEST.csv,variant=li-small|protocol=early_to_late_transfer|seed|configuration,single Tesla T4 environment; assigned cuda:0; actual backends=cuda:0,PASS,results/v28_imported/V28_ALL_RUNS_VALIDATION_REPORT.json,PASS_WITH_RESOURCE_BLOCKED_MEDIUM_GINE,results/v28_imported/V28_ALL_RUNS_EVIDENCE_LOCK.json,eligible within exact variant/protocol/configuration scope,results/v28_imported/V28_ALL_RUNS_CLAIM_GATE_REPORT.json,main-paper eligible,"IBM AML-Data is synthetic. Threshold metrics use score >= 0.5. Compare GINE only on matched Small cells. The materialized node-history map is shared across protocols and is built from the first 60% of transactions; early-to-late therefore permits label-free covariates from 50-60%, which must be treated as part of its visibility contract."
V28::ibm_aml::li-small::early_to_late_transfer::edge_aware_graphsage_h64_no_edge_features,IBM AML construction/feature ablation,IBM AML-Data,li-small,synthetic financial transactions generated by IBM AML-Data,transaction/edge,"transaction is_laundering in {0,1}; positive=laundering (1)",chronological 50% train / 20% validation / 30% test,original graph structure; zeroed transaction features; 705907 accounts; 6924049 transactions; 8 edge features,"classifier labels use the first 50%, while the shared label-free node-history map uses the first 60% (including covariates from the first half of this protocol's validation interval); test labels unavailable",early_to_late_transfer,"edge-aware GraphSAGE h64, NoEdge",1-10,10,F1@0.5; precision@0.5; recall@0.5; balanced accuracy; AUROC; AUPRC; runtime; saved scores,canonical imported full10 evidence,results/v28_imported/imported_json/V28_li-small_no_edge_features_seed10_early_to_late_transfer.json;results/v28_imported/imported_json/V28_li-small_no_edge_features_seed1_early_to_late_transfer.json;results/v28_imported/imported_json/V28_li-small_no_edge_features_seed2_early_to_late_transfer.json;results/v28_imported/imported_json/V28_li-small_no_edge_features_seed3_early_to_late_transfer.json;results/v28_imported/imported_json/V28_li-small_no_edge_features_seed4_early_to_late_transfer.json;results/v28_imported/imported_json/V28_li-small_no_edge_features_seed5_early_to_late_transfer.json;results/v28_imported/imported_json/V28_li-small_no_edge_features_seed6_early_to_late_transfer.json;results/v28_imported/imported_json/V28_li-small_no_edge_features_seed7_early_to_late_transfer.json;results/v28_imported/imported_json/V28_li-small_no_edge_features_seed8_early_to_late_transfer.json;results/v28_imported/imported_json/V28_li-small_no_edge_features_seed9_early_to_late_transfer.json,available for every seed/cell,results/v28_imported/V28_PREDICTION_EXPORT_MANIFEST.csv,variant=li-small|protocol=early_to_late_transfer|seed|configuration,single Tesla T4 environment; assigned cuda:0; actual backends=cuda:0,PASS,results/v28_imported/V28_ALL_RUNS_VALIDATION_REPORT.json,PASS_WITH_RESOURCE_BLOCKED_MEDIUM_GINE,results/v28_imported/V28_ALL_RUNS_EVIDENCE_LOCK.json,eligible within exact variant/protocol/configuration scope,results/v28_imported/V28_ALL_RUNS_CLAIM_GATE_REPORT.json,main-paper eligible,"IBM AML-Data is synthetic. Threshold metrics use score >= 0.5. Compare GINE only on matched Small cells. The materialized node-history map is shared across protocols and is built from the first 60% of transactions; early-to-late therefore permits label-free covariates from 50-60%, which must be treated as part of its visibility contract."
V28::ibm_aml::li-small::early_to_late_transfer::edge_aware_graphsage_h64_shuffled_edge_features,IBM AML construction/feature ablation,IBM AML-Data,li-small,synthetic financial transactions generated by IBM AML-Data,transaction/edge,"transaction is_laundering in {0,1}; positive=laundering (1)",chronological 50% train / 20% validation / 30% test,original graph; edge features shuffled within temporal masks; 705907 accounts; 6924049 transactions; 8 edge features,"classifier labels use the first 50%, while the shared label-free node-history map uses the first 60% (including covariates from the first half of this protocol's validation interval); test labels unavailable",early_to_late_transfer,"edge-aware GraphSAGE h64, ShuffledEdge",1-10,10,F1@0.5; precision@0.5; recall@0.5; balanced accuracy; AUROC; AUPRC; runtime; saved scores,canonical imported full10 evidence,results/v28_imported/imported_json/V28_li-small_shuffled_edge_features_seed10_early_to_late_transfer.json;results/v28_imported/imported_json/V28_li-small_shuffled_edge_features_seed1_early_to_late_transfer.json;results/v28_imported/imported_json/V28_li-small_shuffled_edge_features_seed2_early_to_late_transfer.json;results/v28_imported/imported_json/V28_li-small_shuffled_edge_features_seed3_early_to_late_transfer.json;results/v28_imported/imported_json/V28_li-small_shuffled_edge_features_seed4_early_to_late_transfer.json;results/v28_imported/imported_json/V28_li-small_shuffled_edge_features_seed5_early_to_late_transfer.json;results/v28_imported/imported_json/V28_li-small_shuffled_edge_features_seed6_early_to_late_transfer.json;results/v28_imported/imported_json/V28_li-small_shuffled_edge_features_seed7_early_to_late_transfer.json;results/v28_imported/imported_json/V28_li-small_shuffled_edge_features_seed8_early_to_late_transfer.json;results/v28_imported/imported_json/V28_li-small_shuffled_edge_features_seed9_early_to_late_transfer.json,available for every seed/cell,results/v28_imported/V28_PREDICTION_EXPORT_MANIFEST.csv,variant=li-small|protocol=early_to_late_transfer|seed|configuration,single Tesla T4 environment; assigned cuda:0; actual backends=cuda:0,PASS,results/v28_imported/V28_ALL_RUNS_VALIDATION_REPORT.json,PASS_WITH_RESOURCE_BLOCKED_MEDIUM_GINE,results/v28_imported/V28_ALL_RUNS_EVIDENCE_LOCK.json,eligible within exact variant/protocol/configuration scope,results/v28_imported/V28_ALL_RUNS_CLAIM_GATE_REPORT.json,main-paper eligible,"IBM AML-Data is synthetic. Threshold metrics use score >= 0.5. Compare GINE only on matched Small cells. The materialized node-history map is shared across protocols and is built from the first 60% of transactions; early-to-late therefore permits label-free covariates from 50-60%, which must be treated as part of its visibility contract."
V28::ibm_aml::li-small::early_to_late_transfer::gine_light_h64,IBM AML construction/feature ablation,IBM AML-Data,li-small,synthetic financial transactions generated by IBM AML-Data,transaction/edge,"transaction is_laundering in {0,1}; positive=laundering (1)",chronological 50% train / 20% validation / 30% test,account transaction network with original edge features; 705907 accounts; 6924049 transactions; 8 edge features,"classifier labels use the first 50%, while the shared label-free node-history map uses the first 60% (including covariates from the first half of this protocol's validation interval); test labels unavailable",early_to_late_transfer,one-layer GINE edge classifier h64,1-10,10,F1@0.5; precision@0.5; recall@0.5; balanced accuracy; AUROC; AUPRC; runtime; saved scores,canonical imported full10 evidence,results/v28_imported/imported_json/V28_li-small_gine_light_h64_seed10_early_to_late_transfer.json;results/v28_imported/imported_json/V28_li-small_gine_light_h64_seed1_early_to_late_transfer.json;results/v28_imported/imported_json/V28_li-small_gine_light_h64_seed2_early_to_late_transfer.json;results/v28_imported/imported_json/V28_li-small_gine_light_h64_seed3_early_to_late_transfer.json;results/v28_imported/imported_json/V28_li-small_gine_light_h64_seed4_early_to_late_transfer.json;results/v28_imported/imported_json/V28_li-small_gine_light_h64_seed5_early_to_late_transfer.json;results/v28_imported/imported_json/V28_li-small_gine_light_h64_seed6_early_to_late_transfer.json;results/v28_imported/imported_json/V28_li-small_gine_light_h64_seed7_early_to_late_transfer.json;results/v28_imported/imported_json/V28_li-small_gine_light_h64_seed8_early_to_late_transfer.json;results/v28_imported/imported_json/V28_li-small_gine_light_h64_seed9_early_to_late_transfer.json,available for every seed/cell,results/v28_imported/V28_PREDICTION_EXPORT_MANIFEST.csv,variant=li-small|protocol=early_to_late_transfer|seed|configuration,single Tesla T4 environment; assigned cuda:0; actual backends=cuda:0,PASS,results/v28_imported/V28_ALL_RUNS_VALIDATION_REPORT.json,PASS_WITH_RESOURCE_BLOCKED_MEDIUM_GINE,results/v28_imported/V28_ALL_RUNS_EVIDENCE_LOCK.json,eligible within exact variant/protocol/configuration scope,results/v28_imported/V28_ALL_RUNS_CLAIM_GATE_REPORT.json,main-paper eligible,"IBM AML-Data is synthetic. Threshold metrics use score >= 0.5. Compare GINE only on matched Small cells. The materialized node-history map is shared across protocols and is built from the first 60% of transactions; early-to-late therefore permits label-free covariates from 50-60%, which must be treated as part of its visibility contract."
V28::ibm_aml::li-small::early_to_late_transfer::recent_window_only_graph,IBM AML construction/feature ablation,IBM AML-Data,li-small,synthetic financial transactions generated by IBM AML-Data,transaction/edge,"transaction is_laundering in {0,1}; positive=laundering (1)",chronological 50% train / 20% validation / 30% test,most recent 50% of training edges form message-passing structure; 705907 accounts; 6924049 transactions; 8 edge features,"classifier labels use the first 50%, while the shared label-free node-history map uses the first 60% (including covariates from the first half of this protocol's validation interval); test labels unavailable",early_to_late_transfer,"edge-aware GraphSAGE h64, RecentWindow",1-10,10,F1@0.5; precision@0.5; recall@0.5; balanced accuracy; AUROC; AUPRC; runtime; saved scores,canonical imported full10 evidence,results/v28_imported/imported_json/V28_li-small_recent_window_only_graph_seed10_early_to_late_transfer.json;results/v28_imported/imported_json/V28_li-small_recent_window_only_graph_seed1_early_to_late_transfer.json;results/v28_imported/imported_json/V28_li-small_recent_window_only_graph_seed2_early_to_late_transfer.json;results/v28_imported/imported_json/V28_li-small_recent_window_only_graph_seed3_early_to_late_transfer.json;results/v28_imported/imported_json/V28_li-small_recent_window_only_graph_seed4_early_to_late_transfer.json;results/v28_imported/imported_json/V28_li-small_recent_window_only_graph_seed5_early_to_late_transfer.json;results/v28_imported/imported_json/V28_li-small_recent_window_only_graph_seed6_early_to_late_transfer.json;results/v28_imported/imported_json/V28_li-small_recent_window_only_graph_seed7_early_to_late_transfer.json;results/v28_imported/imported_json/V28_li-small_recent_window_only_graph_seed8_early_to_late_transfer.json;results/v28_imported/imported_json/V28_li-small_recent_window_only_graph_seed9_early_to_late_transfer.json,available for every seed/cell,results/v28_imported/V28_PREDICTION_EXPORT_MANIFEST.csv,variant=li-small|protocol=early_to_late_transfer|seed|configuration,single Tesla T4 environment; assigned cuda:0; actual backends=cuda:0,PASS,results/v28_imported/V28_ALL_RUNS_VALIDATION_REPORT.json,PASS_WITH_RESOURCE_BLOCKED_MEDIUM_GINE,results/v28_imported/V28_ALL_RUNS_EVIDENCE_LOCK.json,eligible within exact variant/protocol/configuration scope,results/v28_imported/V28_ALL_RUNS_CLAIM_GATE_REPORT.json,main-paper eligible,"IBM AML-Data is synthetic. Threshold metrics use score >= 0.5. Compare GINE only on matched Small cells. The materialized node-history map is shared across protocols and is built from the first 60% of transactions; early-to-late therefore permits label-free covariates from 50-60%, which must be treated as part of its visibility contract."
V28::ibm_aml::li-small::late_window_holdout::account_account_sender_receiver,IBM AML construction/feature ablation,IBM AML-Data,li-small,synthetic financial transactions generated by IBM AML-Data,transaction/edge,"transaction is_laundering in {0,1}; positive=laundering (1)",chronological 60% train / 20% validation / 20% test,sender-to-receiver account projection of transaction edges; 705907 accounts; 6924049 transactions; 8 edge features,node history features use the first 60% of transactions (this protocol's training interval); test transaction labels unavailable,late_window_holdout,"edge-aware GraphSAGE h64, sender-receiver construction",1-10,10,F1@0.5; precision@0.5; recall@0.5; balanced accuracy; AUROC; AUPRC; runtime; saved scores,canonical imported full10 evidence,results/v28_imported/imported_json/V28_li-small_account_account_sender_receiver_seed10_late_window_holdout.json;results/v28_imported/imported_json/V28_li-small_account_account_sender_receiver_seed1_late_window_holdout.json;results/v28_imported/imported_json/V28_li-small_account_account_sender_receiver_seed2_late_window_holdout.json;results/v28_imported/imported_json/V28_li-small_account_account_sender_receiver_seed3_late_window_holdout.json;results/v28_imported/imported_json/V28_li-small_account_account_sender_receiver_seed4_late_window_holdout.json;results/v28_imported/imported_json/V28_li-small_account_account_sender_receiver_seed5_late_window_holdout.json;results/v28_imported/imported_json/V28_li-small_account_account_sender_receiver_seed6_late_window_holdout.json;results/v28_imported/imported_json/V28_li-small_account_account_sender_receiver_seed7_late_window_holdout.json;results/v28_imported/imported_json/V28_li-small_account_account_sender_receiver_seed8_late_window_holdout.json;results/v28_imported/imported_json/V28_li-small_account_account_sender_receiver_seed9_late_window_holdout.json,available for every seed/cell,results/v28_imported/V28_PREDICTION_EXPORT_MANIFEST.csv,variant=li-small|protocol=late_window_holdout|seed|configuration,single Tesla T4 environment; assigned cuda:0; actual backends=cuda:0,PASS,results/v28_imported/V28_ALL_RUNS_VALIDATION_REPORT.json,PASS_WITH_RESOURCE_BLOCKED_MEDIUM_GINE,results/v28_imported/V28_ALL_RUNS_EVIDENCE_LOCK.json,eligible within exact variant/protocol/configuration scope,results/v28_imported/V28_ALL_RUNS_CLAIM_GATE_REPORT.json,main-paper eligible,"IBM AML-Data is synthetic. Threshold metrics use score >= 0.5. Compare GINE only on matched Small cells. The materialized node-history map is shared across protocols and is built from the first 60% of transactions; early-to-late therefore permits label-free covariates from 50-60%, which must be treated as part of its visibility contract."
V28::ibm_aml::li-small::late_window_holdout::degree_capped_bipartite,IBM AML construction/feature ablation,IBM AML-Data,li-small,synthetic financial transactions generated by IBM AML-Data,transaction/edge,"transaction is_laundering in {0,1}; positive=laundering (1)",chronological 60% train / 20% validation / 20% test,training structure degree-capped at q=0.995; 705907 accounts; 6924049 transactions; 8 edge features,node history features use the first 60% of transactions (this protocol's training interval); test transaction labels unavailable,late_window_holdout,"edge-aware GraphSAGE h64, DegreeCap",1-10,10,F1@0.5; precision@0.5; recall@0.5; balanced accuracy; AUROC; AUPRC; runtime; saved scores,canonical imported full10 evidence,results/v28_imported/imported_json/V28_li-small_degree_capped_bipartite_seed10_late_window_holdout.json;results/v28_imported/imported_json/V28_li-small_degree_capped_bipartite_seed1_late_window_holdout.json;results/v28_imported/imported_json/V28_li-small_degree_capped_bipartite_seed2_late_window_holdout.json;results/v28_imported/imported_json/V28_li-small_degree_capped_bipartite_seed3_late_window_holdout.json;results/v28_imported/imported_json/V28_li-small_degree_capped_bipartite_seed4_late_window_holdout.json;results/v28_imported/imported_json/V28_li-small_degree_capped_bipartite_seed5_late_window_holdout.json;results/v28_imported/imported_json/V28_li-small_degree_capped_bipartite_seed6_late_window_holdout.json;results/v28_imported/imported_json/V28_li-small_degree_capped_bipartite_seed7_late_window_holdout.json;results/v28_imported/imported_json/V28_li-small_degree_capped_bipartite_seed8_late_window_holdout.json;results/v28_imported/imported_json/V28_li-small_degree_capped_bipartite_seed9_late_window_holdout.json,available for every seed/cell,results/v28_imported/V28_PREDICTION_EXPORT_MANIFEST.csv,variant=li-small|protocol=late_window_holdout|seed|configuration,single Tesla T4 environment; assigned cuda:0; actual backends=cuda:0,PASS,results/v28_imported/V28_ALL_RUNS_VALIDATION_REPORT.json,PASS_WITH_RESOURCE_BLOCKED_MEDIUM_GINE,results/v28_imported/V28_ALL_RUNS_EVIDENCE_LOCK.json,eligible within exact variant/protocol/configuration scope,results/v28_imported/V28_ALL_RUNS_CLAIM_GATE_REPORT.json,main-paper eligible,"IBM AML-Data is synthetic. Threshold metrics use score >= 0.5. Compare GINE only on matched Small cells. The materialized node-history map is shared across protocols and is built from the first 60% of transactions; early-to-late therefore permits label-free covariates from 50-60%, which must be treated as part of its visibility contract."
V28::ibm_aml::li-small::late_window_holdout::edge_aware_graphsage_h64_degree_only,IBM AML construction/feature ablation,IBM AML-Data,li-small,synthetic financial transactions generated by IBM AML-Data,transaction/edge,"transaction is_laundering in {0,1}; positive=laundering (1)",chronological 60% train / 20% validation / 20% test,original graph; edge attributes replaced by endpoint-degree features; 705907 accounts; 6924049 transactions; 4 edge features,node history features use the first 60% of transactions (this protocol's training interval); test transaction labels unavailable,late_window_holdout,"edge-aware GraphSAGE h64, DegreeOnly",1-10,10,F1@0.5; precision@0.5; recall@0.5; balanced accuracy; AUROC; AUPRC; runtime; saved scores,canonical imported full10 evidence,results/v28_imported/imported_json/V28_li-small_degree_only_seed10_late_window_holdout.json;results/v28_imported/imported_json/V28_li-small_degree_only_seed1_late_window_holdout.json;results/v28_imported/imported_json/V28_li-small_degree_only_seed2_late_window_holdout.json;results/v28_imported/imported_json/V28_li-small_degree_only_seed3_late_window_holdout.json;results/v28_imported/imported_json/V28_li-small_degree_only_seed4_late_window_holdout.json;results/v28_imported/imported_json/V28_li-small_degree_only_seed5_late_window_holdout.json;results/v28_imported/imported_json/V28_li-small_degree_only_seed6_late_window_holdout.json;results/v28_imported/imported_json/V28_li-small_degree_only_seed7_late_window_holdout.json;results/v28_imported/imported_json/V28_li-small_degree_only_seed8_late_window_holdout.json;results/v28_imported/imported_json/V28_li-small_degree_only_seed9_late_window_holdout.json,available for every seed/cell,results/v28_imported/V28_PREDICTION_EXPORT_MANIFEST.csv,variant=li-small|protocol=late_window_holdout|seed|configuration,single Tesla T4 environment; assigned cuda:0; actual backends=cuda:0,PASS,results/v28_imported/V28_ALL_RUNS_VALIDATION_REPORT.json,PASS_WITH_RESOURCE_BLOCKED_MEDIUM_GINE,results/v28_imported/V28_ALL_RUNS_EVIDENCE_LOCK.json,eligible within exact variant/protocol/configuration scope,results/v28_imported/V28_ALL_RUNS_CLAIM_GATE_REPORT.json,main-paper eligible,"IBM AML-Data is synthetic. Threshold metrics use score >= 0.5. Compare GINE only on matched Small cells. The materialized node-history map is shared across protocols and is built from the first 60% of transactions; early-to-late therefore permits label-free covariates from 50-60%, which must be treated as part of its visibility contract."
V28::ibm_aml::li-small::late_window_holdout::edge_aware_graphsage_h64_no_edge_features,IBM AML construction/feature ablation,IBM AML-Data,li-small,synthetic financial transactions generated by IBM AML-Data,transaction/edge,"transaction is_laundering in {0,1}; positive=laundering (1)",chronological 60% train / 20% validation / 20% test,original graph structure; zeroed transaction features; 705907 accounts; 6924049 transactions; 8 edge features,node history features use the first 60% of transactions (this protocol's training interval); test transaction labels unavailable,late_window_holdout,"edge-aware GraphSAGE h64, NoEdge",1-10,10,F1@0.5; precision@0.5; recall@0.5; balanced accuracy; AUROC; AUPRC; runtime; saved scores,canonical imported full10 evidence,results/v28_imported/imported_json/V28_li-small_no_edge_features_seed10_late_window_holdout.json;results/v28_imported/imported_json/V28_li-small_no_edge_features_seed1_late_window_holdout.json;results/v28_imported/imported_json/V28_li-small_no_edge_features_seed2_late_window_holdout.json;results/v28_imported/imported_json/V28_li-small_no_edge_features_seed3_late_window_holdout.json;results/v28_imported/imported_json/V28_li-small_no_edge_features_seed4_late_window_holdout.json;results/v28_imported/imported_json/V28_li-small_no_edge_features_seed5_late_window_holdout.json;results/v28_imported/imported_json/V28_li-small_no_edge_features_seed6_late_window_holdout.json;results/v28_imported/imported_json/V28_li-small_no_edge_features_seed7_late_window_holdout.json;results/v28_imported/imported_json/V28_li-small_no_edge_features_seed8_late_window_holdout.json;results/v28_imported/imported_json/V28_li-small_no_edge_features_seed9_late_window_holdout.json,available for every seed/cell,results/v28_imported/V28_PREDICTION_EXPORT_MANIFEST.csv,variant=li-small|protocol=late_window_holdout|seed|configuration,single Tesla T4 environment; assigned cuda:0; actual backends=cuda:0,PASS,results/v28_imported/V28_ALL_RUNS_VALIDATION_REPORT.json,PASS_WITH_RESOURCE_BLOCKED_MEDIUM_GINE,results/v28_imported/V28_ALL_RUNS_EVIDENCE_LOCK.json,eligible within exact variant/protocol/configuration scope,results/v28_imported/V28_ALL_RUNS_CLAIM_GATE_REPORT.json,main-paper eligible,"IBM AML-Data is synthetic. Threshold metrics use score >= 0.5. Compare GINE only on matched Small cells. The materialized node-history map is shared across protocols and is built from the first 60% of transactions; early-to-late therefore permits label-free covariates from 50-60%, which must be treated as part of its visibility contract."
V28::ibm_aml::li-small::late_window_holdout::edge_aware_graphsage_h64_shuffled_edge_features,IBM AML construction/feature ablation,IBM AML-Data,li-small,synthetic financial transactions generated by IBM AML-Data,transaction/edge,"transaction is_laundering in {0,1}; positive=laundering (1)",chronological 60% train / 20% validation / 20% test,original graph; edge features shuffled within temporal masks; 705907 accounts; 6924049 transactions; 8 edge features,node history features use the first 60% of transactions (this protocol's training interval); test transaction labels unavailable,late_window_holdout,"edge-aware GraphSAGE h64, ShuffledEdge",1-10,10,F1@0.5; precision@0.5; recall@0.5; balanced accuracy; AUROC; AUPRC; runtime; saved scores,canonical imported full10 evidence,results/v28_imported/imported_json/V28_li-small_shuffled_edge_features_seed10_late_window_holdout.json;results/v28_imported/imported_json/V28_li-small_shuffled_edge_features_seed1_late_window_holdout.json;results/v28_imported/imported_json/V28_li-small_shuffled_edge_features_seed2_late_window_holdout.json;results/v28_imported/imported_json/V28_li-small_shuffled_edge_features_seed3_late_window_holdout.json;results/v28_imported/imported_json/V28_li-small_shuffled_edge_features_seed4_late_window_holdout.json;results/v28_imported/imported_json/V28_li-small_shuffled_edge_features_seed5_late_window_holdout.json;results/v28_imported/imported_json/V28_li-small_shuffled_edge_features_seed6_late_window_holdout.json;results/v28_imported/imported_json/V28_li-small_shuffled_edge_features_seed7_late_window_holdout.json;results/v28_imported/imported_json/V28_li-small_shuffled_edge_features_seed8_late_window_holdout.json;results/v28_imported/imported_json/V28_li-small_shuffled_edge_features_seed9_late_window_holdout.json,available for every seed/cell,results/v28_imported/V28_PREDICTION_EXPORT_MANIFEST.csv,variant=li-small|protocol=late_window_holdout|seed|configuration,single Tesla T4 environment; assigned cuda:0; actual backends=cuda:0,PASS,results/v28_imported/V28_ALL_RUNS_VALIDATION_REPORT.json,PASS_WITH_RESOURCE_BLOCKED_MEDIUM_GINE,results/v28_imported/V28_ALL_RUNS_EVIDENCE_LOCK.json,eligible within exact variant/protocol/configuration scope,results/v28_imported/V28_ALL_RUNS_CLAIM_GATE_REPORT.json,main-paper eligible,"IBM AML-Data is synthetic. Threshold metrics use score >= 0.5. Compare GINE only on matched Small cells. The materialized node-history map is shared across protocols and is built from the first 60% of transactions; early-to-late therefore permits label-free covariates from 50-60%, which must be treated as part of its visibility contract."
V28::ibm_aml::li-small::late_window_holdout::gine_light_h64,IBM AML construction/feature ablation,IBM AML-Data,li-small,synthetic financial transactions generated by IBM AML-Data,transaction/edge,"transaction is_laundering in {0,1}; positive=laundering (1)",chronological 60% train / 20% validation / 20% test,account transaction network with original edge features; 705907 accounts; 6924049 transactions; 8 edge features,node history features use the first 60% of transactions (this protocol's training interval); test transaction labels unavailable,late_window_holdout,one-layer GINE edge classifier h64,1-10,10,F1@0.5; precision@0.5; recall@0.5; balanced accuracy; AUROC; AUPRC; runtime; saved scores,canonical imported full10 evidence,results/v28_imported/imported_json/V28_li-small_gine_light_h64_seed10_late_window_holdout.json;results/v28_imported/imported_json/V28_li-small_gine_light_h64_seed1_late_window_holdout.json;results/v28_imported/imported_json/V28_li-small_gine_light_h64_seed2_late_window_holdout.json;results/v28_imported/imported_json/V28_li-small_gine_light_h64_seed3_late_window_holdout.json;results/v28_imported/imported_json/V28_li-small_gine_light_h64_seed4_late_window_holdout.json;results/v28_imported/imported_json/V28_li-small_gine_light_h64_seed5_late_window_holdout.json;results/v28_imported/imported_json/V28_li-small_gine_light_h64_seed6_late_window_holdout.json;results/v28_imported/imported_json/V28_li-small_gine_light_h64_seed7_late_window_holdout.json;results/v28_imported/imported_json/V28_li-small_gine_light_h64_seed8_late_window_holdout.json;results/v28_imported/imported_json/V28_li-small_gine_light_h64_seed9_late_window_holdout.json,available for every seed/cell,results/v28_imported/V28_PREDICTION_EXPORT_MANIFEST.csv,variant=li-small|protocol=late_window_holdout|seed|configuration,single Tesla T4 environment; assigned cuda:0; actual backends=cuda:0,PASS,results/v28_imported/V28_ALL_RUNS_VALIDATION_REPORT.json,PASS_WITH_RESOURCE_BLOCKED_MEDIUM_GINE,results/v28_imported/V28_ALL_RUNS_EVIDENCE_LOCK.json,eligible within exact variant/protocol/configuration scope,results/v28_imported/V28_ALL_RUNS_CLAIM_GATE_REPORT.json,main-paper eligible,"IBM AML-Data is synthetic. Threshold metrics use score >= 0.5. Compare GINE only on matched Small cells. The materialized node-history map is shared across protocols and is built from the first 60% of transactions; early-to-late therefore permits label-free covariates from 50-60%, which must be treated as part of its visibility contract."
V28::ibm_aml::li-small::late_window_holdout::recent_window_only_graph,IBM AML construction/feature ablation,IBM AML-Data,li-small,synthetic financial transactions generated by IBM AML-Data,transaction/edge,"transaction is_laundering in {0,1}; positive=laundering (1)",chronological 60% train / 20% validation / 20% test,most recent 50% of training edges form message-passing structure; 705907 accounts; 6924049 transactions; 8 edge features,node history features use the first 60% of transactions (this protocol's training interval); test transaction labels unavailable,late_window_holdout,"edge-aware GraphSAGE h64, RecentWindow",1-10,10,F1@0.5; precision@0.5; recall@0.5; balanced accuracy; AUROC; AUPRC; runtime; saved scores,canonical imported full10 evidence,results/v28_imported/imported_json/V28_li-small_recent_window_only_graph_seed10_late_window_holdout.json;results/v28_imported/imported_json/V28_li-small_recent_window_only_graph_seed1_late_window_holdout.json;results/v28_imported/imported_json/V28_li-small_recent_window_only_graph_seed2_late_window_holdout.json;results/v28_imported/imported_json/V28_li-small_recent_window_only_graph_seed3_late_window_holdout.json;results/v28_imported/imported_json/V28_li-small_recent_window_only_graph_seed4_late_window_holdout.json;results/v28_imported/imported_json/V28_li-small_recent_window_only_graph_seed5_late_window_holdout.json;results/v28_imported/imported_json/V28_li-small_recent_window_only_graph_seed6_late_window_holdout.json;results/v28_imported/imported_json/V28_li-small_recent_window_only_graph_seed7_late_window_holdout.json;results/v28_imported/imported_json/V28_li-small_recent_window_only_graph_seed8_late_window_holdout.json;results/v28_imported/imported_json/V28_li-small_recent_window_only_graph_seed9_late_window_holdout.json,available for every seed/cell,results/v28_imported/V28_PREDICTION_EXPORT_MANIFEST.csv,variant=li-small|protocol=late_window_holdout|seed|configuration,single Tesla T4 environment; assigned cuda:0; actual backends=cuda:0,PASS,results/v28_imported/V28_ALL_RUNS_VALIDATION_REPORT.json,PASS_WITH_RESOURCE_BLOCKED_MEDIUM_GINE,results/v28_imported/V28_ALL_RUNS_EVIDENCE_LOCK.json,eligible within exact variant/protocol/configuration scope,results/v28_imported/V28_ALL_RUNS_CLAIM_GATE_REPORT.json,main-paper eligible,"IBM AML-Data is synthetic. Threshold metrics use score >= 0.5. Compare GINE only on matched Small cells. The materialized node-history map is shared across protocols and is built from the first 60% of transactions; early-to-late therefore permits label-free covariates from 50-60%, which must be treated as part of its visibility contract."
V29::governance_surface,integrated benchmark summaries,inherits V26-V28/RB families,not an independent experiment,derived/tooling,inherits sources,inherits sources,inherits sources,inherits sources,inherits sources,audit/tooling,not applicable,inherits sources,,derived only,downstream audit/release surface,results/v29_integrated,not a new prediction family,inherits canonical inputs,inherits source analysis,no new model training,present,results/v29_integrated,does not supersede canonical empirical locks,V26/V27/V28 and source-family locks,navigation/tooling only,results/v29_integrated,diagnostic-only,"derived, not a new empirical family"
V30::governance_surface,expected finalization layer,none,not an independent experiment,missing,none,none,none,none,none,audit/tooling,not applicable,none,,none,absent,results/v30_final,not a new prediction family,inherits canonical inputs,inherits source analysis,no new model training,MISSING_DIRECTORY,results/v30_final,does not supersede canonical empirical locks,V26/V27/V28 and source-family locks,navigation/tooling only,results/v30_final,excluded,directory absent
V31::governance_surface,public evaluator,inherits V26-V28/RB families,not an independent experiment,derived/tooling,inherits sources,inherits sources,inherits sources,inherits sources,inherits sources,audit/tooling,not applicable,inherits sources,,derived only,downstream audit/release surface,results/v31_public_evaluator,not a new prediction family,inherits canonical inputs,inherits source analysis,no new model training,present,results/v31_public_evaluator,does not supersede canonical empirical locks,V26/V27/V28 and source-family locks,navigation/tooling only,results/v31_public_evaluator,diagnostic-only,evaluation tooling
V32::governance_surface,hidden-test contract,inherits V26-V28/RB families,not an independent experiment,derived/tooling,inherits sources,inherits sources,inherits sources,inherits sources,inherits sources,audit/tooling,not applicable,inherits sources,,derived only,downstream audit/release surface,results/v32_hidden_test,not a new prediction family,inherits canonical inputs,inherits source analysis,no new model training,present,results/v32_hidden_test,does not supersede canonical empirical locks,V26/V27/V28 and source-family locks,navigation/tooling only,results/v32_hidden_test,diagnostic-only,governance/tooling
V33::governance_surface,dataset onboarding,inherits V26-V28/RB families,not an independent experiment,derived/tooling,inherits sources,inherits sources,inherits sources,inherits sources,inherits sources,audit/tooling,not applicable,inherits sources,,derived only,downstream audit/release surface,results/v33_dataset_onboarding,not a new prediction family,inherits canonical inputs,inherits source analysis,no new model training,present,results/v33_dataset_onboarding,does not supersede canonical empirical locks,V26/V27/V28 and source-family locks,navigation/tooling only,results/v33_dataset_onboarding,diagnostic-only,documentation/contract
V34::governance_surface,model onboarding,inherits V26-V28/RB families,not an independent experiment,derived/tooling,inherits sources,inherits sources,inherits sources,inherits sources,inherits sources,audit/tooling,not applicable,inherits sources,,derived only,downstream audit/release surface,results/v34_model_onboarding,not a new prediction family,inherits canonical inputs,inherits source analysis,no new model training,present,results/v34_model_onboarding,does not supersede canonical empirical locks,V26/V27/V28 and source-family locks,navigation/tooling only,results/v34_model_onboarding,diagnostic-only,documentation/contract
V35::governance_surface,resource stress audit,inherits V26-V28/RB families,not an independent experiment,derived/tooling,inherits sources,inherits sources,inherits sources,inherits sources,inherits sources,audit/tooling,not applicable,inherits sources,,derived only,downstream audit/release surface,results/v35_stress,not a new prediction family,inherits canonical inputs,inherits source analysis,no new model training,present,results/v35_stress,does not supersede canonical empirical locks,V26/V27/V28 and source-family locks,navigation/tooling only,results/v35_stress,diagnostic-only,resource-governance derivative
V36::governance_surface,compute fairness,inherits V26-V28/RB families,not an independent experiment,derived/tooling,inherits sources,inherits sources,inherits sources,inherits sources,inherits sources,audit/tooling,not applicable,inherits sources,,derived only,downstream audit/release surface,results/v36_compute_fairness,not a new prediction family,inherits canonical inputs,inherits source analysis,no new model training,present,results/v36_compute_fairness,does not supersede canonical empirical locks,V26/V27/V28 and source-family locks,navigation/tooling only,results/v36_compute_fairness,diagnostic-only,resource-governance derivative
V37::governance_surface,calibration/review-budget analysis,inherits V26-V28/RB families,not an independent experiment,derived/tooling,inherits sources,inherits sources,inherits sources,inherits sources,inherits sources,audit/tooling,not applicable,inherits sources,,derived only,downstream audit/release surface,results/v37_calibration,not a new prediction family,inherits canonical inputs,inherits source analysis,no new model training,present,results/v37_calibration,does not supersede canonical empirical locks,V26/V27/V28 and source-family locks,navigation/tooling only,results/v37_calibration,diagnostic-only,CPU-only derivative
V38::governance_surface,cross-variant transfer summary,inherits V26-V28/RB families,not an independent experiment,derived/tooling,inherits sources,inherits sources,inherits sources,inherits sources,inherits sources,audit/tooling,not applicable,inherits sources,,derived only,downstream audit/release surface,results/v38_transfer,not a new prediction family,inherits canonical inputs,inherits source analysis,no new model training,present,results/v38_transfer,does not supersede canonical empirical locks,V26/V27/V28 and source-family locks,navigation/tooling only,results/v38_transfer,diagnostic-only,derived aggregate
V39::governance_surface,release layer,inherits V26-V28/RB families,not an independent experiment,derived/tooling,inherits sources,inherits sources,inherits sources,inherits sources,inherits sources,audit/tooling,not applicable,inherits sources,,derived only,downstream audit/release surface,results/v39_release,not a new prediction family,inherits canonical inputs,inherits source analysis,no new model training,present,results/v39_release,does not supersede canonical empirical locks,V26/V27/V28 and source-family locks,navigation/tooling only,results/v39_release,diagnostic-only,release/audit surface
