version,variant,size,regime,protocol,config,n,positive_rate_mean,source_paths,auprc_mean,auprc_std,auprc_ci95_low,auprc_ci95_high,auroc_mean,auroc_std,auroc_ci95_low,auroc_ci95_high,f1_mean,f1_std,f1_ci95_low,f1_ci95_high,precision_mean,precision_std,precision_ci95_low,precision_ci95_high,recall_mean,recall_std,recall_ci95_low,recall_ci95_high,balanced_accuracy_mean,balanced_accuracy_std,balanced_accuracy_ci95_low,balanced_accuracy_ci95_high,runtime_seconds_mean,runtime_seconds_std,runtime_seconds_ci95_low,runtime_seconds_ci95_high,normalized_auprc,auprc_lift_above_prevalence
V26,hi-medium,medium,hi,early_to_late_transfer,graphsage_edge_minibatch_h32,10,0.0014783469767193007,results/v26_imported/ibm_aml/hi-medium/V26_IBM_AML_HI_MEDIUM_SEEDS_1_2_P100_SINGLEGPU_SINGLEZIP/json/ibm_aml_hi_medium__early_to_late_transfer__graphsage_edge_minibatch_h32__seed1.json;results/v26_imported/ibm_aml/hi-medium/V26_IBM_AML_HI_MEDIUM_SEEDS_1_2_P100_SINGLEGPU_SINGLEZIP/json/ibm_aml_hi_medium__early_to_late_transfer__graphsage_edge_minibatch_h32__seed2.json;results/v26_imported/ibm_aml/hi-medium/V26_IBM_AML_HI_MEDIUM_SEEDS_3_4_T4_SINGLEGPU_SINGLEZIP/json/ibm_aml_hi_medium__early_to_late_transfer__graphsage_edge_minibatch_h32__seed3.json;results/v26_imported/ibm_aml/hi-medium/V26_IBM_AML_HI_MEDIUM_SEEDS_3_4_T4_SINGLEGPU_SINGLEZIP/json/ibm_aml_hi_medium__early_to_late_transfer__graphsage_edge_minibatch_h32__seed4.json;results/v26_imported/ibm_aml/hi-medium/V26_IBM_AML_HI_MEDIUM_SEEDS_5_6_T4_SINGLEGPU_SINGLEZIP/json/ibm_aml_hi_medium__early_to_late_transfer__graphsage_edge_minibatch_h32__seed5.json;results/v26_imported/ibm_aml/hi-medium/V26_IBM_AML_HI_MEDIUM_SEEDS_5_6_T4_SINGLEGPU_SINGLEZIP/json/ibm_aml_hi_medium__early_to_late_transfer__graphsage_edge_minibatch_h32__seed6.json;results/v26_imported/ibm_aml/hi-medium/V26_IBM_AML_HI_MEDIUM_SEEDS_7_8_T4_SINGLEGPU_SINGLEZIP/json/ibm_aml_hi_medium__early_to_late_transfer__graphsage_edge_minibatch_h32__seed7.json;results/v26_imported/ibm_aml/hi-medium/V26_IBM_AML_HI_MEDIUM_SEEDS_7_8_T4_SINGLEGPU_SINGLEZIP/json/ibm_aml_hi_medium__early_to_late_transfer__graphsage_edge_minibatch_h32__seed8.json;results/v26_imported/ibm_aml/hi-medium/V26_IBM_AML_HI_MEDIUM_SEEDS_9_10_T4_SINGLEGPU_SINGLEZIP/json/ibm_aml_hi_medium__early_to_late_transfer__graphsage_edge_minibatch_h32__seed10.json;results/v26_imported/ibm_aml/hi-medium/V26_IBM_AML_HI_MEDIUM_SEEDS_9_10_T4_SINGLEGPU_SINGLEZIP/json/ibm_aml_hi_medium__early_to_late_transfer__graphsage_edge_minibatch_h32__seed9.json,0.02484352058358768,0.005958620086642255,0.02126367925485733,0.028268393377219765,0.8818313457136522,0.01853726399486901,0.8708658582467895,0.8928005362486647,0.020786287460669788,0.005392420183298677,0.017496574914477144,0.02377466697784149,0.010563558146929063,0.002779924600074003,0.008852807831948771,0.012146224737358435,0.6959143281261044,0.03283791347550807,0.6762417827101153,0.7138195377111755,0.795066603040795,0.015556894325457074,0.7854254497862068,0.8039314414255231,186.8332,9.734249418077049,181.17666749999998,192.55094250000002,16.80493211324422,0.023365173606868378
V26,hi-medium,medium,hi,early_to_late_transfer,hist_gradient_boosting_edge_features,10,0.0014783469767193007,results/v26_imported/ibm_aml/hi-medium/V26_IBM_AML_HI_MEDIUM_SEEDS_1_2_P100_SINGLEGPU_SINGLEZIP/json/ibm_aml_hi_medium__early_to_late_transfer__hist_gradient_boosting_edge_features__seed1.json;results/v26_imported/ibm_aml/hi-medium/V26_IBM_AML_HI_MEDIUM_SEEDS_1_2_P100_SINGLEGPU_SINGLEZIP/json/ibm_aml_hi_medium__early_to_late_transfer__hist_gradient_boosting_edge_features__seed2.json;results/v26_imported/ibm_aml/hi-medium/V26_IBM_AML_HI_MEDIUM_SEEDS_3_4_T4_SINGLEGPU_SINGLEZIP/json/ibm_aml_hi_medium__early_to_late_transfer__hist_gradient_boosting_edge_features__seed3.json;results/v26_imported/ibm_aml/hi-medium/V26_IBM_AML_HI_MEDIUM_SEEDS_3_4_T4_SINGLEGPU_SINGLEZIP/json/ibm_aml_hi_medium__early_to_late_transfer__hist_gradient_boosting_edge_features__seed4.json;results/v26_imported/ibm_aml/hi-medium/V26_IBM_AML_HI_MEDIUM_SEEDS_5_6_T4_SINGLEGPU_SINGLEZIP/json/ibm_aml_hi_medium__early_to_late_transfer__hist_gradient_boosting_edge_features__seed5.json;results/v26_imported/ibm_aml/hi-medium/V26_IBM_AML_HI_MEDIUM_SEEDS_5_6_T4_SINGLEGPU_SINGLEZIP/json/ibm_aml_hi_medium__early_to_late_transfer__hist_gradient_boosting_edge_features__seed6.json;results/v26_imported/ibm_aml/hi-medium/V26_IBM_AML_HI_MEDIUM_SEEDS_7_8_T4_SINGLEGPU_SINGLEZIP/json/ibm_aml_hi_medium__early_to_late_transfer__hist_gradient_boosting_edge_features__seed7.json;results/v26_imported/ibm_aml/hi-medium/V26_IBM_AML_HI_MEDIUM_SEEDS_7_8_T4_SINGLEGPU_SINGLEZIP/json/ibm_aml_hi_medium__early_to_late_transfer__hist_gradient_boosting_edge_features__seed8.json;results/v26_imported/ibm_aml/hi-medium/V26_IBM_AML_HI_MEDIUM_SEEDS_9_10_T4_SINGLEGPU_SINGLEZIP/json/ibm_aml_hi_medium__early_to_late_transfer__hist_gradient_boosting_edge_features__seed10.json;results/v26_imported/ibm_aml/hi-medium/V26_IBM_AML_HI_MEDIUM_SEEDS_9_10_T4_SINGLEGPU_SINGLEZIP/json/ibm_aml_hi_medium__early_to_late_transfer__hist_gradient_boosting_edge_features__seed9.json,0.08898457290212702,0.009535196925157467,0.0834922987453582,0.09459601456994898,0.9023202696355405,0.012121293369938335,0.8953956977292244,0.9095828848674495,0.11956939855494622,0.03765781408054598,0.09455049325903672,0.13773635558100011,0.2048855658775445,0.016222098850386123,0.1951155319638197,0.21418236726003562,0.08717749346151128,0.030654782841855962,0.06701721212978017,0.10253799392097264,0.5433425855588437,0.015248942959885381,0.5335547789397967,0.5510132088923815,38.9871,2.2507700139186926,37.713589999999996,40.34987,60.19194025721802,0.08750622592540773
V26,hi-medium,medium,hi,early_to_late_transfer,logistic_regression_edge_features,10,0.0014783469767193007,results/v26_imported/ibm_aml/hi-medium/V26_IBM_AML_HI_MEDIUM_SEEDS_1_2_P100_SINGLEGPU_SINGLEZIP/json/ibm_aml_hi_medium__early_to_late_transfer__logistic_regression_edge_features__seed1.json;results/v26_imported/ibm_aml/hi-medium/V26_IBM_AML_HI_MEDIUM_SEEDS_1_2_P100_SINGLEGPU_SINGLEZIP/json/ibm_aml_hi_medium__early_to_late_transfer__logistic_regression_edge_features__seed2.json;results/v26_imported/ibm_aml/hi-medium/V26_IBM_AML_HI_MEDIUM_SEEDS_3_4_T4_SINGLEGPU_SINGLEZIP/json/ibm_aml_hi_medium__early_to_late_transfer__logistic_regression_edge_features__seed3.json;results/v26_imported/ibm_aml/hi-medium/V26_IBM_AML_HI_MEDIUM_SEEDS_3_4_T4_SINGLEGPU_SINGLEZIP/json/ibm_aml_hi_medium__early_to_late_transfer__logistic_regression_edge_features__seed4.json;results/v26_imported/ibm_aml/hi-medium/V26_IBM_AML_HI_MEDIUM_SEEDS_5_6_T4_SINGLEGPU_SINGLEZIP/json/ibm_aml_hi_medium__early_to_late_transfer__logistic_regression_edge_features__seed5.json;results/v26_imported/ibm_aml/hi-medium/V26_IBM_AML_HI_MEDIUM_SEEDS_5_6_T4_SINGLEGPU_SINGLEZIP/json/ibm_aml_hi_medium__early_to_late_transfer__logistic_regression_edge_features__seed6.json;results/v26_imported/ibm_aml/hi-medium/V26_IBM_AML_HI_MEDIUM_SEEDS_7_8_T4_SINGLEGPU_SINGLEZIP/json/ibm_aml_hi_medium__early_to_late_transfer__logistic_regression_edge_features__seed7.json;results/v26_imported/ibm_aml/hi-medium/V26_IBM_AML_HI_MEDIUM_SEEDS_7_8_T4_SINGLEGPU_SINGLEZIP/json/ibm_aml_hi_medium__early_to_late_transfer__logistic_regression_edge_features__seed8.json;results/v26_imported/ibm_aml/hi-medium/V26_IBM_AML_HI_MEDIUM_SEEDS_9_10_T4_SINGLEGPU_SINGLEZIP/json/ibm_aml_hi_medium__early_to_late_transfer__logistic_regression_edge_features__seed10.json;results/v26_imported/ibm_aml/hi-medium/V26_IBM_AML_HI_MEDIUM_SEEDS_9_10_T4_SINGLEGPU_SINGLEZIP/json/ibm_aml_hi_medium__early_to_late_transfer__logistic_regression_edge_features__seed9.json,0.01393036709039858,1.828559098217032e-18,0.01393036709039858,0.01393036709039858,0.9126714767010469,2.340555645717801e-16,0.9126714767010469,0.9126714767010469,0.017959441021018353,3.657118196434064e-18,0.017959441021018353,0.017959441021018353,0.009070012736825344,1.828559098217032e-18,0.009070012736825344,0.009070012736825344,0.9020286986640278,1.1702778228589004e-16,0.9020286986640278,0.9020286986640278,0.8780611530775693,0.0,0.8780611530775693,0.8780611530775693,47.4527,2.3878025718685842,46.20427,48.988850000000006,9.422934743853162,0.012452020113679279
V26,hi-medium,medium,hi,late_window_holdout,graphsage_edge_minibatch_h32,10,0.0016681171124174876,results/v26_imported/ibm_aml/hi-medium/V26_IBM_AML_HI_MEDIUM_SEEDS_1_2_P100_SINGLEGPU_SINGLEZIP/json/ibm_aml_hi_medium__late_window_holdout__graphsage_edge_minibatch_h32__seed1.json;results/v26_imported/ibm_aml/hi-medium/V26_IBM_AML_HI_MEDIUM_SEEDS_1_2_P100_SINGLEGPU_SINGLEZIP/json/ibm_aml_hi_medium__late_window_holdout__graphsage_edge_minibatch_h32__seed2.json;results/v26_imported/ibm_aml/hi-medium/V26_IBM_AML_HI_MEDIUM_SEEDS_3_4_T4_SINGLEGPU_SINGLEZIP/json/ibm_aml_hi_medium__late_window_holdout__graphsage_edge_minibatch_h32__seed3.json;results/v26_imported/ibm_aml/hi-medium/V26_IBM_AML_HI_MEDIUM_SEEDS_3_4_T4_SINGLEGPU_SINGLEZIP/json/ibm_aml_hi_medium__late_window_holdout__graphsage_edge_minibatch_h32__seed4.json;results/v26_imported/ibm_aml/hi-medium/V26_IBM_AML_HI_MEDIUM_SEEDS_5_6_T4_SINGLEGPU_SINGLEZIP/json/ibm_aml_hi_medium__late_window_holdout__graphsage_edge_minibatch_h32__seed5.json;results/v26_imported/ibm_aml/hi-medium/V26_IBM_AML_HI_MEDIUM_SEEDS_5_6_T4_SINGLEGPU_SINGLEZIP/json/ibm_aml_hi_medium__late_window_holdout__graphsage_edge_minibatch_h32__seed6.json;results/v26_imported/ibm_aml/hi-medium/V26_IBM_AML_HI_MEDIUM_SEEDS_7_8_T4_SINGLEGPU_SINGLEZIP/json/ibm_aml_hi_medium__late_window_holdout__graphsage_edge_minibatch_h32__seed7.json;results/v26_imported/ibm_aml/hi-medium/V26_IBM_AML_HI_MEDIUM_SEEDS_7_8_T4_SINGLEGPU_SINGLEZIP/json/ibm_aml_hi_medium__late_window_holdout__graphsage_edge_minibatch_h32__seed8.json;results/v26_imported/ibm_aml/hi-medium/V26_IBM_AML_HI_MEDIUM_SEEDS_9_10_T4_SINGLEGPU_SINGLEZIP/json/ibm_aml_hi_medium__late_window_holdout__graphsage_edge_minibatch_h32__seed10.json;results/v26_imported/ibm_aml/hi-medium/V26_IBM_AML_HI_MEDIUM_SEEDS_9_10_T4_SINGLEGPU_SINGLEZIP/json/ibm_aml_hi_medium__late_window_holdout__graphsage_edge_minibatch_h32__seed9.json,0.03712042574696395,0.012385265469920253,0.029733400191536325,0.04393390894128909,0.907628034495113,0.015875875054611154,0.8977751732542684,0.916315910419866,0.017114905126951588,0.00809342790096114,0.012525006583491774,0.021962718557973222,0.008679265693208118,0.004160951032793277,0.0063765256233368,0.011256694754293558,0.8185773350873895,0.11168233084850261,0.7526106464950196,0.8830024901334336,0.8061557061365301,0.018292843617825908,0.7951894092213383,0.8167334067227829,220.93040000000002,12.089859223516395,213.67255499999996,227.88796750000003,22.252889482782095,0.03545230863454646
V26,hi-medium,medium,hi,late_window_holdout,hist_gradient_boosting_edge_features,10,0.0016681171124174876,results/v26_imported/ibm_aml/hi-medium/V26_IBM_AML_HI_MEDIUM_SEEDS_1_2_P100_SINGLEGPU_SINGLEZIP/json/ibm_aml_hi_medium__late_window_holdout__hist_gradient_boosting_edge_features__seed1.json;results/v26_imported/ibm_aml/hi-medium/V26_IBM_AML_HI_MEDIUM_SEEDS_1_2_P100_SINGLEGPU_SINGLEZIP/json/ibm_aml_hi_medium__late_window_holdout__hist_gradient_boosting_edge_features__seed2.json;results/v26_imported/ibm_aml/hi-medium/V26_IBM_AML_HI_MEDIUM_SEEDS_3_4_T4_SINGLEGPU_SINGLEZIP/json/ibm_aml_hi_medium__late_window_holdout__hist_gradient_boosting_edge_features__seed3.json;results/v26_imported/ibm_aml/hi-medium/V26_IBM_AML_HI_MEDIUM_SEEDS_3_4_T4_SINGLEGPU_SINGLEZIP/json/ibm_aml_hi_medium__late_window_holdout__hist_gradient_boosting_edge_features__seed4.json;results/v26_imported/ibm_aml/hi-medium/V26_IBM_AML_HI_MEDIUM_SEEDS_5_6_T4_SINGLEGPU_SINGLEZIP/json/ibm_aml_hi_medium__late_window_holdout__hist_gradient_boosting_edge_features__seed5.json;results/v26_imported/ibm_aml/hi-medium/V26_IBM_AML_HI_MEDIUM_SEEDS_5_6_T4_SINGLEGPU_SINGLEZIP/json/ibm_aml_hi_medium__late_window_holdout__hist_gradient_boosting_edge_features__seed6.json;results/v26_imported/ibm_aml/hi-medium/V26_IBM_AML_HI_MEDIUM_SEEDS_7_8_T4_SINGLEGPU_SINGLEZIP/json/ibm_aml_hi_medium__late_window_holdout__hist_gradient_boosting_edge_features__seed7.json;results/v26_imported/ibm_aml/hi-medium/V26_IBM_AML_HI_MEDIUM_SEEDS_7_8_T4_SINGLEGPU_SINGLEZIP/json/ibm_aml_hi_medium__late_window_holdout__hist_gradient_boosting_edge_features__seed8.json;results/v26_imported/ibm_aml/hi-medium/V26_IBM_AML_HI_MEDIUM_SEEDS_9_10_T4_SINGLEGPU_SINGLEZIP/json/ibm_aml_hi_medium__late_window_holdout__hist_gradient_boosting_edge_features__seed10.json;results/v26_imported/ibm_aml/hi-medium/V26_IBM_AML_HI_MEDIUM_SEEDS_9_10_T4_SINGLEGPU_SINGLEZIP/json/ibm_aml_hi_medium__late_window_holdout__hist_gradient_boosting_edge_features__seed9.json,0.16928090765175946,0.01083100906554775,0.162980793492945,0.1757815069782865,0.9369346122431962,0.009903240148401677,0.9302181460983207,0.9417833087250427,0.005486322833121283,0.009844963203057654,0.0011026344747498491,0.012001993536422607,0.26630490129426987,0.2847247411635658,0.11146169483703051,0.45183160565225555,0.0027814320616425486,0.005012607175965954,0.0005544070663409134,0.006164489757564365,0.5013874659161253,0.0025067262973356855,0.5002788912242603,0.5030560773070676,92.89020000000001,25.708500703074847,77.70447,107.1885,101.48022965032249,0.16761279053934197
V26,hi-medium,medium,hi,late_window_holdout,logistic_regression_edge_features,10,0.0016681171124174876,results/v26_imported/ibm_aml/hi-medium/V26_IBM_AML_HI_MEDIUM_SEEDS_1_2_P100_SINGLEGPU_SINGLEZIP/json/ibm_aml_hi_medium__late_window_holdout__logistic_regression_edge_features__seed1.json;results/v26_imported/ibm_aml/hi-medium/V26_IBM_AML_HI_MEDIUM_SEEDS_1_2_P100_SINGLEGPU_SINGLEZIP/json/ibm_aml_hi_medium__late_window_holdout__logistic_regression_edge_features__seed2.json;results/v26_imported/ibm_aml/hi-medium/V26_IBM_AML_HI_MEDIUM_SEEDS_3_4_T4_SINGLEGPU_SINGLEZIP/json/ibm_aml_hi_medium__late_window_holdout__logistic_regression_edge_features__seed3.json;results/v26_imported/ibm_aml/hi-medium/V26_IBM_AML_HI_MEDIUM_SEEDS_3_4_T4_SINGLEGPU_SINGLEZIP/json/ibm_aml_hi_medium__late_window_holdout__logistic_regression_edge_features__seed4.json;results/v26_imported/ibm_aml/hi-medium/V26_IBM_AML_HI_MEDIUM_SEEDS_5_6_T4_SINGLEGPU_SINGLEZIP/json/ibm_aml_hi_medium__late_window_holdout__logistic_regression_edge_features__seed5.json;results/v26_imported/ibm_aml/hi-medium/V26_IBM_AML_HI_MEDIUM_SEEDS_5_6_T4_SINGLEGPU_SINGLEZIP/json/ibm_aml_hi_medium__late_window_holdout__logistic_regression_edge_features__seed6.json;results/v26_imported/ibm_aml/hi-medium/V26_IBM_AML_HI_MEDIUM_SEEDS_7_8_T4_SINGLEGPU_SINGLEZIP/json/ibm_aml_hi_medium__late_window_holdout__logistic_regression_edge_features__seed7.json;results/v26_imported/ibm_aml/hi-medium/V26_IBM_AML_HI_MEDIUM_SEEDS_7_8_T4_SINGLEGPU_SINGLEZIP/json/ibm_aml_hi_medium__late_window_holdout__logistic_regression_edge_features__seed8.json;results/v26_imported/ibm_aml/hi-medium/V26_IBM_AML_HI_MEDIUM_SEEDS_9_10_T4_SINGLEGPU_SINGLEZIP/json/ibm_aml_hi_medium__late_window_holdout__logistic_regression_edge_features__seed10.json;results/v26_imported/ibm_aml/hi-medium/V26_IBM_AML_HI_MEDIUM_SEEDS_9_10_T4_SINGLEGPU_SINGLEZIP/json/ibm_aml_hi_medium__late_window_holdout__logistic_regression_edge_features__seed9.json,0.01572406481984141,3.657118196434064e-18,0.01572406481984141,0.01572406481984141,0.9165575664710021,1.1702778228589004e-16,0.9165575664710021,0.9165575664710021,0.02009779880265791,0.0,0.02009779880265791,0.02009779880265791,0.010160781392545972,1.828559098217032e-18,0.010160781392545972,0.010160781392545972,0.9126104115767714,1.1702778228589004e-16,0.9126104115767714,0.9126104115767714,0.8820298793088689,1.1702778228589004e-16,0.8820298793088689,0.8820298793088689,51.007400000000004,2.318484955501952,49.76086250000001,52.449844999999996,9.426235545928549,0.014055947707423922
V26,hi-small,small,hi,early_to_late_transfer,graphsage_edge_minibatch_h32,10,0.0015234617040716662,results/v26_imported/ibm_aml/hi-small/V26_IBM_AML_HI_SMALL_SEEDS_1_2_T4_SINGLEGPU_SINGLEZIP/json/ibm_aml_hi_small__early_to_late_transfer__graphsage_edge_minibatch_h32__seed1.json;results/v26_imported/ibm_aml/hi-small/V26_IBM_AML_HI_SMALL_SEEDS_1_2_T4_SINGLEGPU_SINGLEZIP/json/ibm_aml_hi_small__early_to_late_transfer__graphsage_edge_minibatch_h32__seed2.json;results/v26_imported/ibm_aml/hi-small/V26_IBM_AML_HI_SMALL_SEEDS_3_4_T4_SINGLEGPU_SINGLEZIP/json/ibm_aml_hi_small__early_to_late_transfer__graphsage_edge_minibatch_h32__seed3.json;results/v26_imported/ibm_aml/hi-small/V26_IBM_AML_HI_SMALL_SEEDS_3_4_T4_SINGLEGPU_SINGLEZIP/json/ibm_aml_hi_small__early_to_late_transfer__graphsage_edge_minibatch_h32__seed4.json;results/v26_imported/ibm_aml/hi-small/V26_IBM_AML_HI_SMALL_SEEDS_5_6_T4_SINGLEGPU_SINGLEZIP/json/ibm_aml_hi_small__early_to_late_transfer__graphsage_edge_minibatch_h32__seed5.json;results/v26_imported/ibm_aml/hi-small/V26_IBM_AML_HI_SMALL_SEEDS_5_6_T4_SINGLEGPU_SINGLEZIP/json/ibm_aml_hi_small__early_to_late_transfer__graphsage_edge_minibatch_h32__seed6.json;results/v26_imported/ibm_aml/hi-small/V26_IBM_AML_HI_SMALL_SEEDS_7_8_T4_SINGLEGPU_SINGLEZIP/json/ibm_aml_hi_small__early_to_late_transfer__graphsage_edge_minibatch_h32__seed7.json;results/v26_imported/ibm_aml/hi-small/V26_IBM_AML_HI_SMALL_SEEDS_7_8_T4_SINGLEGPU_SINGLEZIP/json/ibm_aml_hi_small__early_to_late_transfer__graphsage_edge_minibatch_h32__seed8.json;results/v26_imported/ibm_aml/hi-small/V26_IBM_AML_HI_SMALL_SEEDS_9_10_T4_SINGLEGPU_SINGLEZIP/json/ibm_aml_hi_small__early_to_late_transfer__graphsage_edge_minibatch_h32__seed10.json;results/v26_imported/ibm_aml/hi-small/V26_IBM_AML_HI_SMALL_SEEDS_9_10_T4_SINGLEGPU_SINGLEZIP/json/ibm_aml_hi_small__early_to_late_transfer__graphsage_edge_minibatch_h32__seed9.json,0.003839456341147722,0.001432022765233073,0.003218365524009828,0.004796876163588169,0.7166268849766898,0.03627993988563321,0.6964116408006426,0.7385070421543867,0.009369998432236204,0.0026414490500117926,0.008082025862566835,0.011210683577642959,0.004724431660302361,0.0013548880769357328,0.0040598209293928,0.005607361888201667,0.6535975872468763,0.0803766190200562,0.6040919862128392,0.6978468332615253,0.7142116164067588,0.020358341723216704,0.7027802163082024,0.7265119912117378,24.4655,2.537349327765318,23.07778,26.079747500000003,2.5202184806393446,0.0023159946370760556
V26,hi-small,small,hi,early_to_late_transfer,hist_gradient_boosting_edge_features,10,0.0015234617040716662,results/v26_imported/ibm_aml/hi-small/V26_IBM_AML_HI_SMALL_SEEDS_1_2_T4_SINGLEGPU_SINGLEZIP/json/ibm_aml_hi_small__early_to_late_transfer__hist_gradient_boosting_edge_features__seed1.json;results/v26_imported/ibm_aml/hi-small/V26_IBM_AML_HI_SMALL_SEEDS_1_2_T4_SINGLEGPU_SINGLEZIP/json/ibm_aml_hi_small__early_to_late_transfer__hist_gradient_boosting_edge_features__seed2.json;results/v26_imported/ibm_aml/hi-small/V26_IBM_AML_HI_SMALL_SEEDS_3_4_T4_SINGLEGPU_SINGLEZIP/json/ibm_aml_hi_small__early_to_late_transfer__hist_gradient_boosting_edge_features__seed3.json;results/v26_imported/ibm_aml/hi-small/V26_IBM_AML_HI_SMALL_SEEDS_3_4_T4_SINGLEGPU_SINGLEZIP/json/ibm_aml_hi_small__early_to_late_transfer__hist_gradient_boosting_edge_features__seed4.json;results/v26_imported/ibm_aml/hi-small/V26_IBM_AML_HI_SMALL_SEEDS_5_6_T4_SINGLEGPU_SINGLEZIP/json/ibm_aml_hi_small__early_to_late_transfer__hist_gradient_boosting_edge_features__seed5.json;results/v26_imported/ibm_aml/hi-small/V26_IBM_AML_HI_SMALL_SEEDS_5_6_T4_SINGLEGPU_SINGLEZIP/json/ibm_aml_hi_small__early_to_late_transfer__hist_gradient_boosting_edge_features__seed6.json;results/v26_imported/ibm_aml/hi-small/V26_IBM_AML_HI_SMALL_SEEDS_7_8_T4_SINGLEGPU_SINGLEZIP/json/ibm_aml_hi_small__early_to_late_transfer__hist_gradient_boosting_edge_features__seed7.json;results/v26_imported/ibm_aml/hi-small/V26_IBM_AML_HI_SMALL_SEEDS_7_8_T4_SINGLEGPU_SINGLEZIP/json/ibm_aml_hi_small__early_to_late_transfer__hist_gradient_boosting_edge_features__seed8.json;results/v26_imported/ibm_aml/hi-small/V26_IBM_AML_HI_SMALL_SEEDS_9_10_T4_SINGLEGPU_SINGLEZIP/json/ibm_aml_hi_small__early_to_late_transfer__hist_gradient_boosting_edge_features__seed10.json;results/v26_imported/ibm_aml/hi-small/V26_IBM_AML_HI_SMALL_SEEDS_9_10_T4_SINGLEGPU_SINGLEZIP/json/ibm_aml_hi_small__early_to_late_transfer__hist_gradient_boosting_edge_features__seed9.json,0.06574455260696116,0.00976691748171571,0.06019165638045341,0.07155564755131272,0.9002810153303148,0.014077625742148827,0.8919091869120899,0.9085494471127283,0.05053586001502734,0.030024138179255647,0.03364679592081479,0.06935126164229004,0.2501390035612129,0.05201690749941172,0.223304472351478,0.2836173307811528,0.02981473502800517,0.02014808643940594,0.018611589831968978,0.04235243429556225,0.5148315712422852,0.010016636280316198,0.509240392205332,0.5208250143962297,5.4402,0.5213991433313508,5.173792499999999,5.7782225,43.1547130008254,0.0642210909028895
V26,hi-small,small,hi,early_to_late_transfer,logistic_regression_edge_features,10,0.0015234617040716662,results/v26_imported/ibm_aml/hi-small/V26_IBM_AML_HI_SMALL_SEEDS_1_2_T4_SINGLEGPU_SINGLEZIP/json/ibm_aml_hi_small__early_to_late_transfer__logistic_regression_edge_features__seed1.json;results/v26_imported/ibm_aml/hi-small/V26_IBM_AML_HI_SMALL_SEEDS_1_2_T4_SINGLEGPU_SINGLEZIP/json/ibm_aml_hi_small__early_to_late_transfer__logistic_regression_edge_features__seed2.json;results/v26_imported/ibm_aml/hi-small/V26_IBM_AML_HI_SMALL_SEEDS_3_4_T4_SINGLEGPU_SINGLEZIP/json/ibm_aml_hi_small__early_to_late_transfer__logistic_regression_edge_features__seed3.json;results/v26_imported/ibm_aml/hi-small/V26_IBM_AML_HI_SMALL_SEEDS_3_4_T4_SINGLEGPU_SINGLEZIP/json/ibm_aml_hi_small__early_to_late_transfer__logistic_regression_edge_features__seed4.json;results/v26_imported/ibm_aml/hi-small/V26_IBM_AML_HI_SMALL_SEEDS_5_6_T4_SINGLEGPU_SINGLEZIP/json/ibm_aml_hi_small__early_to_late_transfer__logistic_regression_edge_features__seed5.json;results/v26_imported/ibm_aml/hi-small/V26_IBM_AML_HI_SMALL_SEEDS_5_6_T4_SINGLEGPU_SINGLEZIP/json/ibm_aml_hi_small__early_to_late_transfer__logistic_regression_edge_features__seed6.json;results/v26_imported/ibm_aml/hi-small/V26_IBM_AML_HI_SMALL_SEEDS_7_8_T4_SINGLEGPU_SINGLEZIP/json/ibm_aml_hi_small__early_to_late_transfer__logistic_regression_edge_features__seed7.json;results/v26_imported/ibm_aml/hi-small/V26_IBM_AML_HI_SMALL_SEEDS_7_8_T4_SINGLEGPU_SINGLEZIP/json/ibm_aml_hi_small__early_to_late_transfer__logistic_regression_edge_features__seed8.json;results/v26_imported/ibm_aml/hi-small/V26_IBM_AML_HI_SMALL_SEEDS_9_10_T4_SINGLEGPU_SINGLEZIP/json/ibm_aml_hi_small__early_to_late_transfer__logistic_regression_edge_features__seed10.json;results/v26_imported/ibm_aml/hi-small/V26_IBM_AML_HI_SMALL_SEEDS_9_10_T4_SINGLEGPU_SINGLEZIP/json/ibm_aml_hi_small__early_to_late_transfer__logistic_regression_edge_features__seed9.json,0.014388143729677274,1.828559098217032e-18,0.014388143729677274,0.014388143729677274,0.9138199058907629,1.1702778228589004e-16,0.9138199058907629,0.9138199058907629,0.016631526873108045,0.0,0.016631526873108045,0.016631526873108045,0.008392240149618032,1.828559098217032e-18,0.008392240149618032,0.008392240149618032,0.9125376992675569,2.340555645717801e-16,0.9125376992675569,0.9125376992675569,0.8740111594018998,0.0,0.8740111594018998,0.8740111594018998,7.3824999999999985,0.5138474157438828,7.071297499999999,7.667702500000001,9.44437506451454,0.012864682025605608
V26,hi-small,small,hi,late_window_holdout,graphsage_edge_minibatch_h32,10,0.001769277195621802,results/v26_imported/ibm_aml/hi-small/V26_IBM_AML_HI_SMALL_SEEDS_1_2_T4_SINGLEGPU_SINGLEZIP/json/ibm_aml_hi_small__late_window_holdout__graphsage_edge_minibatch_h32__seed1.json;results/v26_imported/ibm_aml/hi-small/V26_IBM_AML_HI_SMALL_SEEDS_1_2_T4_SINGLEGPU_SINGLEZIP/json/ibm_aml_hi_small__late_window_holdout__graphsage_edge_minibatch_h32__seed2.json;results/v26_imported/ibm_aml/hi-small/V26_IBM_AML_HI_SMALL_SEEDS_3_4_T4_SINGLEGPU_SINGLEZIP/json/ibm_aml_hi_small__late_window_holdout__graphsage_edge_minibatch_h32__seed3.json;results/v26_imported/ibm_aml/hi-small/V26_IBM_AML_HI_SMALL_SEEDS_3_4_T4_SINGLEGPU_SINGLEZIP/json/ibm_aml_hi_small__late_window_holdout__graphsage_edge_minibatch_h32__seed4.json;results/v26_imported/ibm_aml/hi-small/V26_IBM_AML_HI_SMALL_SEEDS_5_6_T4_SINGLEGPU_SINGLEZIP/json/ibm_aml_hi_small__late_window_holdout__graphsage_edge_minibatch_h32__seed5.json;results/v26_imported/ibm_aml/hi-small/V26_IBM_AML_HI_SMALL_SEEDS_5_6_T4_SINGLEGPU_SINGLEZIP/json/ibm_aml_hi_small__late_window_holdout__graphsage_edge_minibatch_h32__seed6.json;results/v26_imported/ibm_aml/hi-small/V26_IBM_AML_HI_SMALL_SEEDS_7_8_T4_SINGLEGPU_SINGLEZIP/json/ibm_aml_hi_small__late_window_holdout__graphsage_edge_minibatch_h32__seed7.json;results/v26_imported/ibm_aml/hi-small/V26_IBM_AML_HI_SMALL_SEEDS_7_8_T4_SINGLEGPU_SINGLEZIP/json/ibm_aml_hi_small__late_window_holdout__graphsage_edge_minibatch_h32__seed8.json;results/v26_imported/ibm_aml/hi-small/V26_IBM_AML_HI_SMALL_SEEDS_9_10_T4_SINGLEGPU_SINGLEZIP/json/ibm_aml_hi_small__late_window_holdout__graphsage_edge_minibatch_h32__seed10.json;results/v26_imported/ibm_aml/hi-small/V26_IBM_AML_HI_SMALL_SEEDS_9_10_T4_SINGLEGPU_SINGLEZIP/json/ibm_aml_hi_small__late_window_holdout__graphsage_edge_minibatch_h32__seed9.json,0.007105360337291341,0.0042086296693878015,0.004761258357642021,0.00972885857627617,0.7475885745273234,0.045786702666556475,0.7198500872146711,0.7735143394037687,0.012643063350607636,0.004107240377996,0.010389411721701623,0.015209163782362218,0.006388565698932008,0.0021011317910155816,0.005243876185569251,0.007680143583607056,0.6810239287701725,0.06400646179982648,0.6445186421814135,0.7201446855870897,0.7371924131991376,0.02844033953467019,0.7203684637796584,0.7535245009689691,33.696099999999994,2.4895365231303597,32.288272500000005,35.2759275,4.015967851094246,0.005336083141669539
V26,hi-small,small,hi,late_window_holdout,hist_gradient_boosting_edge_features,10,0.001769277195621802,results/v26_imported/ibm_aml/hi-small/V26_IBM_AML_HI_SMALL_SEEDS_1_2_T4_SINGLEGPU_SINGLEZIP/json/ibm_aml_hi_small__late_window_holdout__hist_gradient_boosting_edge_features__seed1.json;results/v26_imported/ibm_aml/hi-small/V26_IBM_AML_HI_SMALL_SEEDS_1_2_T4_SINGLEGPU_SINGLEZIP/json/ibm_aml_hi_small__late_window_holdout__hist_gradient_boosting_edge_features__seed2.json;results/v26_imported/ibm_aml/hi-small/V26_IBM_AML_HI_SMALL_SEEDS_3_4_T4_SINGLEGPU_SINGLEZIP/json/ibm_aml_hi_small__late_window_holdout__hist_gradient_boosting_edge_features__seed3.json;results/v26_imported/ibm_aml/hi-small/V26_IBM_AML_HI_SMALL_SEEDS_3_4_T4_SINGLEGPU_SINGLEZIP/json/ibm_aml_hi_small__late_window_holdout__hist_gradient_boosting_edge_features__seed4.json;results/v26_imported/ibm_aml/hi-small/V26_IBM_AML_HI_SMALL_SEEDS_5_6_T4_SINGLEGPU_SINGLEZIP/json/ibm_aml_hi_small__late_window_holdout__hist_gradient_boosting_edge_features__seed5.json;results/v26_imported/ibm_aml/hi-small/V26_IBM_AML_HI_SMALL_SEEDS_5_6_T4_SINGLEGPU_SINGLEZIP/json/ibm_aml_hi_small__late_window_holdout__hist_gradient_boosting_edge_features__seed6.json;results/v26_imported/ibm_aml/hi-small/V26_IBM_AML_HI_SMALL_SEEDS_7_8_T4_SINGLEGPU_SINGLEZIP/json/ibm_aml_hi_small__late_window_holdout__hist_gradient_boosting_edge_features__seed7.json;results/v26_imported/ibm_aml/hi-small/V26_IBM_AML_HI_SMALL_SEEDS_7_8_T4_SINGLEGPU_SINGLEZIP/json/ibm_aml_hi_small__late_window_holdout__hist_gradient_boosting_edge_features__seed8.json;results/v26_imported/ibm_aml/hi-small/V26_IBM_AML_HI_SMALL_SEEDS_9_10_T4_SINGLEGPU_SINGLEZIP/json/ibm_aml_hi_small__late_window_holdout__hist_gradient_boosting_edge_features__seed10.json;results/v26_imported/ibm_aml/hi-small/V26_IBM_AML_HI_SMALL_SEEDS_9_10_T4_SINGLEGPU_SINGLEZIP/json/ibm_aml_hi_small__late_window_holdout__hist_gradient_boosting_edge_features__seed9.json,0.09642022671574509,0.009103145578713648,0.09141760187250617,0.1021527914474794,0.9136926432159133,0.010389742867883665,0.9073529977852571,0.9195536407676966,0.06709716013805743,0.023267926900495204,0.054068922701379536,0.08104814226860789,0.3255946794275837,0.10617691025934431,0.27307103730471294,0.39514076663148334,0.03856427378964942,0.01567191191776899,0.02988313856427379,0.047857540345019475,0.5192006177286973,0.007791269354759158,0.514845916055703,0.5239421749860997,6.955,2.5826872740530464,5.45859,8.598707500000002,54.49695895834952,0.09465094952012329
V26,hi-small,small,hi,late_window_holdout,logistic_regression_edge_features,10,0.001769277195621802,results/v26_imported/ibm_aml/hi-small/V26_IBM_AML_HI_SMALL_SEEDS_1_2_T4_SINGLEGPU_SINGLEZIP/json/ibm_aml_hi_small__late_window_holdout__logistic_regression_edge_features__seed1.json;results/v26_imported/ibm_aml/hi-small/V26_IBM_AML_HI_SMALL_SEEDS_1_2_T4_SINGLEGPU_SINGLEZIP/json/ibm_aml_hi_small__late_window_holdout__logistic_regression_edge_features__seed2.json;results/v26_imported/ibm_aml/hi-small/V26_IBM_AML_HI_SMALL_SEEDS_3_4_T4_SINGLEGPU_SINGLEZIP/json/ibm_aml_hi_small__late_window_holdout__logistic_regression_edge_features__seed3.json;results/v26_imported/ibm_aml/hi-small/V26_IBM_AML_HI_SMALL_SEEDS_3_4_T4_SINGLEGPU_SINGLEZIP/json/ibm_aml_hi_small__late_window_holdout__logistic_regression_edge_features__seed4.json;results/v26_imported/ibm_aml/hi-small/V26_IBM_AML_HI_SMALL_SEEDS_5_6_T4_SINGLEGPU_SINGLEZIP/json/ibm_aml_hi_small__late_window_holdout__logistic_regression_edge_features__seed5.json;results/v26_imported/ibm_aml/hi-small/V26_IBM_AML_HI_SMALL_SEEDS_5_6_T4_SINGLEGPU_SINGLEZIP/json/ibm_aml_hi_small__late_window_holdout__logistic_regression_edge_features__seed6.json;results/v26_imported/ibm_aml/hi-small/V26_IBM_AML_HI_SMALL_SEEDS_7_8_T4_SINGLEGPU_SINGLEZIP/json/ibm_aml_hi_small__late_window_holdout__logistic_regression_edge_features__seed7.json;results/v26_imported/ibm_aml/hi-small/V26_IBM_AML_HI_SMALL_SEEDS_7_8_T4_SINGLEGPU_SINGLEZIP/json/ibm_aml_hi_small__late_window_holdout__logistic_regression_edge_features__seed8.json;results/v26_imported/ibm_aml/hi-small/V26_IBM_AML_HI_SMALL_SEEDS_9_10_T4_SINGLEGPU_SINGLEZIP/json/ibm_aml_hi_small__late_window_holdout__logistic_regression_edge_features__seed10.json;results/v26_imported/ibm_aml/hi-small/V26_IBM_AML_HI_SMALL_SEEDS_9_10_T4_SINGLEGPU_SINGLEZIP/json/ibm_aml_hi_small__late_window_holdout__logistic_regression_edge_features__seed9.json,0.017256064175214116,3.657118196434064e-18,0.017256064175214116,0.017256064175214116,0.9228935689370257,0.0,0.9228935689370257,0.9228935689370257,0.020404142398010076,3.657118196434064e-18,0.020404142398010076,0.020404142398010076,0.01031621020912583,0.0,0.01031621020912583,0.01031621020912583,0.9220923761825265,0.0,0.9220923761825265,0.9220923761825265,0.8826516767525538,0.0,0.8826516767525538,0.8826516767525538,9.305499999999999,0.46840657790238416,9.041495000000003,9.587507500000003,9.75317164428244,0.015486786979592314
V26,li-medium,medium,li,early_to_late_transfer,graphsage_edge_minibatch_h32,10,0.000575119367667348,results/v26_imported/ibm_aml/li-medium/V26_IBM_AML_LI_MEDIUM_SEEDS_1_2_T4_SINGLEGPU_SINGLEZIP/json/ibm_aml_li_medium__early_to_late_transfer__graphsage_edge_minibatch_h32__seed1.json;results/v26_imported/ibm_aml/li-medium/V26_IBM_AML_LI_MEDIUM_SEEDS_1_2_T4_SINGLEGPU_SINGLEZIP/json/ibm_aml_li_medium__early_to_late_transfer__graphsage_edge_minibatch_h32__seed2.json;results/v26_imported/ibm_aml/li-medium/V26_IBM_AML_LI_MEDIUM_SEEDS_3_4_T4_SINGLEGPU_SINGLEZIP/json/ibm_aml_li_medium__early_to_late_transfer__graphsage_edge_minibatch_h32__seed3.json;results/v26_imported/ibm_aml/li-medium/V26_IBM_AML_LI_MEDIUM_SEEDS_3_4_T4_SINGLEGPU_SINGLEZIP/json/ibm_aml_li_medium__early_to_late_transfer__graphsage_edge_minibatch_h32__seed4.json;results/v26_imported/ibm_aml/li-medium/V26_IBM_AML_LI_MEDIUM_SEEDS_5_6_T4_SINGLEGPU_SINGLEZIP/json/ibm_aml_li_medium__early_to_late_transfer__graphsage_edge_minibatch_h32__seed5.json;results/v26_imported/ibm_aml/li-medium/V26_IBM_AML_LI_MEDIUM_SEEDS_5_6_T4_SINGLEGPU_SINGLEZIP/json/ibm_aml_li_medium__early_to_late_transfer__graphsage_edge_minibatch_h32__seed6.json;results/v26_imported/ibm_aml/li-medium/V26_IBM_AML_LI_MEDIUM_SEEDS_7_8_T4_SINGLEGPU_SINGLEZIP/json/ibm_aml_li_medium__early_to_late_transfer__graphsage_edge_minibatch_h32__seed7.json;results/v26_imported/ibm_aml/li-medium/V26_IBM_AML_LI_MEDIUM_SEEDS_7_8_T4_SINGLEGPU_SINGLEZIP/json/ibm_aml_li_medium__early_to_late_transfer__graphsage_edge_minibatch_h32__seed8.json;results/v26_imported/ibm_aml/li-medium/V26_IBM_AML_LI_MEDIUM_SEEDS_9_10_T4_SINGLEGPU_SINGLEZIP/json/ibm_aml_li_medium__early_to_late_transfer__graphsage_edge_minibatch_h32__seed10.json;results/v26_imported/ibm_aml/li-medium/V26_IBM_AML_LI_MEDIUM_SEEDS_9_10_T4_SINGLEGPU_SINGLEZIP/json/ibm_aml_li_medium__early_to_late_transfer__graphsage_edge_minibatch_h32__seed9.json,0.006928088678526132,0.0024017105659983736,0.005391089268507636,0.008202935550387893,0.8722254082387311,0.05559527484214997,0.835326941746511,0.8955932761278999,0.005081596110596007,0.002069479996503227,0.003908907576329143,0.0063515521844880185,0.002551421473298314,0.00104430576904123,0.001974076156564796,0.0031699755775578156,0.7930452522255191,0.14658059495470754,0.7007047477744808,0.8768814910979226,0.7880030371627292,0.03552683050519038,0.7653083420358215,0.8064571522511483,178.962,9.988711128068529,173.35154249999997,184.931465,12.046349102493405,0.006352969310858784
V26,li-medium,medium,li,early_to_late_transfer,hist_gradient_boosting_edge_features,10,0.000575119367667348,results/v26_imported/ibm_aml/li-medium/V26_IBM_AML_LI_MEDIUM_SEEDS_1_2_T4_SINGLEGPU_SINGLEZIP/json/ibm_aml_li_medium__early_to_late_transfer__hist_gradient_boosting_edge_features__seed1.json;results/v26_imported/ibm_aml/li-medium/V26_IBM_AML_LI_MEDIUM_SEEDS_1_2_T4_SINGLEGPU_SINGLEZIP/json/ibm_aml_li_medium__early_to_late_transfer__hist_gradient_boosting_edge_features__seed2.json;results/v26_imported/ibm_aml/li-medium/V26_IBM_AML_LI_MEDIUM_SEEDS_3_4_T4_SINGLEGPU_SINGLEZIP/json/ibm_aml_li_medium__early_to_late_transfer__hist_gradient_boosting_edge_features__seed3.json;results/v26_imported/ibm_aml/li-medium/V26_IBM_AML_LI_MEDIUM_SEEDS_3_4_T4_SINGLEGPU_SINGLEZIP/json/ibm_aml_li_medium__early_to_late_transfer__hist_gradient_boosting_edge_features__seed4.json;results/v26_imported/ibm_aml/li-medium/V26_IBM_AML_LI_MEDIUM_SEEDS_5_6_T4_SINGLEGPU_SINGLEZIP/json/ibm_aml_li_medium__early_to_late_transfer__hist_gradient_boosting_edge_features__seed5.json;results/v26_imported/ibm_aml/li-medium/V26_IBM_AML_LI_MEDIUM_SEEDS_5_6_T4_SINGLEGPU_SINGLEZIP/json/ibm_aml_li_medium__early_to_late_transfer__hist_gradient_boosting_edge_features__seed6.json;results/v26_imported/ibm_aml/li-medium/V26_IBM_AML_LI_MEDIUM_SEEDS_7_8_T4_SINGLEGPU_SINGLEZIP/json/ibm_aml_li_medium__early_to_late_transfer__hist_gradient_boosting_edge_features__seed7.json;results/v26_imported/ibm_aml/li-medium/V26_IBM_AML_LI_MEDIUM_SEEDS_7_8_T4_SINGLEGPU_SINGLEZIP/json/ibm_aml_li_medium__early_to_late_transfer__hist_gradient_boosting_edge_features__seed8.json;results/v26_imported/ibm_aml/li-medium/V26_IBM_AML_LI_MEDIUM_SEEDS_9_10_T4_SINGLEGPU_SINGLEZIP/json/ibm_aml_li_medium__early_to_late_transfer__hist_gradient_boosting_edge_features__seed10.json;results/v26_imported/ibm_aml/li-medium/V26_IBM_AML_LI_MEDIUM_SEEDS_9_10_T4_SINGLEGPU_SINGLEZIP/json/ibm_aml_li_medium__early_to_late_transfer__hist_gradient_boosting_edge_features__seed9.json,0.01425016459805958,0.001417276536676003,0.01350927872038037,0.015146319180522852,0.8476997936356121,0.00226296060252432,0.8463597691087943,0.8490116942332462,0.0003636128328555804,0.0005444588144254162,7.189072609633358e-05,0.0006947684259336057,0.01129895618334254,0.02181646190339513,0.0011627906976744186,0.025999903121977447,0.00018545994065281902,0.00027646735626851997,3.70919881305638e-05,0.00037091988130563794,0.5000852860423144,0.00013959239606094415,0.5000103067130282,0.5001702962352113,76.74770000000001,12.222292238637834,69.30455749999999,83.46496,24.777751192517567,0.013675045230392232
V26,li-medium,medium,li,early_to_late_transfer,logistic_regression_edge_features,10,0.000575119367667348,results/v26_imported/ibm_aml/li-medium/V26_IBM_AML_LI_MEDIUM_SEEDS_1_2_T4_SINGLEGPU_SINGLEZIP/json/ibm_aml_li_medium__early_to_late_transfer__logistic_regression_edge_features__seed1.json;results/v26_imported/ibm_aml/li-medium/V26_IBM_AML_LI_MEDIUM_SEEDS_1_2_T4_SINGLEGPU_SINGLEZIP/json/ibm_aml_li_medium__early_to_late_transfer__logistic_regression_edge_features__seed2.json;results/v26_imported/ibm_aml/li-medium/V26_IBM_AML_LI_MEDIUM_SEEDS_3_4_T4_SINGLEGPU_SINGLEZIP/json/ibm_aml_li_medium__early_to_late_transfer__logistic_regression_edge_features__seed3.json;results/v26_imported/ibm_aml/li-medium/V26_IBM_AML_LI_MEDIUM_SEEDS_3_4_T4_SINGLEGPU_SINGLEZIP/json/ibm_aml_li_medium__early_to_late_transfer__logistic_regression_edge_features__seed4.json;results/v26_imported/ibm_aml/li-medium/V26_IBM_AML_LI_MEDIUM_SEEDS_5_6_T4_SINGLEGPU_SINGLEZIP/json/ibm_aml_li_medium__early_to_late_transfer__logistic_regression_edge_features__seed5.json;results/v26_imported/ibm_aml/li-medium/V26_IBM_AML_LI_MEDIUM_SEEDS_5_6_T4_SINGLEGPU_SINGLEZIP/json/ibm_aml_li_medium__early_to_late_transfer__logistic_regression_edge_features__seed6.json;results/v26_imported/ibm_aml/li-medium/V26_IBM_AML_LI_MEDIUM_SEEDS_7_8_T4_SINGLEGPU_SINGLEZIP/json/ibm_aml_li_medium__early_to_late_transfer__logistic_regression_edge_features__seed7.json;results/v26_imported/ibm_aml/li-medium/V26_IBM_AML_LI_MEDIUM_SEEDS_7_8_T4_SINGLEGPU_SINGLEZIP/json/ibm_aml_li_medium__early_to_late_transfer__logistic_regression_edge_features__seed8.json;results/v26_imported/ibm_aml/li-medium/V26_IBM_AML_LI_MEDIUM_SEEDS_9_10_T4_SINGLEGPU_SINGLEZIP/json/ibm_aml_li_medium__early_to_late_transfer__logistic_regression_edge_features__seed10.json;results/v26_imported/ibm_aml/li-medium/V26_IBM_AML_LI_MEDIUM_SEEDS_9_10_T4_SINGLEGPU_SINGLEZIP/json/ibm_aml_li_medium__early_to_late_transfer__logistic_regression_edge_features__seed9.json,0.0037015878228501254,4.57139774554258e-19,0.0037015878228501254,0.0037015878228501254,0.8361154768153993,0.0,0.8361154768153993,0.8361154768153993,0.004501672721690353,9.14279549108516e-19,0.004501672721690353,0.004501672721690353,0.002257415887675669,4.57139774554258e-19,0.002257415887675669,0.002257415887675669,0.7722551928783383,0.0,0.7722551928783383,0.7722551928783383,0.7879198808584782,0.0,0.7879198808584782,0.7879198808584782,46.039300000000004,1.5162286583640487,45.182452500000004,46.9499,6.436207909087741,0.003126468455182777
V26,li-medium,medium,li,late_window_holdout,graphsage_edge_minibatch_h32,10,0.0006052512384611484,results/v26_imported/ibm_aml/li-medium/V26_IBM_AML_LI_MEDIUM_SEEDS_1_2_T4_SINGLEGPU_SINGLEZIP/json/ibm_aml_li_medium__late_window_holdout__graphsage_edge_minibatch_h32__seed1.json;results/v26_imported/ibm_aml/li-medium/V26_IBM_AML_LI_MEDIUM_SEEDS_1_2_T4_SINGLEGPU_SINGLEZIP/json/ibm_aml_li_medium__late_window_holdout__graphsage_edge_minibatch_h32__seed2.json;results/v26_imported/ibm_aml/li-medium/V26_IBM_AML_LI_MEDIUM_SEEDS_3_4_T4_SINGLEGPU_SINGLEZIP/json/ibm_aml_li_medium__late_window_holdout__graphsage_edge_minibatch_h32__seed3.json;results/v26_imported/ibm_aml/li-medium/V26_IBM_AML_LI_MEDIUM_SEEDS_3_4_T4_SINGLEGPU_SINGLEZIP/json/ibm_aml_li_medium__late_window_holdout__graphsage_edge_minibatch_h32__seed4.json;results/v26_imported/ibm_aml/li-medium/V26_IBM_AML_LI_MEDIUM_SEEDS_5_6_T4_SINGLEGPU_SINGLEZIP/json/ibm_aml_li_medium__late_window_holdout__graphsage_edge_minibatch_h32__seed5.json;results/v26_imported/ibm_aml/li-medium/V26_IBM_AML_LI_MEDIUM_SEEDS_5_6_T4_SINGLEGPU_SINGLEZIP/json/ibm_aml_li_medium__late_window_holdout__graphsage_edge_minibatch_h32__seed6.json;results/v26_imported/ibm_aml/li-medium/V26_IBM_AML_LI_MEDIUM_SEEDS_7_8_T4_SINGLEGPU_SINGLEZIP/json/ibm_aml_li_medium__late_window_holdout__graphsage_edge_minibatch_h32__seed7.json;results/v26_imported/ibm_aml/li-medium/V26_IBM_AML_LI_MEDIUM_SEEDS_7_8_T4_SINGLEGPU_SINGLEZIP/json/ibm_aml_li_medium__late_window_holdout__graphsage_edge_minibatch_h32__seed8.json;results/v26_imported/ibm_aml/li-medium/V26_IBM_AML_LI_MEDIUM_SEEDS_9_10_T4_SINGLEGPU_SINGLEZIP/json/ibm_aml_li_medium__late_window_holdout__graphsage_edge_minibatch_h32__seed10.json;results/v26_imported/ibm_aml/li-medium/V26_IBM_AML_LI_MEDIUM_SEEDS_9_10_T4_SINGLEGPU_SINGLEZIP/json/ibm_aml_li_medium__late_window_holdout__graphsage_edge_minibatch_h32__seed9.json,0.00783272224056902,0.0019082593629162372,0.006692838107395817,0.008898904130179673,0.8904050645741248,0.025757019685531023,0.8744299415352824,0.9043780415446677,0.004799031978638725,0.0019731718354207457,0.0037022216996566723,0.006004017733790973,0.002408652608534639,0.0009960370309660045,0.001854456325432193,0.003022823201491759,0.8514935236584721,0.1260460812916045,0.7692268041237114,0.916812053925456,0.7975786828014775,0.031348212080134885,0.7780869030448302,0.8147523482801389,211.1098,12.707290644000835,203.80918499999999,218.7561825,12.941274206201907,0.007227471002107871
V26,li-medium,medium,li,late_window_holdout,hist_gradient_boosting_edge_features,10,0.0006052512384611484,results/v26_imported/ibm_aml/li-medium/V26_IBM_AML_LI_MEDIUM_SEEDS_1_2_T4_SINGLEGPU_SINGLEZIP/json/ibm_aml_li_medium__late_window_holdout__hist_gradient_boosting_edge_features__seed1.json;results/v26_imported/ibm_aml/li-medium/V26_IBM_AML_LI_MEDIUM_SEEDS_1_2_T4_SINGLEGPU_SINGLEZIP/json/ibm_aml_li_medium__late_window_holdout__hist_gradient_boosting_edge_features__seed2.json;results/v26_imported/ibm_aml/li-medium/V26_IBM_AML_LI_MEDIUM_SEEDS_3_4_T4_SINGLEGPU_SINGLEZIP/json/ibm_aml_li_medium__late_window_holdout__hist_gradient_boosting_edge_features__seed3.json;results/v26_imported/ibm_aml/li-medium/V26_IBM_AML_LI_MEDIUM_SEEDS_3_4_T4_SINGLEGPU_SINGLEZIP/json/ibm_aml_li_medium__late_window_holdout__hist_gradient_boosting_edge_features__seed4.json;results/v26_imported/ibm_aml/li-medium/V26_IBM_AML_LI_MEDIUM_SEEDS_5_6_T4_SINGLEGPU_SINGLEZIP/json/ibm_aml_li_medium__late_window_holdout__hist_gradient_boosting_edge_features__seed5.json;results/v26_imported/ibm_aml/li-medium/V26_IBM_AML_LI_MEDIUM_SEEDS_5_6_T4_SINGLEGPU_SINGLEZIP/json/ibm_aml_li_medium__late_window_holdout__hist_gradient_boosting_edge_features__seed6.json;results/v26_imported/ibm_aml/li-medium/V26_IBM_AML_LI_MEDIUM_SEEDS_7_8_T4_SINGLEGPU_SINGLEZIP/json/ibm_aml_li_medium__late_window_holdout__hist_gradient_boosting_edge_features__seed7.json;results/v26_imported/ibm_aml/li-medium/V26_IBM_AML_LI_MEDIUM_SEEDS_7_8_T4_SINGLEGPU_SINGLEZIP/json/ibm_aml_li_medium__late_window_holdout__hist_gradient_boosting_edge_features__seed8.json;results/v26_imported/ibm_aml/li-medium/V26_IBM_AML_LI_MEDIUM_SEEDS_9_10_T4_SINGLEGPU_SINGLEZIP/json/ibm_aml_li_medium__late_window_holdout__hist_gradient_boosting_edge_features__seed10.json;results/v26_imported/ibm_aml/li-medium/V26_IBM_AML_LI_MEDIUM_SEEDS_9_10_T4_SINGLEGPU_SINGLEZIP/json/ibm_aml_li_medium__late_window_holdout__hist_gradient_boosting_edge_features__seed9.json,0.029697389293275818,0.006825282641659642,0.026092852820560394,0.034076541216469726,0.8581988907801733,0.0007410096583638652,0.8577481710665766,0.85863431205962,0.0001576358718660688,0.00035526127520104874,0.0,0.00036855071499815426,0.022,0.06285786435372355,0.0,0.06200000000000001,7.930214115781126e-05,0.00017841621932607795,0.0,0.00018503832936822627,0.500036073074916,9.017015844043118e-05,0.4999952613569745,0.5000908302226599,62.394000000000005,14.161945911491117,54.11631499999999,70.53504,49.06621813576366,0.02909213805481467
V26,li-medium,medium,li,late_window_holdout,logistic_regression_edge_features,10,0.0006052512384611484,results/v26_imported/ibm_aml/li-medium/V26_IBM_AML_LI_MEDIUM_SEEDS_1_2_T4_SINGLEGPU_SINGLEZIP/json/ibm_aml_li_medium__late_window_holdout__logistic_regression_edge_features__seed1.json;results/v26_imported/ibm_aml/li-medium/V26_IBM_AML_LI_MEDIUM_SEEDS_1_2_T4_SINGLEGPU_SINGLEZIP/json/ibm_aml_li_medium__late_window_holdout__logistic_regression_edge_features__seed2.json;results/v26_imported/ibm_aml/li-medium/V26_IBM_AML_LI_MEDIUM_SEEDS_3_4_T4_SINGLEGPU_SINGLEZIP/json/ibm_aml_li_medium__late_window_holdout__logistic_regression_edge_features__seed3.json;results/v26_imported/ibm_aml/li-medium/V26_IBM_AML_LI_MEDIUM_SEEDS_3_4_T4_SINGLEGPU_SINGLEZIP/json/ibm_aml_li_medium__late_window_holdout__logistic_regression_edge_features__seed4.json;results/v26_imported/ibm_aml/li-medium/V26_IBM_AML_LI_MEDIUM_SEEDS_5_6_T4_SINGLEGPU_SINGLEZIP/json/ibm_aml_li_medium__late_window_holdout__logistic_regression_edge_features__seed5.json;results/v26_imported/ibm_aml/li-medium/V26_IBM_AML_LI_MEDIUM_SEEDS_5_6_T4_SINGLEGPU_SINGLEZIP/json/ibm_aml_li_medium__late_window_holdout__logistic_regression_edge_features__seed6.json;results/v26_imported/ibm_aml/li-medium/V26_IBM_AML_LI_MEDIUM_SEEDS_7_8_T4_SINGLEGPU_SINGLEZIP/json/ibm_aml_li_medium__late_window_holdout__logistic_regression_edge_features__seed7.json;results/v26_imported/ibm_aml/li-medium/V26_IBM_AML_LI_MEDIUM_SEEDS_7_8_T4_SINGLEGPU_SINGLEZIP/json/ibm_aml_li_medium__late_window_holdout__logistic_regression_edge_features__seed8.json;results/v26_imported/ibm_aml/li-medium/V26_IBM_AML_LI_MEDIUM_SEEDS_9_10_T4_SINGLEGPU_SINGLEZIP/json/ibm_aml_li_medium__late_window_holdout__logistic_regression_edge_features__seed10.json;results/v26_imported/ibm_aml/li-medium/V26_IBM_AML_LI_MEDIUM_SEEDS_9_10_T4_SINGLEGPU_SINGLEZIP/json/ibm_aml_li_medium__late_window_holdout__logistic_regression_edge_features__seed9.json,0.004027295694120296,0.0,0.004027295694120296,0.004027295694120296,0.8425372641263371,0.0,0.8425372641263371,0.8425372641263371,0.0047762258658415515,9.14279549108516e-19,0.0047762258658415515,0.0047762258658415515,0.002395391952353213,4.57139774554258e-19,0.002395391952353213,0.002395391952353213,0.7858842188739096,0.0,0.7858842188739096,0.7858842188739096,0.7938340309150785,1.1702778228589004e-16,0.7938340309150785,0.7938340309150785,48.5031,1.5454073501112193,47.595297499999994,49.408210000000004,6.653923921510177,0.0034220444556591475
V26,li-small,small,li,early_to_late_transfer,graphsage_edge_minibatch_h32,10,0.0006422060306708742,results/v26_imported/ibm_aml/li-small/V26_IBM_AML_LI_SMALL_SEEDS_1_2_T4_SINGLEGPU_SINGLEZIP/json/ibm_aml_li_small__early_to_late_transfer__graphsage_edge_minibatch_h32__seed1.json;results/v26_imported/ibm_aml/li-small/V26_IBM_AML_LI_SMALL_SEEDS_1_2_T4_SINGLEGPU_SINGLEZIP/json/ibm_aml_li_small__early_to_late_transfer__graphsage_edge_minibatch_h32__seed2.json;results/v26_imported/ibm_aml/li-small/V26_IBM_AML_LI_SMALL_SEEDS_3_4_T4_SINGLEGPU_SINGLEZIP/json/ibm_aml_li_small__early_to_late_transfer__graphsage_edge_minibatch_h32__seed3.json;results/v26_imported/ibm_aml/li-small/V26_IBM_AML_LI_SMALL_SEEDS_3_4_T4_SINGLEGPU_SINGLEZIP/json/ibm_aml_li_small__early_to_late_transfer__graphsage_edge_minibatch_h32__seed4.json;results/v26_imported/ibm_aml/li-small/V26_IBM_AML_LI_SMALL_SEEDS_5_6_T4_SINGLEGPU_SINGLEZIP/json/ibm_aml_li_small__early_to_late_transfer__graphsage_edge_minibatch_h32__seed5.json;results/v26_imported/ibm_aml/li-small/V26_IBM_AML_LI_SMALL_SEEDS_5_6_T4_SINGLEGPU_SINGLEZIP/json/ibm_aml_li_small__early_to_late_transfer__graphsage_edge_minibatch_h32__seed6.json;results/v26_imported/ibm_aml/li-small/V26_IBM_AML_LI_SMALL_SEEDS_7_8_T4_SINGLEGPU_SINGLEZIP/json/ibm_aml_li_small__early_to_late_transfer__graphsage_edge_minibatch_h32__seed7.json;results/v26_imported/ibm_aml/li-small/V26_IBM_AML_LI_SMALL_SEEDS_7_8_T4_SINGLEGPU_SINGLEZIP/json/ibm_aml_li_small__early_to_late_transfer__graphsage_edge_minibatch_h32__seed8.json;results/v26_imported/ibm_aml/li-small/V26_IBM_AML_LI_SMALL_SEEDS_9_10_T4_SINGLEGPU_SINGLEZIP/json/ibm_aml_li_small__early_to_late_transfer__graphsage_edge_minibatch_h32__seed10.json;results/v26_imported/ibm_aml/li-small/V26_IBM_AML_LI_SMALL_SEEDS_9_10_T4_SINGLEGPU_SINGLEZIP/json/ibm_aml_li_small__early_to_late_transfer__graphsage_edge_minibatch_h32__seed9.json,0.0021434205432870473,0.0010482949226289639,0.0016801610130177218,0.0028273460538959837,0.7797924818794824,0.027085145991227345,0.7642463029210119,0.7957434201396316,0.004646271383456966,0.0006199346650504536,0.004281397823567882,0.005029852657634937,0.002330978082072554,0.0003119780883335269,0.002151812851352773,0.0025188902766590405,0.702623688155922,0.05049461264993383,0.673688155922039,0.7324587706146927,0.753349171843859,0.02483797142233031,0.7396106358277671,0.7684515419524626,36.0084,0.5007077657343315,35.725395,36.3162075,3.337590182776615,0.001501214512616173
V26,li-small,small,li,early_to_late_transfer,hist_gradient_boosting_edge_features,10,0.0006422060306708742,results/v26_imported/ibm_aml/li-small/V26_IBM_AML_LI_SMALL_SEEDS_1_2_T4_SINGLEGPU_SINGLEZIP/json/ibm_aml_li_small__early_to_late_transfer__hist_gradient_boosting_edge_features__seed1.json;results/v26_imported/ibm_aml/li-small/V26_IBM_AML_LI_SMALL_SEEDS_1_2_T4_SINGLEGPU_SINGLEZIP/json/ibm_aml_li_small__early_to_late_transfer__hist_gradient_boosting_edge_features__seed2.json;results/v26_imported/ibm_aml/li-small/V26_IBM_AML_LI_SMALL_SEEDS_3_4_T4_SINGLEGPU_SINGLEZIP/json/ibm_aml_li_small__early_to_late_transfer__hist_gradient_boosting_edge_features__seed3.json;results/v26_imported/ibm_aml/li-small/V26_IBM_AML_LI_SMALL_SEEDS_3_4_T4_SINGLEGPU_SINGLEZIP/json/ibm_aml_li_small__early_to_late_transfer__hist_gradient_boosting_edge_features__seed4.json;results/v26_imported/ibm_aml/li-small/V26_IBM_AML_LI_SMALL_SEEDS_5_6_T4_SINGLEGPU_SINGLEZIP/json/ibm_aml_li_small__early_to_late_transfer__hist_gradient_boosting_edge_features__seed5.json;results/v26_imported/ibm_aml/li-small/V26_IBM_AML_LI_SMALL_SEEDS_5_6_T4_SINGLEGPU_SINGLEZIP/json/ibm_aml_li_small__early_to_late_transfer__hist_gradient_boosting_edge_features__seed6.json;results/v26_imported/ibm_aml/li-small/V26_IBM_AML_LI_SMALL_SEEDS_7_8_T4_SINGLEGPU_SINGLEZIP/json/ibm_aml_li_small__early_to_late_transfer__hist_gradient_boosting_edge_features__seed7.json;results/v26_imported/ibm_aml/li-small/V26_IBM_AML_LI_SMALL_SEEDS_7_8_T4_SINGLEGPU_SINGLEZIP/json/ibm_aml_li_small__early_to_late_transfer__hist_gradient_boosting_edge_features__seed8.json;results/v26_imported/ibm_aml/li-small/V26_IBM_AML_LI_SMALL_SEEDS_9_10_T4_SINGLEGPU_SINGLEZIP/json/ibm_aml_li_small__early_to_late_transfer__hist_gradient_boosting_edge_features__seed10.json;results/v26_imported/ibm_aml/li-small/V26_IBM_AML_LI_SMALL_SEEDS_9_10_T4_SINGLEGPU_SINGLEZIP/json/ibm_aml_li_small__early_to_late_transfer__hist_gradient_boosting_edge_features__seed9.json,0.012576157164486217,0.002218426179459586,0.011418064500458413,0.014036430096165608,0.8361207898510663,0.004810729329841526,0.8333293587549198,0.8389231184730486,0.009383441562401234,0.005311632612052701,0.006384367374824597,0.012638795619935889,0.09450231827000424,0.06814644472776288,0.059822142532860466,0.13807192662361792,0.005097451274362818,0.0029734082520027024,0.0034482758620689655,0.006971514242878561,0.5025264459400312,0.0014784021433542286,0.5017055428140698,0.5034135472335974,8.2267,2.3109466578775795,7.2263825,9.716529999999999,19.582745355643357,0.011933951133815342
V26,li-small,small,li,early_to_late_transfer,logistic_regression_edge_features,10,0.0006422060306708742,results/v26_imported/ibm_aml/li-small/V26_IBM_AML_LI_SMALL_SEEDS_1_2_T4_SINGLEGPU_SINGLEZIP/json/ibm_aml_li_small__early_to_late_transfer__logistic_regression_edge_features__seed1.json;results/v26_imported/ibm_aml/li-small/V26_IBM_AML_LI_SMALL_SEEDS_1_2_T4_SINGLEGPU_SINGLEZIP/json/ibm_aml_li_small__early_to_late_transfer__logistic_regression_edge_features__seed2.json;results/v26_imported/ibm_aml/li-small/V26_IBM_AML_LI_SMALL_SEEDS_3_4_T4_SINGLEGPU_SINGLEZIP/json/ibm_aml_li_small__early_to_late_transfer__logistic_regression_edge_features__seed3.json;results/v26_imported/ibm_aml/li-small/V26_IBM_AML_LI_SMALL_SEEDS_3_4_T4_SINGLEGPU_SINGLEZIP/json/ibm_aml_li_small__early_to_late_transfer__logistic_regression_edge_features__seed4.json;results/v26_imported/ibm_aml/li-small/V26_IBM_AML_LI_SMALL_SEEDS_5_6_T4_SINGLEGPU_SINGLEZIP/json/ibm_aml_li_small__early_to_late_transfer__logistic_regression_edge_features__seed5.json;results/v26_imported/ibm_aml/li-small/V26_IBM_AML_LI_SMALL_SEEDS_5_6_T4_SINGLEGPU_SINGLEZIP/json/ibm_aml_li_small__early_to_late_transfer__logistic_regression_edge_features__seed6.json;results/v26_imported/ibm_aml/li-small/V26_IBM_AML_LI_SMALL_SEEDS_7_8_T4_SINGLEGPU_SINGLEZIP/json/ibm_aml_li_small__early_to_late_transfer__logistic_regression_edge_features__seed7.json;results/v26_imported/ibm_aml/li-small/V26_IBM_AML_LI_SMALL_SEEDS_7_8_T4_SINGLEGPU_SINGLEZIP/json/ibm_aml_li_small__early_to_late_transfer__logistic_regression_edge_features__seed8.json;results/v26_imported/ibm_aml/li-small/V26_IBM_AML_LI_SMALL_SEEDS_9_10_T4_SINGLEGPU_SINGLEZIP/json/ibm_aml_li_small__early_to_late_transfer__logistic_regression_edge_features__seed10.json;results/v26_imported/ibm_aml/li-small/V26_IBM_AML_LI_SMALL_SEEDS_9_10_T4_SINGLEGPU_SINGLEZIP/json/ibm_aml_li_small__early_to_late_transfer__logistic_regression_edge_features__seed9.json,0.003917078848165412,0.0,0.003917078848165412,0.003917078848165412,0.8433197709816929,0.0,0.8433197709816929,0.8433197709816929,0.00466238223654257,0.0,0.00466238223654257,0.00466238223654257,0.002338018150924011,0.0,0.002338018150924011,0.002338018150924011,0.798350824587706,1.1702778228589004e-16,0.798350824587706,0.798350824587706,0.7897161032101436,1.1702778228589004e-16,0.7897161032101436,0.7897161032101436,10.193999999999999,0.4770294656634021,9.9227,10.4762,6.099411498944465,0.003274872817494538
V26,li-small,small,li,late_window_holdout,graphsage_edge_minibatch_h32,10,0.0006679616698319625,results/v26_imported/ibm_aml/li-small/V26_IBM_AML_LI_SMALL_SEEDS_1_2_T4_SINGLEGPU_SINGLEZIP/json/ibm_aml_li_small__late_window_holdout__graphsage_edge_minibatch_h32__seed1.json;results/v26_imported/ibm_aml/li-small/V26_IBM_AML_LI_SMALL_SEEDS_1_2_T4_SINGLEGPU_SINGLEZIP/json/ibm_aml_li_small__late_window_holdout__graphsage_edge_minibatch_h32__seed2.json;results/v26_imported/ibm_aml/li-small/V26_IBM_AML_LI_SMALL_SEEDS_3_4_T4_SINGLEGPU_SINGLEZIP/json/ibm_aml_li_small__late_window_holdout__graphsage_edge_minibatch_h32__seed3.json;results/v26_imported/ibm_aml/li-small/V26_IBM_AML_LI_SMALL_SEEDS_3_4_T4_SINGLEGPU_SINGLEZIP/json/ibm_aml_li_small__late_window_holdout__graphsage_edge_minibatch_h32__seed4.json;results/v26_imported/ibm_aml/li-small/V26_IBM_AML_LI_SMALL_SEEDS_5_6_T4_SINGLEGPU_SINGLEZIP/json/ibm_aml_li_small__late_window_holdout__graphsage_edge_minibatch_h32__seed5.json;results/v26_imported/ibm_aml/li-small/V26_IBM_AML_LI_SMALL_SEEDS_5_6_T4_SINGLEGPU_SINGLEZIP/json/ibm_aml_li_small__late_window_holdout__graphsage_edge_minibatch_h32__seed6.json;results/v26_imported/ibm_aml/li-small/V26_IBM_AML_LI_SMALL_SEEDS_7_8_T4_SINGLEGPU_SINGLEZIP/json/ibm_aml_li_small__late_window_holdout__graphsage_edge_minibatch_h32__seed7.json;results/v26_imported/ibm_aml/li-small/V26_IBM_AML_LI_SMALL_SEEDS_7_8_T4_SINGLEGPU_SINGLEZIP/json/ibm_aml_li_small__late_window_holdout__graphsage_edge_minibatch_h32__seed8.json;results/v26_imported/ibm_aml/li-small/V26_IBM_AML_LI_SMALL_SEEDS_9_10_T4_SINGLEGPU_SINGLEZIP/json/ibm_aml_li_small__late_window_holdout__graphsage_edge_minibatch_h32__seed10.json;results/v26_imported/ibm_aml/li-small/V26_IBM_AML_LI_SMALL_SEEDS_9_10_T4_SINGLEGPU_SINGLEZIP/json/ibm_aml_li_small__late_window_holdout__graphsage_edge_minibatch_h32__seed9.json,0.0021930009637934696,0.000860424245956049,0.0017382206292326362,0.0027457937365088763,0.7877820314119603,0.04285337535086665,0.760421051889857,0.8103146608290076,0.0044158969266472,0.001031133887024379,0.00381068919139056,0.005021432790603139,0.002215102728231381,0.0005194443809384911,0.0019199188170233707,0.00252414881070224,0.7670270270270271,0.1161694158159059,0.6945945945945946,0.8313513513513513,0.7592230197224833,0.027014812956926083,0.7419800192153915,0.7730380712143222,45.227000000000004,1.2139444431732087,44.522895000000005,45.9427,3.2831239618063077,0.0015250392939615072
V26,li-small,small,li,late_window_holdout,hist_gradient_boosting_edge_features,10,0.0006679616698319625,results/v26_imported/ibm_aml/li-small/V26_IBM_AML_LI_SMALL_SEEDS_1_2_T4_SINGLEGPU_SINGLEZIP/json/ibm_aml_li_small__late_window_holdout__hist_gradient_boosting_edge_features__seed1.json;results/v26_imported/ibm_aml/li-small/V26_IBM_AML_LI_SMALL_SEEDS_1_2_T4_SINGLEGPU_SINGLEZIP/json/ibm_aml_li_small__late_window_holdout__hist_gradient_boosting_edge_features__seed2.json;results/v26_imported/ibm_aml/li-small/V26_IBM_AML_LI_SMALL_SEEDS_3_4_T4_SINGLEGPU_SINGLEZIP/json/ibm_aml_li_small__late_window_holdout__hist_gradient_boosting_edge_features__seed3.json;results/v26_imported/ibm_aml/li-small/V26_IBM_AML_LI_SMALL_SEEDS_3_4_T4_SINGLEGPU_SINGLEZIP/json/ibm_aml_li_small__late_window_holdout__hist_gradient_boosting_edge_features__seed4.json;results/v26_imported/ibm_aml/li-small/V26_IBM_AML_LI_SMALL_SEEDS_5_6_T4_SINGLEGPU_SINGLEZIP/json/ibm_aml_li_small__late_window_holdout__hist_gradient_boosting_edge_features__seed5.json;results/v26_imported/ibm_aml/li-small/V26_IBM_AML_LI_SMALL_SEEDS_5_6_T4_SINGLEGPU_SINGLEZIP/json/ibm_aml_li_small__late_window_holdout__hist_gradient_boosting_edge_features__seed6.json;results/v26_imported/ibm_aml/li-small/V26_IBM_AML_LI_SMALL_SEEDS_7_8_T4_SINGLEGPU_SINGLEZIP/json/ibm_aml_li_small__late_window_holdout__hist_gradient_boosting_edge_features__seed7.json;results/v26_imported/ibm_aml/li-small/V26_IBM_AML_LI_SMALL_SEEDS_7_8_T4_SINGLEGPU_SINGLEZIP/json/ibm_aml_li_small__late_window_holdout__hist_gradient_boosting_edge_features__seed8.json;results/v26_imported/ibm_aml/li-small/V26_IBM_AML_LI_SMALL_SEEDS_9_10_T4_SINGLEGPU_SINGLEZIP/json/ibm_aml_li_small__late_window_holdout__hist_gradient_boosting_edge_features__seed10.json;results/v26_imported/ibm_aml/li-small/V26_IBM_AML_LI_SMALL_SEEDS_9_10_T4_SINGLEGPU_SINGLEZIP/json/ibm_aml_li_small__late_window_holdout__hist_gradient_boosting_edge_features__seed9.json,0.017077622520785343,0.0022962668534619716,0.01571188708079223,0.01843502803116082,0.8407703888455815,0.011457086040579281,0.8332981207712444,0.8465630146242233,0.019954099102196185,0.014082521249652315,0.012171422142464064,0.028750029580329507,0.09773392078685357,0.044879772430536195,0.07105256654212432,0.12291496094485226,0.011567567567567567,0.008739017363441532,0.006702702702702702,0.016864864864864864,0.5057462806675568,0.004353227976086731,0.5033773629741339,0.5084934629293228,7.7802999999999995,1.436788629780549,7.1048,8.6742325,25.56677020865811,0.01640966085095338
V26,li-small,small,li,late_window_holdout,logistic_regression_edge_features,10,0.0006679616698319625,results/v26_imported/ibm_aml/li-small/V26_IBM_AML_LI_SMALL_SEEDS_1_2_T4_SINGLEGPU_SINGLEZIP/json/ibm_aml_li_small__late_window_holdout__logistic_regression_edge_features__seed1.json;results/v26_imported/ibm_aml/li-small/V26_IBM_AML_LI_SMALL_SEEDS_1_2_T4_SINGLEGPU_SINGLEZIP/json/ibm_aml_li_small__late_window_holdout__logistic_regression_edge_features__seed2.json;results/v26_imported/ibm_aml/li-small/V26_IBM_AML_LI_SMALL_SEEDS_3_4_T4_SINGLEGPU_SINGLEZIP/json/ibm_aml_li_small__late_window_holdout__logistic_regression_edge_features__seed3.json;results/v26_imported/ibm_aml/li-small/V26_IBM_AML_LI_SMALL_SEEDS_3_4_T4_SINGLEGPU_SINGLEZIP/json/ibm_aml_li_small__late_window_holdout__logistic_regression_edge_features__seed4.json;results/v26_imported/ibm_aml/li-small/V26_IBM_AML_LI_SMALL_SEEDS_5_6_T4_SINGLEGPU_SINGLEZIP/json/ibm_aml_li_small__late_window_holdout__logistic_regression_edge_features__seed5.json;results/v26_imported/ibm_aml/li-small/V26_IBM_AML_LI_SMALL_SEEDS_5_6_T4_SINGLEGPU_SINGLEZIP/json/ibm_aml_li_small__late_window_holdout__logistic_regression_edge_features__seed6.json;results/v26_imported/ibm_aml/li-small/V26_IBM_AML_LI_SMALL_SEEDS_7_8_T4_SINGLEGPU_SINGLEZIP/json/ibm_aml_li_small__late_window_holdout__logistic_regression_edge_features__seed7.json;results/v26_imported/ibm_aml/li-small/V26_IBM_AML_LI_SMALL_SEEDS_7_8_T4_SINGLEGPU_SINGLEZIP/json/ibm_aml_li_small__late_window_holdout__logistic_regression_edge_features__seed8.json;results/v26_imported/ibm_aml/li-small/V26_IBM_AML_LI_SMALL_SEEDS_9_10_T4_SINGLEGPU_SINGLEZIP/json/ibm_aml_li_small__late_window_holdout__logistic_regression_edge_features__seed10.json;results/v26_imported/ibm_aml/li-small/V26_IBM_AML_LI_SMALL_SEEDS_9_10_T4_SINGLEGPU_SINGLEZIP/json/ibm_aml_li_small__late_window_holdout__logistic_regression_edge_features__seed9.json,0.004048826344092092,9.14279549108516e-19,0.004048826344092092,0.004048826344092092,0.8501785418234548,1.1702778228589004e-16,0.8501785418234548,0.8501785418234548,0.004753127722159801,0.0,0.004753127722159801,0.004753127722159801,0.002383522358579256,0.0,0.002383522358579256,0.002383522358579256,0.814054054054054,1.1702778228589004e-16,0.814054054054054,0.814054054054054,0.793157016151846,0.0,0.793157016151846,0.793157016151846,11.5886,0.3683691385312052,11.3944925,11.8237,6.061465091418562,0.0033808646742601294
V27,hi-medium,medium,hi,early_to_late_transfer,edge_aware_graphsage_h64,10,0.0014783469767193007,results/v27_imported/imported_json/V27_hi-medium_edge_aware_graphsage_h64_seed10_early_to_late_transfer.json;results/v27_imported/imported_json/V27_hi-medium_edge_aware_graphsage_h64_seed1_early_to_late_transfer.json;results/v27_imported/imported_json/V27_hi-medium_edge_aware_graphsage_h64_seed2_early_to_late_transfer.json;results/v27_imported/imported_json/V27_hi-medium_edge_aware_graphsage_h64_seed3_early_to_late_transfer.json;results/v27_imported/imported_json/V27_hi-medium_edge_aware_graphsage_h64_seed4_early_to_late_transfer.json;results/v27_imported/imported_json/V27_hi-medium_edge_aware_graphsage_h64_seed5_early_to_late_transfer.json;results/v27_imported/imported_json/V27_hi-medium_edge_aware_graphsage_h64_seed6_early_to_late_transfer.json;results/v27_imported/imported_json/V27_hi-medium_edge_aware_graphsage_h64_seed7_early_to_late_transfer.json;results/v27_imported/imported_json/V27_hi-medium_edge_aware_graphsage_h64_seed8_early_to_late_transfer.json;results/v27_imported/imported_json/V27_hi-medium_edge_aware_graphsage_h64_seed9_early_to_late_transfer.json,0.0424178391918162,0.008586688204145022,0.03733298967807703,0.04731987897279149,0.9169858698766646,0.008886667292943923,0.9113910803874512,0.9217681485574898,0.01102126085037156,0.007582201558444499,0.007547721459362503,0.016396122223049113,0.005569216825239516,0.0038920477410293625,0.0037843535975736514,0.007975511961246918,0.9199830352724959,0.11839258716871376,0.8371244786880612,0.9779743055064678,0.8004360551061926,0.007519286945811406,0.795866014285932,0.8047685976878679,249.72859999999997,8.883723658716791,244.29528,254.6683225,28.69274930703243,0.0409394922150969
V27,hi-medium,medium,hi,late_window_holdout,edge_aware_graphsage_h64,10,0.0016681171124174876,results/v27_imported/imported_json/V27_hi-medium_edge_aware_graphsage_h64_seed10_late_window_holdout.json;results/v27_imported/imported_json/V27_hi-medium_edge_aware_graphsage_h64_seed1_late_window_holdout.json;results/v27_imported/imported_json/V27_hi-medium_edge_aware_graphsage_h64_seed2_late_window_holdout.json;results/v27_imported/imported_json/V27_hi-medium_edge_aware_graphsage_h64_seed3_late_window_holdout.json;results/v27_imported/imported_json/V27_hi-medium_edge_aware_graphsage_h64_seed4_late_window_holdout.json;results/v27_imported/imported_json/V27_hi-medium_edge_aware_graphsage_h64_seed5_late_window_holdout.json;results/v27_imported/imported_json/V27_hi-medium_edge_aware_graphsage_h64_seed6_late_window_holdout.json;results/v27_imported/imported_json/V27_hi-medium_edge_aware_graphsage_h64_seed7_late_window_holdout.json;results/v27_imported/imported_json/V27_hi-medium_edge_aware_graphsage_h64_seed8_late_window_holdout.json;results/v27_imported/imported_json/V27_hi-medium_edge_aware_graphsage_h64_seed9_late_window_holdout.json,0.049982507830273484,0.008485306356890144,0.04483176830234087,0.054705196025165444,0.921189740755193,0.004911155811553122,0.9183322882890554,0.9240675328960777,0.012684024766500815,0.008700065389005045,0.008539773768621587,0.018424100605227436,0.006418233622482584,0.004474011019813791,0.004292862520955853,0.009417447757991944,0.924995301635031,0.1125347048849948,0.8465605619244503,0.979853645931216,0.8037311965230778,0.00940618765483962,0.7979600255522957,0.8090502827721741,301.1194,10.24969887037338,294.96929750000004,306.942725,29.963428501633956,0.048314390717855996
V27,hi-small,small,hi,early_to_late_transfer,edge_aware_graphsage_h64,10,0.0015234617040716662,results/v27_imported/imported_json/V27_hi-small_edge_aware_graphsage_h64_seed10_early_to_late_transfer.json;results/v27_imported/imported_json/V27_hi-small_edge_aware_graphsage_h64_seed1_early_to_late_transfer.json;results/v27_imported/imported_json/V27_hi-small_edge_aware_graphsage_h64_seed2_early_to_late_transfer.json;results/v27_imported/imported_json/V27_hi-small_edge_aware_graphsage_h64_seed3_early_to_late_transfer.json;results/v27_imported/imported_json/V27_hi-small_edge_aware_graphsage_h64_seed4_early_to_late_transfer.json;results/v27_imported/imported_json/V27_hi-small_edge_aware_graphsage_h64_seed5_early_to_late_transfer.json;results/v27_imported/imported_json/V27_hi-small_edge_aware_graphsage_h64_seed6_early_to_late_transfer.json;results/v27_imported/imported_json/V27_hi-small_edge_aware_graphsage_h64_seed7_early_to_late_transfer.json;results/v27_imported/imported_json/V27_hi-small_edge_aware_graphsage_h64_seed8_early_to_late_transfer.json;results/v27_imported/imported_json/V27_hi-small_edge_aware_graphsage_h64_seed9_early_to_late_transfer.json,0.010251373603023476,0.007628786829781118,0.006129279428662311,0.015165116395994037,0.815501637859237,0.031026046024229585,0.7969251677990123,0.8332552799430354,0.0142390591917459,0.006352557817733142,0.011079295364197573,0.018404797151770454,0.007203730230210292,0.003271062252704109,0.005582422905276693,0.00928712417538331,0.784489444205084,0.07927378042247815,0.7383003015941405,0.8311514433433864,0.795432438504842,0.00859825592402462,0.7902545474866977,0.8002393529705907,33.273199999999996,2.662379211657624,31.9167625,34.9905275,6.728999866307919,0.00872791189895181
V27,hi-small,small,hi,late_window_holdout,edge_aware_graphsage_h64,10,0.001769277195621802,results/v27_imported/imported_json/V27_hi-small_edge_aware_graphsage_h64_seed10_late_window_holdout.json;results/v27_imported/imported_json/V27_hi-small_edge_aware_graphsage_h64_seed1_late_window_holdout.json;results/v27_imported/imported_json/V27_hi-small_edge_aware_graphsage_h64_seed2_late_window_holdout.json;results/v27_imported/imported_json/V27_hi-small_edge_aware_graphsage_h64_seed3_late_window_holdout.json;results/v27_imported/imported_json/V27_hi-small_edge_aware_graphsage_h64_seed4_late_window_holdout.json;results/v27_imported/imported_json/V27_hi-small_edge_aware_graphsage_h64_seed5_late_window_holdout.json;results/v27_imported/imported_json/V27_hi-small_edge_aware_graphsage_h64_seed6_late_window_holdout.json;results/v27_imported/imported_json/V27_hi-small_edge_aware_graphsage_h64_seed7_late_window_holdout.json;results/v27_imported/imported_json/V27_hi-small_edge_aware_graphsage_h64_seed8_late_window_holdout.json;results/v27_imported/imported_json/V27_hi-small_edge_aware_graphsage_h64_seed9_late_window_holdout.json,0.010999524283907332,0.004204011014592203,0.008654931539231518,0.013669381262409108,0.8405430928108519,0.032861253475357594,0.8211107599005132,0.8590673089414494,0.016015528130047814,0.004435387782705939,0.01370048854382746,0.018805328301086867,0.008098915702268355,0.0022809454905027555,0.0068830768295988515,0.009553492770195435,0.7999443516972732,0.0667358273049234,0.7600445186421815,0.837729549248748,0.8061904164154932,0.009998666063160314,0.8008510403257519,0.8123604937284943,47.2068,2.7158360611625874,45.69025499999999,48.856404999999995,6.2169592820878545,0.00923024708828553
V27,li-medium,medium,li,early_to_late_transfer,edge_aware_graphsage_h64,10,0.000575119367667348,results/v27_imported/imported_json/V27_li-medium_edge_aware_graphsage_h64_seed10_early_to_late_transfer.json;results/v27_imported/imported_json/V27_li-medium_edge_aware_graphsage_h64_seed1_early_to_late_transfer.json;results/v27_imported/imported_json/V27_li-medium_edge_aware_graphsage_h64_seed2_early_to_late_transfer.json;results/v27_imported/imported_json/V27_li-medium_edge_aware_graphsage_h64_seed3_early_to_late_transfer.json;results/v27_imported/imported_json/V27_li-medium_edge_aware_graphsage_h64_seed4_early_to_late_transfer.json;results/v27_imported/imported_json/V27_li-medium_edge_aware_graphsage_h64_seed5_early_to_late_transfer.json;results/v27_imported/imported_json/V27_li-medium_edge_aware_graphsage_h64_seed6_early_to_late_transfer.json;results/v27_imported/imported_json/V27_li-medium_edge_aware_graphsage_h64_seed7_early_to_late_transfer.json;results/v27_imported/imported_json/V27_li-medium_edge_aware_graphsage_h64_seed8_early_to_late_transfer.json;results/v27_imported/imported_json/V27_li-medium_edge_aware_graphsage_h64_seed9_early_to_late_transfer.json,0.010299842748053664,0.0028516644425155752,0.008658109839284774,0.01198889891067844,0.8792822324060616,0.03897356314438745,0.8544557870651289,0.9002206312181807,0.0034560734008245906,0.0018089988464126702,0.002717253515102409,0.004647977990798947,0.0017331594076336893,0.0009135451160499686,0.0013607349979681666,0.0023330328014649665,0.9130007418397627,0.1199684356201286,0.8332895956973293,0.9632789317507419,0.7807929229470684,0.03850938978294342,0.7559690264223117,0.8017250810779989,249.24200000000002,23.370778420925568,236.81527749999998,264.38937000000004,17.909052150041912,0.009724723380386316
V27,li-medium,medium,li,late_window_holdout,edge_aware_graphsage_h64,10,0.0006052512384611484,results/v27_imported/imported_json/V27_li-medium_edge_aware_graphsage_h64_seed10_late_window_holdout.json;results/v27_imported/imported_json/V27_li-medium_edge_aware_graphsage_h64_seed1_late_window_holdout.json;results/v27_imported/imported_json/V27_li-medium_edge_aware_graphsage_h64_seed2_late_window_holdout.json;results/v27_imported/imported_json/V27_li-medium_edge_aware_graphsage_h64_seed3_late_window_holdout.json;results/v27_imported/imported_json/V27_li-medium_edge_aware_graphsage_h64_seed4_late_window_holdout.json;results/v27_imported/imported_json/V27_li-medium_edge_aware_graphsage_h64_seed5_late_window_holdout.json;results/v27_imported/imported_json/V27_li-medium_edge_aware_graphsage_h64_seed6_late_window_holdout.json;results/v27_imported/imported_json/V27_li-medium_edge_aware_graphsage_h64_seed7_late_window_holdout.json;results/v27_imported/imported_json/V27_li-medium_edge_aware_graphsage_h64_seed8_late_window_holdout.json;results/v27_imported/imported_json/V27_li-medium_edge_aware_graphsage_h64_seed9_late_window_holdout.json,0.011053704388689169,0.0031972675488845677,0.009222378487888294,0.01300967010357611,0.8664995543409933,0.05752664935289525,0.83078357971318,0.8973462907916034,0.005195261723613544,0.0032136663435491605,0.003241810128756533,0.0072246296627695005,0.0026121355614839047,0.0016260471055830564,0.0016239065988407201,0.0036354821586759125,0.852365847211208,0.18712962318485268,0.7343900343642611,0.9381476341527888,0.787807591380302,0.023998178430846694,0.7730769951102275,0.8008864257664702,300.6709,28.142348087495783,285.92551000000003,318.7903,18.26300168636287,0.010448453150228021
V27,li-small,small,li,early_to_late_transfer,edge_aware_graphsage_h64,10,0.0006422060306708742,results/v27_imported/imported_json/V27_li-small_edge_aware_graphsage_h64_seed10_early_to_late_transfer.json;results/v27_imported/imported_json/V27_li-small_edge_aware_graphsage_h64_seed1_early_to_late_transfer.json;results/v27_imported/imported_json/V27_li-small_edge_aware_graphsage_h64_seed2_early_to_late_transfer.json;results/v27_imported/imported_json/V27_li-small_edge_aware_graphsage_h64_seed3_early_to_late_transfer.json;results/v27_imported/imported_json/V27_li-small_edge_aware_graphsage_h64_seed4_early_to_late_transfer.json;results/v27_imported/imported_json/V27_li-small_edge_aware_graphsage_h64_seed5_early_to_late_transfer.json;results/v27_imported/imported_json/V27_li-small_edge_aware_graphsage_h64_seed6_early_to_late_transfer.json;results/v27_imported/imported_json/V27_li-small_edge_aware_graphsage_h64_seed7_early_to_late_transfer.json;results/v27_imported/imported_json/V27_li-small_edge_aware_graphsage_h64_seed8_early_to_late_transfer.json;results/v27_imported/imported_json/V27_li-small_edge_aware_graphsage_h64_seed9_early_to_late_transfer.json,0.0031507328626382467,0.001700133251054215,0.002338112329418291,0.004259621469213145,0.847469332066838,0.02755052035922451,0.8316426377155233,0.8636929266914017,0.005431382859632645,0.001127457027466352,0.004792659974322737,0.006116303798690439,0.0027250067849069848,0.0005681094332159116,0.0024011096518855627,0.003072913212620515,0.8480509745127437,0.06605691971684996,0.8121439280359821,0.8901049475262368,0.8191274222902202,0.013180539455295208,0.8115509739989718,0.8271685294005339,50.8394,2.598657610724771,49.411685000000006,52.40989999999999,4.906109117889884,0.0025085268319673722
V27,li-small,small,li,late_window_holdout,edge_aware_graphsage_h64,10,0.0006679616698319625,results/v27_imported/imported_json/V27_li-small_edge_aware_graphsage_h64_seed10_late_window_holdout.json;results/v27_imported/imported_json/V27_li-small_edge_aware_graphsage_h64_seed1_late_window_holdout.json;results/v27_imported/imported_json/V27_li-small_edge_aware_graphsage_h64_seed2_late_window_holdout.json;results/v27_imported/imported_json/V27_li-small_edge_aware_graphsage_h64_seed3_late_window_holdout.json;results/v27_imported/imported_json/V27_li-small_edge_aware_graphsage_h64_seed4_late_window_holdout.json;results/v27_imported/imported_json/V27_li-small_edge_aware_graphsage_h64_seed5_late_window_holdout.json;results/v27_imported/imported_json/V27_li-small_edge_aware_graphsage_h64_seed6_late_window_holdout.json;results/v27_imported/imported_json/V27_li-small_edge_aware_graphsage_h64_seed7_late_window_holdout.json;results/v27_imported/imported_json/V27_li-small_edge_aware_graphsage_h64_seed8_late_window_holdout.json;results/v27_imported/imported_json/V27_li-small_edge_aware_graphsage_h64_seed9_late_window_holdout.json,0.00567952104488653,0.001924522448559957,0.0045617227550084505,0.006827289779499016,0.8775987388813065,0.02255169296988894,0.8639020977010567,0.8906267523225107,0.006653186960945511,0.0011971145268600508,0.005910204359506012,0.007341016229536213,0.003340864688949261,0.0006040099163110641,0.0029726687650532104,0.003681522533794546,0.8215135135135136,0.06238596609432509,0.7852945945945945,0.8589189189189188,0.8249799761716646,0.012129881405866513,0.8177399743075432,0.8318679504399532,65.92009999999999,5.061122480899536,63.0177825,68.93008999999999,8.50276490612899,0.005011559375054568
V28,hi-medium,medium,hi,early_to_late_transfer,account_account_sender_receiver,10,0.0014783469767193007,results/v28_imported/imported_json/V28_hi-medium_account_account_sender_receiver_seed10_early_to_late_transfer.json;results/v28_imported/imported_json/V28_hi-medium_account_account_sender_receiver_seed1_early_to_late_transfer.json;results/v28_imported/imported_json/V28_hi-medium_account_account_sender_receiver_seed2_early_to_late_transfer.json;results/v28_imported/imported_json/V28_hi-medium_account_account_sender_receiver_seed3_early_to_late_transfer.json;results/v28_imported/imported_json/V28_hi-medium_account_account_sender_receiver_seed4_early_to_late_transfer.json;results/v28_imported/imported_json/V28_hi-medium_account_account_sender_receiver_seed5_early_to_late_transfer.json;results/v28_imported/imported_json/V28_hi-medium_account_account_sender_receiver_seed6_early_to_late_transfer.json;results/v28_imported/imported_json/V28_hi-medium_account_account_sender_receiver_seed7_early_to_late_transfer.json;results/v28_imported/imported_json/V28_hi-medium_account_account_sender_receiver_seed8_early_to_late_transfer.json;results/v28_imported/imported_json/V28_hi-medium_account_account_sender_receiver_seed9_early_to_late_transfer.json,0.0424178391918162,0.008586688204145022,0.03729025493961931,0.04737291667024458,0.9169858698766646,0.008886667292943923,0.9115065982317169,0.9217891981659453,0.01102126085037156,0.007582201558444499,0.007546965099593576,0.016385965722935845,0.005569216825239516,0.0038920477410293625,0.003790918704913781,0.007984092033356503,0.9199830352724959,0.11839258716871376,0.836947586060649,0.9776772460592351,0.8004360551061926,0.007519286945811406,0.7959657356741723,0.8047893694980858,255.06569999999996,9.048501177911549,249.75858000000002,260.14623500000005,28.69274930703243,0.0409394922150969
V28,hi-medium,medium,hi,early_to_late_transfer,degree_capped_bipartite,10,0.0014783469767193007,results/v28_imported/imported_json/V28_hi-medium_degree_capped_bipartite_seed10_early_to_late_transfer.json;results/v28_imported/imported_json/V28_hi-medium_degree_capped_bipartite_seed1_early_to_late_transfer.json;results/v28_imported/imported_json/V28_hi-medium_degree_capped_bipartite_seed2_early_to_late_transfer.json;results/v28_imported/imported_json/V28_hi-medium_degree_capped_bipartite_seed3_early_to_late_transfer.json;results/v28_imported/imported_json/V28_hi-medium_degree_capped_bipartite_seed4_early_to_late_transfer.json;results/v28_imported/imported_json/V28_hi-medium_degree_capped_bipartite_seed5_early_to_late_transfer.json;results/v28_imported/imported_json/V28_hi-medium_degree_capped_bipartite_seed6_early_to_late_transfer.json;results/v28_imported/imported_json/V28_hi-medium_degree_capped_bipartite_seed7_early_to_late_transfer.json;results/v28_imported/imported_json/V28_hi-medium_degree_capped_bipartite_seed8_early_to_late_transfer.json;results/v28_imported/imported_json/V28_hi-medium_degree_capped_bipartite_seed9_early_to_late_transfer.json,0.011862314622295818,0.011947554023570645,0.005694228263804841,0.019470625651487748,0.8758815555137908,0.007050356866633841,0.8717275560808054,0.8800156039556849,0.019511676116201845,0.00801591766755378,0.015393660006186784,0.02468086810937207,0.009879810169872183,0.004126613674962581,0.00769522958398686,0.0125422271024602,0.9350816427511134,0.045220692268083104,0.9059086732169365,0.9593981056054288,0.8883894790611926,0.007150324392484212,0.8836045977064736,0.891831970299476,216.7949,13.543190674857811,209.72104749999997,225.4898,8.02403955843998,0.010383967645576517
V28,hi-medium,medium,hi,early_to_late_transfer,edge_aware_graphsage_h64_degree_only,10,0.0014783469767193007,results/v28_imported/imported_json/V28_hi-medium_degree_only_seed10_early_to_late_transfer.json;results/v28_imported/imported_json/V28_hi-medium_degree_only_seed1_early_to_late_transfer.json;results/v28_imported/imported_json/V28_hi-medium_degree_only_seed2_early_to_late_transfer.json;results/v28_imported/imported_json/V28_hi-medium_degree_only_seed3_early_to_late_transfer.json;results/v28_imported/imported_json/V28_hi-medium_degree_only_seed4_early_to_late_transfer.json;results/v28_imported/imported_json/V28_hi-medium_degree_only_seed5_early_to_late_transfer.json;results/v28_imported/imported_json/V28_hi-medium_degree_only_seed6_early_to_late_transfer.json;results/v28_imported/imported_json/V28_hi-medium_degree_only_seed7_early_to_late_transfer.json;results/v28_imported/imported_json/V28_hi-medium_degree_only_seed8_early_to_late_transfer.json;results/v28_imported/imported_json/V28_hi-medium_degree_only_seed9_early_to_late_transfer.json,0.025244660304020138,0.004095021456815456,0.022721360850518096,0.027567285409508875,0.8039721471699804,0.014972194536843121,0.795288271008191,0.8129735251358307,0.010216597047350858,0.005438826495051971,0.0070472390080544,0.01350237877234716,0.005165931633539381,0.0027806019163183738,0.0035420625163106057,0.0068641808237858565,0.7041917014207959,0.1379194038182343,0.6226192832402629,0.7829437336537782,0.7147250496125808,0.011607572611442586,0.7077499200209972,0.7214668890301978,238.95959999999997,6.5941694313149775,234.92189499999998,242.67092749999995,17.07627553041862,0.023766313327300836
V28,hi-medium,medium,hi,early_to_late_transfer,edge_aware_graphsage_h64_no_edge_features,10,0.0014783469767193007,results/v28_imported/imported_json/V28_hi-medium_no_edge_features_seed10_early_to_late_transfer.json;results/v28_imported/imported_json/V28_hi-medium_no_edge_features_seed1_early_to_late_transfer.json;results/v28_imported/imported_json/V28_hi-medium_no_edge_features_seed2_early_to_late_transfer.json;results/v28_imported/imported_json/V28_hi-medium_no_edge_features_seed3_early_to_late_transfer.json;results/v28_imported/imported_json/V28_hi-medium_no_edge_features_seed4_early_to_late_transfer.json;results/v28_imported/imported_json/V28_hi-medium_no_edge_features_seed5_early_to_late_transfer.json;results/v28_imported/imported_json/V28_hi-medium_no_edge_features_seed6_early_to_late_transfer.json;results/v28_imported/imported_json/V28_hi-medium_no_edge_features_seed7_early_to_late_transfer.json;results/v28_imported/imported_json/V28_hi-medium_no_edge_features_seed8_early_to_late_transfer.json;results/v28_imported/imported_json/V28_hi-medium_no_edge_features_seed9_early_to_late_transfer.json,0.024467459279979852,0.0036915788323023174,0.022207505622732722,0.026467662224018446,0.8019835844180706,0.004251592155965103,0.7994245193271772,0.8044746431598165,0.009420532221493853,0.0057308504256294475,0.005900830782597963,0.012992964028464277,0.004762237955274707,0.0029321768358596995,0.0029651527885100892,0.006622026648274426,0.7326853749911643,0.134972433401181,0.6483775712165124,0.8120317028345233,0.7098149241803626,0.010911433180924787,0.7039143355314883,0.7165715860663887,248.12610000000004,11.535628302013825,241.37467999999998,254.93352000000002,16.55055251932617,0.02298911230326055
V28,hi-medium,medium,hi,early_to_late_transfer,edge_aware_graphsage_h64_shuffled_edge_features,10,0.0014783469767193007,results/v28_imported/imported_json/V28_hi-medium_shuffled_edge_features_seed10_early_to_late_transfer.json;results/v28_imported/imported_json/V28_hi-medium_shuffled_edge_features_seed1_early_to_late_transfer.json;results/v28_imported/imported_json/V28_hi-medium_shuffled_edge_features_seed2_early_to_late_transfer.json;results/v28_imported/imported_json/V28_hi-medium_shuffled_edge_features_seed3_early_to_late_transfer.json;results/v28_imported/imported_json/V28_hi-medium_shuffled_edge_features_seed4_early_to_late_transfer.json;results/v28_imported/imported_json/V28_hi-medium_shuffled_edge_features_seed5_early_to_late_transfer.json;results/v28_imported/imported_json/V28_hi-medium_shuffled_edge_features_seed6_early_to_late_transfer.json;results/v28_imported/imported_json/V28_hi-medium_shuffled_edge_features_seed7_early_to_late_transfer.json;results/v28_imported/imported_json/V28_hi-medium_shuffled_edge_features_seed8_early_to_late_transfer.json;results/v28_imported/imported_json/V28_hi-medium_shuffled_edge_features_seed9_early_to_late_transfer.json,0.023876005680675154,0.003809402729133652,0.021569474738895863,0.02597316041849986,0.7943087727392131,0.014482612493830977,0.785784315687564,0.8028981137170883,0.009677900671466585,0.006202204348340957,0.006004992539176265,0.013578916815300325,0.0048978817210044,0.00318182097590708,0.002980925190570061,0.006961622217524354,0.7248674630663745,0.141077840345649,0.6359355340354845,0.8042781155015197,0.7078570530842596,0.012005366272323756,0.7011353215085024,0.71523569609779,255.573,19.60667615890057,244.66943750000002,267.7962475,16.150474859197132,0.022397658703955853
V28,hi-medium,medium,hi,early_to_late_transfer,recent_window_only_graph,10,0.0014783469767193007,results/v28_imported/imported_json/V28_hi-medium_recent_window_only_graph_seed10_early_to_late_transfer.json;results/v28_imported/imported_json/V28_hi-medium_recent_window_only_graph_seed1_early_to_late_transfer.json;results/v28_imported/imported_json/V28_hi-medium_recent_window_only_graph_seed2_early_to_late_transfer.json;results/v28_imported/imported_json/V28_hi-medium_recent_window_only_graph_seed3_early_to_late_transfer.json;results/v28_imported/imported_json/V28_hi-medium_recent_window_only_graph_seed4_early_to_late_transfer.json;results/v28_imported/imported_json/V28_hi-medium_recent_window_only_graph_seed5_early_to_late_transfer.json;results/v28_imported/imported_json/V28_hi-medium_recent_window_only_graph_seed6_early_to_late_transfer.json;results/v28_imported/imported_json/V28_hi-medium_recent_window_only_graph_seed7_early_to_late_transfer.json;results/v28_imported/imported_json/V28_hi-medium_recent_window_only_graph_seed8_early_to_late_transfer.json;results/v28_imported/imported_json/V28_hi-medium_recent_window_only_graph_seed9_early_to_late_transfer.json,0.01866295642578858,0.003242080225536784,0.017151107855983085,0.020852713381572113,0.93387614933042,0.002676661935094263,0.9323636316420338,0.9354940171082957,0.01912717076382216,0.0014865787095344055,0.018185888267485465,0.01992187114546843,0.009675397740782488,0.0007613406979220215,0.009195656565931904,0.01007323020804,0.8341132395560896,0.016355907646098396,0.8252914045380647,0.8441719092387079,0.8533813235426997,0.003985816492965685,0.8510836429480885,0.855721311943939,128.15,5.808198114160136,124.61233000000001,131.46025250000005,12.624205764741916,0.01718460944906928
V28,hi-medium,medium,hi,late_window_holdout,account_account_sender_receiver,10,0.0016681171124174876,results/v28_imported/imported_json/V28_hi-medium_account_account_sender_receiver_seed10_late_window_holdout.json;results/v28_imported/imported_json/V28_hi-medium_account_account_sender_receiver_seed1_late_window_holdout.json;results/v28_imported/imported_json/V28_hi-medium_account_account_sender_receiver_seed2_late_window_holdout.json;results/v28_imported/imported_json/V28_hi-medium_account_account_sender_receiver_seed3_late_window_holdout.json;results/v28_imported/imported_json/V28_hi-medium_account_account_sender_receiver_seed4_late_window_holdout.json;results/v28_imported/imported_json/V28_hi-medium_account_account_sender_receiver_seed5_late_window_holdout.json;results/v28_imported/imported_json/V28_hi-medium_account_account_sender_receiver_seed6_late_window_holdout.json;results/v28_imported/imported_json/V28_hi-medium_account_account_sender_receiver_seed7_late_window_holdout.json;results/v28_imported/imported_json/V28_hi-medium_account_account_sender_receiver_seed8_late_window_holdout.json;results/v28_imported/imported_json/V28_hi-medium_account_account_sender_receiver_seed9_late_window_holdout.json,0.049982507830273484,0.008485306356890144,0.04473811884336415,0.054730198740768614,0.921189740755193,0.004911155811553122,0.9182786276885258,0.9240642447029914,0.012684024766500815,0.008700065389005045,0.008532770197407087,0.018523558341164287,0.006418233622482584,0.004474011019813791,0.004289438973208439,0.0093858974500037,0.924995301635031,0.1125347048849948,0.8466350310092088,0.9798167637662094,0.8037311965230778,0.00940618765483962,0.7979248528290073,0.8089685510081263,306.92560000000003,10.891246599397556,300.7194925,313.4940175,29.963428501633956,0.048314390717855996
V28,hi-medium,medium,hi,late_window_holdout,degree_capped_bipartite,10,0.0016681171124174876,results/v28_imported/imported_json/V28_hi-medium_degree_capped_bipartite_seed10_late_window_holdout.json;results/v28_imported/imported_json/V28_hi-medium_degree_capped_bipartite_seed1_late_window_holdout.json;results/v28_imported/imported_json/V28_hi-medium_degree_capped_bipartite_seed2_late_window_holdout.json;results/v28_imported/imported_json/V28_hi-medium_degree_capped_bipartite_seed3_late_window_holdout.json;results/v28_imported/imported_json/V28_hi-medium_degree_capped_bipartite_seed4_late_window_holdout.json;results/v28_imported/imported_json/V28_hi-medium_degree_capped_bipartite_seed5_late_window_holdout.json;results/v28_imported/imported_json/V28_hi-medium_degree_capped_bipartite_seed6_late_window_holdout.json;results/v28_imported/imported_json/V28_hi-medium_degree_capped_bipartite_seed7_late_window_holdout.json;results/v28_imported/imported_json/V28_hi-medium_degree_capped_bipartite_seed8_late_window_holdout.json;results/v28_imported/imported_json/V28_hi-medium_degree_capped_bipartite_seed9_late_window_holdout.json,0.01274030065388097,0.011380099442964853,0.006483355910925658,0.020097751066889363,0.8803473803758077,0.009977098357477437,0.8744129484197565,0.8859213952724757,0.02214753631636749,0.008080660062007881,0.01765024079910271,0.02721426948466291,0.011226250803656313,0.004166936188537862,0.008893727745830322,0.013864709309832338,0.9414865626761886,0.03759096665344605,0.9184826630332643,0.9622065871076865,0.893700702009389,0.006255006012274871,0.8899538086750378,0.8973090824703357,261.8574,16.215952558446205,253.3134075,272.35724250000004,7.637533695351477,0.011072183541463483
V28,hi-medium,medium,hi,late_window_holdout,edge_aware_graphsage_h64_degree_only,10,0.0016681171124174876,results/v28_imported/imported_json/V28_hi-medium_degree_only_seed10_late_window_holdout.json;results/v28_imported/imported_json/V28_hi-medium_degree_only_seed1_late_window_holdout.json;results/v28_imported/imported_json/V28_hi-medium_degree_only_seed2_late_window_holdout.json;results/v28_imported/imported_json/V28_hi-medium_degree_only_seed3_late_window_holdout.json;results/v28_imported/imported_json/V28_hi-medium_degree_only_seed4_late_window_holdout.json;results/v28_imported/imported_json/V28_hi-medium_degree_only_seed5_late_window_holdout.json;results/v28_imported/imported_json/V28_hi-medium_degree_only_seed6_late_window_holdout.json;results/v28_imported/imported_json/V28_hi-medium_degree_only_seed7_late_window_holdout.json;results/v28_imported/imported_json/V28_hi-medium_degree_only_seed8_late_window_holdout.json;results/v28_imported/imported_json/V28_hi-medium_degree_only_seed9_late_window_holdout.json,0.03261943951062074,0.004451163378997209,0.029889345748341033,0.035183916996714894,0.8042081175368665,0.010621177147686393,0.7981856711195132,0.8108470452680487,0.018091574370235786,0.006578772269723364,0.013947137786547381,0.021641758788858753,0.00922002587898506,0.003394300470032166,0.007144688586172651,0.01107285254699382,0.59599699304642,0.12251091499756181,0.533677880097726,0.677504228528472,0.723212391752701,0.009533715518302783,0.7172813409736585,0.728444671553244,290.36269999999996,10.53113312516749,284.31837,296.55344999999994,19.554645934509733,0.03095132239820325
V28,hi-medium,medium,hi,late_window_holdout,edge_aware_graphsage_h64_no_edge_features,10,0.0016681171124174876,results/v28_imported/imported_json/V28_hi-medium_no_edge_features_seed10_late_window_holdout.json;results/v28_imported/imported_json/V28_hi-medium_no_edge_features_seed1_late_window_holdout.json;results/v28_imported/imported_json/V28_hi-medium_no_edge_features_seed2_late_window_holdout.json;results/v28_imported/imported_json/V28_hi-medium_no_edge_features_seed3_late_window_holdout.json;results/v28_imported/imported_json/V28_hi-medium_no_edge_features_seed4_late_window_holdout.json;results/v28_imported/imported_json/V28_hi-medium_no_edge_features_seed5_late_window_holdout.json;results/v28_imported/imported_json/V28_hi-medium_no_edge_features_seed6_late_window_holdout.json;results/v28_imported/imported_json/V28_hi-medium_no_edge_features_seed7_late_window_holdout.json;results/v28_imported/imported_json/V28_hi-medium_no_edge_features_seed8_late_window_holdout.json;results/v28_imported/imported_json/V28_hi-medium_no_edge_features_seed9_late_window_holdout.json,0.029889165615244427,0.005620461941011521,0.026436716795875666,0.032968968597464635,0.8101852321028081,0.013461036065529152,0.8020878060694222,0.8179820117662407,0.014790370530860644,0.007129884952754625,0.010542794550292644,0.01887090330584122,0.007516023667779889,0.00366554008202368,0.005375091636113261,0.009658338736726639,0.6572730689719978,0.14239450979486162,0.5751644427739148,0.7423050178537869,0.7220603120738988,0.011621651899764215,0.715052535073166,0.7287276407374266,298.8679,13.727764117129762,291.06329250000005,306.9866575,17.917905998774938,0.02822104850282694
V28,hi-medium,medium,hi,late_window_holdout,edge_aware_graphsage_h64_shuffled_edge_features,10,0.0016681171124174876,results/v28_imported/imported_json/V28_hi-medium_shuffled_edge_features_seed10_late_window_holdout.json;results/v28_imported/imported_json/V28_hi-medium_shuffled_edge_features_seed1_late_window_holdout.json;results/v28_imported/imported_json/V28_hi-medium_shuffled_edge_features_seed2_late_window_holdout.json;results/v28_imported/imported_json/V28_hi-medium_shuffled_edge_features_seed3_late_window_holdout.json;results/v28_imported/imported_json/V28_hi-medium_shuffled_edge_features_seed4_late_window_holdout.json;results/v28_imported/imported_json/V28_hi-medium_shuffled_edge_features_seed5_late_window_holdout.json;results/v28_imported/imported_json/V28_hi-medium_shuffled_edge_features_seed6_late_window_holdout.json;results/v28_imported/imported_json/V28_hi-medium_shuffled_edge_features_seed7_late_window_holdout.json;results/v28_imported/imported_json/V28_hi-medium_shuffled_edge_features_seed8_late_window_holdout.json;results/v28_imported/imported_json/V28_hi-medium_shuffled_edge_features_seed9_late_window_holdout.json,0.029700382353250215,0.0049199788461517634,0.026660239575391754,0.03247560964946274,0.806022384908186,0.009553952606557661,0.8004422745739925,0.8115442029100202,0.013515610421931116,0.007450292268811794,0.009276885178467966,0.017995255898049758,0.006864771683709187,0.0038313226919365305,0.004670917066971533,0.009157824549121136,0.6839503852659274,0.15208461661556336,0.595112290922759,0.7725824563052057,0.7174642799410932,0.011410547636668369,0.7103924401915536,0.7237024571213626,311.0025,28.10805644196062,296.21079,329.1617,17.80473453102312,0.028032265240832726
V28,hi-medium,medium,hi,late_window_holdout,recent_window_only_graph,10,0.0016681171124174876,results/v28_imported/imported_json/V28_hi-medium_recent_window_only_graph_seed10_late_window_holdout.json;results/v28_imported/imported_json/V28_hi-medium_recent_window_only_graph_seed1_late_window_holdout.json;results/v28_imported/imported_json/V28_hi-medium_recent_window_only_graph_seed2_late_window_holdout.json;results/v28_imported/imported_json/V28_hi-medium_recent_window_only_graph_seed3_late_window_holdout.json;results/v28_imported/imported_json/V28_hi-medium_recent_window_only_graph_seed4_late_window_holdout.json;results/v28_imported/imported_json/V28_hi-medium_recent_window_only_graph_seed5_late_window_holdout.json;results/v28_imported/imported_json/V28_hi-medium_recent_window_only_graph_seed6_late_window_holdout.json;results/v28_imported/imported_json/V28_hi-medium_recent_window_only_graph_seed7_late_window_holdout.json;results/v28_imported/imported_json/V28_hi-medium_recent_window_only_graph_seed8_late_window_holdout.json;results/v28_imported/imported_json/V28_hi-medium_recent_window_only_graph_seed9_late_window_holdout.json,0.028949228220603217,0.007052997398072909,0.025289340122652444,0.03334014181040275,0.9332876930584533,0.002921417371324473,0.931480322959399,0.9348938399945995,0.02123809342100401,0.006682861479886863,0.017206799820615147,0.024957981750565555,0.010774882000718102,0.003429679971446864,0.008654066491822118,0.01269493353718645,0.8355290358955084,0.07326636552670747,0.796662751362526,0.8832298909979326,0.8420173997946232,0.00801852061595357,0.8370548534457359,0.8463974217017637,153.0965,5.202531077380616,149.90838999999997,156.1284775,17.354433933387977,0.027281111108185728
V28,hi-small,small,hi,early_to_late_transfer,account_account_sender_receiver,10,0.0015234617040716662,results/v28_imported/imported_json/V28_hi-small_account_account_sender_receiver_seed10_early_to_late_transfer.json;results/v28_imported/imported_json/V28_hi-small_account_account_sender_receiver_seed1_early_to_late_transfer.json;results/v28_imported/imported_json/V28_hi-small_account_account_sender_receiver_seed2_early_to_late_transfer.json;results/v28_imported/imported_json/V28_hi-small_account_account_sender_receiver_seed3_early_to_late_transfer.json;results/v28_imported/imported_json/V28_hi-small_account_account_sender_receiver_seed4_early_to_late_transfer.json;results/v28_imported/imported_json/V28_hi-small_account_account_sender_receiver_seed5_early_to_late_transfer.json;results/v28_imported/imported_json/V28_hi-small_account_account_sender_receiver_seed6_early_to_late_transfer.json;results/v28_imported/imported_json/V28_hi-small_account_account_sender_receiver_seed7_early_to_late_transfer.json;results/v28_imported/imported_json/V28_hi-small_account_account_sender_receiver_seed8_early_to_late_transfer.json;results/v28_imported/imported_json/V28_hi-small_account_account_sender_receiver_seed9_early_to_late_transfer.json,0.010251373603023476,0.007628786829781118,0.006126829007581112,0.014912903625785507,0.815501637859237,0.031026046024229585,0.7966205466784398,0.8328282176625746,0.0142390591917459,0.006352557817733142,0.011010422515436873,0.018272663906943883,0.007203730230210292,0.003271062252704109,0.005556099914551065,0.009351845380384853,0.784489444205084,0.07927378042247815,0.7377412753123654,0.8307636794485135,0.795432438504842,0.00859825592402462,0.790217100999725,0.8002472791294336,33.724000000000004,1.68589488271231,32.8095925,34.764264999999995,6.728999866307919,0.00872791189895181
V28,hi-small,small,hi,early_to_late_transfer,degree_capped_bipartite,10,0.0015234617040716662,results/v28_imported/imported_json/V28_hi-small_degree_capped_bipartite_seed10_early_to_late_transfer.json;results/v28_imported/imported_json/V28_hi-small_degree_capped_bipartite_seed1_early_to_late_transfer.json;results/v28_imported/imported_json/V28_hi-small_degree_capped_bipartite_seed2_early_to_late_transfer.json;results/v28_imported/imported_json/V28_hi-small_degree_capped_bipartite_seed3_early_to_late_transfer.json;results/v28_imported/imported_json/V28_hi-small_degree_capped_bipartite_seed4_early_to_late_transfer.json;results/v28_imported/imported_json/V28_hi-small_degree_capped_bipartite_seed5_early_to_late_transfer.json;results/v28_imported/imported_json/V28_hi-small_degree_capped_bipartite_seed6_early_to_late_transfer.json;results/v28_imported/imported_json/V28_hi-small_degree_capped_bipartite_seed7_early_to_late_transfer.json;results/v28_imported/imported_json/V28_hi-small_degree_capped_bipartite_seed8_early_to_late_transfer.json;results/v28_imported/imported_json/V28_hi-small_degree_capped_bipartite_seed9_early_to_late_transfer.json,0.0128494798113685,0.017686580335837886,0.005869669872526927,0.024099299539025516,0.8739283984521895,0.011351421902008565,0.8674077631387521,0.8804650713957434,0.018060635591123097,0.004809726882837309,0.015638583373149155,0.021324610086530672,0.009131205805236992,0.002469892299916162,0.007882511768544573,0.010796081161643099,0.8869021973287374,0.03595988766738433,0.8656182679879361,0.9073685911245154,0.8658241793522283,0.010357941787939362,0.8598133162003352,0.8720691857585879,27.886000000000003,0.5803010712839783,27.5627975,28.2417075,8.434396333709245,0.011326018107296835
V28,hi-small,small,hi,early_to_late_transfer,edge_aware_graphsage_h64_degree_only,10,0.0015234617040716662,results/v28_imported/imported_json/V28_hi-small_degree_only_seed10_early_to_late_transfer.json;results/v28_imported/imported_json/V28_hi-small_degree_only_seed1_early_to_late_transfer.json;results/v28_imported/imported_json/V28_hi-small_degree_only_seed2_early_to_late_transfer.json;results/v28_imported/imported_json/V28_hi-small_degree_only_seed3_early_to_late_transfer.json;results/v28_imported/imported_json/V28_hi-small_degree_only_seed4_early_to_late_transfer.json;results/v28_imported/imported_json/V28_hi-small_degree_only_seed5_early_to_late_transfer.json;results/v28_imported/imported_json/V28_hi-small_degree_only_seed6_early_to_late_transfer.json;results/v28_imported/imported_json/V28_hi-small_degree_only_seed7_early_to_late_transfer.json;results/v28_imported/imported_json/V28_hi-small_degree_only_seed8_early_to_late_transfer.json;results/v28_imported/imported_json/V28_hi-small_degree_only_seed9_early_to_late_transfer.json,0.0051277610628008875,0.003699711464633316,0.0031975276702557306,0.007543083659019983,0.6848371582452574,0.019581186731878114,0.6737146674999617,0.696645049867795,0.009405231146240058,0.002875317027123654,0.00789910341971037,0.011216725181736543,0.004748674955410113,0.0014741295095095895,0.003964304852443089,0.005673977368857341,0.572856527358897,0.08474873105151721,0.5248998276604913,0.625894011202068,0.6846178634843372,0.013211797546677253,0.67663767492263,0.6919836741112879,31.612899999999996,1.9009520684821766,30.572899999999997,32.787499999999994,3.3658614779066798,0.0036042993587292213
V28,hi-small,small,hi,early_to_late_transfer,edge_aware_graphsage_h64_no_edge_features,10,0.0015234617040716662,results/v28_imported/imported_json/V28_hi-small_no_edge_features_seed10_early_to_late_transfer.json;results/v28_imported/imported_json/V28_hi-small_no_edge_features_seed1_early_to_late_transfer.json;results/v28_imported/imported_json/V28_hi-small_no_edge_features_seed2_early_to_late_transfer.json;results/v28_imported/imported_json/V28_hi-small_no_edge_features_seed3_early_to_late_transfer.json;results/v28_imported/imported_json/V28_hi-small_no_edge_features_seed4_early_to_late_transfer.json;results/v28_imported/imported_json/V28_hi-small_no_edge_features_seed5_early_to_late_transfer.json;results/v28_imported/imported_json/V28_hi-small_no_edge_features_seed6_early_to_late_transfer.json;results/v28_imported/imported_json/V28_hi-small_no_edge_features_seed7_early_to_late_transfer.json;results/v28_imported/imported_json/V28_hi-small_no_edge_features_seed8_early_to_late_transfer.json;results/v28_imported/imported_json/V28_hi-small_no_edge_features_seed9_early_to_late_transfer.json,0.0038660818912112697,0.0011316998139868672,0.003334899424439187,0.004604827267213438,0.7077099045849835,0.041041616612323646,0.6830906562870995,0.730704335826021,0.00805646435825341,0.0011623564433257173,0.007391391249857347,0.00874670453056154,0.004055665719362461,0.0005918189483147663,0.0037211981752170685,0.00439952581258326,0.6296854803963808,0.06918794247511574,0.5890122791900042,0.668850710900474,0.6931041985500126,0.012224550943339046,0.6862488130783101,0.7005256507487092,34.996,2.346483799693112,33.585995,36.35280250000001,2.5376954871124235,0.0023426201871396034
V28,hi-small,small,hi,early_to_late_transfer,edge_aware_graphsage_h64_shuffled_edge_features,10,0.0015234617040716662,results/v28_imported/imported_json/V28_hi-small_shuffled_edge_features_seed10_early_to_late_transfer.json;results/v28_imported/imported_json/V28_hi-small_shuffled_edge_features_seed1_early_to_late_transfer.json;results/v28_imported/imported_json/V28_hi-small_shuffled_edge_features_seed2_early_to_late_transfer.json;results/v28_imported/imported_json/V28_hi-small_shuffled_edge_features_seed3_early_to_late_transfer.json;results/v28_imported/imported_json/V28_hi-small_shuffled_edge_features_seed4_early_to_late_transfer.json;results/v28_imported/imported_json/V28_hi-small_shuffled_edge_features_seed5_early_to_late_transfer.json;results/v28_imported/imported_json/V28_hi-small_shuffled_edge_features_seed6_early_to_late_transfer.json;results/v28_imported/imported_json/V28_hi-small_shuffled_edge_features_seed7_early_to_late_transfer.json;results/v28_imported/imported_json/V28_hi-small_shuffled_edge_features_seed8_early_to_late_transfer.json;results/v28_imported/imported_json/V28_hi-small_shuffled_edge_features_seed9_early_to_late_transfer.json,0.004122462372132673,0.0017969177641787987,0.003169934142305622,0.005255728664403973,0.6756518336321026,0.03226370415982573,0.6561786928019879,0.694358321232124,0.008834341116092204,0.00243223477036741,0.007523223367949167,0.010386375503400169,0.004455766347058504,0.0012438115078140855,0.0037917165768225135,0.00524571671847498,0.5886255924170617,0.08531211864928663,0.5395939250323136,0.6414476518741921,0.6846552139189575,0.01663112429218377,0.6747834844447494,0.6943043562252049,32.5197,3.310400548104247,30.721457500000003,34.56351,2.7059835906047462,0.002599000668061007
V28,hi-small,small,hi,early_to_late_transfer,gine_light_h64,10,0.0015234617040716662,results/v28_imported/imported_json/V28_hi-small_gine_light_h64_seed10_early_to_late_transfer.json;results/v28_imported/imported_json/V28_hi-small_gine_light_h64_seed1_early_to_late_transfer.json;results/v28_imported/imported_json/V28_hi-small_gine_light_h64_seed2_early_to_late_transfer.json;results/v28_imported/imported_json/V28_hi-small_gine_light_h64_seed3_early_to_late_transfer.json;results/v28_imported/imported_json/V28_hi-small_gine_light_h64_seed4_early_to_late_transfer.json;results/v28_imported/imported_json/V28_hi-small_gine_light_h64_seed5_early_to_late_transfer.json;results/v28_imported/imported_json/V28_hi-small_gine_light_h64_seed6_early_to_late_transfer.json;results/v28_imported/imported_json/V28_hi-small_gine_light_h64_seed7_early_to_late_transfer.json;results/v28_imported/imported_json/V28_hi-small_gine_light_h64_seed8_early_to_late_transfer.json;results/v28_imported/imported_json/V28_hi-small_gine_light_h64_seed9_early_to_late_transfer.json,0.02608077105295753,0.006081545422638886,0.022504607921512477,0.02965045077182971,0.844507132772778,0.050345931208875455,0.8119271535824342,0.8713475946546152,0.011138270588725716,0.0032724054855125364,0.009276494911472645,0.013036091619722412,0.005614694331340858,0.001663104797137198,0.004652417942988016,0.006580310343057967,0.761611374407583,0.07337541380060823,0.7221025420077553,0.8083164584230934,0.7676599644340787,0.03103480224593043,0.7495989533655071,0.7860289878869737,264.46590000000003,0.31482109558004323,264.2867,264.66189999999995,17.11941362441405,0.024557309348885864
V28,hi-small,small,hi,early_to_late_transfer,recent_window_only_graph,10,0.0015234617040716662,results/v28_imported/imported_json/V28_hi-small_recent_window_only_graph_seed10_early_to_late_transfer.json;results/v28_imported/imported_json/V28_hi-small_recent_window_only_graph_seed1_early_to_late_transfer.json;results/v28_imported/imported_json/V28_hi-small_recent_window_only_graph_seed2_early_to_late_transfer.json;results/v28_imported/imported_json/V28_hi-small_recent_window_only_graph_seed3_early_to_late_transfer.json;results/v28_imported/imported_json/V28_hi-small_recent_window_only_graph_seed4_early_to_late_transfer.json;results/v28_imported/imported_json/V28_hi-small_recent_window_only_graph_seed5_early_to_late_transfer.json;results/v28_imported/imported_json/V28_hi-small_recent_window_only_graph_seed6_early_to_late_transfer.json;results/v28_imported/imported_json/V28_hi-small_recent_window_only_graph_seed7_early_to_late_transfer.json;results/v28_imported/imported_json/V28_hi-small_recent_window_only_graph_seed8_early_to_late_transfer.json;results/v28_imported/imported_json/V28_hi-small_recent_window_only_graph_seed9_early_to_late_transfer.json,0.004955268956451816,0.0023048684092328614,0.0038730184717403835,0.0064826542389115295,0.7790310589166413,0.021913670230913857,0.76657262887205,0.7919311403521471,0.010519235287436939,0.0021107016990139934,0.009335930810082894,0.011837662111752566,0.005296663715665437,0.0010742759717990854,0.0046848641555340045,0.005952046632410764,0.8132270573028867,0.07622337306297931,0.7669528220594571,0.8557087462300732,0.7841816121759109,0.01286095345183626,0.7769269249870902,0.791981726443199,16.640800000000002,0.9878383583472661,16.0991675,17.254217499999996,3.252637689026354,0.0034318072523801496
V28,hi-small,small,hi,late_window_holdout,account_account_sender_receiver,10,0.001769277195621802,results/v28_imported/imported_json/V28_hi-small_account_account_sender_receiver_seed10_late_window_holdout.json;results/v28_imported/imported_json/V28_hi-small_account_account_sender_receiver_seed1_late_window_holdout.json;results/v28_imported/imported_json/V28_hi-small_account_account_sender_receiver_seed2_late_window_holdout.json;results/v28_imported/imported_json/V28_hi-small_account_account_sender_receiver_seed3_late_window_holdout.json;results/v28_imported/imported_json/V28_hi-small_account_account_sender_receiver_seed4_late_window_holdout.json;results/v28_imported/imported_json/V28_hi-small_account_account_sender_receiver_seed5_late_window_holdout.json;results/v28_imported/imported_json/V28_hi-small_account_account_sender_receiver_seed6_late_window_holdout.json;results/v28_imported/imported_json/V28_hi-small_account_account_sender_receiver_seed7_late_window_holdout.json;results/v28_imported/imported_json/V28_hi-small_account_account_sender_receiver_seed8_late_window_holdout.json;results/v28_imported/imported_json/V28_hi-small_account_account_sender_receiver_seed9_late_window_holdout.json,0.010999524283907332,0.004204011014592203,0.008681818109086954,0.013586237752079348,0.8405430928108519,0.032861253475357594,0.8210970630494471,0.8591853823151716,0.016015528130047814,0.004435387782705939,0.01364462987717199,0.018858378266828856,0.008098915702268355,0.0022809454905027555,0.006861341690881094,0.009529074407109943,0.7999443516972732,0.0667358273049234,0.7594880356149137,0.8380091819699498,0.8061904164154932,0.009998666063160314,0.800785263225997,0.8123407845699459,47.31759999999999,2.708344356900643,45.951497499999995,49.095045,6.2169592820878545,0.00923024708828553
V28,hi-small,small,hi,late_window_holdout,degree_capped_bipartite,10,0.001769277195621802,results/v28_imported/imported_json/V28_hi-small_degree_capped_bipartite_seed10_late_window_holdout.json;results/v28_imported/imported_json/V28_hi-small_degree_capped_bipartite_seed1_late_window_holdout.json;results/v28_imported/imported_json/V28_hi-small_degree_capped_bipartite_seed2_late_window_holdout.json;results/v28_imported/imported_json/V28_hi-small_degree_capped_bipartite_seed3_late_window_holdout.json;results/v28_imported/imported_json/V28_hi-small_degree_capped_bipartite_seed4_late_window_holdout.json;results/v28_imported/imported_json/V28_hi-small_degree_capped_bipartite_seed5_late_window_holdout.json;results/v28_imported/imported_json/V28_hi-small_degree_capped_bipartite_seed6_late_window_holdout.json;results/v28_imported/imported_json/V28_hi-small_degree_capped_bipartite_seed7_late_window_holdout.json;results/v28_imported/imported_json/V28_hi-small_degree_capped_bipartite_seed8_late_window_holdout.json;results/v28_imported/imported_json/V28_hi-small_degree_capped_bipartite_seed9_late_window_holdout.json,0.02573818645310432,0.01997724314969241,0.014620781423203055,0.03762587600168656,0.8867014862207638,0.014836204257788888,0.8776469082853988,0.8950718937692106,0.026649837974345593,0.011404188231025377,0.020475276565196956,0.03372332140347801,0.013577668062885193,0.005936767883775389,0.010268615709616506,0.017231380943374265,0.8809126321647189,0.05684425623628671,0.8466889259877574,0.912854757929883,0.8726191532057832,0.010929726026693024,0.8659678765889685,0.8789889224931351,39.0615,1.791699333035539,38.370895,40.232102499999996,14.547288868468565,0.023968909257482518
V28,hi-small,small,hi,late_window_holdout,edge_aware_graphsage_h64_degree_only,10,0.001769277195621802,results/v28_imported/imported_json/V28_hi-small_degree_only_seed10_late_window_holdout.json;results/v28_imported/imported_json/V28_hi-small_degree_only_seed1_late_window_holdout.json;results/v28_imported/imported_json/V28_hi-small_degree_only_seed2_late_window_holdout.json;results/v28_imported/imported_json/V28_hi-small_degree_only_seed3_late_window_holdout.json;results/v28_imported/imported_json/V28_hi-small_degree_only_seed4_late_window_holdout.json;results/v28_imported/imported_json/V28_hi-small_degree_only_seed5_late_window_holdout.json;results/v28_imported/imported_json/V28_hi-small_degree_only_seed6_late_window_holdout.json;results/v28_imported/imported_json/V28_hi-small_degree_only_seed7_late_window_holdout.json;results/v28_imported/imported_json/V28_hi-small_degree_only_seed8_late_window_holdout.json;results/v28_imported/imported_json/V28_hi-small_degree_only_seed9_late_window_holdout.json,0.006241736505076848,0.004408890018741041,0.004413286482732575,0.009161202576844015,0.7196720931424038,0.031593279097420386,0.7017093928669795,0.7382690575257667,0.010496234846541884,0.0020279926304645497,0.009368419155703262,0.011752141717257941,0.00529700827525983,0.0010384570197480975,0.004718643971343876,0.0059405180348849305,0.6134112409571507,0.06471230080158664,0.5767390094602114,0.6526432943795214,0.6995560000136647,0.008036177788228661,0.6950182008524987,0.7045114336843623,44.5231,1.92522763156291,43.696795,45.8026025,3.527845450403393,0.004472459309455046
V28,hi-small,small,hi,late_window_holdout,edge_aware_graphsage_h64_no_edge_features,10,0.001769277195621802,results/v28_imported/imported_json/V28_hi-small_no_edge_features_seed10_late_window_holdout.json;results/v28_imported/imported_json/V28_hi-small_no_edge_features_seed1_late_window_holdout.json;results/v28_imported/imported_json/V28_hi-small_no_edge_features_seed2_late_window_holdout.json;results/v28_imported/imported_json/V28_hi-small_no_edge_features_seed3_late_window_holdout.json;results/v28_imported/imported_json/V28_hi-small_no_edge_features_seed4_late_window_holdout.json;results/v28_imported/imported_json/V28_hi-small_no_edge_features_seed5_late_window_holdout.json;results/v28_imported/imported_json/V28_hi-small_no_edge_features_seed6_late_window_holdout.json;results/v28_imported/imported_json/V28_hi-small_no_edge_features_seed7_late_window_holdout.json;results/v28_imported/imported_json/V28_hi-small_no_edge_features_seed8_late_window_holdout.json;results/v28_imported/imported_json/V28_hi-small_no_edge_features_seed9_late_window_holdout.json,0.010520534062576633,0.006438239275084456,0.006844398355611032,0.014357109490886808,0.7140236580558499,0.03457453664784566,0.6932502183398594,0.7337939398329424,0.012286968717912392,0.004231975237572644,0.009918880588035943,0.014888349066008923,0.006221937936985522,0.002176982703937914,0.0050041365979360064,0.007529797313451392,0.5942125765164162,0.09291796553799998,0.5413452977184197,0.6487479131886478,0.6993114482784079,0.012065051847818671,0.6926833308385036,0.7067264206654285,48.70130000000001,3.4772412452658186,47.3558,50.999700000000004,5.946232782862073,0.008751256866954832
V28,hi-small,small,hi,late_window_holdout,edge_aware_graphsage_h64_shuffled_edge_features,10,0.001769277195621802,results/v28_imported/imported_json/V28_hi-small_shuffled_edge_features_seed10_late_window_holdout.json;results/v28_imported/imported_json/V28_hi-small_shuffled_edge_features_seed1_late_window_holdout.json;results/v28_imported/imported_json/V28_hi-small_shuffled_edge_features_seed2_late_window_holdout.json;results/v28_imported/imported_json/V28_hi-small_shuffled_edge_features_seed3_late_window_holdout.json;results/v28_imported/imported_json/V28_hi-small_shuffled_edge_features_seed4_late_window_holdout.json;results/v28_imported/imported_json/V28_hi-small_shuffled_edge_features_seed5_late_window_holdout.json;results/v28_imported/imported_json/V28_hi-small_shuffled_edge_features_seed6_late_window_holdout.json;results/v28_imported/imported_json/V28_hi-small_shuffled_edge_features_seed7_late_window_holdout.json;results/v28_imported/imported_json/V28_hi-small_shuffled_edge_features_seed8_late_window_holdout.json;results/v28_imported/imported_json/V28_hi-small_shuffled_edge_features_seed9_late_window_holdout.json,0.007522298646949893,0.00585450060723796,0.004437000947071984,0.011273531370221463,0.6981000054720055,0.03038845427520734,0.6802982197401717,0.715848295763374,0.01138893204334086,0.004422749406167806,0.00901566223377837,0.014168285005746281,0.005764652305410867,0.0022792386235835163,0.004517118416109611,0.007181985516704064,0.612186978297162,0.09627940848596564,0.5544796883695048,0.6659432387312186,0.6953826696368477,0.010727199656887112,0.6895674447923182,0.7019937576852104,50.1206,5.965594339395047,46.67999999999999,53.7366075,4.251622451001086,0.005753021451328091
V28,hi-small,small,hi,late_window_holdout,gine_light_h64,10,0.001769277195621802,results/v28_imported/imported_json/V28_hi-small_gine_light_h64_seed10_late_window_holdout.json;results/v28_imported/imported_json/V28_hi-small_gine_light_h64_seed1_late_window_holdout.json;results/v28_imported/imported_json/V28_hi-small_gine_light_h64_seed2_late_window_holdout.json;results/v28_imported/imported_json/V28_hi-small_gine_light_h64_seed3_late_window_holdout.json;results/v28_imported/imported_json/V28_hi-small_gine_light_h64_seed4_late_window_holdout.json;results/v28_imported/imported_json/V28_hi-small_gine_light_h64_seed5_late_window_holdout.json;results/v28_imported/imported_json/V28_hi-small_gine_light_h64_seed6_late_window_holdout.json;results/v28_imported/imported_json/V28_hi-small_gine_light_h64_seed7_late_window_holdout.json;results/v28_imported/imported_json/V28_hi-small_gine_light_h64_seed8_late_window_holdout.json;results/v28_imported/imported_json/V28_hi-small_gine_light_h64_seed9_late_window_holdout.json,0.03125409360482645,0.005946372021996128,0.027794289218964808,0.03476999057272308,0.8759438493261543,0.036642114468628556,0.8556004162463371,0.8972826282578248,0.013994168888813788,0.005043395335129925,0.011119566954930164,0.017058941716736897,0.007074552442247324,0.0025873343774809984,0.005582047365954374,0.008645905860938328,0.7770728992765721,0.09472540621815977,0.7169170840289372,0.826768224819143,0.7772182556256296,0.041969481626190526,0.7531862009645711,0.8027919112368439,363.32079999999996,1.777124256269724,362.13188499999995,364.12119999999993,17.664893710361977,0.029484816409204646
V28,hi-small,small,hi,late_window_holdout,recent_window_only_graph,10,0.001769277195621802,results/v28_imported/imported_json/V28_hi-small_recent_window_only_graph_seed10_late_window_holdout.json;results/v28_imported/imported_json/V28_hi-small_recent_window_only_graph_seed1_late_window_holdout.json;results/v28_imported/imported_json/V28_hi-small_recent_window_only_graph_seed2_late_window_holdout.json;results/v28_imported/imported_json/V28_hi-small_recent_window_only_graph_seed3_late_window_holdout.json;results/v28_imported/imported_json/V28_hi-small_recent_window_only_graph_seed4_late_window_holdout.json;results/v28_imported/imported_json/V28_hi-small_recent_window_only_graph_seed5_late_window_holdout.json;results/v28_imported/imported_json/V28_hi-small_recent_window_only_graph_seed6_late_window_holdout.json;results/v28_imported/imported_json/V28_hi-small_recent_window_only_graph_seed7_late_window_holdout.json;results/v28_imported/imported_json/V28_hi-small_recent_window_only_graph_seed8_late_window_holdout.json;results/v28_imported/imported_json/V28_hi-small_recent_window_only_graph_seed9_late_window_holdout.json,0.0068233887255274624,0.0014968996235442047,0.006013390649003542,0.007740570178827506,0.8015224190112665,0.023585108954185592,0.7887862829166852,0.8165229253238145,0.01302262778450517,0.0019578156104701912,0.011980746937693586,0.014282067516554501,0.006565338161169157,0.00099866064592116,0.006033525282172922,0.007192919123697798,0.8189204229271005,0.047257173004297534,0.7931552587646078,0.8480801335559265,0.7970444923195164,0.011769964697546901,0.7906236240125724,0.8043137854474879,29.6926,4.922172582644104,26.772255,32.5690175,3.856596774328187,0.00505411152990566
V28,li-medium,medium,li,early_to_late_transfer,account_account_sender_receiver,10,0.000575119367667348,results/v28_imported/imported_json/V28_li-medium_account_account_sender_receiver_seed10_early_to_late_transfer.json;results/v28_imported/imported_json/V28_li-medium_account_account_sender_receiver_seed1_early_to_late_transfer.json;results/v28_imported/imported_json/V28_li-medium_account_account_sender_receiver_seed2_early_to_late_transfer.json;results/v28_imported/imported_json/V28_li-medium_account_account_sender_receiver_seed3_early_to_late_transfer.json;results/v28_imported/imported_json/V28_li-medium_account_account_sender_receiver_seed4_early_to_late_transfer.json;results/v28_imported/imported_json/V28_li-medium_account_account_sender_receiver_seed5_early_to_late_transfer.json;results/v28_imported/imported_json/V28_li-medium_account_account_sender_receiver_seed6_early_to_late_transfer.json;results/v28_imported/imported_json/V28_li-medium_account_account_sender_receiver_seed7_early_to_late_transfer.json;results/v28_imported/imported_json/V28_li-medium_account_account_sender_receiver_seed8_early_to_late_transfer.json;results/v28_imported/imported_json/V28_li-medium_account_account_sender_receiver_seed9_early_to_late_transfer.json,0.010299842748053664,0.0028516644425155752,0.008670102364447412,0.01203741960024526,0.8792822324060617,0.038973563144387456,0.8540243426333701,0.9001810670799975,0.0034560734008245906,0.0018089988464126702,0.0027195010267579427,0.004639825617084139,0.0017331594076336893,0.0009135451160499686,0.001363303529410285,0.002339005882899871,0.9130007418397627,0.1199684356201286,0.8340847551928785,0.9637435089020772,0.7807929229470684,0.03850938978294342,0.7561788724689328,0.8015850990359643,240.75680000000003,8.142009986620147,235.92449249999999,245.55245000000002,17.909052150041912,0.009724723380386316
V28,li-medium,medium,li,early_to_late_transfer,degree_capped_bipartite,10,0.000575119367667348,results/v28_imported/imported_json/V28_li-medium_degree_capped_bipartite_seed10_early_to_late_transfer.json;results/v28_imported/imported_json/V28_li-medium_degree_capped_bipartite_seed1_early_to_late_transfer.json;results/v28_imported/imported_json/V28_li-medium_degree_capped_bipartite_seed2_early_to_late_transfer.json;results/v28_imported/imported_json/V28_li-medium_degree_capped_bipartite_seed3_early_to_late_transfer.json;results/v28_imported/imported_json/V28_li-medium_degree_capped_bipartite_seed4_early_to_late_transfer.json;results/v28_imported/imported_json/V28_li-medium_degree_capped_bipartite_seed5_early_to_late_transfer.json;results/v28_imported/imported_json/V28_li-medium_degree_capped_bipartite_seed6_early_to_late_transfer.json;results/v28_imported/imported_json/V28_li-medium_degree_capped_bipartite_seed7_early_to_late_transfer.json;results/v28_imported/imported_json/V28_li-medium_degree_capped_bipartite_seed8_early_to_late_transfer.json;results/v28_imported/imported_json/V28_li-medium_degree_capped_bipartite_seed9_early_to_late_transfer.json,0.003159496361521801,0.0016833925558059602,0.0024102513941783904,0.004208109337465069,0.8621447967532945,0.05265083608277636,0.827751647401467,0.8876859313088205,0.007499911689169472,0.002265706045544508,0.0063308399297894394,0.008990203136060216,0.003768194730862971,0.0011479460567420897,0.0031805506242431553,0.00449058323031052,0.9063427299703264,0.09189260898284106,0.8446568991097922,0.9522997032640947,0.8782589178517265,0.025612462303760856,0.8622473036459118,0.8911651407682908,211.0839,6.52797022137135,207.07838749999996,214.73960000000002,5.493635824396841,0.002584376993854453
V28,li-medium,medium,li,early_to_late_transfer,edge_aware_graphsage_h64_degree_only,10,0.000575119367667348,results/v28_imported/imported_json/V28_li-medium_degree_only_seed10_early_to_late_transfer.json;results/v28_imported/imported_json/V28_li-medium_degree_only_seed1_early_to_late_transfer.json;results/v28_imported/imported_json/V28_li-medium_degree_only_seed2_early_to_late_transfer.json;results/v28_imported/imported_json/V28_li-medium_degree_only_seed3_early_to_late_transfer.json;results/v28_imported/imported_json/V28_li-medium_degree_only_seed4_early_to_late_transfer.json;results/v28_imported/imported_json/V28_li-medium_degree_only_seed5_early_to_late_transfer.json;results/v28_imported/imported_json/V28_li-medium_degree_only_seed6_early_to_late_transfer.json;results/v28_imported/imported_json/V28_li-medium_degree_only_seed7_early_to_late_transfer.json;results/v28_imported/imported_json/V28_li-medium_degree_only_seed8_early_to_late_transfer.json;results/v28_imported/imported_json/V28_li-medium_degree_only_seed9_early_to_late_transfer.json,0.005679413404912957,0.001347051448618612,0.0048937273421716465,0.0064763647521464155,0.7994589951803415,0.021330372217046326,0.7863694346379829,0.8112765287912942,0.002414307953529532,0.00019266837360988506,0.002290651400828815,0.0025152059498657984,0.0012089147796085502,9.660936713554158e-05,0.0011442434081611558,0.0012596661280804933,0.8350333827893174,0.024876263253622185,0.8209940652818991,0.8499633716617211,0.7176163333070364,0.017516071157981896,0.7068003443960374,0.7272899926596372,253.30419999999998,18.864502890054872,242.72531750000005,264.9461849999999,9.875190654678072,0.005104294037245609
V28,li-medium,medium,li,early_to_late_transfer,edge_aware_graphsage_h64_no_edge_features,10,0.000575119367667348,results/v28_imported/imported_json/V28_li-medium_no_edge_features_seed10_early_to_late_transfer.json;results/v28_imported/imported_json/V28_li-medium_no_edge_features_seed1_early_to_late_transfer.json;results/v28_imported/imported_json/V28_li-medium_no_edge_features_seed2_early_to_late_transfer.json;results/v28_imported/imported_json/V28_li-medium_no_edge_features_seed3_early_to_late_transfer.json;results/v28_imported/imported_json/V28_li-medium_no_edge_features_seed4_early_to_late_transfer.json;results/v28_imported/imported_json/V28_li-medium_no_edge_features_seed5_early_to_late_transfer.json;results/v28_imported/imported_json/V28_li-medium_no_edge_features_seed6_early_to_late_transfer.json;results/v28_imported/imported_json/V28_li-medium_no_edge_features_seed7_early_to_late_transfer.json;results/v28_imported/imported_json/V28_li-medium_no_edge_features_seed8_early_to_late_transfer.json;results/v28_imported/imported_json/V28_li-medium_no_edge_features_seed9_early_to_late_transfer.json,0.0051539005454661405,0.0015766905030218253,0.004272883876138232,0.006109205005863138,0.7911249504429299,0.04564623401780256,0.7603526093305196,0.8125838195556946,0.002758447059085748,0.0009016052260667903,0.0024429290671577997,0.0033394824406244436,0.001382462140363269,0.00045527726440175307,0.0012232685675894039,0.0016768031003195506,0.802503709198813,0.1286872377817853,0.7165615727002967,0.854803412462908,0.7205927430660993,0.0195878645490581,0.7082912396507158,0.7309399999541412,243.66080000000002,9.883669401818555,237.92588999999998,249.44724499999998,8.961444936848629,0.004578781177798793
V28,li-medium,medium,li,early_to_late_transfer,edge_aware_graphsage_h64_shuffled_edge_features,10,0.000575119367667348,results/v28_imported/imported_json/V28_li-medium_shuffled_edge_features_seed10_early_to_late_transfer.json;results/v28_imported/imported_json/V28_li-medium_shuffled_edge_features_seed1_early_to_late_transfer.json;results/v28_imported/imported_json/V28_li-medium_shuffled_edge_features_seed2_early_to_late_transfer.json;results/v28_imported/imported_json/V28_li-medium_shuffled_edge_features_seed3_early_to_late_transfer.json;results/v28_imported/imported_json/V28_li-medium_shuffled_edge_features_seed4_early_to_late_transfer.json;results/v28_imported/imported_json/V28_li-medium_shuffled_edge_features_seed5_early_to_late_transfer.json;results/v28_imported/imported_json/V28_li-medium_shuffled_edge_features_seed6_early_to_late_transfer.json;results/v28_imported/imported_json/V28_li-medium_shuffled_edge_features_seed7_early_to_late_transfer.json;results/v28_imported/imported_json/V28_li-medium_shuffled_edge_features_seed8_early_to_late_transfer.json;results/v28_imported/imported_json/V28_li-medium_shuffled_edge_features_seed9_early_to_late_transfer.json,0.005514082486543215,0.0015218097165394934,0.004532808641687422,0.006320723135984943,0.7880457388478789,0.05430897772489263,0.7522603030607103,0.8087695088451693,0.0023604448398572486,0.00040708032992922005,0.002093810457122845,0.002508193479205584,0.0011819514679467119,0.00020399162692797554,0.0010490675479417951,0.0012559966639610332,0.8262240356083087,0.017580367669886746,0.8162833827893176,0.8362949740356083,0.7030260769882378,0.06467258843861672,0.6613406722101305,0.725237552439703,246.02659999999997,14.395614688739993,237.94874500000003,254.791805,9.58771830082514,0.004938963118875867
V28,li-medium,medium,li,early_to_late_transfer,recent_window_only_graph,10,0.000575119367667348,results/v28_imported/imported_json/V28_li-medium_recent_window_only_graph_seed10_early_to_late_transfer.json;results/v28_imported/imported_json/V28_li-medium_recent_window_only_graph_seed1_early_to_late_transfer.json;results/v28_imported/imported_json/V28_li-medium_recent_window_only_graph_seed2_early_to_late_transfer.json;results/v28_imported/imported_json/V28_li-medium_recent_window_only_graph_seed3_early_to_late_transfer.json;results/v28_imported/imported_json/V28_li-medium_recent_window_only_graph_seed4_early_to_late_transfer.json;results/v28_imported/imported_json/V28_li-medium_recent_window_only_graph_seed5_early_to_late_transfer.json;results/v28_imported/imported_json/V28_li-medium_recent_window_only_graph_seed6_early_to_late_transfer.json;results/v28_imported/imported_json/V28_li-medium_recent_window_only_graph_seed7_early_to_late_transfer.json;results/v28_imported/imported_json/V28_li-medium_recent_window_only_graph_seed8_early_to_late_transfer.json;results/v28_imported/imported_json/V28_li-medium_recent_window_only_graph_seed9_early_to_late_transfer.json,0.006571226419604519,0.0015166356668229988,0.005620741360244005,0.007379207228289022,0.9104569348877064,0.006074923470971854,0.9069888607499434,0.9140687032763619,0.004180929470875911,0.0005359843829952116,0.00396622815719395,0.004534060787697265,0.0020952137943585254,0.0002696408698351678,0.001987107148607219,0.0022732733835128757,0.9454376854599407,0.032406385065670396,0.9241274109792286,0.9598669324925817,0.8412933107719333,0.005959729992480732,0.8376671945175126,0.8446274497254308,129.07120000000003,7.152581240363508,124.79416499999999,133.15375250000002,11.425847900509847,0.005996107051937171
V28,li-medium,medium,li,late_window_holdout,account_account_sender_receiver,10,0.0006052512384611484,results/v28_imported/imported_json/V28_li-medium_account_account_sender_receiver_seed10_late_window_holdout.json;results/v28_imported/imported_json/V28_li-medium_account_account_sender_receiver_seed1_late_window_holdout.json;results/v28_imported/imported_json/V28_li-medium_account_account_sender_receiver_seed2_late_window_holdout.json;results/v28_imported/imported_json/V28_li-medium_account_account_sender_receiver_seed3_late_window_holdout.json;results/v28_imported/imported_json/V28_li-medium_account_account_sender_receiver_seed4_late_window_holdout.json;results/v28_imported/imported_json/V28_li-medium_account_account_sender_receiver_seed5_late_window_holdout.json;results/v28_imported/imported_json/V28_li-medium_account_account_sender_receiver_seed6_late_window_holdout.json;results/v28_imported/imported_json/V28_li-medium_account_account_sender_receiver_seed7_late_window_holdout.json;results/v28_imported/imported_json/V28_li-medium_account_account_sender_receiver_seed8_late_window_holdout.json;results/v28_imported/imported_json/V28_li-medium_account_account_sender_receiver_seed9_late_window_holdout.json,0.011053704388689169,0.0031972675488845677,0.009234840940158128,0.012975255017385468,0.8664995543409931,0.05752664935289522,0.8306733699639224,0.8986257725358432,0.005195261723613544,0.0032136663435491605,0.003238592092364801,0.007199617158735943,0.0026121355614839047,0.0016260471055830564,0.0016240393453037744,0.0036227023250969487,0.852365847211208,0.18712962318485268,0.7341243721913825,0.9634688078244779,0.787807591380302,0.023998178430846694,0.7722962749884185,0.8007900566157712,293.58629999999994,9.062554043363756,288.19763250000005,298.77570249999997,18.26300168636287,0.010448453150228021
V28,li-medium,medium,li,late_window_holdout,degree_capped_bipartite,10,0.0006052512384611484,results/v28_imported/imported_json/V28_li-medium_degree_capped_bipartite_seed10_late_window_holdout.json;results/v28_imported/imported_json/V28_li-medium_degree_capped_bipartite_seed1_late_window_holdout.json;results/v28_imported/imported_json/V28_li-medium_degree_capped_bipartite_seed2_late_window_holdout.json;results/v28_imported/imported_json/V28_li-medium_degree_capped_bipartite_seed3_late_window_holdout.json;results/v28_imported/imported_json/V28_li-medium_degree_capped_bipartite_seed4_late_window_holdout.json;results/v28_imported/imported_json/V28_li-medium_degree_capped_bipartite_seed5_late_window_holdout.json;results/v28_imported/imported_json/V28_li-medium_degree_capped_bipartite_seed6_late_window_holdout.json;results/v28_imported/imported_json/V28_li-medium_degree_capped_bipartite_seed7_late_window_holdout.json;results/v28_imported/imported_json/V28_li-medium_degree_capped_bipartite_seed8_late_window_holdout.json;results/v28_imported/imported_json/V28_li-medium_degree_capped_bipartite_seed9_late_window_holdout.json,0.0025621403206632456,0.00011114871067384506,0.002495985522114218,0.002626672465567346,0.8859601461546456,0.005083635259555499,0.8829745683371601,0.8889683051094126,0.006685054192990793,0.0005741630356074567,0.006337990585962194,0.007012766522589848,0.0033544185371450715,0.0002892297610480538,0.0031803410659524143,0.0035217426777611888,0.9511234469997356,0.01780609914837619,0.9394918054454137,0.9605868358445677,0.8893242316764283,0.006871633098253903,0.8855352589288381,0.8934867197850767,251.89440000000005,7.394667601274138,247.70910999999995,256.43405750000005,4.233184763367835,0.0019568890822020974
V28,li-medium,medium,li,late_window_holdout,edge_aware_graphsage_h64_degree_only,10,0.0006052512384611484,results/v28_imported/imported_json/V28_li-medium_degree_only_seed10_late_window_holdout.json;results/v28_imported/imported_json/V28_li-medium_degree_only_seed1_late_window_holdout.json;results/v28_imported/imported_json/V28_li-medium_degree_only_seed2_late_window_holdout.json;results/v28_imported/imported_json/V28_li-medium_degree_only_seed3_late_window_holdout.json;results/v28_imported/imported_json/V28_li-medium_degree_only_seed4_late_window_holdout.json;results/v28_imported/imported_json/V28_li-medium_degree_only_seed5_late_window_holdout.json;results/v28_imported/imported_json/V28_li-medium_degree_only_seed6_late_window_holdout.json;results/v28_imported/imported_json/V28_li-medium_degree_only_seed7_late_window_holdout.json;results/v28_imported/imported_json/V28_li-medium_degree_only_seed8_late_window_holdout.json;results/v28_imported/imported_json/V28_li-medium_degree_only_seed9_late_window_holdout.json,0.007781624965046037,0.0008603765623931153,0.007294436329350667,0.008297666360370593,0.8225186690162669,0.010912342718692276,0.8161399204620422,0.8289874474008616,0.0026553055351202373,8.169289999986103e-05,0.00260319100983811,0.0026977230532714753,0.001329719897535568,4.0995239417081175e-05,0.0013041941686527862,0.0013510523097835932,0.8560401797515199,0.026637452793273123,0.8426116838487973,0.8734344435633097,0.7330982022437145,0.007560129294090418,0.7288321182788443,0.7378050671684855,303.1348,20.477926320797227,291.35290000000003,315.46931750000005,12.856850958010135,0.007176373726584888
V28,li-medium,medium,li,late_window_holdout,edge_aware_graphsage_h64_no_edge_features,10,0.0006052512384611484,results/v28_imported/imported_json/V28_li-medium_no_edge_features_seed10_late_window_holdout.json;results/v28_imported/imported_json/V28_li-medium_no_edge_features_seed1_late_window_holdout.json;results/v28_imported/imported_json/V28_li-medium_no_edge_features_seed2_late_window_holdout.json;results/v28_imported/imported_json/V28_li-medium_no_edge_features_seed3_late_window_holdout.json;results/v28_imported/imported_json/V28_li-medium_no_edge_features_seed4_late_window_holdout.json;results/v28_imported/imported_json/V28_li-medium_no_edge_features_seed5_late_window_holdout.json;results/v28_imported/imported_json/V28_li-medium_no_edge_features_seed6_late_window_holdout.json;results/v28_imported/imported_json/V28_li-medium_no_edge_features_seed7_late_window_holdout.json;results/v28_imported/imported_json/V28_li-medium_no_edge_features_seed8_late_window_holdout.json;results/v28_imported/imported_json/V28_li-medium_no_edge_features_seed9_late_window_holdout.json,0.006000282655199943,0.0010917980931243563,0.005374719031862853,0.0066568755919962554,0.8167614793188669,0.01370924486612291,0.8089599667383279,0.8248668887918956,0.0025880048029732748,0.00010264950127482864,0.002524015270524362,0.002645759944818259,0.001295965217875957,5.1498481782499265e-05,0.001264638124040276,0.0013244941098996593,0.8574411842453079,0.034108696765042135,0.8388309542690985,0.8785355537932859,0.7282583182847981,0.010330968666030319,0.7223868901750413,0.734425886735586,294.95439999999996,11.08025374960138,288.19418,301.16161250000005,9.91370570418933,0.005395031416738794
V28,li-medium,medium,li,late_window_holdout,edge_aware_graphsage_h64_shuffled_edge_features,10,0.0006052512384611484,results/v28_imported/imported_json/V28_li-medium_shuffled_edge_features_seed10_late_window_holdout.json;results/v28_imported/imported_json/V28_li-medium_shuffled_edge_features_seed1_late_window_holdout.json;results/v28_imported/imported_json/V28_li-medium_shuffled_edge_features_seed2_late_window_holdout.json;results/v28_imported/imported_json/V28_li-medium_shuffled_edge_features_seed3_late_window_holdout.json;results/v28_imported/imported_json/V28_li-medium_shuffled_edge_features_seed4_late_window_holdout.json;results/v28_imported/imported_json/V28_li-medium_shuffled_edge_features_seed5_late_window_holdout.json;results/v28_imported/imported_json/V28_li-medium_shuffled_edge_features_seed6_late_window_holdout.json;results/v28_imported/imported_json/V28_li-medium_shuffled_edge_features_seed7_late_window_holdout.json;results/v28_imported/imported_json/V28_li-medium_shuffled_edge_features_seed8_late_window_holdout.json;results/v28_imported/imported_json/V28_li-medium_shuffled_edge_features_seed9_late_window_holdout.json,0.006343052369256983,0.0012614380443010116,0.005631203847292863,0.007100028082280802,0.7987819067067792,0.03999808846494576,0.7731286653404418,0.819891074668699,0.0033589795152021507,0.001651888134189915,0.002553784653245794,0.00449922736931477,0.001685544704753073,0.0008346713341830999,0.0012801755628777918,0.0022455533820418274,0.7771609833465504,0.16222074037767586,0.6670367433254032,0.8593986254295534,0.719874530236224,0.01939422930057407,0.7083481012079581,0.7306497822300438,294.60510000000005,11.990819344166793,287.7560624999999,302.02541749999995,10.480032036587314,0.005737801130795834
V28,li-medium,medium,li,late_window_holdout,recent_window_only_graph,10,0.0006052512384611484,results/v28_imported/imported_json/V28_li-medium_recent_window_only_graph_seed10_late_window_holdout.json;results/v28_imported/imported_json/V28_li-medium_recent_window_only_graph_seed1_late_window_holdout.json;results/v28_imported/imported_json/V28_li-medium_recent_window_only_graph_seed2_late_window_holdout.json;results/v28_imported/imported_json/V28_li-medium_recent_window_only_graph_seed3_late_window_holdout.json;results/v28_imported/imported_json/V28_li-medium_recent_window_only_graph_seed4_late_window_holdout.json;results/v28_imported/imported_json/V28_li-medium_recent_window_only_graph_seed5_late_window_holdout.json;results/v28_imported/imported_json/V28_li-medium_recent_window_only_graph_seed6_late_window_holdout.json;results/v28_imported/imported_json/V28_li-medium_recent_window_only_graph_seed7_late_window_holdout.json;results/v28_imported/imported_json/V28_li-medium_recent_window_only_graph_seed8_late_window_holdout.json;results/v28_imported/imported_json/V28_li-medium_recent_window_only_graph_seed9_late_window_holdout.json,0.006605315008227997,0.0006847886451534929,0.006213511855767517,0.00701776426091766,0.907343776439053,0.016214199235908562,0.8969275441182153,0.9157467391405043,0.004558832651054446,0.0017552934418601316,0.0037313897772260174,0.0056659811585169665,0.0022868727387108084,0.0008862344761231327,0.0018715618109686834,0.0028687277799549177,0.9055247158339942,0.11270925769416089,0.8328535553793286,0.9630993920169176,0.8188013998530274,0.018463748977646893,0.8073408414026413,0.8288665297341389,156.27960000000002,8.363043613953531,151.3197875,161.10994250000002,10.91334406026498,0.006000063769766848
V28,li-small,small,li,early_to_late_transfer,account_account_sender_receiver,10,0.0006422060306708742,results/v28_imported/imported_json/V28_li-small_account_account_sender_receiver_seed10_early_to_late_transfer.json;results/v28_imported/imported_json/V28_li-small_account_account_sender_receiver_seed1_early_to_late_transfer.json;results/v28_imported/imported_json/V28_li-small_account_account_sender_receiver_seed2_early_to_late_transfer.json;results/v28_imported/imported_json/V28_li-small_account_account_sender_receiver_seed3_early_to_late_transfer.json;results/v28_imported/imported_json/V28_li-small_account_account_sender_receiver_seed4_early_to_late_transfer.json;results/v28_imported/imported_json/V28_li-small_account_account_sender_receiver_seed5_early_to_late_transfer.json;results/v28_imported/imported_json/V28_li-small_account_account_sender_receiver_seed6_early_to_late_transfer.json;results/v28_imported/imported_json/V28_li-small_account_account_sender_receiver_seed7_early_to_late_transfer.json;results/v28_imported/imported_json/V28_li-small_account_account_sender_receiver_seed8_early_to_late_transfer.json;results/v28_imported/imported_json/V28_li-small_account_account_sender_receiver_seed9_early_to_late_transfer.json,0.0031507328626382467,0.001700133251054215,0.0023256911340411436,0.004267328135612539,0.847469332066838,0.02755052035922451,0.8314522062833067,0.8639523904747151,0.005431382859632645,0.001127457027466352,0.004796048489065217,0.006097360623967113,0.0027250067849069848,0.0005681094332159116,0.0024004993951735817,0.003066065599197889,0.8480509745127437,0.06605691971684996,0.8114692653673163,0.8892822338830584,0.8191274222902202,0.013180539455295208,0.8115471906461244,0.8271753028004127,52.9135,0.773593239370666,52.4583975,53.3515025,4.906109117889884,0.0025085268319673722
V28,li-small,small,li,early_to_late_transfer,degree_capped_bipartite,10,0.0006422060306708742,results/v28_imported/imported_json/V28_li-small_degree_capped_bipartite_seed10_early_to_late_transfer.json;results/v28_imported/imported_json/V28_li-small_degree_capped_bipartite_seed1_early_to_late_transfer.json;results/v28_imported/imported_json/V28_li-small_degree_capped_bipartite_seed2_early_to_late_transfer.json;results/v28_imported/imported_json/V28_li-small_degree_capped_bipartite_seed3_early_to_late_transfer.json;results/v28_imported/imported_json/V28_li-small_degree_capped_bipartite_seed4_early_to_late_transfer.json;results/v28_imported/imported_json/V28_li-small_degree_capped_bipartite_seed5_early_to_late_transfer.json;results/v28_imported/imported_json/V28_li-small_degree_capped_bipartite_seed6_early_to_late_transfer.json;results/v28_imported/imported_json/V28_li-small_degree_capped_bipartite_seed7_early_to_late_transfer.json;results/v28_imported/imported_json/V28_li-small_degree_capped_bipartite_seed8_early_to_late_transfer.json;results/v28_imported/imported_json/V28_li-small_degree_capped_bipartite_seed9_early_to_late_transfer.json,0.0038869017178650477,0.003779518133615844,0.002629443410343514,0.006304646065763997,0.8666519263405504,0.03448572134477632,0.8437832151158045,0.8803132146689754,0.007921540574394205,0.0024909265114934505,0.006908983974583532,0.00957032074858518,0.00398191415226503,0.0012668617217483134,0.003465118568248909,0.0048378031636980715,0.8772863568215893,0.07324114720080713,0.8299100449775114,0.9102717391304348,0.8631598775857473,0.020717689773687094,0.8494528939884678,0.8734166408660087,42.7898,0.4687567006928476,42.5521975,43.0924075,6.0524217030547565,0.0032446956871941737
V28,li-small,small,li,early_to_late_transfer,edge_aware_graphsage_h64_degree_only,10,0.0006422060306708742,results/v28_imported/imported_json/V28_li-small_degree_only_seed10_early_to_late_transfer.json;results/v28_imported/imported_json/V28_li-small_degree_only_seed1_early_to_late_transfer.json;results/v28_imported/imported_json/V28_li-small_degree_only_seed2_early_to_late_transfer.json;results/v28_imported/imported_json/V28_li-small_degree_only_seed3_early_to_late_transfer.json;results/v28_imported/imported_json/V28_li-small_degree_only_seed4_early_to_late_transfer.json;results/v28_imported/imported_json/V28_li-small_degree_only_seed5_early_to_late_transfer.json;results/v28_imported/imported_json/V28_li-small_degree_only_seed6_early_to_late_transfer.json;results/v28_imported/imported_json/V28_li-small_degree_only_seed7_early_to_late_transfer.json;results/v28_imported/imported_json/V28_li-small_degree_only_seed8_early_to_late_transfer.json;results/v28_imported/imported_json/V28_li-small_degree_only_seed9_early_to_late_transfer.json,0.001677009742643887,0.0003836493402924037,0.0014708909553126752,0.001912623721774533,0.751626215037399,0.02256986986407219,0.7400193409740405,0.7666529966006332,0.003806965119024731,0.0005794978705117945,0.003473583371048046,0.0041590664426688585,0.0019091980421981317,0.0002919321956608918,0.0017424333183731669,0.002088290529978158,0.6681409295352323,0.06816237216744486,0.6322338830584708,0.7101949025487257,0.718242606619678,0.013403069315102194,0.7106751114078927,0.726539003965132,48.7641,0.9557056090193825,48.16186,49.25991499999999,2.611326681083974,0.0010348037119730128
V28,li-small,small,li,early_to_late_transfer,edge_aware_graphsage_h64_no_edge_features,10,0.0006422060306708742,results/v28_imported/imported_json/V28_li-small_no_edge_features_seed10_early_to_late_transfer.json;results/v28_imported/imported_json/V28_li-small_no_edge_features_seed1_early_to_late_transfer.json;results/v28_imported/imported_json/V28_li-small_no_edge_features_seed2_early_to_late_transfer.json;results/v28_imported/imported_json/V28_li-small_no_edge_features_seed3_early_to_late_transfer.json;results/v28_imported/imported_json/V28_li-small_no_edge_features_seed4_early_to_late_transfer.json;results/v28_imported/imported_json/V28_li-small_no_edge_features_seed5_early_to_late_transfer.json;results/v28_imported/imported_json/V28_li-small_no_edge_features_seed6_early_to_late_transfer.json;results/v28_imported/imported_json/V28_li-small_no_edge_features_seed7_early_to_late_transfer.json;results/v28_imported/imported_json/V28_li-small_no_edge_features_seed8_early_to_late_transfer.json;results/v28_imported/imported_json/V28_li-small_no_edge_features_seed9_early_to_late_transfer.json,0.00216967576681383,0.0009583486407196091,0.0016496688254500332,0.0027732728207516496,0.748867005294904,0.030944779945095605,0.7292254550981716,0.7656063765470413,0.004575848581699684,0.0017259007276613802,0.0036517437666760237,0.00565182191312187,0.0022993575615071157,0.000874540165469922,0.0018359250604067848,0.002842813239971254,0.59880059970015,0.10061113193618562,0.5402529985007496,0.6570502248875562,0.7029380508097881,0.02401293802367739,0.689322364090899,0.7174354818641091,46.5015,0.8252757451637349,46.0737975,47.040242500000005,3.378473049446919,0.0015274697361429559
V28,li-small,small,li,early_to_late_transfer,edge_aware_graphsage_h64_shuffled_edge_features,10,0.0006422060306708742,results/v28_imported/imported_json/V28_li-small_shuffled_edge_features_seed10_early_to_late_transfer.json;results/v28_imported/imported_json/V28_li-small_shuffled_edge_features_seed1_early_to_late_transfer.json;results/v28_imported/imported_json/V28_li-small_shuffled_edge_features_seed2_early_to_late_transfer.json;results/v28_imported/imported_json/V28_li-small_shuffled_edge_features_seed3_early_to_late_transfer.json;results/v28_imported/imported_json/V28_li-small_shuffled_edge_features_seed4_early_to_late_transfer.json;results/v28_imported/imported_json/V28_li-small_shuffled_edge_features_seed5_early_to_late_transfer.json;results/v28_imported/imported_json/V28_li-small_shuffled_edge_features_seed6_early_to_late_transfer.json;results/v28_imported/imported_json/V28_li-small_shuffled_edge_features_seed7_early_to_late_transfer.json;results/v28_imported/imported_json/V28_li-small_shuffled_edge_features_seed8_early_to_late_transfer.json;results/v28_imported/imported_json/V28_li-small_shuffled_edge_features_seed9_early_to_late_transfer.json,0.001992115413530983,0.0006927192424281602,0.001627125319446427,0.0024217716572441698,0.7479867742279371,0.015291289946075686,0.7385251025678208,0.756470650354415,0.004049718829525454,0.000976487318797591,0.0034844613748868628,0.004613317786679181,0.0020320540078030335,0.0004917740214904458,0.0017385446324220042,0.0023221045921102625,0.6273613193403298,0.0898685310775343,0.5765367316341828,0.680359820089955,0.7068688530203617,0.02579785203858247,0.6910536093170953,0.7213685687574622,46.621199999999995,0.7453352415002401,46.1838975,47.0552,3.101988020028306,0.0013499093828601087
V28,li-small,small,li,early_to_late_transfer,gine_light_h64,10,0.0006422060306708742,results/v28_imported/imported_json/V28_li-small_gine_light_h64_seed10_early_to_late_transfer.json;results/v28_imported/imported_json/V28_li-small_gine_light_h64_seed1_early_to_late_transfer.json;results/v28_imported/imported_json/V28_li-small_gine_light_h64_seed2_early_to_late_transfer.json;results/v28_imported/imported_json/V28_li-small_gine_light_h64_seed3_early_to_late_transfer.json;results/v28_imported/imported_json/V28_li-small_gine_light_h64_seed4_early_to_late_transfer.json;results/v28_imported/imported_json/V28_li-small_gine_light_h64_seed5_early_to_late_transfer.json;results/v28_imported/imported_json/V28_li-small_gine_light_h64_seed6_early_to_late_transfer.json;results/v28_imported/imported_json/V28_li-small_gine_light_h64_seed7_early_to_late_transfer.json;results/v28_imported/imported_json/V28_li-small_gine_light_h64_seed8_early_to_late_transfer.json;results/v28_imported/imported_json/V28_li-small_gine_light_h64_seed9_early_to_late_transfer.json,0.009735814877483557,0.002140970280454933,0.0084541953437078,0.01096192137959619,0.8446379971154199,0.0267813551618376,0.8290001725591839,0.8602237084926931,0.004262417222335253,0.0010756442972808655,0.003647294913427465,0.004896324555425088,0.0021372990614633627,0.0005409167905891405,0.0018301055205642359,0.002458402772271886,0.8044227886056972,0.04691193845757878,0.7769096701649175,0.8318590704647676,0.7731964363163358,0.02592411035380492,0.7585764035345064,0.7890756110011987,494.75840000000005,0.45028687152378105,494.50159500000007,495.0212,15.159955547775118,0.009093608846812682
V28,li-small,small,li,early_to_late_transfer,recent_window_only_graph,10,0.0006422060306708742,results/v28_imported/imported_json/V28_li-small_recent_window_only_graph_seed10_early_to_late_transfer.json;results/v28_imported/imported_json/V28_li-small_recent_window_only_graph_seed1_early_to_late_transfer.json;results/v28_imported/imported_json/V28_li-small_recent_window_only_graph_seed2_early_to_late_transfer.json;results/v28_imported/imported_json/V28_li-small_recent_window_only_graph_seed3_early_to_late_transfer.json;results/v28_imported/imported_json/V28_li-small_recent_window_only_graph_seed4_early_to_late_transfer.json;results/v28_imported/imported_json/V28_li-small_recent_window_only_graph_seed5_early_to_late_transfer.json;results/v28_imported/imported_json/V28_li-small_recent_window_only_graph_seed6_early_to_late_transfer.json;results/v28_imported/imported_json/V28_li-small_recent_window_only_graph_seed7_early_to_late_transfer.json;results/v28_imported/imported_json/V28_li-small_recent_window_only_graph_seed8_early_to_late_transfer.json;results/v28_imported/imported_json/V28_li-small_recent_window_only_graph_seed9_early_to_late_transfer.json,0.00225412338645489,0.0007618502132092767,0.0019231683355509942,0.002762719083626555,0.7897966361858118,0.03158930915564761,0.7706915509079603,0.8072260934583041,0.005496786669072185,0.0012669077437582167,0.004803288246027812,0.006293822839385682,0.0027589080356352704,0.0006396321337843842,0.002403327363871733,0.003165693380410471,0.7949775112443778,0.0824279090552389,0.7457271364317841,0.8429535232383808,0.7992057856446226,0.015222060934668142,0.7899996984318994,0.8078559747897273,27.3904,1.3011077502565942,26.5119725,28.002102500000003,3.509969198047147,0.0016119173557840158
V28,li-small,small,li,late_window_holdout,account_account_sender_receiver,10,0.0006679616698319625,results/v28_imported/imported_json/V28_li-small_account_account_sender_receiver_seed10_late_window_holdout.json;results/v28_imported/imported_json/V28_li-small_account_account_sender_receiver_seed1_late_window_holdout.json;results/v28_imported/imported_json/V28_li-small_account_account_sender_receiver_seed2_late_window_holdout.json;results/v28_imported/imported_json/V28_li-small_account_account_sender_receiver_seed3_late_window_holdout.json;results/v28_imported/imported_json/V28_li-small_account_account_sender_receiver_seed4_late_window_holdout.json;results/v28_imported/imported_json/V28_li-small_account_account_sender_receiver_seed5_late_window_holdout.json;results/v28_imported/imported_json/V28_li-small_account_account_sender_receiver_seed6_late_window_holdout.json;results/v28_imported/imported_json/V28_li-small_account_account_sender_receiver_seed7_late_window_holdout.json;results/v28_imported/imported_json/V28_li-small_account_account_sender_receiver_seed8_late_window_holdout.json;results/v28_imported/imported_json/V28_li-small_account_account_sender_receiver_seed9_late_window_holdout.json,0.00567952104488653,0.001924522448559957,0.004562035111725524,0.00678991094959777,0.8775987388813065,0.02255169296988894,0.8640396736400824,0.8904781330799143,0.006653186960945511,0.0011971145268600508,0.0059267363243964855,0.007328333195286414,0.003340864688949261,0.0006040099163110641,0.002971275338828414,0.003686582797709641,0.8215135135135136,0.06238596609432509,0.7861594594594594,0.8583783783783785,0.8249799761716646,0.012129881405866513,0.8175574663386437,0.8319742369332557,67.17710000000001,3.7910223613748903,65.690685,69.70124,8.50276490612899,0.005011559375054568
V28,li-small,small,li,late_window_holdout,degree_capped_bipartite,10,0.0006679616698319625,results/v28_imported/imported_json/V28_li-small_degree_capped_bipartite_seed10_late_window_holdout.json;results/v28_imported/imported_json/V28_li-small_degree_capped_bipartite_seed1_late_window_holdout.json;results/v28_imported/imported_json/V28_li-small_degree_capped_bipartite_seed2_late_window_holdout.json;results/v28_imported/imported_json/V28_li-small_degree_capped_bipartite_seed3_late_window_holdout.json;results/v28_imported/imported_json/V28_li-small_degree_capped_bipartite_seed4_late_window_holdout.json;results/v28_imported/imported_json/V28_li-small_degree_capped_bipartite_seed5_late_window_holdout.json;results/v28_imported/imported_json/V28_li-small_degree_capped_bipartite_seed6_late_window_holdout.json;results/v28_imported/imported_json/V28_li-small_degree_capped_bipartite_seed7_late_window_holdout.json;results/v28_imported/imported_json/V28_li-small_degree_capped_bipartite_seed8_late_window_holdout.json;results/v28_imported/imported_json/V28_li-small_degree_capped_bipartite_seed9_late_window_holdout.json,0.0047867864745803875,0.003236892296270547,0.0028216573861316405,0.0068280411149222,0.8479737829332601,0.04779597091717331,0.8178002783761227,0.8754216243304078,0.008636356282452181,0.002525349437576674,0.007236493822209232,0.01021843630860374,0.004343846455944236,0.0012820005912949617,0.003657469043923427,0.005146833839294459,0.8485405405405407,0.09474318659693517,0.7911351351351351,0.9000027027027027,0.8533351853463064,0.025447293548909605,0.8379477943849616,0.8674273914632611,53.4447,1.7903480139657513,52.76449000000001,54.61959999999999,7.166259219312072,0.004118824804748425
V28,li-small,small,li,late_window_holdout,edge_aware_graphsage_h64_degree_only,10,0.0006679616698319625,results/v28_imported/imported_json/V28_li-small_degree_only_seed10_late_window_holdout.json;results/v28_imported/imported_json/V28_li-small_degree_only_seed1_late_window_holdout.json;results/v28_imported/imported_json/V28_li-small_degree_only_seed2_late_window_holdout.json;results/v28_imported/imported_json/V28_li-small_degree_only_seed3_late_window_holdout.json;results/v28_imported/imported_json/V28_li-small_degree_only_seed4_late_window_holdout.json;results/v28_imported/imported_json/V28_li-small_degree_only_seed5_late_window_holdout.json;results/v28_imported/imported_json/V28_li-small_degree_only_seed6_late_window_holdout.json;results/v28_imported/imported_json/V28_li-small_degree_only_seed7_late_window_holdout.json;results/v28_imported/imported_json/V28_li-small_degree_only_seed8_late_window_holdout.json;results/v28_imported/imported_json/V28_li-small_degree_only_seed9_late_window_holdout.json,0.0021781446721251705,0.0006671426125089242,0.0017961491472670793,0.0025772483750005314,0.7689332890006386,0.027037086739487227,0.7523958006059909,0.7831799622049129,0.004027222270631405,0.0006097294016963557,0.003648032498696686,0.004355165036832325,0.002019835151706573,0.000306787309923009,0.0018258281993604433,0.0021833244694170286,0.6778378378378378,0.04950989404135665,0.6470270270270271,0.7045405405405406,0.7233034595418754,0.020569216119698877,0.7104426563721071,0.7345941890822634,59.71169999999999,1.4551057273537824,58.97956999999999,60.69200250000001,3.2608827280061163,0.0015101830022932082
V28,li-small,small,li,late_window_holdout,edge_aware_graphsage_h64_no_edge_features,10,0.0006679616698319625,results/v28_imported/imported_json/V28_li-small_no_edge_features_seed10_late_window_holdout.json;results/v28_imported/imported_json/V28_li-small_no_edge_features_seed1_late_window_holdout.json;results/v28_imported/imported_json/V28_li-small_no_edge_features_seed2_late_window_holdout.json;results/v28_imported/imported_json/V28_li-small_no_edge_features_seed3_late_window_holdout.json;results/v28_imported/imported_json/V28_li-small_no_edge_features_seed4_late_window_holdout.json;results/v28_imported/imported_json/V28_li-small_no_edge_features_seed5_late_window_holdout.json;results/v28_imported/imported_json/V28_li-small_no_edge_features_seed6_late_window_holdout.json;results/v28_imported/imported_json/V28_li-small_no_edge_features_seed7_late_window_holdout.json;results/v28_imported/imported_json/V28_li-small_no_edge_features_seed8_late_window_holdout.json;results/v28_imported/imported_json/V28_li-small_no_edge_features_seed9_late_window_holdout.json,0.0028300138205038464,0.0012545477278582727,0.0020867995158118913,0.0035545493702486197,0.7721717486094035,0.029023631271131754,0.7542160750937261,0.7881858297649907,0.0042426064400106255,0.0009546824880711,0.0036800204040089383,0.004795675974484003,0.002128535345532932,0.00048057779420197165,0.0018440184227372788,0.0024136172557774668,0.6618378378378378,0.05492345870432575,0.6302675675675674,0.695027027027027,0.7213973184969185,0.027478412531478806,0.7042848394438728,0.7367000543514933,58.44069999999999,3.105494916720647,57.374095,60.4443,4.236790744618305,0.002162052150671884
V28,li-small,small,li,late_window_holdout,edge_aware_graphsage_h64_shuffled_edge_features,10,0.0006679616698319625,results/v28_imported/imported_json/V28_li-small_shuffled_edge_features_seed10_late_window_holdout.json;results/v28_imported/imported_json/V28_li-small_shuffled_edge_features_seed1_late_window_holdout.json;results/v28_imported/imported_json/V28_li-small_shuffled_edge_features_seed2_late_window_holdout.json;results/v28_imported/imported_json/V28_li-small_shuffled_edge_features_seed3_late_window_holdout.json;results/v28_imported/imported_json/V28_li-small_shuffled_edge_features_seed4_late_window_holdout.json;results/v28_imported/imported_json/V28_li-small_shuffled_edge_features_seed5_late_window_holdout.json;results/v28_imported/imported_json/V28_li-small_shuffled_edge_features_seed6_late_window_holdout.json;results/v28_imported/imported_json/V28_li-small_shuffled_edge_features_seed7_late_window_holdout.json;results/v28_imported/imported_json/V28_li-small_shuffled_edge_features_seed8_late_window_holdout.json;results/v28_imported/imported_json/V28_li-small_shuffled_edge_features_seed9_late_window_holdout.json,0.003248601950639283,0.0011706148728076436,0.002555895925298939,0.003920385927844595,0.7609637226339598,0.024521598330254368,0.7463840018986893,0.775590987596708,0.0046650703820388904,0.0007408633222503137,0.004192642268497033,0.00506270865093653,0.002341596875851631,0.0003733892421923284,0.002111060856646739,0.0025432003088770093,0.6313513513513513,0.0660453147863408,0.5930810810810812,0.6705945945945946,0.7222627114481568,0.02064584020100412,0.709857805234754,0.7341181070056497,58.05800000000001,1.5468738366999002,57.4463925,59.103425,4.863455640286254,0.0025806402808073205
V28,li-small,small,li,late_window_holdout,gine_light_h64,10,0.0006679616698319625,results/v28_imported/imported_json/V28_li-small_gine_light_h64_seed10_late_window_holdout.json;results/v28_imported/imported_json/V28_li-small_gine_light_h64_seed1_late_window_holdout.json;results/v28_imported/imported_json/V28_li-small_gine_light_h64_seed2_late_window_holdout.json;results/v28_imported/imported_json/V28_li-small_gine_light_h64_seed3_late_window_holdout.json;results/v28_imported/imported_json/V28_li-small_gine_light_h64_seed4_late_window_holdout.json;results/v28_imported/imported_json/V28_li-small_gine_light_h64_seed5_late_window_holdout.json;results/v28_imported/imported_json/V28_li-small_gine_light_h64_seed6_late_window_holdout.json;results/v28_imported/imported_json/V28_li-small_gine_light_h64_seed7_late_window_holdout.json;results/v28_imported/imported_json/V28_li-small_gine_light_h64_seed8_late_window_holdout.json;results/v28_imported/imported_json/V28_li-small_gine_light_h64_seed9_late_window_holdout.json,0.010604043990296633,0.0025332605640076833,0.009257723878929638,0.012192467836933105,0.8596405831643759,0.03750885343036675,0.8370857985807483,0.8816191776558532,0.004702120696611316,0.0012837664319168842,0.003926270814389956,0.005439288959559829,0.0023582992826995416,0.000645445427697208,0.0019697992985502305,0.0027245238874112586,0.8212972972972972,0.03665433531048968,0.7994594594594594,0.8419459459459461,0.7848776488907208,0.039471210125968825,0.7608409205664546,0.8073653036950715,675.3215,1.553710916197439,674.2983675,676.0435025000002,15.875228279138033,0.009936082320464671
V28,li-small,small,li,late_window_holdout,recent_window_only_graph,10,0.0006679616698319625,results/v28_imported/imported_json/V28_li-small_recent_window_only_graph_seed10_late_window_holdout.json;results/v28_imported/imported_json/V28_li-small_recent_window_only_graph_seed1_late_window_holdout.json;results/v28_imported/imported_json/V28_li-small_recent_window_only_graph_seed2_late_window_holdout.json;results/v28_imported/imported_json/V28_li-small_recent_window_only_graph_seed3_late_window_holdout.json;results/v28_imported/imported_json/V28_li-small_recent_window_only_graph_seed4_late_window_holdout.json;results/v28_imported/imported_json/V28_li-small_recent_window_only_graph_seed5_late_window_holdout.json;results/v28_imported/imported_json/V28_li-small_recent_window_only_graph_seed6_late_window_holdout.json;results/v28_imported/imported_json/V28_li-small_recent_window_only_graph_seed7_late_window_holdout.json;results/v28_imported/imported_json/V28_li-small_recent_window_only_graph_seed8_late_window_holdout.json;results/v28_imported/imported_json/V28_li-small_recent_window_only_graph_seed9_late_window_holdout.json,0.0026797033419541324,0.001202145123614619,0.002083997535975561,0.00348384613186674,0.8018962170052211,0.03511097749085313,0.7805857544208925,0.82208778634844,0.005435860133156467,0.0015160196247590713,0.004639759629789483,0.00640828074784854,0.002728421298086523,0.0007657510761266006,0.0023183276724635512,0.003219029544127359,0.8025945945945946,0.08681798331619986,0.7499459459459461,0.8527567567567568,0.795882468753018,0.022841480366417102,0.78224793514615,0.809160795899792,35.3382,1.3707013452163015,34.6238,36.22359999999999,4.011762145915138,0.00201174167212217
