dataset,task,protocol,expert,seed,fold,base_coordinate_id,base_artifact_hash,role,archive,archive_expected_sha256,member,member_sha256,size_bytes,row_count,label_known_count,semantic_identity_sha256,row_scope,status
dgraphfin,node_classification,isolated_inductive,feature_mlp,1,fold0,675638befa2d945be57bc01fb298623ad278449f8a5343a23d7a623d0d04652a,0d10290fde5d7307cb52dfa58c6a6d946333f17450d1d4f047f4cd6d39830535,ROLE_NEUTRAL,dgraphfin_10seed_inductive_isolated.zip,6ce0d2e37893a7a162d6d575347f6606eb63f90b7940cc3a259dc309cf88b8c8,predictions/dgraphfin__inductive_isolated__mlp__seed1.csv,c44e5b090f3eed2b628bbd28e3a504002d871d64d68e245b41b01f6f34ffacdd,187148736,1225601,1225601,bb4a2799af0ea95974b1d655cf3fc5b2b1139a6a52404506fcb5770317c64d3f,"{""test"":170207,""train"":947462,""validation"":107932}",VERIFIED_ROLE_NEUTRAL_BASE_ARTIFACT
dgraphfin,node_classification,isolated_inductive,feature_mlp,2,fold0,67336dcaa82c7029c86a3c94d6b4908ff38db51574da609b41e8b3aa30534d72,213e225da1faf1f3ff63aa74c46cda6fd31de6108916fbf22a7a1a0007c9a844,ROLE_NEUTRAL,dgraphfin_10seed_inductive_isolated.zip,6ce0d2e37893a7a162d6d575347f6606eb63f90b7940cc3a259dc309cf88b8c8,predictions/dgraphfin__inductive_isolated__mlp__seed2.csv,6e8e7a0b681978f6bf0cb38d6efffe8424e5fe69e8ccc84d12ae5d705a1d279d,187149918,1225601,1225601,b2b094117860711f7a4173be83d5313ea9312e548096b4cf2a8b75fd808ae9dc,"{""test"":170207,""train"":947462,""validation"":107932}",VERIFIED_ROLE_NEUTRAL_BASE_ARTIFACT
dgraphfin,node_classification,isolated_inductive,feature_mlp,3,fold0,e375af8b19798adc731f5c9aa462d9a3c50957e0d731036ac29f1c84ca1af9fe,687ceac32263be016c1c469c56517e2dbcaccbfd9778cf449af0d4a25a11afa2,ROLE_NEUTRAL,dgraphfin_10seed_inductive_isolated.zip,6ce0d2e37893a7a162d6d575347f6606eb63f90b7940cc3a259dc309cf88b8c8,predictions/dgraphfin__inductive_isolated__mlp__seed3.csv,3c1e6ce34b86bb9c6412a818e017b9cda1e3d34aa1032a93126df8c6b66a61ec,187123905,1225601,1225601,6b6fc87c698d7c12b276ebd487a1f0f02a8e964fb70b26884fe261866ada0d1b,"{""test"":170207,""train"":947462,""validation"":107932}",VERIFIED_ROLE_NEUTRAL_BASE_ARTIFACT
dgraphfin,node_classification,isolated_inductive,feature_mlp,4,fold0,db3fd0a87d762d29536659033e5f7513ec1e9322508833a7e5d9a456e25b2a25,600fb8d97bf42f7484f5e9b05dcd75cd410e424c08da9a6626ced8586075173b,ROLE_NEUTRAL,dgraphfin_10seed_inductive_isolated.zip,6ce0d2e37893a7a162d6d575347f6606eb63f90b7940cc3a259dc309cf88b8c8,predictions/dgraphfin__inductive_isolated__mlp__seed4.csv,4ad6a7f00c320dbb24e80cfbd91f6de11f66eea61d1269f2d802ac40e67f33dd,187054623,1225601,1225601,61bbc3e67dd8aeb7b04ffc3b4e478116086b329baae8f4bd6f01f293426a7951,"{""test"":170207,""train"":947462,""validation"":107932}",VERIFIED_ROLE_NEUTRAL_BASE_ARTIFACT
dgraphfin,node_classification,isolated_inductive,feature_mlp,5,fold0,e4c6cbc7bee75edd8fa43c93a103644002e2a6d3f9e4b785bb7729d236d5a59f,7e3e993606848b4643eb41f547ff64bae0fbe40da44faba540f36dd326c2475e,ROLE_NEUTRAL,dgraphfin_10seed_inductive_isolated.zip,6ce0d2e37893a7a162d6d575347f6606eb63f90b7940cc3a259dc309cf88b8c8,predictions/dgraphfin__inductive_isolated__mlp__seed5.csv,0eb820c865caf974ebbd73b17c2e58b8fb724d3af905325aab548205ce45a792,187072389,1225601,1225601,97b1f17dd85983ed1d244e0322f9a2aa8baeab19cfbb8cd74b20b36c0e4ceb8a,"{""test"":170207,""train"":947462,""validation"":107932}",VERIFIED_ROLE_NEUTRAL_BASE_ARTIFACT
dgraphfin,node_classification,isolated_inductive,feature_mlp,6,fold0,757e88ee61b20d96ec7d16efd96a6d512ae6baab0d48d4ef6f6da516f07a50ef,89ccd7b7fd280b297f7c20d37c47263d978e89b5084ece0fcebd7788f5e306ae,ROLE_NEUTRAL,dgraphfin_10seed_inductive_isolated.zip,6ce0d2e37893a7a162d6d575347f6606eb63f90b7940cc3a259dc309cf88b8c8,predictions/dgraphfin__inductive_isolated__mlp__seed6.csv,6fdd1e3ed14630045684dda3eee8ce15ce6d96d84e9049ab2e1c87febe9af401,186989198,1225601,1225601,7a130744740bcf16354cb1219874c45104cd1f03e052d2d371d9e78037399316,"{""test"":170207,""train"":947462,""validation"":107932}",VERIFIED_ROLE_NEUTRAL_BASE_ARTIFACT
dgraphfin,node_classification,isolated_inductive,feature_mlp,7,fold0,3ad42754e59f2d60175def7386ea20bbe6dc6be614e07da53e9faa4a1911321a,cb2edcb7060c507cac9f1bc1f5fb9457c020ffadd9619d277a017049da0520fb,ROLE_NEUTRAL,dgraphfin_10seed_inductive_isolated.zip,6ce0d2e37893a7a162d6d575347f6606eb63f90b7940cc3a259dc309cf88b8c8,predictions/dgraphfin__inductive_isolated__mlp__seed7.csv,252a03ce8c3edf82c7aecddff23ef30066a08c2d60be0259b385ad8ba2525d03,187068595,1225601,1225601,7ec1d6093c5fa04828f1f9f5271fcf4f8ab0525fdc54573f15afd31ae8eaa071,"{""test"":170207,""train"":947462,""validation"":107932}",VERIFIED_ROLE_NEUTRAL_BASE_ARTIFACT
dgraphfin,node_classification,isolated_inductive,feature_mlp,8,fold0,b5fc3f6aec88ab25e47ab0a78e06b2ad3554e6af829288c7d8ceb4d71d5e1093,aa7f8bb692a94d685b9fcfabcdcf7eea1596f68f3955cd8d56c984cdc3e70ab8,ROLE_NEUTRAL,dgraphfin_10seed_inductive_isolated.zip,6ce0d2e37893a7a162d6d575347f6606eb63f90b7940cc3a259dc309cf88b8c8,predictions/dgraphfin__inductive_isolated__mlp__seed8.csv,dbc1e8b296a54c1190e5f68b49fcacf03d72782e7b36235008907171eff1984b,186980402,1225601,1225601,026c8a53d962fafc8bebcd4242215aa434d76d8b95e946b4dff0c4a1f5cea3cb,"{""test"":170207,""train"":947462,""validation"":107932}",VERIFIED_ROLE_NEUTRAL_BASE_ARTIFACT
dgraphfin,node_classification,isolated_inductive,feature_mlp,9,fold0,9b49543f519d6cfd9c2014da22d81dae40805a3dbcd828832e03bd49edcfd580,5ef6d82b8717c97b325efa50fd4151fba72c2a967e90af18c6f7f1f6de65f325,ROLE_NEUTRAL,dgraphfin_10seed_inductive_isolated.zip,6ce0d2e37893a7a162d6d575347f6606eb63f90b7940cc3a259dc309cf88b8c8,predictions/dgraphfin__inductive_isolated__mlp__seed9.csv,a927a17e1982e2e888306b5f47eb591fb65c7fbd5e0c45277ad853129b931c86,187141072,1225601,1225601,3ec4c5de2a7600f91a61cef95476e1c49e9a7b5792aca0df2c2155dec902d58e,"{""test"":170207,""train"":947462,""validation"":107932}",VERIFIED_ROLE_NEUTRAL_BASE_ARTIFACT
dgraphfin,node_classification,isolated_inductive,feature_mlp,10,fold0,b61264bc90609377cc258b2dc1fcc3443d9b0b818c25e4542445e28bb33d92fe,0e53aa1809a983852b72509f04e50c512f2cda0f0923d66f596575d02d32702c,ROLE_NEUTRAL,dgraphfin_10seed_inductive_isolated.zip,6ce0d2e37893a7a162d6d575347f6606eb63f90b7940cc3a259dc309cf88b8c8,predictions/dgraphfin__inductive_isolated__mlp__seed10.csv,79d6f4ee1ad5b6f1ec916fd92e369d7eae8a833acd05fe615a6a39590d736e86,189574248,1225601,1225601,9fc30c1daee333459a2f121034ffd755ccf374265a42e050b930c70b88f3b25b,"{""test"":170207,""train"":947462,""validation"":107932}",VERIFIED_ROLE_NEUTRAL_BASE_ARTIFACT
dgraphfin,node_classification,isolated_inductive,gcn,1,fold0,f5efa4a18a06de39243394e0dbdedeb38a833f97248b00295792d3f542c38e51,4bc6b3a16e68438cecff639da060f110600546def968e24e42df3206a9135011,ROLE_NEUTRAL,dgraphfin_10seed_inductive_isolated.zip,6ce0d2e37893a7a162d6d575347f6606eb63f90b7940cc3a259dc309cf88b8c8,predictions/dgraphfin__inductive_isolated__gcn__seed1.csv,5588a237bcd91cd61e503fbc0cca11b5141e29904e9829f18a1fb831f6d19087,187109745,1225601,1225601,bb4a2799af0ea95974b1d655cf3fc5b2b1139a6a52404506fcb5770317c64d3f,"{""test"":170207,""train"":947462,""validation"":107932}",VERIFIED_ROLE_NEUTRAL_BASE_ARTIFACT
dgraphfin,node_classification,isolated_inductive,gcn,2,fold0,90a9e590fdf87a2e0b6f2aee4cbe41aad2849139444692ba7effbe8244df5ad6,e01c9f346d21931395d2d871b90d04c655d49b756c279e205221049fce572987,ROLE_NEUTRAL,dgraphfin_10seed_inductive_isolated.zip,6ce0d2e37893a7a162d6d575347f6606eb63f90b7940cc3a259dc309cf88b8c8,predictions/dgraphfin__inductive_isolated__gcn__seed2.csv,313599e0b721aa84ec712b5aa22eaa56ec7d3ff1e742060a6d0bf4a4e3f4ca7b,187090656,1225601,1225601,b2b094117860711f7a4173be83d5313ea9312e548096b4cf2a8b75fd808ae9dc,"{""test"":170207,""train"":947462,""validation"":107932}",VERIFIED_ROLE_NEUTRAL_BASE_ARTIFACT
dgraphfin,node_classification,isolated_inductive,gcn,3,fold0,eed27bc27f9669b6d83ac03b3312175a4807c3834fe6247dd7d21ea60b1a8de2,b07ca2712c8ec99ff7ecd9fba5f212dcaedb0fb42957e6255a53eabc620c7b3e,ROLE_NEUTRAL,dgraphfin_10seed_inductive_isolated.zip,6ce0d2e37893a7a162d6d575347f6606eb63f90b7940cc3a259dc309cf88b8c8,predictions/dgraphfin__inductive_isolated__gcn__seed3.csv,d2f429e336c8a4d5c898eee9b70de067aefd677c99b292d3b855b5f728bc4b2d,187103086,1225601,1225601,6b6fc87c698d7c12b276ebd487a1f0f02a8e964fb70b26884fe261866ada0d1b,"{""test"":170207,""train"":947462,""validation"":107932}",VERIFIED_ROLE_NEUTRAL_BASE_ARTIFACT
dgraphfin,node_classification,isolated_inductive,gcn,4,fold0,b395751d36deecf4edef87799c4995fbe2c727b5d7637ccb4602d9ee05038e01,d90aff2e940e0c2e1fb479f750c3b96ce8476429b12dbc5f11fec6449232d5ad,ROLE_NEUTRAL,dgraphfin_10seed_inductive_isolated.zip,6ce0d2e37893a7a162d6d575347f6606eb63f90b7940cc3a259dc309cf88b8c8,predictions/dgraphfin__inductive_isolated__gcn__seed4.csv,66e30f07d03713bc3c00cc86e3112d0cea855cc8d94b99fda4630d2867ef2387,187091746,1225601,1225601,61bbc3e67dd8aeb7b04ffc3b4e478116086b329baae8f4bd6f01f293426a7951,"{""test"":170207,""train"":947462,""validation"":107932}",VERIFIED_ROLE_NEUTRAL_BASE_ARTIFACT
dgraphfin,node_classification,isolated_inductive,gcn,5,fold0,2959d76f2e1606072d5372a01e191711843df460020c58490fce480967410829,b0ccd8293ba0c8145c3e06746c76d74326c3b9d9f419f77922c906d102162a88,ROLE_NEUTRAL,dgraphfin_10seed_inductive_isolated.zip,6ce0d2e37893a7a162d6d575347f6606eb63f90b7940cc3a259dc309cf88b8c8,predictions/dgraphfin__inductive_isolated__gcn__seed5.csv,a576b3064e9df3f6e54bb501498d716c22b861959707fcf1d9bc3c4e6c7d4170,187106539,1225601,1225601,97b1f17dd85983ed1d244e0322f9a2aa8baeab19cfbb8cd74b20b36c0e4ceb8a,"{""test"":170207,""train"":947462,""validation"":107932}",VERIFIED_ROLE_NEUTRAL_BASE_ARTIFACT
dgraphfin,node_classification,isolated_inductive,gcn,6,fold0,aed699b1f7d0e7e9874f4e544f7ba761a7a284603b90a36971f7fe82a85b51b6,0075507afeefb5e5d3aa471e017d559638aa6a8cd1f07e33a2a32bcb755ced24,ROLE_NEUTRAL,dgraphfin_10seed_inductive_isolated.zip,6ce0d2e37893a7a162d6d575347f6606eb63f90b7940cc3a259dc309cf88b8c8,predictions/dgraphfin__inductive_isolated__gcn__seed6.csv,9ae84c12e75efa7d3b1f9663984ce4f8c3c6aa2c3e26dfc6bfb0e43847a5906a,187109067,1225601,1225601,7a130744740bcf16354cb1219874c45104cd1f03e052d2d371d9e78037399316,"{""test"":170207,""train"":947462,""validation"":107932}",VERIFIED_ROLE_NEUTRAL_BASE_ARTIFACT
dgraphfin,node_classification,isolated_inductive,gcn,7,fold0,f4af531a3cdcb55845ddfcbbbce27a446b485cf066a519a68818aeea855e1f73,1d3d40088e1ce1fb1e9445c1fee4da5e225a073472efcb1b49d1f9933632e7ab,ROLE_NEUTRAL,dgraphfin_10seed_inductive_isolated.zip,6ce0d2e37893a7a162d6d575347f6606eb63f90b7940cc3a259dc309cf88b8c8,predictions/dgraphfin__inductive_isolated__gcn__seed7.csv,b5093cf5b19ec203dbcdca54c22e154e3778ef79cdef32ddb5729a980bdc879d,187101844,1225601,1225601,7ec1d6093c5fa04828f1f9f5271fcf4f8ab0525fdc54573f15afd31ae8eaa071,"{""test"":170207,""train"":947462,""validation"":107932}",VERIFIED_ROLE_NEUTRAL_BASE_ARTIFACT
dgraphfin,node_classification,isolated_inductive,gcn,8,fold0,3ecb4e958d00d12b906f01bb09e5cd44c298d5c3d2bb1807a49351807d0e89cd,3991c7b56fec6176ebe439bdd8593b50fafa69ccc227dd0303738c77876074d2,ROLE_NEUTRAL,dgraphfin_10seed_inductive_isolated.zip,6ce0d2e37893a7a162d6d575347f6606eb63f90b7940cc3a259dc309cf88b8c8,predictions/dgraphfin__inductive_isolated__gcn__seed8.csv,0e272128380d319b145ec1cc4f5829af7375d51018fbe665fd301b2902de8092,187095833,1225601,1225601,026c8a53d962fafc8bebcd4242215aa434d76d8b95e946b4dff0c4a1f5cea3cb,"{""test"":170207,""train"":947462,""validation"":107932}",VERIFIED_ROLE_NEUTRAL_BASE_ARTIFACT
dgraphfin,node_classification,isolated_inductive,gcn,9,fold0,615d2a4d01e42f4ce5e5a0660d27307e07b4d80e9556af938061ff8fe9c4a229,a47da5aae8e67c7b04f6be3b2870939f9b1b23b773a3a4f6703d9bbdf85a33c5,ROLE_NEUTRAL,dgraphfin_10seed_inductive_isolated.zip,6ce0d2e37893a7a162d6d575347f6606eb63f90b7940cc3a259dc309cf88b8c8,predictions/dgraphfin__inductive_isolated__gcn__seed9.csv,80443ffdc7f83e1799e2442757becc4c4f5cc4a6b33dee0e358404e61e3d824a,187109338,1225601,1225601,3ec4c5de2a7600f91a61cef95476e1c49e9a7b5792aca0df2c2155dec902d58e,"{""test"":170207,""train"":947462,""validation"":107932}",VERIFIED_ROLE_NEUTRAL_BASE_ARTIFACT
dgraphfin,node_classification,isolated_inductive,gcn,10,fold0,1d18d6bf35a711daec15ebbd2f1ce46084dcbfa7944e3cfc6591de7cd47a9953,34c70876d36afda4c798352ecf11919ff81ceda96bd219d3acd3c1db264199d1,ROLE_NEUTRAL,dgraphfin_10seed_inductive_isolated.zip,6ce0d2e37893a7a162d6d575347f6606eb63f90b7940cc3a259dc309cf88b8c8,predictions/dgraphfin__inductive_isolated__gcn__seed10.csv,9ad11028a556a5da23e18cab71131232407eaca854908fba1711f9f806e83ae2,189539956,1225601,1225601,9fc30c1daee333459a2f121034ffd755ccf374265a42e050b930c70b88f3b25b,"{""test"":170207,""train"":947462,""validation"":107932}",VERIFIED_ROLE_NEUTRAL_BASE_ARTIFACT
dgraphfin,node_classification,isolated_inductive,graphsage,1,fold0,6a8bc9782a178c909220d3cf02e60757657f856c4a2166a69731673bb6e8a0ce,fc40946e012be181aa2875ab925052065fb91fbddf737ba4494f0b4f233df236,ROLE_NEUTRAL,dgraphfin_10seed_inductive_isolated.zip,6ce0d2e37893a7a162d6d575347f6606eb63f90b7940cc3a259dc309cf88b8c8,predictions/dgraphfin__inductive_isolated__sage__seed1.csv,2f3a41894840c07c80c87601e9535fe9fe4100a7ac0f0f9ab1b25420d44183b0,189560090,1225601,1225601,bb4a2799af0ea95974b1d655cf3fc5b2b1139a6a52404506fcb5770317c64d3f,"{""test"":170207,""train"":947462,""validation"":107932}",VERIFIED_ROLE_NEUTRAL_BASE_ARTIFACT
dgraphfin,node_classification,isolated_inductive,graphsage,2,fold0,21a0163a1e8f2eba52e8c47ccbecba3fa7b711d7cbbde753d19611640272e084,0967a0f01bb5f9f12c0896ddfe8e67675edabbc8d06680b4d6d96920b26659a6,ROLE_NEUTRAL,dgraphfin_10seed_inductive_isolated.zip,6ce0d2e37893a7a162d6d575347f6606eb63f90b7940cc3a259dc309cf88b8c8,predictions/dgraphfin__inductive_isolated__sage__seed2.csv,8f7bd1176f2915a3826aad5739b9cb8863fcb9fdb5fa95d97d6f0647cf42c581,189559687,1225601,1225601,b2b094117860711f7a4173be83d5313ea9312e548096b4cf2a8b75fd808ae9dc,"{""test"":170207,""train"":947462,""validation"":107932}",VERIFIED_ROLE_NEUTRAL_BASE_ARTIFACT
dgraphfin,node_classification,isolated_inductive,graphsage,3,fold0,f08aa7610ee53a179bb35372f7755e1549b526fc43d10aa42b91af1ef05eb4ad,4320637fa39a315547f46b2305d3a3d8e2cca3304cee1f350f3ee3b0effd75cf,ROLE_NEUTRAL,dgraphfin_10seed_inductive_isolated.zip,6ce0d2e37893a7a162d6d575347f6606eb63f90b7940cc3a259dc309cf88b8c8,predictions/dgraphfin__inductive_isolated__sage__seed3.csv,59563c3c90397b7bbf5db2f795280527af29ff09c436ca85657bf3b8da5d5afe,189540332,1225601,1225601,6b6fc87c698d7c12b276ebd487a1f0f02a8e964fb70b26884fe261866ada0d1b,"{""test"":170207,""train"":947462,""validation"":107932}",VERIFIED_ROLE_NEUTRAL_BASE_ARTIFACT
dgraphfin,node_classification,isolated_inductive,graphsage,4,fold0,a157b4e0f482082757c616e9dc68ceb2f85215119f08bc4262068b2b148837c5,4b5151ffca2d3498badf4da09948d59f3e26892699b4d21c3a7918073d19c5c5,ROLE_NEUTRAL,dgraphfin_10seed_inductive_isolated.zip,6ce0d2e37893a7a162d6d575347f6606eb63f90b7940cc3a259dc309cf88b8c8,predictions/dgraphfin__inductive_isolated__sage__seed4.csv,b5b3acd8d3dbb0d02d1632a48a225a5ca9ca6dc0eda34d2be6a481cf4811ed4a,189558495,1225601,1225601,61bbc3e67dd8aeb7b04ffc3b4e478116086b329baae8f4bd6f01f293426a7951,"{""test"":170207,""train"":947462,""validation"":107932}",VERIFIED_ROLE_NEUTRAL_BASE_ARTIFACT
dgraphfin,node_classification,isolated_inductive,graphsage,5,fold0,afdd0347a45a56dcaa1c425f1244c8c96e34f54f8ad674e8195ee65d72ec7c70,6930b7d45e25b103560f4363290b1934e1c3bbf41e08fe460e8203a42f2a2f70,ROLE_NEUTRAL,dgraphfin_10seed_inductive_isolated.zip,6ce0d2e37893a7a162d6d575347f6606eb63f90b7940cc3a259dc309cf88b8c8,predictions/dgraphfin__inductive_isolated__sage__seed5.csv,2fa0a17b1ff00243a211e474c9c311747e9fddb6994a4799b63c1e7d08018711,189547709,1225601,1225601,97b1f17dd85983ed1d244e0322f9a2aa8baeab19cfbb8cd74b20b36c0e4ceb8a,"{""test"":170207,""train"":947462,""validation"":107932}",VERIFIED_ROLE_NEUTRAL_BASE_ARTIFACT
dgraphfin,node_classification,isolated_inductive,graphsage,6,fold0,cb63f14600172f331dfb1b1fc1d5eada0d13c00b4474d4d115500cfa3d5c4fae,e9cf1453f5b6535f3cc321260509e3aa4929ea72b60cfd6f5fe29adf4aeaca2a,ROLE_NEUTRAL,dgraphfin_10seed_inductive_isolated.zip,6ce0d2e37893a7a162d6d575347f6606eb63f90b7940cc3a259dc309cf88b8c8,predictions/dgraphfin__inductive_isolated__sage__seed6.csv,fc0d388d9f730d5c2c90a165d08d7c3d0563d7c3ab6c52b27584fddb379bb280,189545279,1225601,1225601,7a130744740bcf16354cb1219874c45104cd1f03e052d2d371d9e78037399316,"{""test"":170207,""train"":947462,""validation"":107932}",VERIFIED_ROLE_NEUTRAL_BASE_ARTIFACT
dgraphfin,node_classification,isolated_inductive,graphsage,7,fold0,c4780dbea74455d7463dde6dce6b1a39bcf2eae5fe736a492fc570abb1657b05,3af292551eff36cdede4dfa2cbc456bd108159d055a454493f2940db07dbcf4e,ROLE_NEUTRAL,dgraphfin_10seed_inductive_isolated.zip,6ce0d2e37893a7a162d6d575347f6606eb63f90b7940cc3a259dc309cf88b8c8,predictions/dgraphfin__inductive_isolated__sage__seed7.csv,114f97e5c473dc3f2205c0e053e29bef8a15db37c8a39a17e3230df7f6b796c0,189546311,1225601,1225601,7ec1d6093c5fa04828f1f9f5271fcf4f8ab0525fdc54573f15afd31ae8eaa071,"{""test"":170207,""train"":947462,""validation"":107932}",VERIFIED_ROLE_NEUTRAL_BASE_ARTIFACT
dgraphfin,node_classification,isolated_inductive,graphsage,8,fold0,78c61514ab922baeb77b705937fd789c50bc8e7878871b3bcfb555d0c4d1ba8e,398c454f42c063290d329abea7602d81cb08a4e17df8bb4b872ea832c277d2b6,ROLE_NEUTRAL,dgraphfin_10seed_inductive_isolated.zip,6ce0d2e37893a7a162d6d575347f6606eb63f90b7940cc3a259dc309cf88b8c8,predictions/dgraphfin__inductive_isolated__sage__seed8.csv,6947f52b78eb290e298554d04929e79d7c797750f1f2c85bb5a4e19a4aeb292e,189560152,1225601,1225601,026c8a53d962fafc8bebcd4242215aa434d76d8b95e946b4dff0c4a1f5cea3cb,"{""test"":170207,""train"":947462,""validation"":107932}",VERIFIED_ROLE_NEUTRAL_BASE_ARTIFACT
dgraphfin,node_classification,isolated_inductive,graphsage,9,fold0,29307ef756a1467dacd386c2b88b936aea3c5186b2af4de3c96975a2fcc5ed9d,4da06ec81fa9ab512b6d93620466c17efaa7d31b5626bde225b1eb2722024960,ROLE_NEUTRAL,dgraphfin_10seed_inductive_isolated.zip,6ce0d2e37893a7a162d6d575347f6606eb63f90b7940cc3a259dc309cf88b8c8,predictions/dgraphfin__inductive_isolated__sage__seed9.csv,e2dfc4719438cee6bdf95bb007132ec37b59183371491e7744c836de26bfa4df,189560419,1225601,1225601,3ec4c5de2a7600f91a61cef95476e1c49e9a7b5792aca0df2c2155dec902d58e,"{""test"":170207,""train"":947462,""validation"":107932}",VERIFIED_ROLE_NEUTRAL_BASE_ARTIFACT
dgraphfin,node_classification,isolated_inductive,graphsage,10,fold0,88fa06d425fc7c18ed1b96a6c89a5c2bea42bec44c7d90f6f6889ccf26cf36de,6e769299958e16c728d7b360d7ac6af2d24026492824111fb4eeb0b67a014928,ROLE_NEUTRAL,dgraphfin_10seed_inductive_isolated.zip,6ce0d2e37893a7a162d6d575347f6606eb63f90b7940cc3a259dc309cf88b8c8,predictions/dgraphfin__inductive_isolated__sage__seed10.csv,2c5405749997e36bbe365f4a32e56f75f39c4a3e36e4abe1e50e5b0fdc3029c1,191999926,1225601,1225601,9fc30c1daee333459a2f121034ffd755ccf374265a42e050b930c70b88f3b25b,"{""test"":170207,""train"":947462,""validation"":107932}",VERIFIED_ROLE_NEUTRAL_BASE_ARTIFACT
dgraphfin,node_classification,strict_inductive,feature_mlp,1,fold0,52685c12e4917f7a80b31307cafaa6e3ad42bc7953f4f322d6cd0517eac808ff,49a6ba195ab2ea74a0b7331962baead731738f1b86d24c72c0e130394124c58c,ROLE_NEUTRAL,dgraphfin_10seed_strict_inductive.zip,e0055d3482107d16c7d52574b0a32adc1e7ae9236b67dbdf12f57327c0e6bce5,predictions/dgraphfin__strict_inductive__mlp__seed1.csv,ef5960ebcc4ee41bddb1d94b294b78dd2671a2d0835e08e560629eb684e53eea,182246332,1225601,1225601,e667d0cc86765f84bfbc125a9cb06afb6fdcc740fcb185464d1c3f894c931374,"{""test"":170207,""train"":947462,""validation"":107932}",VERIFIED_ROLE_NEUTRAL_BASE_ARTIFACT
dgraphfin,node_classification,strict_inductive,feature_mlp,2,fold0,3f8626ebf4031fe19be3063461490c3e227395b6372777b7053468d5f9b04edb,e14369ed1aa2beaab9ab5e2c066ff699e1abd2fc8e6414f39600b37f4630b936,ROLE_NEUTRAL,dgraphfin_10seed_strict_inductive.zip,e0055d3482107d16c7d52574b0a32adc1e7ae9236b67dbdf12f57327c0e6bce5,predictions/dgraphfin__strict_inductive__mlp__seed2.csv,74fb2a0406a6dbe79fa4291ec9508735e57a5d52742bbf47f1dff00de5da6e50,182247514,1225601,1225601,0de12ba58b4ac967e4f3f62fd29829c2f30421d9da48f1a697c2fe5479d9e1f8,"{""test"":170207,""train"":947462,""validation"":107932}",VERIFIED_ROLE_NEUTRAL_BASE_ARTIFACT
dgraphfin,node_classification,strict_inductive,feature_mlp,3,fold0,7b4d450599ad9dc6734c6f1c1f1f5234d942db04fc4c2292420760ef83d76f9a,0da364d2b52af5cbf3fdc7b611b7309c0d1c8ba4acfd326b6551ac1b6a638cf9,ROLE_NEUTRAL,dgraphfin_10seed_strict_inductive.zip,e0055d3482107d16c7d52574b0a32adc1e7ae9236b67dbdf12f57327c0e6bce5,predictions/dgraphfin__strict_inductive__mlp__seed3.csv,ef08820b5ab2428b31f992fe4eb53d26cae84d0114bfea3a2b02093b4566e624,182221501,1225601,1225601,b1e1c8a3af6570d86c302e2e60776745cb471e02e50149833652a6ea58e25368,"{""test"":170207,""train"":947462,""validation"":107932}",VERIFIED_ROLE_NEUTRAL_BASE_ARTIFACT
dgraphfin,node_classification,strict_inductive,feature_mlp,4,fold0,13dd60fdcac4eb5d35fb765cb01e25e7fe279c289a7d6e9a52f5f7f0ad7990c2,115906a9b372741b91230fa96d9ed7ffe40115d8e0607cab73a61a1427c1435b,ROLE_NEUTRAL,dgraphfin_10seed_strict_inductive.zip,e0055d3482107d16c7d52574b0a32adc1e7ae9236b67dbdf12f57327c0e6bce5,predictions/dgraphfin__strict_inductive__mlp__seed4.csv,2d55fd4954992bd70dd888aeee68ff4584ec0820652236b54e0bbe6ce98737f9,182152219,1225601,1225601,fc1538a0f6e566acdc7f38b14cba1f10309e0564305af732ab22f06a4ed91232,"{""test"":170207,""train"":947462,""validation"":107932}",VERIFIED_ROLE_NEUTRAL_BASE_ARTIFACT
dgraphfin,node_classification,strict_inductive,feature_mlp,5,fold0,00a4ba89d4ee6f091cea901da90be475c7e8388c9cdca300ea3f81eaeb572071,bd4712de071adc1cf509e41a407a0e6a5434a63090ed95d3c707c201d8c8e005,ROLE_NEUTRAL,dgraphfin_10seed_strict_inductive.zip,e0055d3482107d16c7d52574b0a32adc1e7ae9236b67dbdf12f57327c0e6bce5,predictions/dgraphfin__strict_inductive__mlp__seed5.csv,3e22aaf00da450870b7784dd75ee172f62aadd43eda186e5956c363fe2b3cbec,182169985,1225601,1225601,be2355a6145175dd3a7d0a6352e5050dcc0079623e36ba3e20ea1aa9aa08ccd3,"{""test"":170207,""train"":947462,""validation"":107932}",VERIFIED_ROLE_NEUTRAL_BASE_ARTIFACT
dgraphfin,node_classification,strict_inductive,feature_mlp,6,fold0,e77d9298b1a98b90d5f1d588a9f205e0377da5cdca4636d1fe7b8979288158e7,e545225999c76b43bc09da6363dc8b5a512dfd11f9c1b0d236834ccd0ff33127,ROLE_NEUTRAL,dgraphfin_10seed_strict_inductive.zip,e0055d3482107d16c7d52574b0a32adc1e7ae9236b67dbdf12f57327c0e6bce5,predictions/dgraphfin__strict_inductive__mlp__seed6.csv,337fe50d1fad82aa5e02291681762bdf5f38d1afa585c8006ccc5f9b277108b2,182086794,1225601,1225601,095b60f82238a2dde78d19591c90e7a19dbf6036821344c5a19a1eb2998faf1e,"{""test"":170207,""train"":947462,""validation"":107932}",VERIFIED_ROLE_NEUTRAL_BASE_ARTIFACT
dgraphfin,node_classification,strict_inductive,feature_mlp,7,fold0,6b7d63e7661ef7286f176f47f4b732e982367117f89416992a67bdecbabd2499,22a72cfe55fa78b05ab6f1f447dd459ba8de2772338a049536ddc9dc834ac3de,ROLE_NEUTRAL,dgraphfin_10seed_strict_inductive.zip,e0055d3482107d16c7d52574b0a32adc1e7ae9236b67dbdf12f57327c0e6bce5,predictions/dgraphfin__strict_inductive__mlp__seed7.csv,dae8f6d1a0ab37b47f5e164e080e42f0af4c18537592f6815a7df56adc727d1e,182166191,1225601,1225601,3031b89a23fdca46c4cd418628688044f5a891f7d32043e856fe6f8e4e2f0895,"{""test"":170207,""train"":947462,""validation"":107932}",VERIFIED_ROLE_NEUTRAL_BASE_ARTIFACT
dgraphfin,node_classification,strict_inductive,feature_mlp,8,fold0,c966f96e03610916d4bd40ef9d67fc358b9049ed9aa6dc08a925b71717d4cf11,d4ab54221900ea02f0a3938e33cf6b54bdeb176c8e84e71d067e6d403d792a3b,ROLE_NEUTRAL,dgraphfin_10seed_strict_inductive.zip,e0055d3482107d16c7d52574b0a32adc1e7ae9236b67dbdf12f57327c0e6bce5,predictions/dgraphfin__strict_inductive__mlp__seed8.csv,c6da8209d2944bdd0edbe10756dc0364957fdf0b582ace78094af1918615c725,182077998,1225601,1225601,ded085b6eb3366b237b053e57eae8b6f36da9fa889c5c1c321d6aa08e4af9329,"{""test"":170207,""train"":947462,""validation"":107932}",VERIFIED_ROLE_NEUTRAL_BASE_ARTIFACT
dgraphfin,node_classification,strict_inductive,feature_mlp,9,fold0,14b8fa46a1578c3a50a909eab6570615726270cff0c0b3fd446d963c0f30b3d4,bad56b56b9a9c276ba1626468096645b033219ebab6d50e31c8da3161ce2e65a,ROLE_NEUTRAL,dgraphfin_10seed_strict_inductive.zip,e0055d3482107d16c7d52574b0a32adc1e7ae9236b67dbdf12f57327c0e6bce5,predictions/dgraphfin__strict_inductive__mlp__seed9.csv,48f838d624c0687ec063a3f72d27574c1ed397075d4b745eb30519ccab4c39eb,182238668,1225601,1225601,b299f7632d483e9a44efccddacb8d2c36b6d267f332d75e2a5ab4866fc9af49b,"{""test"":170207,""train"":947462,""validation"":107932}",VERIFIED_ROLE_NEUTRAL_BASE_ARTIFACT
dgraphfin,node_classification,strict_inductive,feature_mlp,10,fold0,47a18f3f93eef31ef9628c9183adcc32b12d5e8c96d9e6bfe63e094e5260d4f9,867f17ae42ac549dd4b5f8cb1cb937089727770d5db708d39465fb5a57577f79,ROLE_NEUTRAL,dgraphfin_10seed_strict_inductive.zip,e0055d3482107d16c7d52574b0a32adc1e7ae9236b67dbdf12f57327c0e6bce5,predictions/dgraphfin__strict_inductive__mlp__seed10.csv,f5c0c21cd950729cc22c05d0b466d57ba3fed7ba66482d88613feccd87fa36e9,184671844,1225601,1225601,0dc5ff90a08fe57b4f6f2be3fe20b5297b53c75863440ab80267a7b761929175,"{""test"":170207,""train"":947462,""validation"":107932}",VERIFIED_ROLE_NEUTRAL_BASE_ARTIFACT
dgraphfin,node_classification,strict_inductive,gcn,1,fold0,c409978cc8e157cc7053250d8ed12ca6728b967118ddbb3c5abf8699d51957a7,33b99cb1463d616b3d5544cda3585b7dd6a487d62431c0e90d9154c063d02cc8,ROLE_NEUTRAL,dgraphfin_10seed_strict_inductive.zip,e0055d3482107d16c7d52574b0a32adc1e7ae9236b67dbdf12f57327c0e6bce5,predictions/dgraphfin__strict_inductive__gcn__seed1.csv,ef6d0dbcc402529a9c6ba6a8f3cfc49cd9f77a98c2f8d257321f21fe1119387b,182198689,1225601,1225601,e667d0cc86765f84bfbc125a9cb06afb6fdcc740fcb185464d1c3f894c931374,"{""test"":170207,""train"":947462,""validation"":107932}",VERIFIED_ROLE_NEUTRAL_BASE_ARTIFACT
dgraphfin,node_classification,strict_inductive,gcn,2,fold0,bd5ee45787b25eaa8e58278803fd8a33845c17b36748ea13fa99e94ab86c5064,7b66dd36630fafcb27bec2967457674802c715898391ea7afa066497f6f3196e,ROLE_NEUTRAL,dgraphfin_10seed_strict_inductive.zip,e0055d3482107d16c7d52574b0a32adc1e7ae9236b67dbdf12f57327c0e6bce5,predictions/dgraphfin__strict_inductive__gcn__seed2.csv,a5d919460d50bde83328b3499e1553dcb0ed428154677676d2485933821ddcd5,182198501,1225601,1225601,0de12ba58b4ac967e4f3f62fd29829c2f30421d9da48f1a697c2fe5479d9e1f8,"{""test"":170207,""train"":947462,""validation"":107932}",VERIFIED_ROLE_NEUTRAL_BASE_ARTIFACT
dgraphfin,node_classification,strict_inductive,gcn,3,fold0,699f0ebe1389ac36857614b4c2bcf8a567db513bed3e05725da60c655767995c,6ba04ecf3a7375f11db9de98db8508362f983800c304abe50853cc7f81281e0f,ROLE_NEUTRAL,dgraphfin_10seed_strict_inductive.zip,e0055d3482107d16c7d52574b0a32adc1e7ae9236b67dbdf12f57327c0e6bce5,predictions/dgraphfin__strict_inductive__gcn__seed3.csv,9f0300b1361e807ff7f9fcc3b89f94a6f77fecd71c6ebdbbd6a6d1296a9951ea,182198593,1225601,1225601,b1e1c8a3af6570d86c302e2e60776745cb471e02e50149833652a6ea58e25368,"{""test"":170207,""train"":947462,""validation"":107932}",VERIFIED_ROLE_NEUTRAL_BASE_ARTIFACT
dgraphfin,node_classification,strict_inductive,gcn,4,fold0,cf244b1b927f67b07d941b9bcc78f85a9105a1df0bf0b52cb0dc33f6f3ac8dd3,549e3ca0f2fc579a45b14fab7fe698b256b428909870f3735464c9c6ea3b7317,ROLE_NEUTRAL,dgraphfin_10seed_strict_inductive.zip,e0055d3482107d16c7d52574b0a32adc1e7ae9236b67dbdf12f57327c0e6bce5,predictions/dgraphfin__strict_inductive__gcn__seed4.csv,f2c748719aa7d5ff79ad7d725e29aaba738b0826163e944e947ba3bdd0f9a632,182198640,1225601,1225601,fc1538a0f6e566acdc7f38b14cba1f10309e0564305af732ab22f06a4ed91232,"{""test"":170207,""train"":947462,""validation"":107932}",VERIFIED_ROLE_NEUTRAL_BASE_ARTIFACT
dgraphfin,node_classification,strict_inductive,gcn,5,fold0,e2d14d889b32a8a031cce73c3ec01b101132c9313004e3bca4d871080e066365,1d1e8bcd6129b58fffe551f5d7459919ba9837c23b7f695a27c55787ec2b5540,ROLE_NEUTRAL,dgraphfin_10seed_strict_inductive.zip,e0055d3482107d16c7d52574b0a32adc1e7ae9236b67dbdf12f57327c0e6bce5,predictions/dgraphfin__strict_inductive__gcn__seed5.csv,0c6f820e550ceb5c7aee2499bfbe71c9350434b7b8fc4e3190941dcd56cf1621,182199559,1225601,1225601,be2355a6145175dd3a7d0a6352e5050dcc0079623e36ba3e20ea1aa9aa08ccd3,"{""test"":170207,""train"":947462,""validation"":107932}",VERIFIED_ROLE_NEUTRAL_BASE_ARTIFACT
dgraphfin,node_classification,strict_inductive,gcn,6,fold0,87dfb374ec2ee90a9768ea0c7ee80a2989ba67cc4a30e403920ef6a20a263592,21b1941e8b22585f3657d11017153c94ffa9523fdc15f021c081d7c3fbd42f63,ROLE_NEUTRAL,dgraphfin_10seed_strict_inductive.zip,e0055d3482107d16c7d52574b0a32adc1e7ae9236b67dbdf12f57327c0e6bce5,predictions/dgraphfin__strict_inductive__gcn__seed6.csv,d5f09f471a9fb06e7076bdfd66bff6a097e8740a9c86a59c586ad68b3812e0c0,182198142,1225601,1225601,095b60f82238a2dde78d19591c90e7a19dbf6036821344c5a19a1eb2998faf1e,"{""test"":170207,""train"":947462,""validation"":107932}",VERIFIED_ROLE_NEUTRAL_BASE_ARTIFACT
dgraphfin,node_classification,strict_inductive,gcn,7,fold0,1724d6b9a17c272fa2c30bf9b0b907021044c6e027c376596aef5fbdb6245053,b722ac7701594decfc3f194d8f59cca59fe0fbf259431aa32d4ec10a206c8bb9,ROLE_NEUTRAL,dgraphfin_10seed_strict_inductive.zip,e0055d3482107d16c7d52574b0a32adc1e7ae9236b67dbdf12f57327c0e6bce5,predictions/dgraphfin__strict_inductive__gcn__seed7.csv,92d5d36d3627c1507b78f660b2cd93914648699b0c6cb3a9ee66066bfbcf685a,182198759,1225601,1225601,3031b89a23fdca46c4cd418628688044f5a891f7d32043e856fe6f8e4e2f0895,"{""test"":170207,""train"":947462,""validation"":107932}",VERIFIED_ROLE_NEUTRAL_BASE_ARTIFACT
dgraphfin,node_classification,strict_inductive,gcn,8,fold0,af851ff54993722304202e0647492bfa90cc696484622c66b5b42534cfdeb079,9bf9401ba8bf089db2135298f3f5af4e8f855e72567be3912203d1878de30fef,ROLE_NEUTRAL,dgraphfin_10seed_strict_inductive.zip,e0055d3482107d16c7d52574b0a32adc1e7ae9236b67dbdf12f57327c0e6bce5,predictions/dgraphfin__strict_inductive__gcn__seed8.csv,445667a3d1f4772f3411013d1d703e1025ccaf91d19a25ba130567ccae5bde89,182199149,1225601,1225601,ded085b6eb3366b237b053e57eae8b6f36da9fa889c5c1c321d6aa08e4af9329,"{""test"":170207,""train"":947462,""validation"":107932}",VERIFIED_ROLE_NEUTRAL_BASE_ARTIFACT
dgraphfin,node_classification,strict_inductive,gcn,9,fold0,77641ed7a474c6b657565f2ba88b2b4772cceab852461b9c97cd7fe57aac4113,a4d77b85c56d0c5ab10b8e0030eb9160f720cfd0713c62ff9dab7ffc28d94b01,ROLE_NEUTRAL,dgraphfin_10seed_strict_inductive.zip,e0055d3482107d16c7d52574b0a32adc1e7ae9236b67dbdf12f57327c0e6bce5,predictions/dgraphfin__strict_inductive__gcn__seed9.csv,5ceeba901467bd3217d59ddaa9e3dd1a698d62d0aba9095e347cb25549d0056a,182198593,1225601,1225601,b299f7632d483e9a44efccddacb8d2c36b6d267f332d75e2a5ab4866fc9af49b,"{""test"":170207,""train"":947462,""validation"":107932}",VERIFIED_ROLE_NEUTRAL_BASE_ARTIFACT
dgraphfin,node_classification,strict_inductive,gcn,10,fold0,136845af308a5d8e3536bbf9055ba521235a07610c15f58056f8b32c39057377,729c8c933e1a6789df79dc27f7863267f7ed283dcbef244bb7c2f5a488bdbb67,ROLE_NEUTRAL,dgraphfin_10seed_strict_inductive.zip,e0055d3482107d16c7d52574b0a32adc1e7ae9236b67dbdf12f57327c0e6bce5,predictions/dgraphfin__strict_inductive__gcn__seed10.csv,1544a68fe43c7c5b4627220f0fe3deac70025ca08d14dcc7ae18b7c482c40e70,184649795,1225601,1225601,0dc5ff90a08fe57b4f6f2be3fe20b5297b53c75863440ab80267a7b761929175,"{""test"":170207,""train"":947462,""validation"":107932}",VERIFIED_ROLE_NEUTRAL_BASE_ARTIFACT
dgraphfin,node_classification,strict_inductive,graphsage,1,fold0,e5e5e60cff19b872e27cad3484b19f4bf0814d56c47c414751caa3f3f5ba387c,7ee9a1d0dc8fe9a2af7e696be1762f294efe50a5b9a9560ed1fabe3080f794eb,ROLE_NEUTRAL,dgraphfin_10seed_strict_inductive.zip,e0055d3482107d16c7d52574b0a32adc1e7ae9236b67dbdf12f57327c0e6bce5,predictions/dgraphfin__strict_inductive__sage__seed1.csv,b15db23db1cedfedbe90c014385179b51536afd3a7763858dba351d4bb9dcdea,184650184,1225601,1225601,e667d0cc86765f84bfbc125a9cb06afb6fdcc740fcb185464d1c3f894c931374,"{""test"":170207,""train"":947462,""validation"":107932}",VERIFIED_ROLE_NEUTRAL_BASE_ARTIFACT
dgraphfin,node_classification,strict_inductive,graphsage,2,fold0,66e853c90106b4f81363bfadbdc609f7d1d34b949618b75dd9bae22c1969c4e5,4119066a512412e2eee610705bf2dfc147fa83070e262c1fa6b1957daec195de,ROLE_NEUTRAL,dgraphfin_10seed_strict_inductive.zip,e0055d3482107d16c7d52574b0a32adc1e7ae9236b67dbdf12f57327c0e6bce5,predictions/dgraphfin__strict_inductive__sage__seed2.csv,0d3ae568010df2e8f84b543ce1210c66db5a4c49dbb5af622d65ddbe24dcef2b,184649575,1225601,1225601,0de12ba58b4ac967e4f3f62fd29829c2f30421d9da48f1a697c2fe5479d9e1f8,"{""test"":170207,""train"":947462,""validation"":107932}",VERIFIED_ROLE_NEUTRAL_BASE_ARTIFACT
dgraphfin,node_classification,strict_inductive,graphsage,3,fold0,04a62f40212fc028ce05dfd1f8ea09b8cf59216c34fa0f0ca46d0d9d4ce61be0,521592de07db894e35d0fb14058de8e1cf1b7c400b9fbeae37b7bf8a9fa4e54c,ROLE_NEUTRAL,dgraphfin_10seed_strict_inductive.zip,e0055d3482107d16c7d52574b0a32adc1e7ae9236b67dbdf12f57327c0e6bce5,predictions/dgraphfin__strict_inductive__sage__seed3.csv,5f8f9a5115ee03e4e00a4310359bdc7eb262448c1f6493e6dfd81686845e89f6,184650300,1225601,1225601,b1e1c8a3af6570d86c302e2e60776745cb471e02e50149833652a6ea58e25368,"{""test"":170207,""train"":947462,""validation"":107932}",VERIFIED_ROLE_NEUTRAL_BASE_ARTIFACT
dgraphfin,node_classification,strict_inductive,graphsage,4,fold0,6980525005315ec3c08e4dfab012b99d1eee2122b725d2ea2ecec1687522a5c0,2e3ba3888f77920a0628a96b23d7551eeaacd8f6be0d9681fbf2081f9cc24d41,ROLE_NEUTRAL,dgraphfin_10seed_strict_inductive.zip,e0055d3482107d16c7d52574b0a32adc1e7ae9236b67dbdf12f57327c0e6bce5,predictions/dgraphfin__strict_inductive__sage__seed4.csv,a2024bbc25f40bcdf3c6256485f95a65c44df428241d916f8b4dedc42a8aad3a,184650046,1225601,1225601,fc1538a0f6e566acdc7f38b14cba1f10309e0564305af732ab22f06a4ed91232,"{""test"":170207,""train"":947462,""validation"":107932}",VERIFIED_ROLE_NEUTRAL_BASE_ARTIFACT
dgraphfin,node_classification,strict_inductive,graphsage,5,fold0,b5702d342fa5bdbba06156bf6e1ea8b8d5665f07dd87cd0b7814a28ce7980fe2,6a78cb95678f69fdff961afba53901bea3a9b2db13bdb32ef6f0f23bbb25c506,ROLE_NEUTRAL,dgraphfin_10seed_strict_inductive.zip,e0055d3482107d16c7d52574b0a32adc1e7ae9236b67dbdf12f57327c0e6bce5,predictions/dgraphfin__strict_inductive__sage__seed5.csv,2af8b5db43e252c2c2804d97bb321823e7a690772139c0a94f4473fc5a052e69,184650250,1225601,1225601,be2355a6145175dd3a7d0a6352e5050dcc0079623e36ba3e20ea1aa9aa08ccd3,"{""test"":170207,""train"":947462,""validation"":107932}",VERIFIED_ROLE_NEUTRAL_BASE_ARTIFACT
dgraphfin,node_classification,strict_inductive,graphsage,6,fold0,2e8802ebf6b0081fc29d0c22b0051b5a4c2f35b2745d371099ae528b586680e1,ae946c15dae82eee29cd6e8f531ec7ea07b1438d49f4fd7ff1c5ed06b38c7aac,ROLE_NEUTRAL,dgraphfin_10seed_strict_inductive.zip,e0055d3482107d16c7d52574b0a32adc1e7ae9236b67dbdf12f57327c0e6bce5,predictions/dgraphfin__strict_inductive__sage__seed6.csv,925930ad26a5c17e8489d3c5519d61384ef68d7307421a1e317cf71c46a0d465,184649834,1225601,1225601,095b60f82238a2dde78d19591c90e7a19dbf6036821344c5a19a1eb2998faf1e,"{""test"":170207,""train"":947462,""validation"":107932}",VERIFIED_ROLE_NEUTRAL_BASE_ARTIFACT
dgraphfin,node_classification,strict_inductive,graphsage,7,fold0,371d24dedaed8f5aaa5666311f33003f96b21f062a06c250337cdbd105949891,0f6fd237e04c68cdafa1df3b0c63b4fd8bfb600e3f7d0011544c1d0e627c62c1,ROLE_NEUTRAL,dgraphfin_10seed_strict_inductive.zip,e0055d3482107d16c7d52574b0a32adc1e7ae9236b67dbdf12f57327c0e6bce5,predictions/dgraphfin__strict_inductive__sage__seed7.csv,b6021d954c646b68b51d536d24da9ac9528dbc0a15cd7467078f91e3d625de76,184649724,1225601,1225601,3031b89a23fdca46c4cd418628688044f5a891f7d32043e856fe6f8e4e2f0895,"{""test"":170207,""train"":947462,""validation"":107932}",VERIFIED_ROLE_NEUTRAL_BASE_ARTIFACT
dgraphfin,node_classification,strict_inductive,graphsage,8,fold0,0b186a0be25b5ec4959d64fd53b3ed52e8891bf60f410da725a164464327432f,60f497c0380b2f50487fe6e597bd8b6ff79d9d6389cdd0c2b6bb978dacb638c3,ROLE_NEUTRAL,dgraphfin_10seed_strict_inductive.zip,e0055d3482107d16c7d52574b0a32adc1e7ae9236b67dbdf12f57327c0e6bce5,predictions/dgraphfin__strict_inductive__sage__seed8.csv,6b52f8dbb3690cd5fce6bbbf7abdf9bfd8221e3460bcf3d01c17b45326a9f4ff,184649623,1225601,1225601,ded085b6eb3366b237b053e57eae8b6f36da9fa889c5c1c321d6aa08e4af9329,"{""test"":170207,""train"":947462,""validation"":107932}",VERIFIED_ROLE_NEUTRAL_BASE_ARTIFACT
dgraphfin,node_classification,strict_inductive,graphsage,9,fold0,72f8da5a4ef491f867cc529f61f2cb9853b3ca742663509a022e9fc3b6f47c66,97e6fb9b3c934b13becc34b40538678e25a3c7d6c3225bd8f71f85106edac1d8,ROLE_NEUTRAL,dgraphfin_10seed_strict_inductive.zip,e0055d3482107d16c7d52574b0a32adc1e7ae9236b67dbdf12f57327c0e6bce5,predictions/dgraphfin__strict_inductive__sage__seed9.csv,eddcc137df7a34996ca389830594860cd804112bf5eee12a78df8e627cf1dc0d,184650212,1225601,1225601,b299f7632d483e9a44efccddacb8d2c36b6d267f332d75e2a5ab4866fc9af49b,"{""test"":170207,""train"":947462,""validation"":107932}",VERIFIED_ROLE_NEUTRAL_BASE_ARTIFACT
dgraphfin,node_classification,strict_inductive,graphsage,10,fold0,a5d844b3cf5780bdbbf5415fcff227b126057dd172171110cc2b98486df0a0f7,f990ba30668fb9569ff6bf896ea7f99be2c811c85612f0748b35244c9eaf11a6,ROLE_NEUTRAL,dgraphfin_10seed_strict_inductive.zip,e0055d3482107d16c7d52574b0a32adc1e7ae9236b67dbdf12f57327c0e6bce5,predictions/dgraphfin__strict_inductive__sage__seed10.csv,8171610ca37b6533aca6a07608d525df1c0992e2f3f3ae90ab090f32abf0b52e,187101338,1225601,1225601,0dc5ff90a08fe57b4f6f2be3fe20b5297b53c75863440ab80267a7b761929175,"{""test"":170207,""train"":947462,""validation"":107932}",VERIFIED_ROLE_NEUTRAL_BASE_ARTIFACT
dgraphfin,node_classification,transductive_structure,feature_mlp,1,fold0,eed58c3cebb40733db2d9ee011beefc10361600a92b63531401bd0c03acc3f64,b4e94f60c3ff46f6a84c062654b7f220f31d3d2e01d49632b0a51e92b7fd910a,ROLE_NEUTRAL,dgraphfin_10seed_transductive.zip,6d0167aae53b681bb7ffc037b84c723869ba718f30feb955c333890bfe8783d5,predictions/dgraphfin__transductive__mlp__seed1.csv,3474452afe1603ce46759721608f1f4be134a045affa52f01ae4276821b0d765,172432263,1225601,1225601,09fdcfd35c3ec603baa9d69ff9f3921ffb540a284e5b3a8f4b2b589f844d5ff0,"{""test"":170207,""train"":947462,""validation"":107932}",VERIFIED_ROLE_NEUTRAL_BASE_ARTIFACT
dgraphfin,node_classification,transductive_structure,feature_mlp,2,fold0,3250e3f29376680d3e4f213881bd0676a5a9dc7f61c486e47fb442c30775dfc3,c9c7e452633bb725a7da46b6ec78466e63eb354b118fbfbd7a69b1547989706e,ROLE_NEUTRAL,dgraphfin_10seed_transductive.zip,6d0167aae53b681bb7ffc037b84c723869ba718f30feb955c333890bfe8783d5,predictions/dgraphfin__transductive__mlp__seed2.csv,d7fd8873a843855d5854e3f95975446dc196c026aa26702beeb014ab89aba985,172442510,1225601,1225601,64a18b2d450047c2c49cc0b61212784290f032e87fcff1ecc68bfcc5575581ef,"{""test"":170207,""train"":947462,""validation"":107932}",VERIFIED_ROLE_NEUTRAL_BASE_ARTIFACT
dgraphfin,node_classification,transductive_structure,feature_mlp,3,fold0,72c3fdf4bbf51160ea29f63d9867a687ef0944742fc7a2cd965a53e2658063f8,9bd75524f14e1d33dff7d15c177eae029916acbd4572437308661887b2e2e04a,ROLE_NEUTRAL,dgraphfin_10seed_transductive.zip,6d0167aae53b681bb7ffc037b84c723869ba718f30feb955c333890bfe8783d5,predictions/dgraphfin__transductive__mlp__seed3.csv,dd4c177b593ccdb21c03a63726fc36b3507ee767f32b564e25de55dae0f0d83a,172398355,1225601,1225601,cc8f16f843f3ab95d143d79c85e62deb1e760a5d2ac18fd98916cfcac4d91fa3,"{""test"":170207,""train"":947462,""validation"":107932}",VERIFIED_ROLE_NEUTRAL_BASE_ARTIFACT
dgraphfin,node_classification,transductive_structure,feature_mlp,4,fold0,34112f56c3d1d4f940ab02763b71f3d1fb7affdaf15b72acd66e38a4bb69901b,71963df2b145a3da2bba859e97d86c794a199182a9a15bb08681006fe1765f23,ROLE_NEUTRAL,dgraphfin_10seed_transductive.zip,6d0167aae53b681bb7ffc037b84c723869ba718f30feb955c333890bfe8783d5,predictions/dgraphfin__transductive__mlp__seed4.csv,1ee840453b59d468d188506665e53ca1cc1e286f6b34f99492437571460b2763,172403384,1225601,1225601,33fa2948a6eeb5e8cc511b621bc333733fce70941d200fb5753c8ff9962504c0,"{""test"":170207,""train"":947462,""validation"":107932}",VERIFIED_ROLE_NEUTRAL_BASE_ARTIFACT
dgraphfin,node_classification,transductive_structure,feature_mlp,5,fold0,50d3faeb48be6e226d83e9fdabb8b6beb564bfd5a129da4d3e9ba12a20bca9a3,a5ff56d13a5ee7eb7c9f8129bf9643043c106a67db029150444c4d49b602fc72,ROLE_NEUTRAL,dgraphfin_10seed_transductive.zip,6d0167aae53b681bb7ffc037b84c723869ba718f30feb955c333890bfe8783d5,predictions/dgraphfin__transductive__mlp__seed5.csv,703b64b6173600334c27af28e0ff890c095a124b5425f60da742427da4c9b22a,172419374,1225601,1225601,c1213dd239dc794228d6d7d9f9c925b3f3f276e51448027073cf26bac317fd53,"{""test"":170207,""train"":947462,""validation"":107932}",VERIFIED_ROLE_NEUTRAL_BASE_ARTIFACT
dgraphfin,node_classification,transductive_structure,feature_mlp,6,fold0,7d260762a2ef82545982e0458ff5f2a2fc11ada5a8fb769ff2c28bd88590332b,5b423345c3d8f31cb00d0aa10759e6312b0f8724ceeb666707ed7358fdb2c1b5,ROLE_NEUTRAL,dgraphfin_10seed_transductive.zip,6d0167aae53b681bb7ffc037b84c723869ba718f30feb955c333890bfe8783d5,predictions/dgraphfin__transductive__mlp__seed6.csv,2f0b3902519e3f81cbdf06a30b95fd9b3f66ea389f8c1f751a05dc9fe7edb007,172379291,1225601,1225601,a379dadbda8890c703669927f5490b63bec5067e816ecadc26450f886df7bd38,"{""test"":170207,""train"":947462,""validation"":107932}",VERIFIED_ROLE_NEUTRAL_BASE_ARTIFACT
dgraphfin,node_classification,transductive_structure,feature_mlp,7,fold0,a0090dd11814bdda9d64f6faf6d92a8995220c0a67ef6b90afb521b30cfb4743,03ebd8daf51751ab47081beb5917fd3f197cee8dfd77d8e1e79957d31af571f8,ROLE_NEUTRAL,dgraphfin_10seed_transductive.zip,6d0167aae53b681bb7ffc037b84c723869ba718f30feb955c333890bfe8783d5,predictions/dgraphfin__transductive__mlp__seed7.csv,636be3e643750fd3609d8240bf2c7e900e8248dbacdb7c125e5b373906398e38,172365621,1225601,1225601,4fd6cf84a845d0dcbb284e18a0a4be99ea4b5ee8d343299960d531da13a0456f,"{""test"":170207,""train"":947462,""validation"":107932}",VERIFIED_ROLE_NEUTRAL_BASE_ARTIFACT
dgraphfin,node_classification,transductive_structure,feature_mlp,8,fold0,fac08da08fd89e0b0d2ef50272d1b7866503e0de38f9bc1614cff6fb7eb925b3,cd9e633c3e63084fd300acce93221f922d5bc310e4d7cb8f972347cfc0d34445,ROLE_NEUTRAL,dgraphfin_10seed_transductive.zip,6d0167aae53b681bb7ffc037b84c723869ba718f30feb955c333890bfe8783d5,predictions/dgraphfin__transductive__mlp__seed8.csv,528169d5f0669ba25495a18faf892311a8ccb14c2b8d1ea3924b110a219fb7d9,172356034,1225601,1225601,fc02cc647b34cb4e9ff557c048f2c4d991a16aaab3b8ba07bc2211e37faf02aa,"{""test"":170207,""train"":947462,""validation"":107932}",VERIFIED_ROLE_NEUTRAL_BASE_ARTIFACT
dgraphfin,node_classification,transductive_structure,feature_mlp,9,fold0,a4b7a938a4af8cd1b9149132876f89ec2efc20a8878c3d3a92c37c91d6a7943b,11733f4513e5de31551609701c1721e82531d53433014fc1a9f76cd838aef54f,ROLE_NEUTRAL,dgraphfin_10seed_transductive.zip,6d0167aae53b681bb7ffc037b84c723869ba718f30feb955c333890bfe8783d5,predictions/dgraphfin__transductive__mlp__seed9.csv,ffb39565a054ec828722b5d35c3506ed9254be5b95c1694aec8cff7b6d5cb315,172426938,1225601,1225601,7b85dfa951e232dbf7fd38257870675f1a7e26c430bc9c4fe37cf4eea2ea28ae,"{""test"":170207,""train"":947462,""validation"":107932}",VERIFIED_ROLE_NEUTRAL_BASE_ARTIFACT
dgraphfin,node_classification,transductive_structure,feature_mlp,10,fold0,2dba41dd2ce583977274866dc563dc4a2c1e70802e8507db48ca76f43486f3aa,bc4110d05d295c5f7b1d5621ed4bbdaf7ba64e289f75cab5eaefaff2e1d23545,ROLE_NEUTRAL,dgraphfin_10seed_transductive.zip,6d0167aae53b681bb7ffc037b84c723869ba718f30feb955c333890bfe8783d5,predictions/dgraphfin__transductive__mlp__seed10.csv,8b5791e16311dab3d0c793d32e0f9cf51ab9ac85668e3a542f990c7d3358b6eb,174848261,1225601,1225601,51a8b4b8e1f4acda6cef0fc7476559faa2fb54279a229b655da857a40a7eae10,"{""test"":170207,""train"":947462,""validation"":107932}",VERIFIED_ROLE_NEUTRAL_BASE_ARTIFACT
dgraphfin,node_classification,transductive_structure,gcn,1,fold0,5aae92d61737ddc2e75df663f8394ad244ad2f833d759179553e487a0a301514,59beb799c7ec309170fd0dd3e21cc781132d7ad6da3af225aa2e3cfe77eb32af,ROLE_NEUTRAL,dgraphfin_10seed_transductive.zip,6d0167aae53b681bb7ffc037b84c723869ba718f30feb955c333890bfe8783d5,predictions/dgraphfin__transductive__gcn__seed1.csv,8ad6ab1adfcf6b50ecb80109ce3ecee6575991e924d86f51cb7083de519bb68b,172393623,1225601,1225601,09fdcfd35c3ec603baa9d69ff9f3921ffb540a284e5b3a8f4b2b589f844d5ff0,"{""test"":170207,""train"":947462,""validation"":107932}",VERIFIED_ROLE_NEUTRAL_BASE_ARTIFACT
dgraphfin,node_classification,transductive_structure,gcn,2,fold0,de2aab9f98695f2ccfd8a9f6f498c51050411336e8918b558d9ef75517df1fe3,2d86b829cc13c80be7a709c7073c880ac57d106221f275b39523dd383505f0a9,ROLE_NEUTRAL,dgraphfin_10seed_transductive.zip,6d0167aae53b681bb7ffc037b84c723869ba718f30feb955c333890bfe8783d5,predictions/dgraphfin__transductive__gcn__seed2.csv,bbf47c7152c71bfb8ff0132b7bcecc5069b3174e86a78900f68115ed2037f2f0,172394359,1225601,1225601,64a18b2d450047c2c49cc0b61212784290f032e87fcff1ecc68bfcc5575581ef,"{""test"":170207,""train"":947462,""validation"":107932}",VERIFIED_ROLE_NEUTRAL_BASE_ARTIFACT
dgraphfin,node_classification,transductive_structure,gcn,3,fold0,0481e6f3086b12fe0eb0b7dfd669e8360fe967e76c4da46361b2f91dcf1ea48e,536e87677817c20cdea96bad87032baba302975b5017497b0e509f1f2fd0aad8,ROLE_NEUTRAL,dgraphfin_10seed_transductive.zip,6d0167aae53b681bb7ffc037b84c723869ba718f30feb955c333890bfe8783d5,predictions/dgraphfin__transductive__gcn__seed3.csv,310a0086f82440b6a5e6587fc9b81ad7e6a1845a80cd5662bdc32becf8674096,172394619,1225601,1225601,cc8f16f843f3ab95d143d79c85e62deb1e760a5d2ac18fd98916cfcac4d91fa3,"{""test"":170207,""train"":947462,""validation"":107932}",VERIFIED_ROLE_NEUTRAL_BASE_ARTIFACT
dgraphfin,node_classification,transductive_structure,gcn,4,fold0,0348900de02583daf9eae3a7a8bd7895343e4946f81761e04d7c9290dced2cfe,77984ac044541fae3feef828b63d212a1ca390535f2f16eaf7a0eaa2726dafb4,ROLE_NEUTRAL,dgraphfin_10seed_transductive.zip,6d0167aae53b681bb7ffc037b84c723869ba718f30feb955c333890bfe8783d5,predictions/dgraphfin__transductive__gcn__seed4.csv,f4b140a3d891003ca94f128010715c30936afa497c7eba4825c91ed35d290c63,172394281,1225601,1225601,33fa2948a6eeb5e8cc511b621bc333733fce70941d200fb5753c8ff9962504c0,"{""test"":170207,""train"":947462,""validation"":107932}",VERIFIED_ROLE_NEUTRAL_BASE_ARTIFACT
dgraphfin,node_classification,transductive_structure,gcn,5,fold0,af56865e24d7d3f0daf03854b13c2f771e712b71cd65f6ea3cdd7c0d689418ec,38374dfd69ac90c729a3e234d5772be9d7deefdf38375135818ad894f85a4f47,ROLE_NEUTRAL,dgraphfin_10seed_transductive.zip,6d0167aae53b681bb7ffc037b84c723869ba718f30feb955c333890bfe8783d5,predictions/dgraphfin__transductive__gcn__seed5.csv,fea72adac7e2545465091c8eb69557fe7e93b8f2c2336df5dad30ebd8e590411,172393641,1225601,1225601,c1213dd239dc794228d6d7d9f9c925b3f3f276e51448027073cf26bac317fd53,"{""test"":170207,""train"":947462,""validation"":107932}",VERIFIED_ROLE_NEUTRAL_BASE_ARTIFACT
dgraphfin,node_classification,transductive_structure,gcn,6,fold0,9e46c3736b86adf149ecd64d168cef2e0a69ab750920235ae24b7bb03ae87855,04399736c26bfb4a97fa5069c8312e643abf97a6fb69f6635aa671c9d2bf5b0b,ROLE_NEUTRAL,dgraphfin_10seed_transductive.zip,6d0167aae53b681bb7ffc037b84c723869ba718f30feb955c333890bfe8783d5,predictions/dgraphfin__transductive__gcn__seed6.csv,a51c12a63a9852e50bcb7a83de2f7db071ddab03f6e5e6d6fa9ad57697858c39,172394212,1225601,1225601,a379dadbda8890c703669927f5490b63bec5067e816ecadc26450f886df7bd38,"{""test"":170207,""train"":947462,""validation"":107932}",VERIFIED_ROLE_NEUTRAL_BASE_ARTIFACT
dgraphfin,node_classification,transductive_structure,gcn,7,fold0,9e8f97b640ccf396cf195a2983d00e81945acccf94ff5b861dcf7a970624f7e2,e6933b5fd7069889bd7746a7fc961463160a4b74a2de5926e64f2e5eb84224c6,ROLE_NEUTRAL,dgraphfin_10seed_transductive.zip,6d0167aae53b681bb7ffc037b84c723869ba718f30feb955c333890bfe8783d5,predictions/dgraphfin__transductive__gcn__seed7.csv,422569614a6a2ddde45b37509bea39e445c37aa8f703e94949741208fe42668a,172393704,1225601,1225601,4fd6cf84a845d0dcbb284e18a0a4be99ea4b5ee8d343299960d531da13a0456f,"{""test"":170207,""train"":947462,""validation"":107932}",VERIFIED_ROLE_NEUTRAL_BASE_ARTIFACT
dgraphfin,node_classification,transductive_structure,gcn,8,fold0,68094eb4a9291572a347b166ec8f4b1995f2312ae337e6d3db942fe6d0bb5edb,0fbd82df93d4e44434cc89e48c3fe6cdbd6a25c7381e7ace31c6690102843d7e,ROLE_NEUTRAL,dgraphfin_10seed_transductive.zip,6d0167aae53b681bb7ffc037b84c723869ba718f30feb955c333890bfe8783d5,predictions/dgraphfin__transductive__gcn__seed8.csv,4d38e02c698737d83f336dae41acd7fa6103961fbfa3117473f4038b7ab04873,172394152,1225601,1225601,fc02cc647b34cb4e9ff557c048f2c4d991a16aaab3b8ba07bc2211e37faf02aa,"{""test"":170207,""train"":947462,""validation"":107932}",VERIFIED_ROLE_NEUTRAL_BASE_ARTIFACT
dgraphfin,node_classification,transductive_structure,gcn,9,fold0,87fcdcc0771cbe23126f76b94031dc49887ce42fe4743ceb1b21e728d8415ac9,ec03fafea669ab759e96f7d317bcfacf3951103808935a718e448cf54022f340,ROLE_NEUTRAL,dgraphfin_10seed_transductive.zip,6d0167aae53b681bb7ffc037b84c723869ba718f30feb955c333890bfe8783d5,predictions/dgraphfin__transductive__gcn__seed9.csv,2638ef387f68297d9dc05c43a7417b3d2eb8f37438c18a2ba7199514fff09375,172393600,1225601,1225601,7b85dfa951e232dbf7fd38257870675f1a7e26c430bc9c4fe37cf4eea2ea28ae,"{""test"":170207,""train"":947462,""validation"":107932}",VERIFIED_ROLE_NEUTRAL_BASE_ARTIFACT
dgraphfin,node_classification,transductive_structure,gcn,10,fold0,0102af18030a075ac95d73c7effde3f764db57af2409883c8c2a1fc0c779e378,dfead6b2a34edf585e720318053d57e0ba2794d2345b1bd1f1092c38345c3936,ROLE_NEUTRAL,dgraphfin_10seed_transductive.zip,6d0167aae53b681bb7ffc037b84c723869ba718f30feb955c333890bfe8783d5,predictions/dgraphfin__transductive__gcn__seed10.csv,135336a39ce60174793a6be897c91e737ec760e1e2fd6ef995fc2487e21bac06,174845003,1225601,1225601,51a8b4b8e1f4acda6cef0fc7476559faa2fb54279a229b655da857a40a7eae10,"{""test"":170207,""train"":947462,""validation"":107932}",VERIFIED_ROLE_NEUTRAL_BASE_ARTIFACT
dgraphfin,node_classification,transductive_structure,graphsage,1,fold0,a3be05e87fe57d0c626586db103173d67105293a47cd32196c29cdeda68d7428,e1f28fde8d65c690e3f465d8a7143fa9d0fb9b4ad4b3ca44dee519b844132f2e,ROLE_NEUTRAL,dgraphfin_10seed_transductive.zip,6d0167aae53b681bb7ffc037b84c723869ba718f30feb955c333890bfe8783d5,predictions/dgraphfin__transductive__sage__seed1.csv,797ae64689c536af02c7d6a46308b80fe9917fc8c73388aa0c02a8318c1239e1,174844948,1225601,1225601,09fdcfd35c3ec603baa9d69ff9f3921ffb540a284e5b3a8f4b2b589f844d5ff0,"{""test"":170207,""train"":947462,""validation"":107932}",VERIFIED_ROLE_NEUTRAL_BASE_ARTIFACT
dgraphfin,node_classification,transductive_structure,graphsage,2,fold0,d62648597292da1a76d55488f67e8fbaf6f87f0c404a643984a256903e29fef1,efb2ee3e578940c874107920800d1c3f56324ce0215a2dcbf3351555a8f24bfa,ROLE_NEUTRAL,dgraphfin_10seed_transductive.zip,6d0167aae53b681bb7ffc037b84c723869ba718f30feb955c333890bfe8783d5,predictions/dgraphfin__transductive__sage__seed2.csv,bcc44cb248387bb1e9f8c1dd4176b8c9bbcdb77fc117567df60204a71ece5c81,174845256,1225601,1225601,64a18b2d450047c2c49cc0b61212784290f032e87fcff1ecc68bfcc5575581ef,"{""test"":170207,""train"":947462,""validation"":107932}",VERIFIED_ROLE_NEUTRAL_BASE_ARTIFACT
dgraphfin,node_classification,transductive_structure,graphsage,3,fold0,73f3a4c6225ca4ec13d271c3019eaf7eae1775332d8616bcd133849edd6e5d6e,9dd96e68c38cfb84aa355a38214321c6bf74959c9fde015380f7b3b0a550aa2b,ROLE_NEUTRAL,dgraphfin_10seed_transductive.zip,6d0167aae53b681bb7ffc037b84c723869ba718f30feb955c333890bfe8783d5,predictions/dgraphfin__transductive__sage__seed3.csv,c024dabe470bcbd3f0fe88313db271cb9757a7b6cd7b7983645558f1d6b32bcd,174845491,1225601,1225601,cc8f16f843f3ab95d143d79c85e62deb1e760a5d2ac18fd98916cfcac4d91fa3,"{""test"":170207,""train"":947462,""validation"":107932}",VERIFIED_ROLE_NEUTRAL_BASE_ARTIFACT
dgraphfin,node_classification,transductive_structure,graphsage,4,fold0,74a1dd5ebaddb6b540a28bf8100978d40a26537a6398db7acbbb7a7b9d9d106a,9f76fd88c1ed660eda98aa9ba624bb768a41c14d8a890e684066df1e087aa26b,ROLE_NEUTRAL,dgraphfin_10seed_transductive.zip,6d0167aae53b681bb7ffc037b84c723869ba718f30feb955c333890bfe8783d5,predictions/dgraphfin__transductive__sage__seed4.csv,2fae69aa5bd5f3edfe1fdc77b4e67627df838d95f9d4ca17159d878890fed12c,174845183,1225601,1225601,33fa2948a6eeb5e8cc511b621bc333733fce70941d200fb5753c8ff9962504c0,"{""test"":170207,""train"":947462,""validation"":107932}",VERIFIED_ROLE_NEUTRAL_BASE_ARTIFACT
dgraphfin,node_classification,transductive_structure,graphsage,5,fold0,728d1a268b3c6eef3ffbd8fca6fbac54786072c8d59f0b1e044378cb48a6c6e3,761b4288094404d27b9c0be2728c7b687042cd1d7ac617f00dd0550507fc885c,ROLE_NEUTRAL,dgraphfin_10seed_transductive.zip,6d0167aae53b681bb7ffc037b84c723869ba718f30feb955c333890bfe8783d5,predictions/dgraphfin__transductive__sage__seed5.csv,02bcad7bfcbc03d130fef73c1177c5e17d57f20f2fd081af8fb89c06df475a9d,174845075,1225601,1225601,c1213dd239dc794228d6d7d9f9c925b3f3f276e51448027073cf26bac317fd53,"{""test"":170207,""train"":947462,""validation"":107932}",VERIFIED_ROLE_NEUTRAL_BASE_ARTIFACT
dgraphfin,node_classification,transductive_structure,graphsage,6,fold0,407a7360eb3441fdc5281d687a7cdca38ae81cb2c28fb2f479f6d9b8cb0e64a0,a0c9aeb0553baeba3130318591af8aa634cb7c2aaee42fc88cdac776e3235f99,ROLE_NEUTRAL,dgraphfin_10seed_transductive.zip,6d0167aae53b681bb7ffc037b84c723869ba718f30feb955c333890bfe8783d5,predictions/dgraphfin__transductive__sage__seed6.csv,d1b9ca475554b6398156581b8201a02d75f7fdf12ce42967776304f9cc36e231,174845651,1225601,1225601,a379dadbda8890c703669927f5490b63bec5067e816ecadc26450f886df7bd38,"{""test"":170207,""train"":947462,""validation"":107932}",VERIFIED_ROLE_NEUTRAL_BASE_ARTIFACT
dgraphfin,node_classification,transductive_structure,graphsage,7,fold0,59c7550c6119364fe789dbe093501b3d459df4865465e00519d311ae07a0d3d7,59a62bbfbcae08f5617c0ae45da455e867f03212d18334ced94c52390f2f1c85,ROLE_NEUTRAL,dgraphfin_10seed_transductive.zip,6d0167aae53b681bb7ffc037b84c723869ba718f30feb955c333890bfe8783d5,predictions/dgraphfin__transductive__sage__seed7.csv,6aa930292cdeea18148f2b93dd910ec67dae5e42302d42e429b9b18dc9cc733c,174845471,1225601,1225601,4fd6cf84a845d0dcbb284e18a0a4be99ea4b5ee8d343299960d531da13a0456f,"{""test"":170207,""train"":947462,""validation"":107932}",VERIFIED_ROLE_NEUTRAL_BASE_ARTIFACT
dgraphfin,node_classification,transductive_structure,graphsage,8,fold0,dfb1b241d3cb1565d89d02cb35aaaaa8053eda073933cc34247d928142e9f047,19256c764b1d15d4c409ce3bed5ee92b3efe25abce1780ce20bb697b1891a6ca,ROLE_NEUTRAL,dgraphfin_10seed_transductive.zip,6d0167aae53b681bb7ffc037b84c723869ba718f30feb955c333890bfe8783d5,predictions/dgraphfin__transductive__sage__seed8.csv,8dd098f89447ccc8889dbc037ba4178a5dc38ec53fde77f6a282be26750a7c60,174845662,1225601,1225601,fc02cc647b34cb4e9ff557c048f2c4d991a16aaab3b8ba07bc2211e37faf02aa,"{""test"":170207,""train"":947462,""validation"":107932}",VERIFIED_ROLE_NEUTRAL_BASE_ARTIFACT
dgraphfin,node_classification,transductive_structure,graphsage,9,fold0,10495742df1aaf11158b31ff4b774840704ec03f376a1d33bce2695183024871,73e2cc60a41ed6b67e6cfd32e15981e67a09b1bb53af63ccc9221e278ceddfdc,ROLE_NEUTRAL,dgraphfin_10seed_transductive.zip,6d0167aae53b681bb7ffc037b84c723869ba718f30feb955c333890bfe8783d5,predictions/dgraphfin__transductive__sage__seed9.csv,ce495ddb36904e1f2bf754e9e0da7c6a2f42c80f91ae7eb9066604e9caf7db5b,174845019,1225601,1225601,7b85dfa951e232dbf7fd38257870675f1a7e26c430bc9c4fe37cf4eea2ea28ae,"{""test"":170207,""train"":947462,""validation"":107932}",VERIFIED_ROLE_NEUTRAL_BASE_ARTIFACT
dgraphfin,node_classification,transductive_structure,graphsage,10,fold0,c556d3a94d4190b27c05502e5931d1900a3192ad1b032ae88d5bf6bae8489e12,dce2c4a696be3de57d066a1b30faf0cacd30b3da4e50f818f5b2117b88274598,ROLE_NEUTRAL,dgraphfin_10seed_transductive.zip,6d0167aae53b681bb7ffc037b84c723869ba718f30feb955c333890bfe8783d5,predictions/dgraphfin__transductive__sage__seed10.csv,b31143e8c5f4159ea0214106e48374b3fc15605461baa2e19057aee2e1f99dad,177295611,1225601,1225601,51a8b4b8e1f4acda6cef0fc7476559faa2fb54279a229b655da857a40a7eae10,"{""test"":170207,""train"":947462,""validation"":107932}",VERIFIED_ROLE_NEUTRAL_BASE_ARTIFACT
elliptic,node_classification,isolated_inductive,feature_mlp,1,fold0,16e17eec69eaa232e7f5439ec0cba60d3d2365b1ab4d0580e54b697b1fabfe18,94735c96f507aa8e8fa5b65d28ddb676aea223b7942e227ab24183771e2bbc07,ROLE_NEUTRAL,elliptic_10seed_inductive_isolated.zip,20f25a1f93604ea5eb8537c8808f9b69dae2fc82eccbccfd36c50c443aee94e8,predictions/elliptic__inductive_isolated__mlp__seed1.csv,8b15d22c38ec72c987d34ff5e85a0dbaa0a5fea1614210a0be59608e074b2802,6932933,46564,46564,d7ebd24cfcab1d7b3f4359339aca92972eb37987d2486c6fd901277d8c676c69,"{""test"":16670,""train"":26905,""validation"":2989}",VERIFIED_ROLE_NEUTRAL_BASE_ARTIFACT
elliptic,node_classification,isolated_inductive,feature_mlp,2,fold0,836c12477430d8fedb66454cf5f84257bb28b5705df62ea245e6c45005070268,8e988310b70ca9846a5d73630293cb6025dc912846c31857b06b0084603be559,ROLE_NEUTRAL,elliptic_10seed_inductive_isolated.zip,20f25a1f93604ea5eb8537c8808f9b69dae2fc82eccbccfd36c50c443aee94e8,predictions/elliptic__inductive_isolated__mlp__seed2.csv,f4930a02dbe61548c2d6d255464d3e70277c668d05d5c021150be0ff33a5f519,6931217,46564,46564,4b7ba1b9b84b5c76d41eea56d9560adbcf860decce83157a62d8187c5e5ba08c,"{""test"":16670,""train"":26905,""validation"":2989}",VERIFIED_ROLE_NEUTRAL_BASE_ARTIFACT
elliptic,node_classification,isolated_inductive,feature_mlp,3,fold0,f95bb21b049e142f7d6730166d9ae53ea64b11c3a76ed2124da3b7113407cfa2,46d06ea2959f959c1e11bee9acb7a253e76ccaba51740e515d5471baa848f75e,ROLE_NEUTRAL,elliptic_10seed_inductive_isolated.zip,20f25a1f93604ea5eb8537c8808f9b69dae2fc82eccbccfd36c50c443aee94e8,predictions/elliptic__inductive_isolated__mlp__seed3.csv,93fd59c622677e769c286e5abe8cf7830db0cd371e58e8a21ce240591a2ac5dd,6930754,46564,46564,d1571a167af4116f230cea40f1c350ca119585e7512cabf4df130c11291a012a,"{""test"":16670,""train"":26905,""validation"":2989}",VERIFIED_ROLE_NEUTRAL_BASE_ARTIFACT
elliptic,node_classification,isolated_inductive,feature_mlp,4,fold0,64792b5062ada49f3b8b8e728db96160a75d43fb3b7b4935055e7df68b95f4dd,0f619b97f60b917f9eec37fc5530f6013ac732fa65dc229a896861277eb6d448,ROLE_NEUTRAL,elliptic_10seed_inductive_isolated.zip,20f25a1f93604ea5eb8537c8808f9b69dae2fc82eccbccfd36c50c443aee94e8,predictions/elliptic__inductive_isolated__mlp__seed4.csv,a8cda3c5313af004d791a6097ae7dfdd7acdd8555d43f3865b6f52fed4616218,6931767,46564,46564,fb36d80b484507f616ae1d1dfa9f0129f04d85ca811df3c750639b50f6a3c8f2,"{""test"":16670,""train"":26905,""validation"":2989}",VERIFIED_ROLE_NEUTRAL_BASE_ARTIFACT
elliptic,node_classification,isolated_inductive,feature_mlp,5,fold0,7cc7513eaef30ea87190177bdf1b70ad196fb96544239b1d30ab28363fd06c7b,9d1133188a8a9a14b67a27efc89db2a22286adb6e3203a4400c8276b2ec3841a,ROLE_NEUTRAL,elliptic_10seed_inductive_isolated.zip,20f25a1f93604ea5eb8537c8808f9b69dae2fc82eccbccfd36c50c443aee94e8,predictions/elliptic__inductive_isolated__mlp__seed5.csv,a1c212456f6673f4eb1adb620ee00df671409b1c2ead8afe5a076b01d7487e21,6933443,46564,46564,184422fba79092e3a3a9ade919d1c474877e2282a2505108b7f398f952011128,"{""test"":16670,""train"":26905,""validation"":2989}",VERIFIED_ROLE_NEUTRAL_BASE_ARTIFACT
elliptic,node_classification,isolated_inductive,feature_mlp,6,fold0,4efc48eb5954dfbf1ddf316c20830251bbe3c592f1d6c0a5807b6c4617f73af4,2fda40f39479f32712b69a39aeb652e87a97a372f6fa8de229650e93be2aa8d7,ROLE_NEUTRAL,elliptic_10seed_inductive_isolated.zip,20f25a1f93604ea5eb8537c8808f9b69dae2fc82eccbccfd36c50c443aee94e8,predictions/elliptic__inductive_isolated__mlp__seed6.csv,d84586eab6d71bf39796d868b51263285015aa7db57b161296266a3ec3c13c1b,6930171,46564,46564,0fed5ce8c04dde30dffebcf3f294e45362a8f1a96000545f4d640879d0b68bfa,"{""test"":16670,""train"":26905,""validation"":2989}",VERIFIED_ROLE_NEUTRAL_BASE_ARTIFACT
elliptic,node_classification,isolated_inductive,feature_mlp,7,fold0,c6e3f6cbde68d1eda200a072ac4237435ab48efa1ad177d3a9a52c28528fe345,ff86ce4edb2ed7a5df771808a2c5b664f72562efb356a35cffc1964d822d0734,ROLE_NEUTRAL,elliptic_10seed_inductive_isolated.zip,20f25a1f93604ea5eb8537c8808f9b69dae2fc82eccbccfd36c50c443aee94e8,predictions/elliptic__inductive_isolated__mlp__seed7.csv,53845c4959f95e3c2a206dda90c6dccc99caddbb03f4156e097fcd8252239130,6935248,46564,46564,0847f37ecb9bb725c70ae34ec08faca889dfca6f94a10c7529b9c254c9454e94,"{""test"":16670,""train"":26905,""validation"":2989}",VERIFIED_ROLE_NEUTRAL_BASE_ARTIFACT
elliptic,node_classification,isolated_inductive,feature_mlp,8,fold0,6e9af7eb01976836967169ec25229405f1f9b6b8ef36f157eba22aaf53b108d3,ab23a0a636674b4709a81fcbc9c98654969767b6b2505b7564459e8c124b4703,ROLE_NEUTRAL,elliptic_10seed_inductive_isolated.zip,20f25a1f93604ea5eb8537c8808f9b69dae2fc82eccbccfd36c50c443aee94e8,predictions/elliptic__inductive_isolated__mlp__seed8.csv,129300ef234c11e5c5b6a05fe7bd379cecd0bf24584b161565dd8ccbab5c5505,6931384,46564,46564,4b0edbb7ba06a864110a0229260b15c7e048b2c132ec2092c84e017f0bc3522a,"{""test"":16670,""train"":26905,""validation"":2989}",VERIFIED_ROLE_NEUTRAL_BASE_ARTIFACT
elliptic,node_classification,isolated_inductive,feature_mlp,9,fold0,b76db7cec17279d247e8ea5ae4723a9a644e92d95cc99c6bee284aefd4d9dcd8,c60a2ccf5aadbaa551b640948dcfef108e7dc3bd56cf064445d44ec6eca6a2f4,ROLE_NEUTRAL,elliptic_10seed_inductive_isolated.zip,20f25a1f93604ea5eb8537c8808f9b69dae2fc82eccbccfd36c50c443aee94e8,predictions/elliptic__inductive_isolated__mlp__seed9.csv,6d1358d6280ce2360f02be6906ee9c3b6eb78bca2842a19a33de00ddb4ebc7e4,6933321,46564,46564,2e4486af618a40f482587bcb302d41034fc03efd95bd333684a7f9053e77c537,"{""test"":16670,""train"":26905,""validation"":2989}",VERIFIED_ROLE_NEUTRAL_BASE_ARTIFACT
elliptic,node_classification,isolated_inductive,feature_mlp,10,fold0,bb50acba9e26ad852938e16192b27ead0a9b2a064e1fd9bfda108bc39f0048cd,b517e1bf105a4013d777a6e5a79a6025709cf46f9229f69d299d8946e70f2da9,ROLE_NEUTRAL,elliptic_10seed_inductive_isolated.zip,20f25a1f93604ea5eb8537c8808f9b69dae2fc82eccbccfd36c50c443aee94e8,predictions/elliptic__inductive_isolated__mlp__seed10.csv,85745035a5368eb1323cd4ddaf5b33c8259eaed4c94c3096c115cbe8c8351545,7028051,46564,46564,b48cedc67a841e774e266a1bdc5363d4b144318f2c5d0d37dde8864122fa938f,"{""test"":16670,""train"":26905,""validation"":2989}",VERIFIED_ROLE_NEUTRAL_BASE_ARTIFACT
elliptic,node_classification,isolated_inductive,gcn,1,fold0,ee029153ccd0bc11672eea2f662e6e9a107791bb66a92b8b669d0f379be8f1ce,cd32d75366889a58d834604eee39b5d56245fcc8a499a9aa72c8c2a1ad558808,ROLE_NEUTRAL,elliptic_10seed_inductive_isolated.zip,20f25a1f93604ea5eb8537c8808f9b69dae2fc82eccbccfd36c50c443aee94e8,predictions/elliptic__inductive_isolated__gcn__seed1.csv,29cef870b5db87df7918566a6ebe0a0fe48211f0418f148f902f392f421b5aa7,6939332,46564,46564,d7ebd24cfcab1d7b3f4359339aca92972eb37987d2486c6fd901277d8c676c69,"{""test"":16670,""train"":26905,""validation"":2989}",VERIFIED_ROLE_NEUTRAL_BASE_ARTIFACT
elliptic,node_classification,isolated_inductive,gcn,2,fold0,f8d4c65af1571a7197340c48c7a7b68abb14f322552a436dd4c57819a1e018fc,413cce68dd2304a27dac2733fb95844f48be2fd48508588b8434699620b7fcbf,ROLE_NEUTRAL,elliptic_10seed_inductive_isolated.zip,20f25a1f93604ea5eb8537c8808f9b69dae2fc82eccbccfd36c50c443aee94e8,predictions/elliptic__inductive_isolated__gcn__seed2.csv,d47c9e827447764c854c92aa43e078f2f48768f717cf1edb435b42ed58c98ad2,6932722,46564,46564,4b7ba1b9b84b5c76d41eea56d9560adbcf860decce83157a62d8187c5e5ba08c,"{""test"":16670,""train"":26905,""validation"":2989}",VERIFIED_ROLE_NEUTRAL_BASE_ARTIFACT
elliptic,node_classification,isolated_inductive,gcn,3,fold0,960fb930d657634e38cb91078ed64d107972340c874d2e287792f1a7a3732e6f,195460b50a13791da65ec5e5f641b69fd64ceed4ab5f4371e95197d4a7b6f1f3,ROLE_NEUTRAL,elliptic_10seed_inductive_isolated.zip,20f25a1f93604ea5eb8537c8808f9b69dae2fc82eccbccfd36c50c443aee94e8,predictions/elliptic__inductive_isolated__gcn__seed3.csv,36efa80108295067c0dc30ba34f8a607778604c44b0084936d5142219dcc7dd1,6928886,46564,46564,d1571a167af4116f230cea40f1c350ca119585e7512cabf4df130c11291a012a,"{""test"":16670,""train"":26905,""validation"":2989}",VERIFIED_ROLE_NEUTRAL_BASE_ARTIFACT
elliptic,node_classification,isolated_inductive,gcn,4,fold0,92bbf278a2912b0f8bb26525d0153e99ad1298e4227b4be8770825557158e124,81127ab1ea9f5916e84a0f7ed5649bacf166ae39e4ddd7d4d877cc1a36807625,ROLE_NEUTRAL,elliptic_10seed_inductive_isolated.zip,20f25a1f93604ea5eb8537c8808f9b69dae2fc82eccbccfd36c50c443aee94e8,predictions/elliptic__inductive_isolated__gcn__seed4.csv,530428ae3e86a3a76852a2a95306619d838fdd495d914997ae9ef42c12eb1775,6924424,46564,46564,fb36d80b484507f616ae1d1dfa9f0129f04d85ca811df3c750639b50f6a3c8f2,"{""test"":16670,""train"":26905,""validation"":2989}",VERIFIED_ROLE_NEUTRAL_BASE_ARTIFACT
elliptic,node_classification,isolated_inductive,gcn,5,fold0,fc8ebcab24e72c52e48fc0fc5040bf0913525e0211b12a5c848627a7c6a4fd30,d0dc3b7d641e2c7eaea90f0f9f56086813c5f9d3fa6c21117610506b97c856c4,ROLE_NEUTRAL,elliptic_10seed_inductive_isolated.zip,20f25a1f93604ea5eb8537c8808f9b69dae2fc82eccbccfd36c50c443aee94e8,predictions/elliptic__inductive_isolated__gcn__seed5.csv,df14ba0b4dc40a7d69978de3eb089cdb1c1e2bcec979f20c50255b211029aa19,6940209,46564,46564,184422fba79092e3a3a9ade919d1c474877e2282a2505108b7f398f952011128,"{""test"":16670,""train"":26905,""validation"":2989}",VERIFIED_ROLE_NEUTRAL_BASE_ARTIFACT
elliptic,node_classification,isolated_inductive,gcn,6,fold0,9bbecf623a1014267b04e8f962047d196ec38e46097cdfb8dd89a4d356304028,2186b8b04c85310ab736d732874e80b45377545f1c04db984602e80495a2df67,ROLE_NEUTRAL,elliptic_10seed_inductive_isolated.zip,20f25a1f93604ea5eb8537c8808f9b69dae2fc82eccbccfd36c50c443aee94e8,predictions/elliptic__inductive_isolated__gcn__seed6.csv,b426d26e21a2afa5cf2fec6894da9e0f3cf85c64086a1ee9c09efbbdf941b1d6,6925389,46564,46564,0fed5ce8c04dde30dffebcf3f294e45362a8f1a96000545f4d640879d0b68bfa,"{""test"":16670,""train"":26905,""validation"":2989}",VERIFIED_ROLE_NEUTRAL_BASE_ARTIFACT
elliptic,node_classification,isolated_inductive,gcn,7,fold0,0aa5c3704989735ce8ff0e6dc3e311746b1d9739d1e400cbce8cbe600711dbf9,fd51fe7fb353a08b9120c807e041b50fb297a9703a15708880438d029644de52,ROLE_NEUTRAL,elliptic_10seed_inductive_isolated.zip,20f25a1f93604ea5eb8537c8808f9b69dae2fc82eccbccfd36c50c443aee94e8,predictions/elliptic__inductive_isolated__gcn__seed7.csv,c06ce78925fd58135ad91903d6a09ca5680abf3df946bf5ed5c5e0c15a4a89de,6925542,46564,46564,0847f37ecb9bb725c70ae34ec08faca889dfca6f94a10c7529b9c254c9454e94,"{""test"":16670,""train"":26905,""validation"":2989}",VERIFIED_ROLE_NEUTRAL_BASE_ARTIFACT
elliptic,node_classification,isolated_inductive,gcn,8,fold0,ca1436c560eb08fa7947b3d74fcc112a2f7332f1103cd41b8ca720c4fbed3ce6,82c6536842f1f0a94975cc2f36ec22aaf879a8f5319a255cd610663cebcb15be,ROLE_NEUTRAL,elliptic_10seed_inductive_isolated.zip,20f25a1f93604ea5eb8537c8808f9b69dae2fc82eccbccfd36c50c443aee94e8,predictions/elliptic__inductive_isolated__gcn__seed8.csv,8876048a79d3db3ecebff9ba531c10bb02e2e794e1adfdbd843266b455100093,6926859,46564,46564,4b0edbb7ba06a864110a0229260b15c7e048b2c132ec2092c84e017f0bc3522a,"{""test"":16670,""train"":26905,""validation"":2989}",VERIFIED_ROLE_NEUTRAL_BASE_ARTIFACT
elliptic,node_classification,isolated_inductive,gcn,9,fold0,d0acde552bde3a867bfd77068cdb13a235bbe2eb3bedf2c91f4ff806ba16434a,0d47ad45643966b7d6683135f19732b1537553a484ff5e360a1843f1bba5e4b5,ROLE_NEUTRAL,elliptic_10seed_inductive_isolated.zip,20f25a1f93604ea5eb8537c8808f9b69dae2fc82eccbccfd36c50c443aee94e8,predictions/elliptic__inductive_isolated__gcn__seed9.csv,4e7fcf7d75984f684af1e57309b777ff45db042ad8a55923c515b42be5d52916,6925100,46564,46564,2e4486af618a40f482587bcb302d41034fc03efd95bd333684a7f9053e77c537,"{""test"":16670,""train"":26905,""validation"":2989}",VERIFIED_ROLE_NEUTRAL_BASE_ARTIFACT
elliptic,node_classification,isolated_inductive,gcn,10,fold0,ee4833898e118c8e67ca508e7b6d1f134aa4a81019071e54795602d469ab3ea5,7b30083a1c18580bf4bdebb70da27e0ed2f0b5412638788f18cee6e632f3ff50,ROLE_NEUTRAL,elliptic_10seed_inductive_isolated.zip,20f25a1f93604ea5eb8537c8808f9b69dae2fc82eccbccfd36c50c443aee94e8,predictions/elliptic__inductive_isolated__gcn__seed10.csv,54f89533ee8afdc5f927b788d6ee70bd11bbb4ca99208267c8eb98d81f50e566,7018199,46564,46564,b48cedc67a841e774e266a1bdc5363d4b144318f2c5d0d37dde8864122fa938f,"{""test"":16670,""train"":26905,""validation"":2989}",VERIFIED_ROLE_NEUTRAL_BASE_ARTIFACT
elliptic,node_classification,isolated_inductive,graphsage,1,fold0,0aef2b2e82ceb2d0c5eebe81d8ce5e60981051072d72a511f65518d4ffaeab3f,c368d562248afe7926f27d63dad54322cf75c133bbe23384e936da25c4940836,ROLE_NEUTRAL,elliptic_10seed_inductive_isolated.zip,20f25a1f93604ea5eb8537c8808f9b69dae2fc82eccbccfd36c50c443aee94e8,predictions/elliptic__inductive_isolated__sage__seed1.csv,f3a505191a8126566b8e822083b9576cbccaa274f951d84c987144345071b907,7051785,46564,46564,d7ebd24cfcab1d7b3f4359339aca92972eb37987d2486c6fd901277d8c676c69,"{""test"":16670,""train"":26905,""validation"":2989}",VERIFIED_ROLE_NEUTRAL_BASE_ARTIFACT
elliptic,node_classification,isolated_inductive,graphsage,2,fold0,7942161b606b38cad5c6684f3412d7169bef94000311037aad02c2c6ba3f0175,60f4a62785da1079b1d3a57d0771992c5f572c195da1f74e43e06ccf74344ab2,ROLE_NEUTRAL,elliptic_10seed_inductive_isolated.zip,20f25a1f93604ea5eb8537c8808f9b69dae2fc82eccbccfd36c50c443aee94e8,predictions/elliptic__inductive_isolated__sage__seed2.csv,b8e9063dd7573ca43aa8bbce7aefe0e5f1c1e1e1d4ea2fed865648eb51baee0a,7051420,46564,46564,4b7ba1b9b84b5c76d41eea56d9560adbcf860decce83157a62d8187c5e5ba08c,"{""test"":16670,""train"":26905,""validation"":2989}",VERIFIED_ROLE_NEUTRAL_BASE_ARTIFACT
elliptic,node_classification,isolated_inductive,graphsage,3,fold0,7a08ffcd64d7582fe380616b1911635c90a7d9df60af400a7c453812d3792f7e,cce465f98ac71c9f9358ef3f4da9dff9788952801907a9a24bda2b0a53a0e4e5,ROLE_NEUTRAL,elliptic_10seed_inductive_isolated.zip,20f25a1f93604ea5eb8537c8808f9b69dae2fc82eccbccfd36c50c443aee94e8,predictions/elliptic__inductive_isolated__sage__seed3.csv,2b00cefe352c805c93913fe64bd1ea9f8c2491fae9501ac66d0a2c62fc2f9dc6,7052026,46564,46564,d1571a167af4116f230cea40f1c350ca119585e7512cabf4df130c11291a012a,"{""test"":16670,""train"":26905,""validation"":2989}",VERIFIED_ROLE_NEUTRAL_BASE_ARTIFACT
elliptic,node_classification,isolated_inductive,graphsage,4,fold0,530a58845e8bb3bea44f136ace941f014a43a81dcb879a88505fba898b002c45,17d061f445188ad9b8ead3f9ff3fcb079b30e5d52ef8869a5835b4c9b9576cc5,ROLE_NEUTRAL,elliptic_10seed_inductive_isolated.zip,20f25a1f93604ea5eb8537c8808f9b69dae2fc82eccbccfd36c50c443aee94e8,predictions/elliptic__inductive_isolated__sage__seed4.csv,19bd445fae7d4275e07a71dd75d7566631d6039c9d4806c4beb515f47310cf39,7049803,46564,46564,fb36d80b484507f616ae1d1dfa9f0129f04d85ca811df3c750639b50f6a3c8f2,"{""test"":16670,""train"":26905,""validation"":2989}",VERIFIED_ROLE_NEUTRAL_BASE_ARTIFACT
elliptic,node_classification,isolated_inductive,graphsage,5,fold0,9c6359637b832d135773cd2eb758bbd4629e7b2b24194bdc6fc8508b8c582ff5,31a25f2fd3bcd99707e8bc3d53968db19926455280a00c8321d909c6860c6595,ROLE_NEUTRAL,elliptic_10seed_inductive_isolated.zip,20f25a1f93604ea5eb8537c8808f9b69dae2fc82eccbccfd36c50c443aee94e8,predictions/elliptic__inductive_isolated__sage__seed5.csv,38ce459521d8f511c7a0c4dce4ddc445b01d49d9a72c2f841271eeefa9d69255,7045744,46564,46564,184422fba79092e3a3a9ade919d1c474877e2282a2505108b7f398f952011128,"{""test"":16670,""train"":26905,""validation"":2989}",VERIFIED_ROLE_NEUTRAL_BASE_ARTIFACT
elliptic,node_classification,isolated_inductive,graphsage,6,fold0,183635a5912e6f32b5628c7fd95e8014cbf3e26f2ad3de64abaad3bc82f8f183,85aff2dace9c219448a32271c24bbcaf4e71f4536ab4313b60eabf3471e4c579,ROLE_NEUTRAL,elliptic_10seed_inductive_isolated.zip,20f25a1f93604ea5eb8537c8808f9b69dae2fc82eccbccfd36c50c443aee94e8,predictions/elliptic__inductive_isolated__sage__seed6.csv,f192938fbb0e5076e850c62e31f7262a1f4f466a5844184d8798b393f2445f41,7049850,46564,46564,0fed5ce8c04dde30dffebcf3f294e45362a8f1a96000545f4d640879d0b68bfa,"{""test"":16670,""train"":26905,""validation"":2989}",VERIFIED_ROLE_NEUTRAL_BASE_ARTIFACT
elliptic,node_classification,isolated_inductive,graphsage,7,fold0,ca0e2769d397b7a6f21345517073a8edcc824b6a8ca6ade0b217dd98830ea235,83522f4814fa6a4811da5273c9f4f35d8d49443f9f6b86ee260bb12797fb348e,ROLE_NEUTRAL,elliptic_10seed_inductive_isolated.zip,20f25a1f93604ea5eb8537c8808f9b69dae2fc82eccbccfd36c50c443aee94e8,predictions/elliptic__inductive_isolated__sage__seed7.csv,2298db32e1737f32abda3de308ed6ab852ddbf5ae97bfe0eafba2d8ed972a49d,7051446,46564,46564,0847f37ecb9bb725c70ae34ec08faca889dfca6f94a10c7529b9c254c9454e94,"{""test"":16670,""train"":26905,""validation"":2989}",VERIFIED_ROLE_NEUTRAL_BASE_ARTIFACT
elliptic,node_classification,isolated_inductive,graphsage,8,fold0,e69f98f51516ca8fdad5d8c15ab11e78a9fb9dda3cf79de5de2d75731d7f66c4,0cff486b8c32a75c819d046050d9b6755cf8be42e0b9d3a7c3e8f2302da6fe1c,ROLE_NEUTRAL,elliptic_10seed_inductive_isolated.zip,20f25a1f93604ea5eb8537c8808f9b69dae2fc82eccbccfd36c50c443aee94e8,predictions/elliptic__inductive_isolated__sage__seed8.csv,f789586a415bcadc84fc0a4970c9d30c72ac382fd78d8e663a541d8837cfadb6,7052145,46564,46564,4b0edbb7ba06a864110a0229260b15c7e048b2c132ec2092c84e017f0bc3522a,"{""test"":16670,""train"":26905,""validation"":2989}",VERIFIED_ROLE_NEUTRAL_BASE_ARTIFACT
elliptic,node_classification,isolated_inductive,graphsage,9,fold0,60da44482946090779f942dc8f2420923fc0b0afc1139039f4ada8192d1ffcb8,a004a6c78cc3a8e1811c16db8703ba2b0c2a4850e4c069f5d56f7b080b202a5d,ROLE_NEUTRAL,elliptic_10seed_inductive_isolated.zip,20f25a1f93604ea5eb8537c8808f9b69dae2fc82eccbccfd36c50c443aee94e8,predictions/elliptic__inductive_isolated__sage__seed9.csv,9837d51f92a21661416d2ea29b1b15fd2e664edd5764b604175b95ebc464ce6a,7050012,46564,46564,2e4486af618a40f482587bcb302d41034fc03efd95bd333684a7f9053e77c537,"{""test"":16670,""train"":26905,""validation"":2989}",VERIFIED_ROLE_NEUTRAL_BASE_ARTIFACT
elliptic,node_classification,isolated_inductive,graphsage,10,fold0,4e4e80410c602cbfbbf969b8c656227907b15e195496d638bfc77e21560e47b2,073dece822be9744551cadc0cc1d37bc75013aaaffdde484eb0536853e9dcf54,ROLE_NEUTRAL,elliptic_10seed_inductive_isolated.zip,20f25a1f93604ea5eb8537c8808f9b69dae2fc82eccbccfd36c50c443aee94e8,predictions/elliptic__inductive_isolated__sage__seed10.csv,107d54a29ab30d65b4d9a357c38fe385165df7263032a1fe5f2ed1a513aa3780,7146435,46564,46564,b48cedc67a841e774e266a1bdc5363d4b144318f2c5d0d37dde8864122fa938f,"{""test"":16670,""train"":26905,""validation"":2989}",VERIFIED_ROLE_NEUTRAL_BASE_ARTIFACT
elliptic,node_classification,strict_inductive,feature_mlp,1,fold0,7dcfe709dd044b65932327804556541b6dc1a6cab2d68ebb2cd6842d66dccec8,63efbdd2e326dab3a120e43a9824553b25e76154206ed0ea8c0c0d2c386d9f8d,ROLE_NEUTRAL,elliptic_10seed_strict_inductive.zip,24752f5ffdc082dc79ca5084701fccd04d2ac9588b4b15712598bdfe8daa1e4a,predictions/elliptic__strict_inductive__mlp__seed1.csv,3bbbdfe978f76c0f0b0604447488e4c978cb287401cfbcfb9a686836ae154124,6746677,46564,46564,5eb85e89f6eddc5c1e738c09194096acea9b3c2dd9212f8ce446c8004c2d0f28,"{""test"":16670,""train"":26905,""validation"":2989}",VERIFIED_ROLE_NEUTRAL_BASE_ARTIFACT
elliptic,node_classification,strict_inductive,feature_mlp,2,fold0,ea69dac0012c9481a31ef6f8dc512df9990143fc83e3d5f00ff0053a5cafd0fb,7d7af38cd6f0e630c2fb4f10e5d9b160c057216e3f1bd4cffa0e6fff5ec3ec9b,ROLE_NEUTRAL,elliptic_10seed_strict_inductive.zip,24752f5ffdc082dc79ca5084701fccd04d2ac9588b4b15712598bdfe8daa1e4a,predictions/elliptic__strict_inductive__mlp__seed2.csv,3e464f03b38377e4faf107ee6bad09ecda59b7f074fcf6da56b494a10767df3b,6744961,46564,46564,56c0476f7bbc967623f74d481f8b160901f0bf71b7f292c77fd3ef7aca7e825b,"{""test"":16670,""train"":26905,""validation"":2989}",VERIFIED_ROLE_NEUTRAL_BASE_ARTIFACT
elliptic,node_classification,strict_inductive,feature_mlp,3,fold0,cb261392c80665327080dffe40feb95c8755e7b598042d512362540cf4738d04,3d6992187e354f6c7049b76cb0eca1545379bfc53ad50002a0242a11e7310ad0,ROLE_NEUTRAL,elliptic_10seed_strict_inductive.zip,24752f5ffdc082dc79ca5084701fccd04d2ac9588b4b15712598bdfe8daa1e4a,predictions/elliptic__strict_inductive__mlp__seed3.csv,74a7a5172aae3b24e700190bae2fb400bd6b3d65f2e7fcce4d562b25aaab7706,6744498,46564,46564,b217097be130ad4324adc5fd9a62a690f7c221703ce96027a8c0361b061fb1f3,"{""test"":16670,""train"":26905,""validation"":2989}",VERIFIED_ROLE_NEUTRAL_BASE_ARTIFACT
elliptic,node_classification,strict_inductive,feature_mlp,4,fold0,8d7d67f9dd8cb9556ce3bfeabc9e654a342055d11d6558b195253916185bed0a,d87eb275bc3a64f70859550f4d9f10284354e5cc950ebe85b2382fd84bd1c0d9,ROLE_NEUTRAL,elliptic_10seed_strict_inductive.zip,24752f5ffdc082dc79ca5084701fccd04d2ac9588b4b15712598bdfe8daa1e4a,predictions/elliptic__strict_inductive__mlp__seed4.csv,50f2a1eab616bb6eb30a4157cfd8d7f9b248be9c20d291fa8cded54e6a16e20b,6745511,46564,46564,3ab725499e30c050f5f9012ce88cff7126f044cc7750913372b75d145540f215,"{""test"":16670,""train"":26905,""validation"":2989}",VERIFIED_ROLE_NEUTRAL_BASE_ARTIFACT
elliptic,node_classification,strict_inductive,feature_mlp,5,fold0,b76a0a629899e7e024469f79a5303ca819a6d748072ac5f3fdab0216ea11e35f,3c230ac0d716d8eccc270427c1999c06e5b4386848cb3ac43a0a03bcfa3458da,ROLE_NEUTRAL,elliptic_10seed_strict_inductive.zip,24752f5ffdc082dc79ca5084701fccd04d2ac9588b4b15712598bdfe8daa1e4a,predictions/elliptic__strict_inductive__mlp__seed5.csv,dbdf0b502d1505e1d00ec1a66564b3164dd03d8a8959c9eaef7151ed878b4ddf,6747187,46564,46564,82dcb0dde820a8331df984dac6fb4da6900ac5dbe6e2f721c9cfb1423a49cca1,"{""test"":16670,""train"":26905,""validation"":2989}",VERIFIED_ROLE_NEUTRAL_BASE_ARTIFACT
elliptic,node_classification,strict_inductive,feature_mlp,6,fold0,5f07e52e3369933ff796d4291649444b15bf4ef64792c46e0e6687afd83d1623,8e42adcd27af14d6182b2469a4c5c9f042728ced55526981aa3048f4df2f206e,ROLE_NEUTRAL,elliptic_10seed_strict_inductive.zip,24752f5ffdc082dc79ca5084701fccd04d2ac9588b4b15712598bdfe8daa1e4a,predictions/elliptic__strict_inductive__mlp__seed6.csv,99772dad0dd2ca5abb1d20aabbf8c07cc3b636eb336ff1237087f6f8138377af,6743915,46564,46564,ce8a4df4ee02c21a18632b3fe83005248a6ac6afab98ac1ae1d4d5c6842d278d,"{""test"":16670,""train"":26905,""validation"":2989}",VERIFIED_ROLE_NEUTRAL_BASE_ARTIFACT
elliptic,node_classification,strict_inductive,feature_mlp,7,fold0,dae43e4a26bcde3a091f38e1d2065970e00cf8c1dfa8a588822f2d0ce0539e08,eef7ae3fb3397cef85adac4d288d1ee2b7b355f47917ad6ceff73e7cafa203a6,ROLE_NEUTRAL,elliptic_10seed_strict_inductive.zip,24752f5ffdc082dc79ca5084701fccd04d2ac9588b4b15712598bdfe8daa1e4a,predictions/elliptic__strict_inductive__mlp__seed7.csv,9a809ce9fd5cfd118dcb875b95b0d380144cecea833eac556f4a20d1878ddae2,6748992,46564,46564,c91c0526edf0fe0d75558167f02d9a2417e2d5d10293b74c40022300e35c0467,"{""test"":16670,""train"":26905,""validation"":2989}",VERIFIED_ROLE_NEUTRAL_BASE_ARTIFACT
elliptic,node_classification,strict_inductive,feature_mlp,8,fold0,f88fc8784787f54a41ce60eabba47e56430035ed39375c79e2f9bff6f3762020,88c358d600aa1721eaa52a7b4118876e30a37fb833dfb38d8e82a8167a120b51,ROLE_NEUTRAL,elliptic_10seed_strict_inductive.zip,24752f5ffdc082dc79ca5084701fccd04d2ac9588b4b15712598bdfe8daa1e4a,predictions/elliptic__strict_inductive__mlp__seed8.csv,493afdfc7fb626c1dc6ba8fa33f0d685f4b8a4d723a29dd964df59a3e029acf1,6745128,46564,46564,de8e57533ee5099613085d512ab20a5e57e8f964cd1bf868427577a2887871df,"{""test"":16670,""train"":26905,""validation"":2989}",VERIFIED_ROLE_NEUTRAL_BASE_ARTIFACT
elliptic,node_classification,strict_inductive,feature_mlp,9,fold0,5fe7faaab6618fa32997e15b6bd7a509889f900a179fe7e3fd83e6fbee08b8ba,946bb0ca5452e0ec3a0323d6856c2ffc97e5cfd3464903375427faef1d5d40fc,ROLE_NEUTRAL,elliptic_10seed_strict_inductive.zip,24752f5ffdc082dc79ca5084701fccd04d2ac9588b4b15712598bdfe8daa1e4a,predictions/elliptic__strict_inductive__mlp__seed9.csv,ace9405c4eee07bc45a1e33e58476c643e072a3722ae942bd2bebb113afa28bc,6747065,46564,46564,13c36341c5cc6fa528aa39aaa2a4ccd5b18cf019affd77e1bb2db11d0f433bb8,"{""test"":16670,""train"":26905,""validation"":2989}",VERIFIED_ROLE_NEUTRAL_BASE_ARTIFACT
elliptic,node_classification,strict_inductive,feature_mlp,10,fold0,7d1ebd9c2ae7bec283a826f45e454da28cff3912c9be7481f45bf8b8d5ac1185,8162896b2e23d4fda82b4db318fc002c43d0cb5dbb1e236c10b003332659abbd,ROLE_NEUTRAL,elliptic_10seed_strict_inductive.zip,24752f5ffdc082dc79ca5084701fccd04d2ac9588b4b15712598bdfe8daa1e4a,predictions/elliptic__strict_inductive__mlp__seed10.csv,39060cc3d84c2a53e36aa7ae585f332ac41df3a2e31b05122c707e3dfc9aed9e,6841795,46564,46564,b6aa22912e51cd6d238af8d27cf390ef43fff9afcf6d2f51c6bc619d2c0a5ef6,"{""test"":16670,""train"":26905,""validation"":2989}",VERIFIED_ROLE_NEUTRAL_BASE_ARTIFACT
elliptic,node_classification,strict_inductive,gcn,1,fold0,7dbd3718c9680798ae3a179ef39b2b9fd59423fa1af71f26515894ba4562e649,a9d4f68e6480897c8bfb9cb36f300778db0724e7e2a722b8500d6e8191ddf579,ROLE_NEUTRAL,elliptic_10seed_strict_inductive.zip,24752f5ffdc082dc79ca5084701fccd04d2ac9588b4b15712598bdfe8daa1e4a,predictions/elliptic__strict_inductive__gcn__seed1.csv,20e4dc0012b752b1fcf6105b5344be63795680fc035040d59ef12eeeab53ebde,6750587,46564,46564,5eb85e89f6eddc5c1e738c09194096acea9b3c2dd9212f8ce446c8004c2d0f28,"{""test"":16670,""train"":26905,""validation"":2989}",VERIFIED_ROLE_NEUTRAL_BASE_ARTIFACT
elliptic,node_classification,strict_inductive,gcn,2,fold0,e02570a0d493d604704523c99c7e7d4a4b5b9802c2773b69b94bb5580a1c3e70,289deea330f3c664e541fac536eb1272eb61c7be43ec666c583491ac7aacdf0e,ROLE_NEUTRAL,elliptic_10seed_strict_inductive.zip,24752f5ffdc082dc79ca5084701fccd04d2ac9588b4b15712598bdfe8daa1e4a,predictions/elliptic__strict_inductive__gcn__seed2.csv,fc895b00b84b42d52f46b1f867940caf395deb5e6c819cdaec1b32fa1af92fe8,6749814,46564,46564,56c0476f7bbc967623f74d481f8b160901f0bf71b7f292c77fd3ef7aca7e825b,"{""test"":16670,""train"":26905,""validation"":2989}",VERIFIED_ROLE_NEUTRAL_BASE_ARTIFACT
elliptic,node_classification,strict_inductive,gcn,3,fold0,9862792a2c3b130795585d5e2ab571ff0fae898332800fadf19fe2faa483f506,392909e80050f08de4ff62cd6601c985432dd2e0a219cad3d0b76e9029481b81,ROLE_NEUTRAL,elliptic_10seed_strict_inductive.zip,24752f5ffdc082dc79ca5084701fccd04d2ac9588b4b15712598bdfe8daa1e4a,predictions/elliptic__strict_inductive__gcn__seed3.csv,675e5948fa20545e2865c7219971665d73712433b262ff906562aebefbabdf2a,6748395,46564,46564,b217097be130ad4324adc5fd9a62a690f7c221703ce96027a8c0361b061fb1f3,"{""test"":16670,""train"":26905,""validation"":2989}",VERIFIED_ROLE_NEUTRAL_BASE_ARTIFACT
elliptic,node_classification,strict_inductive,gcn,4,fold0,66cd63ce5ed06c7afec540df7e29bf73d7c53f0b5db9fe906c058c9e57402d1f,b39e3726f4ebae4276309ac21be3b8e7313867047ac88dc43e14e3ff3c8fdc94,ROLE_NEUTRAL,elliptic_10seed_strict_inductive.zip,24752f5ffdc082dc79ca5084701fccd04d2ac9588b4b15712598bdfe8daa1e4a,predictions/elliptic__strict_inductive__gcn__seed4.csv,99c7f723ec8f87f1a8873b80251c8ae15ef9a8a3d3a2d1d879c57df6e1259b2f,6744093,46564,46564,3ab725499e30c050f5f9012ce88cff7126f044cc7750913372b75d145540f215,"{""test"":16670,""train"":26905,""validation"":2989}",VERIFIED_ROLE_NEUTRAL_BASE_ARTIFACT
elliptic,node_classification,strict_inductive,gcn,5,fold0,2070f94c3c92ba3fbca7d7e37532ce7436b2132df7447925c47572625eb38fa3,03759de578d125032b199e96ec3c7d6593c1e7ee218981fe8f765e355ebef6ad,ROLE_NEUTRAL,elliptic_10seed_strict_inductive.zip,24752f5ffdc082dc79ca5084701fccd04d2ac9588b4b15712598bdfe8daa1e4a,predictions/elliptic__strict_inductive__gcn__seed5.csv,8e712632b336fbf614c8dad938400a4a11b239652b23562e745fa51424b6ef10,6748495,46564,46564,82dcb0dde820a8331df984dac6fb4da6900ac5dbe6e2f721c9cfb1423a49cca1,"{""test"":16670,""train"":26905,""validation"":2989}",VERIFIED_ROLE_NEUTRAL_BASE_ARTIFACT
elliptic,node_classification,strict_inductive,gcn,6,fold0,25aecff71b6d2e5b00b1e9ce682a47f2d74400c64de7ae08995259bb88b117b3,60ffd54a1d9e75dc2386daef209da8e1203d194a99c05a68bd4ad5cd847279eb,ROLE_NEUTRAL,elliptic_10seed_strict_inductive.zip,24752f5ffdc082dc79ca5084701fccd04d2ac9588b4b15712598bdfe8daa1e4a,predictions/elliptic__strict_inductive__gcn__seed6.csv,305f5cad4552b21deeaf2c1800d9322c685def89c53847a7d7765b54e30cea15,6745420,46564,46564,ce8a4df4ee02c21a18632b3fe83005248a6ac6afab98ac1ae1d4d5c6842d278d,"{""test"":16670,""train"":26905,""validation"":2989}",VERIFIED_ROLE_NEUTRAL_BASE_ARTIFACT
elliptic,node_classification,strict_inductive,gcn,7,fold0,7ef8474190838a52f64598251056f63f9dc80628c7f2971cc39da91e5f77296a,6d05fe7b1c5523e121b238244d111c0f99dc1100e16c110af80ef89fccc82bdf,ROLE_NEUTRAL,elliptic_10seed_strict_inductive.zip,24752f5ffdc082dc79ca5084701fccd04d2ac9588b4b15712598bdfe8daa1e4a,predictions/elliptic__strict_inductive__gcn__seed7.csv,085cc6ed1cf027ff4b563ef19953c70571c32b06f23836c8e4f6068954149c71,6743934,46564,46564,c91c0526edf0fe0d75558167f02d9a2417e2d5d10293b74c40022300e35c0467,"{""test"":16670,""train"":26905,""validation"":2989}",VERIFIED_ROLE_NEUTRAL_BASE_ARTIFACT
elliptic,node_classification,strict_inductive,gcn,8,fold0,51a24d05aaffcb2eced5197e817823afb73767f9df75e4a88db07d9e379a23bd,55eb4cee5259fb36a43477a7542a869d6fa160f8e24b930663b38a099f270a7d,ROLE_NEUTRAL,elliptic_10seed_strict_inductive.zip,24752f5ffdc082dc79ca5084701fccd04d2ac9588b4b15712598bdfe8daa1e4a,predictions/elliptic__strict_inductive__gcn__seed8.csv,54f4db5136366c8dcdd24656a9ed1d81aead1da3043db9420f7fc877e256314c,6745519,46564,46564,de8e57533ee5099613085d512ab20a5e57e8f964cd1bf868427577a2887871df,"{""test"":16670,""train"":26905,""validation"":2989}",VERIFIED_ROLE_NEUTRAL_BASE_ARTIFACT
elliptic,node_classification,strict_inductive,gcn,9,fold0,ae877be5e5b6d88ad3d62199c42da2937488dd90249291ae2594f08f16669110,b3ef10ceb8daaaa512555938121eedebb3cd2e03f40ac6560ae4c6ee34e34c9a,ROLE_NEUTRAL,elliptic_10seed_strict_inductive.zip,24752f5ffdc082dc79ca5084701fccd04d2ac9588b4b15712598bdfe8daa1e4a,predictions/elliptic__strict_inductive__gcn__seed9.csv,e7c91bc1a7a7457c6743d86dafffa0086b5bf77e788faafaa9d3941be15079e8,6744392,46564,46564,13c36341c5cc6fa528aa39aaa2a4ccd5b18cf019affd77e1bb2db11d0f433bb8,"{""test"":16670,""train"":26905,""validation"":2989}",VERIFIED_ROLE_NEUTRAL_BASE_ARTIFACT
elliptic,node_classification,strict_inductive,gcn,10,fold0,4d0b3888c2018b5838836daaaf78327d89ae67b33da6f88f1ae4d09dd6c73e09,44b005139b4bfdc32c07c4479ddd35f202be7bf6714b242da96f7e74e9038357,ROLE_NEUTRAL,elliptic_10seed_strict_inductive.zip,24752f5ffdc082dc79ca5084701fccd04d2ac9588b4b15712598bdfe8daa1e4a,predictions/elliptic__strict_inductive__gcn__seed10.csv,139f6ec5b0506a1d44e0c99b6e54f8b65c1c895fba59044fed46f13adf6c090f,6838056,46564,46564,b6aa22912e51cd6d238af8d27cf390ef43fff9afcf6d2f51c6bc619d2c0a5ef6,"{""test"":16670,""train"":26905,""validation"":2989}",VERIFIED_ROLE_NEUTRAL_BASE_ARTIFACT
elliptic,node_classification,strict_inductive,graphsage,1,fold0,2cefd1a6a18dcf9d93c43ac5d1cf8d5028037e704def3d280db2fae03d2d66c5,ae0619cae27172f13083402d465006c723b766ca3a3b4544b4a2c6f7a15f025e,ROLE_NEUTRAL,elliptic_10seed_strict_inductive.zip,24752f5ffdc082dc79ca5084701fccd04d2ac9588b4b15712598bdfe8daa1e4a,predictions/elliptic__strict_inductive__sage__seed1.csv,b3a3399748d56aa39f41b18ce4078d60378991eb200063d3b9ed3066bad7b3d2,6861738,46564,46564,5eb85e89f6eddc5c1e738c09194096acea9b3c2dd9212f8ce446c8004c2d0f28,"{""test"":16670,""train"":26905,""validation"":2989}",VERIFIED_ROLE_NEUTRAL_BASE_ARTIFACT
elliptic,node_classification,strict_inductive,graphsage,2,fold0,649948f85d2a72ae2834e5741070085a3d8890c58ae236bb61ad357b74777c5d,d09f5b93f2bf1d4b85c15a359c99772213c11d59fb263d698a3f941e696c0c36,ROLE_NEUTRAL,elliptic_10seed_strict_inductive.zip,24752f5ffdc082dc79ca5084701fccd04d2ac9588b4b15712598bdfe8daa1e4a,predictions/elliptic__strict_inductive__sage__seed2.csv,9e5dae0b4136fcd63f426ef23819e98df4798d880c879feb20e01039c3498d81,6863775,46564,46564,56c0476f7bbc967623f74d481f8b160901f0bf71b7f292c77fd3ef7aca7e825b,"{""test"":16670,""train"":26905,""validation"":2989}",VERIFIED_ROLE_NEUTRAL_BASE_ARTIFACT
elliptic,node_classification,strict_inductive,graphsage,3,fold0,13eea981784dde22252688c8c686658f7da132ae76f71b8d983a54fd68002637,7ba59c8ec169d8163e746c788e1029385dbff9e8f4eb1a099e992ab54e5f5206,ROLE_NEUTRAL,elliptic_10seed_strict_inductive.zip,24752f5ffdc082dc79ca5084701fccd04d2ac9588b4b15712598bdfe8daa1e4a,predictions/elliptic__strict_inductive__sage__seed3.csv,29e06e1e03998d0ffd65e6f9c7990dff39ece2653a77ceee2172a785c8fbe916,6863092,46564,46564,b217097be130ad4324adc5fd9a62a690f7c221703ce96027a8c0361b061fb1f3,"{""test"":16670,""train"":26905,""validation"":2989}",VERIFIED_ROLE_NEUTRAL_BASE_ARTIFACT
elliptic,node_classification,strict_inductive,graphsage,4,fold0,55b209474dcceb89dc835323abbfc1ab201b5f5e159f3d1475be030fc95e7b3d,0b9ba4d5b56b41bf358d22c3f0672f465ceb580097908b8e0f19f2a01ea91bdb,ROLE_NEUTRAL,elliptic_10seed_strict_inductive.zip,24752f5ffdc082dc79ca5084701fccd04d2ac9588b4b15712598bdfe8daa1e4a,predictions/elliptic__strict_inductive__sage__seed4.csv,642647fcbeae9497fd7918cf38a40351a569fa4962b092cd6a8411029de51f22,6861456,46564,46564,3ab725499e30c050f5f9012ce88cff7126f044cc7750913372b75d145540f215,"{""test"":16670,""train"":26905,""validation"":2989}",VERIFIED_ROLE_NEUTRAL_BASE_ARTIFACT
elliptic,node_classification,strict_inductive,graphsage,5,fold0,c59001e133e57f2afe72e3e95993393e9c204f41dce8871750b500984e1d8c3e,4510210210f87d671e88ac7d1ba55488bfa31175b207436737a145a92e88de43,ROLE_NEUTRAL,elliptic_10seed_strict_inductive.zip,24752f5ffdc082dc79ca5084701fccd04d2ac9588b4b15712598bdfe8daa1e4a,predictions/elliptic__strict_inductive__sage__seed5.csv,812a4eaf8926b446826ef29eba5abf0dc5672818b8ac5be8c50e70f1fc88f730,6857825,46564,46564,82dcb0dde820a8331df984dac6fb4da6900ac5dbe6e2f721c9cfb1423a49cca1,"{""test"":16670,""train"":26905,""validation"":2989}",VERIFIED_ROLE_NEUTRAL_BASE_ARTIFACT
elliptic,node_classification,strict_inductive,graphsage,6,fold0,d73dbaa3e4a387061a70a51df47520f41185ec9d2dd6f30a1cd467ac2ae58c8c,328c7b656d72ad972acc892ddc3b651fc411cfaa9ff6cfe8d4632fdf3ac5469b,ROLE_NEUTRAL,elliptic_10seed_strict_inductive.zip,24752f5ffdc082dc79ca5084701fccd04d2ac9588b4b15712598bdfe8daa1e4a,predictions/elliptic__strict_inductive__sage__seed6.csv,b44f22bf9d7cebe33f9e9448d4fdcc8949f2071405d090aff6abb86bf12d51e1,6862537,46564,46564,ce8a4df4ee02c21a18632b3fe83005248a6ac6afab98ac1ae1d4d5c6842d278d,"{""test"":16670,""train"":26905,""validation"":2989}",VERIFIED_ROLE_NEUTRAL_BASE_ARTIFACT
elliptic,node_classification,strict_inductive,graphsage,7,fold0,611bbcb78c717dd34c70ce140645b6b5d870fba32f03e03f8a8fa9db7d339e73,2d85996fffd439245438de75b4afaf0dab501b2f38bb774579d72a3a58383dcb,ROLE_NEUTRAL,elliptic_10seed_strict_inductive.zip,24752f5ffdc082dc79ca5084701fccd04d2ac9588b4b15712598bdfe8daa1e4a,predictions/elliptic__strict_inductive__sage__seed7.csv,24ea53da9098d46132790f5326c0c4cf420474fcb13523d7cd70d51547bd7bc8,6863435,46564,46564,c91c0526edf0fe0d75558167f02d9a2417e2d5d10293b74c40022300e35c0467,"{""test"":16670,""train"":26905,""validation"":2989}",VERIFIED_ROLE_NEUTRAL_BASE_ARTIFACT
elliptic,node_classification,strict_inductive,graphsage,8,fold0,d1c492ef1e2f790358d91e5eee6cf2fc989cfbb7b18c01043486c4ca67989e57,ede9ac2a6fa8c816fb2cbfa53d55bf5b3cc98ea6c40eda3d06b5cc6be6612d11,ROLE_NEUTRAL,elliptic_10seed_strict_inductive.zip,24752f5ffdc082dc79ca5084701fccd04d2ac9588b4b15712598bdfe8daa1e4a,predictions/elliptic__strict_inductive__sage__seed8.csv,8fcf32fa15dd3b2edbd9fa1e983c50c38df741ceeeb79c1ec9e718abbfdd8032,6864937,46564,46564,de8e57533ee5099613085d512ab20a5e57e8f964cd1bf868427577a2887871df,"{""test"":16670,""train"":26905,""validation"":2989}",VERIFIED_ROLE_NEUTRAL_BASE_ARTIFACT
elliptic,node_classification,strict_inductive,graphsage,9,fold0,afcb1208b7c479fed43e427241538e5b057ca2991aa495980f3366a6a2be448d,33d8b990424c3056cbb9c008698b88fb9a7d9f657a4397e9bb351bd90465c26a,ROLE_NEUTRAL,elliptic_10seed_strict_inductive.zip,24752f5ffdc082dc79ca5084701fccd04d2ac9588b4b15712598bdfe8daa1e4a,predictions/elliptic__strict_inductive__sage__seed9.csv,3ea4d49c06c1a2d5cd60b86be1dc939c58981900513e53c76a00c8066d1cdcf1,6861798,46564,46564,13c36341c5cc6fa528aa39aaa2a4ccd5b18cf019affd77e1bb2db11d0f433bb8,"{""test"":16670,""train"":26905,""validation"":2989}",VERIFIED_ROLE_NEUTRAL_BASE_ARTIFACT
elliptic,node_classification,strict_inductive,graphsage,10,fold0,a71655a9a9d6f98a90c218ab9d52f9492753a3c397a68288ed929cd2d16dca3d,a07abfa1d94f3903fa633394476db6e164fece91a6beb3a419cae1559de4c0d8,ROLE_NEUTRAL,elliptic_10seed_strict_inductive.zip,24752f5ffdc082dc79ca5084701fccd04d2ac9588b4b15712598bdfe8daa1e4a,predictions/elliptic__strict_inductive__sage__seed10.csv,2b37e8c7162819337a2c7737a2d381c3ecec24c2b2b9fbfa270bffb6c524c547,6957806,46564,46564,b6aa22912e51cd6d238af8d27cf390ef43fff9afcf6d2f51c6bc619d2c0a5ef6,"{""test"":16670,""train"":26905,""validation"":2989}",VERIFIED_ROLE_NEUTRAL_BASE_ARTIFACT
elliptic,node_classification,transductive_structure,feature_mlp,1,fold0,2087e7f0bd0480bcd4eee435ba6bae9b728c55de5734579733c7754b56e78b53,f7eac1d3ca72af57944cf4a47c3cf77231e2dac1afdbd2f8f1b48f31d41387d6,ROLE_NEUTRAL,elliptic_10seed_transductive.zip,99d2f7ad1ad95fd7c30c193da9003c091b0c3fdce028dccd2bd0019f35869c08,predictions/elliptic__transductive__mlp__seed1.csv,947c4590b90dbe81d403f79e2870d5da28dff0e3db5201a1190c3f3bafdc900d,6378499,46564,46564,9082b39f51cc211e02bb2a75ff5aff8fb3d2e4e45486866beae5995bcb3e30e8,"{""test"":16670,""train"":26905,""validation"":2989}",VERIFIED_ROLE_NEUTRAL_BASE_ARTIFACT
elliptic,node_classification,transductive_structure,feature_mlp,2,fold0,8aec4dba6e3bd27c5f77ae2e0580c5622c35e540946a6804f3c852e55dac8bbc,2d58ba20b0355732ef57dd21c10f6fcc69849ccafed1157551d7445978667a69,ROLE_NEUTRAL,elliptic_10seed_transductive.zip,99d2f7ad1ad95fd7c30c193da9003c091b0c3fdce028dccd2bd0019f35869c08,predictions/elliptic__transductive__mlp__seed2.csv,ad1f34f4360eaf3d15b99b22e4ee21d57ca4009bc86fe9e05227be88f46b8289,6380742,46564,46564,a66d236e928b302abde6a0188e6d7626eafd07b45c4d0421692f260b6ccee599,"{""test"":16670,""train"":26905,""validation"":2989}",VERIFIED_ROLE_NEUTRAL_BASE_ARTIFACT
elliptic,node_classification,transductive_structure,feature_mlp,3,fold0,6fdef3ca0e6ecdde3f57f3e2b3cbf9ec975a0f1629a128d159d14560d417d0a0,d0916497cd74e90a63d85a993ce4b63d488427ae4ff94374efc1b1f535b21281,ROLE_NEUTRAL,elliptic_10seed_transductive.zip,99d2f7ad1ad95fd7c30c193da9003c091b0c3fdce028dccd2bd0019f35869c08,predictions/elliptic__transductive__mlp__seed3.csv,0cfcfb3e1fd3133511c6bd29892765c7d90cb81e70a693165d217eb59375c66b,6377830,46564,46564,37bcb0251677d76a9c00e7a41796e33c8ea0a0a784fc51c3a2a355769a6bf697,"{""test"":16670,""train"":26905,""validation"":2989}",VERIFIED_ROLE_NEUTRAL_BASE_ARTIFACT
elliptic,node_classification,transductive_structure,feature_mlp,4,fold0,fac4857fc2700d65b4c8efef79306353a086e1092304cc9c48e0f8119bfac1ac,6eac8d7714b2e218fc6733bbb9630a7163e60f1ccaf4440828dfa16a850a3654,ROLE_NEUTRAL,elliptic_10seed_transductive.zip,99d2f7ad1ad95fd7c30c193da9003c091b0c3fdce028dccd2bd0019f35869c08,predictions/elliptic__transductive__mlp__seed4.csv,1357a7ece393e16caa30a8fb3d58722a1aea9ad2925ed507aa00ee9fa8af0a50,6379887,46564,46564,1bd84468e00f646b2bdea7771a86e8063002476b515701c1ed5cb3be8814c222,"{""test"":16670,""train"":26905,""validation"":2989}",VERIFIED_ROLE_NEUTRAL_BASE_ARTIFACT
elliptic,node_classification,transductive_structure,feature_mlp,5,fold0,a1875e4b7e3bbbc2c45a3672ccc21b075176ec3ebcb187050ae9a3a28cc60558,cf973de5581283ffd3b91e5a733a0e2ae11366eca2a9829cd5cb8a6328ba2f0f,ROLE_NEUTRAL,elliptic_10seed_transductive.zip,99d2f7ad1ad95fd7c30c193da9003c091b0c3fdce028dccd2bd0019f35869c08,predictions/elliptic__transductive__mlp__seed5.csv,0e4f27412e8a69b70b8ed315faf412046ae5681c09f895f7a3c23aa95a7d5adb,6383315,46564,46564,bcc7673277b73201a92e87c17f6a4e0a847cd62011a821349fc56c1ef3de47e6,"{""test"":16670,""train"":26905,""validation"":2989}",VERIFIED_ROLE_NEUTRAL_BASE_ARTIFACT
elliptic,node_classification,transductive_structure,feature_mlp,6,fold0,6ae249aa0bf5a510a5b24be85b06eebae946dc3084bf25e861b5808430ba5f18,e7243195e7f36c147ad317b2765068cbf69d44b0fe216eb87903861a927b920f,ROLE_NEUTRAL,elliptic_10seed_transductive.zip,99d2f7ad1ad95fd7c30c193da9003c091b0c3fdce028dccd2bd0019f35869c08,predictions/elliptic__transductive__mlp__seed6.csv,3ad161f53369e8350699390e526f02da3dd8ab877be73a94684fee4f6785e75a,6378146,46564,46564,230ab597be0f225add6d94edbff7b1257ed9ee6f934dd11eef8141132205c18c,"{""test"":16670,""train"":26905,""validation"":2989}",VERIFIED_ROLE_NEUTRAL_BASE_ARTIFACT
elliptic,node_classification,transductive_structure,feature_mlp,7,fold0,1628d0f6792faf4dd6b339175d7c60a0b265e30781eb15d5b75d468245253266,cc9a87c079762092645a74b60bee932e3b583302bb18ab20735dcd67edd7053a,ROLE_NEUTRAL,elliptic_10seed_transductive.zip,99d2f7ad1ad95fd7c30c193da9003c091b0c3fdce028dccd2bd0019f35869c08,predictions/elliptic__transductive__mlp__seed7.csv,935d5734ef5ded46b3ac93a44fcc2d04c7cf789924631c48264f898069c8a341,6379039,46564,46564,4308ffd4cea29366a5b08b6b45af7c79906fb094af518dc644bf4259f067ce08,"{""test"":16670,""train"":26905,""validation"":2989}",VERIFIED_ROLE_NEUTRAL_BASE_ARTIFACT
elliptic,node_classification,transductive_structure,feature_mlp,8,fold0,6c042a089f9de7d72d5691297b087e825f16ccf51baa3b356a53ded8c7011a91,c41d46b516e9b4eb687cf2b36273c2bd26c238b0531fbece5cff6526d1d6a235,ROLE_NEUTRAL,elliptic_10seed_transductive.zip,99d2f7ad1ad95fd7c30c193da9003c091b0c3fdce028dccd2bd0019f35869c08,predictions/elliptic__transductive__mlp__seed8.csv,0e686570f0b1db0d4a2021ab35775da81fb98328240e123ffb9705f2c49e27c9,6381460,46564,46564,2b63786db8171da79cf5bf7bddc5d00244f304ed71f97fe0f2173d8a0b583ffb,"{""test"":16670,""train"":26905,""validation"":2989}",VERIFIED_ROLE_NEUTRAL_BASE_ARTIFACT
elliptic,node_classification,transductive_structure,feature_mlp,9,fold0,e8f586c6ed4c6a4286e487115bd38da7e5631a7182efb048b6c95979486ba224,e65374abf9271e7ab54df9719ac5ad47a19daea1887e25cf8058a84f53df3048,ROLE_NEUTRAL,elliptic_10seed_transductive.zip,99d2f7ad1ad95fd7c30c193da9003c091b0c3fdce028dccd2bd0019f35869c08,predictions/elliptic__transductive__mlp__seed9.csv,74307b439bf419714fb255eb9f8cd8e135cafb1dfe2758fe7229301a9fadc6fb,6381206,46564,46564,2948025226a8283a1f23c1bada59aee646e459c56b208a13d1fe1b3f44755af6,"{""test"":16670,""train"":26905,""validation"":2989}",VERIFIED_ROLE_NEUTRAL_BASE_ARTIFACT
elliptic,node_classification,transductive_structure,feature_mlp,10,fold0,d9bfa07501e0a262922f25df83dc9641f1f744103f53c812170d544eb7b7635c,305f17efb4bdfecc40b0bf33bc25c887fc9fd0916d751f8790961802102801c7,ROLE_NEUTRAL,elliptic_10seed_transductive.zip,99d2f7ad1ad95fd7c30c193da9003c091b0c3fdce028dccd2bd0019f35869c08,predictions/elliptic__transductive__mlp__seed10.csv,f9d88e0a8d315d4c9bf8404402a4efc62623d5352a69ba08ad245692abb99f6e,6475334,46564,46564,b3d9937ff5454de64ec575ca7eb5121ec04a075cc1914a82334dc933d52fae5c,"{""test"":16670,""train"":26905,""validation"":2989}",VERIFIED_ROLE_NEUTRAL_BASE_ARTIFACT
elliptic,node_classification,transductive_structure,gcn,1,fold0,38c595e72c208dcc367145c5383f5c68dfa25312e94e24b07d1baa9edb139bbc,2e858165f865660089bc9844a6bb8475e8de054bdb6d7d1b1778cc0d794db059,ROLE_NEUTRAL,elliptic_10seed_transductive.zip,99d2f7ad1ad95fd7c30c193da9003c091b0c3fdce028dccd2bd0019f35869c08,predictions/elliptic__transductive__gcn__seed1.csv,154b85cb3747434bf2ee0f33a6bf9c55f1417b320b075fc5c29efa5befffbc60,6378002,46564,46564,9082b39f51cc211e02bb2a75ff5aff8fb3d2e4e45486866beae5995bcb3e30e8,"{""test"":16670,""train"":26905,""validation"":2989}",VERIFIED_ROLE_NEUTRAL_BASE_ARTIFACT
elliptic,node_classification,transductive_structure,gcn,2,fold0,ebf7b76ccb77a8d91fe3627a897cdc094a3fe2137bc534354a520cec601ba855,875a446104622e38fda3a9a067f2dd1d4553170d151c1b34de5e37e376159878,ROLE_NEUTRAL,elliptic_10seed_transductive.zip,99d2f7ad1ad95fd7c30c193da9003c091b0c3fdce028dccd2bd0019f35869c08,predictions/elliptic__transductive__gcn__seed2.csv,5ea6b6196ce593dc24359fcdd2f42f455e9d3b826961aa04e399c8c2219e0f90,6377161,46564,46564,a66d236e928b302abde6a0188e6d7626eafd07b45c4d0421692f260b6ccee599,"{""test"":16670,""train"":26905,""validation"":2989}",VERIFIED_ROLE_NEUTRAL_BASE_ARTIFACT
elliptic,node_classification,transductive_structure,gcn,3,fold0,ff7e5e2c5900f5c260c209787181ee70c9878a5557d7e6cf2ac9587769c2ef05,c8eabc8ed8389159b97d323eed57fe4bcbd9180fcb5fe9910d16a6d04e87b55a,ROLE_NEUTRAL,elliptic_10seed_transductive.zip,99d2f7ad1ad95fd7c30c193da9003c091b0c3fdce028dccd2bd0019f35869c08,predictions/elliptic__transductive__gcn__seed3.csv,7a0eed530b24c276661237927f8edaa9350b13f50537fa66b560b5f7b4b7b981,6375214,46564,46564,37bcb0251677d76a9c00e7a41796e33c8ea0a0a784fc51c3a2a355769a6bf697,"{""test"":16670,""train"":26905,""validation"":2989}",VERIFIED_ROLE_NEUTRAL_BASE_ARTIFACT
elliptic,node_classification,transductive_structure,gcn,4,fold0,c482efeae8a013e5b9f8d34c3ec83cad6f0e3593cfe736070d9dd63ff518b44f,e0597c442c4ea1ba85d127940b352c762363749f2b3b812d7b7077bfbbb543e0,ROLE_NEUTRAL,elliptic_10seed_transductive.zip,99d2f7ad1ad95fd7c30c193da9003c091b0c3fdce028dccd2bd0019f35869c08,predictions/elliptic__transductive__gcn__seed4.csv,3cf39e67276f9a9d19777dd45845e62fd01901a72df5b631fc920653cb7f9b96,6371608,46564,46564,1bd84468e00f646b2bdea7771a86e8063002476b515701c1ed5cb3be8814c222,"{""test"":16670,""train"":26905,""validation"":2989}",VERIFIED_ROLE_NEUTRAL_BASE_ARTIFACT
elliptic,node_classification,transductive_structure,gcn,5,fold0,4205813865ac445a9361d66739960bf450a16ae20aa5570d574ee1290d6bd566,c117a314fffe6692b3986d9c906f44beff3b968e3334834cfabce7285044a8ca,ROLE_NEUTRAL,elliptic_10seed_transductive.zip,99d2f7ad1ad95fd7c30c193da9003c091b0c3fdce028dccd2bd0019f35869c08,predictions/elliptic__transductive__gcn__seed5.csv,c1d15704664c6c9363636e413600bc711d61a44be32ce9a9a13a4ddd858cc7fe,6375945,46564,46564,bcc7673277b73201a92e87c17f6a4e0a847cd62011a821349fc56c1ef3de47e6,"{""test"":16670,""train"":26905,""validation"":2989}",VERIFIED_ROLE_NEUTRAL_BASE_ARTIFACT
elliptic,node_classification,transductive_structure,gcn,6,fold0,2652124bba71270a870dcf48a7a52814961c7eafe8fefa7d145942bfdaaa855a,1b658db0392e58ee47ad8c172c6990884165cb34d2c7daff121aef31b93a8c0d,ROLE_NEUTRAL,elliptic_10seed_transductive.zip,99d2f7ad1ad95fd7c30c193da9003c091b0c3fdce028dccd2bd0019f35869c08,predictions/elliptic__transductive__gcn__seed6.csv,21eb77c5be2ec72da873f35f820db56b2aaf8429cbcee7b72dbeabc4176cfd07,6373451,46564,46564,230ab597be0f225add6d94edbff7b1257ed9ee6f934dd11eef8141132205c18c,"{""test"":16670,""train"":26905,""validation"":2989}",VERIFIED_ROLE_NEUTRAL_BASE_ARTIFACT
elliptic,node_classification,transductive_structure,gcn,7,fold0,3cb3e761964fe17cdcc4cbdce77e826f078fd4030e386603116c560116c4d6c3,a3cb5aa884cb4301c996ade0d7bdebb4505c303644f885718908ba8e7c2eec8e,ROLE_NEUTRAL,elliptic_10seed_transductive.zip,99d2f7ad1ad95fd7c30c193da9003c091b0c3fdce028dccd2bd0019f35869c08,predictions/elliptic__transductive__gcn__seed7.csv,0e82037b3f5ec5af4a82a38fa91627b315cd670e938c22f2eaad7859fd8f0763,6371053,46564,46564,4308ffd4cea29366a5b08b6b45af7c79906fb094af518dc644bf4259f067ce08,"{""test"":16670,""train"":26905,""validation"":2989}",VERIFIED_ROLE_NEUTRAL_BASE_ARTIFACT
elliptic,node_classification,transductive_structure,gcn,8,fold0,0016f344ece91d9e648acaa575622bfb45bc255566fb770fae5eea3e250b027d,07f9bfab2fa2f1b73d628d6ef01765134c0d93df85d606cca369c480264d964e,ROLE_NEUTRAL,elliptic_10seed_transductive.zip,99d2f7ad1ad95fd7c30c193da9003c091b0c3fdce028dccd2bd0019f35869c08,predictions/elliptic__transductive__gcn__seed8.csv,5d9588b4c3f6a8406c040954e0de205de47cc17b5bb90a64d8b39296d2cb8282,6374761,46564,46564,2b63786db8171da79cf5bf7bddc5d00244f304ed71f97fe0f2173d8a0b583ffb,"{""test"":16670,""train"":26905,""validation"":2989}",VERIFIED_ROLE_NEUTRAL_BASE_ARTIFACT
elliptic,node_classification,transductive_structure,gcn,9,fold0,24464229a4176e9a6273df0f0b3e5b77a3cf185b65deef6c802b011ed74ede5f,7dfc71fa0e134bff02752ca3b2b4b98cf84b4438871e80b08632299bf521f9cb,ROLE_NEUTRAL,elliptic_10seed_transductive.zip,99d2f7ad1ad95fd7c30c193da9003c091b0c3fdce028dccd2bd0019f35869c08,predictions/elliptic__transductive__gcn__seed9.csv,47e273a8c6a594ac21027b65c2d0954e9da4d6957453124cd34a520585035ac3,6372551,46564,46564,2948025226a8283a1f23c1bada59aee646e459c56b208a13d1fe1b3f44755af6,"{""test"":16670,""train"":26905,""validation"":2989}",VERIFIED_ROLE_NEUTRAL_BASE_ARTIFACT
elliptic,node_classification,transductive_structure,gcn,10,fold0,b2765caaa04b23236497a642edde6c7ff4efa3d812f59345d378170fd41cd7e7,728bc782e0a8184a4a31c1b4696f8f9c81a736837fd90fb6cee2f03d3d15a08b,ROLE_NEUTRAL,elliptic_10seed_transductive.zip,99d2f7ad1ad95fd7c30c193da9003c091b0c3fdce028dccd2bd0019f35869c08,predictions/elliptic__transductive__gcn__seed10.csv,4cb369818d15b0bdbc2b491346f41846052e9544c93e44c94a5f379036b710d0,6466031,46564,46564,b3d9937ff5454de64ec575ca7eb5121ec04a075cc1914a82334dc933d52fae5c,"{""test"":16670,""train"":26905,""validation"":2989}",VERIFIED_ROLE_NEUTRAL_BASE_ARTIFACT
elliptic,node_classification,transductive_structure,graphsage,1,fold0,7b8c61c7fa23e685f90b267f7ea37187f20f420a5f33fccfeec062198ef06156,309aed0156b59fad9fc998b1df1235beec7c7365ac53ef88007e3fc007ffaa1c,ROLE_NEUTRAL,elliptic_10seed_transductive.zip,99d2f7ad1ad95fd7c30c193da9003c091b0c3fdce028dccd2bd0019f35869c08,predictions/elliptic__transductive__sage__seed1.csv,72703620d28f63e3a5a91dcb0bc41ef48bbb838a85ecaaa53244b287653cb93e,6488871,46564,46564,9082b39f51cc211e02bb2a75ff5aff8fb3d2e4e45486866beae5995bcb3e30e8,"{""test"":16670,""train"":26905,""validation"":2989}",VERIFIED_ROLE_NEUTRAL_BASE_ARTIFACT
elliptic,node_classification,transductive_structure,graphsage,2,fold0,6b6e09d5a0208e50068bb14a20533623acb02239a3671fc6165fe5ec9c2f4a76,68216fd3c093c589d7fe23637b59e8d6575da0727ea85ce5e466618e5d09217c,ROLE_NEUTRAL,elliptic_10seed_transductive.zip,99d2f7ad1ad95fd7c30c193da9003c091b0c3fdce028dccd2bd0019f35869c08,predictions/elliptic__transductive__sage__seed2.csv,e6998fa0ea73615ab1a686a71e6b3b22edb037965b3c1284266d1dc32012749a,6488486,46564,46564,a66d236e928b302abde6a0188e6d7626eafd07b45c4d0421692f260b6ccee599,"{""test"":16670,""train"":26905,""validation"":2989}",VERIFIED_ROLE_NEUTRAL_BASE_ARTIFACT
elliptic,node_classification,transductive_structure,graphsage,3,fold0,e9829f9239cbb8d827d55c3701493c2815562a70357e3cd208bebea664cac7fb,21341d79b2360ac1f04c6300b3d578703dd6d059b610bdfa77718ff07750b4d2,ROLE_NEUTRAL,elliptic_10seed_transductive.zip,99d2f7ad1ad95fd7c30c193da9003c091b0c3fdce028dccd2bd0019f35869c08,predictions/elliptic__transductive__sage__seed3.csv,f214f30762529332d2df3b25398694659d82b9a9f31110b59e421ea7f5019c06,6488328,46564,46564,37bcb0251677d76a9c00e7a41796e33c8ea0a0a784fc51c3a2a355769a6bf697,"{""test"":16670,""train"":26905,""validation"":2989}",VERIFIED_ROLE_NEUTRAL_BASE_ARTIFACT
elliptic,node_classification,transductive_structure,graphsage,4,fold0,ab27a47b0aec2e56be7cc2a06da5bd6df28d1c7cc3feb3363b2cbf92d410f2eb,f20cfe96d67b8dd32c7451fdfbcb017f6bab0df458d06f6247a321385988ec95,ROLE_NEUTRAL,elliptic_10seed_transductive.zip,99d2f7ad1ad95fd7c30c193da9003c091b0c3fdce028dccd2bd0019f35869c08,predictions/elliptic__transductive__sage__seed4.csv,2285dddee6df88e3588bf6f1378d6dedd6139d654efd4705061cb3c47c67c480,6485988,46564,46564,1bd84468e00f646b2bdea7771a86e8063002476b515701c1ed5cb3be8814c222,"{""test"":16670,""train"":26905,""validation"":2989}",VERIFIED_ROLE_NEUTRAL_BASE_ARTIFACT
elliptic,node_classification,transductive_structure,graphsage,5,fold0,1bd4e09b477a893bbdf696e3590514874f005108cca6a2ef1af0ed18f45dd7cb,e2b1eebe8ff99f7f197e330ff9bfbb7ffc00070309173c5489d1e1a379b15364,ROLE_NEUTRAL,elliptic_10seed_transductive.zip,99d2f7ad1ad95fd7c30c193da9003c091b0c3fdce028dccd2bd0019f35869c08,predictions/elliptic__transductive__sage__seed5.csv,ff9f89974db90af9955ee94e1de6d170fb5cfa528ad4e1793c69ba0fbdd2b502,6488955,46564,46564,bcc7673277b73201a92e87c17f6a4e0a847cd62011a821349fc56c1ef3de47e6,"{""test"":16670,""train"":26905,""validation"":2989}",VERIFIED_ROLE_NEUTRAL_BASE_ARTIFACT
elliptic,node_classification,transductive_structure,graphsage,6,fold0,92a01a9e6a6f969cc027cda420a73a14a42472bab778c53b467d6a21f40a3432,d0aa292606178b9f274c4cffc5aace8d890db5b7d95746bc158a2f9a91050be2,ROLE_NEUTRAL,elliptic_10seed_transductive.zip,99d2f7ad1ad95fd7c30c193da9003c091b0c3fdce028dccd2bd0019f35869c08,predictions/elliptic__transductive__sage__seed6.csv,ede933470073c5a2c8fc1ef8edddfa2767aff326b8b8d7c732f73fac3e5a1334,6487178,46564,46564,230ab597be0f225add6d94edbff7b1257ed9ee6f934dd11eef8141132205c18c,"{""test"":16670,""train"":26905,""validation"":2989}",VERIFIED_ROLE_NEUTRAL_BASE_ARTIFACT
elliptic,node_classification,transductive_structure,graphsage,7,fold0,a7d5de8b2d66061cd9614dfbc3572880171c61fd8bee5e683db0d424d67944b4,b6a198387930860ed559765c2a8f6089c92afda6fe29c0256fc17fd273fc1cea,ROLE_NEUTRAL,elliptic_10seed_transductive.zip,99d2f7ad1ad95fd7c30c193da9003c091b0c3fdce028dccd2bd0019f35869c08,predictions/elliptic__transductive__sage__seed7.csv,4f2d99ef28024ef22255b65076d94c5bdaab76d2bc39498bf42e00edc07ea386,6490969,46564,46564,4308ffd4cea29366a5b08b6b45af7c79906fb094af518dc644bf4259f067ce08,"{""test"":16670,""train"":26905,""validation"":2989}",VERIFIED_ROLE_NEUTRAL_BASE_ARTIFACT
elliptic,node_classification,transductive_structure,graphsage,8,fold0,5368ff45da484caab02c506ab5fc6a4344d357a3d9307634cb508ed021f62494,b70f0a223b35dbedec01cb93112b4c74f7f6b573712c1a7c3695e67a13b6c41d,ROLE_NEUTRAL,elliptic_10seed_transductive.zip,99d2f7ad1ad95fd7c30c193da9003c091b0c3fdce028dccd2bd0019f35869c08,predictions/elliptic__transductive__sage__seed8.csv,5444666f2d8259314a2e1780903acf91beebfb9db0938d3478987e22ec0b8be6,6489350,46564,46564,2b63786db8171da79cf5bf7bddc5d00244f304ed71f97fe0f2173d8a0b583ffb,"{""test"":16670,""train"":26905,""validation"":2989}",VERIFIED_ROLE_NEUTRAL_BASE_ARTIFACT
elliptic,node_classification,transductive_structure,graphsage,9,fold0,4cf2f2784aa7d1fa80baa2065128044621d7f6dbf1f1f9066e4bd8989d99694a,b080ad5287596c67037ed1113d16f9a0d91215359d8201338784025faeab0d60,ROLE_NEUTRAL,elliptic_10seed_transductive.zip,99d2f7ad1ad95fd7c30c193da9003c091b0c3fdce028dccd2bd0019f35869c08,predictions/elliptic__transductive__sage__seed9.csv,feae57e47d7789d0eb5a2cc0d655d0c7e477c47d1d94b6dd49acf3fa8a7819e0,6486242,46564,46564,2948025226a8283a1f23c1bada59aee646e459c56b208a13d1fe1b3f44755af6,"{""test"":16670,""train"":26905,""validation"":2989}",VERIFIED_ROLE_NEUTRAL_BASE_ARTIFACT
elliptic,node_classification,transductive_structure,graphsage,10,fold0,d59b031a52eec333e00fa6811b41ecafb75611036e54498597fd142f0b18d9a6,968fb540ed4845b7a3124bf3fcb64d1a6b0a061e6893b3b3693904e2320619d9,ROLE_NEUTRAL,elliptic_10seed_transductive.zip,99d2f7ad1ad95fd7c30c193da9003c091b0c3fdce028dccd2bd0019f35869c08,predictions/elliptic__transductive__sage__seed10.csv,07b72f452d7e65ad693fe9ac2276ce40fced3e32a21066354d53b5aefc792f63,6581636,46564,46564,b3d9937ff5454de64ec575ca7eb5121ec04a075cc1914a82334dc933d52fae5c,"{""test"":16670,""train"":26905,""validation"":2989}",VERIFIED_ROLE_NEUTRAL_BASE_ARTIFACT
