run_key,campaign,analysis_family,dataset,task,source_contract,target_contract,method,objective,seed,access_regime,hardware,resource_class,runtime_status,prerequisite,execution_status
91e3a6bcd19cc76b7602,final_10seed,confirmatory_primary,elliptic_v2,node_classification,historical_transductive_full,future_inductive_full,best_single_feasible,composite,0,DG_NO_TARGET,single_t4,T4_16GB,TBD_PROFILE,local_and_data_gates,PLANNED
b0e4c2ec377a3a7c8a1e,final_10seed,confirmatory_primary,elliptic_v2,node_classification,historical_transductive_full,future_inductive_full,best_single_feasible,composite,1,DG_NO_TARGET,single_t4,T4_16GB,TBD_PROFILE,local_and_data_gates,PLANNED
57feb161b3bb931a014b,final_10seed,confirmatory_primary,elliptic_v2,node_classification,historical_transductive_full,future_inductive_full,best_single_feasible,composite,2,DG_NO_TARGET,single_t4,T4_16GB,TBD_PROFILE,local_and_data_gates,PLANNED
65593f2c2cdbef14e90f,final_10seed,confirmatory_primary,elliptic_v2,node_classification,historical_transductive_full,future_inductive_full,best_single_feasible,composite,3,DG_NO_TARGET,single_t4,T4_16GB,TBD_PROFILE,local_and_data_gates,PLANNED
423496531bce82269c66,final_10seed,confirmatory_primary,elliptic_v2,node_classification,historical_transductive_full,future_inductive_full,best_single_feasible,composite,4,DG_NO_TARGET,single_t4,T4_16GB,TBD_PROFILE,local_and_data_gates,PLANNED
0cc6dedf75a2e205d57a,final_10seed,confirmatory_primary,elliptic_v2,node_classification,historical_transductive_full,future_inductive_full,best_single_feasible,composite,5,DG_NO_TARGET,single_t4,T4_16GB,TBD_PROFILE,local_and_data_gates,PLANNED
3e17993e7ea48cd857e6,final_10seed,confirmatory_primary,elliptic_v2,node_classification,historical_transductive_full,future_inductive_full,best_single_feasible,composite,6,DG_NO_TARGET,single_t4,T4_16GB,TBD_PROFILE,local_and_data_gates,PLANNED
7a5a27431c6e296baa20,final_10seed,confirmatory_primary,elliptic_v2,node_classification,historical_transductive_full,future_inductive_full,best_single_feasible,composite,7,DG_NO_TARGET,single_t4,T4_16GB,TBD_PROFILE,local_and_data_gates,PLANNED
16c57e0e055fa032972f,final_10seed,confirmatory_primary,elliptic_v2,node_classification,historical_transductive_full,future_inductive_full,best_single_feasible,composite,8,DG_NO_TARGET,single_t4,T4_16GB,TBD_PROFILE,local_and_data_gates,PLANNED
302158dc62dc15ba7687,final_10seed,confirmatory_primary,elliptic_v2,node_classification,historical_transductive_full,future_inductive_full,best_single_feasible,composite,9,DG_NO_TARGET,single_t4,T4_16GB,TBD_PROFILE,local_and_data_gates,PLANNED
b2d9744cfbe2a87d5d33,final_10seed,confirmatory_primary,elliptic_v2,node_classification,historical_transductive_full,future_inductive_full,graphsafe_feature,composite,0,DG_NO_TARGET,single_t4,T4_16GB,TBD_PROFILE,local_and_data_gates,PLANNED
9d511fff8f586872f581,final_10seed,confirmatory_primary,elliptic_v2,node_classification,historical_transductive_full,future_inductive_full,graphsafe_feature,composite,1,DG_NO_TARGET,single_t4,T4_16GB,TBD_PROFILE,local_and_data_gates,PLANNED
df10dac8df6151b5f1cf,final_10seed,confirmatory_primary,elliptic_v2,node_classification,historical_transductive_full,future_inductive_full,graphsafe_feature,composite,2,DG_NO_TARGET,single_t4,T4_16GB,TBD_PROFILE,local_and_data_gates,PLANNED
21df77af2bba6c7199cf,final_10seed,confirmatory_primary,elliptic_v2,node_classification,historical_transductive_full,future_inductive_full,graphsafe_feature,composite,3,DG_NO_TARGET,single_t4,T4_16GB,TBD_PROFILE,local_and_data_gates,PLANNED
1a54d510cc45cc98813d,final_10seed,confirmatory_primary,elliptic_v2,node_classification,historical_transductive_full,future_inductive_full,graphsafe_feature,composite,4,DG_NO_TARGET,single_t4,T4_16GB,TBD_PROFILE,local_and_data_gates,PLANNED
5858faf0fc5c61af4711,final_10seed,confirmatory_primary,elliptic_v2,node_classification,historical_transductive_full,future_inductive_full,graphsafe_feature,composite,5,DG_NO_TARGET,single_t4,T4_16GB,TBD_PROFILE,local_and_data_gates,PLANNED
61ecfe322ab59d0d3861,final_10seed,confirmatory_primary,elliptic_v2,node_classification,historical_transductive_full,future_inductive_full,graphsafe_feature,composite,6,DG_NO_TARGET,single_t4,T4_16GB,TBD_PROFILE,local_and_data_gates,PLANNED
2738f826718bbc5e46cb,final_10seed,confirmatory_primary,elliptic_v2,node_classification,historical_transductive_full,future_inductive_full,graphsafe_feature,composite,7,DG_NO_TARGET,single_t4,T4_16GB,TBD_PROFILE,local_and_data_gates,PLANNED
4d9de18e3d701fcb23ce,final_10seed,confirmatory_primary,elliptic_v2,node_classification,historical_transductive_full,future_inductive_full,graphsafe_feature,composite,8,DG_NO_TARGET,single_t4,T4_16GB,TBD_PROFILE,local_and_data_gates,PLANNED
23b171fc5d994216c4d2,final_10seed,confirmatory_primary,elliptic_v2,node_classification,historical_transductive_full,future_inductive_full,graphsafe_feature,composite,9,DG_NO_TARGET,single_t4,T4_16GB,TBD_PROFILE,local_and_data_gates,PLANNED
c914f3630e70d1be4719,final_10seed,confirmatory_primary,elliptic_v2,node_classification,historical_transductive_full,future_inductive_full,coregraph_factorised_diagnostics,composite,0,DG_NO_TARGET,single_t4,T4_16GB,TBD_PROFILE,local_and_data_gates,PLANNED
9343993e6e88f49f3841,final_10seed,confirmatory_primary,elliptic_v2,node_classification,historical_transductive_full,future_inductive_full,coregraph_factorised_diagnostics,composite,1,DG_NO_TARGET,single_t4,T4_16GB,TBD_PROFILE,local_and_data_gates,PLANNED
cf1aa34ac0398d44276f,final_10seed,confirmatory_primary,elliptic_v2,node_classification,historical_transductive_full,future_inductive_full,coregraph_factorised_diagnostics,composite,2,DG_NO_TARGET,single_t4,T4_16GB,TBD_PROFILE,local_and_data_gates,PLANNED
0d06c9519af12c4e74c7,final_10seed,confirmatory_primary,elliptic_v2,node_classification,historical_transductive_full,future_inductive_full,coregraph_factorised_diagnostics,composite,3,DG_NO_TARGET,single_t4,T4_16GB,TBD_PROFILE,local_and_data_gates,PLANNED
34a9ec60a8aa24ac3714,final_10seed,confirmatory_primary,elliptic_v2,node_classification,historical_transductive_full,future_inductive_full,coregraph_factorised_diagnostics,composite,4,DG_NO_TARGET,single_t4,T4_16GB,TBD_PROFILE,local_and_data_gates,PLANNED
ea0913ef536bf60a02aa,final_10seed,confirmatory_primary,elliptic_v2,node_classification,historical_transductive_full,future_inductive_full,coregraph_factorised_diagnostics,composite,5,DG_NO_TARGET,single_t4,T4_16GB,TBD_PROFILE,local_and_data_gates,PLANNED
9a598e70f6de86cf5067,final_10seed,confirmatory_primary,elliptic_v2,node_classification,historical_transductive_full,future_inductive_full,coregraph_factorised_diagnostics,composite,6,DG_NO_TARGET,single_t4,T4_16GB,TBD_PROFILE,local_and_data_gates,PLANNED
7d2c08aa561b1696b33d,final_10seed,confirmatory_primary,elliptic_v2,node_classification,historical_transductive_full,future_inductive_full,coregraph_factorised_diagnostics,composite,7,DG_NO_TARGET,single_t4,T4_16GB,TBD_PROFILE,local_and_data_gates,PLANNED
6670ff50e325fc2424f5,final_10seed,confirmatory_primary,elliptic_v2,node_classification,historical_transductive_full,future_inductive_full,coregraph_factorised_diagnostics,composite,8,DG_NO_TARGET,single_t4,T4_16GB,TBD_PROFILE,local_and_data_gates,PLANNED
7aa7f7c0a71dc8ab97d7,final_10seed,confirmatory_primary,elliptic_v2,node_classification,historical_transductive_full,future_inductive_full,coregraph_factorised_diagnostics,composite,9,DG_NO_TARGET,single_t4,T4_16GB,TBD_PROFILE,local_and_data_gates,PLANNED
5643280b90280e0ab199,final_10seed,confirmatory_primary,elliptic_v2,node_classification,historical_transductive_full,future_inductive_recent,best_single_feasible,composite,0,DG_NO_TARGET,single_t4,T4_16GB,TBD_PROFILE,local_and_data_gates,PLANNED
33abcd75287fc381e55f,final_10seed,confirmatory_primary,elliptic_v2,node_classification,historical_transductive_full,future_inductive_recent,best_single_feasible,composite,1,DG_NO_TARGET,single_t4,T4_16GB,TBD_PROFILE,local_and_data_gates,PLANNED
2a676e78078a80890e0c,final_10seed,confirmatory_primary,elliptic_v2,node_classification,historical_transductive_full,future_inductive_recent,best_single_feasible,composite,2,DG_NO_TARGET,single_t4,T4_16GB,TBD_PROFILE,local_and_data_gates,PLANNED
6d7a7d4adedb49270d44,final_10seed,confirmatory_primary,elliptic_v2,node_classification,historical_transductive_full,future_inductive_recent,best_single_feasible,composite,3,DG_NO_TARGET,single_t4,T4_16GB,TBD_PROFILE,local_and_data_gates,PLANNED
ddf9fb609d2e0f23b11a,final_10seed,confirmatory_primary,elliptic_v2,node_classification,historical_transductive_full,future_inductive_recent,best_single_feasible,composite,4,DG_NO_TARGET,single_t4,T4_16GB,TBD_PROFILE,local_and_data_gates,PLANNED
1327a2344fb7fea72beb,final_10seed,confirmatory_primary,elliptic_v2,node_classification,historical_transductive_full,future_inductive_recent,best_single_feasible,composite,5,DG_NO_TARGET,single_t4,T4_16GB,TBD_PROFILE,local_and_data_gates,PLANNED
9f02fe177fa4d736af41,final_10seed,confirmatory_primary,elliptic_v2,node_classification,historical_transductive_full,future_inductive_recent,best_single_feasible,composite,6,DG_NO_TARGET,single_t4,T4_16GB,TBD_PROFILE,local_and_data_gates,PLANNED
331dc6c911f2e375ac69,final_10seed,confirmatory_primary,elliptic_v2,node_classification,historical_transductive_full,future_inductive_recent,best_single_feasible,composite,7,DG_NO_TARGET,single_t4,T4_16GB,TBD_PROFILE,local_and_data_gates,PLANNED
07e6f4a28182f9f5aa24,final_10seed,confirmatory_primary,elliptic_v2,node_classification,historical_transductive_full,future_inductive_recent,best_single_feasible,composite,8,DG_NO_TARGET,single_t4,T4_16GB,TBD_PROFILE,local_and_data_gates,PLANNED
c9b3f98c16a333fe7813,final_10seed,confirmatory_primary,elliptic_v2,node_classification,historical_transductive_full,future_inductive_recent,best_single_feasible,composite,9,DG_NO_TARGET,single_t4,T4_16GB,TBD_PROFILE,local_and_data_gates,PLANNED
9818073e9ce6537f136a,final_10seed,confirmatory_primary,elliptic_v2,node_classification,historical_transductive_full,future_inductive_recent,graphsafe_feature,composite,0,DG_NO_TARGET,single_t4,T4_16GB,TBD_PROFILE,local_and_data_gates,PLANNED
6c58107ce8772959f62f,final_10seed,confirmatory_primary,elliptic_v2,node_classification,historical_transductive_full,future_inductive_recent,graphsafe_feature,composite,1,DG_NO_TARGET,single_t4,T4_16GB,TBD_PROFILE,local_and_data_gates,PLANNED
baba1b17318f0e40c11a,final_10seed,confirmatory_primary,elliptic_v2,node_classification,historical_transductive_full,future_inductive_recent,graphsafe_feature,composite,2,DG_NO_TARGET,single_t4,T4_16GB,TBD_PROFILE,local_and_data_gates,PLANNED
5e75b98c50b39aaeea55,final_10seed,confirmatory_primary,elliptic_v2,node_classification,historical_transductive_full,future_inductive_recent,graphsafe_feature,composite,3,DG_NO_TARGET,single_t4,T4_16GB,TBD_PROFILE,local_and_data_gates,PLANNED
97354af02ed82d265215,final_10seed,confirmatory_primary,elliptic_v2,node_classification,historical_transductive_full,future_inductive_recent,graphsafe_feature,composite,4,DG_NO_TARGET,single_t4,T4_16GB,TBD_PROFILE,local_and_data_gates,PLANNED
27d129bfb46ebe165371,final_10seed,confirmatory_primary,elliptic_v2,node_classification,historical_transductive_full,future_inductive_recent,graphsafe_feature,composite,5,DG_NO_TARGET,single_t4,T4_16GB,TBD_PROFILE,local_and_data_gates,PLANNED
5ef6928e182f5a82c515,final_10seed,confirmatory_primary,elliptic_v2,node_classification,historical_transductive_full,future_inductive_recent,graphsafe_feature,composite,6,DG_NO_TARGET,single_t4,T4_16GB,TBD_PROFILE,local_and_data_gates,PLANNED
85d867e4aa46d6072da4,final_10seed,confirmatory_primary,elliptic_v2,node_classification,historical_transductive_full,future_inductive_recent,graphsafe_feature,composite,7,DG_NO_TARGET,single_t4,T4_16GB,TBD_PROFILE,local_and_data_gates,PLANNED
4986a5fb9a34dd9960aa,final_10seed,confirmatory_primary,elliptic_v2,node_classification,historical_transductive_full,future_inductive_recent,graphsafe_feature,composite,8,DG_NO_TARGET,single_t4,T4_16GB,TBD_PROFILE,local_and_data_gates,PLANNED
f9fa9fc8a3feb2737e10,final_10seed,confirmatory_primary,elliptic_v2,node_classification,historical_transductive_full,future_inductive_recent,graphsafe_feature,composite,9,DG_NO_TARGET,single_t4,T4_16GB,TBD_PROFILE,local_and_data_gates,PLANNED
5c6d2abb700103794d71,final_10seed,confirmatory_primary,elliptic_v2,node_classification,historical_transductive_full,future_inductive_recent,coregraph_factorised_diagnostics,composite,0,DG_NO_TARGET,single_t4,T4_16GB,TBD_PROFILE,local_and_data_gates,PLANNED
bd29ebc5151e80612f15,final_10seed,confirmatory_primary,elliptic_v2,node_classification,historical_transductive_full,future_inductive_recent,coregraph_factorised_diagnostics,composite,1,DG_NO_TARGET,single_t4,T4_16GB,TBD_PROFILE,local_and_data_gates,PLANNED
3c86b49df5ed8bbf01c2,final_10seed,confirmatory_primary,elliptic_v2,node_classification,historical_transductive_full,future_inductive_recent,coregraph_factorised_diagnostics,composite,2,DG_NO_TARGET,single_t4,T4_16GB,TBD_PROFILE,local_and_data_gates,PLANNED
ff870fad30bd35b5bd58,final_10seed,confirmatory_primary,elliptic_v2,node_classification,historical_transductive_full,future_inductive_recent,coregraph_factorised_diagnostics,composite,3,DG_NO_TARGET,single_t4,T4_16GB,TBD_PROFILE,local_and_data_gates,PLANNED
7b333248b275ef6c7800,final_10seed,confirmatory_primary,elliptic_v2,node_classification,historical_transductive_full,future_inductive_recent,coregraph_factorised_diagnostics,composite,4,DG_NO_TARGET,single_t4,T4_16GB,TBD_PROFILE,local_and_data_gates,PLANNED
eea5708129ff38e5f337,final_10seed,confirmatory_primary,elliptic_v2,node_classification,historical_transductive_full,future_inductive_recent,coregraph_factorised_diagnostics,composite,5,DG_NO_TARGET,single_t4,T4_16GB,TBD_PROFILE,local_and_data_gates,PLANNED
46eafcf1fda04ea71b81,final_10seed,confirmatory_primary,elliptic_v2,node_classification,historical_transductive_full,future_inductive_recent,coregraph_factorised_diagnostics,composite,6,DG_NO_TARGET,single_t4,T4_16GB,TBD_PROFILE,local_and_data_gates,PLANNED
894707bb466c60b36fee,final_10seed,confirmatory_primary,elliptic_v2,node_classification,historical_transductive_full,future_inductive_recent,coregraph_factorised_diagnostics,composite,7,DG_NO_TARGET,single_t4,T4_16GB,TBD_PROFILE,local_and_data_gates,PLANNED
21a3919a1b16e0200f63,final_10seed,confirmatory_primary,elliptic_v2,node_classification,historical_transductive_full,future_inductive_recent,coregraph_factorised_diagnostics,composite,8,DG_NO_TARGET,single_t4,T4_16GB,TBD_PROFILE,local_and_data_gates,PLANNED
95a6a0679ae7a716e2a1,final_10seed,confirmatory_primary,elliptic_v2,node_classification,historical_transductive_full,future_inductive_recent,coregraph_factorised_diagnostics,composite,9,DG_NO_TARGET,single_t4,T4_16GB,TBD_PROFILE,local_and_data_gates,PLANNED
a53aad9a8c2a08ac333a,final_10seed,confirmatory_primary,elliptic_v2,node_classification,historical_inductive_full,future_missing_graph,best_single_feasible,composite,0,DG_NO_TARGET,single_t4,T4_16GB,TBD_PROFILE,local_and_data_gates,PLANNED
8d1faaf2b874d7311242,final_10seed,confirmatory_primary,elliptic_v2,node_classification,historical_inductive_full,future_missing_graph,best_single_feasible,composite,1,DG_NO_TARGET,single_t4,T4_16GB,TBD_PROFILE,local_and_data_gates,PLANNED
c20692904ea493b11696,final_10seed,confirmatory_primary,elliptic_v2,node_classification,historical_inductive_full,future_missing_graph,best_single_feasible,composite,2,DG_NO_TARGET,single_t4,T4_16GB,TBD_PROFILE,local_and_data_gates,PLANNED
3ca9689bf20e8c36239b,final_10seed,confirmatory_primary,elliptic_v2,node_classification,historical_inductive_full,future_missing_graph,best_single_feasible,composite,3,DG_NO_TARGET,single_t4,T4_16GB,TBD_PROFILE,local_and_data_gates,PLANNED
c649e9c16bfd926fd00a,final_10seed,confirmatory_primary,elliptic_v2,node_classification,historical_inductive_full,future_missing_graph,best_single_feasible,composite,4,DG_NO_TARGET,single_t4,T4_16GB,TBD_PROFILE,local_and_data_gates,PLANNED
4c04fb02de451cd5ab78,final_10seed,confirmatory_primary,elliptic_v2,node_classification,historical_inductive_full,future_missing_graph,best_single_feasible,composite,5,DG_NO_TARGET,single_t4,T4_16GB,TBD_PROFILE,local_and_data_gates,PLANNED
17053cc08c06f3d1de87,final_10seed,confirmatory_primary,elliptic_v2,node_classification,historical_inductive_full,future_missing_graph,best_single_feasible,composite,6,DG_NO_TARGET,single_t4,T4_16GB,TBD_PROFILE,local_and_data_gates,PLANNED
30f360eb488b86f9d734,final_10seed,confirmatory_primary,elliptic_v2,node_classification,historical_inductive_full,future_missing_graph,best_single_feasible,composite,7,DG_NO_TARGET,single_t4,T4_16GB,TBD_PROFILE,local_and_data_gates,PLANNED
8e561ca2362f6bf88508,final_10seed,confirmatory_primary,elliptic_v2,node_classification,historical_inductive_full,future_missing_graph,best_single_feasible,composite,8,DG_NO_TARGET,single_t4,T4_16GB,TBD_PROFILE,local_and_data_gates,PLANNED
d969749e74cfc6b3909f,final_10seed,confirmatory_primary,elliptic_v2,node_classification,historical_inductive_full,future_missing_graph,best_single_feasible,composite,9,DG_NO_TARGET,single_t4,T4_16GB,TBD_PROFILE,local_and_data_gates,PLANNED
79253098760197c08204,final_10seed,confirmatory_primary,elliptic_v2,node_classification,historical_inductive_full,future_missing_graph,graphsafe_feature,composite,0,DG_NO_TARGET,single_t4,T4_16GB,TBD_PROFILE,local_and_data_gates,PLANNED
192fa7abaec8f8aa4169,final_10seed,confirmatory_primary,elliptic_v2,node_classification,historical_inductive_full,future_missing_graph,graphsafe_feature,composite,1,DG_NO_TARGET,single_t4,T4_16GB,TBD_PROFILE,local_and_data_gates,PLANNED
76c2bce23d93662b99ce,final_10seed,confirmatory_primary,elliptic_v2,node_classification,historical_inductive_full,future_missing_graph,graphsafe_feature,composite,2,DG_NO_TARGET,single_t4,T4_16GB,TBD_PROFILE,local_and_data_gates,PLANNED
f03761b5b63f732b1de3,final_10seed,confirmatory_primary,elliptic_v2,node_classification,historical_inductive_full,future_missing_graph,graphsafe_feature,composite,3,DG_NO_TARGET,single_t4,T4_16GB,TBD_PROFILE,local_and_data_gates,PLANNED
b2861b130170f6805451,final_10seed,confirmatory_primary,elliptic_v2,node_classification,historical_inductive_full,future_missing_graph,graphsafe_feature,composite,4,DG_NO_TARGET,single_t4,T4_16GB,TBD_PROFILE,local_and_data_gates,PLANNED
37c4e23179244e095c30,final_10seed,confirmatory_primary,elliptic_v2,node_classification,historical_inductive_full,future_missing_graph,graphsafe_feature,composite,5,DG_NO_TARGET,single_t4,T4_16GB,TBD_PROFILE,local_and_data_gates,PLANNED
a69b247228357edbedc9,final_10seed,confirmatory_primary,elliptic_v2,node_classification,historical_inductive_full,future_missing_graph,graphsafe_feature,composite,6,DG_NO_TARGET,single_t4,T4_16GB,TBD_PROFILE,local_and_data_gates,PLANNED
e166468fa23ba1fffc8a,final_10seed,confirmatory_primary,elliptic_v2,node_classification,historical_inductive_full,future_missing_graph,graphsafe_feature,composite,7,DG_NO_TARGET,single_t4,T4_16GB,TBD_PROFILE,local_and_data_gates,PLANNED
632c13094a1c3c6ae7c3,final_10seed,confirmatory_primary,elliptic_v2,node_classification,historical_inductive_full,future_missing_graph,graphsafe_feature,composite,8,DG_NO_TARGET,single_t4,T4_16GB,TBD_PROFILE,local_and_data_gates,PLANNED
8739181a57b81e77a818,final_10seed,confirmatory_primary,elliptic_v2,node_classification,historical_inductive_full,future_missing_graph,graphsafe_feature,composite,9,DG_NO_TARGET,single_t4,T4_16GB,TBD_PROFILE,local_and_data_gates,PLANNED
58824781e120f09a1b26,final_10seed,confirmatory_primary,elliptic_v2,node_classification,historical_inductive_full,future_missing_graph,coregraph_factorised_diagnostics,composite,0,DG_NO_TARGET,single_t4,T4_16GB,TBD_PROFILE,local_and_data_gates,PLANNED
2c8341550c9518ac3e82,final_10seed,confirmatory_primary,elliptic_v2,node_classification,historical_inductive_full,future_missing_graph,coregraph_factorised_diagnostics,composite,1,DG_NO_TARGET,single_t4,T4_16GB,TBD_PROFILE,local_and_data_gates,PLANNED
391bd4e776b8db8a8532,final_10seed,confirmatory_primary,elliptic_v2,node_classification,historical_inductive_full,future_missing_graph,coregraph_factorised_diagnostics,composite,2,DG_NO_TARGET,single_t4,T4_16GB,TBD_PROFILE,local_and_data_gates,PLANNED
9d55c4cb02410cfd6e58,final_10seed,confirmatory_primary,elliptic_v2,node_classification,historical_inductive_full,future_missing_graph,coregraph_factorised_diagnostics,composite,3,DG_NO_TARGET,single_t4,T4_16GB,TBD_PROFILE,local_and_data_gates,PLANNED
c42c7d3556401f20085d,final_10seed,confirmatory_primary,elliptic_v2,node_classification,historical_inductive_full,future_missing_graph,coregraph_factorised_diagnostics,composite,4,DG_NO_TARGET,single_t4,T4_16GB,TBD_PROFILE,local_and_data_gates,PLANNED
0f038658c56d0c7dd104,final_10seed,confirmatory_primary,elliptic_v2,node_classification,historical_inductive_full,future_missing_graph,coregraph_factorised_diagnostics,composite,5,DG_NO_TARGET,single_t4,T4_16GB,TBD_PROFILE,local_and_data_gates,PLANNED
99a43028e11d5c14fe36,final_10seed,confirmatory_primary,elliptic_v2,node_classification,historical_inductive_full,future_missing_graph,coregraph_factorised_diagnostics,composite,6,DG_NO_TARGET,single_t4,T4_16GB,TBD_PROFILE,local_and_data_gates,PLANNED
613397189b13da6b288d,final_10seed,confirmatory_primary,elliptic_v2,node_classification,historical_inductive_full,future_missing_graph,coregraph_factorised_diagnostics,composite,7,DG_NO_TARGET,single_t4,T4_16GB,TBD_PROFILE,local_and_data_gates,PLANNED
542c66e548d6ced76c80,final_10seed,confirmatory_primary,elliptic_v2,node_classification,historical_inductive_full,future_missing_graph,coregraph_factorised_diagnostics,composite,8,DG_NO_TARGET,single_t4,T4_16GB,TBD_PROFILE,local_and_data_gates,PLANNED
f6cfcfc5fb8e1f847e70,final_10seed,confirmatory_primary,elliptic_v2,node_classification,historical_inductive_full,future_missing_graph,coregraph_factorised_diagnostics,composite,9,DG_NO_TARGET,single_t4,T4_16GB,TBD_PROFILE,local_and_data_gates,PLANNED
07b9b89a88017d96d8e6,final_10seed,confirmatory_primary,elliptic_v2,node_classification,historical_inductive_full,future_budget_topk,best_single_feasible,composite,0,DG_NO_TARGET,single_t4,T4_16GB,TBD_PROFILE,local_and_data_gates,PLANNED
002cceed8c0ac0860e7e,final_10seed,confirmatory_primary,elliptic_v2,node_classification,historical_inductive_full,future_budget_topk,best_single_feasible,composite,1,DG_NO_TARGET,single_t4,T4_16GB,TBD_PROFILE,local_and_data_gates,PLANNED
cf2a4089fcf4f7dfb94f,final_10seed,confirmatory_primary,elliptic_v2,node_classification,historical_inductive_full,future_budget_topk,best_single_feasible,composite,2,DG_NO_TARGET,single_t4,T4_16GB,TBD_PROFILE,local_and_data_gates,PLANNED
6979c8e11fc29b2adf42,final_10seed,confirmatory_primary,elliptic_v2,node_classification,historical_inductive_full,future_budget_topk,best_single_feasible,composite,3,DG_NO_TARGET,single_t4,T4_16GB,TBD_PROFILE,local_and_data_gates,PLANNED
c86e81b45a4e1f8dd96f,final_10seed,confirmatory_primary,elliptic_v2,node_classification,historical_inductive_full,future_budget_topk,best_single_feasible,composite,4,DG_NO_TARGET,single_t4,T4_16GB,TBD_PROFILE,local_and_data_gates,PLANNED
3ef37c56cfb5b7e4541a,final_10seed,confirmatory_primary,elliptic_v2,node_classification,historical_inductive_full,future_budget_topk,best_single_feasible,composite,5,DG_NO_TARGET,single_t4,T4_16GB,TBD_PROFILE,local_and_data_gates,PLANNED
da61662c7959cd025641,final_10seed,confirmatory_primary,elliptic_v2,node_classification,historical_inductive_full,future_budget_topk,best_single_feasible,composite,6,DG_NO_TARGET,single_t4,T4_16GB,TBD_PROFILE,local_and_data_gates,PLANNED
d3dc6267f01e7773bbeb,final_10seed,confirmatory_primary,elliptic_v2,node_classification,historical_inductive_full,future_budget_topk,best_single_feasible,composite,7,DG_NO_TARGET,single_t4,T4_16GB,TBD_PROFILE,local_and_data_gates,PLANNED
3ec16ff420497eefc6be,final_10seed,confirmatory_primary,elliptic_v2,node_classification,historical_inductive_full,future_budget_topk,best_single_feasible,composite,8,DG_NO_TARGET,single_t4,T4_16GB,TBD_PROFILE,local_and_data_gates,PLANNED
be784e6d6d63ed1c441c,final_10seed,confirmatory_primary,elliptic_v2,node_classification,historical_inductive_full,future_budget_topk,best_single_feasible,composite,9,DG_NO_TARGET,single_t4,T4_16GB,TBD_PROFILE,local_and_data_gates,PLANNED
a33fb25b14c2af39ab39,final_10seed,confirmatory_primary,elliptic_v2,node_classification,historical_inductive_full,future_budget_topk,graphsafe_feature,composite,0,DG_NO_TARGET,single_t4,T4_16GB,TBD_PROFILE,local_and_data_gates,PLANNED
10453e4fc11bc852af57,final_10seed,confirmatory_primary,elliptic_v2,node_classification,historical_inductive_full,future_budget_topk,graphsafe_feature,composite,1,DG_NO_TARGET,single_t4,T4_16GB,TBD_PROFILE,local_and_data_gates,PLANNED
112d205d52402d1fc24e,final_10seed,confirmatory_primary,elliptic_v2,node_classification,historical_inductive_full,future_budget_topk,graphsafe_feature,composite,2,DG_NO_TARGET,single_t4,T4_16GB,TBD_PROFILE,local_and_data_gates,PLANNED
96fde8c5d5b3f8cee669,final_10seed,confirmatory_primary,elliptic_v2,node_classification,historical_inductive_full,future_budget_topk,graphsafe_feature,composite,3,DG_NO_TARGET,single_t4,T4_16GB,TBD_PROFILE,local_and_data_gates,PLANNED
22c801780af6d833409f,final_10seed,confirmatory_primary,elliptic_v2,node_classification,historical_inductive_full,future_budget_topk,graphsafe_feature,composite,4,DG_NO_TARGET,single_t4,T4_16GB,TBD_PROFILE,local_and_data_gates,PLANNED
091126f8ec650c69d0c5,final_10seed,confirmatory_primary,elliptic_v2,node_classification,historical_inductive_full,future_budget_topk,graphsafe_feature,composite,5,DG_NO_TARGET,single_t4,T4_16GB,TBD_PROFILE,local_and_data_gates,PLANNED
43b0e37fd5af37f87ee6,final_10seed,confirmatory_primary,elliptic_v2,node_classification,historical_inductive_full,future_budget_topk,graphsafe_feature,composite,6,DG_NO_TARGET,single_t4,T4_16GB,TBD_PROFILE,local_and_data_gates,PLANNED
bd95703bd4b21f463ba5,final_10seed,confirmatory_primary,elliptic_v2,node_classification,historical_inductive_full,future_budget_topk,graphsafe_feature,composite,7,DG_NO_TARGET,single_t4,T4_16GB,TBD_PROFILE,local_and_data_gates,PLANNED
62564c5049da40c3e2d4,final_10seed,confirmatory_primary,elliptic_v2,node_classification,historical_inductive_full,future_budget_topk,graphsafe_feature,composite,8,DG_NO_TARGET,single_t4,T4_16GB,TBD_PROFILE,local_and_data_gates,PLANNED
9dcf18416ccd9eb25775,final_10seed,confirmatory_primary,elliptic_v2,node_classification,historical_inductive_full,future_budget_topk,graphsafe_feature,composite,9,DG_NO_TARGET,single_t4,T4_16GB,TBD_PROFILE,local_and_data_gates,PLANNED
7875cebe9fe452a08ad1,final_10seed,confirmatory_primary,elliptic_v2,node_classification,historical_inductive_full,future_budget_topk,coregraph_factorised_diagnostics,composite,0,DG_NO_TARGET,single_t4,T4_16GB,TBD_PROFILE,local_and_data_gates,PLANNED
4c7d1c70b89df5b2dc32,final_10seed,confirmatory_primary,elliptic_v2,node_classification,historical_inductive_full,future_budget_topk,coregraph_factorised_diagnostics,composite,1,DG_NO_TARGET,single_t4,T4_16GB,TBD_PROFILE,local_and_data_gates,PLANNED
a559f4d611adcaa4114d,final_10seed,confirmatory_primary,elliptic_v2,node_classification,historical_inductive_full,future_budget_topk,coregraph_factorised_diagnostics,composite,2,DG_NO_TARGET,single_t4,T4_16GB,TBD_PROFILE,local_and_data_gates,PLANNED
ac4de6ceb84dfbddee51,final_10seed,confirmatory_primary,elliptic_v2,node_classification,historical_inductive_full,future_budget_topk,coregraph_factorised_diagnostics,composite,3,DG_NO_TARGET,single_t4,T4_16GB,TBD_PROFILE,local_and_data_gates,PLANNED
b29c1413557436e9e779,final_10seed,confirmatory_primary,elliptic_v2,node_classification,historical_inductive_full,future_budget_topk,coregraph_factorised_diagnostics,composite,4,DG_NO_TARGET,single_t4,T4_16GB,TBD_PROFILE,local_and_data_gates,PLANNED
66450be31378be7e87bc,final_10seed,confirmatory_primary,elliptic_v2,node_classification,historical_inductive_full,future_budget_topk,coregraph_factorised_diagnostics,composite,5,DG_NO_TARGET,single_t4,T4_16GB,TBD_PROFILE,local_and_data_gates,PLANNED
05e63147864da53df897,final_10seed,confirmatory_primary,elliptic_v2,node_classification,historical_inductive_full,future_budget_topk,coregraph_factorised_diagnostics,composite,6,DG_NO_TARGET,single_t4,T4_16GB,TBD_PROFILE,local_and_data_gates,PLANNED
1faf497aa34a47b38205,final_10seed,confirmatory_primary,elliptic_v2,node_classification,historical_inductive_full,future_budget_topk,coregraph_factorised_diagnostics,composite,7,DG_NO_TARGET,single_t4,T4_16GB,TBD_PROFILE,local_and_data_gates,PLANNED
b8071372a1182d766574,final_10seed,confirmatory_primary,elliptic_v2,node_classification,historical_inductive_full,future_budget_topk,coregraph_factorised_diagnostics,composite,8,DG_NO_TARGET,single_t4,T4_16GB,TBD_PROFILE,local_and_data_gates,PLANNED
66ceff53f5682d6f1f4a,final_10seed,confirmatory_primary,elliptic_v2,node_classification,historical_inductive_full,future_budget_topk,coregraph_factorised_diagnostics,composite,9,DG_NO_TARGET,single_t4,T4_16GB,TBD_PROFILE,local_and_data_gates,PLANNED
7f11ca8ddc8acf72f5aa,final_10seed,confirmatory_primary,elliptic_v2,node_classification,historical_transductive_full,future_resource_limited,best_single_feasible,composite,0,DG_NO_TARGET,single_t4,T4_16GB,TBD_PROFILE,local_and_data_gates,PLANNED
2db6ac85b996cb0745af,final_10seed,confirmatory_primary,elliptic_v2,node_classification,historical_transductive_full,future_resource_limited,best_single_feasible,composite,1,DG_NO_TARGET,single_t4,T4_16GB,TBD_PROFILE,local_and_data_gates,PLANNED
89272bcb864d6d40340e,final_10seed,confirmatory_primary,elliptic_v2,node_classification,historical_transductive_full,future_resource_limited,best_single_feasible,composite,2,DG_NO_TARGET,single_t4,T4_16GB,TBD_PROFILE,local_and_data_gates,PLANNED
1a758fc28d6ef894da38,final_10seed,confirmatory_primary,elliptic_v2,node_classification,historical_transductive_full,future_resource_limited,best_single_feasible,composite,3,DG_NO_TARGET,single_t4,T4_16GB,TBD_PROFILE,local_and_data_gates,PLANNED
28a044447c361bfa00f5,final_10seed,confirmatory_primary,elliptic_v2,node_classification,historical_transductive_full,future_resource_limited,best_single_feasible,composite,4,DG_NO_TARGET,single_t4,T4_16GB,TBD_PROFILE,local_and_data_gates,PLANNED
03254944c1177cababbe,final_10seed,confirmatory_primary,elliptic_v2,node_classification,historical_transductive_full,future_resource_limited,best_single_feasible,composite,5,DG_NO_TARGET,single_t4,T4_16GB,TBD_PROFILE,local_and_data_gates,PLANNED
e096c6e1d9551c3ba2d2,final_10seed,confirmatory_primary,elliptic_v2,node_classification,historical_transductive_full,future_resource_limited,best_single_feasible,composite,6,DG_NO_TARGET,single_t4,T4_16GB,TBD_PROFILE,local_and_data_gates,PLANNED
75cfff566c95af91c2e1,final_10seed,confirmatory_primary,elliptic_v2,node_classification,historical_transductive_full,future_resource_limited,best_single_feasible,composite,7,DG_NO_TARGET,single_t4,T4_16GB,TBD_PROFILE,local_and_data_gates,PLANNED
310858f554843e206111,final_10seed,confirmatory_primary,elliptic_v2,node_classification,historical_transductive_full,future_resource_limited,best_single_feasible,composite,8,DG_NO_TARGET,single_t4,T4_16GB,TBD_PROFILE,local_and_data_gates,PLANNED
aef741514d313ffa2307,final_10seed,confirmatory_primary,elliptic_v2,node_classification,historical_transductive_full,future_resource_limited,best_single_feasible,composite,9,DG_NO_TARGET,single_t4,T4_16GB,TBD_PROFILE,local_and_data_gates,PLANNED
0bbf2f4e48f01a5f5343,final_10seed,confirmatory_primary,elliptic_v2,node_classification,historical_transductive_full,future_resource_limited,graphsafe_feature,composite,0,DG_NO_TARGET,single_t4,T4_16GB,TBD_PROFILE,local_and_data_gates,PLANNED
1abe9ddcd595d4ca5b1c,final_10seed,confirmatory_primary,elliptic_v2,node_classification,historical_transductive_full,future_resource_limited,graphsafe_feature,composite,1,DG_NO_TARGET,single_t4,T4_16GB,TBD_PROFILE,local_and_data_gates,PLANNED
1ec339ecd25e7f1f3ce9,final_10seed,confirmatory_primary,elliptic_v2,node_classification,historical_transductive_full,future_resource_limited,graphsafe_feature,composite,2,DG_NO_TARGET,single_t4,T4_16GB,TBD_PROFILE,local_and_data_gates,PLANNED
5c53fe1386b4a840f53e,final_10seed,confirmatory_primary,elliptic_v2,node_classification,historical_transductive_full,future_resource_limited,graphsafe_feature,composite,3,DG_NO_TARGET,single_t4,T4_16GB,TBD_PROFILE,local_and_data_gates,PLANNED
f6334e856b4a8f12f4d7,final_10seed,confirmatory_primary,elliptic_v2,node_classification,historical_transductive_full,future_resource_limited,graphsafe_feature,composite,4,DG_NO_TARGET,single_t4,T4_16GB,TBD_PROFILE,local_and_data_gates,PLANNED
d7cf8f527973e8d99f1e,final_10seed,confirmatory_primary,elliptic_v2,node_classification,historical_transductive_full,future_resource_limited,graphsafe_feature,composite,5,DG_NO_TARGET,single_t4,T4_16GB,TBD_PROFILE,local_and_data_gates,PLANNED
b0514a11ebec3a2c0f97,final_10seed,confirmatory_primary,elliptic_v2,node_classification,historical_transductive_full,future_resource_limited,graphsafe_feature,composite,6,DG_NO_TARGET,single_t4,T4_16GB,TBD_PROFILE,local_and_data_gates,PLANNED
d2e70acc867c7c7c34f2,final_10seed,confirmatory_primary,elliptic_v2,node_classification,historical_transductive_full,future_resource_limited,graphsafe_feature,composite,7,DG_NO_TARGET,single_t4,T4_16GB,TBD_PROFILE,local_and_data_gates,PLANNED
f85816e40cfe3794f0b5,final_10seed,confirmatory_primary,elliptic_v2,node_classification,historical_transductive_full,future_resource_limited,graphsafe_feature,composite,8,DG_NO_TARGET,single_t4,T4_16GB,TBD_PROFILE,local_and_data_gates,PLANNED
297adc62c3d30d594039,final_10seed,confirmatory_primary,elliptic_v2,node_classification,historical_transductive_full,future_resource_limited,graphsafe_feature,composite,9,DG_NO_TARGET,single_t4,T4_16GB,TBD_PROFILE,local_and_data_gates,PLANNED
d5f9bee3462ff1125a37,final_10seed,confirmatory_primary,elliptic_v2,node_classification,historical_transductive_full,future_resource_limited,coregraph_factorised_diagnostics,composite,0,DG_NO_TARGET,single_t4,T4_16GB,TBD_PROFILE,local_and_data_gates,PLANNED
e48cdd13ecc3df7d9a87,final_10seed,confirmatory_primary,elliptic_v2,node_classification,historical_transductive_full,future_resource_limited,coregraph_factorised_diagnostics,composite,1,DG_NO_TARGET,single_t4,T4_16GB,TBD_PROFILE,local_and_data_gates,PLANNED
562ac1102d8ace91e8a5,final_10seed,confirmatory_primary,elliptic_v2,node_classification,historical_transductive_full,future_resource_limited,coregraph_factorised_diagnostics,composite,2,DG_NO_TARGET,single_t4,T4_16GB,TBD_PROFILE,local_and_data_gates,PLANNED
eed260c83ba508d45c88,final_10seed,confirmatory_primary,elliptic_v2,node_classification,historical_transductive_full,future_resource_limited,coregraph_factorised_diagnostics,composite,3,DG_NO_TARGET,single_t4,T4_16GB,TBD_PROFILE,local_and_data_gates,PLANNED
4530f4bae940e8f040e4,final_10seed,confirmatory_primary,elliptic_v2,node_classification,historical_transductive_full,future_resource_limited,coregraph_factorised_diagnostics,composite,4,DG_NO_TARGET,single_t4,T4_16GB,TBD_PROFILE,local_and_data_gates,PLANNED
e5734ed79f0fdbfcf35a,final_10seed,confirmatory_primary,elliptic_v2,node_classification,historical_transductive_full,future_resource_limited,coregraph_factorised_diagnostics,composite,5,DG_NO_TARGET,single_t4,T4_16GB,TBD_PROFILE,local_and_data_gates,PLANNED
65f2aea13a2b3dd07988,final_10seed,confirmatory_primary,elliptic_v2,node_classification,historical_transductive_full,future_resource_limited,coregraph_factorised_diagnostics,composite,6,DG_NO_TARGET,single_t4,T4_16GB,TBD_PROFILE,local_and_data_gates,PLANNED
7b9710bbb1a01b77f8b0,final_10seed,confirmatory_primary,elliptic_v2,node_classification,historical_transductive_full,future_resource_limited,coregraph_factorised_diagnostics,composite,7,DG_NO_TARGET,single_t4,T4_16GB,TBD_PROFILE,local_and_data_gates,PLANNED
d69db4977b2560415082,final_10seed,confirmatory_primary,elliptic_v2,node_classification,historical_transductive_full,future_resource_limited,coregraph_factorised_diagnostics,composite,8,DG_NO_TARGET,single_t4,T4_16GB,TBD_PROFILE,local_and_data_gates,PLANNED
a818766dab6953950eb8,final_10seed,confirmatory_primary,elliptic_v2,node_classification,historical_transductive_full,future_resource_limited,coregraph_factorised_diagnostics,composite,9,DG_NO_TARGET,single_t4,T4_16GB,TBD_PROFILE,local_and_data_gates,PLANNED
4e3c9b6a3529889d8911,final_10seed,confirmatory_primary,dgraphfin_v2,transaction_classification,historical_transductive_full,future_inductive_full,best_single_feasible,composite,0,DG_NO_TARGET,single_t4,T4_16GB,TBD_PROFILE,local_and_data_gates,PLANNED
ba2d5e52e4d71163328f,final_10seed,confirmatory_primary,dgraphfin_v2,transaction_classification,historical_transductive_full,future_inductive_full,best_single_feasible,composite,1,DG_NO_TARGET,single_t4,T4_16GB,TBD_PROFILE,local_and_data_gates,PLANNED
c5f1e34cdd8b20dcd46f,final_10seed,confirmatory_primary,dgraphfin_v2,transaction_classification,historical_transductive_full,future_inductive_full,best_single_feasible,composite,2,DG_NO_TARGET,single_t4,T4_16GB,TBD_PROFILE,local_and_data_gates,PLANNED
feaaf5dd69b905737cca,final_10seed,confirmatory_primary,dgraphfin_v2,transaction_classification,historical_transductive_full,future_inductive_full,best_single_feasible,composite,3,DG_NO_TARGET,single_t4,T4_16GB,TBD_PROFILE,local_and_data_gates,PLANNED
e5cc761946146f099f99,final_10seed,confirmatory_primary,dgraphfin_v2,transaction_classification,historical_transductive_full,future_inductive_full,best_single_feasible,composite,4,DG_NO_TARGET,single_t4,T4_16GB,TBD_PROFILE,local_and_data_gates,PLANNED
0f02d840754b972af404,final_10seed,confirmatory_primary,dgraphfin_v2,transaction_classification,historical_transductive_full,future_inductive_full,best_single_feasible,composite,5,DG_NO_TARGET,single_t4,T4_16GB,TBD_PROFILE,local_and_data_gates,PLANNED
02128fcefcd9fbec9462,final_10seed,confirmatory_primary,dgraphfin_v2,transaction_classification,historical_transductive_full,future_inductive_full,best_single_feasible,composite,6,DG_NO_TARGET,single_t4,T4_16GB,TBD_PROFILE,local_and_data_gates,PLANNED
4cdf3ca1ed1e16c563aa,final_10seed,confirmatory_primary,dgraphfin_v2,transaction_classification,historical_transductive_full,future_inductive_full,best_single_feasible,composite,7,DG_NO_TARGET,single_t4,T4_16GB,TBD_PROFILE,local_and_data_gates,PLANNED
fc1f4d02487185becbfa,final_10seed,confirmatory_primary,dgraphfin_v2,transaction_classification,historical_transductive_full,future_inductive_full,best_single_feasible,composite,8,DG_NO_TARGET,single_t4,T4_16GB,TBD_PROFILE,local_and_data_gates,PLANNED
938f9cd78b479814b37c,final_10seed,confirmatory_primary,dgraphfin_v2,transaction_classification,historical_transductive_full,future_inductive_full,best_single_feasible,composite,9,DG_NO_TARGET,single_t4,T4_16GB,TBD_PROFILE,local_and_data_gates,PLANNED
8805eb71191d09e938b3,final_10seed,confirmatory_primary,dgraphfin_v2,transaction_classification,historical_transductive_full,future_inductive_full,graphsafe_feature,composite,0,DG_NO_TARGET,single_t4,T4_16GB,TBD_PROFILE,local_and_data_gates,PLANNED
4b67d950c7c5f053a104,final_10seed,confirmatory_primary,dgraphfin_v2,transaction_classification,historical_transductive_full,future_inductive_full,graphsafe_feature,composite,1,DG_NO_TARGET,single_t4,T4_16GB,TBD_PROFILE,local_and_data_gates,PLANNED
f84adcd24b8168d7b8dc,final_10seed,confirmatory_primary,dgraphfin_v2,transaction_classification,historical_transductive_full,future_inductive_full,graphsafe_feature,composite,2,DG_NO_TARGET,single_t4,T4_16GB,TBD_PROFILE,local_and_data_gates,PLANNED
061ea2a46e0519ed5088,final_10seed,confirmatory_primary,dgraphfin_v2,transaction_classification,historical_transductive_full,future_inductive_full,graphsafe_feature,composite,3,DG_NO_TARGET,single_t4,T4_16GB,TBD_PROFILE,local_and_data_gates,PLANNED
f0eaf33ff9c6fa90fdca,final_10seed,confirmatory_primary,dgraphfin_v2,transaction_classification,historical_transductive_full,future_inductive_full,graphsafe_feature,composite,4,DG_NO_TARGET,single_t4,T4_16GB,TBD_PROFILE,local_and_data_gates,PLANNED
85395e7b11814e2989f5,final_10seed,confirmatory_primary,dgraphfin_v2,transaction_classification,historical_transductive_full,future_inductive_full,graphsafe_feature,composite,5,DG_NO_TARGET,single_t4,T4_16GB,TBD_PROFILE,local_and_data_gates,PLANNED
e562ede23841efdec01a,final_10seed,confirmatory_primary,dgraphfin_v2,transaction_classification,historical_transductive_full,future_inductive_full,graphsafe_feature,composite,6,DG_NO_TARGET,single_t4,T4_16GB,TBD_PROFILE,local_and_data_gates,PLANNED
65ade7daa977f7370f9c,final_10seed,confirmatory_primary,dgraphfin_v2,transaction_classification,historical_transductive_full,future_inductive_full,graphsafe_feature,composite,7,DG_NO_TARGET,single_t4,T4_16GB,TBD_PROFILE,local_and_data_gates,PLANNED
c057796a9270eb3d82d1,final_10seed,confirmatory_primary,dgraphfin_v2,transaction_classification,historical_transductive_full,future_inductive_full,graphsafe_feature,composite,8,DG_NO_TARGET,single_t4,T4_16GB,TBD_PROFILE,local_and_data_gates,PLANNED
425351eb189125472632,final_10seed,confirmatory_primary,dgraphfin_v2,transaction_classification,historical_transductive_full,future_inductive_full,graphsafe_feature,composite,9,DG_NO_TARGET,single_t4,T4_16GB,TBD_PROFILE,local_and_data_gates,PLANNED
b6545e44d08ad49a10b8,final_10seed,confirmatory_primary,dgraphfin_v2,transaction_classification,historical_transductive_full,future_inductive_full,coregraph_factorised_diagnostics,composite,0,DG_NO_TARGET,single_t4,T4_16GB,TBD_PROFILE,local_and_data_gates,PLANNED
f630b26f845c35cc23bf,final_10seed,confirmatory_primary,dgraphfin_v2,transaction_classification,historical_transductive_full,future_inductive_full,coregraph_factorised_diagnostics,composite,1,DG_NO_TARGET,single_t4,T4_16GB,TBD_PROFILE,local_and_data_gates,PLANNED
bc984a6b67bb373d47fe,final_10seed,confirmatory_primary,dgraphfin_v2,transaction_classification,historical_transductive_full,future_inductive_full,coregraph_factorised_diagnostics,composite,2,DG_NO_TARGET,single_t4,T4_16GB,TBD_PROFILE,local_and_data_gates,PLANNED
2afcf0705baf5c72bdca,final_10seed,confirmatory_primary,dgraphfin_v2,transaction_classification,historical_transductive_full,future_inductive_full,coregraph_factorised_diagnostics,composite,3,DG_NO_TARGET,single_t4,T4_16GB,TBD_PROFILE,local_and_data_gates,PLANNED
3a136b4c8b76a20ddbbf,final_10seed,confirmatory_primary,dgraphfin_v2,transaction_classification,historical_transductive_full,future_inductive_full,coregraph_factorised_diagnostics,composite,4,DG_NO_TARGET,single_t4,T4_16GB,TBD_PROFILE,local_and_data_gates,PLANNED
44f743192a8da0290d28,final_10seed,confirmatory_primary,dgraphfin_v2,transaction_classification,historical_transductive_full,future_inductive_full,coregraph_factorised_diagnostics,composite,5,DG_NO_TARGET,single_t4,T4_16GB,TBD_PROFILE,local_and_data_gates,PLANNED
dcd9a4fa4ec8f6a3e176,final_10seed,confirmatory_primary,dgraphfin_v2,transaction_classification,historical_transductive_full,future_inductive_full,coregraph_factorised_diagnostics,composite,6,DG_NO_TARGET,single_t4,T4_16GB,TBD_PROFILE,local_and_data_gates,PLANNED
a3a6a0cecb4f955a1866,final_10seed,confirmatory_primary,dgraphfin_v2,transaction_classification,historical_transductive_full,future_inductive_full,coregraph_factorised_diagnostics,composite,7,DG_NO_TARGET,single_t4,T4_16GB,TBD_PROFILE,local_and_data_gates,PLANNED
72592aa73d7c82442182,final_10seed,confirmatory_primary,dgraphfin_v2,transaction_classification,historical_transductive_full,future_inductive_full,coregraph_factorised_diagnostics,composite,8,DG_NO_TARGET,single_t4,T4_16GB,TBD_PROFILE,local_and_data_gates,PLANNED
9d6669bc0b4411fe960b,final_10seed,confirmatory_primary,dgraphfin_v2,transaction_classification,historical_transductive_full,future_inductive_full,coregraph_factorised_diagnostics,composite,9,DG_NO_TARGET,single_t4,T4_16GB,TBD_PROFILE,local_and_data_gates,PLANNED
0fe84bf736b19dc48b7a,final_10seed,confirmatory_primary,dgraphfin_v2,transaction_classification,historical_transductive_full,future_inductive_recent,best_single_feasible,composite,0,DG_NO_TARGET,single_t4,T4_16GB,TBD_PROFILE,local_and_data_gates,PLANNED
2a39bd45284f3ddbb89e,final_10seed,confirmatory_primary,dgraphfin_v2,transaction_classification,historical_transductive_full,future_inductive_recent,best_single_feasible,composite,1,DG_NO_TARGET,single_t4,T4_16GB,TBD_PROFILE,local_and_data_gates,PLANNED
1b5a6ee0fbd20fe8932d,final_10seed,confirmatory_primary,dgraphfin_v2,transaction_classification,historical_transductive_full,future_inductive_recent,best_single_feasible,composite,2,DG_NO_TARGET,single_t4,T4_16GB,TBD_PROFILE,local_and_data_gates,PLANNED
64138b926b7006e75eef,final_10seed,confirmatory_primary,dgraphfin_v2,transaction_classification,historical_transductive_full,future_inductive_recent,best_single_feasible,composite,3,DG_NO_TARGET,single_t4,T4_16GB,TBD_PROFILE,local_and_data_gates,PLANNED
1d542a0b228e8a4684a0,final_10seed,confirmatory_primary,dgraphfin_v2,transaction_classification,historical_transductive_full,future_inductive_recent,best_single_feasible,composite,4,DG_NO_TARGET,single_t4,T4_16GB,TBD_PROFILE,local_and_data_gates,PLANNED
6f18428330a2892c0192,final_10seed,confirmatory_primary,dgraphfin_v2,transaction_classification,historical_transductive_full,future_inductive_recent,best_single_feasible,composite,5,DG_NO_TARGET,single_t4,T4_16GB,TBD_PROFILE,local_and_data_gates,PLANNED
45223190c855a7a1b8b2,final_10seed,confirmatory_primary,dgraphfin_v2,transaction_classification,historical_transductive_full,future_inductive_recent,best_single_feasible,composite,6,DG_NO_TARGET,single_t4,T4_16GB,TBD_PROFILE,local_and_data_gates,PLANNED
8bb91a712bb2bbe5825f,final_10seed,confirmatory_primary,dgraphfin_v2,transaction_classification,historical_transductive_full,future_inductive_recent,best_single_feasible,composite,7,DG_NO_TARGET,single_t4,T4_16GB,TBD_PROFILE,local_and_data_gates,PLANNED
9f355595a7df841b6e8a,final_10seed,confirmatory_primary,dgraphfin_v2,transaction_classification,historical_transductive_full,future_inductive_recent,best_single_feasible,composite,8,DG_NO_TARGET,single_t4,T4_16GB,TBD_PROFILE,local_and_data_gates,PLANNED
9d31237c480454eb33c7,final_10seed,confirmatory_primary,dgraphfin_v2,transaction_classification,historical_transductive_full,future_inductive_recent,best_single_feasible,composite,9,DG_NO_TARGET,single_t4,T4_16GB,TBD_PROFILE,local_and_data_gates,PLANNED
9756fd63abdfa386b254,final_10seed,confirmatory_primary,dgraphfin_v2,transaction_classification,historical_transductive_full,future_inductive_recent,graphsafe_feature,composite,0,DG_NO_TARGET,single_t4,T4_16GB,TBD_PROFILE,local_and_data_gates,PLANNED
4e7f8c66c873a4a47142,final_10seed,confirmatory_primary,dgraphfin_v2,transaction_classification,historical_transductive_full,future_inductive_recent,graphsafe_feature,composite,1,DG_NO_TARGET,single_t4,T4_16GB,TBD_PROFILE,local_and_data_gates,PLANNED
b0501c401170868c52c1,final_10seed,confirmatory_primary,dgraphfin_v2,transaction_classification,historical_transductive_full,future_inductive_recent,graphsafe_feature,composite,2,DG_NO_TARGET,single_t4,T4_16GB,TBD_PROFILE,local_and_data_gates,PLANNED
3f52e2edb624da1b2111,final_10seed,confirmatory_primary,dgraphfin_v2,transaction_classification,historical_transductive_full,future_inductive_recent,graphsafe_feature,composite,3,DG_NO_TARGET,single_t4,T4_16GB,TBD_PROFILE,local_and_data_gates,PLANNED
2227d23fa5a6dbb17c74,final_10seed,confirmatory_primary,dgraphfin_v2,transaction_classification,historical_transductive_full,future_inductive_recent,graphsafe_feature,composite,4,DG_NO_TARGET,single_t4,T4_16GB,TBD_PROFILE,local_and_data_gates,PLANNED
6f0d434179a7ea089425,final_10seed,confirmatory_primary,dgraphfin_v2,transaction_classification,historical_transductive_full,future_inductive_recent,graphsafe_feature,composite,5,DG_NO_TARGET,single_t4,T4_16GB,TBD_PROFILE,local_and_data_gates,PLANNED
16378123eaf1a2535c47,final_10seed,confirmatory_primary,dgraphfin_v2,transaction_classification,historical_transductive_full,future_inductive_recent,graphsafe_feature,composite,6,DG_NO_TARGET,single_t4,T4_16GB,TBD_PROFILE,local_and_data_gates,PLANNED
d2d0b2ec0c22ec1bfad4,final_10seed,confirmatory_primary,dgraphfin_v2,transaction_classification,historical_transductive_full,future_inductive_recent,graphsafe_feature,composite,7,DG_NO_TARGET,single_t4,T4_16GB,TBD_PROFILE,local_and_data_gates,PLANNED
dd26562bca1b5b9496a8,final_10seed,confirmatory_primary,dgraphfin_v2,transaction_classification,historical_transductive_full,future_inductive_recent,graphsafe_feature,composite,8,DG_NO_TARGET,single_t4,T4_16GB,TBD_PROFILE,local_and_data_gates,PLANNED
fc0f2f69f4269e14b109,final_10seed,confirmatory_primary,dgraphfin_v2,transaction_classification,historical_transductive_full,future_inductive_recent,graphsafe_feature,composite,9,DG_NO_TARGET,single_t4,T4_16GB,TBD_PROFILE,local_and_data_gates,PLANNED
ee718bf758886232ed69,final_10seed,confirmatory_primary,dgraphfin_v2,transaction_classification,historical_transductive_full,future_inductive_recent,coregraph_factorised_diagnostics,composite,0,DG_NO_TARGET,single_t4,T4_16GB,TBD_PROFILE,local_and_data_gates,PLANNED
62fe1a83efe840bc66e7,final_10seed,confirmatory_primary,dgraphfin_v2,transaction_classification,historical_transductive_full,future_inductive_recent,coregraph_factorised_diagnostics,composite,1,DG_NO_TARGET,single_t4,T4_16GB,TBD_PROFILE,local_and_data_gates,PLANNED
02d043f5c4f59cebc1ba,final_10seed,confirmatory_primary,dgraphfin_v2,transaction_classification,historical_transductive_full,future_inductive_recent,coregraph_factorised_diagnostics,composite,2,DG_NO_TARGET,single_t4,T4_16GB,TBD_PROFILE,local_and_data_gates,PLANNED
ac39ccc7c597ea5ca237,final_10seed,confirmatory_primary,dgraphfin_v2,transaction_classification,historical_transductive_full,future_inductive_recent,coregraph_factorised_diagnostics,composite,3,DG_NO_TARGET,single_t4,T4_16GB,TBD_PROFILE,local_and_data_gates,PLANNED
4727910eab2bc29ff26f,final_10seed,confirmatory_primary,dgraphfin_v2,transaction_classification,historical_transductive_full,future_inductive_recent,coregraph_factorised_diagnostics,composite,4,DG_NO_TARGET,single_t4,T4_16GB,TBD_PROFILE,local_and_data_gates,PLANNED
1dd902d0d2aa04e33f85,final_10seed,confirmatory_primary,dgraphfin_v2,transaction_classification,historical_transductive_full,future_inductive_recent,coregraph_factorised_diagnostics,composite,5,DG_NO_TARGET,single_t4,T4_16GB,TBD_PROFILE,local_and_data_gates,PLANNED
cf43e8772faffc488769,final_10seed,confirmatory_primary,dgraphfin_v2,transaction_classification,historical_transductive_full,future_inductive_recent,coregraph_factorised_diagnostics,composite,6,DG_NO_TARGET,single_t4,T4_16GB,TBD_PROFILE,local_and_data_gates,PLANNED
d9037779b3fd7a5cef90,final_10seed,confirmatory_primary,dgraphfin_v2,transaction_classification,historical_transductive_full,future_inductive_recent,coregraph_factorised_diagnostics,composite,7,DG_NO_TARGET,single_t4,T4_16GB,TBD_PROFILE,local_and_data_gates,PLANNED
9bb8d2b57bd93886ccab,final_10seed,confirmatory_primary,dgraphfin_v2,transaction_classification,historical_transductive_full,future_inductive_recent,coregraph_factorised_diagnostics,composite,8,DG_NO_TARGET,single_t4,T4_16GB,TBD_PROFILE,local_and_data_gates,PLANNED
df9a015004d5501d67b1,final_10seed,confirmatory_primary,dgraphfin_v2,transaction_classification,historical_transductive_full,future_inductive_recent,coregraph_factorised_diagnostics,composite,9,DG_NO_TARGET,single_t4,T4_16GB,TBD_PROFILE,local_and_data_gates,PLANNED
a1620500ee8b3331c7d3,final_10seed,confirmatory_primary,dgraphfin_v2,transaction_classification,historical_inductive_full,future_missing_graph,best_single_feasible,composite,0,DG_NO_TARGET,single_t4,T4_16GB,TBD_PROFILE,local_and_data_gates,PLANNED
7ca5cb520ee81e88645a,final_10seed,confirmatory_primary,dgraphfin_v2,transaction_classification,historical_inductive_full,future_missing_graph,best_single_feasible,composite,1,DG_NO_TARGET,single_t4,T4_16GB,TBD_PROFILE,local_and_data_gates,PLANNED
cb4b243842f99ca116ef,final_10seed,confirmatory_primary,dgraphfin_v2,transaction_classification,historical_inductive_full,future_missing_graph,best_single_feasible,composite,2,DG_NO_TARGET,single_t4,T4_16GB,TBD_PROFILE,local_and_data_gates,PLANNED
01166904b25f279a378c,final_10seed,confirmatory_primary,dgraphfin_v2,transaction_classification,historical_inductive_full,future_missing_graph,best_single_feasible,composite,3,DG_NO_TARGET,single_t4,T4_16GB,TBD_PROFILE,local_and_data_gates,PLANNED
45ed6bb7e407aa77c755,final_10seed,confirmatory_primary,dgraphfin_v2,transaction_classification,historical_inductive_full,future_missing_graph,best_single_feasible,composite,4,DG_NO_TARGET,single_t4,T4_16GB,TBD_PROFILE,local_and_data_gates,PLANNED
5c23f354eee61e8c3d9c,final_10seed,confirmatory_primary,dgraphfin_v2,transaction_classification,historical_inductive_full,future_missing_graph,best_single_feasible,composite,5,DG_NO_TARGET,single_t4,T4_16GB,TBD_PROFILE,local_and_data_gates,PLANNED
36cd8692481c1c13ece3,final_10seed,confirmatory_primary,dgraphfin_v2,transaction_classification,historical_inductive_full,future_missing_graph,best_single_feasible,composite,6,DG_NO_TARGET,single_t4,T4_16GB,TBD_PROFILE,local_and_data_gates,PLANNED
821dbfc9c57b02a3e506,final_10seed,confirmatory_primary,dgraphfin_v2,transaction_classification,historical_inductive_full,future_missing_graph,best_single_feasible,composite,7,DG_NO_TARGET,single_t4,T4_16GB,TBD_PROFILE,local_and_data_gates,PLANNED
5526efb9f3a41d012d2b,final_10seed,confirmatory_primary,dgraphfin_v2,transaction_classification,historical_inductive_full,future_missing_graph,best_single_feasible,composite,8,DG_NO_TARGET,single_t4,T4_16GB,TBD_PROFILE,local_and_data_gates,PLANNED
ea0e5bf6437af469db1e,final_10seed,confirmatory_primary,dgraphfin_v2,transaction_classification,historical_inductive_full,future_missing_graph,best_single_feasible,composite,9,DG_NO_TARGET,single_t4,T4_16GB,TBD_PROFILE,local_and_data_gates,PLANNED
77e472a66da30d962be1,final_10seed,confirmatory_primary,dgraphfin_v2,transaction_classification,historical_inductive_full,future_missing_graph,graphsafe_feature,composite,0,DG_NO_TARGET,single_t4,T4_16GB,TBD_PROFILE,local_and_data_gates,PLANNED
116fd55c5f44197c55dc,final_10seed,confirmatory_primary,dgraphfin_v2,transaction_classification,historical_inductive_full,future_missing_graph,graphsafe_feature,composite,1,DG_NO_TARGET,single_t4,T4_16GB,TBD_PROFILE,local_and_data_gates,PLANNED
3c639554bdc8b9012ab1,final_10seed,confirmatory_primary,dgraphfin_v2,transaction_classification,historical_inductive_full,future_missing_graph,graphsafe_feature,composite,2,DG_NO_TARGET,single_t4,T4_16GB,TBD_PROFILE,local_and_data_gates,PLANNED
1d27e06658445c2a7e0e,final_10seed,confirmatory_primary,dgraphfin_v2,transaction_classification,historical_inductive_full,future_missing_graph,graphsafe_feature,composite,3,DG_NO_TARGET,single_t4,T4_16GB,TBD_PROFILE,local_and_data_gates,PLANNED
ffbbc586690342594c25,final_10seed,confirmatory_primary,dgraphfin_v2,transaction_classification,historical_inductive_full,future_missing_graph,graphsafe_feature,composite,4,DG_NO_TARGET,single_t4,T4_16GB,TBD_PROFILE,local_and_data_gates,PLANNED
29f8ef4e5de2cfcb4e5b,final_10seed,confirmatory_primary,dgraphfin_v2,transaction_classification,historical_inductive_full,future_missing_graph,graphsafe_feature,composite,5,DG_NO_TARGET,single_t4,T4_16GB,TBD_PROFILE,local_and_data_gates,PLANNED
2edb1178752e6da84eb8,final_10seed,confirmatory_primary,dgraphfin_v2,transaction_classification,historical_inductive_full,future_missing_graph,graphsafe_feature,composite,6,DG_NO_TARGET,single_t4,T4_16GB,TBD_PROFILE,local_and_data_gates,PLANNED
fc8d80d54a6bddff43a3,final_10seed,confirmatory_primary,dgraphfin_v2,transaction_classification,historical_inductive_full,future_missing_graph,graphsafe_feature,composite,7,DG_NO_TARGET,single_t4,T4_16GB,TBD_PROFILE,local_and_data_gates,PLANNED
1ce46d4c6e1dcb028cef,final_10seed,confirmatory_primary,dgraphfin_v2,transaction_classification,historical_inductive_full,future_missing_graph,graphsafe_feature,composite,8,DG_NO_TARGET,single_t4,T4_16GB,TBD_PROFILE,local_and_data_gates,PLANNED
b79bd7915630f05e0b20,final_10seed,confirmatory_primary,dgraphfin_v2,transaction_classification,historical_inductive_full,future_missing_graph,graphsafe_feature,composite,9,DG_NO_TARGET,single_t4,T4_16GB,TBD_PROFILE,local_and_data_gates,PLANNED
cb6dbe10a49f55b42f1f,final_10seed,confirmatory_primary,dgraphfin_v2,transaction_classification,historical_inductive_full,future_missing_graph,coregraph_factorised_diagnostics,composite,0,DG_NO_TARGET,single_t4,T4_16GB,TBD_PROFILE,local_and_data_gates,PLANNED
78bae3eca06730595dca,final_10seed,confirmatory_primary,dgraphfin_v2,transaction_classification,historical_inductive_full,future_missing_graph,coregraph_factorised_diagnostics,composite,1,DG_NO_TARGET,single_t4,T4_16GB,TBD_PROFILE,local_and_data_gates,PLANNED
9c27669f8be98972f460,final_10seed,confirmatory_primary,dgraphfin_v2,transaction_classification,historical_inductive_full,future_missing_graph,coregraph_factorised_diagnostics,composite,2,DG_NO_TARGET,single_t4,T4_16GB,TBD_PROFILE,local_and_data_gates,PLANNED
254adec46d393cc5709f,final_10seed,confirmatory_primary,dgraphfin_v2,transaction_classification,historical_inductive_full,future_missing_graph,coregraph_factorised_diagnostics,composite,3,DG_NO_TARGET,single_t4,T4_16GB,TBD_PROFILE,local_and_data_gates,PLANNED
156974c767081e8411ae,final_10seed,confirmatory_primary,dgraphfin_v2,transaction_classification,historical_inductive_full,future_missing_graph,coregraph_factorised_diagnostics,composite,4,DG_NO_TARGET,single_t4,T4_16GB,TBD_PROFILE,local_and_data_gates,PLANNED
7567fa7be6c90f7faee6,final_10seed,confirmatory_primary,dgraphfin_v2,transaction_classification,historical_inductive_full,future_missing_graph,coregraph_factorised_diagnostics,composite,5,DG_NO_TARGET,single_t4,T4_16GB,TBD_PROFILE,local_and_data_gates,PLANNED
7de66af6dab94d7c5ec7,final_10seed,confirmatory_primary,dgraphfin_v2,transaction_classification,historical_inductive_full,future_missing_graph,coregraph_factorised_diagnostics,composite,6,DG_NO_TARGET,single_t4,T4_16GB,TBD_PROFILE,local_and_data_gates,PLANNED
f1b892f15f660cf62930,final_10seed,confirmatory_primary,dgraphfin_v2,transaction_classification,historical_inductive_full,future_missing_graph,coregraph_factorised_diagnostics,composite,7,DG_NO_TARGET,single_t4,T4_16GB,TBD_PROFILE,local_and_data_gates,PLANNED
a47265a16c59f0a204c8,final_10seed,confirmatory_primary,dgraphfin_v2,transaction_classification,historical_inductive_full,future_missing_graph,coregraph_factorised_diagnostics,composite,8,DG_NO_TARGET,single_t4,T4_16GB,TBD_PROFILE,local_and_data_gates,PLANNED
998115247b545592630a,final_10seed,confirmatory_primary,dgraphfin_v2,transaction_classification,historical_inductive_full,future_missing_graph,coregraph_factorised_diagnostics,composite,9,DG_NO_TARGET,single_t4,T4_16GB,TBD_PROFILE,local_and_data_gates,PLANNED
df3427fb4e19d22598bb,final_10seed,confirmatory_primary,dgraphfin_v2,transaction_classification,historical_inductive_full,future_budget_topk,best_single_feasible,composite,0,DG_NO_TARGET,single_t4,T4_16GB,TBD_PROFILE,local_and_data_gates,PLANNED
b8141b2c5236a366b301,final_10seed,confirmatory_primary,dgraphfin_v2,transaction_classification,historical_inductive_full,future_budget_topk,best_single_feasible,composite,1,DG_NO_TARGET,single_t4,T4_16GB,TBD_PROFILE,local_and_data_gates,PLANNED
f03c8d7a31a03370c793,final_10seed,confirmatory_primary,dgraphfin_v2,transaction_classification,historical_inductive_full,future_budget_topk,best_single_feasible,composite,2,DG_NO_TARGET,single_t4,T4_16GB,TBD_PROFILE,local_and_data_gates,PLANNED
a494c70eb0995c435da7,final_10seed,confirmatory_primary,dgraphfin_v2,transaction_classification,historical_inductive_full,future_budget_topk,best_single_feasible,composite,3,DG_NO_TARGET,single_t4,T4_16GB,TBD_PROFILE,local_and_data_gates,PLANNED
0ad9c3ff61a12557cfb2,final_10seed,confirmatory_primary,dgraphfin_v2,transaction_classification,historical_inductive_full,future_budget_topk,best_single_feasible,composite,4,DG_NO_TARGET,single_t4,T4_16GB,TBD_PROFILE,local_and_data_gates,PLANNED
3c2ea88f813d24f8ee49,final_10seed,confirmatory_primary,dgraphfin_v2,transaction_classification,historical_inductive_full,future_budget_topk,best_single_feasible,composite,5,DG_NO_TARGET,single_t4,T4_16GB,TBD_PROFILE,local_and_data_gates,PLANNED
d5e6509b7872f2f02d84,final_10seed,confirmatory_primary,dgraphfin_v2,transaction_classification,historical_inductive_full,future_budget_topk,best_single_feasible,composite,6,DG_NO_TARGET,single_t4,T4_16GB,TBD_PROFILE,local_and_data_gates,PLANNED
75160c89e97897462c7d,final_10seed,confirmatory_primary,dgraphfin_v2,transaction_classification,historical_inductive_full,future_budget_topk,best_single_feasible,composite,7,DG_NO_TARGET,single_t4,T4_16GB,TBD_PROFILE,local_and_data_gates,PLANNED
fdbd4d190a36d472061f,final_10seed,confirmatory_primary,dgraphfin_v2,transaction_classification,historical_inductive_full,future_budget_topk,best_single_feasible,composite,8,DG_NO_TARGET,single_t4,T4_16GB,TBD_PROFILE,local_and_data_gates,PLANNED
1524a26268931138f0b3,final_10seed,confirmatory_primary,dgraphfin_v2,transaction_classification,historical_inductive_full,future_budget_topk,best_single_feasible,composite,9,DG_NO_TARGET,single_t4,T4_16GB,TBD_PROFILE,local_and_data_gates,PLANNED
6309a73fdd9c06afc63f,final_10seed,confirmatory_primary,dgraphfin_v2,transaction_classification,historical_inductive_full,future_budget_topk,graphsafe_feature,composite,0,DG_NO_TARGET,single_t4,T4_16GB,TBD_PROFILE,local_and_data_gates,PLANNED
89b0d5a694219a3d9db9,final_10seed,confirmatory_primary,dgraphfin_v2,transaction_classification,historical_inductive_full,future_budget_topk,graphsafe_feature,composite,1,DG_NO_TARGET,single_t4,T4_16GB,TBD_PROFILE,local_and_data_gates,PLANNED
a540886896e94780878c,final_10seed,confirmatory_primary,dgraphfin_v2,transaction_classification,historical_inductive_full,future_budget_topk,graphsafe_feature,composite,2,DG_NO_TARGET,single_t4,T4_16GB,TBD_PROFILE,local_and_data_gates,PLANNED
77122d326d097242d58f,final_10seed,confirmatory_primary,dgraphfin_v2,transaction_classification,historical_inductive_full,future_budget_topk,graphsafe_feature,composite,3,DG_NO_TARGET,single_t4,T4_16GB,TBD_PROFILE,local_and_data_gates,PLANNED
4057744bfed8f611d987,final_10seed,confirmatory_primary,dgraphfin_v2,transaction_classification,historical_inductive_full,future_budget_topk,graphsafe_feature,composite,4,DG_NO_TARGET,single_t4,T4_16GB,TBD_PROFILE,local_and_data_gates,PLANNED
e4742d4ebf3e175bd8aa,final_10seed,confirmatory_primary,dgraphfin_v2,transaction_classification,historical_inductive_full,future_budget_topk,graphsafe_feature,composite,5,DG_NO_TARGET,single_t4,T4_16GB,TBD_PROFILE,local_and_data_gates,PLANNED
5e26276990b36ad2e256,final_10seed,confirmatory_primary,dgraphfin_v2,transaction_classification,historical_inductive_full,future_budget_topk,graphsafe_feature,composite,6,DG_NO_TARGET,single_t4,T4_16GB,TBD_PROFILE,local_and_data_gates,PLANNED
b0ec7110b07c5dc4cad0,final_10seed,confirmatory_primary,dgraphfin_v2,transaction_classification,historical_inductive_full,future_budget_topk,graphsafe_feature,composite,7,DG_NO_TARGET,single_t4,T4_16GB,TBD_PROFILE,local_and_data_gates,PLANNED
95f94289a2673ed8159d,final_10seed,confirmatory_primary,dgraphfin_v2,transaction_classification,historical_inductive_full,future_budget_topk,graphsafe_feature,composite,8,DG_NO_TARGET,single_t4,T4_16GB,TBD_PROFILE,local_and_data_gates,PLANNED
42e314099ae5842e40f1,final_10seed,confirmatory_primary,dgraphfin_v2,transaction_classification,historical_inductive_full,future_budget_topk,graphsafe_feature,composite,9,DG_NO_TARGET,single_t4,T4_16GB,TBD_PROFILE,local_and_data_gates,PLANNED
12bdfaa998a50494b93e,final_10seed,confirmatory_primary,dgraphfin_v2,transaction_classification,historical_inductive_full,future_budget_topk,coregraph_factorised_diagnostics,composite,0,DG_NO_TARGET,single_t4,T4_16GB,TBD_PROFILE,local_and_data_gates,PLANNED
b988bb2d994e905c4199,final_10seed,confirmatory_primary,dgraphfin_v2,transaction_classification,historical_inductive_full,future_budget_topk,coregraph_factorised_diagnostics,composite,1,DG_NO_TARGET,single_t4,T4_16GB,TBD_PROFILE,local_and_data_gates,PLANNED
39d23e727230cd257072,final_10seed,confirmatory_primary,dgraphfin_v2,transaction_classification,historical_inductive_full,future_budget_topk,coregraph_factorised_diagnostics,composite,2,DG_NO_TARGET,single_t4,T4_16GB,TBD_PROFILE,local_and_data_gates,PLANNED
eff871ff5b1e62f23679,final_10seed,confirmatory_primary,dgraphfin_v2,transaction_classification,historical_inductive_full,future_budget_topk,coregraph_factorised_diagnostics,composite,3,DG_NO_TARGET,single_t4,T4_16GB,TBD_PROFILE,local_and_data_gates,PLANNED
14d5ec3724fadfd25609,final_10seed,confirmatory_primary,dgraphfin_v2,transaction_classification,historical_inductive_full,future_budget_topk,coregraph_factorised_diagnostics,composite,4,DG_NO_TARGET,single_t4,T4_16GB,TBD_PROFILE,local_and_data_gates,PLANNED
3bb72db921801de4de13,final_10seed,confirmatory_primary,dgraphfin_v2,transaction_classification,historical_inductive_full,future_budget_topk,coregraph_factorised_diagnostics,composite,5,DG_NO_TARGET,single_t4,T4_16GB,TBD_PROFILE,local_and_data_gates,PLANNED
5a4eaa6a48c8173f4408,final_10seed,confirmatory_primary,dgraphfin_v2,transaction_classification,historical_inductive_full,future_budget_topk,coregraph_factorised_diagnostics,composite,6,DG_NO_TARGET,single_t4,T4_16GB,TBD_PROFILE,local_and_data_gates,PLANNED
b61ddb5c6df787522f3a,final_10seed,confirmatory_primary,dgraphfin_v2,transaction_classification,historical_inductive_full,future_budget_topk,coregraph_factorised_diagnostics,composite,7,DG_NO_TARGET,single_t4,T4_16GB,TBD_PROFILE,local_and_data_gates,PLANNED
5f2f2637189dfcbe2d2a,final_10seed,confirmatory_primary,dgraphfin_v2,transaction_classification,historical_inductive_full,future_budget_topk,coregraph_factorised_diagnostics,composite,8,DG_NO_TARGET,single_t4,T4_16GB,TBD_PROFILE,local_and_data_gates,PLANNED
5a540153646a8fb60a52,final_10seed,confirmatory_primary,dgraphfin_v2,transaction_classification,historical_inductive_full,future_budget_topk,coregraph_factorised_diagnostics,composite,9,DG_NO_TARGET,single_t4,T4_16GB,TBD_PROFILE,local_and_data_gates,PLANNED
bfa2e158dabf5d09bc89,final_10seed,confirmatory_primary,dgraphfin_v2,transaction_classification,historical_transductive_full,future_resource_limited,best_single_feasible,composite,0,DG_NO_TARGET,single_t4,T4_16GB,TBD_PROFILE,local_and_data_gates,PLANNED
591aba0812855ec7ef5f,final_10seed,confirmatory_primary,dgraphfin_v2,transaction_classification,historical_transductive_full,future_resource_limited,best_single_feasible,composite,1,DG_NO_TARGET,single_t4,T4_16GB,TBD_PROFILE,local_and_data_gates,PLANNED
188368ff1be96ab0f781,final_10seed,confirmatory_primary,dgraphfin_v2,transaction_classification,historical_transductive_full,future_resource_limited,best_single_feasible,composite,2,DG_NO_TARGET,single_t4,T4_16GB,TBD_PROFILE,local_and_data_gates,PLANNED
3ad3d0cedbd45ebef6e3,final_10seed,confirmatory_primary,dgraphfin_v2,transaction_classification,historical_transductive_full,future_resource_limited,best_single_feasible,composite,3,DG_NO_TARGET,single_t4,T4_16GB,TBD_PROFILE,local_and_data_gates,PLANNED
fed7862ad1377efcae5a,final_10seed,confirmatory_primary,dgraphfin_v2,transaction_classification,historical_transductive_full,future_resource_limited,best_single_feasible,composite,4,DG_NO_TARGET,single_t4,T4_16GB,TBD_PROFILE,local_and_data_gates,PLANNED
c22483ad3675da4f3bef,final_10seed,confirmatory_primary,dgraphfin_v2,transaction_classification,historical_transductive_full,future_resource_limited,best_single_feasible,composite,5,DG_NO_TARGET,single_t4,T4_16GB,TBD_PROFILE,local_and_data_gates,PLANNED
0b522aa9601ee92a7271,final_10seed,confirmatory_primary,dgraphfin_v2,transaction_classification,historical_transductive_full,future_resource_limited,best_single_feasible,composite,6,DG_NO_TARGET,single_t4,T4_16GB,TBD_PROFILE,local_and_data_gates,PLANNED
d4f28e2822cbc6f5e830,final_10seed,confirmatory_primary,dgraphfin_v2,transaction_classification,historical_transductive_full,future_resource_limited,best_single_feasible,composite,7,DG_NO_TARGET,single_t4,T4_16GB,TBD_PROFILE,local_and_data_gates,PLANNED
9bd6fb2760e4b2c1a3e2,final_10seed,confirmatory_primary,dgraphfin_v2,transaction_classification,historical_transductive_full,future_resource_limited,best_single_feasible,composite,8,DG_NO_TARGET,single_t4,T4_16GB,TBD_PROFILE,local_and_data_gates,PLANNED
c209d078dc3e5ca7a9a9,final_10seed,confirmatory_primary,dgraphfin_v2,transaction_classification,historical_transductive_full,future_resource_limited,best_single_feasible,composite,9,DG_NO_TARGET,single_t4,T4_16GB,TBD_PROFILE,local_and_data_gates,PLANNED
66fc51d975428463a346,final_10seed,confirmatory_primary,dgraphfin_v2,transaction_classification,historical_transductive_full,future_resource_limited,graphsafe_feature,composite,0,DG_NO_TARGET,single_t4,T4_16GB,TBD_PROFILE,local_and_data_gates,PLANNED
16feef5c2370fd2aa525,final_10seed,confirmatory_primary,dgraphfin_v2,transaction_classification,historical_transductive_full,future_resource_limited,graphsafe_feature,composite,1,DG_NO_TARGET,single_t4,T4_16GB,TBD_PROFILE,local_and_data_gates,PLANNED
04f6b60b43f2a3266724,final_10seed,confirmatory_primary,dgraphfin_v2,transaction_classification,historical_transductive_full,future_resource_limited,graphsafe_feature,composite,2,DG_NO_TARGET,single_t4,T4_16GB,TBD_PROFILE,local_and_data_gates,PLANNED
b12fa0d370148051b5b4,final_10seed,confirmatory_primary,dgraphfin_v2,transaction_classification,historical_transductive_full,future_resource_limited,graphsafe_feature,composite,3,DG_NO_TARGET,single_t4,T4_16GB,TBD_PROFILE,local_and_data_gates,PLANNED
473384f0d4a1169c20be,final_10seed,confirmatory_primary,dgraphfin_v2,transaction_classification,historical_transductive_full,future_resource_limited,graphsafe_feature,composite,4,DG_NO_TARGET,single_t4,T4_16GB,TBD_PROFILE,local_and_data_gates,PLANNED
93bf39b31288e6b4a788,final_10seed,confirmatory_primary,dgraphfin_v2,transaction_classification,historical_transductive_full,future_resource_limited,graphsafe_feature,composite,5,DG_NO_TARGET,single_t4,T4_16GB,TBD_PROFILE,local_and_data_gates,PLANNED
1d1bb8b6aa7429738f0c,final_10seed,confirmatory_primary,dgraphfin_v2,transaction_classification,historical_transductive_full,future_resource_limited,graphsafe_feature,composite,6,DG_NO_TARGET,single_t4,T4_16GB,TBD_PROFILE,local_and_data_gates,PLANNED
e82f1f892597619454f4,final_10seed,confirmatory_primary,dgraphfin_v2,transaction_classification,historical_transductive_full,future_resource_limited,graphsafe_feature,composite,7,DG_NO_TARGET,single_t4,T4_16GB,TBD_PROFILE,local_and_data_gates,PLANNED
f02f0f29b631191a9322,final_10seed,confirmatory_primary,dgraphfin_v2,transaction_classification,historical_transductive_full,future_resource_limited,graphsafe_feature,composite,8,DG_NO_TARGET,single_t4,T4_16GB,TBD_PROFILE,local_and_data_gates,PLANNED
3cac9a01c45e2dd53c8e,final_10seed,confirmatory_primary,dgraphfin_v2,transaction_classification,historical_transductive_full,future_resource_limited,graphsafe_feature,composite,9,DG_NO_TARGET,single_t4,T4_16GB,TBD_PROFILE,local_and_data_gates,PLANNED
8b4c8a28342abd8d22c2,final_10seed,confirmatory_primary,dgraphfin_v2,transaction_classification,historical_transductive_full,future_resource_limited,coregraph_factorised_diagnostics,composite,0,DG_NO_TARGET,single_t4,T4_16GB,TBD_PROFILE,local_and_data_gates,PLANNED
8697037d943e44051044,final_10seed,confirmatory_primary,dgraphfin_v2,transaction_classification,historical_transductive_full,future_resource_limited,coregraph_factorised_diagnostics,composite,1,DG_NO_TARGET,single_t4,T4_16GB,TBD_PROFILE,local_and_data_gates,PLANNED
33097e15fd62322f0f08,final_10seed,confirmatory_primary,dgraphfin_v2,transaction_classification,historical_transductive_full,future_resource_limited,coregraph_factorised_diagnostics,composite,2,DG_NO_TARGET,single_t4,T4_16GB,TBD_PROFILE,local_and_data_gates,PLANNED
782bc036c96743aebace,final_10seed,confirmatory_primary,dgraphfin_v2,transaction_classification,historical_transductive_full,future_resource_limited,coregraph_factorised_diagnostics,composite,3,DG_NO_TARGET,single_t4,T4_16GB,TBD_PROFILE,local_and_data_gates,PLANNED
ae9b6c4d38661ba162d9,final_10seed,confirmatory_primary,dgraphfin_v2,transaction_classification,historical_transductive_full,future_resource_limited,coregraph_factorised_diagnostics,composite,4,DG_NO_TARGET,single_t4,T4_16GB,TBD_PROFILE,local_and_data_gates,PLANNED
e5ba3a0011ec40098317,final_10seed,confirmatory_primary,dgraphfin_v2,transaction_classification,historical_transductive_full,future_resource_limited,coregraph_factorised_diagnostics,composite,5,DG_NO_TARGET,single_t4,T4_16GB,TBD_PROFILE,local_and_data_gates,PLANNED
28d621bc87893fea549f,final_10seed,confirmatory_primary,dgraphfin_v2,transaction_classification,historical_transductive_full,future_resource_limited,coregraph_factorised_diagnostics,composite,6,DG_NO_TARGET,single_t4,T4_16GB,TBD_PROFILE,local_and_data_gates,PLANNED
9e97271b8a68147d8103,final_10seed,confirmatory_primary,dgraphfin_v2,transaction_classification,historical_transductive_full,future_resource_limited,coregraph_factorised_diagnostics,composite,7,DG_NO_TARGET,single_t4,T4_16GB,TBD_PROFILE,local_and_data_gates,PLANNED
1a67205907d43023d0af,final_10seed,confirmatory_primary,dgraphfin_v2,transaction_classification,historical_transductive_full,future_resource_limited,coregraph_factorised_diagnostics,composite,8,DG_NO_TARGET,single_t4,T4_16GB,TBD_PROFILE,local_and_data_gates,PLANNED
36f6ec628511f505e429,final_10seed,confirmatory_primary,dgraphfin_v2,transaction_classification,historical_transductive_full,future_resource_limited,coregraph_factorised_diagnostics,composite,9,DG_NO_TARGET,single_t4,T4_16GB,TBD_PROFILE,local_and_data_gates,PLANNED
361366f5ce7e9c0f279b,final_10seed,confirmatory_primary,tfinance_v2,node_classification,historical_transductive_full,future_inductive_full,best_single_feasible,composite,0,DG_NO_TARGET,single_t4,T4_16GB,TBD_PROFILE,local_and_data_gates,PLANNED
9abcf4e8463da2a4a733,final_10seed,confirmatory_primary,tfinance_v2,node_classification,historical_transductive_full,future_inductive_full,best_single_feasible,composite,1,DG_NO_TARGET,single_t4,T4_16GB,TBD_PROFILE,local_and_data_gates,PLANNED
ea2d5f5af85f1b457056,final_10seed,confirmatory_primary,tfinance_v2,node_classification,historical_transductive_full,future_inductive_full,best_single_feasible,composite,2,DG_NO_TARGET,single_t4,T4_16GB,TBD_PROFILE,local_and_data_gates,PLANNED
3a1e4a312d7c41fbb139,final_10seed,confirmatory_primary,tfinance_v2,node_classification,historical_transductive_full,future_inductive_full,best_single_feasible,composite,3,DG_NO_TARGET,single_t4,T4_16GB,TBD_PROFILE,local_and_data_gates,PLANNED
227fbf8d6c34cdfadcda,final_10seed,confirmatory_primary,tfinance_v2,node_classification,historical_transductive_full,future_inductive_full,best_single_feasible,composite,4,DG_NO_TARGET,single_t4,T4_16GB,TBD_PROFILE,local_and_data_gates,PLANNED
73671c9b824250dd0d3f,final_10seed,confirmatory_primary,tfinance_v2,node_classification,historical_transductive_full,future_inductive_full,best_single_feasible,composite,5,DG_NO_TARGET,single_t4,T4_16GB,TBD_PROFILE,local_and_data_gates,PLANNED
cea16d0dca20abc2236f,final_10seed,confirmatory_primary,tfinance_v2,node_classification,historical_transductive_full,future_inductive_full,best_single_feasible,composite,6,DG_NO_TARGET,single_t4,T4_16GB,TBD_PROFILE,local_and_data_gates,PLANNED
27e73fdf48a17493363f,final_10seed,confirmatory_primary,tfinance_v2,node_classification,historical_transductive_full,future_inductive_full,best_single_feasible,composite,7,DG_NO_TARGET,single_t4,T4_16GB,TBD_PROFILE,local_and_data_gates,PLANNED
8d24dab2144f980eaaf7,final_10seed,confirmatory_primary,tfinance_v2,node_classification,historical_transductive_full,future_inductive_full,best_single_feasible,composite,8,DG_NO_TARGET,single_t4,T4_16GB,TBD_PROFILE,local_and_data_gates,PLANNED
6503844b4591ba7f8955,final_10seed,confirmatory_primary,tfinance_v2,node_classification,historical_transductive_full,future_inductive_full,best_single_feasible,composite,9,DG_NO_TARGET,single_t4,T4_16GB,TBD_PROFILE,local_and_data_gates,PLANNED
e04204ace6ffd04d2336,final_10seed,confirmatory_primary,tfinance_v2,node_classification,historical_transductive_full,future_inductive_full,graphsafe_feature,composite,0,DG_NO_TARGET,single_t4,T4_16GB,TBD_PROFILE,local_and_data_gates,PLANNED
bf35360237720aba3b59,final_10seed,confirmatory_primary,tfinance_v2,node_classification,historical_transductive_full,future_inductive_full,graphsafe_feature,composite,1,DG_NO_TARGET,single_t4,T4_16GB,TBD_PROFILE,local_and_data_gates,PLANNED
55362bcd26e93c13ee92,final_10seed,confirmatory_primary,tfinance_v2,node_classification,historical_transductive_full,future_inductive_full,graphsafe_feature,composite,2,DG_NO_TARGET,single_t4,T4_16GB,TBD_PROFILE,local_and_data_gates,PLANNED
7b23c9537d311a312771,final_10seed,confirmatory_primary,tfinance_v2,node_classification,historical_transductive_full,future_inductive_full,graphsafe_feature,composite,3,DG_NO_TARGET,single_t4,T4_16GB,TBD_PROFILE,local_and_data_gates,PLANNED
9a92299d1b6b0dc4fb94,final_10seed,confirmatory_primary,tfinance_v2,node_classification,historical_transductive_full,future_inductive_full,graphsafe_feature,composite,4,DG_NO_TARGET,single_t4,T4_16GB,TBD_PROFILE,local_and_data_gates,PLANNED
636e3547573b5b4487f3,final_10seed,confirmatory_primary,tfinance_v2,node_classification,historical_transductive_full,future_inductive_full,graphsafe_feature,composite,5,DG_NO_TARGET,single_t4,T4_16GB,TBD_PROFILE,local_and_data_gates,PLANNED
9328c118519553640459,final_10seed,confirmatory_primary,tfinance_v2,node_classification,historical_transductive_full,future_inductive_full,graphsafe_feature,composite,6,DG_NO_TARGET,single_t4,T4_16GB,TBD_PROFILE,local_and_data_gates,PLANNED
151e7eae2d635440b3c6,final_10seed,confirmatory_primary,tfinance_v2,node_classification,historical_transductive_full,future_inductive_full,graphsafe_feature,composite,7,DG_NO_TARGET,single_t4,T4_16GB,TBD_PROFILE,local_and_data_gates,PLANNED
a3c11cbc5c031a5338b4,final_10seed,confirmatory_primary,tfinance_v2,node_classification,historical_transductive_full,future_inductive_full,graphsafe_feature,composite,8,DG_NO_TARGET,single_t4,T4_16GB,TBD_PROFILE,local_and_data_gates,PLANNED
57d25608668d0862f4aa,final_10seed,confirmatory_primary,tfinance_v2,node_classification,historical_transductive_full,future_inductive_full,graphsafe_feature,composite,9,DG_NO_TARGET,single_t4,T4_16GB,TBD_PROFILE,local_and_data_gates,PLANNED
bdc7449c34ef81a6fc1f,final_10seed,confirmatory_primary,tfinance_v2,node_classification,historical_transductive_full,future_inductive_full,coregraph_factorised_diagnostics,composite,0,DG_NO_TARGET,single_t4,T4_16GB,TBD_PROFILE,local_and_data_gates,PLANNED
64168aad8bf609ec3370,final_10seed,confirmatory_primary,tfinance_v2,node_classification,historical_transductive_full,future_inductive_full,coregraph_factorised_diagnostics,composite,1,DG_NO_TARGET,single_t4,T4_16GB,TBD_PROFILE,local_and_data_gates,PLANNED
ba5be591c06914753db9,final_10seed,confirmatory_primary,tfinance_v2,node_classification,historical_transductive_full,future_inductive_full,coregraph_factorised_diagnostics,composite,2,DG_NO_TARGET,single_t4,T4_16GB,TBD_PROFILE,local_and_data_gates,PLANNED
ad850aceef9aec1ae062,final_10seed,confirmatory_primary,tfinance_v2,node_classification,historical_transductive_full,future_inductive_full,coregraph_factorised_diagnostics,composite,3,DG_NO_TARGET,single_t4,T4_16GB,TBD_PROFILE,local_and_data_gates,PLANNED
3acffbec629ecd490886,final_10seed,confirmatory_primary,tfinance_v2,node_classification,historical_transductive_full,future_inductive_full,coregraph_factorised_diagnostics,composite,4,DG_NO_TARGET,single_t4,T4_16GB,TBD_PROFILE,local_and_data_gates,PLANNED
93caa80ce259d605944c,final_10seed,confirmatory_primary,tfinance_v2,node_classification,historical_transductive_full,future_inductive_full,coregraph_factorised_diagnostics,composite,5,DG_NO_TARGET,single_t4,T4_16GB,TBD_PROFILE,local_and_data_gates,PLANNED
60fb86f3cbc3e3c7a18f,final_10seed,confirmatory_primary,tfinance_v2,node_classification,historical_transductive_full,future_inductive_full,coregraph_factorised_diagnostics,composite,6,DG_NO_TARGET,single_t4,T4_16GB,TBD_PROFILE,local_and_data_gates,PLANNED
178843da39c71962d532,final_10seed,confirmatory_primary,tfinance_v2,node_classification,historical_transductive_full,future_inductive_full,coregraph_factorised_diagnostics,composite,7,DG_NO_TARGET,single_t4,T4_16GB,TBD_PROFILE,local_and_data_gates,PLANNED
24d0023e8972d8052eb8,final_10seed,confirmatory_primary,tfinance_v2,node_classification,historical_transductive_full,future_inductive_full,coregraph_factorised_diagnostics,composite,8,DG_NO_TARGET,single_t4,T4_16GB,TBD_PROFILE,local_and_data_gates,PLANNED
3b49ce01110d0a0d0a3d,final_10seed,confirmatory_primary,tfinance_v2,node_classification,historical_transductive_full,future_inductive_full,coregraph_factorised_diagnostics,composite,9,DG_NO_TARGET,single_t4,T4_16GB,TBD_PROFILE,local_and_data_gates,PLANNED
67b82964a3410b5261fe,final_10seed,confirmatory_primary,tfinance_v2,node_classification,historical_transductive_full,future_inductive_recent,best_single_feasible,composite,0,DG_NO_TARGET,single_t4,T4_16GB,TBD_PROFILE,local_and_data_gates,PLANNED
b7a9e39eaf51c572cdd1,final_10seed,confirmatory_primary,tfinance_v2,node_classification,historical_transductive_full,future_inductive_recent,best_single_feasible,composite,1,DG_NO_TARGET,single_t4,T4_16GB,TBD_PROFILE,local_and_data_gates,PLANNED
08beaf65aa0f58bef569,final_10seed,confirmatory_primary,tfinance_v2,node_classification,historical_transductive_full,future_inductive_recent,best_single_feasible,composite,2,DG_NO_TARGET,single_t4,T4_16GB,TBD_PROFILE,local_and_data_gates,PLANNED
3ba220a1ec78f0d0c923,final_10seed,confirmatory_primary,tfinance_v2,node_classification,historical_transductive_full,future_inductive_recent,best_single_feasible,composite,3,DG_NO_TARGET,single_t4,T4_16GB,TBD_PROFILE,local_and_data_gates,PLANNED
378cb3a4609a1d128acb,final_10seed,confirmatory_primary,tfinance_v2,node_classification,historical_transductive_full,future_inductive_recent,best_single_feasible,composite,4,DG_NO_TARGET,single_t4,T4_16GB,TBD_PROFILE,local_and_data_gates,PLANNED
7081bbad09df3c9f4e8d,final_10seed,confirmatory_primary,tfinance_v2,node_classification,historical_transductive_full,future_inductive_recent,best_single_feasible,composite,5,DG_NO_TARGET,single_t4,T4_16GB,TBD_PROFILE,local_and_data_gates,PLANNED
d544ae7059e79d008942,final_10seed,confirmatory_primary,tfinance_v2,node_classification,historical_transductive_full,future_inductive_recent,best_single_feasible,composite,6,DG_NO_TARGET,single_t4,T4_16GB,TBD_PROFILE,local_and_data_gates,PLANNED
884e3290b21f4fcd3cdd,final_10seed,confirmatory_primary,tfinance_v2,node_classification,historical_transductive_full,future_inductive_recent,best_single_feasible,composite,7,DG_NO_TARGET,single_t4,T4_16GB,TBD_PROFILE,local_and_data_gates,PLANNED
c124f73f293024d97ead,final_10seed,confirmatory_primary,tfinance_v2,node_classification,historical_transductive_full,future_inductive_recent,best_single_feasible,composite,8,DG_NO_TARGET,single_t4,T4_16GB,TBD_PROFILE,local_and_data_gates,PLANNED
d42e1d0ecdf93269bb86,final_10seed,confirmatory_primary,tfinance_v2,node_classification,historical_transductive_full,future_inductive_recent,best_single_feasible,composite,9,DG_NO_TARGET,single_t4,T4_16GB,TBD_PROFILE,local_and_data_gates,PLANNED
53811899706ef86237bc,final_10seed,confirmatory_primary,tfinance_v2,node_classification,historical_transductive_full,future_inductive_recent,graphsafe_feature,composite,0,DG_NO_TARGET,single_t4,T4_16GB,TBD_PROFILE,local_and_data_gates,PLANNED
a92aa0047834808f7e38,final_10seed,confirmatory_primary,tfinance_v2,node_classification,historical_transductive_full,future_inductive_recent,graphsafe_feature,composite,1,DG_NO_TARGET,single_t4,T4_16GB,TBD_PROFILE,local_and_data_gates,PLANNED
3eb097b065c7542aef5c,final_10seed,confirmatory_primary,tfinance_v2,node_classification,historical_transductive_full,future_inductive_recent,graphsafe_feature,composite,2,DG_NO_TARGET,single_t4,T4_16GB,TBD_PROFILE,local_and_data_gates,PLANNED
28b2db251984ace6bfd4,final_10seed,confirmatory_primary,tfinance_v2,node_classification,historical_transductive_full,future_inductive_recent,graphsafe_feature,composite,3,DG_NO_TARGET,single_t4,T4_16GB,TBD_PROFILE,local_and_data_gates,PLANNED
ac2752499afa6ff4c9e9,final_10seed,confirmatory_primary,tfinance_v2,node_classification,historical_transductive_full,future_inductive_recent,graphsafe_feature,composite,4,DG_NO_TARGET,single_t4,T4_16GB,TBD_PROFILE,local_and_data_gates,PLANNED
13a69612685d6dacfcdb,final_10seed,confirmatory_primary,tfinance_v2,node_classification,historical_transductive_full,future_inductive_recent,graphsafe_feature,composite,5,DG_NO_TARGET,single_t4,T4_16GB,TBD_PROFILE,local_and_data_gates,PLANNED
9877753867f567215b49,final_10seed,confirmatory_primary,tfinance_v2,node_classification,historical_transductive_full,future_inductive_recent,graphsafe_feature,composite,6,DG_NO_TARGET,single_t4,T4_16GB,TBD_PROFILE,local_and_data_gates,PLANNED
db2e94646f5ca8ab1007,final_10seed,confirmatory_primary,tfinance_v2,node_classification,historical_transductive_full,future_inductive_recent,graphsafe_feature,composite,7,DG_NO_TARGET,single_t4,T4_16GB,TBD_PROFILE,local_and_data_gates,PLANNED
bbb5a80bfb62adb9a776,final_10seed,confirmatory_primary,tfinance_v2,node_classification,historical_transductive_full,future_inductive_recent,graphsafe_feature,composite,8,DG_NO_TARGET,single_t4,T4_16GB,TBD_PROFILE,local_and_data_gates,PLANNED
346f835c8f61b8d06f10,final_10seed,confirmatory_primary,tfinance_v2,node_classification,historical_transductive_full,future_inductive_recent,graphsafe_feature,composite,9,DG_NO_TARGET,single_t4,T4_16GB,TBD_PROFILE,local_and_data_gates,PLANNED
37d4389f0e1ffe60d67c,final_10seed,confirmatory_primary,tfinance_v2,node_classification,historical_transductive_full,future_inductive_recent,coregraph_factorised_diagnostics,composite,0,DG_NO_TARGET,single_t4,T4_16GB,TBD_PROFILE,local_and_data_gates,PLANNED
3c223bd653dea696bbb9,final_10seed,confirmatory_primary,tfinance_v2,node_classification,historical_transductive_full,future_inductive_recent,coregraph_factorised_diagnostics,composite,1,DG_NO_TARGET,single_t4,T4_16GB,TBD_PROFILE,local_and_data_gates,PLANNED
09a242484df2b98b68ad,final_10seed,confirmatory_primary,tfinance_v2,node_classification,historical_transductive_full,future_inductive_recent,coregraph_factorised_diagnostics,composite,2,DG_NO_TARGET,single_t4,T4_16GB,TBD_PROFILE,local_and_data_gates,PLANNED
5e8a34d6e11697f280d2,final_10seed,confirmatory_primary,tfinance_v2,node_classification,historical_transductive_full,future_inductive_recent,coregraph_factorised_diagnostics,composite,3,DG_NO_TARGET,single_t4,T4_16GB,TBD_PROFILE,local_and_data_gates,PLANNED
35494f81dd2912dea817,final_10seed,confirmatory_primary,tfinance_v2,node_classification,historical_transductive_full,future_inductive_recent,coregraph_factorised_diagnostics,composite,4,DG_NO_TARGET,single_t4,T4_16GB,TBD_PROFILE,local_and_data_gates,PLANNED
b834746b3adbc96fc2ec,final_10seed,confirmatory_primary,tfinance_v2,node_classification,historical_transductive_full,future_inductive_recent,coregraph_factorised_diagnostics,composite,5,DG_NO_TARGET,single_t4,T4_16GB,TBD_PROFILE,local_and_data_gates,PLANNED
342401c115401d446297,final_10seed,confirmatory_primary,tfinance_v2,node_classification,historical_transductive_full,future_inductive_recent,coregraph_factorised_diagnostics,composite,6,DG_NO_TARGET,single_t4,T4_16GB,TBD_PROFILE,local_and_data_gates,PLANNED
9b244eaad5c2fc615dcd,final_10seed,confirmatory_primary,tfinance_v2,node_classification,historical_transductive_full,future_inductive_recent,coregraph_factorised_diagnostics,composite,7,DG_NO_TARGET,single_t4,T4_16GB,TBD_PROFILE,local_and_data_gates,PLANNED
3937bc77b2078bf022aa,final_10seed,confirmatory_primary,tfinance_v2,node_classification,historical_transductive_full,future_inductive_recent,coregraph_factorised_diagnostics,composite,8,DG_NO_TARGET,single_t4,T4_16GB,TBD_PROFILE,local_and_data_gates,PLANNED
82999b4f178009813b7b,final_10seed,confirmatory_primary,tfinance_v2,node_classification,historical_transductive_full,future_inductive_recent,coregraph_factorised_diagnostics,composite,9,DG_NO_TARGET,single_t4,T4_16GB,TBD_PROFILE,local_and_data_gates,PLANNED
102bf5d079c8a6369b40,final_10seed,confirmatory_primary,tfinance_v2,node_classification,historical_inductive_full,future_missing_graph,best_single_feasible,composite,0,DG_NO_TARGET,single_t4,T4_16GB,TBD_PROFILE,local_and_data_gates,PLANNED
b3b5d146828c66f9b1e2,final_10seed,confirmatory_primary,tfinance_v2,node_classification,historical_inductive_full,future_missing_graph,best_single_feasible,composite,1,DG_NO_TARGET,single_t4,T4_16GB,TBD_PROFILE,local_and_data_gates,PLANNED
4a80ca8c4add4a791873,final_10seed,confirmatory_primary,tfinance_v2,node_classification,historical_inductive_full,future_missing_graph,best_single_feasible,composite,2,DG_NO_TARGET,single_t4,T4_16GB,TBD_PROFILE,local_and_data_gates,PLANNED
136f9bdec52766994a53,final_10seed,confirmatory_primary,tfinance_v2,node_classification,historical_inductive_full,future_missing_graph,best_single_feasible,composite,3,DG_NO_TARGET,single_t4,T4_16GB,TBD_PROFILE,local_and_data_gates,PLANNED
e7e23cbfe9a539f6b522,final_10seed,confirmatory_primary,tfinance_v2,node_classification,historical_inductive_full,future_missing_graph,best_single_feasible,composite,4,DG_NO_TARGET,single_t4,T4_16GB,TBD_PROFILE,local_and_data_gates,PLANNED
2625293f9e5dbdfcfc0a,final_10seed,confirmatory_primary,tfinance_v2,node_classification,historical_inductive_full,future_missing_graph,best_single_feasible,composite,5,DG_NO_TARGET,single_t4,T4_16GB,TBD_PROFILE,local_and_data_gates,PLANNED
fbfe8c4be595022388d9,final_10seed,confirmatory_primary,tfinance_v2,node_classification,historical_inductive_full,future_missing_graph,best_single_feasible,composite,6,DG_NO_TARGET,single_t4,T4_16GB,TBD_PROFILE,local_and_data_gates,PLANNED
44d4f51bc7637ab97b27,final_10seed,confirmatory_primary,tfinance_v2,node_classification,historical_inductive_full,future_missing_graph,best_single_feasible,composite,7,DG_NO_TARGET,single_t4,T4_16GB,TBD_PROFILE,local_and_data_gates,PLANNED
c131989f6438203f7790,final_10seed,confirmatory_primary,tfinance_v2,node_classification,historical_inductive_full,future_missing_graph,best_single_feasible,composite,8,DG_NO_TARGET,single_t4,T4_16GB,TBD_PROFILE,local_and_data_gates,PLANNED
c2ad03727356a39c1c91,final_10seed,confirmatory_primary,tfinance_v2,node_classification,historical_inductive_full,future_missing_graph,best_single_feasible,composite,9,DG_NO_TARGET,single_t4,T4_16GB,TBD_PROFILE,local_and_data_gates,PLANNED
6cc9ab1f8a2606ac8ba4,final_10seed,confirmatory_primary,tfinance_v2,node_classification,historical_inductive_full,future_missing_graph,graphsafe_feature,composite,0,DG_NO_TARGET,single_t4,T4_16GB,TBD_PROFILE,local_and_data_gates,PLANNED
f72e37579f179d5a292e,final_10seed,confirmatory_primary,tfinance_v2,node_classification,historical_inductive_full,future_missing_graph,graphsafe_feature,composite,1,DG_NO_TARGET,single_t4,T4_16GB,TBD_PROFILE,local_and_data_gates,PLANNED
6f2df757c30a72c8f509,final_10seed,confirmatory_primary,tfinance_v2,node_classification,historical_inductive_full,future_missing_graph,graphsafe_feature,composite,2,DG_NO_TARGET,single_t4,T4_16GB,TBD_PROFILE,local_and_data_gates,PLANNED
32ca9303b6979a3ece53,final_10seed,confirmatory_primary,tfinance_v2,node_classification,historical_inductive_full,future_missing_graph,graphsafe_feature,composite,3,DG_NO_TARGET,single_t4,T4_16GB,TBD_PROFILE,local_and_data_gates,PLANNED
dda1f873782cb2324f30,final_10seed,confirmatory_primary,tfinance_v2,node_classification,historical_inductive_full,future_missing_graph,graphsafe_feature,composite,4,DG_NO_TARGET,single_t4,T4_16GB,TBD_PROFILE,local_and_data_gates,PLANNED
843a1b11096594b07cda,final_10seed,confirmatory_primary,tfinance_v2,node_classification,historical_inductive_full,future_missing_graph,graphsafe_feature,composite,5,DG_NO_TARGET,single_t4,T4_16GB,TBD_PROFILE,local_and_data_gates,PLANNED
68fb14cf5ac89a63d583,final_10seed,confirmatory_primary,tfinance_v2,node_classification,historical_inductive_full,future_missing_graph,graphsafe_feature,composite,6,DG_NO_TARGET,single_t4,T4_16GB,TBD_PROFILE,local_and_data_gates,PLANNED
7b220900e5611663921c,final_10seed,confirmatory_primary,tfinance_v2,node_classification,historical_inductive_full,future_missing_graph,graphsafe_feature,composite,7,DG_NO_TARGET,single_t4,T4_16GB,TBD_PROFILE,local_and_data_gates,PLANNED
01042d3eae2d45bea5e3,final_10seed,confirmatory_primary,tfinance_v2,node_classification,historical_inductive_full,future_missing_graph,graphsafe_feature,composite,8,DG_NO_TARGET,single_t4,T4_16GB,TBD_PROFILE,local_and_data_gates,PLANNED
20d9f0d0753543554e3a,final_10seed,confirmatory_primary,tfinance_v2,node_classification,historical_inductive_full,future_missing_graph,graphsafe_feature,composite,9,DG_NO_TARGET,single_t4,T4_16GB,TBD_PROFILE,local_and_data_gates,PLANNED
b60d12ae9fd1b0674f8b,final_10seed,confirmatory_primary,tfinance_v2,node_classification,historical_inductive_full,future_missing_graph,coregraph_factorised_diagnostics,composite,0,DG_NO_TARGET,single_t4,T4_16GB,TBD_PROFILE,local_and_data_gates,PLANNED
357212b640e8054d2c2a,final_10seed,confirmatory_primary,tfinance_v2,node_classification,historical_inductive_full,future_missing_graph,coregraph_factorised_diagnostics,composite,1,DG_NO_TARGET,single_t4,T4_16GB,TBD_PROFILE,local_and_data_gates,PLANNED
3176b7dc33caf22ba743,final_10seed,confirmatory_primary,tfinance_v2,node_classification,historical_inductive_full,future_missing_graph,coregraph_factorised_diagnostics,composite,2,DG_NO_TARGET,single_t4,T4_16GB,TBD_PROFILE,local_and_data_gates,PLANNED
42ced14c9c04556f9e82,final_10seed,confirmatory_primary,tfinance_v2,node_classification,historical_inductive_full,future_missing_graph,coregraph_factorised_diagnostics,composite,3,DG_NO_TARGET,single_t4,T4_16GB,TBD_PROFILE,local_and_data_gates,PLANNED
a250c2ab2bdfa7e8d807,final_10seed,confirmatory_primary,tfinance_v2,node_classification,historical_inductive_full,future_missing_graph,coregraph_factorised_diagnostics,composite,4,DG_NO_TARGET,single_t4,T4_16GB,TBD_PROFILE,local_and_data_gates,PLANNED
50892acaa6e4285b0e97,final_10seed,confirmatory_primary,tfinance_v2,node_classification,historical_inductive_full,future_missing_graph,coregraph_factorised_diagnostics,composite,5,DG_NO_TARGET,single_t4,T4_16GB,TBD_PROFILE,local_and_data_gates,PLANNED
86d8036f479c7b70cc3a,final_10seed,confirmatory_primary,tfinance_v2,node_classification,historical_inductive_full,future_missing_graph,coregraph_factorised_diagnostics,composite,6,DG_NO_TARGET,single_t4,T4_16GB,TBD_PROFILE,local_and_data_gates,PLANNED
116c43914792f724f21d,final_10seed,confirmatory_primary,tfinance_v2,node_classification,historical_inductive_full,future_missing_graph,coregraph_factorised_diagnostics,composite,7,DG_NO_TARGET,single_t4,T4_16GB,TBD_PROFILE,local_and_data_gates,PLANNED
496a3905312ae82c03fe,final_10seed,confirmatory_primary,tfinance_v2,node_classification,historical_inductive_full,future_missing_graph,coregraph_factorised_diagnostics,composite,8,DG_NO_TARGET,single_t4,T4_16GB,TBD_PROFILE,local_and_data_gates,PLANNED
24417c7887106135380e,final_10seed,confirmatory_primary,tfinance_v2,node_classification,historical_inductive_full,future_missing_graph,coregraph_factorised_diagnostics,composite,9,DG_NO_TARGET,single_t4,T4_16GB,TBD_PROFILE,local_and_data_gates,PLANNED
01bba2814e58407ce435,final_10seed,confirmatory_primary,tfinance_v2,node_classification,historical_inductive_full,future_budget_topk,best_single_feasible,composite,0,DG_NO_TARGET,single_t4,T4_16GB,TBD_PROFILE,local_and_data_gates,PLANNED
aed00cc00bcdbc8bdc88,final_10seed,confirmatory_primary,tfinance_v2,node_classification,historical_inductive_full,future_budget_topk,best_single_feasible,composite,1,DG_NO_TARGET,single_t4,T4_16GB,TBD_PROFILE,local_and_data_gates,PLANNED
39242469f12069c2c0ac,final_10seed,confirmatory_primary,tfinance_v2,node_classification,historical_inductive_full,future_budget_topk,best_single_feasible,composite,2,DG_NO_TARGET,single_t4,T4_16GB,TBD_PROFILE,local_and_data_gates,PLANNED
0a888ef5f5e4a17c0060,final_10seed,confirmatory_primary,tfinance_v2,node_classification,historical_inductive_full,future_budget_topk,best_single_feasible,composite,3,DG_NO_TARGET,single_t4,T4_16GB,TBD_PROFILE,local_and_data_gates,PLANNED
47098e0576e70ae08bea,final_10seed,confirmatory_primary,tfinance_v2,node_classification,historical_inductive_full,future_budget_topk,best_single_feasible,composite,4,DG_NO_TARGET,single_t4,T4_16GB,TBD_PROFILE,local_and_data_gates,PLANNED
a4d643a234f2d162852b,final_10seed,confirmatory_primary,tfinance_v2,node_classification,historical_inductive_full,future_budget_topk,best_single_feasible,composite,5,DG_NO_TARGET,single_t4,T4_16GB,TBD_PROFILE,local_and_data_gates,PLANNED
e5921f06efb3b33d0702,final_10seed,confirmatory_primary,tfinance_v2,node_classification,historical_inductive_full,future_budget_topk,best_single_feasible,composite,6,DG_NO_TARGET,single_t4,T4_16GB,TBD_PROFILE,local_and_data_gates,PLANNED
0f0dd66a8bc820aa9f9e,final_10seed,confirmatory_primary,tfinance_v2,node_classification,historical_inductive_full,future_budget_topk,best_single_feasible,composite,7,DG_NO_TARGET,single_t4,T4_16GB,TBD_PROFILE,local_and_data_gates,PLANNED
ca94510623eaadf770d1,final_10seed,confirmatory_primary,tfinance_v2,node_classification,historical_inductive_full,future_budget_topk,best_single_feasible,composite,8,DG_NO_TARGET,single_t4,T4_16GB,TBD_PROFILE,local_and_data_gates,PLANNED
2fcbaa3bb5a41c2f6d05,final_10seed,confirmatory_primary,tfinance_v2,node_classification,historical_inductive_full,future_budget_topk,best_single_feasible,composite,9,DG_NO_TARGET,single_t4,T4_16GB,TBD_PROFILE,local_and_data_gates,PLANNED
0d2fbd99385db6e79f12,final_10seed,confirmatory_primary,tfinance_v2,node_classification,historical_inductive_full,future_budget_topk,graphsafe_feature,composite,0,DG_NO_TARGET,single_t4,T4_16GB,TBD_PROFILE,local_and_data_gates,PLANNED
e8f3dcc1768973df376f,final_10seed,confirmatory_primary,tfinance_v2,node_classification,historical_inductive_full,future_budget_topk,graphsafe_feature,composite,1,DG_NO_TARGET,single_t4,T4_16GB,TBD_PROFILE,local_and_data_gates,PLANNED
29ca6ed768a28332f07d,final_10seed,confirmatory_primary,tfinance_v2,node_classification,historical_inductive_full,future_budget_topk,graphsafe_feature,composite,2,DG_NO_TARGET,single_t4,T4_16GB,TBD_PROFILE,local_and_data_gates,PLANNED
b19cd09d802d6b8d97d2,final_10seed,confirmatory_primary,tfinance_v2,node_classification,historical_inductive_full,future_budget_topk,graphsafe_feature,composite,3,DG_NO_TARGET,single_t4,T4_16GB,TBD_PROFILE,local_and_data_gates,PLANNED
ff00d942facdbf69d69d,final_10seed,confirmatory_primary,tfinance_v2,node_classification,historical_inductive_full,future_budget_topk,graphsafe_feature,composite,4,DG_NO_TARGET,single_t4,T4_16GB,TBD_PROFILE,local_and_data_gates,PLANNED
e75755cfe804ec8fd185,final_10seed,confirmatory_primary,tfinance_v2,node_classification,historical_inductive_full,future_budget_topk,graphsafe_feature,composite,5,DG_NO_TARGET,single_t4,T4_16GB,TBD_PROFILE,local_and_data_gates,PLANNED
7aa2819e51921725af34,final_10seed,confirmatory_primary,tfinance_v2,node_classification,historical_inductive_full,future_budget_topk,graphsafe_feature,composite,6,DG_NO_TARGET,single_t4,T4_16GB,TBD_PROFILE,local_and_data_gates,PLANNED
f8ca8e30a671f45b9c77,final_10seed,confirmatory_primary,tfinance_v2,node_classification,historical_inductive_full,future_budget_topk,graphsafe_feature,composite,7,DG_NO_TARGET,single_t4,T4_16GB,TBD_PROFILE,local_and_data_gates,PLANNED
69df476fb0270676f0f5,final_10seed,confirmatory_primary,tfinance_v2,node_classification,historical_inductive_full,future_budget_topk,graphsafe_feature,composite,8,DG_NO_TARGET,single_t4,T4_16GB,TBD_PROFILE,local_and_data_gates,PLANNED
635052e14643f4a42118,final_10seed,confirmatory_primary,tfinance_v2,node_classification,historical_inductive_full,future_budget_topk,graphsafe_feature,composite,9,DG_NO_TARGET,single_t4,T4_16GB,TBD_PROFILE,local_and_data_gates,PLANNED
6e092426388ab0740162,final_10seed,confirmatory_primary,tfinance_v2,node_classification,historical_inductive_full,future_budget_topk,coregraph_factorised_diagnostics,composite,0,DG_NO_TARGET,single_t4,T4_16GB,TBD_PROFILE,local_and_data_gates,PLANNED
753efb53daea2de1f5c1,final_10seed,confirmatory_primary,tfinance_v2,node_classification,historical_inductive_full,future_budget_topk,coregraph_factorised_diagnostics,composite,1,DG_NO_TARGET,single_t4,T4_16GB,TBD_PROFILE,local_and_data_gates,PLANNED
4e96b1cfe12e54b4ceb9,final_10seed,confirmatory_primary,tfinance_v2,node_classification,historical_inductive_full,future_budget_topk,coregraph_factorised_diagnostics,composite,2,DG_NO_TARGET,single_t4,T4_16GB,TBD_PROFILE,local_and_data_gates,PLANNED
8e2c5818113ffaeff42f,final_10seed,confirmatory_primary,tfinance_v2,node_classification,historical_inductive_full,future_budget_topk,coregraph_factorised_diagnostics,composite,3,DG_NO_TARGET,single_t4,T4_16GB,TBD_PROFILE,local_and_data_gates,PLANNED
af5065aeeb854eec3bb0,final_10seed,confirmatory_primary,tfinance_v2,node_classification,historical_inductive_full,future_budget_topk,coregraph_factorised_diagnostics,composite,4,DG_NO_TARGET,single_t4,T4_16GB,TBD_PROFILE,local_and_data_gates,PLANNED
8d2ac1c9cf16734ea937,final_10seed,confirmatory_primary,tfinance_v2,node_classification,historical_inductive_full,future_budget_topk,coregraph_factorised_diagnostics,composite,5,DG_NO_TARGET,single_t4,T4_16GB,TBD_PROFILE,local_and_data_gates,PLANNED
66452dafc5f5b14848fc,final_10seed,confirmatory_primary,tfinance_v2,node_classification,historical_inductive_full,future_budget_topk,coregraph_factorised_diagnostics,composite,6,DG_NO_TARGET,single_t4,T4_16GB,TBD_PROFILE,local_and_data_gates,PLANNED
5609f24d8e1516367975,final_10seed,confirmatory_primary,tfinance_v2,node_classification,historical_inductive_full,future_budget_topk,coregraph_factorised_diagnostics,composite,7,DG_NO_TARGET,single_t4,T4_16GB,TBD_PROFILE,local_and_data_gates,PLANNED
0686ec6f79d882d48882,final_10seed,confirmatory_primary,tfinance_v2,node_classification,historical_inductive_full,future_budget_topk,coregraph_factorised_diagnostics,composite,8,DG_NO_TARGET,single_t4,T4_16GB,TBD_PROFILE,local_and_data_gates,PLANNED
d1e8fa1c51784fc10cdc,final_10seed,confirmatory_primary,tfinance_v2,node_classification,historical_inductive_full,future_budget_topk,coregraph_factorised_diagnostics,composite,9,DG_NO_TARGET,single_t4,T4_16GB,TBD_PROFILE,local_and_data_gates,PLANNED
7bc7127564dcc26b3f53,final_10seed,confirmatory_primary,tfinance_v2,node_classification,historical_transductive_full,future_resource_limited,best_single_feasible,composite,0,DG_NO_TARGET,single_t4,T4_16GB,TBD_PROFILE,local_and_data_gates,PLANNED
19114931b7b680666a17,final_10seed,confirmatory_primary,tfinance_v2,node_classification,historical_transductive_full,future_resource_limited,best_single_feasible,composite,1,DG_NO_TARGET,single_t4,T4_16GB,TBD_PROFILE,local_and_data_gates,PLANNED
5cf80727077bc791d382,final_10seed,confirmatory_primary,tfinance_v2,node_classification,historical_transductive_full,future_resource_limited,best_single_feasible,composite,2,DG_NO_TARGET,single_t4,T4_16GB,TBD_PROFILE,local_and_data_gates,PLANNED
1decb51085ed0002bb16,final_10seed,confirmatory_primary,tfinance_v2,node_classification,historical_transductive_full,future_resource_limited,best_single_feasible,composite,3,DG_NO_TARGET,single_t4,T4_16GB,TBD_PROFILE,local_and_data_gates,PLANNED
93d2c83bf7f11408b6a4,final_10seed,confirmatory_primary,tfinance_v2,node_classification,historical_transductive_full,future_resource_limited,best_single_feasible,composite,4,DG_NO_TARGET,single_t4,T4_16GB,TBD_PROFILE,local_and_data_gates,PLANNED
0a3919933bbe13eb742e,final_10seed,confirmatory_primary,tfinance_v2,node_classification,historical_transductive_full,future_resource_limited,best_single_feasible,composite,5,DG_NO_TARGET,single_t4,T4_16GB,TBD_PROFILE,local_and_data_gates,PLANNED
bf55d04425130981cc49,final_10seed,confirmatory_primary,tfinance_v2,node_classification,historical_transductive_full,future_resource_limited,best_single_feasible,composite,6,DG_NO_TARGET,single_t4,T4_16GB,TBD_PROFILE,local_and_data_gates,PLANNED
5b4b4da8974beb530759,final_10seed,confirmatory_primary,tfinance_v2,node_classification,historical_transductive_full,future_resource_limited,best_single_feasible,composite,7,DG_NO_TARGET,single_t4,T4_16GB,TBD_PROFILE,local_and_data_gates,PLANNED
2144c1c02af0f1df1e33,final_10seed,confirmatory_primary,tfinance_v2,node_classification,historical_transductive_full,future_resource_limited,best_single_feasible,composite,8,DG_NO_TARGET,single_t4,T4_16GB,TBD_PROFILE,local_and_data_gates,PLANNED
62ee4d479e67635a0128,final_10seed,confirmatory_primary,tfinance_v2,node_classification,historical_transductive_full,future_resource_limited,best_single_feasible,composite,9,DG_NO_TARGET,single_t4,T4_16GB,TBD_PROFILE,local_and_data_gates,PLANNED
f7b66138cf6621d04648,final_10seed,confirmatory_primary,tfinance_v2,node_classification,historical_transductive_full,future_resource_limited,graphsafe_feature,composite,0,DG_NO_TARGET,single_t4,T4_16GB,TBD_PROFILE,local_and_data_gates,PLANNED
e2aa9b0772b4d4efa174,final_10seed,confirmatory_primary,tfinance_v2,node_classification,historical_transductive_full,future_resource_limited,graphsafe_feature,composite,1,DG_NO_TARGET,single_t4,T4_16GB,TBD_PROFILE,local_and_data_gates,PLANNED
9f6c6505f1e502a9ed67,final_10seed,confirmatory_primary,tfinance_v2,node_classification,historical_transductive_full,future_resource_limited,graphsafe_feature,composite,2,DG_NO_TARGET,single_t4,T4_16GB,TBD_PROFILE,local_and_data_gates,PLANNED
34c5d056a1b8ace26437,final_10seed,confirmatory_primary,tfinance_v2,node_classification,historical_transductive_full,future_resource_limited,graphsafe_feature,composite,3,DG_NO_TARGET,single_t4,T4_16GB,TBD_PROFILE,local_and_data_gates,PLANNED
f1fc78501414aba2a9f7,final_10seed,confirmatory_primary,tfinance_v2,node_classification,historical_transductive_full,future_resource_limited,graphsafe_feature,composite,4,DG_NO_TARGET,single_t4,T4_16GB,TBD_PROFILE,local_and_data_gates,PLANNED
a26b7437903708b58b37,final_10seed,confirmatory_primary,tfinance_v2,node_classification,historical_transductive_full,future_resource_limited,graphsafe_feature,composite,5,DG_NO_TARGET,single_t4,T4_16GB,TBD_PROFILE,local_and_data_gates,PLANNED
45e3b5b6936c7cc47a46,final_10seed,confirmatory_primary,tfinance_v2,node_classification,historical_transductive_full,future_resource_limited,graphsafe_feature,composite,6,DG_NO_TARGET,single_t4,T4_16GB,TBD_PROFILE,local_and_data_gates,PLANNED
0f66a4dd3569b3f0d6cb,final_10seed,confirmatory_primary,tfinance_v2,node_classification,historical_transductive_full,future_resource_limited,graphsafe_feature,composite,7,DG_NO_TARGET,single_t4,T4_16GB,TBD_PROFILE,local_and_data_gates,PLANNED
9c1656b5b5d6ba302eca,final_10seed,confirmatory_primary,tfinance_v2,node_classification,historical_transductive_full,future_resource_limited,graphsafe_feature,composite,8,DG_NO_TARGET,single_t4,T4_16GB,TBD_PROFILE,local_and_data_gates,PLANNED
971c754ea84b0cfa0fdb,final_10seed,confirmatory_primary,tfinance_v2,node_classification,historical_transductive_full,future_resource_limited,graphsafe_feature,composite,9,DG_NO_TARGET,single_t4,T4_16GB,TBD_PROFILE,local_and_data_gates,PLANNED
6c67f1797cfc6f1718a8,final_10seed,confirmatory_primary,tfinance_v2,node_classification,historical_transductive_full,future_resource_limited,coregraph_factorised_diagnostics,composite,0,DG_NO_TARGET,single_t4,T4_16GB,TBD_PROFILE,local_and_data_gates,PLANNED
6a909e484b2d10542fcb,final_10seed,confirmatory_primary,tfinance_v2,node_classification,historical_transductive_full,future_resource_limited,coregraph_factorised_diagnostics,composite,1,DG_NO_TARGET,single_t4,T4_16GB,TBD_PROFILE,local_and_data_gates,PLANNED
6275b05a8a073407b228,final_10seed,confirmatory_primary,tfinance_v2,node_classification,historical_transductive_full,future_resource_limited,coregraph_factorised_diagnostics,composite,2,DG_NO_TARGET,single_t4,T4_16GB,TBD_PROFILE,local_and_data_gates,PLANNED
228c6dd9668e09703fdb,final_10seed,confirmatory_primary,tfinance_v2,node_classification,historical_transductive_full,future_resource_limited,coregraph_factorised_diagnostics,composite,3,DG_NO_TARGET,single_t4,T4_16GB,TBD_PROFILE,local_and_data_gates,PLANNED
e376346a69a973b1b3ee,final_10seed,confirmatory_primary,tfinance_v2,node_classification,historical_transductive_full,future_resource_limited,coregraph_factorised_diagnostics,composite,4,DG_NO_TARGET,single_t4,T4_16GB,TBD_PROFILE,local_and_data_gates,PLANNED
d7c4cd3f125f1bad4986,final_10seed,confirmatory_primary,tfinance_v2,node_classification,historical_transductive_full,future_resource_limited,coregraph_factorised_diagnostics,composite,5,DG_NO_TARGET,single_t4,T4_16GB,TBD_PROFILE,local_and_data_gates,PLANNED
297bb1b1b751a8299c46,final_10seed,confirmatory_primary,tfinance_v2,node_classification,historical_transductive_full,future_resource_limited,coregraph_factorised_diagnostics,composite,6,DG_NO_TARGET,single_t4,T4_16GB,TBD_PROFILE,local_and_data_gates,PLANNED
5c56a1e8cfe9fe215a53,final_10seed,confirmatory_primary,tfinance_v2,node_classification,historical_transductive_full,future_resource_limited,coregraph_factorised_diagnostics,composite,7,DG_NO_TARGET,single_t4,T4_16GB,TBD_PROFILE,local_and_data_gates,PLANNED
cf5d85d1059459ba8d12,final_10seed,confirmatory_primary,tfinance_v2,node_classification,historical_transductive_full,future_resource_limited,coregraph_factorised_diagnostics,composite,8,DG_NO_TARGET,single_t4,T4_16GB,TBD_PROFILE,local_and_data_gates,PLANNED
6ed4105ec43472fafb79,final_10seed,confirmatory_primary,tfinance_v2,node_classification,historical_transductive_full,future_resource_limited,coregraph_factorised_diagnostics,composite,9,DG_NO_TARGET,single_t4,T4_16GB,TBD_PROFILE,local_and_data_gates,PLANNED
a9a2160115ef1ff38145,final_10seed,confirmatory_primary,ellipticpp_v2,edge_classification,historical_transductive_full,future_inductive_full,best_single_feasible,composite,0,DG_NO_TARGET,single_t4,T4_16GB,TBD_PROFILE,local_and_data_gates,PLANNED
124177133d53d19119c7,final_10seed,confirmatory_primary,ellipticpp_v2,edge_classification,historical_transductive_full,future_inductive_full,best_single_feasible,composite,1,DG_NO_TARGET,single_t4,T4_16GB,TBD_PROFILE,local_and_data_gates,PLANNED
4f81b2c2ad0ade65013d,final_10seed,confirmatory_primary,ellipticpp_v2,edge_classification,historical_transductive_full,future_inductive_full,best_single_feasible,composite,2,DG_NO_TARGET,single_t4,T4_16GB,TBD_PROFILE,local_and_data_gates,PLANNED
ed123df209578d3a6259,final_10seed,confirmatory_primary,ellipticpp_v2,edge_classification,historical_transductive_full,future_inductive_full,best_single_feasible,composite,3,DG_NO_TARGET,single_t4,T4_16GB,TBD_PROFILE,local_and_data_gates,PLANNED
bb69b439ea5f717c630e,final_10seed,confirmatory_primary,ellipticpp_v2,edge_classification,historical_transductive_full,future_inductive_full,best_single_feasible,composite,4,DG_NO_TARGET,single_t4,T4_16GB,TBD_PROFILE,local_and_data_gates,PLANNED
f83c923662aa656749bd,final_10seed,confirmatory_primary,ellipticpp_v2,edge_classification,historical_transductive_full,future_inductive_full,best_single_feasible,composite,5,DG_NO_TARGET,single_t4,T4_16GB,TBD_PROFILE,local_and_data_gates,PLANNED
b36b78bfcd4d7b655cdf,final_10seed,confirmatory_primary,ellipticpp_v2,edge_classification,historical_transductive_full,future_inductive_full,best_single_feasible,composite,6,DG_NO_TARGET,single_t4,T4_16GB,TBD_PROFILE,local_and_data_gates,PLANNED
45d1ef798341359ca7d9,final_10seed,confirmatory_primary,ellipticpp_v2,edge_classification,historical_transductive_full,future_inductive_full,best_single_feasible,composite,7,DG_NO_TARGET,single_t4,T4_16GB,TBD_PROFILE,local_and_data_gates,PLANNED
4a95365b2540c2b9c15f,final_10seed,confirmatory_primary,ellipticpp_v2,edge_classification,historical_transductive_full,future_inductive_full,best_single_feasible,composite,8,DG_NO_TARGET,single_t4,T4_16GB,TBD_PROFILE,local_and_data_gates,PLANNED
7ad792151a21e12ab41b,final_10seed,confirmatory_primary,ellipticpp_v2,edge_classification,historical_transductive_full,future_inductive_full,best_single_feasible,composite,9,DG_NO_TARGET,single_t4,T4_16GB,TBD_PROFILE,local_and_data_gates,PLANNED
e42e14a52c3101f30622,final_10seed,confirmatory_primary,ellipticpp_v2,edge_classification,historical_transductive_full,future_inductive_full,graphsafe_feature,composite,0,DG_NO_TARGET,single_t4,T4_16GB,TBD_PROFILE,local_and_data_gates,PLANNED
af2a6751634cc3cc8cd8,final_10seed,confirmatory_primary,ellipticpp_v2,edge_classification,historical_transductive_full,future_inductive_full,graphsafe_feature,composite,1,DG_NO_TARGET,single_t4,T4_16GB,TBD_PROFILE,local_and_data_gates,PLANNED
2283ee3689c202b0522f,final_10seed,confirmatory_primary,ellipticpp_v2,edge_classification,historical_transductive_full,future_inductive_full,graphsafe_feature,composite,2,DG_NO_TARGET,single_t4,T4_16GB,TBD_PROFILE,local_and_data_gates,PLANNED
b93a142e5dbc7dc2c8e3,final_10seed,confirmatory_primary,ellipticpp_v2,edge_classification,historical_transductive_full,future_inductive_full,graphsafe_feature,composite,3,DG_NO_TARGET,single_t4,T4_16GB,TBD_PROFILE,local_and_data_gates,PLANNED
b81280ee58b053c656e6,final_10seed,confirmatory_primary,ellipticpp_v2,edge_classification,historical_transductive_full,future_inductive_full,graphsafe_feature,composite,4,DG_NO_TARGET,single_t4,T4_16GB,TBD_PROFILE,local_and_data_gates,PLANNED
9e567aecc52ff5c0e32e,final_10seed,confirmatory_primary,ellipticpp_v2,edge_classification,historical_transductive_full,future_inductive_full,graphsafe_feature,composite,5,DG_NO_TARGET,single_t4,T4_16GB,TBD_PROFILE,local_and_data_gates,PLANNED
5db92c75e924ed1737ca,final_10seed,confirmatory_primary,ellipticpp_v2,edge_classification,historical_transductive_full,future_inductive_full,graphsafe_feature,composite,6,DG_NO_TARGET,single_t4,T4_16GB,TBD_PROFILE,local_and_data_gates,PLANNED
c5d262bb6448c0147c11,final_10seed,confirmatory_primary,ellipticpp_v2,edge_classification,historical_transductive_full,future_inductive_full,graphsafe_feature,composite,7,DG_NO_TARGET,single_t4,T4_16GB,TBD_PROFILE,local_and_data_gates,PLANNED
ad97d9151c421a273687,final_10seed,confirmatory_primary,ellipticpp_v2,edge_classification,historical_transductive_full,future_inductive_full,graphsafe_feature,composite,8,DG_NO_TARGET,single_t4,T4_16GB,TBD_PROFILE,local_and_data_gates,PLANNED
79a3c0b4265dc41c07a6,final_10seed,confirmatory_primary,ellipticpp_v2,edge_classification,historical_transductive_full,future_inductive_full,graphsafe_feature,composite,9,DG_NO_TARGET,single_t4,T4_16GB,TBD_PROFILE,local_and_data_gates,PLANNED
dbed28831b88c2ef85e8,final_10seed,confirmatory_primary,ellipticpp_v2,edge_classification,historical_transductive_full,future_inductive_full,coregraph_factorised_diagnostics,composite,0,DG_NO_TARGET,single_t4,T4_16GB,TBD_PROFILE,local_and_data_gates,PLANNED
634fc8bc08c78af3b722,final_10seed,confirmatory_primary,ellipticpp_v2,edge_classification,historical_transductive_full,future_inductive_full,coregraph_factorised_diagnostics,composite,1,DG_NO_TARGET,single_t4,T4_16GB,TBD_PROFILE,local_and_data_gates,PLANNED
3702038017a593aaa412,final_10seed,confirmatory_primary,ellipticpp_v2,edge_classification,historical_transductive_full,future_inductive_full,coregraph_factorised_diagnostics,composite,2,DG_NO_TARGET,single_t4,T4_16GB,TBD_PROFILE,local_and_data_gates,PLANNED
810e433f74e0367c9791,final_10seed,confirmatory_primary,ellipticpp_v2,edge_classification,historical_transductive_full,future_inductive_full,coregraph_factorised_diagnostics,composite,3,DG_NO_TARGET,single_t4,T4_16GB,TBD_PROFILE,local_and_data_gates,PLANNED
59337ed35e0751bd5f02,final_10seed,confirmatory_primary,ellipticpp_v2,edge_classification,historical_transductive_full,future_inductive_full,coregraph_factorised_diagnostics,composite,4,DG_NO_TARGET,single_t4,T4_16GB,TBD_PROFILE,local_and_data_gates,PLANNED
b6a1123ac1ca290a4e0d,final_10seed,confirmatory_primary,ellipticpp_v2,edge_classification,historical_transductive_full,future_inductive_full,coregraph_factorised_diagnostics,composite,5,DG_NO_TARGET,single_t4,T4_16GB,TBD_PROFILE,local_and_data_gates,PLANNED
ed574e7018b2895f85fa,final_10seed,confirmatory_primary,ellipticpp_v2,edge_classification,historical_transductive_full,future_inductive_full,coregraph_factorised_diagnostics,composite,6,DG_NO_TARGET,single_t4,T4_16GB,TBD_PROFILE,local_and_data_gates,PLANNED
b47d2e0cbb36d7c6dda9,final_10seed,confirmatory_primary,ellipticpp_v2,edge_classification,historical_transductive_full,future_inductive_full,coregraph_factorised_diagnostics,composite,7,DG_NO_TARGET,single_t4,T4_16GB,TBD_PROFILE,local_and_data_gates,PLANNED
382038720acf2451f704,final_10seed,confirmatory_primary,ellipticpp_v2,edge_classification,historical_transductive_full,future_inductive_full,coregraph_factorised_diagnostics,composite,8,DG_NO_TARGET,single_t4,T4_16GB,TBD_PROFILE,local_and_data_gates,PLANNED
d553320fd3e8e3c637b4,final_10seed,confirmatory_primary,ellipticpp_v2,edge_classification,historical_transductive_full,future_inductive_full,coregraph_factorised_diagnostics,composite,9,DG_NO_TARGET,single_t4,T4_16GB,TBD_PROFILE,local_and_data_gates,PLANNED
a7145f41ce77c7e21647,final_10seed,confirmatory_primary,ellipticpp_v2,edge_classification,historical_transductive_full,future_inductive_recent,best_single_feasible,composite,0,DG_NO_TARGET,single_t4,T4_16GB,TBD_PROFILE,local_and_data_gates,PLANNED
b68e8eed5e4b710502fb,final_10seed,confirmatory_primary,ellipticpp_v2,edge_classification,historical_transductive_full,future_inductive_recent,best_single_feasible,composite,1,DG_NO_TARGET,single_t4,T4_16GB,TBD_PROFILE,local_and_data_gates,PLANNED
7a8e9b47c0e3af6a27e5,final_10seed,confirmatory_primary,ellipticpp_v2,edge_classification,historical_transductive_full,future_inductive_recent,best_single_feasible,composite,2,DG_NO_TARGET,single_t4,T4_16GB,TBD_PROFILE,local_and_data_gates,PLANNED
ad5c1f34c1b5c5aadddd,final_10seed,confirmatory_primary,ellipticpp_v2,edge_classification,historical_transductive_full,future_inductive_recent,best_single_feasible,composite,3,DG_NO_TARGET,single_t4,T4_16GB,TBD_PROFILE,local_and_data_gates,PLANNED
393d4b60caca8fa1bc43,final_10seed,confirmatory_primary,ellipticpp_v2,edge_classification,historical_transductive_full,future_inductive_recent,best_single_feasible,composite,4,DG_NO_TARGET,single_t4,T4_16GB,TBD_PROFILE,local_and_data_gates,PLANNED
dec6dfdf3c127b6ff9c6,final_10seed,confirmatory_primary,ellipticpp_v2,edge_classification,historical_transductive_full,future_inductive_recent,best_single_feasible,composite,5,DG_NO_TARGET,single_t4,T4_16GB,TBD_PROFILE,local_and_data_gates,PLANNED
be75e7704729291e855f,final_10seed,confirmatory_primary,ellipticpp_v2,edge_classification,historical_transductive_full,future_inductive_recent,best_single_feasible,composite,6,DG_NO_TARGET,single_t4,T4_16GB,TBD_PROFILE,local_and_data_gates,PLANNED
e5edd9984ae07d702e4d,final_10seed,confirmatory_primary,ellipticpp_v2,edge_classification,historical_transductive_full,future_inductive_recent,best_single_feasible,composite,7,DG_NO_TARGET,single_t4,T4_16GB,TBD_PROFILE,local_and_data_gates,PLANNED
6cca382a8a3ff28fba6d,final_10seed,confirmatory_primary,ellipticpp_v2,edge_classification,historical_transductive_full,future_inductive_recent,best_single_feasible,composite,8,DG_NO_TARGET,single_t4,T4_16GB,TBD_PROFILE,local_and_data_gates,PLANNED
efe7cbe1624e33d08833,final_10seed,confirmatory_primary,ellipticpp_v2,edge_classification,historical_transductive_full,future_inductive_recent,best_single_feasible,composite,9,DG_NO_TARGET,single_t4,T4_16GB,TBD_PROFILE,local_and_data_gates,PLANNED
00924dbbcbec883a4cb1,final_10seed,confirmatory_primary,ellipticpp_v2,edge_classification,historical_transductive_full,future_inductive_recent,graphsafe_feature,composite,0,DG_NO_TARGET,single_t4,T4_16GB,TBD_PROFILE,local_and_data_gates,PLANNED
e18b05c17e281bb3907f,final_10seed,confirmatory_primary,ellipticpp_v2,edge_classification,historical_transductive_full,future_inductive_recent,graphsafe_feature,composite,1,DG_NO_TARGET,single_t4,T4_16GB,TBD_PROFILE,local_and_data_gates,PLANNED
0245fbc139d795c23034,final_10seed,confirmatory_primary,ellipticpp_v2,edge_classification,historical_transductive_full,future_inductive_recent,graphsafe_feature,composite,2,DG_NO_TARGET,single_t4,T4_16GB,TBD_PROFILE,local_and_data_gates,PLANNED
e9970e4b29f0b473bd8f,final_10seed,confirmatory_primary,ellipticpp_v2,edge_classification,historical_transductive_full,future_inductive_recent,graphsafe_feature,composite,3,DG_NO_TARGET,single_t4,T4_16GB,TBD_PROFILE,local_and_data_gates,PLANNED
1a3c178d573e0b152219,final_10seed,confirmatory_primary,ellipticpp_v2,edge_classification,historical_transductive_full,future_inductive_recent,graphsafe_feature,composite,4,DG_NO_TARGET,single_t4,T4_16GB,TBD_PROFILE,local_and_data_gates,PLANNED
b39fd2a84b03577d0a01,final_10seed,confirmatory_primary,ellipticpp_v2,edge_classification,historical_transductive_full,future_inductive_recent,graphsafe_feature,composite,5,DG_NO_TARGET,single_t4,T4_16GB,TBD_PROFILE,local_and_data_gates,PLANNED
3beaab7e6e5deab63726,final_10seed,confirmatory_primary,ellipticpp_v2,edge_classification,historical_transductive_full,future_inductive_recent,graphsafe_feature,composite,6,DG_NO_TARGET,single_t4,T4_16GB,TBD_PROFILE,local_and_data_gates,PLANNED
2c9d8f26a28b4dbb45dd,final_10seed,confirmatory_primary,ellipticpp_v2,edge_classification,historical_transductive_full,future_inductive_recent,graphsafe_feature,composite,7,DG_NO_TARGET,single_t4,T4_16GB,TBD_PROFILE,local_and_data_gates,PLANNED
0e3b8bd7e272766ed055,final_10seed,confirmatory_primary,ellipticpp_v2,edge_classification,historical_transductive_full,future_inductive_recent,graphsafe_feature,composite,8,DG_NO_TARGET,single_t4,T4_16GB,TBD_PROFILE,local_and_data_gates,PLANNED
acad5a83fb427694bb3e,final_10seed,confirmatory_primary,ellipticpp_v2,edge_classification,historical_transductive_full,future_inductive_recent,graphsafe_feature,composite,9,DG_NO_TARGET,single_t4,T4_16GB,TBD_PROFILE,local_and_data_gates,PLANNED
d21e91feec4cbbd05c65,final_10seed,confirmatory_primary,ellipticpp_v2,edge_classification,historical_transductive_full,future_inductive_recent,coregraph_factorised_diagnostics,composite,0,DG_NO_TARGET,single_t4,T4_16GB,TBD_PROFILE,local_and_data_gates,PLANNED
6d7befb09a4edb175caf,final_10seed,confirmatory_primary,ellipticpp_v2,edge_classification,historical_transductive_full,future_inductive_recent,coregraph_factorised_diagnostics,composite,1,DG_NO_TARGET,single_t4,T4_16GB,TBD_PROFILE,local_and_data_gates,PLANNED
710497e8c70363d29332,final_10seed,confirmatory_primary,ellipticpp_v2,edge_classification,historical_transductive_full,future_inductive_recent,coregraph_factorised_diagnostics,composite,2,DG_NO_TARGET,single_t4,T4_16GB,TBD_PROFILE,local_and_data_gates,PLANNED
217ef9680fb662ee22fa,final_10seed,confirmatory_primary,ellipticpp_v2,edge_classification,historical_transductive_full,future_inductive_recent,coregraph_factorised_diagnostics,composite,3,DG_NO_TARGET,single_t4,T4_16GB,TBD_PROFILE,local_and_data_gates,PLANNED
08cfec6ddd845fcb3e22,final_10seed,confirmatory_primary,ellipticpp_v2,edge_classification,historical_transductive_full,future_inductive_recent,coregraph_factorised_diagnostics,composite,4,DG_NO_TARGET,single_t4,T4_16GB,TBD_PROFILE,local_and_data_gates,PLANNED
d7fe91eb34cf49b2eef9,final_10seed,confirmatory_primary,ellipticpp_v2,edge_classification,historical_transductive_full,future_inductive_recent,coregraph_factorised_diagnostics,composite,5,DG_NO_TARGET,single_t4,T4_16GB,TBD_PROFILE,local_and_data_gates,PLANNED
e324fb1ce568052d20f8,final_10seed,confirmatory_primary,ellipticpp_v2,edge_classification,historical_transductive_full,future_inductive_recent,coregraph_factorised_diagnostics,composite,6,DG_NO_TARGET,single_t4,T4_16GB,TBD_PROFILE,local_and_data_gates,PLANNED
eece49d760b32a5dfdba,final_10seed,confirmatory_primary,ellipticpp_v2,edge_classification,historical_transductive_full,future_inductive_recent,coregraph_factorised_diagnostics,composite,7,DG_NO_TARGET,single_t4,T4_16GB,TBD_PROFILE,local_and_data_gates,PLANNED
f3625631156c00d43fb8,final_10seed,confirmatory_primary,ellipticpp_v2,edge_classification,historical_transductive_full,future_inductive_recent,coregraph_factorised_diagnostics,composite,8,DG_NO_TARGET,single_t4,T4_16GB,TBD_PROFILE,local_and_data_gates,PLANNED
f63d73455209a401fc05,final_10seed,confirmatory_primary,ellipticpp_v2,edge_classification,historical_transductive_full,future_inductive_recent,coregraph_factorised_diagnostics,composite,9,DG_NO_TARGET,single_t4,T4_16GB,TBD_PROFILE,local_and_data_gates,PLANNED
72e45b8d0598c8ac0707,final_10seed,confirmatory_primary,ellipticpp_v2,edge_classification,historical_inductive_full,future_missing_graph,best_single_feasible,composite,0,DG_NO_TARGET,single_t4,T4_16GB,TBD_PROFILE,local_and_data_gates,PLANNED
3d7239fba7ed23b6a64e,final_10seed,confirmatory_primary,ellipticpp_v2,edge_classification,historical_inductive_full,future_missing_graph,best_single_feasible,composite,1,DG_NO_TARGET,single_t4,T4_16GB,TBD_PROFILE,local_and_data_gates,PLANNED
c93c3641fe252d778900,final_10seed,confirmatory_primary,ellipticpp_v2,edge_classification,historical_inductive_full,future_missing_graph,best_single_feasible,composite,2,DG_NO_TARGET,single_t4,T4_16GB,TBD_PROFILE,local_and_data_gates,PLANNED
d08736812d39a1f94a44,final_10seed,confirmatory_primary,ellipticpp_v2,edge_classification,historical_inductive_full,future_missing_graph,best_single_feasible,composite,3,DG_NO_TARGET,single_t4,T4_16GB,TBD_PROFILE,local_and_data_gates,PLANNED
ca5447caf9cf25d7eb55,final_10seed,confirmatory_primary,ellipticpp_v2,edge_classification,historical_inductive_full,future_missing_graph,best_single_feasible,composite,4,DG_NO_TARGET,single_t4,T4_16GB,TBD_PROFILE,local_and_data_gates,PLANNED
ad2b7048021d83afe0cd,final_10seed,confirmatory_primary,ellipticpp_v2,edge_classification,historical_inductive_full,future_missing_graph,best_single_feasible,composite,5,DG_NO_TARGET,single_t4,T4_16GB,TBD_PROFILE,local_and_data_gates,PLANNED
fc5bce0272787cd15486,final_10seed,confirmatory_primary,ellipticpp_v2,edge_classification,historical_inductive_full,future_missing_graph,best_single_feasible,composite,6,DG_NO_TARGET,single_t4,T4_16GB,TBD_PROFILE,local_and_data_gates,PLANNED
190b202d92567f3c6fd5,final_10seed,confirmatory_primary,ellipticpp_v2,edge_classification,historical_inductive_full,future_missing_graph,best_single_feasible,composite,7,DG_NO_TARGET,single_t4,T4_16GB,TBD_PROFILE,local_and_data_gates,PLANNED
7c2ff4e0e4a07bc9eedf,final_10seed,confirmatory_primary,ellipticpp_v2,edge_classification,historical_inductive_full,future_missing_graph,best_single_feasible,composite,8,DG_NO_TARGET,single_t4,T4_16GB,TBD_PROFILE,local_and_data_gates,PLANNED
f32cd9ca64d1259a7e0e,final_10seed,confirmatory_primary,ellipticpp_v2,edge_classification,historical_inductive_full,future_missing_graph,best_single_feasible,composite,9,DG_NO_TARGET,single_t4,T4_16GB,TBD_PROFILE,local_and_data_gates,PLANNED
d51f23e445a0b50c22b2,final_10seed,confirmatory_primary,ellipticpp_v2,edge_classification,historical_inductive_full,future_missing_graph,graphsafe_feature,composite,0,DG_NO_TARGET,single_t4,T4_16GB,TBD_PROFILE,local_and_data_gates,PLANNED
322a0edca59038e122f5,final_10seed,confirmatory_primary,ellipticpp_v2,edge_classification,historical_inductive_full,future_missing_graph,graphsafe_feature,composite,1,DG_NO_TARGET,single_t4,T4_16GB,TBD_PROFILE,local_and_data_gates,PLANNED
77f2a30a0c69097cdaf7,final_10seed,confirmatory_primary,ellipticpp_v2,edge_classification,historical_inductive_full,future_missing_graph,graphsafe_feature,composite,2,DG_NO_TARGET,single_t4,T4_16GB,TBD_PROFILE,local_and_data_gates,PLANNED
c0e3b96881de11907ccd,final_10seed,confirmatory_primary,ellipticpp_v2,edge_classification,historical_inductive_full,future_missing_graph,graphsafe_feature,composite,3,DG_NO_TARGET,single_t4,T4_16GB,TBD_PROFILE,local_and_data_gates,PLANNED
2939c0e1e2ccb19ff7e3,final_10seed,confirmatory_primary,ellipticpp_v2,edge_classification,historical_inductive_full,future_missing_graph,graphsafe_feature,composite,4,DG_NO_TARGET,single_t4,T4_16GB,TBD_PROFILE,local_and_data_gates,PLANNED
99c3c24e49ee59380e7a,final_10seed,confirmatory_primary,ellipticpp_v2,edge_classification,historical_inductive_full,future_missing_graph,graphsafe_feature,composite,5,DG_NO_TARGET,single_t4,T4_16GB,TBD_PROFILE,local_and_data_gates,PLANNED
d5942deafc1914bc327b,final_10seed,confirmatory_primary,ellipticpp_v2,edge_classification,historical_inductive_full,future_missing_graph,graphsafe_feature,composite,6,DG_NO_TARGET,single_t4,T4_16GB,TBD_PROFILE,local_and_data_gates,PLANNED
34e693b379e963bb6649,final_10seed,confirmatory_primary,ellipticpp_v2,edge_classification,historical_inductive_full,future_missing_graph,graphsafe_feature,composite,7,DG_NO_TARGET,single_t4,T4_16GB,TBD_PROFILE,local_and_data_gates,PLANNED
7e771c18ccdfea66247c,final_10seed,confirmatory_primary,ellipticpp_v2,edge_classification,historical_inductive_full,future_missing_graph,graphsafe_feature,composite,8,DG_NO_TARGET,single_t4,T4_16GB,TBD_PROFILE,local_and_data_gates,PLANNED
6d9744c7b21ad6665a3b,final_10seed,confirmatory_primary,ellipticpp_v2,edge_classification,historical_inductive_full,future_missing_graph,graphsafe_feature,composite,9,DG_NO_TARGET,single_t4,T4_16GB,TBD_PROFILE,local_and_data_gates,PLANNED
229f71138b5872fcc6be,final_10seed,confirmatory_primary,ellipticpp_v2,edge_classification,historical_inductive_full,future_missing_graph,coregraph_factorised_diagnostics,composite,0,DG_NO_TARGET,single_t4,T4_16GB,TBD_PROFILE,local_and_data_gates,PLANNED
557bdb3482c5961c9624,final_10seed,confirmatory_primary,ellipticpp_v2,edge_classification,historical_inductive_full,future_missing_graph,coregraph_factorised_diagnostics,composite,1,DG_NO_TARGET,single_t4,T4_16GB,TBD_PROFILE,local_and_data_gates,PLANNED
662a9162bb07d3aa3100,final_10seed,confirmatory_primary,ellipticpp_v2,edge_classification,historical_inductive_full,future_missing_graph,coregraph_factorised_diagnostics,composite,2,DG_NO_TARGET,single_t4,T4_16GB,TBD_PROFILE,local_and_data_gates,PLANNED
f7f9f14c171ebaffc2ea,final_10seed,confirmatory_primary,ellipticpp_v2,edge_classification,historical_inductive_full,future_missing_graph,coregraph_factorised_diagnostics,composite,3,DG_NO_TARGET,single_t4,T4_16GB,TBD_PROFILE,local_and_data_gates,PLANNED
04315b8bd9c417006164,final_10seed,confirmatory_primary,ellipticpp_v2,edge_classification,historical_inductive_full,future_missing_graph,coregraph_factorised_diagnostics,composite,4,DG_NO_TARGET,single_t4,T4_16GB,TBD_PROFILE,local_and_data_gates,PLANNED
6e82aaa61156e00fae33,final_10seed,confirmatory_primary,ellipticpp_v2,edge_classification,historical_inductive_full,future_missing_graph,coregraph_factorised_diagnostics,composite,5,DG_NO_TARGET,single_t4,T4_16GB,TBD_PROFILE,local_and_data_gates,PLANNED
a4c51f9fd72e8113acac,final_10seed,confirmatory_primary,ellipticpp_v2,edge_classification,historical_inductive_full,future_missing_graph,coregraph_factorised_diagnostics,composite,6,DG_NO_TARGET,single_t4,T4_16GB,TBD_PROFILE,local_and_data_gates,PLANNED
273022e30e3908b392ae,final_10seed,confirmatory_primary,ellipticpp_v2,edge_classification,historical_inductive_full,future_missing_graph,coregraph_factorised_diagnostics,composite,7,DG_NO_TARGET,single_t4,T4_16GB,TBD_PROFILE,local_and_data_gates,PLANNED
f30403923344cb237e58,final_10seed,confirmatory_primary,ellipticpp_v2,edge_classification,historical_inductive_full,future_missing_graph,coregraph_factorised_diagnostics,composite,8,DG_NO_TARGET,single_t4,T4_16GB,TBD_PROFILE,local_and_data_gates,PLANNED
405011e70cb35abf4608,final_10seed,confirmatory_primary,ellipticpp_v2,edge_classification,historical_inductive_full,future_missing_graph,coregraph_factorised_diagnostics,composite,9,DG_NO_TARGET,single_t4,T4_16GB,TBD_PROFILE,local_and_data_gates,PLANNED
78d5b9db4eac8d01316b,final_10seed,confirmatory_primary,ellipticpp_v2,edge_classification,historical_inductive_full,future_budget_topk,best_single_feasible,composite,0,DG_NO_TARGET,single_t4,T4_16GB,TBD_PROFILE,local_and_data_gates,PLANNED
2fde980bf4a8a458ea7e,final_10seed,confirmatory_primary,ellipticpp_v2,edge_classification,historical_inductive_full,future_budget_topk,best_single_feasible,composite,1,DG_NO_TARGET,single_t4,T4_16GB,TBD_PROFILE,local_and_data_gates,PLANNED
8475f152de60b375ba11,final_10seed,confirmatory_primary,ellipticpp_v2,edge_classification,historical_inductive_full,future_budget_topk,best_single_feasible,composite,2,DG_NO_TARGET,single_t4,T4_16GB,TBD_PROFILE,local_and_data_gates,PLANNED
53ff33d5f997d3a00f4c,final_10seed,confirmatory_primary,ellipticpp_v2,edge_classification,historical_inductive_full,future_budget_topk,best_single_feasible,composite,3,DG_NO_TARGET,single_t4,T4_16GB,TBD_PROFILE,local_and_data_gates,PLANNED
053444f6a8d5202da5a2,final_10seed,confirmatory_primary,ellipticpp_v2,edge_classification,historical_inductive_full,future_budget_topk,best_single_feasible,composite,4,DG_NO_TARGET,single_t4,T4_16GB,TBD_PROFILE,local_and_data_gates,PLANNED
a7c6777f6ccbd4c63425,final_10seed,confirmatory_primary,ellipticpp_v2,edge_classification,historical_inductive_full,future_budget_topk,best_single_feasible,composite,5,DG_NO_TARGET,single_t4,T4_16GB,TBD_PROFILE,local_and_data_gates,PLANNED
6e7ba767de6e308af208,final_10seed,confirmatory_primary,ellipticpp_v2,edge_classification,historical_inductive_full,future_budget_topk,best_single_feasible,composite,6,DG_NO_TARGET,single_t4,T4_16GB,TBD_PROFILE,local_and_data_gates,PLANNED
7ca1e2f6691f87547445,final_10seed,confirmatory_primary,ellipticpp_v2,edge_classification,historical_inductive_full,future_budget_topk,best_single_feasible,composite,7,DG_NO_TARGET,single_t4,T4_16GB,TBD_PROFILE,local_and_data_gates,PLANNED
4a4fac2de785d86caac4,final_10seed,confirmatory_primary,ellipticpp_v2,edge_classification,historical_inductive_full,future_budget_topk,best_single_feasible,composite,8,DG_NO_TARGET,single_t4,T4_16GB,TBD_PROFILE,local_and_data_gates,PLANNED
932a8f41b3b3bf816dd1,final_10seed,confirmatory_primary,ellipticpp_v2,edge_classification,historical_inductive_full,future_budget_topk,best_single_feasible,composite,9,DG_NO_TARGET,single_t4,T4_16GB,TBD_PROFILE,local_and_data_gates,PLANNED
a69f5a662c58226dd1d7,final_10seed,confirmatory_primary,ellipticpp_v2,edge_classification,historical_inductive_full,future_budget_topk,graphsafe_feature,composite,0,DG_NO_TARGET,single_t4,T4_16GB,TBD_PROFILE,local_and_data_gates,PLANNED
0605ad851b41253ce528,final_10seed,confirmatory_primary,ellipticpp_v2,edge_classification,historical_inductive_full,future_budget_topk,graphsafe_feature,composite,1,DG_NO_TARGET,single_t4,T4_16GB,TBD_PROFILE,local_and_data_gates,PLANNED
e2d54a76a7ae70496dbc,final_10seed,confirmatory_primary,ellipticpp_v2,edge_classification,historical_inductive_full,future_budget_topk,graphsafe_feature,composite,2,DG_NO_TARGET,single_t4,T4_16GB,TBD_PROFILE,local_and_data_gates,PLANNED
fde2f7b29fdbcb385731,final_10seed,confirmatory_primary,ellipticpp_v2,edge_classification,historical_inductive_full,future_budget_topk,graphsafe_feature,composite,3,DG_NO_TARGET,single_t4,T4_16GB,TBD_PROFILE,local_and_data_gates,PLANNED
85c046e13b9443571c92,final_10seed,confirmatory_primary,ellipticpp_v2,edge_classification,historical_inductive_full,future_budget_topk,graphsafe_feature,composite,4,DG_NO_TARGET,single_t4,T4_16GB,TBD_PROFILE,local_and_data_gates,PLANNED
b486a3efeeed49dcdffd,final_10seed,confirmatory_primary,ellipticpp_v2,edge_classification,historical_inductive_full,future_budget_topk,graphsafe_feature,composite,5,DG_NO_TARGET,single_t4,T4_16GB,TBD_PROFILE,local_and_data_gates,PLANNED
fca4173b913ec447e80b,final_10seed,confirmatory_primary,ellipticpp_v2,edge_classification,historical_inductive_full,future_budget_topk,graphsafe_feature,composite,6,DG_NO_TARGET,single_t4,T4_16GB,TBD_PROFILE,local_and_data_gates,PLANNED
13f72c1e81909ef01181,final_10seed,confirmatory_primary,ellipticpp_v2,edge_classification,historical_inductive_full,future_budget_topk,graphsafe_feature,composite,7,DG_NO_TARGET,single_t4,T4_16GB,TBD_PROFILE,local_and_data_gates,PLANNED
f8e4e19c7a7675d15d4e,final_10seed,confirmatory_primary,ellipticpp_v2,edge_classification,historical_inductive_full,future_budget_topk,graphsafe_feature,composite,8,DG_NO_TARGET,single_t4,T4_16GB,TBD_PROFILE,local_and_data_gates,PLANNED
c2a716bbd979513b5a0f,final_10seed,confirmatory_primary,ellipticpp_v2,edge_classification,historical_inductive_full,future_budget_topk,graphsafe_feature,composite,9,DG_NO_TARGET,single_t4,T4_16GB,TBD_PROFILE,local_and_data_gates,PLANNED
a3b09e4b9b08936cc3a8,final_10seed,confirmatory_primary,ellipticpp_v2,edge_classification,historical_inductive_full,future_budget_topk,coregraph_factorised_diagnostics,composite,0,DG_NO_TARGET,single_t4,T4_16GB,TBD_PROFILE,local_and_data_gates,PLANNED
e0cd93cdfde9dcdb823a,final_10seed,confirmatory_primary,ellipticpp_v2,edge_classification,historical_inductive_full,future_budget_topk,coregraph_factorised_diagnostics,composite,1,DG_NO_TARGET,single_t4,T4_16GB,TBD_PROFILE,local_and_data_gates,PLANNED
f4f74d13836bfb30c5bd,final_10seed,confirmatory_primary,ellipticpp_v2,edge_classification,historical_inductive_full,future_budget_topk,coregraph_factorised_diagnostics,composite,2,DG_NO_TARGET,single_t4,T4_16GB,TBD_PROFILE,local_and_data_gates,PLANNED
32adee7c6556d3a2ad7b,final_10seed,confirmatory_primary,ellipticpp_v2,edge_classification,historical_inductive_full,future_budget_topk,coregraph_factorised_diagnostics,composite,3,DG_NO_TARGET,single_t4,T4_16GB,TBD_PROFILE,local_and_data_gates,PLANNED
ed54e1d14ffde3b02db6,final_10seed,confirmatory_primary,ellipticpp_v2,edge_classification,historical_inductive_full,future_budget_topk,coregraph_factorised_diagnostics,composite,4,DG_NO_TARGET,single_t4,T4_16GB,TBD_PROFILE,local_and_data_gates,PLANNED
92befc77da8d325cdfc7,final_10seed,confirmatory_primary,ellipticpp_v2,edge_classification,historical_inductive_full,future_budget_topk,coregraph_factorised_diagnostics,composite,5,DG_NO_TARGET,single_t4,T4_16GB,TBD_PROFILE,local_and_data_gates,PLANNED
d92e2c94a9f9d76a05c5,final_10seed,confirmatory_primary,ellipticpp_v2,edge_classification,historical_inductive_full,future_budget_topk,coregraph_factorised_diagnostics,composite,6,DG_NO_TARGET,single_t4,T4_16GB,TBD_PROFILE,local_and_data_gates,PLANNED
e8c3a1aecd727f0fca2b,final_10seed,confirmatory_primary,ellipticpp_v2,edge_classification,historical_inductive_full,future_budget_topk,coregraph_factorised_diagnostics,composite,7,DG_NO_TARGET,single_t4,T4_16GB,TBD_PROFILE,local_and_data_gates,PLANNED
f4ebc0059574f56e3112,final_10seed,confirmatory_primary,ellipticpp_v2,edge_classification,historical_inductive_full,future_budget_topk,coregraph_factorised_diagnostics,composite,8,DG_NO_TARGET,single_t4,T4_16GB,TBD_PROFILE,local_and_data_gates,PLANNED
7e82113c325086a158b6,final_10seed,confirmatory_primary,ellipticpp_v2,edge_classification,historical_inductive_full,future_budget_topk,coregraph_factorised_diagnostics,composite,9,DG_NO_TARGET,single_t4,T4_16GB,TBD_PROFILE,local_and_data_gates,PLANNED
2f303a13d484d3812989,final_10seed,confirmatory_primary,ellipticpp_v2,edge_classification,historical_transductive_full,future_resource_limited,best_single_feasible,composite,0,DG_NO_TARGET,single_t4,T4_16GB,TBD_PROFILE,local_and_data_gates,PLANNED
287ed5bf17b4986a3917,final_10seed,confirmatory_primary,ellipticpp_v2,edge_classification,historical_transductive_full,future_resource_limited,best_single_feasible,composite,1,DG_NO_TARGET,single_t4,T4_16GB,TBD_PROFILE,local_and_data_gates,PLANNED
6eed22188dca92bfe07a,final_10seed,confirmatory_primary,ellipticpp_v2,edge_classification,historical_transductive_full,future_resource_limited,best_single_feasible,composite,2,DG_NO_TARGET,single_t4,T4_16GB,TBD_PROFILE,local_and_data_gates,PLANNED
025ed4729fad13ef9b57,final_10seed,confirmatory_primary,ellipticpp_v2,edge_classification,historical_transductive_full,future_resource_limited,best_single_feasible,composite,3,DG_NO_TARGET,single_t4,T4_16GB,TBD_PROFILE,local_and_data_gates,PLANNED
69eb172b1026b896968b,final_10seed,confirmatory_primary,ellipticpp_v2,edge_classification,historical_transductive_full,future_resource_limited,best_single_feasible,composite,4,DG_NO_TARGET,single_t4,T4_16GB,TBD_PROFILE,local_and_data_gates,PLANNED
bf4167c130ff7aa9db5e,final_10seed,confirmatory_primary,ellipticpp_v2,edge_classification,historical_transductive_full,future_resource_limited,best_single_feasible,composite,5,DG_NO_TARGET,single_t4,T4_16GB,TBD_PROFILE,local_and_data_gates,PLANNED
8b16cc2702a2f0a4154d,final_10seed,confirmatory_primary,ellipticpp_v2,edge_classification,historical_transductive_full,future_resource_limited,best_single_feasible,composite,6,DG_NO_TARGET,single_t4,T4_16GB,TBD_PROFILE,local_and_data_gates,PLANNED
224147e0db11a4f8e169,final_10seed,confirmatory_primary,ellipticpp_v2,edge_classification,historical_transductive_full,future_resource_limited,best_single_feasible,composite,7,DG_NO_TARGET,single_t4,T4_16GB,TBD_PROFILE,local_and_data_gates,PLANNED
97395d138c5a03d8a8a5,final_10seed,confirmatory_primary,ellipticpp_v2,edge_classification,historical_transductive_full,future_resource_limited,best_single_feasible,composite,8,DG_NO_TARGET,single_t4,T4_16GB,TBD_PROFILE,local_and_data_gates,PLANNED
092510c8eca5f9652133,final_10seed,confirmatory_primary,ellipticpp_v2,edge_classification,historical_transductive_full,future_resource_limited,best_single_feasible,composite,9,DG_NO_TARGET,single_t4,T4_16GB,TBD_PROFILE,local_and_data_gates,PLANNED
5a0c3b90ce1703dbdd84,final_10seed,confirmatory_primary,ellipticpp_v2,edge_classification,historical_transductive_full,future_resource_limited,graphsafe_feature,composite,0,DG_NO_TARGET,single_t4,T4_16GB,TBD_PROFILE,local_and_data_gates,PLANNED
e362ae95615c86d03dbc,final_10seed,confirmatory_primary,ellipticpp_v2,edge_classification,historical_transductive_full,future_resource_limited,graphsafe_feature,composite,1,DG_NO_TARGET,single_t4,T4_16GB,TBD_PROFILE,local_and_data_gates,PLANNED
89cf4b039fe20bf4df90,final_10seed,confirmatory_primary,ellipticpp_v2,edge_classification,historical_transductive_full,future_resource_limited,graphsafe_feature,composite,2,DG_NO_TARGET,single_t4,T4_16GB,TBD_PROFILE,local_and_data_gates,PLANNED
198bf37db7a1cb3d9c6b,final_10seed,confirmatory_primary,ellipticpp_v2,edge_classification,historical_transductive_full,future_resource_limited,graphsafe_feature,composite,3,DG_NO_TARGET,single_t4,T4_16GB,TBD_PROFILE,local_and_data_gates,PLANNED
5c53903445a16b09fa2a,final_10seed,confirmatory_primary,ellipticpp_v2,edge_classification,historical_transductive_full,future_resource_limited,graphsafe_feature,composite,4,DG_NO_TARGET,single_t4,T4_16GB,TBD_PROFILE,local_and_data_gates,PLANNED
34668f21ad81f8bdd4b9,final_10seed,confirmatory_primary,ellipticpp_v2,edge_classification,historical_transductive_full,future_resource_limited,graphsafe_feature,composite,5,DG_NO_TARGET,single_t4,T4_16GB,TBD_PROFILE,local_and_data_gates,PLANNED
10795ffcd4606583dff2,final_10seed,confirmatory_primary,ellipticpp_v2,edge_classification,historical_transductive_full,future_resource_limited,graphsafe_feature,composite,6,DG_NO_TARGET,single_t4,T4_16GB,TBD_PROFILE,local_and_data_gates,PLANNED
27f4bd11fbdadd1be7e7,final_10seed,confirmatory_primary,ellipticpp_v2,edge_classification,historical_transductive_full,future_resource_limited,graphsafe_feature,composite,7,DG_NO_TARGET,single_t4,T4_16GB,TBD_PROFILE,local_and_data_gates,PLANNED
3c4cdf4079a78c457cb3,final_10seed,confirmatory_primary,ellipticpp_v2,edge_classification,historical_transductive_full,future_resource_limited,graphsafe_feature,composite,8,DG_NO_TARGET,single_t4,T4_16GB,TBD_PROFILE,local_and_data_gates,PLANNED
8d5e603719a326a693b5,final_10seed,confirmatory_primary,ellipticpp_v2,edge_classification,historical_transductive_full,future_resource_limited,graphsafe_feature,composite,9,DG_NO_TARGET,single_t4,T4_16GB,TBD_PROFILE,local_and_data_gates,PLANNED
12deaa17cdddde8d995c,final_10seed,confirmatory_primary,ellipticpp_v2,edge_classification,historical_transductive_full,future_resource_limited,coregraph_factorised_diagnostics,composite,0,DG_NO_TARGET,single_t4,T4_16GB,TBD_PROFILE,local_and_data_gates,PLANNED
e1a27ff5c9888e52d1f1,final_10seed,confirmatory_primary,ellipticpp_v2,edge_classification,historical_transductive_full,future_resource_limited,coregraph_factorised_diagnostics,composite,1,DG_NO_TARGET,single_t4,T4_16GB,TBD_PROFILE,local_and_data_gates,PLANNED
87068d0cbf09dfdc44e7,final_10seed,confirmatory_primary,ellipticpp_v2,edge_classification,historical_transductive_full,future_resource_limited,coregraph_factorised_diagnostics,composite,2,DG_NO_TARGET,single_t4,T4_16GB,TBD_PROFILE,local_and_data_gates,PLANNED
682542f895f78e72589e,final_10seed,confirmatory_primary,ellipticpp_v2,edge_classification,historical_transductive_full,future_resource_limited,coregraph_factorised_diagnostics,composite,3,DG_NO_TARGET,single_t4,T4_16GB,TBD_PROFILE,local_and_data_gates,PLANNED
bede14c0d3353ccf2d09,final_10seed,confirmatory_primary,ellipticpp_v2,edge_classification,historical_transductive_full,future_resource_limited,coregraph_factorised_diagnostics,composite,4,DG_NO_TARGET,single_t4,T4_16GB,TBD_PROFILE,local_and_data_gates,PLANNED
a6fea329af46fd0c5501,final_10seed,confirmatory_primary,ellipticpp_v2,edge_classification,historical_transductive_full,future_resource_limited,coregraph_factorised_diagnostics,composite,5,DG_NO_TARGET,single_t4,T4_16GB,TBD_PROFILE,local_and_data_gates,PLANNED
9944ac0cac9da1b3897c,final_10seed,confirmatory_primary,ellipticpp_v2,edge_classification,historical_transductive_full,future_resource_limited,coregraph_factorised_diagnostics,composite,6,DG_NO_TARGET,single_t4,T4_16GB,TBD_PROFILE,local_and_data_gates,PLANNED
728b3dae0875a4fd6e4e,final_10seed,confirmatory_primary,ellipticpp_v2,edge_classification,historical_transductive_full,future_resource_limited,coregraph_factorised_diagnostics,composite,7,DG_NO_TARGET,single_t4,T4_16GB,TBD_PROFILE,local_and_data_gates,PLANNED
3c95ee804d63de96c310,final_10seed,confirmatory_primary,ellipticpp_v2,edge_classification,historical_transductive_full,future_resource_limited,coregraph_factorised_diagnostics,composite,8,DG_NO_TARGET,single_t4,T4_16GB,TBD_PROFILE,local_and_data_gates,PLANNED
f7eac2e9dc0e2fd310c5,final_10seed,confirmatory_primary,ellipticpp_v2,edge_classification,historical_transductive_full,future_resource_limited,coregraph_factorised_diagnostics,composite,9,DG_NO_TARGET,single_t4,T4_16GB,TBD_PROFILE,local_and_data_gates,PLANNED
2a30b95976d7c930ace6,final_10seed,confirmatory_primary,ibm_aml_small,transaction_classification,historical_transductive_full,future_inductive_full,best_single_feasible,composite,0,DG_NO_TARGET,single_t4,T4_16GB,TBD_PROFILE,local_and_data_gates,PLANNED
26d09f84f1caf9e8396a,final_10seed,confirmatory_primary,ibm_aml_small,transaction_classification,historical_transductive_full,future_inductive_full,best_single_feasible,composite,1,DG_NO_TARGET,single_t4,T4_16GB,TBD_PROFILE,local_and_data_gates,PLANNED
ca34cb9948deb54a1765,final_10seed,confirmatory_primary,ibm_aml_small,transaction_classification,historical_transductive_full,future_inductive_full,best_single_feasible,composite,2,DG_NO_TARGET,single_t4,T4_16GB,TBD_PROFILE,local_and_data_gates,PLANNED
dc572287116e6806e094,final_10seed,confirmatory_primary,ibm_aml_small,transaction_classification,historical_transductive_full,future_inductive_full,best_single_feasible,composite,3,DG_NO_TARGET,single_t4,T4_16GB,TBD_PROFILE,local_and_data_gates,PLANNED
110005f4b29e8e6e2ffd,final_10seed,confirmatory_primary,ibm_aml_small,transaction_classification,historical_transductive_full,future_inductive_full,best_single_feasible,composite,4,DG_NO_TARGET,single_t4,T4_16GB,TBD_PROFILE,local_and_data_gates,PLANNED
85683aa0490271f4c465,final_10seed,confirmatory_primary,ibm_aml_small,transaction_classification,historical_transductive_full,future_inductive_full,best_single_feasible,composite,5,DG_NO_TARGET,single_t4,T4_16GB,TBD_PROFILE,local_and_data_gates,PLANNED
5e5bf7b49e224f8aebd8,final_10seed,confirmatory_primary,ibm_aml_small,transaction_classification,historical_transductive_full,future_inductive_full,best_single_feasible,composite,6,DG_NO_TARGET,single_t4,T4_16GB,TBD_PROFILE,local_and_data_gates,PLANNED
ef430c99812498f48e54,final_10seed,confirmatory_primary,ibm_aml_small,transaction_classification,historical_transductive_full,future_inductive_full,best_single_feasible,composite,7,DG_NO_TARGET,single_t4,T4_16GB,TBD_PROFILE,local_and_data_gates,PLANNED
f73531b09ac6fe750585,final_10seed,confirmatory_primary,ibm_aml_small,transaction_classification,historical_transductive_full,future_inductive_full,best_single_feasible,composite,8,DG_NO_TARGET,single_t4,T4_16GB,TBD_PROFILE,local_and_data_gates,PLANNED
3f4241c5eee2fd16d038,final_10seed,confirmatory_primary,ibm_aml_small,transaction_classification,historical_transductive_full,future_inductive_full,best_single_feasible,composite,9,DG_NO_TARGET,single_t4,T4_16GB,TBD_PROFILE,local_and_data_gates,PLANNED
171fb2f4a5d2d185d323,final_10seed,confirmatory_primary,ibm_aml_small,transaction_classification,historical_transductive_full,future_inductive_full,graphsafe_feature,composite,0,DG_NO_TARGET,single_t4,T4_16GB,TBD_PROFILE,local_and_data_gates,PLANNED
cbfccc9cce9ee9c965d1,final_10seed,confirmatory_primary,ibm_aml_small,transaction_classification,historical_transductive_full,future_inductive_full,graphsafe_feature,composite,1,DG_NO_TARGET,single_t4,T4_16GB,TBD_PROFILE,local_and_data_gates,PLANNED
f41116616ec3300cbac2,final_10seed,confirmatory_primary,ibm_aml_small,transaction_classification,historical_transductive_full,future_inductive_full,graphsafe_feature,composite,2,DG_NO_TARGET,single_t4,T4_16GB,TBD_PROFILE,local_and_data_gates,PLANNED
7a77ce575ecb904f83b2,final_10seed,confirmatory_primary,ibm_aml_small,transaction_classification,historical_transductive_full,future_inductive_full,graphsafe_feature,composite,3,DG_NO_TARGET,single_t4,T4_16GB,TBD_PROFILE,local_and_data_gates,PLANNED
bbf83a0682630385a5d4,final_10seed,confirmatory_primary,ibm_aml_small,transaction_classification,historical_transductive_full,future_inductive_full,graphsafe_feature,composite,4,DG_NO_TARGET,single_t4,T4_16GB,TBD_PROFILE,local_and_data_gates,PLANNED
cff5d770bc5aa6af17ed,final_10seed,confirmatory_primary,ibm_aml_small,transaction_classification,historical_transductive_full,future_inductive_full,graphsafe_feature,composite,5,DG_NO_TARGET,single_t4,T4_16GB,TBD_PROFILE,local_and_data_gates,PLANNED
e78d0d282d52b716202f,final_10seed,confirmatory_primary,ibm_aml_small,transaction_classification,historical_transductive_full,future_inductive_full,graphsafe_feature,composite,6,DG_NO_TARGET,single_t4,T4_16GB,TBD_PROFILE,local_and_data_gates,PLANNED
b0f6d415fa165ad6a5ae,final_10seed,confirmatory_primary,ibm_aml_small,transaction_classification,historical_transductive_full,future_inductive_full,graphsafe_feature,composite,7,DG_NO_TARGET,single_t4,T4_16GB,TBD_PROFILE,local_and_data_gates,PLANNED
7daeab6f4c1d499bbf26,final_10seed,confirmatory_primary,ibm_aml_small,transaction_classification,historical_transductive_full,future_inductive_full,graphsafe_feature,composite,8,DG_NO_TARGET,single_t4,T4_16GB,TBD_PROFILE,local_and_data_gates,PLANNED
336dedcb8cf7eef20664,final_10seed,confirmatory_primary,ibm_aml_small,transaction_classification,historical_transductive_full,future_inductive_full,graphsafe_feature,composite,9,DG_NO_TARGET,single_t4,T4_16GB,TBD_PROFILE,local_and_data_gates,PLANNED
beec6e35d44d1cd125d4,final_10seed,confirmatory_primary,ibm_aml_small,transaction_classification,historical_transductive_full,future_inductive_full,coregraph_factorised_diagnostics,composite,0,DG_NO_TARGET,single_t4,T4_16GB,TBD_PROFILE,local_and_data_gates,PLANNED
fdbaf56e665d3f09bb71,final_10seed,confirmatory_primary,ibm_aml_small,transaction_classification,historical_transductive_full,future_inductive_full,coregraph_factorised_diagnostics,composite,1,DG_NO_TARGET,single_t4,T4_16GB,TBD_PROFILE,local_and_data_gates,PLANNED
4c3ddcaa4c3c3298f4fe,final_10seed,confirmatory_primary,ibm_aml_small,transaction_classification,historical_transductive_full,future_inductive_full,coregraph_factorised_diagnostics,composite,2,DG_NO_TARGET,single_t4,T4_16GB,TBD_PROFILE,local_and_data_gates,PLANNED
2ca65a874f8677cd1897,final_10seed,confirmatory_primary,ibm_aml_small,transaction_classification,historical_transductive_full,future_inductive_full,coregraph_factorised_diagnostics,composite,3,DG_NO_TARGET,single_t4,T4_16GB,TBD_PROFILE,local_and_data_gates,PLANNED
b2a9187cc141e8aa0d20,final_10seed,confirmatory_primary,ibm_aml_small,transaction_classification,historical_transductive_full,future_inductive_full,coregraph_factorised_diagnostics,composite,4,DG_NO_TARGET,single_t4,T4_16GB,TBD_PROFILE,local_and_data_gates,PLANNED
11f13ccd76c3415d1506,final_10seed,confirmatory_primary,ibm_aml_small,transaction_classification,historical_transductive_full,future_inductive_full,coregraph_factorised_diagnostics,composite,5,DG_NO_TARGET,single_t4,T4_16GB,TBD_PROFILE,local_and_data_gates,PLANNED
031d5af847e9d0d7e16e,final_10seed,confirmatory_primary,ibm_aml_small,transaction_classification,historical_transductive_full,future_inductive_full,coregraph_factorised_diagnostics,composite,6,DG_NO_TARGET,single_t4,T4_16GB,TBD_PROFILE,local_and_data_gates,PLANNED
84f1ad2f692fc6e73fd8,final_10seed,confirmatory_primary,ibm_aml_small,transaction_classification,historical_transductive_full,future_inductive_full,coregraph_factorised_diagnostics,composite,7,DG_NO_TARGET,single_t4,T4_16GB,TBD_PROFILE,local_and_data_gates,PLANNED
44557f2707d1b022103e,final_10seed,confirmatory_primary,ibm_aml_small,transaction_classification,historical_transductive_full,future_inductive_full,coregraph_factorised_diagnostics,composite,8,DG_NO_TARGET,single_t4,T4_16GB,TBD_PROFILE,local_and_data_gates,PLANNED
99c5756d2434ea61c7bf,final_10seed,confirmatory_primary,ibm_aml_small,transaction_classification,historical_transductive_full,future_inductive_full,coregraph_factorised_diagnostics,composite,9,DG_NO_TARGET,single_t4,T4_16GB,TBD_PROFILE,local_and_data_gates,PLANNED
d6acf766b76a872a2fa6,final_10seed,confirmatory_primary,ibm_aml_small,transaction_classification,historical_transductive_full,future_inductive_recent,best_single_feasible,composite,0,DG_NO_TARGET,single_t4,T4_16GB,TBD_PROFILE,local_and_data_gates,PLANNED
a1542593c6708167a55e,final_10seed,confirmatory_primary,ibm_aml_small,transaction_classification,historical_transductive_full,future_inductive_recent,best_single_feasible,composite,1,DG_NO_TARGET,single_t4,T4_16GB,TBD_PROFILE,local_and_data_gates,PLANNED
3b37bbebde43d2654b2d,final_10seed,confirmatory_primary,ibm_aml_small,transaction_classification,historical_transductive_full,future_inductive_recent,best_single_feasible,composite,2,DG_NO_TARGET,single_t4,T4_16GB,TBD_PROFILE,local_and_data_gates,PLANNED
925bd827b93e218d4426,final_10seed,confirmatory_primary,ibm_aml_small,transaction_classification,historical_transductive_full,future_inductive_recent,best_single_feasible,composite,3,DG_NO_TARGET,single_t4,T4_16GB,TBD_PROFILE,local_and_data_gates,PLANNED
93723ec9dc0d34486351,final_10seed,confirmatory_primary,ibm_aml_small,transaction_classification,historical_transductive_full,future_inductive_recent,best_single_feasible,composite,4,DG_NO_TARGET,single_t4,T4_16GB,TBD_PROFILE,local_and_data_gates,PLANNED
79f9c5e48a61b45fa62d,final_10seed,confirmatory_primary,ibm_aml_small,transaction_classification,historical_transductive_full,future_inductive_recent,best_single_feasible,composite,5,DG_NO_TARGET,single_t4,T4_16GB,TBD_PROFILE,local_and_data_gates,PLANNED
91dc93e99645d8d39bb4,final_10seed,confirmatory_primary,ibm_aml_small,transaction_classification,historical_transductive_full,future_inductive_recent,best_single_feasible,composite,6,DG_NO_TARGET,single_t4,T4_16GB,TBD_PROFILE,local_and_data_gates,PLANNED
9e1e69c7e0c71c4af7be,final_10seed,confirmatory_primary,ibm_aml_small,transaction_classification,historical_transductive_full,future_inductive_recent,best_single_feasible,composite,7,DG_NO_TARGET,single_t4,T4_16GB,TBD_PROFILE,local_and_data_gates,PLANNED
087c14d45e3000dbfec7,final_10seed,confirmatory_primary,ibm_aml_small,transaction_classification,historical_transductive_full,future_inductive_recent,best_single_feasible,composite,8,DG_NO_TARGET,single_t4,T4_16GB,TBD_PROFILE,local_and_data_gates,PLANNED
3e5e5b6635a88931f701,final_10seed,confirmatory_primary,ibm_aml_small,transaction_classification,historical_transductive_full,future_inductive_recent,best_single_feasible,composite,9,DG_NO_TARGET,single_t4,T4_16GB,TBD_PROFILE,local_and_data_gates,PLANNED
9e3ab2bb28ed2f4a7417,final_10seed,confirmatory_primary,ibm_aml_small,transaction_classification,historical_transductive_full,future_inductive_recent,graphsafe_feature,composite,0,DG_NO_TARGET,single_t4,T4_16GB,TBD_PROFILE,local_and_data_gates,PLANNED
dc3b97440d874bee6a39,final_10seed,confirmatory_primary,ibm_aml_small,transaction_classification,historical_transductive_full,future_inductive_recent,graphsafe_feature,composite,1,DG_NO_TARGET,single_t4,T4_16GB,TBD_PROFILE,local_and_data_gates,PLANNED
2645001ff0448808eabe,final_10seed,confirmatory_primary,ibm_aml_small,transaction_classification,historical_transductive_full,future_inductive_recent,graphsafe_feature,composite,2,DG_NO_TARGET,single_t4,T4_16GB,TBD_PROFILE,local_and_data_gates,PLANNED
9bf0d420a8bdaa17359e,final_10seed,confirmatory_primary,ibm_aml_small,transaction_classification,historical_transductive_full,future_inductive_recent,graphsafe_feature,composite,3,DG_NO_TARGET,single_t4,T4_16GB,TBD_PROFILE,local_and_data_gates,PLANNED
44adc9b9deef5718a768,final_10seed,confirmatory_primary,ibm_aml_small,transaction_classification,historical_transductive_full,future_inductive_recent,graphsafe_feature,composite,4,DG_NO_TARGET,single_t4,T4_16GB,TBD_PROFILE,local_and_data_gates,PLANNED
ea818b27afc735fdea9f,final_10seed,confirmatory_primary,ibm_aml_small,transaction_classification,historical_transductive_full,future_inductive_recent,graphsafe_feature,composite,5,DG_NO_TARGET,single_t4,T4_16GB,TBD_PROFILE,local_and_data_gates,PLANNED
c05aeeaaa89d5f4f7803,final_10seed,confirmatory_primary,ibm_aml_small,transaction_classification,historical_transductive_full,future_inductive_recent,graphsafe_feature,composite,6,DG_NO_TARGET,single_t4,T4_16GB,TBD_PROFILE,local_and_data_gates,PLANNED
a2cb672658f5db3bcbb9,final_10seed,confirmatory_primary,ibm_aml_small,transaction_classification,historical_transductive_full,future_inductive_recent,graphsafe_feature,composite,7,DG_NO_TARGET,single_t4,T4_16GB,TBD_PROFILE,local_and_data_gates,PLANNED
b637e5fc41de25ba1dd0,final_10seed,confirmatory_primary,ibm_aml_small,transaction_classification,historical_transductive_full,future_inductive_recent,graphsafe_feature,composite,8,DG_NO_TARGET,single_t4,T4_16GB,TBD_PROFILE,local_and_data_gates,PLANNED
e88ef4275af78ea7029d,final_10seed,confirmatory_primary,ibm_aml_small,transaction_classification,historical_transductive_full,future_inductive_recent,graphsafe_feature,composite,9,DG_NO_TARGET,single_t4,T4_16GB,TBD_PROFILE,local_and_data_gates,PLANNED
a4b158857a978402202f,final_10seed,confirmatory_primary,ibm_aml_small,transaction_classification,historical_transductive_full,future_inductive_recent,coregraph_factorised_diagnostics,composite,0,DG_NO_TARGET,single_t4,T4_16GB,TBD_PROFILE,local_and_data_gates,PLANNED
8a9318e474aaf3702160,final_10seed,confirmatory_primary,ibm_aml_small,transaction_classification,historical_transductive_full,future_inductive_recent,coregraph_factorised_diagnostics,composite,1,DG_NO_TARGET,single_t4,T4_16GB,TBD_PROFILE,local_and_data_gates,PLANNED
d085a727e4ee07b9bba4,final_10seed,confirmatory_primary,ibm_aml_small,transaction_classification,historical_transductive_full,future_inductive_recent,coregraph_factorised_diagnostics,composite,2,DG_NO_TARGET,single_t4,T4_16GB,TBD_PROFILE,local_and_data_gates,PLANNED
0ac42f6ee90fed3643d4,final_10seed,confirmatory_primary,ibm_aml_small,transaction_classification,historical_transductive_full,future_inductive_recent,coregraph_factorised_diagnostics,composite,3,DG_NO_TARGET,single_t4,T4_16GB,TBD_PROFILE,local_and_data_gates,PLANNED
d1d3edc3a17c897d5a65,final_10seed,confirmatory_primary,ibm_aml_small,transaction_classification,historical_transductive_full,future_inductive_recent,coregraph_factorised_diagnostics,composite,4,DG_NO_TARGET,single_t4,T4_16GB,TBD_PROFILE,local_and_data_gates,PLANNED
5175937dd11744809250,final_10seed,confirmatory_primary,ibm_aml_small,transaction_classification,historical_transductive_full,future_inductive_recent,coregraph_factorised_diagnostics,composite,5,DG_NO_TARGET,single_t4,T4_16GB,TBD_PROFILE,local_and_data_gates,PLANNED
5f62248c3363e237339a,final_10seed,confirmatory_primary,ibm_aml_small,transaction_classification,historical_transductive_full,future_inductive_recent,coregraph_factorised_diagnostics,composite,6,DG_NO_TARGET,single_t4,T4_16GB,TBD_PROFILE,local_and_data_gates,PLANNED
f981f0b65598e0e57c30,final_10seed,confirmatory_primary,ibm_aml_small,transaction_classification,historical_transductive_full,future_inductive_recent,coregraph_factorised_diagnostics,composite,7,DG_NO_TARGET,single_t4,T4_16GB,TBD_PROFILE,local_and_data_gates,PLANNED
bde7cdfc33625bbef030,final_10seed,confirmatory_primary,ibm_aml_small,transaction_classification,historical_transductive_full,future_inductive_recent,coregraph_factorised_diagnostics,composite,8,DG_NO_TARGET,single_t4,T4_16GB,TBD_PROFILE,local_and_data_gates,PLANNED
0c5e72e06eb9ec20f8d4,final_10seed,confirmatory_primary,ibm_aml_small,transaction_classification,historical_transductive_full,future_inductive_recent,coregraph_factorised_diagnostics,composite,9,DG_NO_TARGET,single_t4,T4_16GB,TBD_PROFILE,local_and_data_gates,PLANNED
e21c038a6f4275d27b4d,final_10seed,confirmatory_primary,ibm_aml_small,transaction_classification,historical_inductive_full,future_missing_graph,best_single_feasible,composite,0,DG_NO_TARGET,single_t4,T4_16GB,TBD_PROFILE,local_and_data_gates,PLANNED
a8db689c392722bff46a,final_10seed,confirmatory_primary,ibm_aml_small,transaction_classification,historical_inductive_full,future_missing_graph,best_single_feasible,composite,1,DG_NO_TARGET,single_t4,T4_16GB,TBD_PROFILE,local_and_data_gates,PLANNED
edd55dd8122da38575fb,final_10seed,confirmatory_primary,ibm_aml_small,transaction_classification,historical_inductive_full,future_missing_graph,best_single_feasible,composite,2,DG_NO_TARGET,single_t4,T4_16GB,TBD_PROFILE,local_and_data_gates,PLANNED
95a2da78a3b88aaf4e87,final_10seed,confirmatory_primary,ibm_aml_small,transaction_classification,historical_inductive_full,future_missing_graph,best_single_feasible,composite,3,DG_NO_TARGET,single_t4,T4_16GB,TBD_PROFILE,local_and_data_gates,PLANNED
d786e6a5cf04a49e3801,final_10seed,confirmatory_primary,ibm_aml_small,transaction_classification,historical_inductive_full,future_missing_graph,best_single_feasible,composite,4,DG_NO_TARGET,single_t4,T4_16GB,TBD_PROFILE,local_and_data_gates,PLANNED
f9aaf27fb6f3e209613e,final_10seed,confirmatory_primary,ibm_aml_small,transaction_classification,historical_inductive_full,future_missing_graph,best_single_feasible,composite,5,DG_NO_TARGET,single_t4,T4_16GB,TBD_PROFILE,local_and_data_gates,PLANNED
364696fa5605a9a45617,final_10seed,confirmatory_primary,ibm_aml_small,transaction_classification,historical_inductive_full,future_missing_graph,best_single_feasible,composite,6,DG_NO_TARGET,single_t4,T4_16GB,TBD_PROFILE,local_and_data_gates,PLANNED
ab65275d81b648c0643d,final_10seed,confirmatory_primary,ibm_aml_small,transaction_classification,historical_inductive_full,future_missing_graph,best_single_feasible,composite,7,DG_NO_TARGET,single_t4,T4_16GB,TBD_PROFILE,local_and_data_gates,PLANNED
22f6dba4ac64e1aaa5cd,final_10seed,confirmatory_primary,ibm_aml_small,transaction_classification,historical_inductive_full,future_missing_graph,best_single_feasible,composite,8,DG_NO_TARGET,single_t4,T4_16GB,TBD_PROFILE,local_and_data_gates,PLANNED
5ce9dd36dc1d6047ddf1,final_10seed,confirmatory_primary,ibm_aml_small,transaction_classification,historical_inductive_full,future_missing_graph,best_single_feasible,composite,9,DG_NO_TARGET,single_t4,T4_16GB,TBD_PROFILE,local_and_data_gates,PLANNED
0d39d4bee564e5dcee01,final_10seed,confirmatory_primary,ibm_aml_small,transaction_classification,historical_inductive_full,future_missing_graph,graphsafe_feature,composite,0,DG_NO_TARGET,single_t4,T4_16GB,TBD_PROFILE,local_and_data_gates,PLANNED
48d4425fb01f47cd2722,final_10seed,confirmatory_primary,ibm_aml_small,transaction_classification,historical_inductive_full,future_missing_graph,graphsafe_feature,composite,1,DG_NO_TARGET,single_t4,T4_16GB,TBD_PROFILE,local_and_data_gates,PLANNED
c0d5fef703843be6e09f,final_10seed,confirmatory_primary,ibm_aml_small,transaction_classification,historical_inductive_full,future_missing_graph,graphsafe_feature,composite,2,DG_NO_TARGET,single_t4,T4_16GB,TBD_PROFILE,local_and_data_gates,PLANNED
c30ffacc9b5a81e46477,final_10seed,confirmatory_primary,ibm_aml_small,transaction_classification,historical_inductive_full,future_missing_graph,graphsafe_feature,composite,3,DG_NO_TARGET,single_t4,T4_16GB,TBD_PROFILE,local_and_data_gates,PLANNED
6ec9de8f781b0dcdf59f,final_10seed,confirmatory_primary,ibm_aml_small,transaction_classification,historical_inductive_full,future_missing_graph,graphsafe_feature,composite,4,DG_NO_TARGET,single_t4,T4_16GB,TBD_PROFILE,local_and_data_gates,PLANNED
654eecae9d211e63119d,final_10seed,confirmatory_primary,ibm_aml_small,transaction_classification,historical_inductive_full,future_missing_graph,graphsafe_feature,composite,5,DG_NO_TARGET,single_t4,T4_16GB,TBD_PROFILE,local_and_data_gates,PLANNED
bd249b9d8a5f6c5ccb5c,final_10seed,confirmatory_primary,ibm_aml_small,transaction_classification,historical_inductive_full,future_missing_graph,graphsafe_feature,composite,6,DG_NO_TARGET,single_t4,T4_16GB,TBD_PROFILE,local_and_data_gates,PLANNED
e5ca0796ceacaa17b679,final_10seed,confirmatory_primary,ibm_aml_small,transaction_classification,historical_inductive_full,future_missing_graph,graphsafe_feature,composite,7,DG_NO_TARGET,single_t4,T4_16GB,TBD_PROFILE,local_and_data_gates,PLANNED
1b03e37d90c2584803d1,final_10seed,confirmatory_primary,ibm_aml_small,transaction_classification,historical_inductive_full,future_missing_graph,graphsafe_feature,composite,8,DG_NO_TARGET,single_t4,T4_16GB,TBD_PROFILE,local_and_data_gates,PLANNED
07c53b6bcfef902a5f7c,final_10seed,confirmatory_primary,ibm_aml_small,transaction_classification,historical_inductive_full,future_missing_graph,graphsafe_feature,composite,9,DG_NO_TARGET,single_t4,T4_16GB,TBD_PROFILE,local_and_data_gates,PLANNED
23ce9707d486344b0401,final_10seed,confirmatory_primary,ibm_aml_small,transaction_classification,historical_inductive_full,future_missing_graph,coregraph_factorised_diagnostics,composite,0,DG_NO_TARGET,single_t4,T4_16GB,TBD_PROFILE,local_and_data_gates,PLANNED
31ba03e33348732602b2,final_10seed,confirmatory_primary,ibm_aml_small,transaction_classification,historical_inductive_full,future_missing_graph,coregraph_factorised_diagnostics,composite,1,DG_NO_TARGET,single_t4,T4_16GB,TBD_PROFILE,local_and_data_gates,PLANNED
e2b1bca9b944e85c7a35,final_10seed,confirmatory_primary,ibm_aml_small,transaction_classification,historical_inductive_full,future_missing_graph,coregraph_factorised_diagnostics,composite,2,DG_NO_TARGET,single_t4,T4_16GB,TBD_PROFILE,local_and_data_gates,PLANNED
31bfd624a53e09980493,final_10seed,confirmatory_primary,ibm_aml_small,transaction_classification,historical_inductive_full,future_missing_graph,coregraph_factorised_diagnostics,composite,3,DG_NO_TARGET,single_t4,T4_16GB,TBD_PROFILE,local_and_data_gates,PLANNED
a2e012f71c7294c93ff9,final_10seed,confirmatory_primary,ibm_aml_small,transaction_classification,historical_inductive_full,future_missing_graph,coregraph_factorised_diagnostics,composite,4,DG_NO_TARGET,single_t4,T4_16GB,TBD_PROFILE,local_and_data_gates,PLANNED
b33594124e5c8739790d,final_10seed,confirmatory_primary,ibm_aml_small,transaction_classification,historical_inductive_full,future_missing_graph,coregraph_factorised_diagnostics,composite,5,DG_NO_TARGET,single_t4,T4_16GB,TBD_PROFILE,local_and_data_gates,PLANNED
743d28952a4d6ba3ba2e,final_10seed,confirmatory_primary,ibm_aml_small,transaction_classification,historical_inductive_full,future_missing_graph,coregraph_factorised_diagnostics,composite,6,DG_NO_TARGET,single_t4,T4_16GB,TBD_PROFILE,local_and_data_gates,PLANNED
cb27cba2ce72abe532a9,final_10seed,confirmatory_primary,ibm_aml_small,transaction_classification,historical_inductive_full,future_missing_graph,coregraph_factorised_diagnostics,composite,7,DG_NO_TARGET,single_t4,T4_16GB,TBD_PROFILE,local_and_data_gates,PLANNED
f0f0804cd78321cfd04f,final_10seed,confirmatory_primary,ibm_aml_small,transaction_classification,historical_inductive_full,future_missing_graph,coregraph_factorised_diagnostics,composite,8,DG_NO_TARGET,single_t4,T4_16GB,TBD_PROFILE,local_and_data_gates,PLANNED
118f7ccf971e856bb19a,final_10seed,confirmatory_primary,ibm_aml_small,transaction_classification,historical_inductive_full,future_missing_graph,coregraph_factorised_diagnostics,composite,9,DG_NO_TARGET,single_t4,T4_16GB,TBD_PROFILE,local_and_data_gates,PLANNED
05e5ebd709cca528aace,final_10seed,confirmatory_primary,ibm_aml_small,transaction_classification,historical_inductive_full,future_budget_topk,best_single_feasible,composite,0,DG_NO_TARGET,single_t4,T4_16GB,TBD_PROFILE,local_and_data_gates,PLANNED
a5553eae95669c969e30,final_10seed,confirmatory_primary,ibm_aml_small,transaction_classification,historical_inductive_full,future_budget_topk,best_single_feasible,composite,1,DG_NO_TARGET,single_t4,T4_16GB,TBD_PROFILE,local_and_data_gates,PLANNED
6b1b6df3be3048690d81,final_10seed,confirmatory_primary,ibm_aml_small,transaction_classification,historical_inductive_full,future_budget_topk,best_single_feasible,composite,2,DG_NO_TARGET,single_t4,T4_16GB,TBD_PROFILE,local_and_data_gates,PLANNED
2af051bbe3299884dac4,final_10seed,confirmatory_primary,ibm_aml_small,transaction_classification,historical_inductive_full,future_budget_topk,best_single_feasible,composite,3,DG_NO_TARGET,single_t4,T4_16GB,TBD_PROFILE,local_and_data_gates,PLANNED
4a964d7911e9e621b2dc,final_10seed,confirmatory_primary,ibm_aml_small,transaction_classification,historical_inductive_full,future_budget_topk,best_single_feasible,composite,4,DG_NO_TARGET,single_t4,T4_16GB,TBD_PROFILE,local_and_data_gates,PLANNED
7f6596b403a0bc9846da,final_10seed,confirmatory_primary,ibm_aml_small,transaction_classification,historical_inductive_full,future_budget_topk,best_single_feasible,composite,5,DG_NO_TARGET,single_t4,T4_16GB,TBD_PROFILE,local_and_data_gates,PLANNED
1912c934503e223dfc3d,final_10seed,confirmatory_primary,ibm_aml_small,transaction_classification,historical_inductive_full,future_budget_topk,best_single_feasible,composite,6,DG_NO_TARGET,single_t4,T4_16GB,TBD_PROFILE,local_and_data_gates,PLANNED
e6e5eba88eab50009bc0,final_10seed,confirmatory_primary,ibm_aml_small,transaction_classification,historical_inductive_full,future_budget_topk,best_single_feasible,composite,7,DG_NO_TARGET,single_t4,T4_16GB,TBD_PROFILE,local_and_data_gates,PLANNED
2609faca2665f7bfe8a4,final_10seed,confirmatory_primary,ibm_aml_small,transaction_classification,historical_inductive_full,future_budget_topk,best_single_feasible,composite,8,DG_NO_TARGET,single_t4,T4_16GB,TBD_PROFILE,local_and_data_gates,PLANNED
c266e88d611055eebb83,final_10seed,confirmatory_primary,ibm_aml_small,transaction_classification,historical_inductive_full,future_budget_topk,best_single_feasible,composite,9,DG_NO_TARGET,single_t4,T4_16GB,TBD_PROFILE,local_and_data_gates,PLANNED
bbe438363cede37b2a89,final_10seed,confirmatory_primary,ibm_aml_small,transaction_classification,historical_inductive_full,future_budget_topk,graphsafe_feature,composite,0,DG_NO_TARGET,single_t4,T4_16GB,TBD_PROFILE,local_and_data_gates,PLANNED
8ad17e71bd2ccb46382a,final_10seed,confirmatory_primary,ibm_aml_small,transaction_classification,historical_inductive_full,future_budget_topk,graphsafe_feature,composite,1,DG_NO_TARGET,single_t4,T4_16GB,TBD_PROFILE,local_and_data_gates,PLANNED
b400af915039ac6a89ce,final_10seed,confirmatory_primary,ibm_aml_small,transaction_classification,historical_inductive_full,future_budget_topk,graphsafe_feature,composite,2,DG_NO_TARGET,single_t4,T4_16GB,TBD_PROFILE,local_and_data_gates,PLANNED
43ca47296f17dd0bca01,final_10seed,confirmatory_primary,ibm_aml_small,transaction_classification,historical_inductive_full,future_budget_topk,graphsafe_feature,composite,3,DG_NO_TARGET,single_t4,T4_16GB,TBD_PROFILE,local_and_data_gates,PLANNED
7258add22b1eab8371a3,final_10seed,confirmatory_primary,ibm_aml_small,transaction_classification,historical_inductive_full,future_budget_topk,graphsafe_feature,composite,4,DG_NO_TARGET,single_t4,T4_16GB,TBD_PROFILE,local_and_data_gates,PLANNED
2aabc67da21304900fe2,final_10seed,confirmatory_primary,ibm_aml_small,transaction_classification,historical_inductive_full,future_budget_topk,graphsafe_feature,composite,5,DG_NO_TARGET,single_t4,T4_16GB,TBD_PROFILE,local_and_data_gates,PLANNED
e8d1b3b91a79d6ec3ec9,final_10seed,confirmatory_primary,ibm_aml_small,transaction_classification,historical_inductive_full,future_budget_topk,graphsafe_feature,composite,6,DG_NO_TARGET,single_t4,T4_16GB,TBD_PROFILE,local_and_data_gates,PLANNED
4fa5d9e4f09aa807f9ac,final_10seed,confirmatory_primary,ibm_aml_small,transaction_classification,historical_inductive_full,future_budget_topk,graphsafe_feature,composite,7,DG_NO_TARGET,single_t4,T4_16GB,TBD_PROFILE,local_and_data_gates,PLANNED
6bfde756cae3a26fda45,final_10seed,confirmatory_primary,ibm_aml_small,transaction_classification,historical_inductive_full,future_budget_topk,graphsafe_feature,composite,8,DG_NO_TARGET,single_t4,T4_16GB,TBD_PROFILE,local_and_data_gates,PLANNED
9859093617aaef237727,final_10seed,confirmatory_primary,ibm_aml_small,transaction_classification,historical_inductive_full,future_budget_topk,graphsafe_feature,composite,9,DG_NO_TARGET,single_t4,T4_16GB,TBD_PROFILE,local_and_data_gates,PLANNED
e67302868d7f2917bfab,final_10seed,confirmatory_primary,ibm_aml_small,transaction_classification,historical_inductive_full,future_budget_topk,coregraph_factorised_diagnostics,composite,0,DG_NO_TARGET,single_t4,T4_16GB,TBD_PROFILE,local_and_data_gates,PLANNED
311d16c2a8354a5a9fac,final_10seed,confirmatory_primary,ibm_aml_small,transaction_classification,historical_inductive_full,future_budget_topk,coregraph_factorised_diagnostics,composite,1,DG_NO_TARGET,single_t4,T4_16GB,TBD_PROFILE,local_and_data_gates,PLANNED
b1517f9c1f488c0c8835,final_10seed,confirmatory_primary,ibm_aml_small,transaction_classification,historical_inductive_full,future_budget_topk,coregraph_factorised_diagnostics,composite,2,DG_NO_TARGET,single_t4,T4_16GB,TBD_PROFILE,local_and_data_gates,PLANNED
223ece0dd5f8ef9e6dee,final_10seed,confirmatory_primary,ibm_aml_small,transaction_classification,historical_inductive_full,future_budget_topk,coregraph_factorised_diagnostics,composite,3,DG_NO_TARGET,single_t4,T4_16GB,TBD_PROFILE,local_and_data_gates,PLANNED
71497d00ae1264b58967,final_10seed,confirmatory_primary,ibm_aml_small,transaction_classification,historical_inductive_full,future_budget_topk,coregraph_factorised_diagnostics,composite,4,DG_NO_TARGET,single_t4,T4_16GB,TBD_PROFILE,local_and_data_gates,PLANNED
f36aad17a95232bd7e46,final_10seed,confirmatory_primary,ibm_aml_small,transaction_classification,historical_inductive_full,future_budget_topk,coregraph_factorised_diagnostics,composite,5,DG_NO_TARGET,single_t4,T4_16GB,TBD_PROFILE,local_and_data_gates,PLANNED
f5855e8a8d1cb5e5e27a,final_10seed,confirmatory_primary,ibm_aml_small,transaction_classification,historical_inductive_full,future_budget_topk,coregraph_factorised_diagnostics,composite,6,DG_NO_TARGET,single_t4,T4_16GB,TBD_PROFILE,local_and_data_gates,PLANNED
2e22ac0edf00d8167a00,final_10seed,confirmatory_primary,ibm_aml_small,transaction_classification,historical_inductive_full,future_budget_topk,coregraph_factorised_diagnostics,composite,7,DG_NO_TARGET,single_t4,T4_16GB,TBD_PROFILE,local_and_data_gates,PLANNED
2888e1ccc332db575e4b,final_10seed,confirmatory_primary,ibm_aml_small,transaction_classification,historical_inductive_full,future_budget_topk,coregraph_factorised_diagnostics,composite,8,DG_NO_TARGET,single_t4,T4_16GB,TBD_PROFILE,local_and_data_gates,PLANNED
7e0299f3f7e6c6343289,final_10seed,confirmatory_primary,ibm_aml_small,transaction_classification,historical_inductive_full,future_budget_topk,coregraph_factorised_diagnostics,composite,9,DG_NO_TARGET,single_t4,T4_16GB,TBD_PROFILE,local_and_data_gates,PLANNED
1401ba7aee328e922c13,final_10seed,confirmatory_primary,ibm_aml_small,transaction_classification,historical_transductive_full,future_resource_limited,best_single_feasible,composite,0,DG_NO_TARGET,single_t4,T4_16GB,TBD_PROFILE,local_and_data_gates,PLANNED
7f53ce098f5b2794629b,final_10seed,confirmatory_primary,ibm_aml_small,transaction_classification,historical_transductive_full,future_resource_limited,best_single_feasible,composite,1,DG_NO_TARGET,single_t4,T4_16GB,TBD_PROFILE,local_and_data_gates,PLANNED
8feaad9b5820cb61df23,final_10seed,confirmatory_primary,ibm_aml_small,transaction_classification,historical_transductive_full,future_resource_limited,best_single_feasible,composite,2,DG_NO_TARGET,single_t4,T4_16GB,TBD_PROFILE,local_and_data_gates,PLANNED
f5ccc70e2cd56539c294,final_10seed,confirmatory_primary,ibm_aml_small,transaction_classification,historical_transductive_full,future_resource_limited,best_single_feasible,composite,3,DG_NO_TARGET,single_t4,T4_16GB,TBD_PROFILE,local_and_data_gates,PLANNED
40d1d551b53cac57a659,final_10seed,confirmatory_primary,ibm_aml_small,transaction_classification,historical_transductive_full,future_resource_limited,best_single_feasible,composite,4,DG_NO_TARGET,single_t4,T4_16GB,TBD_PROFILE,local_and_data_gates,PLANNED
218c47afe724946b9172,final_10seed,confirmatory_primary,ibm_aml_small,transaction_classification,historical_transductive_full,future_resource_limited,best_single_feasible,composite,5,DG_NO_TARGET,single_t4,T4_16GB,TBD_PROFILE,local_and_data_gates,PLANNED
7a9ce6cacf1ff088ffcb,final_10seed,confirmatory_primary,ibm_aml_small,transaction_classification,historical_transductive_full,future_resource_limited,best_single_feasible,composite,6,DG_NO_TARGET,single_t4,T4_16GB,TBD_PROFILE,local_and_data_gates,PLANNED
6606d29c44bfe8a31918,final_10seed,confirmatory_primary,ibm_aml_small,transaction_classification,historical_transductive_full,future_resource_limited,best_single_feasible,composite,7,DG_NO_TARGET,single_t4,T4_16GB,TBD_PROFILE,local_and_data_gates,PLANNED
1e0b3661eb87718cdfa2,final_10seed,confirmatory_primary,ibm_aml_small,transaction_classification,historical_transductive_full,future_resource_limited,best_single_feasible,composite,8,DG_NO_TARGET,single_t4,T4_16GB,TBD_PROFILE,local_and_data_gates,PLANNED
fec891bb16230e470280,final_10seed,confirmatory_primary,ibm_aml_small,transaction_classification,historical_transductive_full,future_resource_limited,best_single_feasible,composite,9,DG_NO_TARGET,single_t4,T4_16GB,TBD_PROFILE,local_and_data_gates,PLANNED
378deffe277fcce9a5f6,final_10seed,confirmatory_primary,ibm_aml_small,transaction_classification,historical_transductive_full,future_resource_limited,graphsafe_feature,composite,0,DG_NO_TARGET,single_t4,T4_16GB,TBD_PROFILE,local_and_data_gates,PLANNED
82d1766802ead1533761,final_10seed,confirmatory_primary,ibm_aml_small,transaction_classification,historical_transductive_full,future_resource_limited,graphsafe_feature,composite,1,DG_NO_TARGET,single_t4,T4_16GB,TBD_PROFILE,local_and_data_gates,PLANNED
ef5b73c8f41af5dc0bce,final_10seed,confirmatory_primary,ibm_aml_small,transaction_classification,historical_transductive_full,future_resource_limited,graphsafe_feature,composite,2,DG_NO_TARGET,single_t4,T4_16GB,TBD_PROFILE,local_and_data_gates,PLANNED
25892e1a8edaf72dbaa9,final_10seed,confirmatory_primary,ibm_aml_small,transaction_classification,historical_transductive_full,future_resource_limited,graphsafe_feature,composite,3,DG_NO_TARGET,single_t4,T4_16GB,TBD_PROFILE,local_and_data_gates,PLANNED
5d3f3e7b27cbcbde1365,final_10seed,confirmatory_primary,ibm_aml_small,transaction_classification,historical_transductive_full,future_resource_limited,graphsafe_feature,composite,4,DG_NO_TARGET,single_t4,T4_16GB,TBD_PROFILE,local_and_data_gates,PLANNED
6121dbfd2dedfba1ff09,final_10seed,confirmatory_primary,ibm_aml_small,transaction_classification,historical_transductive_full,future_resource_limited,graphsafe_feature,composite,5,DG_NO_TARGET,single_t4,T4_16GB,TBD_PROFILE,local_and_data_gates,PLANNED
e33eab4f23eb24deb78d,final_10seed,confirmatory_primary,ibm_aml_small,transaction_classification,historical_transductive_full,future_resource_limited,graphsafe_feature,composite,6,DG_NO_TARGET,single_t4,T4_16GB,TBD_PROFILE,local_and_data_gates,PLANNED
ec2d04f58d523b1b4e8a,final_10seed,confirmatory_primary,ibm_aml_small,transaction_classification,historical_transductive_full,future_resource_limited,graphsafe_feature,composite,7,DG_NO_TARGET,single_t4,T4_16GB,TBD_PROFILE,local_and_data_gates,PLANNED
1012edc7ebf2f2183e04,final_10seed,confirmatory_primary,ibm_aml_small,transaction_classification,historical_transductive_full,future_resource_limited,graphsafe_feature,composite,8,DG_NO_TARGET,single_t4,T4_16GB,TBD_PROFILE,local_and_data_gates,PLANNED
68d25ee260fb86f6843f,final_10seed,confirmatory_primary,ibm_aml_small,transaction_classification,historical_transductive_full,future_resource_limited,graphsafe_feature,composite,9,DG_NO_TARGET,single_t4,T4_16GB,TBD_PROFILE,local_and_data_gates,PLANNED
c9cd4eb735d1d50ad97e,final_10seed,confirmatory_primary,ibm_aml_small,transaction_classification,historical_transductive_full,future_resource_limited,coregraph_factorised_diagnostics,composite,0,DG_NO_TARGET,single_t4,T4_16GB,TBD_PROFILE,local_and_data_gates,PLANNED
b88f516f3e8fe8f696ef,final_10seed,confirmatory_primary,ibm_aml_small,transaction_classification,historical_transductive_full,future_resource_limited,coregraph_factorised_diagnostics,composite,1,DG_NO_TARGET,single_t4,T4_16GB,TBD_PROFILE,local_and_data_gates,PLANNED
78c06945c3a356c1b301,final_10seed,confirmatory_primary,ibm_aml_small,transaction_classification,historical_transductive_full,future_resource_limited,coregraph_factorised_diagnostics,composite,2,DG_NO_TARGET,single_t4,T4_16GB,TBD_PROFILE,local_and_data_gates,PLANNED
c60703978d33b15b7b72,final_10seed,confirmatory_primary,ibm_aml_small,transaction_classification,historical_transductive_full,future_resource_limited,coregraph_factorised_diagnostics,composite,3,DG_NO_TARGET,single_t4,T4_16GB,TBD_PROFILE,local_and_data_gates,PLANNED
0e5c9608f571f7589ca0,final_10seed,confirmatory_primary,ibm_aml_small,transaction_classification,historical_transductive_full,future_resource_limited,coregraph_factorised_diagnostics,composite,4,DG_NO_TARGET,single_t4,T4_16GB,TBD_PROFILE,local_and_data_gates,PLANNED
861ed271e73f6562a48a,final_10seed,confirmatory_primary,ibm_aml_small,transaction_classification,historical_transductive_full,future_resource_limited,coregraph_factorised_diagnostics,composite,5,DG_NO_TARGET,single_t4,T4_16GB,TBD_PROFILE,local_and_data_gates,PLANNED
7eed917d9bbf5f164e3f,final_10seed,confirmatory_primary,ibm_aml_small,transaction_classification,historical_transductive_full,future_resource_limited,coregraph_factorised_diagnostics,composite,6,DG_NO_TARGET,single_t4,T4_16GB,TBD_PROFILE,local_and_data_gates,PLANNED
9aa99781c5c47d4270b6,final_10seed,confirmatory_primary,ibm_aml_small,transaction_classification,historical_transductive_full,future_resource_limited,coregraph_factorised_diagnostics,composite,7,DG_NO_TARGET,single_t4,T4_16GB,TBD_PROFILE,local_and_data_gates,PLANNED
d214fa4077f2f95e91b8,final_10seed,confirmatory_primary,ibm_aml_small,transaction_classification,historical_transductive_full,future_resource_limited,coregraph_factorised_diagnostics,composite,8,DG_NO_TARGET,single_t4,T4_16GB,TBD_PROFILE,local_and_data_gates,PLANNED
ff86b6772c206d670e3e,final_10seed,confirmatory_primary,ibm_aml_small,transaction_classification,historical_transductive_full,future_resource_limited,coregraph_factorised_diagnostics,composite,9,DG_NO_TARGET,single_t4,T4_16GB,TBD_PROFILE,local_and_data_gates,PLANNED
23377bae45a1d16b13f6,final_10seed,confirmatory_primary,ibm_aml_medium,transaction_classification,historical_transductive_full,future_inductive_full,best_single_feasible,composite,0,DG_NO_TARGET,single_t4,T4_16GB,TBD_PROFILE,local_and_data_gates,PLANNED
283c27d55299a3932942,final_10seed,confirmatory_primary,ibm_aml_medium,transaction_classification,historical_transductive_full,future_inductive_full,best_single_feasible,composite,1,DG_NO_TARGET,single_t4,T4_16GB,TBD_PROFILE,local_and_data_gates,PLANNED
8d0265b5dd62f5c6ec05,final_10seed,confirmatory_primary,ibm_aml_medium,transaction_classification,historical_transductive_full,future_inductive_full,best_single_feasible,composite,2,DG_NO_TARGET,single_t4,T4_16GB,TBD_PROFILE,local_and_data_gates,PLANNED
84a92f3d05c7e6c90586,final_10seed,confirmatory_primary,ibm_aml_medium,transaction_classification,historical_transductive_full,future_inductive_full,best_single_feasible,composite,3,DG_NO_TARGET,single_t4,T4_16GB,TBD_PROFILE,local_and_data_gates,PLANNED
e5deec4e4a6b56a6d1e2,final_10seed,confirmatory_primary,ibm_aml_medium,transaction_classification,historical_transductive_full,future_inductive_full,best_single_feasible,composite,4,DG_NO_TARGET,single_t4,T4_16GB,TBD_PROFILE,local_and_data_gates,PLANNED
0e5bd542289938ecb6ae,final_10seed,confirmatory_primary,ibm_aml_medium,transaction_classification,historical_transductive_full,future_inductive_full,best_single_feasible,composite,5,DG_NO_TARGET,single_t4,T4_16GB,TBD_PROFILE,local_and_data_gates,PLANNED
cebd1317bbc71eb98794,final_10seed,confirmatory_primary,ibm_aml_medium,transaction_classification,historical_transductive_full,future_inductive_full,best_single_feasible,composite,6,DG_NO_TARGET,single_t4,T4_16GB,TBD_PROFILE,local_and_data_gates,PLANNED
ac97f22f4bc674367497,final_10seed,confirmatory_primary,ibm_aml_medium,transaction_classification,historical_transductive_full,future_inductive_full,best_single_feasible,composite,7,DG_NO_TARGET,single_t4,T4_16GB,TBD_PROFILE,local_and_data_gates,PLANNED
9631c0fe4aeb9b3b61d9,final_10seed,confirmatory_primary,ibm_aml_medium,transaction_classification,historical_transductive_full,future_inductive_full,best_single_feasible,composite,8,DG_NO_TARGET,single_t4,T4_16GB,TBD_PROFILE,local_and_data_gates,PLANNED
2bda23b822dbd087822d,final_10seed,confirmatory_primary,ibm_aml_medium,transaction_classification,historical_transductive_full,future_inductive_full,best_single_feasible,composite,9,DG_NO_TARGET,single_t4,T4_16GB,TBD_PROFILE,local_and_data_gates,PLANNED
c12ed23c66f296b6550e,final_10seed,confirmatory_primary,ibm_aml_medium,transaction_classification,historical_transductive_full,future_inductive_full,graphsafe_feature,composite,0,DG_NO_TARGET,single_t4,T4_16GB,TBD_PROFILE,local_and_data_gates,PLANNED
e52a5eb5823bf3727f1e,final_10seed,confirmatory_primary,ibm_aml_medium,transaction_classification,historical_transductive_full,future_inductive_full,graphsafe_feature,composite,1,DG_NO_TARGET,single_t4,T4_16GB,TBD_PROFILE,local_and_data_gates,PLANNED
4efc89772bdc7e82e7a7,final_10seed,confirmatory_primary,ibm_aml_medium,transaction_classification,historical_transductive_full,future_inductive_full,graphsafe_feature,composite,2,DG_NO_TARGET,single_t4,T4_16GB,TBD_PROFILE,local_and_data_gates,PLANNED
7081bfe53c7cb4df2f89,final_10seed,confirmatory_primary,ibm_aml_medium,transaction_classification,historical_transductive_full,future_inductive_full,graphsafe_feature,composite,3,DG_NO_TARGET,single_t4,T4_16GB,TBD_PROFILE,local_and_data_gates,PLANNED
882577ec5c84b0988df8,final_10seed,confirmatory_primary,ibm_aml_medium,transaction_classification,historical_transductive_full,future_inductive_full,graphsafe_feature,composite,4,DG_NO_TARGET,single_t4,T4_16GB,TBD_PROFILE,local_and_data_gates,PLANNED
f8c3e9a159db366aa044,final_10seed,confirmatory_primary,ibm_aml_medium,transaction_classification,historical_transductive_full,future_inductive_full,graphsafe_feature,composite,5,DG_NO_TARGET,single_t4,T4_16GB,TBD_PROFILE,local_and_data_gates,PLANNED
350a075bcac1332f8cf2,final_10seed,confirmatory_primary,ibm_aml_medium,transaction_classification,historical_transductive_full,future_inductive_full,graphsafe_feature,composite,6,DG_NO_TARGET,single_t4,T4_16GB,TBD_PROFILE,local_and_data_gates,PLANNED
6ba657a0d66e3ea19915,final_10seed,confirmatory_primary,ibm_aml_medium,transaction_classification,historical_transductive_full,future_inductive_full,graphsafe_feature,composite,7,DG_NO_TARGET,single_t4,T4_16GB,TBD_PROFILE,local_and_data_gates,PLANNED
9a2b8ef8e6c835003550,final_10seed,confirmatory_primary,ibm_aml_medium,transaction_classification,historical_transductive_full,future_inductive_full,graphsafe_feature,composite,8,DG_NO_TARGET,single_t4,T4_16GB,TBD_PROFILE,local_and_data_gates,PLANNED
5ef2d14f9977786f9a82,final_10seed,confirmatory_primary,ibm_aml_medium,transaction_classification,historical_transductive_full,future_inductive_full,graphsafe_feature,composite,9,DG_NO_TARGET,single_t4,T4_16GB,TBD_PROFILE,local_and_data_gates,PLANNED
5fd62e1532800f54f93f,final_10seed,confirmatory_primary,ibm_aml_medium,transaction_classification,historical_transductive_full,future_inductive_full,coregraph_factorised_diagnostics,composite,0,DG_NO_TARGET,single_t4,T4_16GB,TBD_PROFILE,local_and_data_gates,PLANNED
723e3a675dd179f173ac,final_10seed,confirmatory_primary,ibm_aml_medium,transaction_classification,historical_transductive_full,future_inductive_full,coregraph_factorised_diagnostics,composite,1,DG_NO_TARGET,single_t4,T4_16GB,TBD_PROFILE,local_and_data_gates,PLANNED
eb2d9b8e2bf09982feec,final_10seed,confirmatory_primary,ibm_aml_medium,transaction_classification,historical_transductive_full,future_inductive_full,coregraph_factorised_diagnostics,composite,2,DG_NO_TARGET,single_t4,T4_16GB,TBD_PROFILE,local_and_data_gates,PLANNED
1fff684e73260a7331d2,final_10seed,confirmatory_primary,ibm_aml_medium,transaction_classification,historical_transductive_full,future_inductive_full,coregraph_factorised_diagnostics,composite,3,DG_NO_TARGET,single_t4,T4_16GB,TBD_PROFILE,local_and_data_gates,PLANNED
3f835250976b8a164b19,final_10seed,confirmatory_primary,ibm_aml_medium,transaction_classification,historical_transductive_full,future_inductive_full,coregraph_factorised_diagnostics,composite,4,DG_NO_TARGET,single_t4,T4_16GB,TBD_PROFILE,local_and_data_gates,PLANNED
18122231838dbc6febcd,final_10seed,confirmatory_primary,ibm_aml_medium,transaction_classification,historical_transductive_full,future_inductive_full,coregraph_factorised_diagnostics,composite,5,DG_NO_TARGET,single_t4,T4_16GB,TBD_PROFILE,local_and_data_gates,PLANNED
a4e7146cdedf2c5f7b9d,final_10seed,confirmatory_primary,ibm_aml_medium,transaction_classification,historical_transductive_full,future_inductive_full,coregraph_factorised_diagnostics,composite,6,DG_NO_TARGET,single_t4,T4_16GB,TBD_PROFILE,local_and_data_gates,PLANNED
65846de588b7f3de1db8,final_10seed,confirmatory_primary,ibm_aml_medium,transaction_classification,historical_transductive_full,future_inductive_full,coregraph_factorised_diagnostics,composite,7,DG_NO_TARGET,single_t4,T4_16GB,TBD_PROFILE,local_and_data_gates,PLANNED
8c256838fa503da7aa87,final_10seed,confirmatory_primary,ibm_aml_medium,transaction_classification,historical_transductive_full,future_inductive_full,coregraph_factorised_diagnostics,composite,8,DG_NO_TARGET,single_t4,T4_16GB,TBD_PROFILE,local_and_data_gates,PLANNED
7028db4345d2fbc17dd5,final_10seed,confirmatory_primary,ibm_aml_medium,transaction_classification,historical_transductive_full,future_inductive_full,coregraph_factorised_diagnostics,composite,9,DG_NO_TARGET,single_t4,T4_16GB,TBD_PROFILE,local_and_data_gates,PLANNED
395df492ed8796b261b2,final_10seed,confirmatory_primary,ibm_aml_medium,transaction_classification,historical_transductive_full,future_inductive_recent,best_single_feasible,composite,0,DG_NO_TARGET,single_t4,T4_16GB,TBD_PROFILE,local_and_data_gates,PLANNED
088338a951097b9308dd,final_10seed,confirmatory_primary,ibm_aml_medium,transaction_classification,historical_transductive_full,future_inductive_recent,best_single_feasible,composite,1,DG_NO_TARGET,single_t4,T4_16GB,TBD_PROFILE,local_and_data_gates,PLANNED
4b289785be083726c5cf,final_10seed,confirmatory_primary,ibm_aml_medium,transaction_classification,historical_transductive_full,future_inductive_recent,best_single_feasible,composite,2,DG_NO_TARGET,single_t4,T4_16GB,TBD_PROFILE,local_and_data_gates,PLANNED
d761cf32507020ebd80d,final_10seed,confirmatory_primary,ibm_aml_medium,transaction_classification,historical_transductive_full,future_inductive_recent,best_single_feasible,composite,3,DG_NO_TARGET,single_t4,T4_16GB,TBD_PROFILE,local_and_data_gates,PLANNED
271d5be49ea8ecdba1d4,final_10seed,confirmatory_primary,ibm_aml_medium,transaction_classification,historical_transductive_full,future_inductive_recent,best_single_feasible,composite,4,DG_NO_TARGET,single_t4,T4_16GB,TBD_PROFILE,local_and_data_gates,PLANNED
23959e83ee7dcc53023f,final_10seed,confirmatory_primary,ibm_aml_medium,transaction_classification,historical_transductive_full,future_inductive_recent,best_single_feasible,composite,5,DG_NO_TARGET,single_t4,T4_16GB,TBD_PROFILE,local_and_data_gates,PLANNED
b3571d1c8878fe7f8ba1,final_10seed,confirmatory_primary,ibm_aml_medium,transaction_classification,historical_transductive_full,future_inductive_recent,best_single_feasible,composite,6,DG_NO_TARGET,single_t4,T4_16GB,TBD_PROFILE,local_and_data_gates,PLANNED
2f642aca549c044a81d4,final_10seed,confirmatory_primary,ibm_aml_medium,transaction_classification,historical_transductive_full,future_inductive_recent,best_single_feasible,composite,7,DG_NO_TARGET,single_t4,T4_16GB,TBD_PROFILE,local_and_data_gates,PLANNED
1883df9f282c1f0dc702,final_10seed,confirmatory_primary,ibm_aml_medium,transaction_classification,historical_transductive_full,future_inductive_recent,best_single_feasible,composite,8,DG_NO_TARGET,single_t4,T4_16GB,TBD_PROFILE,local_and_data_gates,PLANNED
0a59573ba9c1f6f07bbf,final_10seed,confirmatory_primary,ibm_aml_medium,transaction_classification,historical_transductive_full,future_inductive_recent,best_single_feasible,composite,9,DG_NO_TARGET,single_t4,T4_16GB,TBD_PROFILE,local_and_data_gates,PLANNED
42665eefb1323bca32b7,final_10seed,confirmatory_primary,ibm_aml_medium,transaction_classification,historical_transductive_full,future_inductive_recent,graphsafe_feature,composite,0,DG_NO_TARGET,single_t4,T4_16GB,TBD_PROFILE,local_and_data_gates,PLANNED
a4875b5926d90e3827da,final_10seed,confirmatory_primary,ibm_aml_medium,transaction_classification,historical_transductive_full,future_inductive_recent,graphsafe_feature,composite,1,DG_NO_TARGET,single_t4,T4_16GB,TBD_PROFILE,local_and_data_gates,PLANNED
25526e8c7d2a1effc3fd,final_10seed,confirmatory_primary,ibm_aml_medium,transaction_classification,historical_transductive_full,future_inductive_recent,graphsafe_feature,composite,2,DG_NO_TARGET,single_t4,T4_16GB,TBD_PROFILE,local_and_data_gates,PLANNED
57b586179014a24189d6,final_10seed,confirmatory_primary,ibm_aml_medium,transaction_classification,historical_transductive_full,future_inductive_recent,graphsafe_feature,composite,3,DG_NO_TARGET,single_t4,T4_16GB,TBD_PROFILE,local_and_data_gates,PLANNED
1fbda3b56cb995952d4a,final_10seed,confirmatory_primary,ibm_aml_medium,transaction_classification,historical_transductive_full,future_inductive_recent,graphsafe_feature,composite,4,DG_NO_TARGET,single_t4,T4_16GB,TBD_PROFILE,local_and_data_gates,PLANNED
b476f50cfc6df7c5f430,final_10seed,confirmatory_primary,ibm_aml_medium,transaction_classification,historical_transductive_full,future_inductive_recent,graphsafe_feature,composite,5,DG_NO_TARGET,single_t4,T4_16GB,TBD_PROFILE,local_and_data_gates,PLANNED
935541612ff2b8af2232,final_10seed,confirmatory_primary,ibm_aml_medium,transaction_classification,historical_transductive_full,future_inductive_recent,graphsafe_feature,composite,6,DG_NO_TARGET,single_t4,T4_16GB,TBD_PROFILE,local_and_data_gates,PLANNED
7f1f6c8b01ae9acb20e9,final_10seed,confirmatory_primary,ibm_aml_medium,transaction_classification,historical_transductive_full,future_inductive_recent,graphsafe_feature,composite,7,DG_NO_TARGET,single_t4,T4_16GB,TBD_PROFILE,local_and_data_gates,PLANNED
eae5a8e8e948cc55f8d9,final_10seed,confirmatory_primary,ibm_aml_medium,transaction_classification,historical_transductive_full,future_inductive_recent,graphsafe_feature,composite,8,DG_NO_TARGET,single_t4,T4_16GB,TBD_PROFILE,local_and_data_gates,PLANNED
5017a09033ebf5e20b6a,final_10seed,confirmatory_primary,ibm_aml_medium,transaction_classification,historical_transductive_full,future_inductive_recent,graphsafe_feature,composite,9,DG_NO_TARGET,single_t4,T4_16GB,TBD_PROFILE,local_and_data_gates,PLANNED
48206457ace6ab33685b,final_10seed,confirmatory_primary,ibm_aml_medium,transaction_classification,historical_transductive_full,future_inductive_recent,coregraph_factorised_diagnostics,composite,0,DG_NO_TARGET,single_t4,T4_16GB,TBD_PROFILE,local_and_data_gates,PLANNED
c05ae257f6f0ded12fab,final_10seed,confirmatory_primary,ibm_aml_medium,transaction_classification,historical_transductive_full,future_inductive_recent,coregraph_factorised_diagnostics,composite,1,DG_NO_TARGET,single_t4,T4_16GB,TBD_PROFILE,local_and_data_gates,PLANNED
f7bcb471edfd1359a2e6,final_10seed,confirmatory_primary,ibm_aml_medium,transaction_classification,historical_transductive_full,future_inductive_recent,coregraph_factorised_diagnostics,composite,2,DG_NO_TARGET,single_t4,T4_16GB,TBD_PROFILE,local_and_data_gates,PLANNED
fa7efa733baff0dae1ad,final_10seed,confirmatory_primary,ibm_aml_medium,transaction_classification,historical_transductive_full,future_inductive_recent,coregraph_factorised_diagnostics,composite,3,DG_NO_TARGET,single_t4,T4_16GB,TBD_PROFILE,local_and_data_gates,PLANNED
8c5b0d19d51fcdf6c674,final_10seed,confirmatory_primary,ibm_aml_medium,transaction_classification,historical_transductive_full,future_inductive_recent,coregraph_factorised_diagnostics,composite,4,DG_NO_TARGET,single_t4,T4_16GB,TBD_PROFILE,local_and_data_gates,PLANNED
29250e178059e13eb638,final_10seed,confirmatory_primary,ibm_aml_medium,transaction_classification,historical_transductive_full,future_inductive_recent,coregraph_factorised_diagnostics,composite,5,DG_NO_TARGET,single_t4,T4_16GB,TBD_PROFILE,local_and_data_gates,PLANNED
739b26885492ea1ebb13,final_10seed,confirmatory_primary,ibm_aml_medium,transaction_classification,historical_transductive_full,future_inductive_recent,coregraph_factorised_diagnostics,composite,6,DG_NO_TARGET,single_t4,T4_16GB,TBD_PROFILE,local_and_data_gates,PLANNED
a1948d447c9d0146fb0d,final_10seed,confirmatory_primary,ibm_aml_medium,transaction_classification,historical_transductive_full,future_inductive_recent,coregraph_factorised_diagnostics,composite,7,DG_NO_TARGET,single_t4,T4_16GB,TBD_PROFILE,local_and_data_gates,PLANNED
46fd72b38d94ec05476c,final_10seed,confirmatory_primary,ibm_aml_medium,transaction_classification,historical_transductive_full,future_inductive_recent,coregraph_factorised_diagnostics,composite,8,DG_NO_TARGET,single_t4,T4_16GB,TBD_PROFILE,local_and_data_gates,PLANNED
376704819b5923d1691c,final_10seed,confirmatory_primary,ibm_aml_medium,transaction_classification,historical_transductive_full,future_inductive_recent,coregraph_factorised_diagnostics,composite,9,DG_NO_TARGET,single_t4,T4_16GB,TBD_PROFILE,local_and_data_gates,PLANNED
81a0663dd7f61c7e342e,final_10seed,confirmatory_primary,ibm_aml_medium,transaction_classification,historical_inductive_full,future_missing_graph,best_single_feasible,composite,0,DG_NO_TARGET,single_t4,T4_16GB,TBD_PROFILE,local_and_data_gates,PLANNED
f3f7f92d436d759ae42a,final_10seed,confirmatory_primary,ibm_aml_medium,transaction_classification,historical_inductive_full,future_missing_graph,best_single_feasible,composite,1,DG_NO_TARGET,single_t4,T4_16GB,TBD_PROFILE,local_and_data_gates,PLANNED
299855d1e7e5c6f2514a,final_10seed,confirmatory_primary,ibm_aml_medium,transaction_classification,historical_inductive_full,future_missing_graph,best_single_feasible,composite,2,DG_NO_TARGET,single_t4,T4_16GB,TBD_PROFILE,local_and_data_gates,PLANNED
00bb4ec39e82df36ae9a,final_10seed,confirmatory_primary,ibm_aml_medium,transaction_classification,historical_inductive_full,future_missing_graph,best_single_feasible,composite,3,DG_NO_TARGET,single_t4,T4_16GB,TBD_PROFILE,local_and_data_gates,PLANNED
6bdf3f316526adadf083,final_10seed,confirmatory_primary,ibm_aml_medium,transaction_classification,historical_inductive_full,future_missing_graph,best_single_feasible,composite,4,DG_NO_TARGET,single_t4,T4_16GB,TBD_PROFILE,local_and_data_gates,PLANNED
7e56d85801977eca4eac,final_10seed,confirmatory_primary,ibm_aml_medium,transaction_classification,historical_inductive_full,future_missing_graph,best_single_feasible,composite,5,DG_NO_TARGET,single_t4,T4_16GB,TBD_PROFILE,local_and_data_gates,PLANNED
457b9ce1f2f3a5e6edb8,final_10seed,confirmatory_primary,ibm_aml_medium,transaction_classification,historical_inductive_full,future_missing_graph,best_single_feasible,composite,6,DG_NO_TARGET,single_t4,T4_16GB,TBD_PROFILE,local_and_data_gates,PLANNED
b9bd95291797232d3522,final_10seed,confirmatory_primary,ibm_aml_medium,transaction_classification,historical_inductive_full,future_missing_graph,best_single_feasible,composite,7,DG_NO_TARGET,single_t4,T4_16GB,TBD_PROFILE,local_and_data_gates,PLANNED
9111b09d21811ce09a10,final_10seed,confirmatory_primary,ibm_aml_medium,transaction_classification,historical_inductive_full,future_missing_graph,best_single_feasible,composite,8,DG_NO_TARGET,single_t4,T4_16GB,TBD_PROFILE,local_and_data_gates,PLANNED
84a27eaca7e77f7bc499,final_10seed,confirmatory_primary,ibm_aml_medium,transaction_classification,historical_inductive_full,future_missing_graph,best_single_feasible,composite,9,DG_NO_TARGET,single_t4,T4_16GB,TBD_PROFILE,local_and_data_gates,PLANNED
bb6e4f999cd7f3689c59,final_10seed,confirmatory_primary,ibm_aml_medium,transaction_classification,historical_inductive_full,future_missing_graph,graphsafe_feature,composite,0,DG_NO_TARGET,single_t4,T4_16GB,TBD_PROFILE,local_and_data_gates,PLANNED
36240537c9738d9b41f3,final_10seed,confirmatory_primary,ibm_aml_medium,transaction_classification,historical_inductive_full,future_missing_graph,graphsafe_feature,composite,1,DG_NO_TARGET,single_t4,T4_16GB,TBD_PROFILE,local_and_data_gates,PLANNED
7cb7a2144f66a5cc6b3d,final_10seed,confirmatory_primary,ibm_aml_medium,transaction_classification,historical_inductive_full,future_missing_graph,graphsafe_feature,composite,2,DG_NO_TARGET,single_t4,T4_16GB,TBD_PROFILE,local_and_data_gates,PLANNED
fea711997ed4d60fa019,final_10seed,confirmatory_primary,ibm_aml_medium,transaction_classification,historical_inductive_full,future_missing_graph,graphsafe_feature,composite,3,DG_NO_TARGET,single_t4,T4_16GB,TBD_PROFILE,local_and_data_gates,PLANNED
13eacf82d19ec318cd97,final_10seed,confirmatory_primary,ibm_aml_medium,transaction_classification,historical_inductive_full,future_missing_graph,graphsafe_feature,composite,4,DG_NO_TARGET,single_t4,T4_16GB,TBD_PROFILE,local_and_data_gates,PLANNED
424d967282f3d69b01f2,final_10seed,confirmatory_primary,ibm_aml_medium,transaction_classification,historical_inductive_full,future_missing_graph,graphsafe_feature,composite,5,DG_NO_TARGET,single_t4,T4_16GB,TBD_PROFILE,local_and_data_gates,PLANNED
da3f9d5f68afb23f47c1,final_10seed,confirmatory_primary,ibm_aml_medium,transaction_classification,historical_inductive_full,future_missing_graph,graphsafe_feature,composite,6,DG_NO_TARGET,single_t4,T4_16GB,TBD_PROFILE,local_and_data_gates,PLANNED
a58aa2d7682c3ee93a26,final_10seed,confirmatory_primary,ibm_aml_medium,transaction_classification,historical_inductive_full,future_missing_graph,graphsafe_feature,composite,7,DG_NO_TARGET,single_t4,T4_16GB,TBD_PROFILE,local_and_data_gates,PLANNED
e2fee7fd377c28e0a273,final_10seed,confirmatory_primary,ibm_aml_medium,transaction_classification,historical_inductive_full,future_missing_graph,graphsafe_feature,composite,8,DG_NO_TARGET,single_t4,T4_16GB,TBD_PROFILE,local_and_data_gates,PLANNED
ea253086897a573a5bc7,final_10seed,confirmatory_primary,ibm_aml_medium,transaction_classification,historical_inductive_full,future_missing_graph,graphsafe_feature,composite,9,DG_NO_TARGET,single_t4,T4_16GB,TBD_PROFILE,local_and_data_gates,PLANNED
786801580700f557788b,final_10seed,confirmatory_primary,ibm_aml_medium,transaction_classification,historical_inductive_full,future_missing_graph,coregraph_factorised_diagnostics,composite,0,DG_NO_TARGET,single_t4,T4_16GB,TBD_PROFILE,local_and_data_gates,PLANNED
d9ba2ded4b7bde8b562e,final_10seed,confirmatory_primary,ibm_aml_medium,transaction_classification,historical_inductive_full,future_missing_graph,coregraph_factorised_diagnostics,composite,1,DG_NO_TARGET,single_t4,T4_16GB,TBD_PROFILE,local_and_data_gates,PLANNED
b66b6ccec20a8dd4965c,final_10seed,confirmatory_primary,ibm_aml_medium,transaction_classification,historical_inductive_full,future_missing_graph,coregraph_factorised_diagnostics,composite,2,DG_NO_TARGET,single_t4,T4_16GB,TBD_PROFILE,local_and_data_gates,PLANNED
3b757d55b3bc9b3318e3,final_10seed,confirmatory_primary,ibm_aml_medium,transaction_classification,historical_inductive_full,future_missing_graph,coregraph_factorised_diagnostics,composite,3,DG_NO_TARGET,single_t4,T4_16GB,TBD_PROFILE,local_and_data_gates,PLANNED
4637acf86d209e632beb,final_10seed,confirmatory_primary,ibm_aml_medium,transaction_classification,historical_inductive_full,future_missing_graph,coregraph_factorised_diagnostics,composite,4,DG_NO_TARGET,single_t4,T4_16GB,TBD_PROFILE,local_and_data_gates,PLANNED
868325dc05a0c12e1ca4,final_10seed,confirmatory_primary,ibm_aml_medium,transaction_classification,historical_inductive_full,future_missing_graph,coregraph_factorised_diagnostics,composite,5,DG_NO_TARGET,single_t4,T4_16GB,TBD_PROFILE,local_and_data_gates,PLANNED
946110a874fc67e50925,final_10seed,confirmatory_primary,ibm_aml_medium,transaction_classification,historical_inductive_full,future_missing_graph,coregraph_factorised_diagnostics,composite,6,DG_NO_TARGET,single_t4,T4_16GB,TBD_PROFILE,local_and_data_gates,PLANNED
b966fd2540c9a575d66b,final_10seed,confirmatory_primary,ibm_aml_medium,transaction_classification,historical_inductive_full,future_missing_graph,coregraph_factorised_diagnostics,composite,7,DG_NO_TARGET,single_t4,T4_16GB,TBD_PROFILE,local_and_data_gates,PLANNED
1aa61587bb5268c2ed99,final_10seed,confirmatory_primary,ibm_aml_medium,transaction_classification,historical_inductive_full,future_missing_graph,coregraph_factorised_diagnostics,composite,8,DG_NO_TARGET,single_t4,T4_16GB,TBD_PROFILE,local_and_data_gates,PLANNED
c95fa4f25dde90609bff,final_10seed,confirmatory_primary,ibm_aml_medium,transaction_classification,historical_inductive_full,future_missing_graph,coregraph_factorised_diagnostics,composite,9,DG_NO_TARGET,single_t4,T4_16GB,TBD_PROFILE,local_and_data_gates,PLANNED
b7775cab375f1dffb23c,final_10seed,confirmatory_primary,ibm_aml_medium,transaction_classification,historical_inductive_full,future_budget_topk,best_single_feasible,composite,0,DG_NO_TARGET,single_t4,T4_16GB,TBD_PROFILE,local_and_data_gates,PLANNED
0eed142130e6f165ba35,final_10seed,confirmatory_primary,ibm_aml_medium,transaction_classification,historical_inductive_full,future_budget_topk,best_single_feasible,composite,1,DG_NO_TARGET,single_t4,T4_16GB,TBD_PROFILE,local_and_data_gates,PLANNED
1d6dd5d2a97af55a95c5,final_10seed,confirmatory_primary,ibm_aml_medium,transaction_classification,historical_inductive_full,future_budget_topk,best_single_feasible,composite,2,DG_NO_TARGET,single_t4,T4_16GB,TBD_PROFILE,local_and_data_gates,PLANNED
eadf73927e6297b118a8,final_10seed,confirmatory_primary,ibm_aml_medium,transaction_classification,historical_inductive_full,future_budget_topk,best_single_feasible,composite,3,DG_NO_TARGET,single_t4,T4_16GB,TBD_PROFILE,local_and_data_gates,PLANNED
9f36f64bbeea5b8a74a8,final_10seed,confirmatory_primary,ibm_aml_medium,transaction_classification,historical_inductive_full,future_budget_topk,best_single_feasible,composite,4,DG_NO_TARGET,single_t4,T4_16GB,TBD_PROFILE,local_and_data_gates,PLANNED
497187e31dbb5bf52c13,final_10seed,confirmatory_primary,ibm_aml_medium,transaction_classification,historical_inductive_full,future_budget_topk,best_single_feasible,composite,5,DG_NO_TARGET,single_t4,T4_16GB,TBD_PROFILE,local_and_data_gates,PLANNED
84ae98fdf8db360647aa,final_10seed,confirmatory_primary,ibm_aml_medium,transaction_classification,historical_inductive_full,future_budget_topk,best_single_feasible,composite,6,DG_NO_TARGET,single_t4,T4_16GB,TBD_PROFILE,local_and_data_gates,PLANNED
61d9f0b31c14f1fdf816,final_10seed,confirmatory_primary,ibm_aml_medium,transaction_classification,historical_inductive_full,future_budget_topk,best_single_feasible,composite,7,DG_NO_TARGET,single_t4,T4_16GB,TBD_PROFILE,local_and_data_gates,PLANNED
0615636c5b1c1d59e07c,final_10seed,confirmatory_primary,ibm_aml_medium,transaction_classification,historical_inductive_full,future_budget_topk,best_single_feasible,composite,8,DG_NO_TARGET,single_t4,T4_16GB,TBD_PROFILE,local_and_data_gates,PLANNED
453f1dedb5becf7b5b3b,final_10seed,confirmatory_primary,ibm_aml_medium,transaction_classification,historical_inductive_full,future_budget_topk,best_single_feasible,composite,9,DG_NO_TARGET,single_t4,T4_16GB,TBD_PROFILE,local_and_data_gates,PLANNED
8f395299201641391511,final_10seed,confirmatory_primary,ibm_aml_medium,transaction_classification,historical_inductive_full,future_budget_topk,graphsafe_feature,composite,0,DG_NO_TARGET,single_t4,T4_16GB,TBD_PROFILE,local_and_data_gates,PLANNED
995d1f84939c4fad356a,final_10seed,confirmatory_primary,ibm_aml_medium,transaction_classification,historical_inductive_full,future_budget_topk,graphsafe_feature,composite,1,DG_NO_TARGET,single_t4,T4_16GB,TBD_PROFILE,local_and_data_gates,PLANNED
de5151738bc72871258e,final_10seed,confirmatory_primary,ibm_aml_medium,transaction_classification,historical_inductive_full,future_budget_topk,graphsafe_feature,composite,2,DG_NO_TARGET,single_t4,T4_16GB,TBD_PROFILE,local_and_data_gates,PLANNED
36ca0ebd22f1e5603ea7,final_10seed,confirmatory_primary,ibm_aml_medium,transaction_classification,historical_inductive_full,future_budget_topk,graphsafe_feature,composite,3,DG_NO_TARGET,single_t4,T4_16GB,TBD_PROFILE,local_and_data_gates,PLANNED
ea24593d0060fc989681,final_10seed,confirmatory_primary,ibm_aml_medium,transaction_classification,historical_inductive_full,future_budget_topk,graphsafe_feature,composite,4,DG_NO_TARGET,single_t4,T4_16GB,TBD_PROFILE,local_and_data_gates,PLANNED
02cab3dd45993d46c052,final_10seed,confirmatory_primary,ibm_aml_medium,transaction_classification,historical_inductive_full,future_budget_topk,graphsafe_feature,composite,5,DG_NO_TARGET,single_t4,T4_16GB,TBD_PROFILE,local_and_data_gates,PLANNED
0216243a710553d1e9e4,final_10seed,confirmatory_primary,ibm_aml_medium,transaction_classification,historical_inductive_full,future_budget_topk,graphsafe_feature,composite,6,DG_NO_TARGET,single_t4,T4_16GB,TBD_PROFILE,local_and_data_gates,PLANNED
797aab30c651c1c615bf,final_10seed,confirmatory_primary,ibm_aml_medium,transaction_classification,historical_inductive_full,future_budget_topk,graphsafe_feature,composite,7,DG_NO_TARGET,single_t4,T4_16GB,TBD_PROFILE,local_and_data_gates,PLANNED
18c65a18412e472197d1,final_10seed,confirmatory_primary,ibm_aml_medium,transaction_classification,historical_inductive_full,future_budget_topk,graphsafe_feature,composite,8,DG_NO_TARGET,single_t4,T4_16GB,TBD_PROFILE,local_and_data_gates,PLANNED
e1710d14d6c3e1ad4ded,final_10seed,confirmatory_primary,ibm_aml_medium,transaction_classification,historical_inductive_full,future_budget_topk,graphsafe_feature,composite,9,DG_NO_TARGET,single_t4,T4_16GB,TBD_PROFILE,local_and_data_gates,PLANNED
79d39d20ea97003ef42a,final_10seed,confirmatory_primary,ibm_aml_medium,transaction_classification,historical_inductive_full,future_budget_topk,coregraph_factorised_diagnostics,composite,0,DG_NO_TARGET,single_t4,T4_16GB,TBD_PROFILE,local_and_data_gates,PLANNED
04a00aac58346e80a981,final_10seed,confirmatory_primary,ibm_aml_medium,transaction_classification,historical_inductive_full,future_budget_topk,coregraph_factorised_diagnostics,composite,1,DG_NO_TARGET,single_t4,T4_16GB,TBD_PROFILE,local_and_data_gates,PLANNED
ca75b1e287e9c3ab860d,final_10seed,confirmatory_primary,ibm_aml_medium,transaction_classification,historical_inductive_full,future_budget_topk,coregraph_factorised_diagnostics,composite,2,DG_NO_TARGET,single_t4,T4_16GB,TBD_PROFILE,local_and_data_gates,PLANNED
04fca9c803715ee73cd2,final_10seed,confirmatory_primary,ibm_aml_medium,transaction_classification,historical_inductive_full,future_budget_topk,coregraph_factorised_diagnostics,composite,3,DG_NO_TARGET,single_t4,T4_16GB,TBD_PROFILE,local_and_data_gates,PLANNED
8391ca9943d14f3da7ef,final_10seed,confirmatory_primary,ibm_aml_medium,transaction_classification,historical_inductive_full,future_budget_topk,coregraph_factorised_diagnostics,composite,4,DG_NO_TARGET,single_t4,T4_16GB,TBD_PROFILE,local_and_data_gates,PLANNED
4534c7243fea5074424c,final_10seed,confirmatory_primary,ibm_aml_medium,transaction_classification,historical_inductive_full,future_budget_topk,coregraph_factorised_diagnostics,composite,5,DG_NO_TARGET,single_t4,T4_16GB,TBD_PROFILE,local_and_data_gates,PLANNED
bc262c71d471e73dc55d,final_10seed,confirmatory_primary,ibm_aml_medium,transaction_classification,historical_inductive_full,future_budget_topk,coregraph_factorised_diagnostics,composite,6,DG_NO_TARGET,single_t4,T4_16GB,TBD_PROFILE,local_and_data_gates,PLANNED
54a86803e1a6e6a42258,final_10seed,confirmatory_primary,ibm_aml_medium,transaction_classification,historical_inductive_full,future_budget_topk,coregraph_factorised_diagnostics,composite,7,DG_NO_TARGET,single_t4,T4_16GB,TBD_PROFILE,local_and_data_gates,PLANNED
49b424b7542bdb73e181,final_10seed,confirmatory_primary,ibm_aml_medium,transaction_classification,historical_inductive_full,future_budget_topk,coregraph_factorised_diagnostics,composite,8,DG_NO_TARGET,single_t4,T4_16GB,TBD_PROFILE,local_and_data_gates,PLANNED
15131d9ab51343375255,final_10seed,confirmatory_primary,ibm_aml_medium,transaction_classification,historical_inductive_full,future_budget_topk,coregraph_factorised_diagnostics,composite,9,DG_NO_TARGET,single_t4,T4_16GB,TBD_PROFILE,local_and_data_gates,PLANNED
5e69633e7643e30dfe00,final_10seed,confirmatory_primary,ibm_aml_medium,transaction_classification,historical_transductive_full,future_resource_limited,best_single_feasible,composite,0,DG_NO_TARGET,single_t4,T4_16GB,TBD_PROFILE,local_and_data_gates,PLANNED
c6623728206bdc233d78,final_10seed,confirmatory_primary,ibm_aml_medium,transaction_classification,historical_transductive_full,future_resource_limited,best_single_feasible,composite,1,DG_NO_TARGET,single_t4,T4_16GB,TBD_PROFILE,local_and_data_gates,PLANNED
2f7d024009eab04f3531,final_10seed,confirmatory_primary,ibm_aml_medium,transaction_classification,historical_transductive_full,future_resource_limited,best_single_feasible,composite,2,DG_NO_TARGET,single_t4,T4_16GB,TBD_PROFILE,local_and_data_gates,PLANNED
e6974856a2623ec8d043,final_10seed,confirmatory_primary,ibm_aml_medium,transaction_classification,historical_transductive_full,future_resource_limited,best_single_feasible,composite,3,DG_NO_TARGET,single_t4,T4_16GB,TBD_PROFILE,local_and_data_gates,PLANNED
7194ea74f2c50c9b2015,final_10seed,confirmatory_primary,ibm_aml_medium,transaction_classification,historical_transductive_full,future_resource_limited,best_single_feasible,composite,4,DG_NO_TARGET,single_t4,T4_16GB,TBD_PROFILE,local_and_data_gates,PLANNED
326d9fd375300b9ac8c3,final_10seed,confirmatory_primary,ibm_aml_medium,transaction_classification,historical_transductive_full,future_resource_limited,best_single_feasible,composite,5,DG_NO_TARGET,single_t4,T4_16GB,TBD_PROFILE,local_and_data_gates,PLANNED
58ad00c8a94a9aed8001,final_10seed,confirmatory_primary,ibm_aml_medium,transaction_classification,historical_transductive_full,future_resource_limited,best_single_feasible,composite,6,DG_NO_TARGET,single_t4,T4_16GB,TBD_PROFILE,local_and_data_gates,PLANNED
f8f9d0e0d6a72dd12229,final_10seed,confirmatory_primary,ibm_aml_medium,transaction_classification,historical_transductive_full,future_resource_limited,best_single_feasible,composite,7,DG_NO_TARGET,single_t4,T4_16GB,TBD_PROFILE,local_and_data_gates,PLANNED
42c8ecc0a7f9bba557be,final_10seed,confirmatory_primary,ibm_aml_medium,transaction_classification,historical_transductive_full,future_resource_limited,best_single_feasible,composite,8,DG_NO_TARGET,single_t4,T4_16GB,TBD_PROFILE,local_and_data_gates,PLANNED
9dd4837dea8385a24f58,final_10seed,confirmatory_primary,ibm_aml_medium,transaction_classification,historical_transductive_full,future_resource_limited,best_single_feasible,composite,9,DG_NO_TARGET,single_t4,T4_16GB,TBD_PROFILE,local_and_data_gates,PLANNED
0e83fdcb66eedc0667f8,final_10seed,confirmatory_primary,ibm_aml_medium,transaction_classification,historical_transductive_full,future_resource_limited,graphsafe_feature,composite,0,DG_NO_TARGET,single_t4,T4_16GB,TBD_PROFILE,local_and_data_gates,PLANNED
f8fa116bc292307e4019,final_10seed,confirmatory_primary,ibm_aml_medium,transaction_classification,historical_transductive_full,future_resource_limited,graphsafe_feature,composite,1,DG_NO_TARGET,single_t4,T4_16GB,TBD_PROFILE,local_and_data_gates,PLANNED
88809b619299e53dd38e,final_10seed,confirmatory_primary,ibm_aml_medium,transaction_classification,historical_transductive_full,future_resource_limited,graphsafe_feature,composite,2,DG_NO_TARGET,single_t4,T4_16GB,TBD_PROFILE,local_and_data_gates,PLANNED
bf1e01617b5688811f26,final_10seed,confirmatory_primary,ibm_aml_medium,transaction_classification,historical_transductive_full,future_resource_limited,graphsafe_feature,composite,3,DG_NO_TARGET,single_t4,T4_16GB,TBD_PROFILE,local_and_data_gates,PLANNED
397d1d3ef2447519762d,final_10seed,confirmatory_primary,ibm_aml_medium,transaction_classification,historical_transductive_full,future_resource_limited,graphsafe_feature,composite,4,DG_NO_TARGET,single_t4,T4_16GB,TBD_PROFILE,local_and_data_gates,PLANNED
4ec7ebdfd0561516d613,final_10seed,confirmatory_primary,ibm_aml_medium,transaction_classification,historical_transductive_full,future_resource_limited,graphsafe_feature,composite,5,DG_NO_TARGET,single_t4,T4_16GB,TBD_PROFILE,local_and_data_gates,PLANNED
b16b72c542246de769ac,final_10seed,confirmatory_primary,ibm_aml_medium,transaction_classification,historical_transductive_full,future_resource_limited,graphsafe_feature,composite,6,DG_NO_TARGET,single_t4,T4_16GB,TBD_PROFILE,local_and_data_gates,PLANNED
3f327159ce8142668f4f,final_10seed,confirmatory_primary,ibm_aml_medium,transaction_classification,historical_transductive_full,future_resource_limited,graphsafe_feature,composite,7,DG_NO_TARGET,single_t4,T4_16GB,TBD_PROFILE,local_and_data_gates,PLANNED
2cb50faf7bdac6df357b,final_10seed,confirmatory_primary,ibm_aml_medium,transaction_classification,historical_transductive_full,future_resource_limited,graphsafe_feature,composite,8,DG_NO_TARGET,single_t4,T4_16GB,TBD_PROFILE,local_and_data_gates,PLANNED
10d54f3452760e6e0e7b,final_10seed,confirmatory_primary,ibm_aml_medium,transaction_classification,historical_transductive_full,future_resource_limited,graphsafe_feature,composite,9,DG_NO_TARGET,single_t4,T4_16GB,TBD_PROFILE,local_and_data_gates,PLANNED
0dc9f9d15fcaea079a01,final_10seed,confirmatory_primary,ibm_aml_medium,transaction_classification,historical_transductive_full,future_resource_limited,coregraph_factorised_diagnostics,composite,0,DG_NO_TARGET,single_t4,T4_16GB,TBD_PROFILE,local_and_data_gates,PLANNED
dca1eebd6a325f115a57,final_10seed,confirmatory_primary,ibm_aml_medium,transaction_classification,historical_transductive_full,future_resource_limited,coregraph_factorised_diagnostics,composite,1,DG_NO_TARGET,single_t4,T4_16GB,TBD_PROFILE,local_and_data_gates,PLANNED
72bb44a3a824fd3665fb,final_10seed,confirmatory_primary,ibm_aml_medium,transaction_classification,historical_transductive_full,future_resource_limited,coregraph_factorised_diagnostics,composite,2,DG_NO_TARGET,single_t4,T4_16GB,TBD_PROFILE,local_and_data_gates,PLANNED
45ff9502920ef3bb8f84,final_10seed,confirmatory_primary,ibm_aml_medium,transaction_classification,historical_transductive_full,future_resource_limited,coregraph_factorised_diagnostics,composite,3,DG_NO_TARGET,single_t4,T4_16GB,TBD_PROFILE,local_and_data_gates,PLANNED
7c61aaa5f4a5730f1c7c,final_10seed,confirmatory_primary,ibm_aml_medium,transaction_classification,historical_transductive_full,future_resource_limited,coregraph_factorised_diagnostics,composite,4,DG_NO_TARGET,single_t4,T4_16GB,TBD_PROFILE,local_and_data_gates,PLANNED
7f6acc3ea045f0e9dc4e,final_10seed,confirmatory_primary,ibm_aml_medium,transaction_classification,historical_transductive_full,future_resource_limited,coregraph_factorised_diagnostics,composite,5,DG_NO_TARGET,single_t4,T4_16GB,TBD_PROFILE,local_and_data_gates,PLANNED
02c44595b8ab0670aea2,final_10seed,confirmatory_primary,ibm_aml_medium,transaction_classification,historical_transductive_full,future_resource_limited,coregraph_factorised_diagnostics,composite,6,DG_NO_TARGET,single_t4,T4_16GB,TBD_PROFILE,local_and_data_gates,PLANNED
430988ea0fa91c6e80d4,final_10seed,confirmatory_primary,ibm_aml_medium,transaction_classification,historical_transductive_full,future_resource_limited,coregraph_factorised_diagnostics,composite,7,DG_NO_TARGET,single_t4,T4_16GB,TBD_PROFILE,local_and_data_gates,PLANNED
ecb7c1b75bf836819bb0,final_10seed,confirmatory_primary,ibm_aml_medium,transaction_classification,historical_transductive_full,future_resource_limited,coregraph_factorised_diagnostics,composite,8,DG_NO_TARGET,single_t4,T4_16GB,TBD_PROFILE,local_and_data_gates,PLANNED
49688b9c8cc48f170f1b,final_10seed,confirmatory_primary,ibm_aml_medium,transaction_classification,historical_transductive_full,future_resource_limited,coregraph_factorised_diagnostics,composite,9,DG_NO_TARGET,single_t4,T4_16GB,TBD_PROFILE,local_and_data_gates,PLANNED
f51e4fb0cb57adaecbfe,final_10seed,confirmatory_primary,good_arxiv_time,node_classification,historical_transductive_full,future_inductive_full,best_single_feasible,composite,0,DG_NO_TARGET,single_t4,T4_16GB,TBD_PROFILE,local_and_data_gates,PLANNED
faa95f2a99ed418b60d5,final_10seed,confirmatory_primary,good_arxiv_time,node_classification,historical_transductive_full,future_inductive_full,best_single_feasible,composite,1,DG_NO_TARGET,single_t4,T4_16GB,TBD_PROFILE,local_and_data_gates,PLANNED
352f82fdcb815ab2d15f,final_10seed,confirmatory_primary,good_arxiv_time,node_classification,historical_transductive_full,future_inductive_full,best_single_feasible,composite,2,DG_NO_TARGET,single_t4,T4_16GB,TBD_PROFILE,local_and_data_gates,PLANNED
467f98839e0d28774213,final_10seed,confirmatory_primary,good_arxiv_time,node_classification,historical_transductive_full,future_inductive_full,best_single_feasible,composite,3,DG_NO_TARGET,single_t4,T4_16GB,TBD_PROFILE,local_and_data_gates,PLANNED
776a290716cd30e149a6,final_10seed,confirmatory_primary,good_arxiv_time,node_classification,historical_transductive_full,future_inductive_full,best_single_feasible,composite,4,DG_NO_TARGET,single_t4,T4_16GB,TBD_PROFILE,local_and_data_gates,PLANNED
03efd2e3b6710201221d,final_10seed,confirmatory_primary,good_arxiv_time,node_classification,historical_transductive_full,future_inductive_full,best_single_feasible,composite,5,DG_NO_TARGET,single_t4,T4_16GB,TBD_PROFILE,local_and_data_gates,PLANNED
ca21c27053641b6651bc,final_10seed,confirmatory_primary,good_arxiv_time,node_classification,historical_transductive_full,future_inductive_full,best_single_feasible,composite,6,DG_NO_TARGET,single_t4,T4_16GB,TBD_PROFILE,local_and_data_gates,PLANNED
8eb48e303ab1822aac9e,final_10seed,confirmatory_primary,good_arxiv_time,node_classification,historical_transductive_full,future_inductive_full,best_single_feasible,composite,7,DG_NO_TARGET,single_t4,T4_16GB,TBD_PROFILE,local_and_data_gates,PLANNED
30fb0c87c2d070668498,final_10seed,confirmatory_primary,good_arxiv_time,node_classification,historical_transductive_full,future_inductive_full,best_single_feasible,composite,8,DG_NO_TARGET,single_t4,T4_16GB,TBD_PROFILE,local_and_data_gates,PLANNED
735a2759ff6c638febd1,final_10seed,confirmatory_primary,good_arxiv_time,node_classification,historical_transductive_full,future_inductive_full,best_single_feasible,composite,9,DG_NO_TARGET,single_t4,T4_16GB,TBD_PROFILE,local_and_data_gates,PLANNED
70849c8e4a5ffd5d6537,final_10seed,confirmatory_primary,good_arxiv_time,node_classification,historical_transductive_full,future_inductive_full,graphsafe_feature,composite,0,DG_NO_TARGET,single_t4,T4_16GB,TBD_PROFILE,local_and_data_gates,PLANNED
a8e4c81dd51221305928,final_10seed,confirmatory_primary,good_arxiv_time,node_classification,historical_transductive_full,future_inductive_full,graphsafe_feature,composite,1,DG_NO_TARGET,single_t4,T4_16GB,TBD_PROFILE,local_and_data_gates,PLANNED
d3d4b6df80a4dfcd8445,final_10seed,confirmatory_primary,good_arxiv_time,node_classification,historical_transductive_full,future_inductive_full,graphsafe_feature,composite,2,DG_NO_TARGET,single_t4,T4_16GB,TBD_PROFILE,local_and_data_gates,PLANNED
1bbd25cea5967e2264b8,final_10seed,confirmatory_primary,good_arxiv_time,node_classification,historical_transductive_full,future_inductive_full,graphsafe_feature,composite,3,DG_NO_TARGET,single_t4,T4_16GB,TBD_PROFILE,local_and_data_gates,PLANNED
63c33b23f2be97cdbc0b,final_10seed,confirmatory_primary,good_arxiv_time,node_classification,historical_transductive_full,future_inductive_full,graphsafe_feature,composite,4,DG_NO_TARGET,single_t4,T4_16GB,TBD_PROFILE,local_and_data_gates,PLANNED
a0124b2e8edab3c16833,final_10seed,confirmatory_primary,good_arxiv_time,node_classification,historical_transductive_full,future_inductive_full,graphsafe_feature,composite,5,DG_NO_TARGET,single_t4,T4_16GB,TBD_PROFILE,local_and_data_gates,PLANNED
62a32bef3aeb2aa62c4a,final_10seed,confirmatory_primary,good_arxiv_time,node_classification,historical_transductive_full,future_inductive_full,graphsafe_feature,composite,6,DG_NO_TARGET,single_t4,T4_16GB,TBD_PROFILE,local_and_data_gates,PLANNED
1e662dd7eeac41c658ec,final_10seed,confirmatory_primary,good_arxiv_time,node_classification,historical_transductive_full,future_inductive_full,graphsafe_feature,composite,7,DG_NO_TARGET,single_t4,T4_16GB,TBD_PROFILE,local_and_data_gates,PLANNED
7e81a277ebf88617df07,final_10seed,confirmatory_primary,good_arxiv_time,node_classification,historical_transductive_full,future_inductive_full,graphsafe_feature,composite,8,DG_NO_TARGET,single_t4,T4_16GB,TBD_PROFILE,local_and_data_gates,PLANNED
2e6050ff87f78c4bc1db,final_10seed,confirmatory_primary,good_arxiv_time,node_classification,historical_transductive_full,future_inductive_full,graphsafe_feature,composite,9,DG_NO_TARGET,single_t4,T4_16GB,TBD_PROFILE,local_and_data_gates,PLANNED
80d946c4c66f7bb2d80c,final_10seed,confirmatory_primary,good_arxiv_time,node_classification,historical_transductive_full,future_inductive_full,coregraph_factorised_diagnostics,composite,0,DG_NO_TARGET,single_t4,T4_16GB,TBD_PROFILE,local_and_data_gates,PLANNED
16004f1f695d35dcb404,final_10seed,confirmatory_primary,good_arxiv_time,node_classification,historical_transductive_full,future_inductive_full,coregraph_factorised_diagnostics,composite,1,DG_NO_TARGET,single_t4,T4_16GB,TBD_PROFILE,local_and_data_gates,PLANNED
5478200dac2eb7578bf7,final_10seed,confirmatory_primary,good_arxiv_time,node_classification,historical_transductive_full,future_inductive_full,coregraph_factorised_diagnostics,composite,2,DG_NO_TARGET,single_t4,T4_16GB,TBD_PROFILE,local_and_data_gates,PLANNED
6a9ff31b7e412c0550c8,final_10seed,confirmatory_primary,good_arxiv_time,node_classification,historical_transductive_full,future_inductive_full,coregraph_factorised_diagnostics,composite,3,DG_NO_TARGET,single_t4,T4_16GB,TBD_PROFILE,local_and_data_gates,PLANNED
076570d9a29f2091f8bd,final_10seed,confirmatory_primary,good_arxiv_time,node_classification,historical_transductive_full,future_inductive_full,coregraph_factorised_diagnostics,composite,4,DG_NO_TARGET,single_t4,T4_16GB,TBD_PROFILE,local_and_data_gates,PLANNED
55d6da13b82ceac228e9,final_10seed,confirmatory_primary,good_arxiv_time,node_classification,historical_transductive_full,future_inductive_full,coregraph_factorised_diagnostics,composite,5,DG_NO_TARGET,single_t4,T4_16GB,TBD_PROFILE,local_and_data_gates,PLANNED
a1ced01d43deeafafef9,final_10seed,confirmatory_primary,good_arxiv_time,node_classification,historical_transductive_full,future_inductive_full,coregraph_factorised_diagnostics,composite,6,DG_NO_TARGET,single_t4,T4_16GB,TBD_PROFILE,local_and_data_gates,PLANNED
919fcb9d87fada60237a,final_10seed,confirmatory_primary,good_arxiv_time,node_classification,historical_transductive_full,future_inductive_full,coregraph_factorised_diagnostics,composite,7,DG_NO_TARGET,single_t4,T4_16GB,TBD_PROFILE,local_and_data_gates,PLANNED
8a1566380f3c5e22a4dc,final_10seed,confirmatory_primary,good_arxiv_time,node_classification,historical_transductive_full,future_inductive_full,coregraph_factorised_diagnostics,composite,8,DG_NO_TARGET,single_t4,T4_16GB,TBD_PROFILE,local_and_data_gates,PLANNED
ade9f24c3beb6ec7d75c,final_10seed,confirmatory_primary,good_arxiv_time,node_classification,historical_transductive_full,future_inductive_full,coregraph_factorised_diagnostics,composite,9,DG_NO_TARGET,single_t4,T4_16GB,TBD_PROFILE,local_and_data_gates,PLANNED
a995799ab8af99a348c8,final_10seed,confirmatory_primary,good_arxiv_time,node_classification,historical_transductive_full,future_inductive_recent,best_single_feasible,composite,0,DG_NO_TARGET,single_t4,T4_16GB,TBD_PROFILE,local_and_data_gates,PLANNED
42e9ff15de1c864a0b2b,final_10seed,confirmatory_primary,good_arxiv_time,node_classification,historical_transductive_full,future_inductive_recent,best_single_feasible,composite,1,DG_NO_TARGET,single_t4,T4_16GB,TBD_PROFILE,local_and_data_gates,PLANNED
3a4d6057064ac6157d19,final_10seed,confirmatory_primary,good_arxiv_time,node_classification,historical_transductive_full,future_inductive_recent,best_single_feasible,composite,2,DG_NO_TARGET,single_t4,T4_16GB,TBD_PROFILE,local_and_data_gates,PLANNED
0f0e8e46c7024cdf5610,final_10seed,confirmatory_primary,good_arxiv_time,node_classification,historical_transductive_full,future_inductive_recent,best_single_feasible,composite,3,DG_NO_TARGET,single_t4,T4_16GB,TBD_PROFILE,local_and_data_gates,PLANNED
e0a84dc325648bc5b003,final_10seed,confirmatory_primary,good_arxiv_time,node_classification,historical_transductive_full,future_inductive_recent,best_single_feasible,composite,4,DG_NO_TARGET,single_t4,T4_16GB,TBD_PROFILE,local_and_data_gates,PLANNED
a4ab98f2424325b64428,final_10seed,confirmatory_primary,good_arxiv_time,node_classification,historical_transductive_full,future_inductive_recent,best_single_feasible,composite,5,DG_NO_TARGET,single_t4,T4_16GB,TBD_PROFILE,local_and_data_gates,PLANNED
6771618f9cd7ded340c1,final_10seed,confirmatory_primary,good_arxiv_time,node_classification,historical_transductive_full,future_inductive_recent,best_single_feasible,composite,6,DG_NO_TARGET,single_t4,T4_16GB,TBD_PROFILE,local_and_data_gates,PLANNED
553ddba33a7f00ada562,final_10seed,confirmatory_primary,good_arxiv_time,node_classification,historical_transductive_full,future_inductive_recent,best_single_feasible,composite,7,DG_NO_TARGET,single_t4,T4_16GB,TBD_PROFILE,local_and_data_gates,PLANNED
607dd610ffbeb6cfd79a,final_10seed,confirmatory_primary,good_arxiv_time,node_classification,historical_transductive_full,future_inductive_recent,best_single_feasible,composite,8,DG_NO_TARGET,single_t4,T4_16GB,TBD_PROFILE,local_and_data_gates,PLANNED
b856ede7f2edd45c2278,final_10seed,confirmatory_primary,good_arxiv_time,node_classification,historical_transductive_full,future_inductive_recent,best_single_feasible,composite,9,DG_NO_TARGET,single_t4,T4_16GB,TBD_PROFILE,local_and_data_gates,PLANNED
661bd0b875753f87e085,final_10seed,confirmatory_primary,good_arxiv_time,node_classification,historical_transductive_full,future_inductive_recent,graphsafe_feature,composite,0,DG_NO_TARGET,single_t4,T4_16GB,TBD_PROFILE,local_and_data_gates,PLANNED
3605af5ecc754b1ae24c,final_10seed,confirmatory_primary,good_arxiv_time,node_classification,historical_transductive_full,future_inductive_recent,graphsafe_feature,composite,1,DG_NO_TARGET,single_t4,T4_16GB,TBD_PROFILE,local_and_data_gates,PLANNED
c451d77d7a798cf45e97,final_10seed,confirmatory_primary,good_arxiv_time,node_classification,historical_transductive_full,future_inductive_recent,graphsafe_feature,composite,2,DG_NO_TARGET,single_t4,T4_16GB,TBD_PROFILE,local_and_data_gates,PLANNED
67d52fad70c6b8e948cc,final_10seed,confirmatory_primary,good_arxiv_time,node_classification,historical_transductive_full,future_inductive_recent,graphsafe_feature,composite,3,DG_NO_TARGET,single_t4,T4_16GB,TBD_PROFILE,local_and_data_gates,PLANNED
30e90168332acb6c5f63,final_10seed,confirmatory_primary,good_arxiv_time,node_classification,historical_transductive_full,future_inductive_recent,graphsafe_feature,composite,4,DG_NO_TARGET,single_t4,T4_16GB,TBD_PROFILE,local_and_data_gates,PLANNED
6215fc9f41ad96f73e30,final_10seed,confirmatory_primary,good_arxiv_time,node_classification,historical_transductive_full,future_inductive_recent,graphsafe_feature,composite,5,DG_NO_TARGET,single_t4,T4_16GB,TBD_PROFILE,local_and_data_gates,PLANNED
1e8bbae02750acda9c63,final_10seed,confirmatory_primary,good_arxiv_time,node_classification,historical_transductive_full,future_inductive_recent,graphsafe_feature,composite,6,DG_NO_TARGET,single_t4,T4_16GB,TBD_PROFILE,local_and_data_gates,PLANNED
abaa8f2c58987d429bc6,final_10seed,confirmatory_primary,good_arxiv_time,node_classification,historical_transductive_full,future_inductive_recent,graphsafe_feature,composite,7,DG_NO_TARGET,single_t4,T4_16GB,TBD_PROFILE,local_and_data_gates,PLANNED
691f8c6c8caba25cde14,final_10seed,confirmatory_primary,good_arxiv_time,node_classification,historical_transductive_full,future_inductive_recent,graphsafe_feature,composite,8,DG_NO_TARGET,single_t4,T4_16GB,TBD_PROFILE,local_and_data_gates,PLANNED
dd7d6e2969abeee9aa7b,final_10seed,confirmatory_primary,good_arxiv_time,node_classification,historical_transductive_full,future_inductive_recent,graphsafe_feature,composite,9,DG_NO_TARGET,single_t4,T4_16GB,TBD_PROFILE,local_and_data_gates,PLANNED
7de7992df3356cc7a9ee,final_10seed,confirmatory_primary,good_arxiv_time,node_classification,historical_transductive_full,future_inductive_recent,coregraph_factorised_diagnostics,composite,0,DG_NO_TARGET,single_t4,T4_16GB,TBD_PROFILE,local_and_data_gates,PLANNED
46efc5809abc3fb4a929,final_10seed,confirmatory_primary,good_arxiv_time,node_classification,historical_transductive_full,future_inductive_recent,coregraph_factorised_diagnostics,composite,1,DG_NO_TARGET,single_t4,T4_16GB,TBD_PROFILE,local_and_data_gates,PLANNED
9dc0a3977c3af0d81167,final_10seed,confirmatory_primary,good_arxiv_time,node_classification,historical_transductive_full,future_inductive_recent,coregraph_factorised_diagnostics,composite,2,DG_NO_TARGET,single_t4,T4_16GB,TBD_PROFILE,local_and_data_gates,PLANNED
9b8ee53554eb92ae4aac,final_10seed,confirmatory_primary,good_arxiv_time,node_classification,historical_transductive_full,future_inductive_recent,coregraph_factorised_diagnostics,composite,3,DG_NO_TARGET,single_t4,T4_16GB,TBD_PROFILE,local_and_data_gates,PLANNED
6712d2f1b4c9065dc344,final_10seed,confirmatory_primary,good_arxiv_time,node_classification,historical_transductive_full,future_inductive_recent,coregraph_factorised_diagnostics,composite,4,DG_NO_TARGET,single_t4,T4_16GB,TBD_PROFILE,local_and_data_gates,PLANNED
e6ff1843cfbf99173531,final_10seed,confirmatory_primary,good_arxiv_time,node_classification,historical_transductive_full,future_inductive_recent,coregraph_factorised_diagnostics,composite,5,DG_NO_TARGET,single_t4,T4_16GB,TBD_PROFILE,local_and_data_gates,PLANNED
b3803347d69b50ade55a,final_10seed,confirmatory_primary,good_arxiv_time,node_classification,historical_transductive_full,future_inductive_recent,coregraph_factorised_diagnostics,composite,6,DG_NO_TARGET,single_t4,T4_16GB,TBD_PROFILE,local_and_data_gates,PLANNED
157b65122d5f61b9f488,final_10seed,confirmatory_primary,good_arxiv_time,node_classification,historical_transductive_full,future_inductive_recent,coregraph_factorised_diagnostics,composite,7,DG_NO_TARGET,single_t4,T4_16GB,TBD_PROFILE,local_and_data_gates,PLANNED
67ba6c682bb1d1771b1e,final_10seed,confirmatory_primary,good_arxiv_time,node_classification,historical_transductive_full,future_inductive_recent,coregraph_factorised_diagnostics,composite,8,DG_NO_TARGET,single_t4,T4_16GB,TBD_PROFILE,local_and_data_gates,PLANNED
84362a075dbfa0d3108e,final_10seed,confirmatory_primary,good_arxiv_time,node_classification,historical_transductive_full,future_inductive_recent,coregraph_factorised_diagnostics,composite,9,DG_NO_TARGET,single_t4,T4_16GB,TBD_PROFILE,local_and_data_gates,PLANNED
73c75a247bc720f22627,final_10seed,confirmatory_primary,good_arxiv_time,node_classification,historical_inductive_full,future_missing_graph,best_single_feasible,composite,0,DG_NO_TARGET,single_t4,T4_16GB,TBD_PROFILE,local_and_data_gates,PLANNED
a0ac5fd4e25b6795957d,final_10seed,confirmatory_primary,good_arxiv_time,node_classification,historical_inductive_full,future_missing_graph,best_single_feasible,composite,1,DG_NO_TARGET,single_t4,T4_16GB,TBD_PROFILE,local_and_data_gates,PLANNED
51f5d5e666d1d1b0536b,final_10seed,confirmatory_primary,good_arxiv_time,node_classification,historical_inductive_full,future_missing_graph,best_single_feasible,composite,2,DG_NO_TARGET,single_t4,T4_16GB,TBD_PROFILE,local_and_data_gates,PLANNED
17d12df0d46d02c8ac7a,final_10seed,confirmatory_primary,good_arxiv_time,node_classification,historical_inductive_full,future_missing_graph,best_single_feasible,composite,3,DG_NO_TARGET,single_t4,T4_16GB,TBD_PROFILE,local_and_data_gates,PLANNED
4754278d3bb0a4feb7c2,final_10seed,confirmatory_primary,good_arxiv_time,node_classification,historical_inductive_full,future_missing_graph,best_single_feasible,composite,4,DG_NO_TARGET,single_t4,T4_16GB,TBD_PROFILE,local_and_data_gates,PLANNED
987810d75415d0913bdb,final_10seed,confirmatory_primary,good_arxiv_time,node_classification,historical_inductive_full,future_missing_graph,best_single_feasible,composite,5,DG_NO_TARGET,single_t4,T4_16GB,TBD_PROFILE,local_and_data_gates,PLANNED
8bf4e6bf8404fb657de2,final_10seed,confirmatory_primary,good_arxiv_time,node_classification,historical_inductive_full,future_missing_graph,best_single_feasible,composite,6,DG_NO_TARGET,single_t4,T4_16GB,TBD_PROFILE,local_and_data_gates,PLANNED
6cda2e71c3f2a4042bd0,final_10seed,confirmatory_primary,good_arxiv_time,node_classification,historical_inductive_full,future_missing_graph,best_single_feasible,composite,7,DG_NO_TARGET,single_t4,T4_16GB,TBD_PROFILE,local_and_data_gates,PLANNED
16f9368bf4660314548a,final_10seed,confirmatory_primary,good_arxiv_time,node_classification,historical_inductive_full,future_missing_graph,best_single_feasible,composite,8,DG_NO_TARGET,single_t4,T4_16GB,TBD_PROFILE,local_and_data_gates,PLANNED
38e23874220aa9de96a0,final_10seed,confirmatory_primary,good_arxiv_time,node_classification,historical_inductive_full,future_missing_graph,best_single_feasible,composite,9,DG_NO_TARGET,single_t4,T4_16GB,TBD_PROFILE,local_and_data_gates,PLANNED
f069e95b001b76d84bc1,final_10seed,confirmatory_primary,good_arxiv_time,node_classification,historical_inductive_full,future_missing_graph,graphsafe_feature,composite,0,DG_NO_TARGET,single_t4,T4_16GB,TBD_PROFILE,local_and_data_gates,PLANNED
c23937a99abdeed1d576,final_10seed,confirmatory_primary,good_arxiv_time,node_classification,historical_inductive_full,future_missing_graph,graphsafe_feature,composite,1,DG_NO_TARGET,single_t4,T4_16GB,TBD_PROFILE,local_and_data_gates,PLANNED
6c5591945f2b68f9037b,final_10seed,confirmatory_primary,good_arxiv_time,node_classification,historical_inductive_full,future_missing_graph,graphsafe_feature,composite,2,DG_NO_TARGET,single_t4,T4_16GB,TBD_PROFILE,local_and_data_gates,PLANNED
4b392aac67bb8a8d9001,final_10seed,confirmatory_primary,good_arxiv_time,node_classification,historical_inductive_full,future_missing_graph,graphsafe_feature,composite,3,DG_NO_TARGET,single_t4,T4_16GB,TBD_PROFILE,local_and_data_gates,PLANNED
4f66369c995fba38982a,final_10seed,confirmatory_primary,good_arxiv_time,node_classification,historical_inductive_full,future_missing_graph,graphsafe_feature,composite,4,DG_NO_TARGET,single_t4,T4_16GB,TBD_PROFILE,local_and_data_gates,PLANNED
0f9d6b445ab50e1db888,final_10seed,confirmatory_primary,good_arxiv_time,node_classification,historical_inductive_full,future_missing_graph,graphsafe_feature,composite,5,DG_NO_TARGET,single_t4,T4_16GB,TBD_PROFILE,local_and_data_gates,PLANNED
02206daa3ee9bc352454,final_10seed,confirmatory_primary,good_arxiv_time,node_classification,historical_inductive_full,future_missing_graph,graphsafe_feature,composite,6,DG_NO_TARGET,single_t4,T4_16GB,TBD_PROFILE,local_and_data_gates,PLANNED
70d23008e0cca0686f29,final_10seed,confirmatory_primary,good_arxiv_time,node_classification,historical_inductive_full,future_missing_graph,graphsafe_feature,composite,7,DG_NO_TARGET,single_t4,T4_16GB,TBD_PROFILE,local_and_data_gates,PLANNED
783a3a8c35da74a07604,final_10seed,confirmatory_primary,good_arxiv_time,node_classification,historical_inductive_full,future_missing_graph,graphsafe_feature,composite,8,DG_NO_TARGET,single_t4,T4_16GB,TBD_PROFILE,local_and_data_gates,PLANNED
ce8380f251bbac484965,final_10seed,confirmatory_primary,good_arxiv_time,node_classification,historical_inductive_full,future_missing_graph,graphsafe_feature,composite,9,DG_NO_TARGET,single_t4,T4_16GB,TBD_PROFILE,local_and_data_gates,PLANNED
6b5801085dd17b7216d1,final_10seed,confirmatory_primary,good_arxiv_time,node_classification,historical_inductive_full,future_missing_graph,coregraph_factorised_diagnostics,composite,0,DG_NO_TARGET,single_t4,T4_16GB,TBD_PROFILE,local_and_data_gates,PLANNED
f72eafb074f497d42e32,final_10seed,confirmatory_primary,good_arxiv_time,node_classification,historical_inductive_full,future_missing_graph,coregraph_factorised_diagnostics,composite,1,DG_NO_TARGET,single_t4,T4_16GB,TBD_PROFILE,local_and_data_gates,PLANNED
94beea9b554db5582563,final_10seed,confirmatory_primary,good_arxiv_time,node_classification,historical_inductive_full,future_missing_graph,coregraph_factorised_diagnostics,composite,2,DG_NO_TARGET,single_t4,T4_16GB,TBD_PROFILE,local_and_data_gates,PLANNED
5f52716e3afc274787a3,final_10seed,confirmatory_primary,good_arxiv_time,node_classification,historical_inductive_full,future_missing_graph,coregraph_factorised_diagnostics,composite,3,DG_NO_TARGET,single_t4,T4_16GB,TBD_PROFILE,local_and_data_gates,PLANNED
1eac51f4f75dd0a01b9b,final_10seed,confirmatory_primary,good_arxiv_time,node_classification,historical_inductive_full,future_missing_graph,coregraph_factorised_diagnostics,composite,4,DG_NO_TARGET,single_t4,T4_16GB,TBD_PROFILE,local_and_data_gates,PLANNED
0b735d0828d12a747de1,final_10seed,confirmatory_primary,good_arxiv_time,node_classification,historical_inductive_full,future_missing_graph,coregraph_factorised_diagnostics,composite,5,DG_NO_TARGET,single_t4,T4_16GB,TBD_PROFILE,local_and_data_gates,PLANNED
e3b01b131cd92f3703e3,final_10seed,confirmatory_primary,good_arxiv_time,node_classification,historical_inductive_full,future_missing_graph,coregraph_factorised_diagnostics,composite,6,DG_NO_TARGET,single_t4,T4_16GB,TBD_PROFILE,local_and_data_gates,PLANNED
62bb7837617a4efc2877,final_10seed,confirmatory_primary,good_arxiv_time,node_classification,historical_inductive_full,future_missing_graph,coregraph_factorised_diagnostics,composite,7,DG_NO_TARGET,single_t4,T4_16GB,TBD_PROFILE,local_and_data_gates,PLANNED
7899eb3b4fc804cebde1,final_10seed,confirmatory_primary,good_arxiv_time,node_classification,historical_inductive_full,future_missing_graph,coregraph_factorised_diagnostics,composite,8,DG_NO_TARGET,single_t4,T4_16GB,TBD_PROFILE,local_and_data_gates,PLANNED
17add704ae38d052abb0,final_10seed,confirmatory_primary,good_arxiv_time,node_classification,historical_inductive_full,future_missing_graph,coregraph_factorised_diagnostics,composite,9,DG_NO_TARGET,single_t4,T4_16GB,TBD_PROFILE,local_and_data_gates,PLANNED
bb9b79811ae3647faf06,final_10seed,confirmatory_primary,good_arxiv_time,node_classification,historical_inductive_full,future_budget_topk,best_single_feasible,composite,0,DG_NO_TARGET,single_t4,T4_16GB,TBD_PROFILE,local_and_data_gates,PLANNED
074706963bb1105e69d7,final_10seed,confirmatory_primary,good_arxiv_time,node_classification,historical_inductive_full,future_budget_topk,best_single_feasible,composite,1,DG_NO_TARGET,single_t4,T4_16GB,TBD_PROFILE,local_and_data_gates,PLANNED
49ef848ab4e8cedcfa0d,final_10seed,confirmatory_primary,good_arxiv_time,node_classification,historical_inductive_full,future_budget_topk,best_single_feasible,composite,2,DG_NO_TARGET,single_t4,T4_16GB,TBD_PROFILE,local_and_data_gates,PLANNED
6365011f5c872c8b4da6,final_10seed,confirmatory_primary,good_arxiv_time,node_classification,historical_inductive_full,future_budget_topk,best_single_feasible,composite,3,DG_NO_TARGET,single_t4,T4_16GB,TBD_PROFILE,local_and_data_gates,PLANNED
d5ed6e8b378299607cd5,final_10seed,confirmatory_primary,good_arxiv_time,node_classification,historical_inductive_full,future_budget_topk,best_single_feasible,composite,4,DG_NO_TARGET,single_t4,T4_16GB,TBD_PROFILE,local_and_data_gates,PLANNED
17bdab2245d3905ab968,final_10seed,confirmatory_primary,good_arxiv_time,node_classification,historical_inductive_full,future_budget_topk,best_single_feasible,composite,5,DG_NO_TARGET,single_t4,T4_16GB,TBD_PROFILE,local_and_data_gates,PLANNED
026011d7364e1744e27b,final_10seed,confirmatory_primary,good_arxiv_time,node_classification,historical_inductive_full,future_budget_topk,best_single_feasible,composite,6,DG_NO_TARGET,single_t4,T4_16GB,TBD_PROFILE,local_and_data_gates,PLANNED
226e0549014b9c07d3e6,final_10seed,confirmatory_primary,good_arxiv_time,node_classification,historical_inductive_full,future_budget_topk,best_single_feasible,composite,7,DG_NO_TARGET,single_t4,T4_16GB,TBD_PROFILE,local_and_data_gates,PLANNED
13ced3629427826505c5,final_10seed,confirmatory_primary,good_arxiv_time,node_classification,historical_inductive_full,future_budget_topk,best_single_feasible,composite,8,DG_NO_TARGET,single_t4,T4_16GB,TBD_PROFILE,local_and_data_gates,PLANNED
aa3174776563eee423f8,final_10seed,confirmatory_primary,good_arxiv_time,node_classification,historical_inductive_full,future_budget_topk,best_single_feasible,composite,9,DG_NO_TARGET,single_t4,T4_16GB,TBD_PROFILE,local_and_data_gates,PLANNED
a0388225e6d80fab011d,final_10seed,confirmatory_primary,good_arxiv_time,node_classification,historical_inductive_full,future_budget_topk,graphsafe_feature,composite,0,DG_NO_TARGET,single_t4,T4_16GB,TBD_PROFILE,local_and_data_gates,PLANNED
6ef9053ab94e0120743c,final_10seed,confirmatory_primary,good_arxiv_time,node_classification,historical_inductive_full,future_budget_topk,graphsafe_feature,composite,1,DG_NO_TARGET,single_t4,T4_16GB,TBD_PROFILE,local_and_data_gates,PLANNED
6b48c120540f139ad177,final_10seed,confirmatory_primary,good_arxiv_time,node_classification,historical_inductive_full,future_budget_topk,graphsafe_feature,composite,2,DG_NO_TARGET,single_t4,T4_16GB,TBD_PROFILE,local_and_data_gates,PLANNED
9ca2e51b6ac4c8259b7a,final_10seed,confirmatory_primary,good_arxiv_time,node_classification,historical_inductive_full,future_budget_topk,graphsafe_feature,composite,3,DG_NO_TARGET,single_t4,T4_16GB,TBD_PROFILE,local_and_data_gates,PLANNED
43942423b44192b1ac8d,final_10seed,confirmatory_primary,good_arxiv_time,node_classification,historical_inductive_full,future_budget_topk,graphsafe_feature,composite,4,DG_NO_TARGET,single_t4,T4_16GB,TBD_PROFILE,local_and_data_gates,PLANNED
33c3821105ebe6156f3b,final_10seed,confirmatory_primary,good_arxiv_time,node_classification,historical_inductive_full,future_budget_topk,graphsafe_feature,composite,5,DG_NO_TARGET,single_t4,T4_16GB,TBD_PROFILE,local_and_data_gates,PLANNED
93bd43bc01e923f92302,final_10seed,confirmatory_primary,good_arxiv_time,node_classification,historical_inductive_full,future_budget_topk,graphsafe_feature,composite,6,DG_NO_TARGET,single_t4,T4_16GB,TBD_PROFILE,local_and_data_gates,PLANNED
c1905efe8b1748ff6a70,final_10seed,confirmatory_primary,good_arxiv_time,node_classification,historical_inductive_full,future_budget_topk,graphsafe_feature,composite,7,DG_NO_TARGET,single_t4,T4_16GB,TBD_PROFILE,local_and_data_gates,PLANNED
612061e98e0e3e8b5e3a,final_10seed,confirmatory_primary,good_arxiv_time,node_classification,historical_inductive_full,future_budget_topk,graphsafe_feature,composite,8,DG_NO_TARGET,single_t4,T4_16GB,TBD_PROFILE,local_and_data_gates,PLANNED
c9414b207271544dc022,final_10seed,confirmatory_primary,good_arxiv_time,node_classification,historical_inductive_full,future_budget_topk,graphsafe_feature,composite,9,DG_NO_TARGET,single_t4,T4_16GB,TBD_PROFILE,local_and_data_gates,PLANNED
3eaf8b0f699b72101661,final_10seed,confirmatory_primary,good_arxiv_time,node_classification,historical_inductive_full,future_budget_topk,coregraph_factorised_diagnostics,composite,0,DG_NO_TARGET,single_t4,T4_16GB,TBD_PROFILE,local_and_data_gates,PLANNED
7a7d1501849a4fe5df65,final_10seed,confirmatory_primary,good_arxiv_time,node_classification,historical_inductive_full,future_budget_topk,coregraph_factorised_diagnostics,composite,1,DG_NO_TARGET,single_t4,T4_16GB,TBD_PROFILE,local_and_data_gates,PLANNED
0348913db18a56d0c3dd,final_10seed,confirmatory_primary,good_arxiv_time,node_classification,historical_inductive_full,future_budget_topk,coregraph_factorised_diagnostics,composite,2,DG_NO_TARGET,single_t4,T4_16GB,TBD_PROFILE,local_and_data_gates,PLANNED
2f71390c6ab75f620d6d,final_10seed,confirmatory_primary,good_arxiv_time,node_classification,historical_inductive_full,future_budget_topk,coregraph_factorised_diagnostics,composite,3,DG_NO_TARGET,single_t4,T4_16GB,TBD_PROFILE,local_and_data_gates,PLANNED
70e1f3b7d20e03df9ce3,final_10seed,confirmatory_primary,good_arxiv_time,node_classification,historical_inductive_full,future_budget_topk,coregraph_factorised_diagnostics,composite,4,DG_NO_TARGET,single_t4,T4_16GB,TBD_PROFILE,local_and_data_gates,PLANNED
49a1ac5f3c64ec13af85,final_10seed,confirmatory_primary,good_arxiv_time,node_classification,historical_inductive_full,future_budget_topk,coregraph_factorised_diagnostics,composite,5,DG_NO_TARGET,single_t4,T4_16GB,TBD_PROFILE,local_and_data_gates,PLANNED
0069881964568bf24674,final_10seed,confirmatory_primary,good_arxiv_time,node_classification,historical_inductive_full,future_budget_topk,coregraph_factorised_diagnostics,composite,6,DG_NO_TARGET,single_t4,T4_16GB,TBD_PROFILE,local_and_data_gates,PLANNED
4db41aad9410dcae1ec9,final_10seed,confirmatory_primary,good_arxiv_time,node_classification,historical_inductive_full,future_budget_topk,coregraph_factorised_diagnostics,composite,7,DG_NO_TARGET,single_t4,T4_16GB,TBD_PROFILE,local_and_data_gates,PLANNED
c823bdd04af9ea0f6855,final_10seed,confirmatory_primary,good_arxiv_time,node_classification,historical_inductive_full,future_budget_topk,coregraph_factorised_diagnostics,composite,8,DG_NO_TARGET,single_t4,T4_16GB,TBD_PROFILE,local_and_data_gates,PLANNED
b0225fd8777fe7145f32,final_10seed,confirmatory_primary,good_arxiv_time,node_classification,historical_inductive_full,future_budget_topk,coregraph_factorised_diagnostics,composite,9,DG_NO_TARGET,single_t4,T4_16GB,TBD_PROFILE,local_and_data_gates,PLANNED
5a65796e2c010e687037,final_10seed,confirmatory_primary,good_arxiv_time,node_classification,historical_transductive_full,future_resource_limited,best_single_feasible,composite,0,DG_NO_TARGET,single_t4,T4_16GB,TBD_PROFILE,local_and_data_gates,PLANNED
8dd94351cbf9f0509162,final_10seed,confirmatory_primary,good_arxiv_time,node_classification,historical_transductive_full,future_resource_limited,best_single_feasible,composite,1,DG_NO_TARGET,single_t4,T4_16GB,TBD_PROFILE,local_and_data_gates,PLANNED
4ea658c84b3efe1d679a,final_10seed,confirmatory_primary,good_arxiv_time,node_classification,historical_transductive_full,future_resource_limited,best_single_feasible,composite,2,DG_NO_TARGET,single_t4,T4_16GB,TBD_PROFILE,local_and_data_gates,PLANNED
29cd3019f4422aea7dbb,final_10seed,confirmatory_primary,good_arxiv_time,node_classification,historical_transductive_full,future_resource_limited,best_single_feasible,composite,3,DG_NO_TARGET,single_t4,T4_16GB,TBD_PROFILE,local_and_data_gates,PLANNED
6c33bdfbdc340136a7bb,final_10seed,confirmatory_primary,good_arxiv_time,node_classification,historical_transductive_full,future_resource_limited,best_single_feasible,composite,4,DG_NO_TARGET,single_t4,T4_16GB,TBD_PROFILE,local_and_data_gates,PLANNED
ea1a18978b6aeaa880b6,final_10seed,confirmatory_primary,good_arxiv_time,node_classification,historical_transductive_full,future_resource_limited,best_single_feasible,composite,5,DG_NO_TARGET,single_t4,T4_16GB,TBD_PROFILE,local_and_data_gates,PLANNED
a59bf1ddf12e9ca7159e,final_10seed,confirmatory_primary,good_arxiv_time,node_classification,historical_transductive_full,future_resource_limited,best_single_feasible,composite,6,DG_NO_TARGET,single_t4,T4_16GB,TBD_PROFILE,local_and_data_gates,PLANNED
43468acab130695fb39a,final_10seed,confirmatory_primary,good_arxiv_time,node_classification,historical_transductive_full,future_resource_limited,best_single_feasible,composite,7,DG_NO_TARGET,single_t4,T4_16GB,TBD_PROFILE,local_and_data_gates,PLANNED
5541d82c899388d62cbc,final_10seed,confirmatory_primary,good_arxiv_time,node_classification,historical_transductive_full,future_resource_limited,best_single_feasible,composite,8,DG_NO_TARGET,single_t4,T4_16GB,TBD_PROFILE,local_and_data_gates,PLANNED
fe9b35508df40353593e,final_10seed,confirmatory_primary,good_arxiv_time,node_classification,historical_transductive_full,future_resource_limited,best_single_feasible,composite,9,DG_NO_TARGET,single_t4,T4_16GB,TBD_PROFILE,local_and_data_gates,PLANNED
693afcb71053a008ef21,final_10seed,confirmatory_primary,good_arxiv_time,node_classification,historical_transductive_full,future_resource_limited,graphsafe_feature,composite,0,DG_NO_TARGET,single_t4,T4_16GB,TBD_PROFILE,local_and_data_gates,PLANNED
85fe6f56ebf8d9efadf1,final_10seed,confirmatory_primary,good_arxiv_time,node_classification,historical_transductive_full,future_resource_limited,graphsafe_feature,composite,1,DG_NO_TARGET,single_t4,T4_16GB,TBD_PROFILE,local_and_data_gates,PLANNED
f041b0734adb0ccb5dc2,final_10seed,confirmatory_primary,good_arxiv_time,node_classification,historical_transductive_full,future_resource_limited,graphsafe_feature,composite,2,DG_NO_TARGET,single_t4,T4_16GB,TBD_PROFILE,local_and_data_gates,PLANNED
90c9d0934a52b31a287d,final_10seed,confirmatory_primary,good_arxiv_time,node_classification,historical_transductive_full,future_resource_limited,graphsafe_feature,composite,3,DG_NO_TARGET,single_t4,T4_16GB,TBD_PROFILE,local_and_data_gates,PLANNED
050b06dce58c3cb9d77f,final_10seed,confirmatory_primary,good_arxiv_time,node_classification,historical_transductive_full,future_resource_limited,graphsafe_feature,composite,4,DG_NO_TARGET,single_t4,T4_16GB,TBD_PROFILE,local_and_data_gates,PLANNED
f93ff5a76614bd989b3d,final_10seed,confirmatory_primary,good_arxiv_time,node_classification,historical_transductive_full,future_resource_limited,graphsafe_feature,composite,5,DG_NO_TARGET,single_t4,T4_16GB,TBD_PROFILE,local_and_data_gates,PLANNED
44fb21badd95266ca458,final_10seed,confirmatory_primary,good_arxiv_time,node_classification,historical_transductive_full,future_resource_limited,graphsafe_feature,composite,6,DG_NO_TARGET,single_t4,T4_16GB,TBD_PROFILE,local_and_data_gates,PLANNED
778a856b353cb851d349,final_10seed,confirmatory_primary,good_arxiv_time,node_classification,historical_transductive_full,future_resource_limited,graphsafe_feature,composite,7,DG_NO_TARGET,single_t4,T4_16GB,TBD_PROFILE,local_and_data_gates,PLANNED
7c1046d195dcd583bc19,final_10seed,confirmatory_primary,good_arxiv_time,node_classification,historical_transductive_full,future_resource_limited,graphsafe_feature,composite,8,DG_NO_TARGET,single_t4,T4_16GB,TBD_PROFILE,local_and_data_gates,PLANNED
af32012f24a44b51fdad,final_10seed,confirmatory_primary,good_arxiv_time,node_classification,historical_transductive_full,future_resource_limited,graphsafe_feature,composite,9,DG_NO_TARGET,single_t4,T4_16GB,TBD_PROFILE,local_and_data_gates,PLANNED
bd7856f7fc13818a7c17,final_10seed,confirmatory_primary,good_arxiv_time,node_classification,historical_transductive_full,future_resource_limited,coregraph_factorised_diagnostics,composite,0,DG_NO_TARGET,single_t4,T4_16GB,TBD_PROFILE,local_and_data_gates,PLANNED
1559b6f1bf705f6e575d,final_10seed,confirmatory_primary,good_arxiv_time,node_classification,historical_transductive_full,future_resource_limited,coregraph_factorised_diagnostics,composite,1,DG_NO_TARGET,single_t4,T4_16GB,TBD_PROFILE,local_and_data_gates,PLANNED
b2f0738174baac85640a,final_10seed,confirmatory_primary,good_arxiv_time,node_classification,historical_transductive_full,future_resource_limited,coregraph_factorised_diagnostics,composite,2,DG_NO_TARGET,single_t4,T4_16GB,TBD_PROFILE,local_and_data_gates,PLANNED
e2693f1f6ea0ca51d2bf,final_10seed,confirmatory_primary,good_arxiv_time,node_classification,historical_transductive_full,future_resource_limited,coregraph_factorised_diagnostics,composite,3,DG_NO_TARGET,single_t4,T4_16GB,TBD_PROFILE,local_and_data_gates,PLANNED
aafd528d868ea7fc887c,final_10seed,confirmatory_primary,good_arxiv_time,node_classification,historical_transductive_full,future_resource_limited,coregraph_factorised_diagnostics,composite,4,DG_NO_TARGET,single_t4,T4_16GB,TBD_PROFILE,local_and_data_gates,PLANNED
d13fdbcef8763491e718,final_10seed,confirmatory_primary,good_arxiv_time,node_classification,historical_transductive_full,future_resource_limited,coregraph_factorised_diagnostics,composite,5,DG_NO_TARGET,single_t4,T4_16GB,TBD_PROFILE,local_and_data_gates,PLANNED
21fbe1503350ea80a88b,final_10seed,confirmatory_primary,good_arxiv_time,node_classification,historical_transductive_full,future_resource_limited,coregraph_factorised_diagnostics,composite,6,DG_NO_TARGET,single_t4,T4_16GB,TBD_PROFILE,local_and_data_gates,PLANNED
faad6f81fc1ad23e8b27,final_10seed,confirmatory_primary,good_arxiv_time,node_classification,historical_transductive_full,future_resource_limited,coregraph_factorised_diagnostics,composite,7,DG_NO_TARGET,single_t4,T4_16GB,TBD_PROFILE,local_and_data_gates,PLANNED
846e500de5b2afc7b127,final_10seed,confirmatory_primary,good_arxiv_time,node_classification,historical_transductive_full,future_resource_limited,coregraph_factorised_diagnostics,composite,8,DG_NO_TARGET,single_t4,T4_16GB,TBD_PROFILE,local_and_data_gates,PLANNED
4eb43113e14bb98d83f9,final_10seed,confirmatory_primary,good_arxiv_time,node_classification,historical_transductive_full,future_resource_limited,coregraph_factorised_diagnostics,composite,9,DG_NO_TARGET,single_t4,T4_16GB,TBD_PROFILE,local_and_data_gates,PLANNED
