run_key,campaign,analysis_family,dataset,task,source_contract,target_contract,method,objective,seed,access_regime,hardware,resource_class,runtime_status,prerequisite,execution_status
0a684d6fd379e5e646c5,screening_5seed,method_screening,elliptic_v2,node_classification,historical_transductive_full,future_inductive_full,best_single_feasible,composite,0,DG_NO_TARGET,single_t4,T4_16GB,TBD_PROFILE,local_and_data_gates,PLANNED
4f6b0ae02117a71aa0af,screening_5seed,method_screening,elliptic_v2,node_classification,historical_transductive_full,future_inductive_full,best_single_feasible,composite,1,DG_NO_TARGET,single_t4,T4_16GB,TBD_PROFILE,local_and_data_gates,PLANNED
28537cc02c4941a58887,screening_5seed,method_screening,elliptic_v2,node_classification,historical_transductive_full,future_inductive_full,best_single_feasible,composite,2,DG_NO_TARGET,single_t4,T4_16GB,TBD_PROFILE,local_and_data_gates,PLANNED
029bf71414993a9f29a6,screening_5seed,method_screening,elliptic_v2,node_classification,historical_transductive_full,future_inductive_full,best_single_feasible,composite,3,DG_NO_TARGET,single_t4,T4_16GB,TBD_PROFILE,local_and_data_gates,PLANNED
1bb7eb9b148c24ee7994,screening_5seed,method_screening,elliptic_v2,node_classification,historical_transductive_full,future_inductive_full,best_single_feasible,composite,4,DG_NO_TARGET,single_t4,T4_16GB,TBD_PROFILE,local_and_data_gates,PLANNED
c7bdd90101c8046a63c8,screening_5seed,method_screening,elliptic_v2,node_classification,historical_transductive_full,future_inductive_full,equal_mixture,composite,0,DG_NO_TARGET,single_t4,T4_16GB,TBD_PROFILE,local_and_data_gates,PLANNED
163697526cee680ea4bf,screening_5seed,method_screening,elliptic_v2,node_classification,historical_transductive_full,future_inductive_full,equal_mixture,composite,1,DG_NO_TARGET,single_t4,T4_16GB,TBD_PROFILE,local_and_data_gates,PLANNED
86a95c6246bd16767088,screening_5seed,method_screening,elliptic_v2,node_classification,historical_transductive_full,future_inductive_full,equal_mixture,composite,2,DG_NO_TARGET,single_t4,T4_16GB,TBD_PROFILE,local_and_data_gates,PLANNED
51f0a78ca790a77120e9,screening_5seed,method_screening,elliptic_v2,node_classification,historical_transductive_full,future_inductive_full,equal_mixture,composite,3,DG_NO_TARGET,single_t4,T4_16GB,TBD_PROFILE,local_and_data_gates,PLANNED
1541c309532791755d1b,screening_5seed,method_screening,elliptic_v2,node_classification,historical_transductive_full,future_inductive_full,equal_mixture,composite,4,DG_NO_TARGET,single_t4,T4_16GB,TBD_PROFILE,local_and_data_gates,PLANNED
5d8c95cd8e4a6ef53cfc,screening_5seed,method_screening,elliptic_v2,node_classification,historical_transductive_full,future_inductive_full,graphsafe_feature,composite,0,DG_NO_TARGET,single_t4,T4_16GB,TBD_PROFILE,local_and_data_gates,PLANNED
ee7a36e34a041e42b3b9,screening_5seed,method_screening,elliptic_v2,node_classification,historical_transductive_full,future_inductive_full,graphsafe_feature,composite,1,DG_NO_TARGET,single_t4,T4_16GB,TBD_PROFILE,local_and_data_gates,PLANNED
e0dfa2f8b474dbfcaa53,screening_5seed,method_screening,elliptic_v2,node_classification,historical_transductive_full,future_inductive_full,graphsafe_feature,composite,2,DG_NO_TARGET,single_t4,T4_16GB,TBD_PROFILE,local_and_data_gates,PLANNED
109a1edd8eb104f7f336,screening_5seed,method_screening,elliptic_v2,node_classification,historical_transductive_full,future_inductive_full,graphsafe_feature,composite,3,DG_NO_TARGET,single_t4,T4_16GB,TBD_PROFILE,local_and_data_gates,PLANNED
610827fe4e6f9469efaa,screening_5seed,method_screening,elliptic_v2,node_classification,historical_transductive_full,future_inductive_full,graphsafe_feature,composite,4,DG_NO_TARGET,single_t4,T4_16GB,TBD_PROFILE,local_and_data_gates,PLANNED
79500737c48654dfd971,screening_5seed,method_screening,elliptic_v2,node_classification,historical_transductive_full,future_inductive_full,fraudshift_current_gate,composite,0,DG_NO_TARGET,single_t4,T4_16GB,TBD_PROFILE,local_and_data_gates,PLANNED
ed19d418df0863e67cdd,screening_5seed,method_screening,elliptic_v2,node_classification,historical_transductive_full,future_inductive_full,fraudshift_current_gate,composite,1,DG_NO_TARGET,single_t4,T4_16GB,TBD_PROFILE,local_and_data_gates,PLANNED
12f7820e0932f4cc9a76,screening_5seed,method_screening,elliptic_v2,node_classification,historical_transductive_full,future_inductive_full,fraudshift_current_gate,composite,2,DG_NO_TARGET,single_t4,T4_16GB,TBD_PROFILE,local_and_data_gates,PLANNED
cd1d5b09aa320db83400,screening_5seed,method_screening,elliptic_v2,node_classification,historical_transductive_full,future_inductive_full,fraudshift_current_gate,composite,3,DG_NO_TARGET,single_t4,T4_16GB,TBD_PROFILE,local_and_data_gates,PLANNED
a96d55ca705b88846a7c,screening_5seed,method_screening,elliptic_v2,node_classification,historical_transductive_full,future_inductive_full,fraudshift_current_gate,composite,4,DG_NO_TARGET,single_t4,T4_16GB,TBD_PROFILE,local_and_data_gates,PLANNED
377c4a32e32a87c5f721,screening_5seed,method_screening,elliptic_v2,node_classification,historical_transductive_full,future_inductive_full,coregraph_atomic,composite,0,DG_NO_TARGET,single_t4,T4_16GB,TBD_PROFILE,local_and_data_gates,PLANNED
9c9d27c70a0e15af669a,screening_5seed,method_screening,elliptic_v2,node_classification,historical_transductive_full,future_inductive_full,coregraph_atomic,composite,1,DG_NO_TARGET,single_t4,T4_16GB,TBD_PROFILE,local_and_data_gates,PLANNED
f7e4cc55e30eb2978552,screening_5seed,method_screening,elliptic_v2,node_classification,historical_transductive_full,future_inductive_full,coregraph_atomic,composite,2,DG_NO_TARGET,single_t4,T4_16GB,TBD_PROFILE,local_and_data_gates,PLANNED
278b3dada16a51f83c11,screening_5seed,method_screening,elliptic_v2,node_classification,historical_transductive_full,future_inductive_full,coregraph_atomic,composite,3,DG_NO_TARGET,single_t4,T4_16GB,TBD_PROFILE,local_and_data_gates,PLANNED
fba1362404bf060249c0,screening_5seed,method_screening,elliptic_v2,node_classification,historical_transductive_full,future_inductive_full,coregraph_atomic,composite,4,DG_NO_TARGET,single_t4,T4_16GB,TBD_PROFILE,local_and_data_gates,PLANNED
5731278c21573e834fef,screening_5seed,method_screening,elliptic_v2,node_classification,historical_transductive_full,future_inductive_full,coregraph_no_contract,composite,0,DG_NO_TARGET,single_t4,T4_16GB,TBD_PROFILE,local_and_data_gates,PLANNED
d7886ec7aaaa53327b19,screening_5seed,method_screening,elliptic_v2,node_classification,historical_transductive_full,future_inductive_full,coregraph_no_contract,composite,1,DG_NO_TARGET,single_t4,T4_16GB,TBD_PROFILE,local_and_data_gates,PLANNED
89b84b6f417a857282af,screening_5seed,method_screening,elliptic_v2,node_classification,historical_transductive_full,future_inductive_full,coregraph_no_contract,composite,2,DG_NO_TARGET,single_t4,T4_16GB,TBD_PROFILE,local_and_data_gates,PLANNED
4e0901a9a80c16f22617,screening_5seed,method_screening,elliptic_v2,node_classification,historical_transductive_full,future_inductive_full,coregraph_no_contract,composite,3,DG_NO_TARGET,single_t4,T4_16GB,TBD_PROFILE,local_and_data_gates,PLANNED
f2bf77dec09a138d889d,screening_5seed,method_screening,elliptic_v2,node_classification,historical_transductive_full,future_inductive_full,coregraph_no_contract,composite,4,DG_NO_TARGET,single_t4,T4_16GB,TBD_PROFILE,local_and_data_gates,PLANNED
11f562130c53c86ff0ca,screening_5seed,method_screening,elliptic_v2,node_classification,historical_transductive_full,future_inductive_full,coregraph_factorised,composite,0,DG_NO_TARGET,single_t4,T4_16GB,TBD_PROFILE,local_and_data_gates,PLANNED
879dd1b6bafc0d4749b4,screening_5seed,method_screening,elliptic_v2,node_classification,historical_transductive_full,future_inductive_full,coregraph_factorised,composite,1,DG_NO_TARGET,single_t4,T4_16GB,TBD_PROFILE,local_and_data_gates,PLANNED
c4d207bf020a60742e2b,screening_5seed,method_screening,elliptic_v2,node_classification,historical_transductive_full,future_inductive_full,coregraph_factorised,composite,2,DG_NO_TARGET,single_t4,T4_16GB,TBD_PROFILE,local_and_data_gates,PLANNED
dab48b85a81fe8c5d3d9,screening_5seed,method_screening,elliptic_v2,node_classification,historical_transductive_full,future_inductive_full,coregraph_factorised,composite,3,DG_NO_TARGET,single_t4,T4_16GB,TBD_PROFILE,local_and_data_gates,PLANNED
545da606fde6cbc3fdb5,screening_5seed,method_screening,elliptic_v2,node_classification,historical_transductive_full,future_inductive_full,coregraph_factorised,composite,4,DG_NO_TARGET,single_t4,T4_16GB,TBD_PROFILE,local_and_data_gates,PLANNED
f6acc0d4e0bc2a5b883d,screening_5seed,method_screening,elliptic_v2,node_classification,historical_transductive_full,future_inductive_full,coregraph_factorised_diagnostics,composite,0,DG_NO_TARGET,single_t4,T4_16GB,TBD_PROFILE,local_and_data_gates,PLANNED
4d40341365d05de9e9d9,screening_5seed,method_screening,elliptic_v2,node_classification,historical_transductive_full,future_inductive_full,coregraph_factorised_diagnostics,composite,1,DG_NO_TARGET,single_t4,T4_16GB,TBD_PROFILE,local_and_data_gates,PLANNED
157e1eb45a2945efc74e,screening_5seed,method_screening,elliptic_v2,node_classification,historical_transductive_full,future_inductive_full,coregraph_factorised_diagnostics,composite,2,DG_NO_TARGET,single_t4,T4_16GB,TBD_PROFILE,local_and_data_gates,PLANNED
6d3f4baae03b69fca71f,screening_5seed,method_screening,elliptic_v2,node_classification,historical_transductive_full,future_inductive_full,coregraph_factorised_diagnostics,composite,3,DG_NO_TARGET,single_t4,T4_16GB,TBD_PROFILE,local_and_data_gates,PLANNED
32b9b338c99331a3ca3d,screening_5seed,method_screening,elliptic_v2,node_classification,historical_transductive_full,future_inductive_full,coregraph_factorised_diagnostics,composite,4,DG_NO_TARGET,single_t4,T4_16GB,TBD_PROFILE,local_and_data_gates,PLANNED
1c2286f319f216ee9b24,screening_5seed,method_screening,elliptic_v2,node_classification,historical_transductive_full,future_inductive_recent,best_single_feasible,composite,0,DG_NO_TARGET,single_t4,T4_16GB,TBD_PROFILE,local_and_data_gates,PLANNED
fbbe3ebb614f386bd78e,screening_5seed,method_screening,elliptic_v2,node_classification,historical_transductive_full,future_inductive_recent,best_single_feasible,composite,1,DG_NO_TARGET,single_t4,T4_16GB,TBD_PROFILE,local_and_data_gates,PLANNED
51f8a1f6eaf4895dac94,screening_5seed,method_screening,elliptic_v2,node_classification,historical_transductive_full,future_inductive_recent,best_single_feasible,composite,2,DG_NO_TARGET,single_t4,T4_16GB,TBD_PROFILE,local_and_data_gates,PLANNED
c1f9a7ebab31c673c216,screening_5seed,method_screening,elliptic_v2,node_classification,historical_transductive_full,future_inductive_recent,best_single_feasible,composite,3,DG_NO_TARGET,single_t4,T4_16GB,TBD_PROFILE,local_and_data_gates,PLANNED
2acc7b8d4c688bc3d149,screening_5seed,method_screening,elliptic_v2,node_classification,historical_transductive_full,future_inductive_recent,best_single_feasible,composite,4,DG_NO_TARGET,single_t4,T4_16GB,TBD_PROFILE,local_and_data_gates,PLANNED
2b6fd19ac0564b257687,screening_5seed,method_screening,elliptic_v2,node_classification,historical_transductive_full,future_inductive_recent,equal_mixture,composite,0,DG_NO_TARGET,single_t4,T4_16GB,TBD_PROFILE,local_and_data_gates,PLANNED
c16e24288f8bd5f683f3,screening_5seed,method_screening,elliptic_v2,node_classification,historical_transductive_full,future_inductive_recent,equal_mixture,composite,1,DG_NO_TARGET,single_t4,T4_16GB,TBD_PROFILE,local_and_data_gates,PLANNED
995079991c3e88eb1a08,screening_5seed,method_screening,elliptic_v2,node_classification,historical_transductive_full,future_inductive_recent,equal_mixture,composite,2,DG_NO_TARGET,single_t4,T4_16GB,TBD_PROFILE,local_and_data_gates,PLANNED
b280363e5b1dbda4989a,screening_5seed,method_screening,elliptic_v2,node_classification,historical_transductive_full,future_inductive_recent,equal_mixture,composite,3,DG_NO_TARGET,single_t4,T4_16GB,TBD_PROFILE,local_and_data_gates,PLANNED
b44f626e38e87f0364e0,screening_5seed,method_screening,elliptic_v2,node_classification,historical_transductive_full,future_inductive_recent,equal_mixture,composite,4,DG_NO_TARGET,single_t4,T4_16GB,TBD_PROFILE,local_and_data_gates,PLANNED
08df9fff0b13bf29a4ec,screening_5seed,method_screening,elliptic_v2,node_classification,historical_transductive_full,future_inductive_recent,graphsafe_feature,composite,0,DG_NO_TARGET,single_t4,T4_16GB,TBD_PROFILE,local_and_data_gates,PLANNED
ab9831637d4ab70dabcd,screening_5seed,method_screening,elliptic_v2,node_classification,historical_transductive_full,future_inductive_recent,graphsafe_feature,composite,1,DG_NO_TARGET,single_t4,T4_16GB,TBD_PROFILE,local_and_data_gates,PLANNED
28d20592dd4d6cc074a5,screening_5seed,method_screening,elliptic_v2,node_classification,historical_transductive_full,future_inductive_recent,graphsafe_feature,composite,2,DG_NO_TARGET,single_t4,T4_16GB,TBD_PROFILE,local_and_data_gates,PLANNED
891b598f7aade392c4e0,screening_5seed,method_screening,elliptic_v2,node_classification,historical_transductive_full,future_inductive_recent,graphsafe_feature,composite,3,DG_NO_TARGET,single_t4,T4_16GB,TBD_PROFILE,local_and_data_gates,PLANNED
ed8a99f078018e4fdc30,screening_5seed,method_screening,elliptic_v2,node_classification,historical_transductive_full,future_inductive_recent,graphsafe_feature,composite,4,DG_NO_TARGET,single_t4,T4_16GB,TBD_PROFILE,local_and_data_gates,PLANNED
aa354f5c2cca068d4e70,screening_5seed,method_screening,elliptic_v2,node_classification,historical_transductive_full,future_inductive_recent,fraudshift_current_gate,composite,0,DG_NO_TARGET,single_t4,T4_16GB,TBD_PROFILE,local_and_data_gates,PLANNED
1cafec14d6c59f32e40d,screening_5seed,method_screening,elliptic_v2,node_classification,historical_transductive_full,future_inductive_recent,fraudshift_current_gate,composite,1,DG_NO_TARGET,single_t4,T4_16GB,TBD_PROFILE,local_and_data_gates,PLANNED
a0e1c3b869069eacbb62,screening_5seed,method_screening,elliptic_v2,node_classification,historical_transductive_full,future_inductive_recent,fraudshift_current_gate,composite,2,DG_NO_TARGET,single_t4,T4_16GB,TBD_PROFILE,local_and_data_gates,PLANNED
ddaa2a57b598ee3a23e4,screening_5seed,method_screening,elliptic_v2,node_classification,historical_transductive_full,future_inductive_recent,fraudshift_current_gate,composite,3,DG_NO_TARGET,single_t4,T4_16GB,TBD_PROFILE,local_and_data_gates,PLANNED
a88766ec0ba4feacf487,screening_5seed,method_screening,elliptic_v2,node_classification,historical_transductive_full,future_inductive_recent,fraudshift_current_gate,composite,4,DG_NO_TARGET,single_t4,T4_16GB,TBD_PROFILE,local_and_data_gates,PLANNED
b42d86432b6f7d4d9d6f,screening_5seed,method_screening,elliptic_v2,node_classification,historical_transductive_full,future_inductive_recent,coregraph_atomic,composite,0,DG_NO_TARGET,single_t4,T4_16GB,TBD_PROFILE,local_and_data_gates,PLANNED
2c91abab849795da74a6,screening_5seed,method_screening,elliptic_v2,node_classification,historical_transductive_full,future_inductive_recent,coregraph_atomic,composite,1,DG_NO_TARGET,single_t4,T4_16GB,TBD_PROFILE,local_and_data_gates,PLANNED
851646715df85fc9837d,screening_5seed,method_screening,elliptic_v2,node_classification,historical_transductive_full,future_inductive_recent,coregraph_atomic,composite,2,DG_NO_TARGET,single_t4,T4_16GB,TBD_PROFILE,local_and_data_gates,PLANNED
5ceb2f3959c7f30c28d6,screening_5seed,method_screening,elliptic_v2,node_classification,historical_transductive_full,future_inductive_recent,coregraph_atomic,composite,3,DG_NO_TARGET,single_t4,T4_16GB,TBD_PROFILE,local_and_data_gates,PLANNED
c0317050aa154471a5f5,screening_5seed,method_screening,elliptic_v2,node_classification,historical_transductive_full,future_inductive_recent,coregraph_atomic,composite,4,DG_NO_TARGET,single_t4,T4_16GB,TBD_PROFILE,local_and_data_gates,PLANNED
91f610cd4fe23a58ac36,screening_5seed,method_screening,elliptic_v2,node_classification,historical_transductive_full,future_inductive_recent,coregraph_no_contract,composite,0,DG_NO_TARGET,single_t4,T4_16GB,TBD_PROFILE,local_and_data_gates,PLANNED
96e9820e1fbbb2417d05,screening_5seed,method_screening,elliptic_v2,node_classification,historical_transductive_full,future_inductive_recent,coregraph_no_contract,composite,1,DG_NO_TARGET,single_t4,T4_16GB,TBD_PROFILE,local_and_data_gates,PLANNED
91908a8316cc334f1215,screening_5seed,method_screening,elliptic_v2,node_classification,historical_transductive_full,future_inductive_recent,coregraph_no_contract,composite,2,DG_NO_TARGET,single_t4,T4_16GB,TBD_PROFILE,local_and_data_gates,PLANNED
abcbc0b4522bf27382a7,screening_5seed,method_screening,elliptic_v2,node_classification,historical_transductive_full,future_inductive_recent,coregraph_no_contract,composite,3,DG_NO_TARGET,single_t4,T4_16GB,TBD_PROFILE,local_and_data_gates,PLANNED
404c945d9ac21c93a8f7,screening_5seed,method_screening,elliptic_v2,node_classification,historical_transductive_full,future_inductive_recent,coregraph_no_contract,composite,4,DG_NO_TARGET,single_t4,T4_16GB,TBD_PROFILE,local_and_data_gates,PLANNED
8a197e72885c74ee2c92,screening_5seed,method_screening,elliptic_v2,node_classification,historical_transductive_full,future_inductive_recent,coregraph_factorised,composite,0,DG_NO_TARGET,single_t4,T4_16GB,TBD_PROFILE,local_and_data_gates,PLANNED
d8c2b0735d74a09566cf,screening_5seed,method_screening,elliptic_v2,node_classification,historical_transductive_full,future_inductive_recent,coregraph_factorised,composite,1,DG_NO_TARGET,single_t4,T4_16GB,TBD_PROFILE,local_and_data_gates,PLANNED
f3634afcda89b890f815,screening_5seed,method_screening,elliptic_v2,node_classification,historical_transductive_full,future_inductive_recent,coregraph_factorised,composite,2,DG_NO_TARGET,single_t4,T4_16GB,TBD_PROFILE,local_and_data_gates,PLANNED
b31aca5e69cbdc8a1914,screening_5seed,method_screening,elliptic_v2,node_classification,historical_transductive_full,future_inductive_recent,coregraph_factorised,composite,3,DG_NO_TARGET,single_t4,T4_16GB,TBD_PROFILE,local_and_data_gates,PLANNED
f08141f97e0e38d88128,screening_5seed,method_screening,elliptic_v2,node_classification,historical_transductive_full,future_inductive_recent,coregraph_factorised,composite,4,DG_NO_TARGET,single_t4,T4_16GB,TBD_PROFILE,local_and_data_gates,PLANNED
74ee2afcfc024a48fa49,screening_5seed,method_screening,elliptic_v2,node_classification,historical_transductive_full,future_inductive_recent,coregraph_factorised_diagnostics,composite,0,DG_NO_TARGET,single_t4,T4_16GB,TBD_PROFILE,local_and_data_gates,PLANNED
d19beee4e0d2567dea27,screening_5seed,method_screening,elliptic_v2,node_classification,historical_transductive_full,future_inductive_recent,coregraph_factorised_diagnostics,composite,1,DG_NO_TARGET,single_t4,T4_16GB,TBD_PROFILE,local_and_data_gates,PLANNED
e1270f53de35b797fc5c,screening_5seed,method_screening,elliptic_v2,node_classification,historical_transductive_full,future_inductive_recent,coregraph_factorised_diagnostics,composite,2,DG_NO_TARGET,single_t4,T4_16GB,TBD_PROFILE,local_and_data_gates,PLANNED
14040a98b1adc0f918a2,screening_5seed,method_screening,elliptic_v2,node_classification,historical_transductive_full,future_inductive_recent,coregraph_factorised_diagnostics,composite,3,DG_NO_TARGET,single_t4,T4_16GB,TBD_PROFILE,local_and_data_gates,PLANNED
5268c715f31be1a847bd,screening_5seed,method_screening,elliptic_v2,node_classification,historical_transductive_full,future_inductive_recent,coregraph_factorised_diagnostics,composite,4,DG_NO_TARGET,single_t4,T4_16GB,TBD_PROFILE,local_and_data_gates,PLANNED
134f2280c5a7db242aef,screening_5seed,method_screening,elliptic_v2,node_classification,historical_inductive_full,future_missing_graph,best_single_feasible,composite,0,DG_NO_TARGET,single_t4,T4_16GB,TBD_PROFILE,local_and_data_gates,PLANNED
ecce378dbe511bdf6627,screening_5seed,method_screening,elliptic_v2,node_classification,historical_inductive_full,future_missing_graph,best_single_feasible,composite,1,DG_NO_TARGET,single_t4,T4_16GB,TBD_PROFILE,local_and_data_gates,PLANNED
8dc0b30e32954a76d5b7,screening_5seed,method_screening,elliptic_v2,node_classification,historical_inductive_full,future_missing_graph,best_single_feasible,composite,2,DG_NO_TARGET,single_t4,T4_16GB,TBD_PROFILE,local_and_data_gates,PLANNED
c312314de23b241e13ff,screening_5seed,method_screening,elliptic_v2,node_classification,historical_inductive_full,future_missing_graph,best_single_feasible,composite,3,DG_NO_TARGET,single_t4,T4_16GB,TBD_PROFILE,local_and_data_gates,PLANNED
68cbfbe9e3cb3399aa66,screening_5seed,method_screening,elliptic_v2,node_classification,historical_inductive_full,future_missing_graph,best_single_feasible,composite,4,DG_NO_TARGET,single_t4,T4_16GB,TBD_PROFILE,local_and_data_gates,PLANNED
8345a6c4bfcaf9136acb,screening_5seed,method_screening,elliptic_v2,node_classification,historical_inductive_full,future_missing_graph,equal_mixture,composite,0,DG_NO_TARGET,single_t4,T4_16GB,TBD_PROFILE,local_and_data_gates,PLANNED
5589b39938130299c79f,screening_5seed,method_screening,elliptic_v2,node_classification,historical_inductive_full,future_missing_graph,equal_mixture,composite,1,DG_NO_TARGET,single_t4,T4_16GB,TBD_PROFILE,local_and_data_gates,PLANNED
21dad2e477529345915d,screening_5seed,method_screening,elliptic_v2,node_classification,historical_inductive_full,future_missing_graph,equal_mixture,composite,2,DG_NO_TARGET,single_t4,T4_16GB,TBD_PROFILE,local_and_data_gates,PLANNED
81403bb85fe57ef671e7,screening_5seed,method_screening,elliptic_v2,node_classification,historical_inductive_full,future_missing_graph,equal_mixture,composite,3,DG_NO_TARGET,single_t4,T4_16GB,TBD_PROFILE,local_and_data_gates,PLANNED
dfe83b52e8ca4c097507,screening_5seed,method_screening,elliptic_v2,node_classification,historical_inductive_full,future_missing_graph,equal_mixture,composite,4,DG_NO_TARGET,single_t4,T4_16GB,TBD_PROFILE,local_and_data_gates,PLANNED
d9305b2a8313b347e79d,screening_5seed,method_screening,elliptic_v2,node_classification,historical_inductive_full,future_missing_graph,graphsafe_feature,composite,0,DG_NO_TARGET,single_t4,T4_16GB,TBD_PROFILE,local_and_data_gates,PLANNED
ef99c23fcdaca28fb180,screening_5seed,method_screening,elliptic_v2,node_classification,historical_inductive_full,future_missing_graph,graphsafe_feature,composite,1,DG_NO_TARGET,single_t4,T4_16GB,TBD_PROFILE,local_and_data_gates,PLANNED
46b93b0c3e37c97d56f6,screening_5seed,method_screening,elliptic_v2,node_classification,historical_inductive_full,future_missing_graph,graphsafe_feature,composite,2,DG_NO_TARGET,single_t4,T4_16GB,TBD_PROFILE,local_and_data_gates,PLANNED
d7dcbd2a915c44eae06c,screening_5seed,method_screening,elliptic_v2,node_classification,historical_inductive_full,future_missing_graph,graphsafe_feature,composite,3,DG_NO_TARGET,single_t4,T4_16GB,TBD_PROFILE,local_and_data_gates,PLANNED
40ff71a54127bfc7d7ca,screening_5seed,method_screening,elliptic_v2,node_classification,historical_inductive_full,future_missing_graph,graphsafe_feature,composite,4,DG_NO_TARGET,single_t4,T4_16GB,TBD_PROFILE,local_and_data_gates,PLANNED
5aef31aa1a8c452b061c,screening_5seed,method_screening,elliptic_v2,node_classification,historical_inductive_full,future_missing_graph,fraudshift_current_gate,composite,0,DG_NO_TARGET,single_t4,T4_16GB,TBD_PROFILE,local_and_data_gates,PLANNED
c4bad6f0eb078e0383a5,screening_5seed,method_screening,elliptic_v2,node_classification,historical_inductive_full,future_missing_graph,fraudshift_current_gate,composite,1,DG_NO_TARGET,single_t4,T4_16GB,TBD_PROFILE,local_and_data_gates,PLANNED
bfa0369abfa7957ab7cf,screening_5seed,method_screening,elliptic_v2,node_classification,historical_inductive_full,future_missing_graph,fraudshift_current_gate,composite,2,DG_NO_TARGET,single_t4,T4_16GB,TBD_PROFILE,local_and_data_gates,PLANNED
136acccb970937a0f71b,screening_5seed,method_screening,elliptic_v2,node_classification,historical_inductive_full,future_missing_graph,fraudshift_current_gate,composite,3,DG_NO_TARGET,single_t4,T4_16GB,TBD_PROFILE,local_and_data_gates,PLANNED
e64ac43059e52b9134a7,screening_5seed,method_screening,elliptic_v2,node_classification,historical_inductive_full,future_missing_graph,fraudshift_current_gate,composite,4,DG_NO_TARGET,single_t4,T4_16GB,TBD_PROFILE,local_and_data_gates,PLANNED
9f6c453e4e55fd1c2905,screening_5seed,method_screening,elliptic_v2,node_classification,historical_inductive_full,future_missing_graph,coregraph_atomic,composite,0,DG_NO_TARGET,single_t4,T4_16GB,TBD_PROFILE,local_and_data_gates,PLANNED
d5b2a5c5c82eab7aafb3,screening_5seed,method_screening,elliptic_v2,node_classification,historical_inductive_full,future_missing_graph,coregraph_atomic,composite,1,DG_NO_TARGET,single_t4,T4_16GB,TBD_PROFILE,local_and_data_gates,PLANNED
ff6aa34ab45b40326f2c,screening_5seed,method_screening,elliptic_v2,node_classification,historical_inductive_full,future_missing_graph,coregraph_atomic,composite,2,DG_NO_TARGET,single_t4,T4_16GB,TBD_PROFILE,local_and_data_gates,PLANNED
a1cd9c0fb125a1aadb3b,screening_5seed,method_screening,elliptic_v2,node_classification,historical_inductive_full,future_missing_graph,coregraph_atomic,composite,3,DG_NO_TARGET,single_t4,T4_16GB,TBD_PROFILE,local_and_data_gates,PLANNED
997df29da082891e4c5c,screening_5seed,method_screening,elliptic_v2,node_classification,historical_inductive_full,future_missing_graph,coregraph_atomic,composite,4,DG_NO_TARGET,single_t4,T4_16GB,TBD_PROFILE,local_and_data_gates,PLANNED
c26c28c859c8eedb210e,screening_5seed,method_screening,elliptic_v2,node_classification,historical_inductive_full,future_missing_graph,coregraph_no_contract,composite,0,DG_NO_TARGET,single_t4,T4_16GB,TBD_PROFILE,local_and_data_gates,PLANNED
b11ef49a677d87d5f72d,screening_5seed,method_screening,elliptic_v2,node_classification,historical_inductive_full,future_missing_graph,coregraph_no_contract,composite,1,DG_NO_TARGET,single_t4,T4_16GB,TBD_PROFILE,local_and_data_gates,PLANNED
c492ee18968c021353bb,screening_5seed,method_screening,elliptic_v2,node_classification,historical_inductive_full,future_missing_graph,coregraph_no_contract,composite,2,DG_NO_TARGET,single_t4,T4_16GB,TBD_PROFILE,local_and_data_gates,PLANNED
6d42936212f682ae4c06,screening_5seed,method_screening,elliptic_v2,node_classification,historical_inductive_full,future_missing_graph,coregraph_no_contract,composite,3,DG_NO_TARGET,single_t4,T4_16GB,TBD_PROFILE,local_and_data_gates,PLANNED
d853c34c5f5bf4d4da47,screening_5seed,method_screening,elliptic_v2,node_classification,historical_inductive_full,future_missing_graph,coregraph_no_contract,composite,4,DG_NO_TARGET,single_t4,T4_16GB,TBD_PROFILE,local_and_data_gates,PLANNED
f8eb3c552c4d024c0cc9,screening_5seed,method_screening,elliptic_v2,node_classification,historical_inductive_full,future_missing_graph,coregraph_factorised,composite,0,DG_NO_TARGET,single_t4,T4_16GB,TBD_PROFILE,local_and_data_gates,PLANNED
b750ee084efd865842e0,screening_5seed,method_screening,elliptic_v2,node_classification,historical_inductive_full,future_missing_graph,coregraph_factorised,composite,1,DG_NO_TARGET,single_t4,T4_16GB,TBD_PROFILE,local_and_data_gates,PLANNED
6cb453344bb1981cb231,screening_5seed,method_screening,elliptic_v2,node_classification,historical_inductive_full,future_missing_graph,coregraph_factorised,composite,2,DG_NO_TARGET,single_t4,T4_16GB,TBD_PROFILE,local_and_data_gates,PLANNED
2cb8ce7c59c85fbad51e,screening_5seed,method_screening,elliptic_v2,node_classification,historical_inductive_full,future_missing_graph,coregraph_factorised,composite,3,DG_NO_TARGET,single_t4,T4_16GB,TBD_PROFILE,local_and_data_gates,PLANNED
857dd37e394e6728d029,screening_5seed,method_screening,elliptic_v2,node_classification,historical_inductive_full,future_missing_graph,coregraph_factorised,composite,4,DG_NO_TARGET,single_t4,T4_16GB,TBD_PROFILE,local_and_data_gates,PLANNED
4000b50c363bd3aab467,screening_5seed,method_screening,elliptic_v2,node_classification,historical_inductive_full,future_missing_graph,coregraph_factorised_diagnostics,composite,0,DG_NO_TARGET,single_t4,T4_16GB,TBD_PROFILE,local_and_data_gates,PLANNED
d9de4d79d4a15974e3df,screening_5seed,method_screening,elliptic_v2,node_classification,historical_inductive_full,future_missing_graph,coregraph_factorised_diagnostics,composite,1,DG_NO_TARGET,single_t4,T4_16GB,TBD_PROFILE,local_and_data_gates,PLANNED
ee65602104698d9cf955,screening_5seed,method_screening,elliptic_v2,node_classification,historical_inductive_full,future_missing_graph,coregraph_factorised_diagnostics,composite,2,DG_NO_TARGET,single_t4,T4_16GB,TBD_PROFILE,local_and_data_gates,PLANNED
d926f49225ac522f3304,screening_5seed,method_screening,elliptic_v2,node_classification,historical_inductive_full,future_missing_graph,coregraph_factorised_diagnostics,composite,3,DG_NO_TARGET,single_t4,T4_16GB,TBD_PROFILE,local_and_data_gates,PLANNED
792802c0f2819da822e2,screening_5seed,method_screening,elliptic_v2,node_classification,historical_inductive_full,future_missing_graph,coregraph_factorised_diagnostics,composite,4,DG_NO_TARGET,single_t4,T4_16GB,TBD_PROFILE,local_and_data_gates,PLANNED
8f443ab78d6f04c8ea20,screening_5seed,method_screening,elliptic_v2,node_classification,historical_inductive_full,future_budget_topk,best_single_feasible,composite,0,DG_NO_TARGET,single_t4,T4_16GB,TBD_PROFILE,local_and_data_gates,PLANNED
7fec13391a29e7bf53df,screening_5seed,method_screening,elliptic_v2,node_classification,historical_inductive_full,future_budget_topk,best_single_feasible,composite,1,DG_NO_TARGET,single_t4,T4_16GB,TBD_PROFILE,local_and_data_gates,PLANNED
317cb16c7e8661a5ce0d,screening_5seed,method_screening,elliptic_v2,node_classification,historical_inductive_full,future_budget_topk,best_single_feasible,composite,2,DG_NO_TARGET,single_t4,T4_16GB,TBD_PROFILE,local_and_data_gates,PLANNED
4ad0a36bb54456feb8e3,screening_5seed,method_screening,elliptic_v2,node_classification,historical_inductive_full,future_budget_topk,best_single_feasible,composite,3,DG_NO_TARGET,single_t4,T4_16GB,TBD_PROFILE,local_and_data_gates,PLANNED
158b58fa4cb9d6fdae58,screening_5seed,method_screening,elliptic_v2,node_classification,historical_inductive_full,future_budget_topk,best_single_feasible,composite,4,DG_NO_TARGET,single_t4,T4_16GB,TBD_PROFILE,local_and_data_gates,PLANNED
d9c9fe6769755111c056,screening_5seed,method_screening,elliptic_v2,node_classification,historical_inductive_full,future_budget_topk,equal_mixture,composite,0,DG_NO_TARGET,single_t4,T4_16GB,TBD_PROFILE,local_and_data_gates,PLANNED
dcb713ed64533d8c5579,screening_5seed,method_screening,elliptic_v2,node_classification,historical_inductive_full,future_budget_topk,equal_mixture,composite,1,DG_NO_TARGET,single_t4,T4_16GB,TBD_PROFILE,local_and_data_gates,PLANNED
64f6569352e4f705091b,screening_5seed,method_screening,elliptic_v2,node_classification,historical_inductive_full,future_budget_topk,equal_mixture,composite,2,DG_NO_TARGET,single_t4,T4_16GB,TBD_PROFILE,local_and_data_gates,PLANNED
63be2c06d176b68bed03,screening_5seed,method_screening,elliptic_v2,node_classification,historical_inductive_full,future_budget_topk,equal_mixture,composite,3,DG_NO_TARGET,single_t4,T4_16GB,TBD_PROFILE,local_and_data_gates,PLANNED
78dcf0b20d41e16618af,screening_5seed,method_screening,elliptic_v2,node_classification,historical_inductive_full,future_budget_topk,equal_mixture,composite,4,DG_NO_TARGET,single_t4,T4_16GB,TBD_PROFILE,local_and_data_gates,PLANNED
cb969fa5c4a3e52e162a,screening_5seed,method_screening,elliptic_v2,node_classification,historical_inductive_full,future_budget_topk,graphsafe_feature,composite,0,DG_NO_TARGET,single_t4,T4_16GB,TBD_PROFILE,local_and_data_gates,PLANNED
9ed05e4a80b00cefb09f,screening_5seed,method_screening,elliptic_v2,node_classification,historical_inductive_full,future_budget_topk,graphsafe_feature,composite,1,DG_NO_TARGET,single_t4,T4_16GB,TBD_PROFILE,local_and_data_gates,PLANNED
333ff2a1aced0e892060,screening_5seed,method_screening,elliptic_v2,node_classification,historical_inductive_full,future_budget_topk,graphsafe_feature,composite,2,DG_NO_TARGET,single_t4,T4_16GB,TBD_PROFILE,local_and_data_gates,PLANNED
d4b6ca6e3f7cbd34bcbe,screening_5seed,method_screening,elliptic_v2,node_classification,historical_inductive_full,future_budget_topk,graphsafe_feature,composite,3,DG_NO_TARGET,single_t4,T4_16GB,TBD_PROFILE,local_and_data_gates,PLANNED
ecc4f686bcc10cf64460,screening_5seed,method_screening,elliptic_v2,node_classification,historical_inductive_full,future_budget_topk,graphsafe_feature,composite,4,DG_NO_TARGET,single_t4,T4_16GB,TBD_PROFILE,local_and_data_gates,PLANNED
dc7e4054bd18e985faeb,screening_5seed,method_screening,elliptic_v2,node_classification,historical_inductive_full,future_budget_topk,fraudshift_current_gate,composite,0,DG_NO_TARGET,single_t4,T4_16GB,TBD_PROFILE,local_and_data_gates,PLANNED
048a6aaf634b6d774330,screening_5seed,method_screening,elliptic_v2,node_classification,historical_inductive_full,future_budget_topk,fraudshift_current_gate,composite,1,DG_NO_TARGET,single_t4,T4_16GB,TBD_PROFILE,local_and_data_gates,PLANNED
2292e528d7582ba51ed9,screening_5seed,method_screening,elliptic_v2,node_classification,historical_inductive_full,future_budget_topk,fraudshift_current_gate,composite,2,DG_NO_TARGET,single_t4,T4_16GB,TBD_PROFILE,local_and_data_gates,PLANNED
b91380ef42e69f49afcf,screening_5seed,method_screening,elliptic_v2,node_classification,historical_inductive_full,future_budget_topk,fraudshift_current_gate,composite,3,DG_NO_TARGET,single_t4,T4_16GB,TBD_PROFILE,local_and_data_gates,PLANNED
d92e896e257503e36401,screening_5seed,method_screening,elliptic_v2,node_classification,historical_inductive_full,future_budget_topk,fraudshift_current_gate,composite,4,DG_NO_TARGET,single_t4,T4_16GB,TBD_PROFILE,local_and_data_gates,PLANNED
211614e92c102ac33484,screening_5seed,method_screening,elliptic_v2,node_classification,historical_inductive_full,future_budget_topk,coregraph_atomic,composite,0,DG_NO_TARGET,single_t4,T4_16GB,TBD_PROFILE,local_and_data_gates,PLANNED
8ec4f0a801442dfe2744,screening_5seed,method_screening,elliptic_v2,node_classification,historical_inductive_full,future_budget_topk,coregraph_atomic,composite,1,DG_NO_TARGET,single_t4,T4_16GB,TBD_PROFILE,local_and_data_gates,PLANNED
dbd3fde5ceecef840010,screening_5seed,method_screening,elliptic_v2,node_classification,historical_inductive_full,future_budget_topk,coregraph_atomic,composite,2,DG_NO_TARGET,single_t4,T4_16GB,TBD_PROFILE,local_and_data_gates,PLANNED
d4d7bc3d70dcedc8820c,screening_5seed,method_screening,elliptic_v2,node_classification,historical_inductive_full,future_budget_topk,coregraph_atomic,composite,3,DG_NO_TARGET,single_t4,T4_16GB,TBD_PROFILE,local_and_data_gates,PLANNED
b0a25573896247ab364e,screening_5seed,method_screening,elliptic_v2,node_classification,historical_inductive_full,future_budget_topk,coregraph_atomic,composite,4,DG_NO_TARGET,single_t4,T4_16GB,TBD_PROFILE,local_and_data_gates,PLANNED
c9dff01e014b38a9a624,screening_5seed,method_screening,elliptic_v2,node_classification,historical_inductive_full,future_budget_topk,coregraph_no_contract,composite,0,DG_NO_TARGET,single_t4,T4_16GB,TBD_PROFILE,local_and_data_gates,PLANNED
c1c9da18c4aa87f28a92,screening_5seed,method_screening,elliptic_v2,node_classification,historical_inductive_full,future_budget_topk,coregraph_no_contract,composite,1,DG_NO_TARGET,single_t4,T4_16GB,TBD_PROFILE,local_and_data_gates,PLANNED
2b56ceb0b57f812880f4,screening_5seed,method_screening,elliptic_v2,node_classification,historical_inductive_full,future_budget_topk,coregraph_no_contract,composite,2,DG_NO_TARGET,single_t4,T4_16GB,TBD_PROFILE,local_and_data_gates,PLANNED
dc180c6a5de7cd980ba1,screening_5seed,method_screening,elliptic_v2,node_classification,historical_inductive_full,future_budget_topk,coregraph_no_contract,composite,3,DG_NO_TARGET,single_t4,T4_16GB,TBD_PROFILE,local_and_data_gates,PLANNED
4d27cd42d91aa2bb612a,screening_5seed,method_screening,elliptic_v2,node_classification,historical_inductive_full,future_budget_topk,coregraph_no_contract,composite,4,DG_NO_TARGET,single_t4,T4_16GB,TBD_PROFILE,local_and_data_gates,PLANNED
9982e9a77348b2ff094c,screening_5seed,method_screening,elliptic_v2,node_classification,historical_inductive_full,future_budget_topk,coregraph_factorised,composite,0,DG_NO_TARGET,single_t4,T4_16GB,TBD_PROFILE,local_and_data_gates,PLANNED
53aff5776b62731353d9,screening_5seed,method_screening,elliptic_v2,node_classification,historical_inductive_full,future_budget_topk,coregraph_factorised,composite,1,DG_NO_TARGET,single_t4,T4_16GB,TBD_PROFILE,local_and_data_gates,PLANNED
e78566a3b60fdf354004,screening_5seed,method_screening,elliptic_v2,node_classification,historical_inductive_full,future_budget_topk,coregraph_factorised,composite,2,DG_NO_TARGET,single_t4,T4_16GB,TBD_PROFILE,local_and_data_gates,PLANNED
f3404226e158e229abd3,screening_5seed,method_screening,elliptic_v2,node_classification,historical_inductive_full,future_budget_topk,coregraph_factorised,composite,3,DG_NO_TARGET,single_t4,T4_16GB,TBD_PROFILE,local_and_data_gates,PLANNED
89bce837550dfc68a3e7,screening_5seed,method_screening,elliptic_v2,node_classification,historical_inductive_full,future_budget_topk,coregraph_factorised,composite,4,DG_NO_TARGET,single_t4,T4_16GB,TBD_PROFILE,local_and_data_gates,PLANNED
01b124f31936beebb484,screening_5seed,method_screening,elliptic_v2,node_classification,historical_inductive_full,future_budget_topk,coregraph_factorised_diagnostics,composite,0,DG_NO_TARGET,single_t4,T4_16GB,TBD_PROFILE,local_and_data_gates,PLANNED
26d55c81efd53941dda0,screening_5seed,method_screening,elliptic_v2,node_classification,historical_inductive_full,future_budget_topk,coregraph_factorised_diagnostics,composite,1,DG_NO_TARGET,single_t4,T4_16GB,TBD_PROFILE,local_and_data_gates,PLANNED
7514dd6e231e2e22f066,screening_5seed,method_screening,elliptic_v2,node_classification,historical_inductive_full,future_budget_topk,coregraph_factorised_diagnostics,composite,2,DG_NO_TARGET,single_t4,T4_16GB,TBD_PROFILE,local_and_data_gates,PLANNED
f006b3e1aefbffaa5d86,screening_5seed,method_screening,elliptic_v2,node_classification,historical_inductive_full,future_budget_topk,coregraph_factorised_diagnostics,composite,3,DG_NO_TARGET,single_t4,T4_16GB,TBD_PROFILE,local_and_data_gates,PLANNED
24250f93c5dd6ef64512,screening_5seed,method_screening,elliptic_v2,node_classification,historical_inductive_full,future_budget_topk,coregraph_factorised_diagnostics,composite,4,DG_NO_TARGET,single_t4,T4_16GB,TBD_PROFILE,local_and_data_gates,PLANNED
bea2da00d6838af9e62f,screening_5seed,method_screening,elliptic_v2,node_classification,historical_transductive_full,future_resource_limited,best_single_feasible,composite,0,DG_NO_TARGET,single_t4,T4_16GB,TBD_PROFILE,local_and_data_gates,PLANNED
38bea135af8e42f30da6,screening_5seed,method_screening,elliptic_v2,node_classification,historical_transductive_full,future_resource_limited,best_single_feasible,composite,1,DG_NO_TARGET,single_t4,T4_16GB,TBD_PROFILE,local_and_data_gates,PLANNED
7ac007dfe7024bc526d4,screening_5seed,method_screening,elliptic_v2,node_classification,historical_transductive_full,future_resource_limited,best_single_feasible,composite,2,DG_NO_TARGET,single_t4,T4_16GB,TBD_PROFILE,local_and_data_gates,PLANNED
6f05f23b91ea0666894a,screening_5seed,method_screening,elliptic_v2,node_classification,historical_transductive_full,future_resource_limited,best_single_feasible,composite,3,DG_NO_TARGET,single_t4,T4_16GB,TBD_PROFILE,local_and_data_gates,PLANNED
5113346cfb06db1c34e9,screening_5seed,method_screening,elliptic_v2,node_classification,historical_transductive_full,future_resource_limited,best_single_feasible,composite,4,DG_NO_TARGET,single_t4,T4_16GB,TBD_PROFILE,local_and_data_gates,PLANNED
98cafabe851d00c7e808,screening_5seed,method_screening,elliptic_v2,node_classification,historical_transductive_full,future_resource_limited,equal_mixture,composite,0,DG_NO_TARGET,single_t4,T4_16GB,TBD_PROFILE,local_and_data_gates,PLANNED
311430cb2f855ad33966,screening_5seed,method_screening,elliptic_v2,node_classification,historical_transductive_full,future_resource_limited,equal_mixture,composite,1,DG_NO_TARGET,single_t4,T4_16GB,TBD_PROFILE,local_and_data_gates,PLANNED
aa6a46981d687f9ca7a2,screening_5seed,method_screening,elliptic_v2,node_classification,historical_transductive_full,future_resource_limited,equal_mixture,composite,2,DG_NO_TARGET,single_t4,T4_16GB,TBD_PROFILE,local_and_data_gates,PLANNED
260ba0e8c056af49ab9e,screening_5seed,method_screening,elliptic_v2,node_classification,historical_transductive_full,future_resource_limited,equal_mixture,composite,3,DG_NO_TARGET,single_t4,T4_16GB,TBD_PROFILE,local_and_data_gates,PLANNED
f03d8f72003f305f4cea,screening_5seed,method_screening,elliptic_v2,node_classification,historical_transductive_full,future_resource_limited,equal_mixture,composite,4,DG_NO_TARGET,single_t4,T4_16GB,TBD_PROFILE,local_and_data_gates,PLANNED
4e75aafb2235c9dee337,screening_5seed,method_screening,elliptic_v2,node_classification,historical_transductive_full,future_resource_limited,graphsafe_feature,composite,0,DG_NO_TARGET,single_t4,T4_16GB,TBD_PROFILE,local_and_data_gates,PLANNED
3d68e06e456e946a83c7,screening_5seed,method_screening,elliptic_v2,node_classification,historical_transductive_full,future_resource_limited,graphsafe_feature,composite,1,DG_NO_TARGET,single_t4,T4_16GB,TBD_PROFILE,local_and_data_gates,PLANNED
e3d2a97a1860cedf9a41,screening_5seed,method_screening,elliptic_v2,node_classification,historical_transductive_full,future_resource_limited,graphsafe_feature,composite,2,DG_NO_TARGET,single_t4,T4_16GB,TBD_PROFILE,local_and_data_gates,PLANNED
87bd4e1c5e3d3bbcc800,screening_5seed,method_screening,elliptic_v2,node_classification,historical_transductive_full,future_resource_limited,graphsafe_feature,composite,3,DG_NO_TARGET,single_t4,T4_16GB,TBD_PROFILE,local_and_data_gates,PLANNED
58a6c6d24be79be8af64,screening_5seed,method_screening,elliptic_v2,node_classification,historical_transductive_full,future_resource_limited,graphsafe_feature,composite,4,DG_NO_TARGET,single_t4,T4_16GB,TBD_PROFILE,local_and_data_gates,PLANNED
f45f784971b4b0ffbec4,screening_5seed,method_screening,elliptic_v2,node_classification,historical_transductive_full,future_resource_limited,fraudshift_current_gate,composite,0,DG_NO_TARGET,single_t4,T4_16GB,TBD_PROFILE,local_and_data_gates,PLANNED
5d7831ba1d60da5a6ab5,screening_5seed,method_screening,elliptic_v2,node_classification,historical_transductive_full,future_resource_limited,fraudshift_current_gate,composite,1,DG_NO_TARGET,single_t4,T4_16GB,TBD_PROFILE,local_and_data_gates,PLANNED
e2a30241b2ce3936c111,screening_5seed,method_screening,elliptic_v2,node_classification,historical_transductive_full,future_resource_limited,fraudshift_current_gate,composite,2,DG_NO_TARGET,single_t4,T4_16GB,TBD_PROFILE,local_and_data_gates,PLANNED
2cca721976c15c6bbcd5,screening_5seed,method_screening,elliptic_v2,node_classification,historical_transductive_full,future_resource_limited,fraudshift_current_gate,composite,3,DG_NO_TARGET,single_t4,T4_16GB,TBD_PROFILE,local_and_data_gates,PLANNED
ee30020a9b99d6f1edff,screening_5seed,method_screening,elliptic_v2,node_classification,historical_transductive_full,future_resource_limited,fraudshift_current_gate,composite,4,DG_NO_TARGET,single_t4,T4_16GB,TBD_PROFILE,local_and_data_gates,PLANNED
fe868ac4864f4e269833,screening_5seed,method_screening,elliptic_v2,node_classification,historical_transductive_full,future_resource_limited,coregraph_atomic,composite,0,DG_NO_TARGET,single_t4,T4_16GB,TBD_PROFILE,local_and_data_gates,PLANNED
82b88171df3d5eacb23a,screening_5seed,method_screening,elliptic_v2,node_classification,historical_transductive_full,future_resource_limited,coregraph_atomic,composite,1,DG_NO_TARGET,single_t4,T4_16GB,TBD_PROFILE,local_and_data_gates,PLANNED
69eaa3746f573d3b4796,screening_5seed,method_screening,elliptic_v2,node_classification,historical_transductive_full,future_resource_limited,coregraph_atomic,composite,2,DG_NO_TARGET,single_t4,T4_16GB,TBD_PROFILE,local_and_data_gates,PLANNED
00594f70f1467f88c2cc,screening_5seed,method_screening,elliptic_v2,node_classification,historical_transductive_full,future_resource_limited,coregraph_atomic,composite,3,DG_NO_TARGET,single_t4,T4_16GB,TBD_PROFILE,local_and_data_gates,PLANNED
1b21dbbd1e0a9487a86d,screening_5seed,method_screening,elliptic_v2,node_classification,historical_transductive_full,future_resource_limited,coregraph_atomic,composite,4,DG_NO_TARGET,single_t4,T4_16GB,TBD_PROFILE,local_and_data_gates,PLANNED
500f6e785d0dffd61872,screening_5seed,method_screening,elliptic_v2,node_classification,historical_transductive_full,future_resource_limited,coregraph_no_contract,composite,0,DG_NO_TARGET,single_t4,T4_16GB,TBD_PROFILE,local_and_data_gates,PLANNED
139a7822dcea15e152a4,screening_5seed,method_screening,elliptic_v2,node_classification,historical_transductive_full,future_resource_limited,coregraph_no_contract,composite,1,DG_NO_TARGET,single_t4,T4_16GB,TBD_PROFILE,local_and_data_gates,PLANNED
d74c997032d19b4a549a,screening_5seed,method_screening,elliptic_v2,node_classification,historical_transductive_full,future_resource_limited,coregraph_no_contract,composite,2,DG_NO_TARGET,single_t4,T4_16GB,TBD_PROFILE,local_and_data_gates,PLANNED
45b0c9eac0d3f653d49c,screening_5seed,method_screening,elliptic_v2,node_classification,historical_transductive_full,future_resource_limited,coregraph_no_contract,composite,3,DG_NO_TARGET,single_t4,T4_16GB,TBD_PROFILE,local_and_data_gates,PLANNED
3014a824c9ac27941324,screening_5seed,method_screening,elliptic_v2,node_classification,historical_transductive_full,future_resource_limited,coregraph_no_contract,composite,4,DG_NO_TARGET,single_t4,T4_16GB,TBD_PROFILE,local_and_data_gates,PLANNED
7ec2663e79f48f7a1100,screening_5seed,method_screening,elliptic_v2,node_classification,historical_transductive_full,future_resource_limited,coregraph_factorised,composite,0,DG_NO_TARGET,single_t4,T4_16GB,TBD_PROFILE,local_and_data_gates,PLANNED
b89e22884dba732ba56f,screening_5seed,method_screening,elliptic_v2,node_classification,historical_transductive_full,future_resource_limited,coregraph_factorised,composite,1,DG_NO_TARGET,single_t4,T4_16GB,TBD_PROFILE,local_and_data_gates,PLANNED
35820f19691a9cf32047,screening_5seed,method_screening,elliptic_v2,node_classification,historical_transductive_full,future_resource_limited,coregraph_factorised,composite,2,DG_NO_TARGET,single_t4,T4_16GB,TBD_PROFILE,local_and_data_gates,PLANNED
5faccd1c8a504f131577,screening_5seed,method_screening,elliptic_v2,node_classification,historical_transductive_full,future_resource_limited,coregraph_factorised,composite,3,DG_NO_TARGET,single_t4,T4_16GB,TBD_PROFILE,local_and_data_gates,PLANNED
115313f63e391b63d74b,screening_5seed,method_screening,elliptic_v2,node_classification,historical_transductive_full,future_resource_limited,coregraph_factorised,composite,4,DG_NO_TARGET,single_t4,T4_16GB,TBD_PROFILE,local_and_data_gates,PLANNED
6de761adc84661a19ab1,screening_5seed,method_screening,elliptic_v2,node_classification,historical_transductive_full,future_resource_limited,coregraph_factorised_diagnostics,composite,0,DG_NO_TARGET,single_t4,T4_16GB,TBD_PROFILE,local_and_data_gates,PLANNED
35b49285f196559be611,screening_5seed,method_screening,elliptic_v2,node_classification,historical_transductive_full,future_resource_limited,coregraph_factorised_diagnostics,composite,1,DG_NO_TARGET,single_t4,T4_16GB,TBD_PROFILE,local_and_data_gates,PLANNED
41bc3be4c29f1683e5c2,screening_5seed,method_screening,elliptic_v2,node_classification,historical_transductive_full,future_resource_limited,coregraph_factorised_diagnostics,composite,2,DG_NO_TARGET,single_t4,T4_16GB,TBD_PROFILE,local_and_data_gates,PLANNED
d3dfe13bc52e16bc2a6a,screening_5seed,method_screening,elliptic_v2,node_classification,historical_transductive_full,future_resource_limited,coregraph_factorised_diagnostics,composite,3,DG_NO_TARGET,single_t4,T4_16GB,TBD_PROFILE,local_and_data_gates,PLANNED
5948831e5c3d45ed5bdf,screening_5seed,method_screening,elliptic_v2,node_classification,historical_transductive_full,future_resource_limited,coregraph_factorised_diagnostics,composite,4,DG_NO_TARGET,single_t4,T4_16GB,TBD_PROFILE,local_and_data_gates,PLANNED
daf22872a48d1dc5018a,screening_5seed,method_screening,dgraphfin_v2,transaction_classification,historical_transductive_full,future_inductive_full,best_single_feasible,composite,0,DG_NO_TARGET,single_t4,T4_16GB,TBD_PROFILE,local_and_data_gates,PLANNED
fd1ebebdc49566a1d2b5,screening_5seed,method_screening,dgraphfin_v2,transaction_classification,historical_transductive_full,future_inductive_full,best_single_feasible,composite,1,DG_NO_TARGET,single_t4,T4_16GB,TBD_PROFILE,local_and_data_gates,PLANNED
c65dd8da5c6463300074,screening_5seed,method_screening,dgraphfin_v2,transaction_classification,historical_transductive_full,future_inductive_full,best_single_feasible,composite,2,DG_NO_TARGET,single_t4,T4_16GB,TBD_PROFILE,local_and_data_gates,PLANNED
21e83719df91349af734,screening_5seed,method_screening,dgraphfin_v2,transaction_classification,historical_transductive_full,future_inductive_full,best_single_feasible,composite,3,DG_NO_TARGET,single_t4,T4_16GB,TBD_PROFILE,local_and_data_gates,PLANNED
58c8a8775c2e76c03703,screening_5seed,method_screening,dgraphfin_v2,transaction_classification,historical_transductive_full,future_inductive_full,best_single_feasible,composite,4,DG_NO_TARGET,single_t4,T4_16GB,TBD_PROFILE,local_and_data_gates,PLANNED
0b765aa73a3fbcf42b51,screening_5seed,method_screening,dgraphfin_v2,transaction_classification,historical_transductive_full,future_inductive_full,equal_mixture,composite,0,DG_NO_TARGET,single_t4,T4_16GB,TBD_PROFILE,local_and_data_gates,PLANNED
5aa30b813e7801577ce2,screening_5seed,method_screening,dgraphfin_v2,transaction_classification,historical_transductive_full,future_inductive_full,equal_mixture,composite,1,DG_NO_TARGET,single_t4,T4_16GB,TBD_PROFILE,local_and_data_gates,PLANNED
563d8dca3256c10f9075,screening_5seed,method_screening,dgraphfin_v2,transaction_classification,historical_transductive_full,future_inductive_full,equal_mixture,composite,2,DG_NO_TARGET,single_t4,T4_16GB,TBD_PROFILE,local_and_data_gates,PLANNED
f5a8b0717a1df0c632f8,screening_5seed,method_screening,dgraphfin_v2,transaction_classification,historical_transductive_full,future_inductive_full,equal_mixture,composite,3,DG_NO_TARGET,single_t4,T4_16GB,TBD_PROFILE,local_and_data_gates,PLANNED
13ffb0868fea26c3c314,screening_5seed,method_screening,dgraphfin_v2,transaction_classification,historical_transductive_full,future_inductive_full,equal_mixture,composite,4,DG_NO_TARGET,single_t4,T4_16GB,TBD_PROFILE,local_and_data_gates,PLANNED
0e31ffb45078b61305c7,screening_5seed,method_screening,dgraphfin_v2,transaction_classification,historical_transductive_full,future_inductive_full,graphsafe_feature,composite,0,DG_NO_TARGET,single_t4,T4_16GB,TBD_PROFILE,local_and_data_gates,PLANNED
f19948364f61b72d6e90,screening_5seed,method_screening,dgraphfin_v2,transaction_classification,historical_transductive_full,future_inductive_full,graphsafe_feature,composite,1,DG_NO_TARGET,single_t4,T4_16GB,TBD_PROFILE,local_and_data_gates,PLANNED
e02820441bf1d55dcf88,screening_5seed,method_screening,dgraphfin_v2,transaction_classification,historical_transductive_full,future_inductive_full,graphsafe_feature,composite,2,DG_NO_TARGET,single_t4,T4_16GB,TBD_PROFILE,local_and_data_gates,PLANNED
8a36f3672f25c57958dd,screening_5seed,method_screening,dgraphfin_v2,transaction_classification,historical_transductive_full,future_inductive_full,graphsafe_feature,composite,3,DG_NO_TARGET,single_t4,T4_16GB,TBD_PROFILE,local_and_data_gates,PLANNED
630451e83aa647e3a8f8,screening_5seed,method_screening,dgraphfin_v2,transaction_classification,historical_transductive_full,future_inductive_full,graphsafe_feature,composite,4,DG_NO_TARGET,single_t4,T4_16GB,TBD_PROFILE,local_and_data_gates,PLANNED
5a441b335a245da3ff50,screening_5seed,method_screening,dgraphfin_v2,transaction_classification,historical_transductive_full,future_inductive_full,fraudshift_current_gate,composite,0,DG_NO_TARGET,single_t4,T4_16GB,TBD_PROFILE,local_and_data_gates,PLANNED
5d21b555741b443fcb6a,screening_5seed,method_screening,dgraphfin_v2,transaction_classification,historical_transductive_full,future_inductive_full,fraudshift_current_gate,composite,1,DG_NO_TARGET,single_t4,T4_16GB,TBD_PROFILE,local_and_data_gates,PLANNED
1120b8cf541a93a9131d,screening_5seed,method_screening,dgraphfin_v2,transaction_classification,historical_transductive_full,future_inductive_full,fraudshift_current_gate,composite,2,DG_NO_TARGET,single_t4,T4_16GB,TBD_PROFILE,local_and_data_gates,PLANNED
b1a6267338e7f9027e58,screening_5seed,method_screening,dgraphfin_v2,transaction_classification,historical_transductive_full,future_inductive_full,fraudshift_current_gate,composite,3,DG_NO_TARGET,single_t4,T4_16GB,TBD_PROFILE,local_and_data_gates,PLANNED
c2f480e8c8a06e949594,screening_5seed,method_screening,dgraphfin_v2,transaction_classification,historical_transductive_full,future_inductive_full,fraudshift_current_gate,composite,4,DG_NO_TARGET,single_t4,T4_16GB,TBD_PROFILE,local_and_data_gates,PLANNED
9ce4c95755317ca0ed05,screening_5seed,method_screening,dgraphfin_v2,transaction_classification,historical_transductive_full,future_inductive_full,coregraph_atomic,composite,0,DG_NO_TARGET,single_t4,T4_16GB,TBD_PROFILE,local_and_data_gates,PLANNED
8e1cccf708d9567dda97,screening_5seed,method_screening,dgraphfin_v2,transaction_classification,historical_transductive_full,future_inductive_full,coregraph_atomic,composite,1,DG_NO_TARGET,single_t4,T4_16GB,TBD_PROFILE,local_and_data_gates,PLANNED
3e748e41be4b693226b3,screening_5seed,method_screening,dgraphfin_v2,transaction_classification,historical_transductive_full,future_inductive_full,coregraph_atomic,composite,2,DG_NO_TARGET,single_t4,T4_16GB,TBD_PROFILE,local_and_data_gates,PLANNED
8de1473c9f16a4ec6b10,screening_5seed,method_screening,dgraphfin_v2,transaction_classification,historical_transductive_full,future_inductive_full,coregraph_atomic,composite,3,DG_NO_TARGET,single_t4,T4_16GB,TBD_PROFILE,local_and_data_gates,PLANNED
888043f4bf46a5a7a555,screening_5seed,method_screening,dgraphfin_v2,transaction_classification,historical_transductive_full,future_inductive_full,coregraph_atomic,composite,4,DG_NO_TARGET,single_t4,T4_16GB,TBD_PROFILE,local_and_data_gates,PLANNED
d836be3e985a9ae1b512,screening_5seed,method_screening,dgraphfin_v2,transaction_classification,historical_transductive_full,future_inductive_full,coregraph_no_contract,composite,0,DG_NO_TARGET,single_t4,T4_16GB,TBD_PROFILE,local_and_data_gates,PLANNED
f282fa31b51c965b3328,screening_5seed,method_screening,dgraphfin_v2,transaction_classification,historical_transductive_full,future_inductive_full,coregraph_no_contract,composite,1,DG_NO_TARGET,single_t4,T4_16GB,TBD_PROFILE,local_and_data_gates,PLANNED
dd2acb3f9e3fe6c7ad31,screening_5seed,method_screening,dgraphfin_v2,transaction_classification,historical_transductive_full,future_inductive_full,coregraph_no_contract,composite,2,DG_NO_TARGET,single_t4,T4_16GB,TBD_PROFILE,local_and_data_gates,PLANNED
7fb0748ed648e78db6f6,screening_5seed,method_screening,dgraphfin_v2,transaction_classification,historical_transductive_full,future_inductive_full,coregraph_no_contract,composite,3,DG_NO_TARGET,single_t4,T4_16GB,TBD_PROFILE,local_and_data_gates,PLANNED
d2c64a87db55b71fb17d,screening_5seed,method_screening,dgraphfin_v2,transaction_classification,historical_transductive_full,future_inductive_full,coregraph_no_contract,composite,4,DG_NO_TARGET,single_t4,T4_16GB,TBD_PROFILE,local_and_data_gates,PLANNED
7874ea95ca6dd490c983,screening_5seed,method_screening,dgraphfin_v2,transaction_classification,historical_transductive_full,future_inductive_full,coregraph_factorised,composite,0,DG_NO_TARGET,single_t4,T4_16GB,TBD_PROFILE,local_and_data_gates,PLANNED
d494cc019c992ea6dc03,screening_5seed,method_screening,dgraphfin_v2,transaction_classification,historical_transductive_full,future_inductive_full,coregraph_factorised,composite,1,DG_NO_TARGET,single_t4,T4_16GB,TBD_PROFILE,local_and_data_gates,PLANNED
1a5687e5d0855001ffc3,screening_5seed,method_screening,dgraphfin_v2,transaction_classification,historical_transductive_full,future_inductive_full,coregraph_factorised,composite,2,DG_NO_TARGET,single_t4,T4_16GB,TBD_PROFILE,local_and_data_gates,PLANNED
9ae0e3893bd9ffcf58d0,screening_5seed,method_screening,dgraphfin_v2,transaction_classification,historical_transductive_full,future_inductive_full,coregraph_factorised,composite,3,DG_NO_TARGET,single_t4,T4_16GB,TBD_PROFILE,local_and_data_gates,PLANNED
3d70e9e4d37fdf8115bf,screening_5seed,method_screening,dgraphfin_v2,transaction_classification,historical_transductive_full,future_inductive_full,coregraph_factorised,composite,4,DG_NO_TARGET,single_t4,T4_16GB,TBD_PROFILE,local_and_data_gates,PLANNED
022aa11b398d647a7753,screening_5seed,method_screening,dgraphfin_v2,transaction_classification,historical_transductive_full,future_inductive_full,coregraph_factorised_diagnostics,composite,0,DG_NO_TARGET,single_t4,T4_16GB,TBD_PROFILE,local_and_data_gates,PLANNED
da284f80278ff6cef84c,screening_5seed,method_screening,dgraphfin_v2,transaction_classification,historical_transductive_full,future_inductive_full,coregraph_factorised_diagnostics,composite,1,DG_NO_TARGET,single_t4,T4_16GB,TBD_PROFILE,local_and_data_gates,PLANNED
daf6d95a84ba4d0de868,screening_5seed,method_screening,dgraphfin_v2,transaction_classification,historical_transductive_full,future_inductive_full,coregraph_factorised_diagnostics,composite,2,DG_NO_TARGET,single_t4,T4_16GB,TBD_PROFILE,local_and_data_gates,PLANNED
83a3dd425ef7bc032961,screening_5seed,method_screening,dgraphfin_v2,transaction_classification,historical_transductive_full,future_inductive_full,coregraph_factorised_diagnostics,composite,3,DG_NO_TARGET,single_t4,T4_16GB,TBD_PROFILE,local_and_data_gates,PLANNED
3c97b17ee178caeaa21a,screening_5seed,method_screening,dgraphfin_v2,transaction_classification,historical_transductive_full,future_inductive_full,coregraph_factorised_diagnostics,composite,4,DG_NO_TARGET,single_t4,T4_16GB,TBD_PROFILE,local_and_data_gates,PLANNED
58f2aa121f2e84a152dd,screening_5seed,method_screening,dgraphfin_v2,transaction_classification,historical_transductive_full,future_inductive_recent,best_single_feasible,composite,0,DG_NO_TARGET,single_t4,T4_16GB,TBD_PROFILE,local_and_data_gates,PLANNED
c90dd3a404dfdefe2e57,screening_5seed,method_screening,dgraphfin_v2,transaction_classification,historical_transductive_full,future_inductive_recent,best_single_feasible,composite,1,DG_NO_TARGET,single_t4,T4_16GB,TBD_PROFILE,local_and_data_gates,PLANNED
95335d7bebfd7d9c753a,screening_5seed,method_screening,dgraphfin_v2,transaction_classification,historical_transductive_full,future_inductive_recent,best_single_feasible,composite,2,DG_NO_TARGET,single_t4,T4_16GB,TBD_PROFILE,local_and_data_gates,PLANNED
1158c4b7a1ee1ce3bdeb,screening_5seed,method_screening,dgraphfin_v2,transaction_classification,historical_transductive_full,future_inductive_recent,best_single_feasible,composite,3,DG_NO_TARGET,single_t4,T4_16GB,TBD_PROFILE,local_and_data_gates,PLANNED
81423e5bb6df1ce6ba18,screening_5seed,method_screening,dgraphfin_v2,transaction_classification,historical_transductive_full,future_inductive_recent,best_single_feasible,composite,4,DG_NO_TARGET,single_t4,T4_16GB,TBD_PROFILE,local_and_data_gates,PLANNED
95596dc27ace4344d9aa,screening_5seed,method_screening,dgraphfin_v2,transaction_classification,historical_transductive_full,future_inductive_recent,equal_mixture,composite,0,DG_NO_TARGET,single_t4,T4_16GB,TBD_PROFILE,local_and_data_gates,PLANNED
1efc9d9248e3c12bc14c,screening_5seed,method_screening,dgraphfin_v2,transaction_classification,historical_transductive_full,future_inductive_recent,equal_mixture,composite,1,DG_NO_TARGET,single_t4,T4_16GB,TBD_PROFILE,local_and_data_gates,PLANNED
69b7ff6f27d0f209f702,screening_5seed,method_screening,dgraphfin_v2,transaction_classification,historical_transductive_full,future_inductive_recent,equal_mixture,composite,2,DG_NO_TARGET,single_t4,T4_16GB,TBD_PROFILE,local_and_data_gates,PLANNED
2f4440df75fac1f64cf9,screening_5seed,method_screening,dgraphfin_v2,transaction_classification,historical_transductive_full,future_inductive_recent,equal_mixture,composite,3,DG_NO_TARGET,single_t4,T4_16GB,TBD_PROFILE,local_and_data_gates,PLANNED
2dd87dc4b694ec7c4fc3,screening_5seed,method_screening,dgraphfin_v2,transaction_classification,historical_transductive_full,future_inductive_recent,equal_mixture,composite,4,DG_NO_TARGET,single_t4,T4_16GB,TBD_PROFILE,local_and_data_gates,PLANNED
fcf35cef2c89e0926599,screening_5seed,method_screening,dgraphfin_v2,transaction_classification,historical_transductive_full,future_inductive_recent,graphsafe_feature,composite,0,DG_NO_TARGET,single_t4,T4_16GB,TBD_PROFILE,local_and_data_gates,PLANNED
9430b64f3e63cf897d2b,screening_5seed,method_screening,dgraphfin_v2,transaction_classification,historical_transductive_full,future_inductive_recent,graphsafe_feature,composite,1,DG_NO_TARGET,single_t4,T4_16GB,TBD_PROFILE,local_and_data_gates,PLANNED
98cefa3545adfd7e74a0,screening_5seed,method_screening,dgraphfin_v2,transaction_classification,historical_transductive_full,future_inductive_recent,graphsafe_feature,composite,2,DG_NO_TARGET,single_t4,T4_16GB,TBD_PROFILE,local_and_data_gates,PLANNED
a434e0c1fc6e5d855fca,screening_5seed,method_screening,dgraphfin_v2,transaction_classification,historical_transductive_full,future_inductive_recent,graphsafe_feature,composite,3,DG_NO_TARGET,single_t4,T4_16GB,TBD_PROFILE,local_and_data_gates,PLANNED
56f47f918cb7623a3c03,screening_5seed,method_screening,dgraphfin_v2,transaction_classification,historical_transductive_full,future_inductive_recent,graphsafe_feature,composite,4,DG_NO_TARGET,single_t4,T4_16GB,TBD_PROFILE,local_and_data_gates,PLANNED
7a0ed5372cf35b4963a7,screening_5seed,method_screening,dgraphfin_v2,transaction_classification,historical_transductive_full,future_inductive_recent,fraudshift_current_gate,composite,0,DG_NO_TARGET,single_t4,T4_16GB,TBD_PROFILE,local_and_data_gates,PLANNED
61d21e563ddde8a12f6d,screening_5seed,method_screening,dgraphfin_v2,transaction_classification,historical_transductive_full,future_inductive_recent,fraudshift_current_gate,composite,1,DG_NO_TARGET,single_t4,T4_16GB,TBD_PROFILE,local_and_data_gates,PLANNED
a88ce4b998555e7d805a,screening_5seed,method_screening,dgraphfin_v2,transaction_classification,historical_transductive_full,future_inductive_recent,fraudshift_current_gate,composite,2,DG_NO_TARGET,single_t4,T4_16GB,TBD_PROFILE,local_and_data_gates,PLANNED
f2d8d5ab4017858f1dc4,screening_5seed,method_screening,dgraphfin_v2,transaction_classification,historical_transductive_full,future_inductive_recent,fraudshift_current_gate,composite,3,DG_NO_TARGET,single_t4,T4_16GB,TBD_PROFILE,local_and_data_gates,PLANNED
6e5bbec5c5d2b3b19efb,screening_5seed,method_screening,dgraphfin_v2,transaction_classification,historical_transductive_full,future_inductive_recent,fraudshift_current_gate,composite,4,DG_NO_TARGET,single_t4,T4_16GB,TBD_PROFILE,local_and_data_gates,PLANNED
c43cb2676f3a7584621c,screening_5seed,method_screening,dgraphfin_v2,transaction_classification,historical_transductive_full,future_inductive_recent,coregraph_atomic,composite,0,DG_NO_TARGET,single_t4,T4_16GB,TBD_PROFILE,local_and_data_gates,PLANNED
14904e4e7895868e980a,screening_5seed,method_screening,dgraphfin_v2,transaction_classification,historical_transductive_full,future_inductive_recent,coregraph_atomic,composite,1,DG_NO_TARGET,single_t4,T4_16GB,TBD_PROFILE,local_and_data_gates,PLANNED
9964b42f5befb57f75ae,screening_5seed,method_screening,dgraphfin_v2,transaction_classification,historical_transductive_full,future_inductive_recent,coregraph_atomic,composite,2,DG_NO_TARGET,single_t4,T4_16GB,TBD_PROFILE,local_and_data_gates,PLANNED
e4dbd37cd68243dbed2b,screening_5seed,method_screening,dgraphfin_v2,transaction_classification,historical_transductive_full,future_inductive_recent,coregraph_atomic,composite,3,DG_NO_TARGET,single_t4,T4_16GB,TBD_PROFILE,local_and_data_gates,PLANNED
99dd7c44c1a3f70a636a,screening_5seed,method_screening,dgraphfin_v2,transaction_classification,historical_transductive_full,future_inductive_recent,coregraph_atomic,composite,4,DG_NO_TARGET,single_t4,T4_16GB,TBD_PROFILE,local_and_data_gates,PLANNED
7ad1834d1401cb16205f,screening_5seed,method_screening,dgraphfin_v2,transaction_classification,historical_transductive_full,future_inductive_recent,coregraph_no_contract,composite,0,DG_NO_TARGET,single_t4,T4_16GB,TBD_PROFILE,local_and_data_gates,PLANNED
b4b1ba60aa7c71d2a6bd,screening_5seed,method_screening,dgraphfin_v2,transaction_classification,historical_transductive_full,future_inductive_recent,coregraph_no_contract,composite,1,DG_NO_TARGET,single_t4,T4_16GB,TBD_PROFILE,local_and_data_gates,PLANNED
6f4e4de837e8c3b2357c,screening_5seed,method_screening,dgraphfin_v2,transaction_classification,historical_transductive_full,future_inductive_recent,coregraph_no_contract,composite,2,DG_NO_TARGET,single_t4,T4_16GB,TBD_PROFILE,local_and_data_gates,PLANNED
fef737ad051c1aee5846,screening_5seed,method_screening,dgraphfin_v2,transaction_classification,historical_transductive_full,future_inductive_recent,coregraph_no_contract,composite,3,DG_NO_TARGET,single_t4,T4_16GB,TBD_PROFILE,local_and_data_gates,PLANNED
f8779a48a64c5e94cab5,screening_5seed,method_screening,dgraphfin_v2,transaction_classification,historical_transductive_full,future_inductive_recent,coregraph_no_contract,composite,4,DG_NO_TARGET,single_t4,T4_16GB,TBD_PROFILE,local_and_data_gates,PLANNED
a65bece848519b9c5f5b,screening_5seed,method_screening,dgraphfin_v2,transaction_classification,historical_transductive_full,future_inductive_recent,coregraph_factorised,composite,0,DG_NO_TARGET,single_t4,T4_16GB,TBD_PROFILE,local_and_data_gates,PLANNED
6ac65ed6b6d08c6189d8,screening_5seed,method_screening,dgraphfin_v2,transaction_classification,historical_transductive_full,future_inductive_recent,coregraph_factorised,composite,1,DG_NO_TARGET,single_t4,T4_16GB,TBD_PROFILE,local_and_data_gates,PLANNED
0dc30707ea4ef6d1875f,screening_5seed,method_screening,dgraphfin_v2,transaction_classification,historical_transductive_full,future_inductive_recent,coregraph_factorised,composite,2,DG_NO_TARGET,single_t4,T4_16GB,TBD_PROFILE,local_and_data_gates,PLANNED
90cadf378dd065adc5d3,screening_5seed,method_screening,dgraphfin_v2,transaction_classification,historical_transductive_full,future_inductive_recent,coregraph_factorised,composite,3,DG_NO_TARGET,single_t4,T4_16GB,TBD_PROFILE,local_and_data_gates,PLANNED
85c81b50a1f8d0f38b51,screening_5seed,method_screening,dgraphfin_v2,transaction_classification,historical_transductive_full,future_inductive_recent,coregraph_factorised,composite,4,DG_NO_TARGET,single_t4,T4_16GB,TBD_PROFILE,local_and_data_gates,PLANNED
46fe7e0a56bda2ae9301,screening_5seed,method_screening,dgraphfin_v2,transaction_classification,historical_transductive_full,future_inductive_recent,coregraph_factorised_diagnostics,composite,0,DG_NO_TARGET,single_t4,T4_16GB,TBD_PROFILE,local_and_data_gates,PLANNED
128f9131eeeeddbb2e56,screening_5seed,method_screening,dgraphfin_v2,transaction_classification,historical_transductive_full,future_inductive_recent,coregraph_factorised_diagnostics,composite,1,DG_NO_TARGET,single_t4,T4_16GB,TBD_PROFILE,local_and_data_gates,PLANNED
dd30dd26104f2cdfe237,screening_5seed,method_screening,dgraphfin_v2,transaction_classification,historical_transductive_full,future_inductive_recent,coregraph_factorised_diagnostics,composite,2,DG_NO_TARGET,single_t4,T4_16GB,TBD_PROFILE,local_and_data_gates,PLANNED
4b77bb8e5188fe8af9db,screening_5seed,method_screening,dgraphfin_v2,transaction_classification,historical_transductive_full,future_inductive_recent,coregraph_factorised_diagnostics,composite,3,DG_NO_TARGET,single_t4,T4_16GB,TBD_PROFILE,local_and_data_gates,PLANNED
3fad9d078a6d12b13bea,screening_5seed,method_screening,dgraphfin_v2,transaction_classification,historical_transductive_full,future_inductive_recent,coregraph_factorised_diagnostics,composite,4,DG_NO_TARGET,single_t4,T4_16GB,TBD_PROFILE,local_and_data_gates,PLANNED
fd43b110832379a2ad2a,screening_5seed,method_screening,dgraphfin_v2,transaction_classification,historical_inductive_full,future_missing_graph,best_single_feasible,composite,0,DG_NO_TARGET,single_t4,T4_16GB,TBD_PROFILE,local_and_data_gates,PLANNED
2513eacba37ca3661cbb,screening_5seed,method_screening,dgraphfin_v2,transaction_classification,historical_inductive_full,future_missing_graph,best_single_feasible,composite,1,DG_NO_TARGET,single_t4,T4_16GB,TBD_PROFILE,local_and_data_gates,PLANNED
fec50093b28b084d6423,screening_5seed,method_screening,dgraphfin_v2,transaction_classification,historical_inductive_full,future_missing_graph,best_single_feasible,composite,2,DG_NO_TARGET,single_t4,T4_16GB,TBD_PROFILE,local_and_data_gates,PLANNED
8e198bd37e670fa06fa9,screening_5seed,method_screening,dgraphfin_v2,transaction_classification,historical_inductive_full,future_missing_graph,best_single_feasible,composite,3,DG_NO_TARGET,single_t4,T4_16GB,TBD_PROFILE,local_and_data_gates,PLANNED
75aba32c360cb04f48e6,screening_5seed,method_screening,dgraphfin_v2,transaction_classification,historical_inductive_full,future_missing_graph,best_single_feasible,composite,4,DG_NO_TARGET,single_t4,T4_16GB,TBD_PROFILE,local_and_data_gates,PLANNED
e7063068d0367b5ab374,screening_5seed,method_screening,dgraphfin_v2,transaction_classification,historical_inductive_full,future_missing_graph,equal_mixture,composite,0,DG_NO_TARGET,single_t4,T4_16GB,TBD_PROFILE,local_and_data_gates,PLANNED
226b33a1fe3ce3d18fd9,screening_5seed,method_screening,dgraphfin_v2,transaction_classification,historical_inductive_full,future_missing_graph,equal_mixture,composite,1,DG_NO_TARGET,single_t4,T4_16GB,TBD_PROFILE,local_and_data_gates,PLANNED
811a9dce90b7ed002321,screening_5seed,method_screening,dgraphfin_v2,transaction_classification,historical_inductive_full,future_missing_graph,equal_mixture,composite,2,DG_NO_TARGET,single_t4,T4_16GB,TBD_PROFILE,local_and_data_gates,PLANNED
da79ea20c59d44b346a0,screening_5seed,method_screening,dgraphfin_v2,transaction_classification,historical_inductive_full,future_missing_graph,equal_mixture,composite,3,DG_NO_TARGET,single_t4,T4_16GB,TBD_PROFILE,local_and_data_gates,PLANNED
e05225083187a7b75023,screening_5seed,method_screening,dgraphfin_v2,transaction_classification,historical_inductive_full,future_missing_graph,equal_mixture,composite,4,DG_NO_TARGET,single_t4,T4_16GB,TBD_PROFILE,local_and_data_gates,PLANNED
cf253b5d6a6adab12c1a,screening_5seed,method_screening,dgraphfin_v2,transaction_classification,historical_inductive_full,future_missing_graph,graphsafe_feature,composite,0,DG_NO_TARGET,single_t4,T4_16GB,TBD_PROFILE,local_and_data_gates,PLANNED
235f7e8daae44ff64a75,screening_5seed,method_screening,dgraphfin_v2,transaction_classification,historical_inductive_full,future_missing_graph,graphsafe_feature,composite,1,DG_NO_TARGET,single_t4,T4_16GB,TBD_PROFILE,local_and_data_gates,PLANNED
3bcc512988282ec8829b,screening_5seed,method_screening,dgraphfin_v2,transaction_classification,historical_inductive_full,future_missing_graph,graphsafe_feature,composite,2,DG_NO_TARGET,single_t4,T4_16GB,TBD_PROFILE,local_and_data_gates,PLANNED
03b6a3743333081b5861,screening_5seed,method_screening,dgraphfin_v2,transaction_classification,historical_inductive_full,future_missing_graph,graphsafe_feature,composite,3,DG_NO_TARGET,single_t4,T4_16GB,TBD_PROFILE,local_and_data_gates,PLANNED
1e2e0b1e5ed3ffa4dfaf,screening_5seed,method_screening,dgraphfin_v2,transaction_classification,historical_inductive_full,future_missing_graph,graphsafe_feature,composite,4,DG_NO_TARGET,single_t4,T4_16GB,TBD_PROFILE,local_and_data_gates,PLANNED
d250070f646655fc5774,screening_5seed,method_screening,dgraphfin_v2,transaction_classification,historical_inductive_full,future_missing_graph,fraudshift_current_gate,composite,0,DG_NO_TARGET,single_t4,T4_16GB,TBD_PROFILE,local_and_data_gates,PLANNED
4daddb9db945f82ee861,screening_5seed,method_screening,dgraphfin_v2,transaction_classification,historical_inductive_full,future_missing_graph,fraudshift_current_gate,composite,1,DG_NO_TARGET,single_t4,T4_16GB,TBD_PROFILE,local_and_data_gates,PLANNED
967e921b1bcd68ed796e,screening_5seed,method_screening,dgraphfin_v2,transaction_classification,historical_inductive_full,future_missing_graph,fraudshift_current_gate,composite,2,DG_NO_TARGET,single_t4,T4_16GB,TBD_PROFILE,local_and_data_gates,PLANNED
99d1f4362924823095e7,screening_5seed,method_screening,dgraphfin_v2,transaction_classification,historical_inductive_full,future_missing_graph,fraudshift_current_gate,composite,3,DG_NO_TARGET,single_t4,T4_16GB,TBD_PROFILE,local_and_data_gates,PLANNED
1e7c2822aa84b26059b3,screening_5seed,method_screening,dgraphfin_v2,transaction_classification,historical_inductive_full,future_missing_graph,fraudshift_current_gate,composite,4,DG_NO_TARGET,single_t4,T4_16GB,TBD_PROFILE,local_and_data_gates,PLANNED
6973c7389224718ef82a,screening_5seed,method_screening,dgraphfin_v2,transaction_classification,historical_inductive_full,future_missing_graph,coregraph_atomic,composite,0,DG_NO_TARGET,single_t4,T4_16GB,TBD_PROFILE,local_and_data_gates,PLANNED
273acb017f9c2eefa626,screening_5seed,method_screening,dgraphfin_v2,transaction_classification,historical_inductive_full,future_missing_graph,coregraph_atomic,composite,1,DG_NO_TARGET,single_t4,T4_16GB,TBD_PROFILE,local_and_data_gates,PLANNED
f30f13fecf40fdb6ec22,screening_5seed,method_screening,dgraphfin_v2,transaction_classification,historical_inductive_full,future_missing_graph,coregraph_atomic,composite,2,DG_NO_TARGET,single_t4,T4_16GB,TBD_PROFILE,local_and_data_gates,PLANNED
4c1481e805dc2458607f,screening_5seed,method_screening,dgraphfin_v2,transaction_classification,historical_inductive_full,future_missing_graph,coregraph_atomic,composite,3,DG_NO_TARGET,single_t4,T4_16GB,TBD_PROFILE,local_and_data_gates,PLANNED
08752d74f06e5f772c66,screening_5seed,method_screening,dgraphfin_v2,transaction_classification,historical_inductive_full,future_missing_graph,coregraph_atomic,composite,4,DG_NO_TARGET,single_t4,T4_16GB,TBD_PROFILE,local_and_data_gates,PLANNED
9155355f9579dab14b1d,screening_5seed,method_screening,dgraphfin_v2,transaction_classification,historical_inductive_full,future_missing_graph,coregraph_no_contract,composite,0,DG_NO_TARGET,single_t4,T4_16GB,TBD_PROFILE,local_and_data_gates,PLANNED
fb56b00a14fdf4c9b58a,screening_5seed,method_screening,dgraphfin_v2,transaction_classification,historical_inductive_full,future_missing_graph,coregraph_no_contract,composite,1,DG_NO_TARGET,single_t4,T4_16GB,TBD_PROFILE,local_and_data_gates,PLANNED
71d50b951b3408ffe7fe,screening_5seed,method_screening,dgraphfin_v2,transaction_classification,historical_inductive_full,future_missing_graph,coregraph_no_contract,composite,2,DG_NO_TARGET,single_t4,T4_16GB,TBD_PROFILE,local_and_data_gates,PLANNED
e2203045170d908e7e1e,screening_5seed,method_screening,dgraphfin_v2,transaction_classification,historical_inductive_full,future_missing_graph,coregraph_no_contract,composite,3,DG_NO_TARGET,single_t4,T4_16GB,TBD_PROFILE,local_and_data_gates,PLANNED
1a8f9dc3dd454a4ea94f,screening_5seed,method_screening,dgraphfin_v2,transaction_classification,historical_inductive_full,future_missing_graph,coregraph_no_contract,composite,4,DG_NO_TARGET,single_t4,T4_16GB,TBD_PROFILE,local_and_data_gates,PLANNED
09dd21545586b3cf72d7,screening_5seed,method_screening,dgraphfin_v2,transaction_classification,historical_inductive_full,future_missing_graph,coregraph_factorised,composite,0,DG_NO_TARGET,single_t4,T4_16GB,TBD_PROFILE,local_and_data_gates,PLANNED
4b19d4428cd1ea60e5da,screening_5seed,method_screening,dgraphfin_v2,transaction_classification,historical_inductive_full,future_missing_graph,coregraph_factorised,composite,1,DG_NO_TARGET,single_t4,T4_16GB,TBD_PROFILE,local_and_data_gates,PLANNED
02cfaab1e5179704e10b,screening_5seed,method_screening,dgraphfin_v2,transaction_classification,historical_inductive_full,future_missing_graph,coregraph_factorised,composite,2,DG_NO_TARGET,single_t4,T4_16GB,TBD_PROFILE,local_and_data_gates,PLANNED
93b269ed2a1438072c0a,screening_5seed,method_screening,dgraphfin_v2,transaction_classification,historical_inductive_full,future_missing_graph,coregraph_factorised,composite,3,DG_NO_TARGET,single_t4,T4_16GB,TBD_PROFILE,local_and_data_gates,PLANNED
3630fc2be72c518e5f8f,screening_5seed,method_screening,dgraphfin_v2,transaction_classification,historical_inductive_full,future_missing_graph,coregraph_factorised,composite,4,DG_NO_TARGET,single_t4,T4_16GB,TBD_PROFILE,local_and_data_gates,PLANNED
b90d4802fce30be167a8,screening_5seed,method_screening,dgraphfin_v2,transaction_classification,historical_inductive_full,future_missing_graph,coregraph_factorised_diagnostics,composite,0,DG_NO_TARGET,single_t4,T4_16GB,TBD_PROFILE,local_and_data_gates,PLANNED
b1c3d4e468f9e00cc676,screening_5seed,method_screening,dgraphfin_v2,transaction_classification,historical_inductive_full,future_missing_graph,coregraph_factorised_diagnostics,composite,1,DG_NO_TARGET,single_t4,T4_16GB,TBD_PROFILE,local_and_data_gates,PLANNED
25f4c9f4ffc4c27b9da1,screening_5seed,method_screening,dgraphfin_v2,transaction_classification,historical_inductive_full,future_missing_graph,coregraph_factorised_diagnostics,composite,2,DG_NO_TARGET,single_t4,T4_16GB,TBD_PROFILE,local_and_data_gates,PLANNED
86a27ec08bc9f8122eab,screening_5seed,method_screening,dgraphfin_v2,transaction_classification,historical_inductive_full,future_missing_graph,coregraph_factorised_diagnostics,composite,3,DG_NO_TARGET,single_t4,T4_16GB,TBD_PROFILE,local_and_data_gates,PLANNED
e531b5694bdd1bd99d95,screening_5seed,method_screening,dgraphfin_v2,transaction_classification,historical_inductive_full,future_missing_graph,coregraph_factorised_diagnostics,composite,4,DG_NO_TARGET,single_t4,T4_16GB,TBD_PROFILE,local_and_data_gates,PLANNED
3a335ba43fb0d93804ed,screening_5seed,method_screening,dgraphfin_v2,transaction_classification,historical_inductive_full,future_budget_topk,best_single_feasible,composite,0,DG_NO_TARGET,single_t4,T4_16GB,TBD_PROFILE,local_and_data_gates,PLANNED
06feb2c3c81f5607bfe9,screening_5seed,method_screening,dgraphfin_v2,transaction_classification,historical_inductive_full,future_budget_topk,best_single_feasible,composite,1,DG_NO_TARGET,single_t4,T4_16GB,TBD_PROFILE,local_and_data_gates,PLANNED
04cb2badff9f29e7a12e,screening_5seed,method_screening,dgraphfin_v2,transaction_classification,historical_inductive_full,future_budget_topk,best_single_feasible,composite,2,DG_NO_TARGET,single_t4,T4_16GB,TBD_PROFILE,local_and_data_gates,PLANNED
824c4b9d1d7959db9f61,screening_5seed,method_screening,dgraphfin_v2,transaction_classification,historical_inductive_full,future_budget_topk,best_single_feasible,composite,3,DG_NO_TARGET,single_t4,T4_16GB,TBD_PROFILE,local_and_data_gates,PLANNED
0f7d753d634d0ece3369,screening_5seed,method_screening,dgraphfin_v2,transaction_classification,historical_inductive_full,future_budget_topk,best_single_feasible,composite,4,DG_NO_TARGET,single_t4,T4_16GB,TBD_PROFILE,local_and_data_gates,PLANNED
9f868a123fdada8ba86e,screening_5seed,method_screening,dgraphfin_v2,transaction_classification,historical_inductive_full,future_budget_topk,equal_mixture,composite,0,DG_NO_TARGET,single_t4,T4_16GB,TBD_PROFILE,local_and_data_gates,PLANNED
76ae0a9f12e386fc7f1d,screening_5seed,method_screening,dgraphfin_v2,transaction_classification,historical_inductive_full,future_budget_topk,equal_mixture,composite,1,DG_NO_TARGET,single_t4,T4_16GB,TBD_PROFILE,local_and_data_gates,PLANNED
bf82d5613d6bb39991c1,screening_5seed,method_screening,dgraphfin_v2,transaction_classification,historical_inductive_full,future_budget_topk,equal_mixture,composite,2,DG_NO_TARGET,single_t4,T4_16GB,TBD_PROFILE,local_and_data_gates,PLANNED
0ab0708326beee93a750,screening_5seed,method_screening,dgraphfin_v2,transaction_classification,historical_inductive_full,future_budget_topk,equal_mixture,composite,3,DG_NO_TARGET,single_t4,T4_16GB,TBD_PROFILE,local_and_data_gates,PLANNED
df6502813e0ac4f85f8c,screening_5seed,method_screening,dgraphfin_v2,transaction_classification,historical_inductive_full,future_budget_topk,equal_mixture,composite,4,DG_NO_TARGET,single_t4,T4_16GB,TBD_PROFILE,local_and_data_gates,PLANNED
b49ab1f5c0825f522a7e,screening_5seed,method_screening,dgraphfin_v2,transaction_classification,historical_inductive_full,future_budget_topk,graphsafe_feature,composite,0,DG_NO_TARGET,single_t4,T4_16GB,TBD_PROFILE,local_and_data_gates,PLANNED
105408b4ade7d83c260e,screening_5seed,method_screening,dgraphfin_v2,transaction_classification,historical_inductive_full,future_budget_topk,graphsafe_feature,composite,1,DG_NO_TARGET,single_t4,T4_16GB,TBD_PROFILE,local_and_data_gates,PLANNED
c6e4e7a165e170aa5e1f,screening_5seed,method_screening,dgraphfin_v2,transaction_classification,historical_inductive_full,future_budget_topk,graphsafe_feature,composite,2,DG_NO_TARGET,single_t4,T4_16GB,TBD_PROFILE,local_and_data_gates,PLANNED
29c496525a499edbd664,screening_5seed,method_screening,dgraphfin_v2,transaction_classification,historical_inductive_full,future_budget_topk,graphsafe_feature,composite,3,DG_NO_TARGET,single_t4,T4_16GB,TBD_PROFILE,local_and_data_gates,PLANNED
13a7db25b83f95312308,screening_5seed,method_screening,dgraphfin_v2,transaction_classification,historical_inductive_full,future_budget_topk,graphsafe_feature,composite,4,DG_NO_TARGET,single_t4,T4_16GB,TBD_PROFILE,local_and_data_gates,PLANNED
3adeb0cbc8d92a1a5ec1,screening_5seed,method_screening,dgraphfin_v2,transaction_classification,historical_inductive_full,future_budget_topk,fraudshift_current_gate,composite,0,DG_NO_TARGET,single_t4,T4_16GB,TBD_PROFILE,local_and_data_gates,PLANNED
cfc398035327f9c7c48a,screening_5seed,method_screening,dgraphfin_v2,transaction_classification,historical_inductive_full,future_budget_topk,fraudshift_current_gate,composite,1,DG_NO_TARGET,single_t4,T4_16GB,TBD_PROFILE,local_and_data_gates,PLANNED
cde856b3e2e89dc7fdfa,screening_5seed,method_screening,dgraphfin_v2,transaction_classification,historical_inductive_full,future_budget_topk,fraudshift_current_gate,composite,2,DG_NO_TARGET,single_t4,T4_16GB,TBD_PROFILE,local_and_data_gates,PLANNED
18ed89a29def181cafc2,screening_5seed,method_screening,dgraphfin_v2,transaction_classification,historical_inductive_full,future_budget_topk,fraudshift_current_gate,composite,3,DG_NO_TARGET,single_t4,T4_16GB,TBD_PROFILE,local_and_data_gates,PLANNED
a5e7a56e58a07453329c,screening_5seed,method_screening,dgraphfin_v2,transaction_classification,historical_inductive_full,future_budget_topk,fraudshift_current_gate,composite,4,DG_NO_TARGET,single_t4,T4_16GB,TBD_PROFILE,local_and_data_gates,PLANNED
2fc9d042fbce6a04ef4c,screening_5seed,method_screening,dgraphfin_v2,transaction_classification,historical_inductive_full,future_budget_topk,coregraph_atomic,composite,0,DG_NO_TARGET,single_t4,T4_16GB,TBD_PROFILE,local_and_data_gates,PLANNED
ee53565d57d1cc478669,screening_5seed,method_screening,dgraphfin_v2,transaction_classification,historical_inductive_full,future_budget_topk,coregraph_atomic,composite,1,DG_NO_TARGET,single_t4,T4_16GB,TBD_PROFILE,local_and_data_gates,PLANNED
d62d6b0f0d1b49439fd7,screening_5seed,method_screening,dgraphfin_v2,transaction_classification,historical_inductive_full,future_budget_topk,coregraph_atomic,composite,2,DG_NO_TARGET,single_t4,T4_16GB,TBD_PROFILE,local_and_data_gates,PLANNED
6fee414b3c220675a4fb,screening_5seed,method_screening,dgraphfin_v2,transaction_classification,historical_inductive_full,future_budget_topk,coregraph_atomic,composite,3,DG_NO_TARGET,single_t4,T4_16GB,TBD_PROFILE,local_and_data_gates,PLANNED
33e8f3a160ecde3b0a46,screening_5seed,method_screening,dgraphfin_v2,transaction_classification,historical_inductive_full,future_budget_topk,coregraph_atomic,composite,4,DG_NO_TARGET,single_t4,T4_16GB,TBD_PROFILE,local_and_data_gates,PLANNED
e196e3b121921789962b,screening_5seed,method_screening,dgraphfin_v2,transaction_classification,historical_inductive_full,future_budget_topk,coregraph_no_contract,composite,0,DG_NO_TARGET,single_t4,T4_16GB,TBD_PROFILE,local_and_data_gates,PLANNED
1ea10814973384fb24dc,screening_5seed,method_screening,dgraphfin_v2,transaction_classification,historical_inductive_full,future_budget_topk,coregraph_no_contract,composite,1,DG_NO_TARGET,single_t4,T4_16GB,TBD_PROFILE,local_and_data_gates,PLANNED
db38aa620bb2c13ad7a1,screening_5seed,method_screening,dgraphfin_v2,transaction_classification,historical_inductive_full,future_budget_topk,coregraph_no_contract,composite,2,DG_NO_TARGET,single_t4,T4_16GB,TBD_PROFILE,local_and_data_gates,PLANNED
d720f212f265394ce960,screening_5seed,method_screening,dgraphfin_v2,transaction_classification,historical_inductive_full,future_budget_topk,coregraph_no_contract,composite,3,DG_NO_TARGET,single_t4,T4_16GB,TBD_PROFILE,local_and_data_gates,PLANNED
b1e9efd116e201ba2bbd,screening_5seed,method_screening,dgraphfin_v2,transaction_classification,historical_inductive_full,future_budget_topk,coregraph_no_contract,composite,4,DG_NO_TARGET,single_t4,T4_16GB,TBD_PROFILE,local_and_data_gates,PLANNED
afe743691b7d41b9b937,screening_5seed,method_screening,dgraphfin_v2,transaction_classification,historical_inductive_full,future_budget_topk,coregraph_factorised,composite,0,DG_NO_TARGET,single_t4,T4_16GB,TBD_PROFILE,local_and_data_gates,PLANNED
229de918df5d0295b1d8,screening_5seed,method_screening,dgraphfin_v2,transaction_classification,historical_inductive_full,future_budget_topk,coregraph_factorised,composite,1,DG_NO_TARGET,single_t4,T4_16GB,TBD_PROFILE,local_and_data_gates,PLANNED
6e52b5f4cdb5f5b425fd,screening_5seed,method_screening,dgraphfin_v2,transaction_classification,historical_inductive_full,future_budget_topk,coregraph_factorised,composite,2,DG_NO_TARGET,single_t4,T4_16GB,TBD_PROFILE,local_and_data_gates,PLANNED
3540f0c8756b939ea6c2,screening_5seed,method_screening,dgraphfin_v2,transaction_classification,historical_inductive_full,future_budget_topk,coregraph_factorised,composite,3,DG_NO_TARGET,single_t4,T4_16GB,TBD_PROFILE,local_and_data_gates,PLANNED
deebfe75959ecea2949d,screening_5seed,method_screening,dgraphfin_v2,transaction_classification,historical_inductive_full,future_budget_topk,coregraph_factorised,composite,4,DG_NO_TARGET,single_t4,T4_16GB,TBD_PROFILE,local_and_data_gates,PLANNED
bfb31de84c44c315f501,screening_5seed,method_screening,dgraphfin_v2,transaction_classification,historical_inductive_full,future_budget_topk,coregraph_factorised_diagnostics,composite,0,DG_NO_TARGET,single_t4,T4_16GB,TBD_PROFILE,local_and_data_gates,PLANNED
301d3e62ceae716a0cb5,screening_5seed,method_screening,dgraphfin_v2,transaction_classification,historical_inductive_full,future_budget_topk,coregraph_factorised_diagnostics,composite,1,DG_NO_TARGET,single_t4,T4_16GB,TBD_PROFILE,local_and_data_gates,PLANNED
80b1bd8b8cf875eedfc8,screening_5seed,method_screening,dgraphfin_v2,transaction_classification,historical_inductive_full,future_budget_topk,coregraph_factorised_diagnostics,composite,2,DG_NO_TARGET,single_t4,T4_16GB,TBD_PROFILE,local_and_data_gates,PLANNED
a54a687c981dc9da4883,screening_5seed,method_screening,dgraphfin_v2,transaction_classification,historical_inductive_full,future_budget_topk,coregraph_factorised_diagnostics,composite,3,DG_NO_TARGET,single_t4,T4_16GB,TBD_PROFILE,local_and_data_gates,PLANNED
e6cb643a662436cda582,screening_5seed,method_screening,dgraphfin_v2,transaction_classification,historical_inductive_full,future_budget_topk,coregraph_factorised_diagnostics,composite,4,DG_NO_TARGET,single_t4,T4_16GB,TBD_PROFILE,local_and_data_gates,PLANNED
a62cf3ea9051d392b187,screening_5seed,method_screening,dgraphfin_v2,transaction_classification,historical_transductive_full,future_resource_limited,best_single_feasible,composite,0,DG_NO_TARGET,single_t4,T4_16GB,TBD_PROFILE,local_and_data_gates,PLANNED
b45b463d0488e396ae75,screening_5seed,method_screening,dgraphfin_v2,transaction_classification,historical_transductive_full,future_resource_limited,best_single_feasible,composite,1,DG_NO_TARGET,single_t4,T4_16GB,TBD_PROFILE,local_and_data_gates,PLANNED
d81359b17c69757c4c22,screening_5seed,method_screening,dgraphfin_v2,transaction_classification,historical_transductive_full,future_resource_limited,best_single_feasible,composite,2,DG_NO_TARGET,single_t4,T4_16GB,TBD_PROFILE,local_and_data_gates,PLANNED
020e4a3f0b1154d2f7da,screening_5seed,method_screening,dgraphfin_v2,transaction_classification,historical_transductive_full,future_resource_limited,best_single_feasible,composite,3,DG_NO_TARGET,single_t4,T4_16GB,TBD_PROFILE,local_and_data_gates,PLANNED
998e415531e80877c4cc,screening_5seed,method_screening,dgraphfin_v2,transaction_classification,historical_transductive_full,future_resource_limited,best_single_feasible,composite,4,DG_NO_TARGET,single_t4,T4_16GB,TBD_PROFILE,local_and_data_gates,PLANNED
ac80a69035eff30b2d84,screening_5seed,method_screening,dgraphfin_v2,transaction_classification,historical_transductive_full,future_resource_limited,equal_mixture,composite,0,DG_NO_TARGET,single_t4,T4_16GB,TBD_PROFILE,local_and_data_gates,PLANNED
2ecb3e5d5d5d19f9b769,screening_5seed,method_screening,dgraphfin_v2,transaction_classification,historical_transductive_full,future_resource_limited,equal_mixture,composite,1,DG_NO_TARGET,single_t4,T4_16GB,TBD_PROFILE,local_and_data_gates,PLANNED
cf08f86368a37e9e8eea,screening_5seed,method_screening,dgraphfin_v2,transaction_classification,historical_transductive_full,future_resource_limited,equal_mixture,composite,2,DG_NO_TARGET,single_t4,T4_16GB,TBD_PROFILE,local_and_data_gates,PLANNED
70ddcad0e6af2e07224e,screening_5seed,method_screening,dgraphfin_v2,transaction_classification,historical_transductive_full,future_resource_limited,equal_mixture,composite,3,DG_NO_TARGET,single_t4,T4_16GB,TBD_PROFILE,local_and_data_gates,PLANNED
0abe47c8a887f5917bee,screening_5seed,method_screening,dgraphfin_v2,transaction_classification,historical_transductive_full,future_resource_limited,equal_mixture,composite,4,DG_NO_TARGET,single_t4,T4_16GB,TBD_PROFILE,local_and_data_gates,PLANNED
c39187c523da7f0d5271,screening_5seed,method_screening,dgraphfin_v2,transaction_classification,historical_transductive_full,future_resource_limited,graphsafe_feature,composite,0,DG_NO_TARGET,single_t4,T4_16GB,TBD_PROFILE,local_and_data_gates,PLANNED
328cdc375be87d0f4e44,screening_5seed,method_screening,dgraphfin_v2,transaction_classification,historical_transductive_full,future_resource_limited,graphsafe_feature,composite,1,DG_NO_TARGET,single_t4,T4_16GB,TBD_PROFILE,local_and_data_gates,PLANNED
b7380090d38e0079facf,screening_5seed,method_screening,dgraphfin_v2,transaction_classification,historical_transductive_full,future_resource_limited,graphsafe_feature,composite,2,DG_NO_TARGET,single_t4,T4_16GB,TBD_PROFILE,local_and_data_gates,PLANNED
635c9fff9d2d68593f5f,screening_5seed,method_screening,dgraphfin_v2,transaction_classification,historical_transductive_full,future_resource_limited,graphsafe_feature,composite,3,DG_NO_TARGET,single_t4,T4_16GB,TBD_PROFILE,local_and_data_gates,PLANNED
bb436dad81dc2db238fa,screening_5seed,method_screening,dgraphfin_v2,transaction_classification,historical_transductive_full,future_resource_limited,graphsafe_feature,composite,4,DG_NO_TARGET,single_t4,T4_16GB,TBD_PROFILE,local_and_data_gates,PLANNED
90390b05aa01ab4075c3,screening_5seed,method_screening,dgraphfin_v2,transaction_classification,historical_transductive_full,future_resource_limited,fraudshift_current_gate,composite,0,DG_NO_TARGET,single_t4,T4_16GB,TBD_PROFILE,local_and_data_gates,PLANNED
44e0295f4ba574eaa099,screening_5seed,method_screening,dgraphfin_v2,transaction_classification,historical_transductive_full,future_resource_limited,fraudshift_current_gate,composite,1,DG_NO_TARGET,single_t4,T4_16GB,TBD_PROFILE,local_and_data_gates,PLANNED
ecad5d762245d8c172f4,screening_5seed,method_screening,dgraphfin_v2,transaction_classification,historical_transductive_full,future_resource_limited,fraudshift_current_gate,composite,2,DG_NO_TARGET,single_t4,T4_16GB,TBD_PROFILE,local_and_data_gates,PLANNED
8baa4bb535b2db6668a6,screening_5seed,method_screening,dgraphfin_v2,transaction_classification,historical_transductive_full,future_resource_limited,fraudshift_current_gate,composite,3,DG_NO_TARGET,single_t4,T4_16GB,TBD_PROFILE,local_and_data_gates,PLANNED
48630b3988fbe5c96982,screening_5seed,method_screening,dgraphfin_v2,transaction_classification,historical_transductive_full,future_resource_limited,fraudshift_current_gate,composite,4,DG_NO_TARGET,single_t4,T4_16GB,TBD_PROFILE,local_and_data_gates,PLANNED
a0678bbbf3e655b0ab38,screening_5seed,method_screening,dgraphfin_v2,transaction_classification,historical_transductive_full,future_resource_limited,coregraph_atomic,composite,0,DG_NO_TARGET,single_t4,T4_16GB,TBD_PROFILE,local_and_data_gates,PLANNED
3cdfb5e345a2f1a849bc,screening_5seed,method_screening,dgraphfin_v2,transaction_classification,historical_transductive_full,future_resource_limited,coregraph_atomic,composite,1,DG_NO_TARGET,single_t4,T4_16GB,TBD_PROFILE,local_and_data_gates,PLANNED
8ec9e6afd2945a8f50dc,screening_5seed,method_screening,dgraphfin_v2,transaction_classification,historical_transductive_full,future_resource_limited,coregraph_atomic,composite,2,DG_NO_TARGET,single_t4,T4_16GB,TBD_PROFILE,local_and_data_gates,PLANNED
7ec5d7cbf8be31523e7c,screening_5seed,method_screening,dgraphfin_v2,transaction_classification,historical_transductive_full,future_resource_limited,coregraph_atomic,composite,3,DG_NO_TARGET,single_t4,T4_16GB,TBD_PROFILE,local_and_data_gates,PLANNED
4994d542ea827144630c,screening_5seed,method_screening,dgraphfin_v2,transaction_classification,historical_transductive_full,future_resource_limited,coregraph_atomic,composite,4,DG_NO_TARGET,single_t4,T4_16GB,TBD_PROFILE,local_and_data_gates,PLANNED
5ce926c304080149225a,screening_5seed,method_screening,dgraphfin_v2,transaction_classification,historical_transductive_full,future_resource_limited,coregraph_no_contract,composite,0,DG_NO_TARGET,single_t4,T4_16GB,TBD_PROFILE,local_and_data_gates,PLANNED
ed6e13726ce129a82ebb,screening_5seed,method_screening,dgraphfin_v2,transaction_classification,historical_transductive_full,future_resource_limited,coregraph_no_contract,composite,1,DG_NO_TARGET,single_t4,T4_16GB,TBD_PROFILE,local_and_data_gates,PLANNED
68bcbaacfc321c15a497,screening_5seed,method_screening,dgraphfin_v2,transaction_classification,historical_transductive_full,future_resource_limited,coregraph_no_contract,composite,2,DG_NO_TARGET,single_t4,T4_16GB,TBD_PROFILE,local_and_data_gates,PLANNED
659e5c29401b555c5951,screening_5seed,method_screening,dgraphfin_v2,transaction_classification,historical_transductive_full,future_resource_limited,coregraph_no_contract,composite,3,DG_NO_TARGET,single_t4,T4_16GB,TBD_PROFILE,local_and_data_gates,PLANNED
1229a35ac5c5e2a6f45d,screening_5seed,method_screening,dgraphfin_v2,transaction_classification,historical_transductive_full,future_resource_limited,coregraph_no_contract,composite,4,DG_NO_TARGET,single_t4,T4_16GB,TBD_PROFILE,local_and_data_gates,PLANNED
cdcf2ccdb4fab037370a,screening_5seed,method_screening,dgraphfin_v2,transaction_classification,historical_transductive_full,future_resource_limited,coregraph_factorised,composite,0,DG_NO_TARGET,single_t4,T4_16GB,TBD_PROFILE,local_and_data_gates,PLANNED
13d7e54753a1400b3831,screening_5seed,method_screening,dgraphfin_v2,transaction_classification,historical_transductive_full,future_resource_limited,coregraph_factorised,composite,1,DG_NO_TARGET,single_t4,T4_16GB,TBD_PROFILE,local_and_data_gates,PLANNED
21a1e13cc31059a8707d,screening_5seed,method_screening,dgraphfin_v2,transaction_classification,historical_transductive_full,future_resource_limited,coregraph_factorised,composite,2,DG_NO_TARGET,single_t4,T4_16GB,TBD_PROFILE,local_and_data_gates,PLANNED
74adf36e655af2f0a94b,screening_5seed,method_screening,dgraphfin_v2,transaction_classification,historical_transductive_full,future_resource_limited,coregraph_factorised,composite,3,DG_NO_TARGET,single_t4,T4_16GB,TBD_PROFILE,local_and_data_gates,PLANNED
4ae9fa92fd827e6025b0,screening_5seed,method_screening,dgraphfin_v2,transaction_classification,historical_transductive_full,future_resource_limited,coregraph_factorised,composite,4,DG_NO_TARGET,single_t4,T4_16GB,TBD_PROFILE,local_and_data_gates,PLANNED
e3b1dd2bec1dac5264d5,screening_5seed,method_screening,dgraphfin_v2,transaction_classification,historical_transductive_full,future_resource_limited,coregraph_factorised_diagnostics,composite,0,DG_NO_TARGET,single_t4,T4_16GB,TBD_PROFILE,local_and_data_gates,PLANNED
0c7aa8df1ae35718e82a,screening_5seed,method_screening,dgraphfin_v2,transaction_classification,historical_transductive_full,future_resource_limited,coregraph_factorised_diagnostics,composite,1,DG_NO_TARGET,single_t4,T4_16GB,TBD_PROFILE,local_and_data_gates,PLANNED
af4968361de63d79cf0d,screening_5seed,method_screening,dgraphfin_v2,transaction_classification,historical_transductive_full,future_resource_limited,coregraph_factorised_diagnostics,composite,2,DG_NO_TARGET,single_t4,T4_16GB,TBD_PROFILE,local_and_data_gates,PLANNED
2951e5b243ee494b2b64,screening_5seed,method_screening,dgraphfin_v2,transaction_classification,historical_transductive_full,future_resource_limited,coregraph_factorised_diagnostics,composite,3,DG_NO_TARGET,single_t4,T4_16GB,TBD_PROFILE,local_and_data_gates,PLANNED
3a8aa255424e63978f77,screening_5seed,method_screening,dgraphfin_v2,transaction_classification,historical_transductive_full,future_resource_limited,coregraph_factorised_diagnostics,composite,4,DG_NO_TARGET,single_t4,T4_16GB,TBD_PROFILE,local_and_data_gates,PLANNED
a5788a197b94f2a59a7d,screening_5seed,method_screening,tfinance_v2,node_classification,historical_transductive_full,future_inductive_full,best_single_feasible,composite,0,DG_NO_TARGET,single_t4,T4_16GB,TBD_PROFILE,local_and_data_gates,PLANNED
f458d162a5380c609e6b,screening_5seed,method_screening,tfinance_v2,node_classification,historical_transductive_full,future_inductive_full,best_single_feasible,composite,1,DG_NO_TARGET,single_t4,T4_16GB,TBD_PROFILE,local_and_data_gates,PLANNED
f6c77d9f7fde9ce179a2,screening_5seed,method_screening,tfinance_v2,node_classification,historical_transductive_full,future_inductive_full,best_single_feasible,composite,2,DG_NO_TARGET,single_t4,T4_16GB,TBD_PROFILE,local_and_data_gates,PLANNED
da1077ff1b338342d1d6,screening_5seed,method_screening,tfinance_v2,node_classification,historical_transductive_full,future_inductive_full,best_single_feasible,composite,3,DG_NO_TARGET,single_t4,T4_16GB,TBD_PROFILE,local_and_data_gates,PLANNED
0bea6e21cc713ce8f880,screening_5seed,method_screening,tfinance_v2,node_classification,historical_transductive_full,future_inductive_full,best_single_feasible,composite,4,DG_NO_TARGET,single_t4,T4_16GB,TBD_PROFILE,local_and_data_gates,PLANNED
0407cd9a3dd4abdc4b6b,screening_5seed,method_screening,tfinance_v2,node_classification,historical_transductive_full,future_inductive_full,equal_mixture,composite,0,DG_NO_TARGET,single_t4,T4_16GB,TBD_PROFILE,local_and_data_gates,PLANNED
44e073bff0520c1b2e15,screening_5seed,method_screening,tfinance_v2,node_classification,historical_transductive_full,future_inductive_full,equal_mixture,composite,1,DG_NO_TARGET,single_t4,T4_16GB,TBD_PROFILE,local_and_data_gates,PLANNED
2427080f05e3c5279852,screening_5seed,method_screening,tfinance_v2,node_classification,historical_transductive_full,future_inductive_full,equal_mixture,composite,2,DG_NO_TARGET,single_t4,T4_16GB,TBD_PROFILE,local_and_data_gates,PLANNED
7474a2a10db889070cda,screening_5seed,method_screening,tfinance_v2,node_classification,historical_transductive_full,future_inductive_full,equal_mixture,composite,3,DG_NO_TARGET,single_t4,T4_16GB,TBD_PROFILE,local_and_data_gates,PLANNED
0adcb05f713bfb38df90,screening_5seed,method_screening,tfinance_v2,node_classification,historical_transductive_full,future_inductive_full,equal_mixture,composite,4,DG_NO_TARGET,single_t4,T4_16GB,TBD_PROFILE,local_and_data_gates,PLANNED
dfcc1b9232ed9f5b3690,screening_5seed,method_screening,tfinance_v2,node_classification,historical_transductive_full,future_inductive_full,graphsafe_feature,composite,0,DG_NO_TARGET,single_t4,T4_16GB,TBD_PROFILE,local_and_data_gates,PLANNED
f2a74c70b01f65920d78,screening_5seed,method_screening,tfinance_v2,node_classification,historical_transductive_full,future_inductive_full,graphsafe_feature,composite,1,DG_NO_TARGET,single_t4,T4_16GB,TBD_PROFILE,local_and_data_gates,PLANNED
3b6e5a0c6f7496a4c458,screening_5seed,method_screening,tfinance_v2,node_classification,historical_transductive_full,future_inductive_full,graphsafe_feature,composite,2,DG_NO_TARGET,single_t4,T4_16GB,TBD_PROFILE,local_and_data_gates,PLANNED
3e6835cb1ed45db3209f,screening_5seed,method_screening,tfinance_v2,node_classification,historical_transductive_full,future_inductive_full,graphsafe_feature,composite,3,DG_NO_TARGET,single_t4,T4_16GB,TBD_PROFILE,local_and_data_gates,PLANNED
e1594b3259f6c2e78f7d,screening_5seed,method_screening,tfinance_v2,node_classification,historical_transductive_full,future_inductive_full,graphsafe_feature,composite,4,DG_NO_TARGET,single_t4,T4_16GB,TBD_PROFILE,local_and_data_gates,PLANNED
c87eef5f8c2cb3f4edcb,screening_5seed,method_screening,tfinance_v2,node_classification,historical_transductive_full,future_inductive_full,fraudshift_current_gate,composite,0,DG_NO_TARGET,single_t4,T4_16GB,TBD_PROFILE,local_and_data_gates,PLANNED
0363774cbc464a28e14e,screening_5seed,method_screening,tfinance_v2,node_classification,historical_transductive_full,future_inductive_full,fraudshift_current_gate,composite,1,DG_NO_TARGET,single_t4,T4_16GB,TBD_PROFILE,local_and_data_gates,PLANNED
685cc50c499cb98999bf,screening_5seed,method_screening,tfinance_v2,node_classification,historical_transductive_full,future_inductive_full,fraudshift_current_gate,composite,2,DG_NO_TARGET,single_t4,T4_16GB,TBD_PROFILE,local_and_data_gates,PLANNED
ae1850a7e73000380492,screening_5seed,method_screening,tfinance_v2,node_classification,historical_transductive_full,future_inductive_full,fraudshift_current_gate,composite,3,DG_NO_TARGET,single_t4,T4_16GB,TBD_PROFILE,local_and_data_gates,PLANNED
bc735cb94708758a6814,screening_5seed,method_screening,tfinance_v2,node_classification,historical_transductive_full,future_inductive_full,fraudshift_current_gate,composite,4,DG_NO_TARGET,single_t4,T4_16GB,TBD_PROFILE,local_and_data_gates,PLANNED
5f203549aeb0fe46c829,screening_5seed,method_screening,tfinance_v2,node_classification,historical_transductive_full,future_inductive_full,coregraph_atomic,composite,0,DG_NO_TARGET,single_t4,T4_16GB,TBD_PROFILE,local_and_data_gates,PLANNED
3185cce160dbd76e5a92,screening_5seed,method_screening,tfinance_v2,node_classification,historical_transductive_full,future_inductive_full,coregraph_atomic,composite,1,DG_NO_TARGET,single_t4,T4_16GB,TBD_PROFILE,local_and_data_gates,PLANNED
ccd7651869c6aeabf64c,screening_5seed,method_screening,tfinance_v2,node_classification,historical_transductive_full,future_inductive_full,coregraph_atomic,composite,2,DG_NO_TARGET,single_t4,T4_16GB,TBD_PROFILE,local_and_data_gates,PLANNED
ad337ab98e5795142ae2,screening_5seed,method_screening,tfinance_v2,node_classification,historical_transductive_full,future_inductive_full,coregraph_atomic,composite,3,DG_NO_TARGET,single_t4,T4_16GB,TBD_PROFILE,local_and_data_gates,PLANNED
230b35c9cfac6b2a70ef,screening_5seed,method_screening,tfinance_v2,node_classification,historical_transductive_full,future_inductive_full,coregraph_atomic,composite,4,DG_NO_TARGET,single_t4,T4_16GB,TBD_PROFILE,local_and_data_gates,PLANNED
3611090ec866c236db4f,screening_5seed,method_screening,tfinance_v2,node_classification,historical_transductive_full,future_inductive_full,coregraph_no_contract,composite,0,DG_NO_TARGET,single_t4,T4_16GB,TBD_PROFILE,local_and_data_gates,PLANNED
5039151514ed764069b1,screening_5seed,method_screening,tfinance_v2,node_classification,historical_transductive_full,future_inductive_full,coregraph_no_contract,composite,1,DG_NO_TARGET,single_t4,T4_16GB,TBD_PROFILE,local_and_data_gates,PLANNED
856385ae67c4e230f0e2,screening_5seed,method_screening,tfinance_v2,node_classification,historical_transductive_full,future_inductive_full,coregraph_no_contract,composite,2,DG_NO_TARGET,single_t4,T4_16GB,TBD_PROFILE,local_and_data_gates,PLANNED
9e29bc758287cf202916,screening_5seed,method_screening,tfinance_v2,node_classification,historical_transductive_full,future_inductive_full,coregraph_no_contract,composite,3,DG_NO_TARGET,single_t4,T4_16GB,TBD_PROFILE,local_and_data_gates,PLANNED
b0e91b7c4d1e6124e488,screening_5seed,method_screening,tfinance_v2,node_classification,historical_transductive_full,future_inductive_full,coregraph_no_contract,composite,4,DG_NO_TARGET,single_t4,T4_16GB,TBD_PROFILE,local_and_data_gates,PLANNED
9ef71eebfdc1c53f5fcf,screening_5seed,method_screening,tfinance_v2,node_classification,historical_transductive_full,future_inductive_full,coregraph_factorised,composite,0,DG_NO_TARGET,single_t4,T4_16GB,TBD_PROFILE,local_and_data_gates,PLANNED
629e0159a208a9131c52,screening_5seed,method_screening,tfinance_v2,node_classification,historical_transductive_full,future_inductive_full,coregraph_factorised,composite,1,DG_NO_TARGET,single_t4,T4_16GB,TBD_PROFILE,local_and_data_gates,PLANNED
099c6ca9c2a77b51daf6,screening_5seed,method_screening,tfinance_v2,node_classification,historical_transductive_full,future_inductive_full,coregraph_factorised,composite,2,DG_NO_TARGET,single_t4,T4_16GB,TBD_PROFILE,local_and_data_gates,PLANNED
9eb20a9906a53713f4df,screening_5seed,method_screening,tfinance_v2,node_classification,historical_transductive_full,future_inductive_full,coregraph_factorised,composite,3,DG_NO_TARGET,single_t4,T4_16GB,TBD_PROFILE,local_and_data_gates,PLANNED
75feafeecf6ec59298b8,screening_5seed,method_screening,tfinance_v2,node_classification,historical_transductive_full,future_inductive_full,coregraph_factorised,composite,4,DG_NO_TARGET,single_t4,T4_16GB,TBD_PROFILE,local_and_data_gates,PLANNED
98dc6415a661ad25be6d,screening_5seed,method_screening,tfinance_v2,node_classification,historical_transductive_full,future_inductive_full,coregraph_factorised_diagnostics,composite,0,DG_NO_TARGET,single_t4,T4_16GB,TBD_PROFILE,local_and_data_gates,PLANNED
ccfa0b5fc702c54d6de0,screening_5seed,method_screening,tfinance_v2,node_classification,historical_transductive_full,future_inductive_full,coregraph_factorised_diagnostics,composite,1,DG_NO_TARGET,single_t4,T4_16GB,TBD_PROFILE,local_and_data_gates,PLANNED
f45f408ea7d008463a6f,screening_5seed,method_screening,tfinance_v2,node_classification,historical_transductive_full,future_inductive_full,coregraph_factorised_diagnostics,composite,2,DG_NO_TARGET,single_t4,T4_16GB,TBD_PROFILE,local_and_data_gates,PLANNED
a9ae098f743fc96c746b,screening_5seed,method_screening,tfinance_v2,node_classification,historical_transductive_full,future_inductive_full,coregraph_factorised_diagnostics,composite,3,DG_NO_TARGET,single_t4,T4_16GB,TBD_PROFILE,local_and_data_gates,PLANNED
2eab30674930ebe69b4d,screening_5seed,method_screening,tfinance_v2,node_classification,historical_transductive_full,future_inductive_full,coregraph_factorised_diagnostics,composite,4,DG_NO_TARGET,single_t4,T4_16GB,TBD_PROFILE,local_and_data_gates,PLANNED
7b1246758d4c39c0131c,screening_5seed,method_screening,tfinance_v2,node_classification,historical_transductive_full,future_inductive_recent,best_single_feasible,composite,0,DG_NO_TARGET,single_t4,T4_16GB,TBD_PROFILE,local_and_data_gates,PLANNED
70d53c13b7ae3e99c44e,screening_5seed,method_screening,tfinance_v2,node_classification,historical_transductive_full,future_inductive_recent,best_single_feasible,composite,1,DG_NO_TARGET,single_t4,T4_16GB,TBD_PROFILE,local_and_data_gates,PLANNED
f3f74bffb20815548aaa,screening_5seed,method_screening,tfinance_v2,node_classification,historical_transductive_full,future_inductive_recent,best_single_feasible,composite,2,DG_NO_TARGET,single_t4,T4_16GB,TBD_PROFILE,local_and_data_gates,PLANNED
6144a882b010afb189e3,screening_5seed,method_screening,tfinance_v2,node_classification,historical_transductive_full,future_inductive_recent,best_single_feasible,composite,3,DG_NO_TARGET,single_t4,T4_16GB,TBD_PROFILE,local_and_data_gates,PLANNED
f31de796e9a3babe80cd,screening_5seed,method_screening,tfinance_v2,node_classification,historical_transductive_full,future_inductive_recent,best_single_feasible,composite,4,DG_NO_TARGET,single_t4,T4_16GB,TBD_PROFILE,local_and_data_gates,PLANNED
9b3c630442b8eb554055,screening_5seed,method_screening,tfinance_v2,node_classification,historical_transductive_full,future_inductive_recent,equal_mixture,composite,0,DG_NO_TARGET,single_t4,T4_16GB,TBD_PROFILE,local_and_data_gates,PLANNED
2f75de1cefe3fc27bb4d,screening_5seed,method_screening,tfinance_v2,node_classification,historical_transductive_full,future_inductive_recent,equal_mixture,composite,1,DG_NO_TARGET,single_t4,T4_16GB,TBD_PROFILE,local_and_data_gates,PLANNED
6e1a6652a653bead61d5,screening_5seed,method_screening,tfinance_v2,node_classification,historical_transductive_full,future_inductive_recent,equal_mixture,composite,2,DG_NO_TARGET,single_t4,T4_16GB,TBD_PROFILE,local_and_data_gates,PLANNED
86a27d94dbeaf76ec151,screening_5seed,method_screening,tfinance_v2,node_classification,historical_transductive_full,future_inductive_recent,equal_mixture,composite,3,DG_NO_TARGET,single_t4,T4_16GB,TBD_PROFILE,local_and_data_gates,PLANNED
1c110682e7bf3111b56d,screening_5seed,method_screening,tfinance_v2,node_classification,historical_transductive_full,future_inductive_recent,equal_mixture,composite,4,DG_NO_TARGET,single_t4,T4_16GB,TBD_PROFILE,local_and_data_gates,PLANNED
61d7ef3f62ec6265162c,screening_5seed,method_screening,tfinance_v2,node_classification,historical_transductive_full,future_inductive_recent,graphsafe_feature,composite,0,DG_NO_TARGET,single_t4,T4_16GB,TBD_PROFILE,local_and_data_gates,PLANNED
a6857d540a6186b6d809,screening_5seed,method_screening,tfinance_v2,node_classification,historical_transductive_full,future_inductive_recent,graphsafe_feature,composite,1,DG_NO_TARGET,single_t4,T4_16GB,TBD_PROFILE,local_and_data_gates,PLANNED
6c034f94544281902e92,screening_5seed,method_screening,tfinance_v2,node_classification,historical_transductive_full,future_inductive_recent,graphsafe_feature,composite,2,DG_NO_TARGET,single_t4,T4_16GB,TBD_PROFILE,local_and_data_gates,PLANNED
cd8b7135e80aaee3cdef,screening_5seed,method_screening,tfinance_v2,node_classification,historical_transductive_full,future_inductive_recent,graphsafe_feature,composite,3,DG_NO_TARGET,single_t4,T4_16GB,TBD_PROFILE,local_and_data_gates,PLANNED
1cfe7cbb4d60f117b6fc,screening_5seed,method_screening,tfinance_v2,node_classification,historical_transductive_full,future_inductive_recent,graphsafe_feature,composite,4,DG_NO_TARGET,single_t4,T4_16GB,TBD_PROFILE,local_and_data_gates,PLANNED
dacdcb339137a9520eac,screening_5seed,method_screening,tfinance_v2,node_classification,historical_transductive_full,future_inductive_recent,fraudshift_current_gate,composite,0,DG_NO_TARGET,single_t4,T4_16GB,TBD_PROFILE,local_and_data_gates,PLANNED
b47900fc6e94c48a0147,screening_5seed,method_screening,tfinance_v2,node_classification,historical_transductive_full,future_inductive_recent,fraudshift_current_gate,composite,1,DG_NO_TARGET,single_t4,T4_16GB,TBD_PROFILE,local_and_data_gates,PLANNED
dc121284313039861e56,screening_5seed,method_screening,tfinance_v2,node_classification,historical_transductive_full,future_inductive_recent,fraudshift_current_gate,composite,2,DG_NO_TARGET,single_t4,T4_16GB,TBD_PROFILE,local_and_data_gates,PLANNED
451be8dd80ad80bc5dd9,screening_5seed,method_screening,tfinance_v2,node_classification,historical_transductive_full,future_inductive_recent,fraudshift_current_gate,composite,3,DG_NO_TARGET,single_t4,T4_16GB,TBD_PROFILE,local_and_data_gates,PLANNED
8fb1b38e61b1835b8e1b,screening_5seed,method_screening,tfinance_v2,node_classification,historical_transductive_full,future_inductive_recent,fraudshift_current_gate,composite,4,DG_NO_TARGET,single_t4,T4_16GB,TBD_PROFILE,local_and_data_gates,PLANNED
170462b38f5ec450fb49,screening_5seed,method_screening,tfinance_v2,node_classification,historical_transductive_full,future_inductive_recent,coregraph_atomic,composite,0,DG_NO_TARGET,single_t4,T4_16GB,TBD_PROFILE,local_and_data_gates,PLANNED
f9c3a503b62aef08626b,screening_5seed,method_screening,tfinance_v2,node_classification,historical_transductive_full,future_inductive_recent,coregraph_atomic,composite,1,DG_NO_TARGET,single_t4,T4_16GB,TBD_PROFILE,local_and_data_gates,PLANNED
616bacf422fbbac3916e,screening_5seed,method_screening,tfinance_v2,node_classification,historical_transductive_full,future_inductive_recent,coregraph_atomic,composite,2,DG_NO_TARGET,single_t4,T4_16GB,TBD_PROFILE,local_and_data_gates,PLANNED
2fceed8ff645719b7d48,screening_5seed,method_screening,tfinance_v2,node_classification,historical_transductive_full,future_inductive_recent,coregraph_atomic,composite,3,DG_NO_TARGET,single_t4,T4_16GB,TBD_PROFILE,local_and_data_gates,PLANNED
d097278178b046db6bbb,screening_5seed,method_screening,tfinance_v2,node_classification,historical_transductive_full,future_inductive_recent,coregraph_atomic,composite,4,DG_NO_TARGET,single_t4,T4_16GB,TBD_PROFILE,local_and_data_gates,PLANNED
2db3312c19e2aca2b0a3,screening_5seed,method_screening,tfinance_v2,node_classification,historical_transductive_full,future_inductive_recent,coregraph_no_contract,composite,0,DG_NO_TARGET,single_t4,T4_16GB,TBD_PROFILE,local_and_data_gates,PLANNED
3239cca208825e039d24,screening_5seed,method_screening,tfinance_v2,node_classification,historical_transductive_full,future_inductive_recent,coregraph_no_contract,composite,1,DG_NO_TARGET,single_t4,T4_16GB,TBD_PROFILE,local_and_data_gates,PLANNED
8cff98ccdddc226de71d,screening_5seed,method_screening,tfinance_v2,node_classification,historical_transductive_full,future_inductive_recent,coregraph_no_contract,composite,2,DG_NO_TARGET,single_t4,T4_16GB,TBD_PROFILE,local_and_data_gates,PLANNED
38b23636f4a2e265a55b,screening_5seed,method_screening,tfinance_v2,node_classification,historical_transductive_full,future_inductive_recent,coregraph_no_contract,composite,3,DG_NO_TARGET,single_t4,T4_16GB,TBD_PROFILE,local_and_data_gates,PLANNED
05497bb03b643b1ae036,screening_5seed,method_screening,tfinance_v2,node_classification,historical_transductive_full,future_inductive_recent,coregraph_no_contract,composite,4,DG_NO_TARGET,single_t4,T4_16GB,TBD_PROFILE,local_and_data_gates,PLANNED
f2dd358b04f72d353f73,screening_5seed,method_screening,tfinance_v2,node_classification,historical_transductive_full,future_inductive_recent,coregraph_factorised,composite,0,DG_NO_TARGET,single_t4,T4_16GB,TBD_PROFILE,local_and_data_gates,PLANNED
8a5e8b3341022cf5ed08,screening_5seed,method_screening,tfinance_v2,node_classification,historical_transductive_full,future_inductive_recent,coregraph_factorised,composite,1,DG_NO_TARGET,single_t4,T4_16GB,TBD_PROFILE,local_and_data_gates,PLANNED
ce81f630721bd3d5fb5a,screening_5seed,method_screening,tfinance_v2,node_classification,historical_transductive_full,future_inductive_recent,coregraph_factorised,composite,2,DG_NO_TARGET,single_t4,T4_16GB,TBD_PROFILE,local_and_data_gates,PLANNED
4a9badb6a2bc19301263,screening_5seed,method_screening,tfinance_v2,node_classification,historical_transductive_full,future_inductive_recent,coregraph_factorised,composite,3,DG_NO_TARGET,single_t4,T4_16GB,TBD_PROFILE,local_and_data_gates,PLANNED
ef649ae797fc60e43d48,screening_5seed,method_screening,tfinance_v2,node_classification,historical_transductive_full,future_inductive_recent,coregraph_factorised,composite,4,DG_NO_TARGET,single_t4,T4_16GB,TBD_PROFILE,local_and_data_gates,PLANNED
8ed367c4614290a11b87,screening_5seed,method_screening,tfinance_v2,node_classification,historical_transductive_full,future_inductive_recent,coregraph_factorised_diagnostics,composite,0,DG_NO_TARGET,single_t4,T4_16GB,TBD_PROFILE,local_and_data_gates,PLANNED
74f8617c69609a982891,screening_5seed,method_screening,tfinance_v2,node_classification,historical_transductive_full,future_inductive_recent,coregraph_factorised_diagnostics,composite,1,DG_NO_TARGET,single_t4,T4_16GB,TBD_PROFILE,local_and_data_gates,PLANNED
74b77777cc6bed5c5442,screening_5seed,method_screening,tfinance_v2,node_classification,historical_transductive_full,future_inductive_recent,coregraph_factorised_diagnostics,composite,2,DG_NO_TARGET,single_t4,T4_16GB,TBD_PROFILE,local_and_data_gates,PLANNED
8818d9b8fd9bc643c83d,screening_5seed,method_screening,tfinance_v2,node_classification,historical_transductive_full,future_inductive_recent,coregraph_factorised_diagnostics,composite,3,DG_NO_TARGET,single_t4,T4_16GB,TBD_PROFILE,local_and_data_gates,PLANNED
4efb1a82fbbee157fb36,screening_5seed,method_screening,tfinance_v2,node_classification,historical_transductive_full,future_inductive_recent,coregraph_factorised_diagnostics,composite,4,DG_NO_TARGET,single_t4,T4_16GB,TBD_PROFILE,local_and_data_gates,PLANNED
10b8dbb8719dac597708,screening_5seed,method_screening,tfinance_v2,node_classification,historical_inductive_full,future_missing_graph,best_single_feasible,composite,0,DG_NO_TARGET,single_t4,T4_16GB,TBD_PROFILE,local_and_data_gates,PLANNED
2e9fb80767ffbba4e1ef,screening_5seed,method_screening,tfinance_v2,node_classification,historical_inductive_full,future_missing_graph,best_single_feasible,composite,1,DG_NO_TARGET,single_t4,T4_16GB,TBD_PROFILE,local_and_data_gates,PLANNED
e2e5b0f569a77de7676d,screening_5seed,method_screening,tfinance_v2,node_classification,historical_inductive_full,future_missing_graph,best_single_feasible,composite,2,DG_NO_TARGET,single_t4,T4_16GB,TBD_PROFILE,local_and_data_gates,PLANNED
64353d8814854059a62c,screening_5seed,method_screening,tfinance_v2,node_classification,historical_inductive_full,future_missing_graph,best_single_feasible,composite,3,DG_NO_TARGET,single_t4,T4_16GB,TBD_PROFILE,local_and_data_gates,PLANNED
9a2210d57d4051eec82d,screening_5seed,method_screening,tfinance_v2,node_classification,historical_inductive_full,future_missing_graph,best_single_feasible,composite,4,DG_NO_TARGET,single_t4,T4_16GB,TBD_PROFILE,local_and_data_gates,PLANNED
5dd6b2aa310a0570c22a,screening_5seed,method_screening,tfinance_v2,node_classification,historical_inductive_full,future_missing_graph,equal_mixture,composite,0,DG_NO_TARGET,single_t4,T4_16GB,TBD_PROFILE,local_and_data_gates,PLANNED
9d2fed2a40e814b15849,screening_5seed,method_screening,tfinance_v2,node_classification,historical_inductive_full,future_missing_graph,equal_mixture,composite,1,DG_NO_TARGET,single_t4,T4_16GB,TBD_PROFILE,local_and_data_gates,PLANNED
c7bd3e19444a2fe43a0c,screening_5seed,method_screening,tfinance_v2,node_classification,historical_inductive_full,future_missing_graph,equal_mixture,composite,2,DG_NO_TARGET,single_t4,T4_16GB,TBD_PROFILE,local_and_data_gates,PLANNED
12485291899261f1b685,screening_5seed,method_screening,tfinance_v2,node_classification,historical_inductive_full,future_missing_graph,equal_mixture,composite,3,DG_NO_TARGET,single_t4,T4_16GB,TBD_PROFILE,local_and_data_gates,PLANNED
a0bdfd1e1e2078870041,screening_5seed,method_screening,tfinance_v2,node_classification,historical_inductive_full,future_missing_graph,equal_mixture,composite,4,DG_NO_TARGET,single_t4,T4_16GB,TBD_PROFILE,local_and_data_gates,PLANNED
dab67b744c2ead875c44,screening_5seed,method_screening,tfinance_v2,node_classification,historical_inductive_full,future_missing_graph,graphsafe_feature,composite,0,DG_NO_TARGET,single_t4,T4_16GB,TBD_PROFILE,local_and_data_gates,PLANNED
6283af4b371a9760cae9,screening_5seed,method_screening,tfinance_v2,node_classification,historical_inductive_full,future_missing_graph,graphsafe_feature,composite,1,DG_NO_TARGET,single_t4,T4_16GB,TBD_PROFILE,local_and_data_gates,PLANNED
2a7c72f9bb13be805b1a,screening_5seed,method_screening,tfinance_v2,node_classification,historical_inductive_full,future_missing_graph,graphsafe_feature,composite,2,DG_NO_TARGET,single_t4,T4_16GB,TBD_PROFILE,local_and_data_gates,PLANNED
3128ec17eed49fcdcf54,screening_5seed,method_screening,tfinance_v2,node_classification,historical_inductive_full,future_missing_graph,graphsafe_feature,composite,3,DG_NO_TARGET,single_t4,T4_16GB,TBD_PROFILE,local_and_data_gates,PLANNED
534eea32ac3df18ff2f7,screening_5seed,method_screening,tfinance_v2,node_classification,historical_inductive_full,future_missing_graph,graphsafe_feature,composite,4,DG_NO_TARGET,single_t4,T4_16GB,TBD_PROFILE,local_and_data_gates,PLANNED
57fbce77f05ab3df173c,screening_5seed,method_screening,tfinance_v2,node_classification,historical_inductive_full,future_missing_graph,fraudshift_current_gate,composite,0,DG_NO_TARGET,single_t4,T4_16GB,TBD_PROFILE,local_and_data_gates,PLANNED
f6e79e5727ee1bd8fcad,screening_5seed,method_screening,tfinance_v2,node_classification,historical_inductive_full,future_missing_graph,fraudshift_current_gate,composite,1,DG_NO_TARGET,single_t4,T4_16GB,TBD_PROFILE,local_and_data_gates,PLANNED
9d7eae183b053a96682b,screening_5seed,method_screening,tfinance_v2,node_classification,historical_inductive_full,future_missing_graph,fraudshift_current_gate,composite,2,DG_NO_TARGET,single_t4,T4_16GB,TBD_PROFILE,local_and_data_gates,PLANNED
e4f98dd1fcec124cb212,screening_5seed,method_screening,tfinance_v2,node_classification,historical_inductive_full,future_missing_graph,fraudshift_current_gate,composite,3,DG_NO_TARGET,single_t4,T4_16GB,TBD_PROFILE,local_and_data_gates,PLANNED
13f276872af21f72ab78,screening_5seed,method_screening,tfinance_v2,node_classification,historical_inductive_full,future_missing_graph,fraudshift_current_gate,composite,4,DG_NO_TARGET,single_t4,T4_16GB,TBD_PROFILE,local_and_data_gates,PLANNED
d303b3c546b4ef86f9ce,screening_5seed,method_screening,tfinance_v2,node_classification,historical_inductive_full,future_missing_graph,coregraph_atomic,composite,0,DG_NO_TARGET,single_t4,T4_16GB,TBD_PROFILE,local_and_data_gates,PLANNED
a02bdfa93468a015c4af,screening_5seed,method_screening,tfinance_v2,node_classification,historical_inductive_full,future_missing_graph,coregraph_atomic,composite,1,DG_NO_TARGET,single_t4,T4_16GB,TBD_PROFILE,local_and_data_gates,PLANNED
06b0a93f658316a23cdd,screening_5seed,method_screening,tfinance_v2,node_classification,historical_inductive_full,future_missing_graph,coregraph_atomic,composite,2,DG_NO_TARGET,single_t4,T4_16GB,TBD_PROFILE,local_and_data_gates,PLANNED
744b2f14d2a15139aad9,screening_5seed,method_screening,tfinance_v2,node_classification,historical_inductive_full,future_missing_graph,coregraph_atomic,composite,3,DG_NO_TARGET,single_t4,T4_16GB,TBD_PROFILE,local_and_data_gates,PLANNED
3a29d2313e6fa4802cb1,screening_5seed,method_screening,tfinance_v2,node_classification,historical_inductive_full,future_missing_graph,coregraph_atomic,composite,4,DG_NO_TARGET,single_t4,T4_16GB,TBD_PROFILE,local_and_data_gates,PLANNED
2cf81e7cc497dc2c50bc,screening_5seed,method_screening,tfinance_v2,node_classification,historical_inductive_full,future_missing_graph,coregraph_no_contract,composite,0,DG_NO_TARGET,single_t4,T4_16GB,TBD_PROFILE,local_and_data_gates,PLANNED
7f6032ec05e22b8879c4,screening_5seed,method_screening,tfinance_v2,node_classification,historical_inductive_full,future_missing_graph,coregraph_no_contract,composite,1,DG_NO_TARGET,single_t4,T4_16GB,TBD_PROFILE,local_and_data_gates,PLANNED
f4211b207d8b0f8c4725,screening_5seed,method_screening,tfinance_v2,node_classification,historical_inductive_full,future_missing_graph,coregraph_no_contract,composite,2,DG_NO_TARGET,single_t4,T4_16GB,TBD_PROFILE,local_and_data_gates,PLANNED
d3bc7cb115db6f6fbc33,screening_5seed,method_screening,tfinance_v2,node_classification,historical_inductive_full,future_missing_graph,coregraph_no_contract,composite,3,DG_NO_TARGET,single_t4,T4_16GB,TBD_PROFILE,local_and_data_gates,PLANNED
3c8b06c700cfa2be83ee,screening_5seed,method_screening,tfinance_v2,node_classification,historical_inductive_full,future_missing_graph,coregraph_no_contract,composite,4,DG_NO_TARGET,single_t4,T4_16GB,TBD_PROFILE,local_and_data_gates,PLANNED
f18742329b59f527b995,screening_5seed,method_screening,tfinance_v2,node_classification,historical_inductive_full,future_missing_graph,coregraph_factorised,composite,0,DG_NO_TARGET,single_t4,T4_16GB,TBD_PROFILE,local_and_data_gates,PLANNED
ee7cef69ab8b840e2e07,screening_5seed,method_screening,tfinance_v2,node_classification,historical_inductive_full,future_missing_graph,coregraph_factorised,composite,1,DG_NO_TARGET,single_t4,T4_16GB,TBD_PROFILE,local_and_data_gates,PLANNED
35579f1131302722889c,screening_5seed,method_screening,tfinance_v2,node_classification,historical_inductive_full,future_missing_graph,coregraph_factorised,composite,2,DG_NO_TARGET,single_t4,T4_16GB,TBD_PROFILE,local_and_data_gates,PLANNED
a02d9b27c72944e2d2bf,screening_5seed,method_screening,tfinance_v2,node_classification,historical_inductive_full,future_missing_graph,coregraph_factorised,composite,3,DG_NO_TARGET,single_t4,T4_16GB,TBD_PROFILE,local_and_data_gates,PLANNED
22ec337c4526f775b1eb,screening_5seed,method_screening,tfinance_v2,node_classification,historical_inductive_full,future_missing_graph,coregraph_factorised,composite,4,DG_NO_TARGET,single_t4,T4_16GB,TBD_PROFILE,local_and_data_gates,PLANNED
91ba37f898014ef9e35a,screening_5seed,method_screening,tfinance_v2,node_classification,historical_inductive_full,future_missing_graph,coregraph_factorised_diagnostics,composite,0,DG_NO_TARGET,single_t4,T4_16GB,TBD_PROFILE,local_and_data_gates,PLANNED
e2796e4e30a8c8634fa0,screening_5seed,method_screening,tfinance_v2,node_classification,historical_inductive_full,future_missing_graph,coregraph_factorised_diagnostics,composite,1,DG_NO_TARGET,single_t4,T4_16GB,TBD_PROFILE,local_and_data_gates,PLANNED
c468d6bdcf32091e030e,screening_5seed,method_screening,tfinance_v2,node_classification,historical_inductive_full,future_missing_graph,coregraph_factorised_diagnostics,composite,2,DG_NO_TARGET,single_t4,T4_16GB,TBD_PROFILE,local_and_data_gates,PLANNED
9ce39e0f1b47f2df9b47,screening_5seed,method_screening,tfinance_v2,node_classification,historical_inductive_full,future_missing_graph,coregraph_factorised_diagnostics,composite,3,DG_NO_TARGET,single_t4,T4_16GB,TBD_PROFILE,local_and_data_gates,PLANNED
d3b014fc7075624c8c95,screening_5seed,method_screening,tfinance_v2,node_classification,historical_inductive_full,future_missing_graph,coregraph_factorised_diagnostics,composite,4,DG_NO_TARGET,single_t4,T4_16GB,TBD_PROFILE,local_and_data_gates,PLANNED
6b6f8550f3b9d817e93b,screening_5seed,method_screening,tfinance_v2,node_classification,historical_inductive_full,future_budget_topk,best_single_feasible,composite,0,DG_NO_TARGET,single_t4,T4_16GB,TBD_PROFILE,local_and_data_gates,PLANNED
89a91d4eb2ebd23b2f94,screening_5seed,method_screening,tfinance_v2,node_classification,historical_inductive_full,future_budget_topk,best_single_feasible,composite,1,DG_NO_TARGET,single_t4,T4_16GB,TBD_PROFILE,local_and_data_gates,PLANNED
80eb073f020bcac3d793,screening_5seed,method_screening,tfinance_v2,node_classification,historical_inductive_full,future_budget_topk,best_single_feasible,composite,2,DG_NO_TARGET,single_t4,T4_16GB,TBD_PROFILE,local_and_data_gates,PLANNED
cafd68363c73b71b9f93,screening_5seed,method_screening,tfinance_v2,node_classification,historical_inductive_full,future_budget_topk,best_single_feasible,composite,3,DG_NO_TARGET,single_t4,T4_16GB,TBD_PROFILE,local_and_data_gates,PLANNED
1335347b37fdfbe49a23,screening_5seed,method_screening,tfinance_v2,node_classification,historical_inductive_full,future_budget_topk,best_single_feasible,composite,4,DG_NO_TARGET,single_t4,T4_16GB,TBD_PROFILE,local_and_data_gates,PLANNED
37bfb1afb8decb6093cb,screening_5seed,method_screening,tfinance_v2,node_classification,historical_inductive_full,future_budget_topk,equal_mixture,composite,0,DG_NO_TARGET,single_t4,T4_16GB,TBD_PROFILE,local_and_data_gates,PLANNED
0358bb57bbbbbd071e89,screening_5seed,method_screening,tfinance_v2,node_classification,historical_inductive_full,future_budget_topk,equal_mixture,composite,1,DG_NO_TARGET,single_t4,T4_16GB,TBD_PROFILE,local_and_data_gates,PLANNED
46e73ce72f8047efa98d,screening_5seed,method_screening,tfinance_v2,node_classification,historical_inductive_full,future_budget_topk,equal_mixture,composite,2,DG_NO_TARGET,single_t4,T4_16GB,TBD_PROFILE,local_and_data_gates,PLANNED
556a9902f8e383edbe76,screening_5seed,method_screening,tfinance_v2,node_classification,historical_inductive_full,future_budget_topk,equal_mixture,composite,3,DG_NO_TARGET,single_t4,T4_16GB,TBD_PROFILE,local_and_data_gates,PLANNED
e426e1753f87412608f5,screening_5seed,method_screening,tfinance_v2,node_classification,historical_inductive_full,future_budget_topk,equal_mixture,composite,4,DG_NO_TARGET,single_t4,T4_16GB,TBD_PROFILE,local_and_data_gates,PLANNED
1b1293c986e40dfa083d,screening_5seed,method_screening,tfinance_v2,node_classification,historical_inductive_full,future_budget_topk,graphsafe_feature,composite,0,DG_NO_TARGET,single_t4,T4_16GB,TBD_PROFILE,local_and_data_gates,PLANNED
ab6d8e4364e52f73f49a,screening_5seed,method_screening,tfinance_v2,node_classification,historical_inductive_full,future_budget_topk,graphsafe_feature,composite,1,DG_NO_TARGET,single_t4,T4_16GB,TBD_PROFILE,local_and_data_gates,PLANNED
a4580f2c840c313f6365,screening_5seed,method_screening,tfinance_v2,node_classification,historical_inductive_full,future_budget_topk,graphsafe_feature,composite,2,DG_NO_TARGET,single_t4,T4_16GB,TBD_PROFILE,local_and_data_gates,PLANNED
d3c651c93dc7709b6e61,screening_5seed,method_screening,tfinance_v2,node_classification,historical_inductive_full,future_budget_topk,graphsafe_feature,composite,3,DG_NO_TARGET,single_t4,T4_16GB,TBD_PROFILE,local_and_data_gates,PLANNED
8a3140fab62be710adc3,screening_5seed,method_screening,tfinance_v2,node_classification,historical_inductive_full,future_budget_topk,graphsafe_feature,composite,4,DG_NO_TARGET,single_t4,T4_16GB,TBD_PROFILE,local_and_data_gates,PLANNED
55fef9c849911ece23ef,screening_5seed,method_screening,tfinance_v2,node_classification,historical_inductive_full,future_budget_topk,fraudshift_current_gate,composite,0,DG_NO_TARGET,single_t4,T4_16GB,TBD_PROFILE,local_and_data_gates,PLANNED
bbc46afc24fa1d565b59,screening_5seed,method_screening,tfinance_v2,node_classification,historical_inductive_full,future_budget_topk,fraudshift_current_gate,composite,1,DG_NO_TARGET,single_t4,T4_16GB,TBD_PROFILE,local_and_data_gates,PLANNED
12fe8cfaf3d802691f9c,screening_5seed,method_screening,tfinance_v2,node_classification,historical_inductive_full,future_budget_topk,fraudshift_current_gate,composite,2,DG_NO_TARGET,single_t4,T4_16GB,TBD_PROFILE,local_and_data_gates,PLANNED
aff37f6b1fae9f756ec9,screening_5seed,method_screening,tfinance_v2,node_classification,historical_inductive_full,future_budget_topk,fraudshift_current_gate,composite,3,DG_NO_TARGET,single_t4,T4_16GB,TBD_PROFILE,local_and_data_gates,PLANNED
ae66bb7b27c2911f5145,screening_5seed,method_screening,tfinance_v2,node_classification,historical_inductive_full,future_budget_topk,fraudshift_current_gate,composite,4,DG_NO_TARGET,single_t4,T4_16GB,TBD_PROFILE,local_and_data_gates,PLANNED
5758b2cd8317fb29454c,screening_5seed,method_screening,tfinance_v2,node_classification,historical_inductive_full,future_budget_topk,coregraph_atomic,composite,0,DG_NO_TARGET,single_t4,T4_16GB,TBD_PROFILE,local_and_data_gates,PLANNED
21e0f7bce07a999e0ad2,screening_5seed,method_screening,tfinance_v2,node_classification,historical_inductive_full,future_budget_topk,coregraph_atomic,composite,1,DG_NO_TARGET,single_t4,T4_16GB,TBD_PROFILE,local_and_data_gates,PLANNED
9e1e687cec23a33a74ee,screening_5seed,method_screening,tfinance_v2,node_classification,historical_inductive_full,future_budget_topk,coregraph_atomic,composite,2,DG_NO_TARGET,single_t4,T4_16GB,TBD_PROFILE,local_and_data_gates,PLANNED
cf6477392f85adc914c5,screening_5seed,method_screening,tfinance_v2,node_classification,historical_inductive_full,future_budget_topk,coregraph_atomic,composite,3,DG_NO_TARGET,single_t4,T4_16GB,TBD_PROFILE,local_and_data_gates,PLANNED
dd88c762806c7b134797,screening_5seed,method_screening,tfinance_v2,node_classification,historical_inductive_full,future_budget_topk,coregraph_atomic,composite,4,DG_NO_TARGET,single_t4,T4_16GB,TBD_PROFILE,local_and_data_gates,PLANNED
f692ba1cfee34376b0e5,screening_5seed,method_screening,tfinance_v2,node_classification,historical_inductive_full,future_budget_topk,coregraph_no_contract,composite,0,DG_NO_TARGET,single_t4,T4_16GB,TBD_PROFILE,local_and_data_gates,PLANNED
a98c1598a1ab3ebbeb7f,screening_5seed,method_screening,tfinance_v2,node_classification,historical_inductive_full,future_budget_topk,coregraph_no_contract,composite,1,DG_NO_TARGET,single_t4,T4_16GB,TBD_PROFILE,local_and_data_gates,PLANNED
edee3d7ef07deaa5ac3d,screening_5seed,method_screening,tfinance_v2,node_classification,historical_inductive_full,future_budget_topk,coregraph_no_contract,composite,2,DG_NO_TARGET,single_t4,T4_16GB,TBD_PROFILE,local_and_data_gates,PLANNED
4729a2c2aec100fd7a3f,screening_5seed,method_screening,tfinance_v2,node_classification,historical_inductive_full,future_budget_topk,coregraph_no_contract,composite,3,DG_NO_TARGET,single_t4,T4_16GB,TBD_PROFILE,local_and_data_gates,PLANNED
29a05672ae0ae6692c69,screening_5seed,method_screening,tfinance_v2,node_classification,historical_inductive_full,future_budget_topk,coregraph_no_contract,composite,4,DG_NO_TARGET,single_t4,T4_16GB,TBD_PROFILE,local_and_data_gates,PLANNED
e62d18f263114492f11f,screening_5seed,method_screening,tfinance_v2,node_classification,historical_inductive_full,future_budget_topk,coregraph_factorised,composite,0,DG_NO_TARGET,single_t4,T4_16GB,TBD_PROFILE,local_and_data_gates,PLANNED
791c0cea0435e9a900e7,screening_5seed,method_screening,tfinance_v2,node_classification,historical_inductive_full,future_budget_topk,coregraph_factorised,composite,1,DG_NO_TARGET,single_t4,T4_16GB,TBD_PROFILE,local_and_data_gates,PLANNED
2596363b1df35fab1765,screening_5seed,method_screening,tfinance_v2,node_classification,historical_inductive_full,future_budget_topk,coregraph_factorised,composite,2,DG_NO_TARGET,single_t4,T4_16GB,TBD_PROFILE,local_and_data_gates,PLANNED
532162d5b744b4faadd9,screening_5seed,method_screening,tfinance_v2,node_classification,historical_inductive_full,future_budget_topk,coregraph_factorised,composite,3,DG_NO_TARGET,single_t4,T4_16GB,TBD_PROFILE,local_and_data_gates,PLANNED
f82e6baf0be942a150a4,screening_5seed,method_screening,tfinance_v2,node_classification,historical_inductive_full,future_budget_topk,coregraph_factorised,composite,4,DG_NO_TARGET,single_t4,T4_16GB,TBD_PROFILE,local_and_data_gates,PLANNED
16dc8769a972c759b6f3,screening_5seed,method_screening,tfinance_v2,node_classification,historical_inductive_full,future_budget_topk,coregraph_factorised_diagnostics,composite,0,DG_NO_TARGET,single_t4,T4_16GB,TBD_PROFILE,local_and_data_gates,PLANNED
43411a4df45c56ed5a85,screening_5seed,method_screening,tfinance_v2,node_classification,historical_inductive_full,future_budget_topk,coregraph_factorised_diagnostics,composite,1,DG_NO_TARGET,single_t4,T4_16GB,TBD_PROFILE,local_and_data_gates,PLANNED
b909e83847416e56092d,screening_5seed,method_screening,tfinance_v2,node_classification,historical_inductive_full,future_budget_topk,coregraph_factorised_diagnostics,composite,2,DG_NO_TARGET,single_t4,T4_16GB,TBD_PROFILE,local_and_data_gates,PLANNED
50228cb3f9cd82f4a2f2,screening_5seed,method_screening,tfinance_v2,node_classification,historical_inductive_full,future_budget_topk,coregraph_factorised_diagnostics,composite,3,DG_NO_TARGET,single_t4,T4_16GB,TBD_PROFILE,local_and_data_gates,PLANNED
8e4ae9b2e757bf8d1be7,screening_5seed,method_screening,tfinance_v2,node_classification,historical_inductive_full,future_budget_topk,coregraph_factorised_diagnostics,composite,4,DG_NO_TARGET,single_t4,T4_16GB,TBD_PROFILE,local_and_data_gates,PLANNED
c890c50ccc75f58f046b,screening_5seed,method_screening,tfinance_v2,node_classification,historical_transductive_full,future_resource_limited,best_single_feasible,composite,0,DG_NO_TARGET,single_t4,T4_16GB,TBD_PROFILE,local_and_data_gates,PLANNED
2bde66929610c36b1042,screening_5seed,method_screening,tfinance_v2,node_classification,historical_transductive_full,future_resource_limited,best_single_feasible,composite,1,DG_NO_TARGET,single_t4,T4_16GB,TBD_PROFILE,local_and_data_gates,PLANNED
4f5749719198f4253248,screening_5seed,method_screening,tfinance_v2,node_classification,historical_transductive_full,future_resource_limited,best_single_feasible,composite,2,DG_NO_TARGET,single_t4,T4_16GB,TBD_PROFILE,local_and_data_gates,PLANNED
013464fd8ce96b4a958e,screening_5seed,method_screening,tfinance_v2,node_classification,historical_transductive_full,future_resource_limited,best_single_feasible,composite,3,DG_NO_TARGET,single_t4,T4_16GB,TBD_PROFILE,local_and_data_gates,PLANNED
cf734b7ba5c20e79326f,screening_5seed,method_screening,tfinance_v2,node_classification,historical_transductive_full,future_resource_limited,best_single_feasible,composite,4,DG_NO_TARGET,single_t4,T4_16GB,TBD_PROFILE,local_and_data_gates,PLANNED
7ec4d5c768f01fa77f5e,screening_5seed,method_screening,tfinance_v2,node_classification,historical_transductive_full,future_resource_limited,equal_mixture,composite,0,DG_NO_TARGET,single_t4,T4_16GB,TBD_PROFILE,local_and_data_gates,PLANNED
256d86bd5f7d89829d85,screening_5seed,method_screening,tfinance_v2,node_classification,historical_transductive_full,future_resource_limited,equal_mixture,composite,1,DG_NO_TARGET,single_t4,T4_16GB,TBD_PROFILE,local_and_data_gates,PLANNED
c72679b9c16e5925dbb3,screening_5seed,method_screening,tfinance_v2,node_classification,historical_transductive_full,future_resource_limited,equal_mixture,composite,2,DG_NO_TARGET,single_t4,T4_16GB,TBD_PROFILE,local_and_data_gates,PLANNED
2d90918067faf7b57c5c,screening_5seed,method_screening,tfinance_v2,node_classification,historical_transductive_full,future_resource_limited,equal_mixture,composite,3,DG_NO_TARGET,single_t4,T4_16GB,TBD_PROFILE,local_and_data_gates,PLANNED
e91f9348d81825cd5d5a,screening_5seed,method_screening,tfinance_v2,node_classification,historical_transductive_full,future_resource_limited,equal_mixture,composite,4,DG_NO_TARGET,single_t4,T4_16GB,TBD_PROFILE,local_and_data_gates,PLANNED
c2372b844dbb60e10965,screening_5seed,method_screening,tfinance_v2,node_classification,historical_transductive_full,future_resource_limited,graphsafe_feature,composite,0,DG_NO_TARGET,single_t4,T4_16GB,TBD_PROFILE,local_and_data_gates,PLANNED
1ad1db3021004b7a4ca6,screening_5seed,method_screening,tfinance_v2,node_classification,historical_transductive_full,future_resource_limited,graphsafe_feature,composite,1,DG_NO_TARGET,single_t4,T4_16GB,TBD_PROFILE,local_and_data_gates,PLANNED
29c3edb9ad12d4a1d3b0,screening_5seed,method_screening,tfinance_v2,node_classification,historical_transductive_full,future_resource_limited,graphsafe_feature,composite,2,DG_NO_TARGET,single_t4,T4_16GB,TBD_PROFILE,local_and_data_gates,PLANNED
d9dd8a45a156ac148abb,screening_5seed,method_screening,tfinance_v2,node_classification,historical_transductive_full,future_resource_limited,graphsafe_feature,composite,3,DG_NO_TARGET,single_t4,T4_16GB,TBD_PROFILE,local_and_data_gates,PLANNED
4644382f408e95fc13f9,screening_5seed,method_screening,tfinance_v2,node_classification,historical_transductive_full,future_resource_limited,graphsafe_feature,composite,4,DG_NO_TARGET,single_t4,T4_16GB,TBD_PROFILE,local_and_data_gates,PLANNED
b627864613e915d1d6f3,screening_5seed,method_screening,tfinance_v2,node_classification,historical_transductive_full,future_resource_limited,fraudshift_current_gate,composite,0,DG_NO_TARGET,single_t4,T4_16GB,TBD_PROFILE,local_and_data_gates,PLANNED
238c225f09119feb8c59,screening_5seed,method_screening,tfinance_v2,node_classification,historical_transductive_full,future_resource_limited,fraudshift_current_gate,composite,1,DG_NO_TARGET,single_t4,T4_16GB,TBD_PROFILE,local_and_data_gates,PLANNED
fa18a8795a638fcaf622,screening_5seed,method_screening,tfinance_v2,node_classification,historical_transductive_full,future_resource_limited,fraudshift_current_gate,composite,2,DG_NO_TARGET,single_t4,T4_16GB,TBD_PROFILE,local_and_data_gates,PLANNED
600df147c054b7d0f783,screening_5seed,method_screening,tfinance_v2,node_classification,historical_transductive_full,future_resource_limited,fraudshift_current_gate,composite,3,DG_NO_TARGET,single_t4,T4_16GB,TBD_PROFILE,local_and_data_gates,PLANNED
e70d9301e96f534d2db5,screening_5seed,method_screening,tfinance_v2,node_classification,historical_transductive_full,future_resource_limited,fraudshift_current_gate,composite,4,DG_NO_TARGET,single_t4,T4_16GB,TBD_PROFILE,local_and_data_gates,PLANNED
270b7ed9f240c4265f2a,screening_5seed,method_screening,tfinance_v2,node_classification,historical_transductive_full,future_resource_limited,coregraph_atomic,composite,0,DG_NO_TARGET,single_t4,T4_16GB,TBD_PROFILE,local_and_data_gates,PLANNED
2dd8361940713db85002,screening_5seed,method_screening,tfinance_v2,node_classification,historical_transductive_full,future_resource_limited,coregraph_atomic,composite,1,DG_NO_TARGET,single_t4,T4_16GB,TBD_PROFILE,local_and_data_gates,PLANNED
7ba085bc1a7fb761bd84,screening_5seed,method_screening,tfinance_v2,node_classification,historical_transductive_full,future_resource_limited,coregraph_atomic,composite,2,DG_NO_TARGET,single_t4,T4_16GB,TBD_PROFILE,local_and_data_gates,PLANNED
ff985ca39f8278602ba1,screening_5seed,method_screening,tfinance_v2,node_classification,historical_transductive_full,future_resource_limited,coregraph_atomic,composite,3,DG_NO_TARGET,single_t4,T4_16GB,TBD_PROFILE,local_and_data_gates,PLANNED
1a88093bb5855677afd8,screening_5seed,method_screening,tfinance_v2,node_classification,historical_transductive_full,future_resource_limited,coregraph_atomic,composite,4,DG_NO_TARGET,single_t4,T4_16GB,TBD_PROFILE,local_and_data_gates,PLANNED
38987e0ea6d2fc272f23,screening_5seed,method_screening,tfinance_v2,node_classification,historical_transductive_full,future_resource_limited,coregraph_no_contract,composite,0,DG_NO_TARGET,single_t4,T4_16GB,TBD_PROFILE,local_and_data_gates,PLANNED
acfd3e81caa5b2c0fbe7,screening_5seed,method_screening,tfinance_v2,node_classification,historical_transductive_full,future_resource_limited,coregraph_no_contract,composite,1,DG_NO_TARGET,single_t4,T4_16GB,TBD_PROFILE,local_and_data_gates,PLANNED
d302b5f0e48377df7ce0,screening_5seed,method_screening,tfinance_v2,node_classification,historical_transductive_full,future_resource_limited,coregraph_no_contract,composite,2,DG_NO_TARGET,single_t4,T4_16GB,TBD_PROFILE,local_and_data_gates,PLANNED
581aff3254b9675c57f6,screening_5seed,method_screening,tfinance_v2,node_classification,historical_transductive_full,future_resource_limited,coregraph_no_contract,composite,3,DG_NO_TARGET,single_t4,T4_16GB,TBD_PROFILE,local_and_data_gates,PLANNED
fef69eae1f7d55e4d1d4,screening_5seed,method_screening,tfinance_v2,node_classification,historical_transductive_full,future_resource_limited,coregraph_no_contract,composite,4,DG_NO_TARGET,single_t4,T4_16GB,TBD_PROFILE,local_and_data_gates,PLANNED
a6551dd0c88476375de4,screening_5seed,method_screening,tfinance_v2,node_classification,historical_transductive_full,future_resource_limited,coregraph_factorised,composite,0,DG_NO_TARGET,single_t4,T4_16GB,TBD_PROFILE,local_and_data_gates,PLANNED
0294c12f41dcf0b07de3,screening_5seed,method_screening,tfinance_v2,node_classification,historical_transductive_full,future_resource_limited,coregraph_factorised,composite,1,DG_NO_TARGET,single_t4,T4_16GB,TBD_PROFILE,local_and_data_gates,PLANNED
d18b1a51243462cbdce3,screening_5seed,method_screening,tfinance_v2,node_classification,historical_transductive_full,future_resource_limited,coregraph_factorised,composite,2,DG_NO_TARGET,single_t4,T4_16GB,TBD_PROFILE,local_and_data_gates,PLANNED
19febea4d71ead5d970d,screening_5seed,method_screening,tfinance_v2,node_classification,historical_transductive_full,future_resource_limited,coregraph_factorised,composite,3,DG_NO_TARGET,single_t4,T4_16GB,TBD_PROFILE,local_and_data_gates,PLANNED
8d0f18bf59528e888d14,screening_5seed,method_screening,tfinance_v2,node_classification,historical_transductive_full,future_resource_limited,coregraph_factorised,composite,4,DG_NO_TARGET,single_t4,T4_16GB,TBD_PROFILE,local_and_data_gates,PLANNED
6bd47ee2eb7b915a3ff0,screening_5seed,method_screening,tfinance_v2,node_classification,historical_transductive_full,future_resource_limited,coregraph_factorised_diagnostics,composite,0,DG_NO_TARGET,single_t4,T4_16GB,TBD_PROFILE,local_and_data_gates,PLANNED
be7602a6af408261a0e3,screening_5seed,method_screening,tfinance_v2,node_classification,historical_transductive_full,future_resource_limited,coregraph_factorised_diagnostics,composite,1,DG_NO_TARGET,single_t4,T4_16GB,TBD_PROFILE,local_and_data_gates,PLANNED
470d57c7eab3fc2fc589,screening_5seed,method_screening,tfinance_v2,node_classification,historical_transductive_full,future_resource_limited,coregraph_factorised_diagnostics,composite,2,DG_NO_TARGET,single_t4,T4_16GB,TBD_PROFILE,local_and_data_gates,PLANNED
4333abaf15a8e1b057b7,screening_5seed,method_screening,tfinance_v2,node_classification,historical_transductive_full,future_resource_limited,coregraph_factorised_diagnostics,composite,3,DG_NO_TARGET,single_t4,T4_16GB,TBD_PROFILE,local_and_data_gates,PLANNED
57a431a9d186819b7e12,screening_5seed,method_screening,tfinance_v2,node_classification,historical_transductive_full,future_resource_limited,coregraph_factorised_diagnostics,composite,4,DG_NO_TARGET,single_t4,T4_16GB,TBD_PROFILE,local_and_data_gates,PLANNED
f3df11a280aa344040c8,screening_5seed,method_screening,ellipticpp_v2,edge_classification,historical_transductive_full,future_inductive_full,best_single_feasible,composite,0,DG_NO_TARGET,single_t4,T4_16GB,TBD_PROFILE,local_and_data_gates,PLANNED
d0bf59f6c6afbae398d4,screening_5seed,method_screening,ellipticpp_v2,edge_classification,historical_transductive_full,future_inductive_full,best_single_feasible,composite,1,DG_NO_TARGET,single_t4,T4_16GB,TBD_PROFILE,local_and_data_gates,PLANNED
0e1965631a0a815040f7,screening_5seed,method_screening,ellipticpp_v2,edge_classification,historical_transductive_full,future_inductive_full,best_single_feasible,composite,2,DG_NO_TARGET,single_t4,T4_16GB,TBD_PROFILE,local_and_data_gates,PLANNED
7530b100bc56892a21e4,screening_5seed,method_screening,ellipticpp_v2,edge_classification,historical_transductive_full,future_inductive_full,best_single_feasible,composite,3,DG_NO_TARGET,single_t4,T4_16GB,TBD_PROFILE,local_and_data_gates,PLANNED
4c81478886a01fc3d326,screening_5seed,method_screening,ellipticpp_v2,edge_classification,historical_transductive_full,future_inductive_full,best_single_feasible,composite,4,DG_NO_TARGET,single_t4,T4_16GB,TBD_PROFILE,local_and_data_gates,PLANNED
976fa0ba2fd6435d053b,screening_5seed,method_screening,ellipticpp_v2,edge_classification,historical_transductive_full,future_inductive_full,equal_mixture,composite,0,DG_NO_TARGET,single_t4,T4_16GB,TBD_PROFILE,local_and_data_gates,PLANNED
c252a20bee1a4da12205,screening_5seed,method_screening,ellipticpp_v2,edge_classification,historical_transductive_full,future_inductive_full,equal_mixture,composite,1,DG_NO_TARGET,single_t4,T4_16GB,TBD_PROFILE,local_and_data_gates,PLANNED
1562b6f74f5103542eac,screening_5seed,method_screening,ellipticpp_v2,edge_classification,historical_transductive_full,future_inductive_full,equal_mixture,composite,2,DG_NO_TARGET,single_t4,T4_16GB,TBD_PROFILE,local_and_data_gates,PLANNED
ccb29ad2b3b9a503106f,screening_5seed,method_screening,ellipticpp_v2,edge_classification,historical_transductive_full,future_inductive_full,equal_mixture,composite,3,DG_NO_TARGET,single_t4,T4_16GB,TBD_PROFILE,local_and_data_gates,PLANNED
6e5f2b520352d47cb1ec,screening_5seed,method_screening,ellipticpp_v2,edge_classification,historical_transductive_full,future_inductive_full,equal_mixture,composite,4,DG_NO_TARGET,single_t4,T4_16GB,TBD_PROFILE,local_and_data_gates,PLANNED
426ba132e438594a23c5,screening_5seed,method_screening,ellipticpp_v2,edge_classification,historical_transductive_full,future_inductive_full,graphsafe_feature,composite,0,DG_NO_TARGET,single_t4,T4_16GB,TBD_PROFILE,local_and_data_gates,PLANNED
f85585f84baee250e5ad,screening_5seed,method_screening,ellipticpp_v2,edge_classification,historical_transductive_full,future_inductive_full,graphsafe_feature,composite,1,DG_NO_TARGET,single_t4,T4_16GB,TBD_PROFILE,local_and_data_gates,PLANNED
d1fe609b323ebe7fcb7c,screening_5seed,method_screening,ellipticpp_v2,edge_classification,historical_transductive_full,future_inductive_full,graphsafe_feature,composite,2,DG_NO_TARGET,single_t4,T4_16GB,TBD_PROFILE,local_and_data_gates,PLANNED
f34a002095a3bcec2a26,screening_5seed,method_screening,ellipticpp_v2,edge_classification,historical_transductive_full,future_inductive_full,graphsafe_feature,composite,3,DG_NO_TARGET,single_t4,T4_16GB,TBD_PROFILE,local_and_data_gates,PLANNED
febacd0fa2dc979f9da7,screening_5seed,method_screening,ellipticpp_v2,edge_classification,historical_transductive_full,future_inductive_full,graphsafe_feature,composite,4,DG_NO_TARGET,single_t4,T4_16GB,TBD_PROFILE,local_and_data_gates,PLANNED
d98dab5d80d32c25fe41,screening_5seed,method_screening,ellipticpp_v2,edge_classification,historical_transductive_full,future_inductive_full,fraudshift_current_gate,composite,0,DG_NO_TARGET,single_t4,T4_16GB,TBD_PROFILE,local_and_data_gates,PLANNED
2f839ef719b35a7c15e8,screening_5seed,method_screening,ellipticpp_v2,edge_classification,historical_transductive_full,future_inductive_full,fraudshift_current_gate,composite,1,DG_NO_TARGET,single_t4,T4_16GB,TBD_PROFILE,local_and_data_gates,PLANNED
7a5f03eab136a79a2e43,screening_5seed,method_screening,ellipticpp_v2,edge_classification,historical_transductive_full,future_inductive_full,fraudshift_current_gate,composite,2,DG_NO_TARGET,single_t4,T4_16GB,TBD_PROFILE,local_and_data_gates,PLANNED
c61c6c8787a10412967d,screening_5seed,method_screening,ellipticpp_v2,edge_classification,historical_transductive_full,future_inductive_full,fraudshift_current_gate,composite,3,DG_NO_TARGET,single_t4,T4_16GB,TBD_PROFILE,local_and_data_gates,PLANNED
22e54045b53fe9565904,screening_5seed,method_screening,ellipticpp_v2,edge_classification,historical_transductive_full,future_inductive_full,fraudshift_current_gate,composite,4,DG_NO_TARGET,single_t4,T4_16GB,TBD_PROFILE,local_and_data_gates,PLANNED
d868b2ea9ddec688d573,screening_5seed,method_screening,ellipticpp_v2,edge_classification,historical_transductive_full,future_inductive_full,coregraph_atomic,composite,0,DG_NO_TARGET,single_t4,T4_16GB,TBD_PROFILE,local_and_data_gates,PLANNED
13e9cfdb76ad32c3b84d,screening_5seed,method_screening,ellipticpp_v2,edge_classification,historical_transductive_full,future_inductive_full,coregraph_atomic,composite,1,DG_NO_TARGET,single_t4,T4_16GB,TBD_PROFILE,local_and_data_gates,PLANNED
deb2907feb2172d13e64,screening_5seed,method_screening,ellipticpp_v2,edge_classification,historical_transductive_full,future_inductive_full,coregraph_atomic,composite,2,DG_NO_TARGET,single_t4,T4_16GB,TBD_PROFILE,local_and_data_gates,PLANNED
1f265d6dfb6ec6bb84c4,screening_5seed,method_screening,ellipticpp_v2,edge_classification,historical_transductive_full,future_inductive_full,coregraph_atomic,composite,3,DG_NO_TARGET,single_t4,T4_16GB,TBD_PROFILE,local_and_data_gates,PLANNED
f1579f7d3fb51ca8d55b,screening_5seed,method_screening,ellipticpp_v2,edge_classification,historical_transductive_full,future_inductive_full,coregraph_atomic,composite,4,DG_NO_TARGET,single_t4,T4_16GB,TBD_PROFILE,local_and_data_gates,PLANNED
0c432e9ea627d4486116,screening_5seed,method_screening,ellipticpp_v2,edge_classification,historical_transductive_full,future_inductive_full,coregraph_no_contract,composite,0,DG_NO_TARGET,single_t4,T4_16GB,TBD_PROFILE,local_and_data_gates,PLANNED
05f9ff9e251d0c84dea1,screening_5seed,method_screening,ellipticpp_v2,edge_classification,historical_transductive_full,future_inductive_full,coregraph_no_contract,composite,1,DG_NO_TARGET,single_t4,T4_16GB,TBD_PROFILE,local_and_data_gates,PLANNED
adbaaf547d20dc6a2ddb,screening_5seed,method_screening,ellipticpp_v2,edge_classification,historical_transductive_full,future_inductive_full,coregraph_no_contract,composite,2,DG_NO_TARGET,single_t4,T4_16GB,TBD_PROFILE,local_and_data_gates,PLANNED
40e5facc01352fb11e4f,screening_5seed,method_screening,ellipticpp_v2,edge_classification,historical_transductive_full,future_inductive_full,coregraph_no_contract,composite,3,DG_NO_TARGET,single_t4,T4_16GB,TBD_PROFILE,local_and_data_gates,PLANNED
92da83e66cb50c4d0fb8,screening_5seed,method_screening,ellipticpp_v2,edge_classification,historical_transductive_full,future_inductive_full,coregraph_no_contract,composite,4,DG_NO_TARGET,single_t4,T4_16GB,TBD_PROFILE,local_and_data_gates,PLANNED
359bfe2c0cee0e956aef,screening_5seed,method_screening,ellipticpp_v2,edge_classification,historical_transductive_full,future_inductive_full,coregraph_factorised,composite,0,DG_NO_TARGET,single_t4,T4_16GB,TBD_PROFILE,local_and_data_gates,PLANNED
7233c0536c8e3b7c365d,screening_5seed,method_screening,ellipticpp_v2,edge_classification,historical_transductive_full,future_inductive_full,coregraph_factorised,composite,1,DG_NO_TARGET,single_t4,T4_16GB,TBD_PROFILE,local_and_data_gates,PLANNED
82d379f15eac22f10101,screening_5seed,method_screening,ellipticpp_v2,edge_classification,historical_transductive_full,future_inductive_full,coregraph_factorised,composite,2,DG_NO_TARGET,single_t4,T4_16GB,TBD_PROFILE,local_and_data_gates,PLANNED
8ff9ed34e4923443600a,screening_5seed,method_screening,ellipticpp_v2,edge_classification,historical_transductive_full,future_inductive_full,coregraph_factorised,composite,3,DG_NO_TARGET,single_t4,T4_16GB,TBD_PROFILE,local_and_data_gates,PLANNED
1702bc44db79d10a9740,screening_5seed,method_screening,ellipticpp_v2,edge_classification,historical_transductive_full,future_inductive_full,coregraph_factorised,composite,4,DG_NO_TARGET,single_t4,T4_16GB,TBD_PROFILE,local_and_data_gates,PLANNED
24375d455d1dd8e8195f,screening_5seed,method_screening,ellipticpp_v2,edge_classification,historical_transductive_full,future_inductive_full,coregraph_factorised_diagnostics,composite,0,DG_NO_TARGET,single_t4,T4_16GB,TBD_PROFILE,local_and_data_gates,PLANNED
3b379b808addca16686a,screening_5seed,method_screening,ellipticpp_v2,edge_classification,historical_transductive_full,future_inductive_full,coregraph_factorised_diagnostics,composite,1,DG_NO_TARGET,single_t4,T4_16GB,TBD_PROFILE,local_and_data_gates,PLANNED
aa88dc060e93ef590c7c,screening_5seed,method_screening,ellipticpp_v2,edge_classification,historical_transductive_full,future_inductive_full,coregraph_factorised_diagnostics,composite,2,DG_NO_TARGET,single_t4,T4_16GB,TBD_PROFILE,local_and_data_gates,PLANNED
53af8188a74f558dc3d6,screening_5seed,method_screening,ellipticpp_v2,edge_classification,historical_transductive_full,future_inductive_full,coregraph_factorised_diagnostics,composite,3,DG_NO_TARGET,single_t4,T4_16GB,TBD_PROFILE,local_and_data_gates,PLANNED
7da53a3afd6ec1e068a4,screening_5seed,method_screening,ellipticpp_v2,edge_classification,historical_transductive_full,future_inductive_full,coregraph_factorised_diagnostics,composite,4,DG_NO_TARGET,single_t4,T4_16GB,TBD_PROFILE,local_and_data_gates,PLANNED
a0f2aa97854ab981a9c8,screening_5seed,method_screening,ellipticpp_v2,edge_classification,historical_transductive_full,future_inductive_recent,best_single_feasible,composite,0,DG_NO_TARGET,single_t4,T4_16GB,TBD_PROFILE,local_and_data_gates,PLANNED
2375117d13c1f287d30b,screening_5seed,method_screening,ellipticpp_v2,edge_classification,historical_transductive_full,future_inductive_recent,best_single_feasible,composite,1,DG_NO_TARGET,single_t4,T4_16GB,TBD_PROFILE,local_and_data_gates,PLANNED
ba00f802d5146b3c53bf,screening_5seed,method_screening,ellipticpp_v2,edge_classification,historical_transductive_full,future_inductive_recent,best_single_feasible,composite,2,DG_NO_TARGET,single_t4,T4_16GB,TBD_PROFILE,local_and_data_gates,PLANNED
59201b209fe6818f9b77,screening_5seed,method_screening,ellipticpp_v2,edge_classification,historical_transductive_full,future_inductive_recent,best_single_feasible,composite,3,DG_NO_TARGET,single_t4,T4_16GB,TBD_PROFILE,local_and_data_gates,PLANNED
fcc38cd2bbf94c5ab713,screening_5seed,method_screening,ellipticpp_v2,edge_classification,historical_transductive_full,future_inductive_recent,best_single_feasible,composite,4,DG_NO_TARGET,single_t4,T4_16GB,TBD_PROFILE,local_and_data_gates,PLANNED
3ca3b1c007635aacc44a,screening_5seed,method_screening,ellipticpp_v2,edge_classification,historical_transductive_full,future_inductive_recent,equal_mixture,composite,0,DG_NO_TARGET,single_t4,T4_16GB,TBD_PROFILE,local_and_data_gates,PLANNED
c0e5dc0ff620b416ac39,screening_5seed,method_screening,ellipticpp_v2,edge_classification,historical_transductive_full,future_inductive_recent,equal_mixture,composite,1,DG_NO_TARGET,single_t4,T4_16GB,TBD_PROFILE,local_and_data_gates,PLANNED
4a57523b47b683ff3f85,screening_5seed,method_screening,ellipticpp_v2,edge_classification,historical_transductive_full,future_inductive_recent,equal_mixture,composite,2,DG_NO_TARGET,single_t4,T4_16GB,TBD_PROFILE,local_and_data_gates,PLANNED
4accaca1f79c2a4a51b4,screening_5seed,method_screening,ellipticpp_v2,edge_classification,historical_transductive_full,future_inductive_recent,equal_mixture,composite,3,DG_NO_TARGET,single_t4,T4_16GB,TBD_PROFILE,local_and_data_gates,PLANNED
ce50a25cc5dbd35f6ec8,screening_5seed,method_screening,ellipticpp_v2,edge_classification,historical_transductive_full,future_inductive_recent,equal_mixture,composite,4,DG_NO_TARGET,single_t4,T4_16GB,TBD_PROFILE,local_and_data_gates,PLANNED
b42a228a8f26e7385b39,screening_5seed,method_screening,ellipticpp_v2,edge_classification,historical_transductive_full,future_inductive_recent,graphsafe_feature,composite,0,DG_NO_TARGET,single_t4,T4_16GB,TBD_PROFILE,local_and_data_gates,PLANNED
5a3fda80e237e3ea5fad,screening_5seed,method_screening,ellipticpp_v2,edge_classification,historical_transductive_full,future_inductive_recent,graphsafe_feature,composite,1,DG_NO_TARGET,single_t4,T4_16GB,TBD_PROFILE,local_and_data_gates,PLANNED
b36131faa6a6dc6e2fa0,screening_5seed,method_screening,ellipticpp_v2,edge_classification,historical_transductive_full,future_inductive_recent,graphsafe_feature,composite,2,DG_NO_TARGET,single_t4,T4_16GB,TBD_PROFILE,local_and_data_gates,PLANNED
cc75f6495cb0dfdd775b,screening_5seed,method_screening,ellipticpp_v2,edge_classification,historical_transductive_full,future_inductive_recent,graphsafe_feature,composite,3,DG_NO_TARGET,single_t4,T4_16GB,TBD_PROFILE,local_and_data_gates,PLANNED
7086c0e569c1d6d2ad11,screening_5seed,method_screening,ellipticpp_v2,edge_classification,historical_transductive_full,future_inductive_recent,graphsafe_feature,composite,4,DG_NO_TARGET,single_t4,T4_16GB,TBD_PROFILE,local_and_data_gates,PLANNED
efc841f5b0e563706527,screening_5seed,method_screening,ellipticpp_v2,edge_classification,historical_transductive_full,future_inductive_recent,fraudshift_current_gate,composite,0,DG_NO_TARGET,single_t4,T4_16GB,TBD_PROFILE,local_and_data_gates,PLANNED
2f4ca4c5f091442fceac,screening_5seed,method_screening,ellipticpp_v2,edge_classification,historical_transductive_full,future_inductive_recent,fraudshift_current_gate,composite,1,DG_NO_TARGET,single_t4,T4_16GB,TBD_PROFILE,local_and_data_gates,PLANNED
6559fdd9f16ae0e4ea4c,screening_5seed,method_screening,ellipticpp_v2,edge_classification,historical_transductive_full,future_inductive_recent,fraudshift_current_gate,composite,2,DG_NO_TARGET,single_t4,T4_16GB,TBD_PROFILE,local_and_data_gates,PLANNED
332c76048091d52950e1,screening_5seed,method_screening,ellipticpp_v2,edge_classification,historical_transductive_full,future_inductive_recent,fraudshift_current_gate,composite,3,DG_NO_TARGET,single_t4,T4_16GB,TBD_PROFILE,local_and_data_gates,PLANNED
321ba3d7bf9e670fb547,screening_5seed,method_screening,ellipticpp_v2,edge_classification,historical_transductive_full,future_inductive_recent,fraudshift_current_gate,composite,4,DG_NO_TARGET,single_t4,T4_16GB,TBD_PROFILE,local_and_data_gates,PLANNED
ddde18529ebe1c2fb8cb,screening_5seed,method_screening,ellipticpp_v2,edge_classification,historical_transductive_full,future_inductive_recent,coregraph_atomic,composite,0,DG_NO_TARGET,single_t4,T4_16GB,TBD_PROFILE,local_and_data_gates,PLANNED
8e0219306441a7f24bc9,screening_5seed,method_screening,ellipticpp_v2,edge_classification,historical_transductive_full,future_inductive_recent,coregraph_atomic,composite,1,DG_NO_TARGET,single_t4,T4_16GB,TBD_PROFILE,local_and_data_gates,PLANNED
ba1eb7523b3817879ecf,screening_5seed,method_screening,ellipticpp_v2,edge_classification,historical_transductive_full,future_inductive_recent,coregraph_atomic,composite,2,DG_NO_TARGET,single_t4,T4_16GB,TBD_PROFILE,local_and_data_gates,PLANNED
35b6a5d04b70dc31fda7,screening_5seed,method_screening,ellipticpp_v2,edge_classification,historical_transductive_full,future_inductive_recent,coregraph_atomic,composite,3,DG_NO_TARGET,single_t4,T4_16GB,TBD_PROFILE,local_and_data_gates,PLANNED
58b0393c3ab8640344fa,screening_5seed,method_screening,ellipticpp_v2,edge_classification,historical_transductive_full,future_inductive_recent,coregraph_atomic,composite,4,DG_NO_TARGET,single_t4,T4_16GB,TBD_PROFILE,local_and_data_gates,PLANNED
2d78257f857dc4395150,screening_5seed,method_screening,ellipticpp_v2,edge_classification,historical_transductive_full,future_inductive_recent,coregraph_no_contract,composite,0,DG_NO_TARGET,single_t4,T4_16GB,TBD_PROFILE,local_and_data_gates,PLANNED
e52557a7c34be5f2abbd,screening_5seed,method_screening,ellipticpp_v2,edge_classification,historical_transductive_full,future_inductive_recent,coregraph_no_contract,composite,1,DG_NO_TARGET,single_t4,T4_16GB,TBD_PROFILE,local_and_data_gates,PLANNED
6d12d08e07c9206de1fb,screening_5seed,method_screening,ellipticpp_v2,edge_classification,historical_transductive_full,future_inductive_recent,coregraph_no_contract,composite,2,DG_NO_TARGET,single_t4,T4_16GB,TBD_PROFILE,local_and_data_gates,PLANNED
d19944174c164b2fa907,screening_5seed,method_screening,ellipticpp_v2,edge_classification,historical_transductive_full,future_inductive_recent,coregraph_no_contract,composite,3,DG_NO_TARGET,single_t4,T4_16GB,TBD_PROFILE,local_and_data_gates,PLANNED
5c2deedcb38d729aaddb,screening_5seed,method_screening,ellipticpp_v2,edge_classification,historical_transductive_full,future_inductive_recent,coregraph_no_contract,composite,4,DG_NO_TARGET,single_t4,T4_16GB,TBD_PROFILE,local_and_data_gates,PLANNED
7edabc3a0a25325e7208,screening_5seed,method_screening,ellipticpp_v2,edge_classification,historical_transductive_full,future_inductive_recent,coregraph_factorised,composite,0,DG_NO_TARGET,single_t4,T4_16GB,TBD_PROFILE,local_and_data_gates,PLANNED
7c06475470575e95f442,screening_5seed,method_screening,ellipticpp_v2,edge_classification,historical_transductive_full,future_inductive_recent,coregraph_factorised,composite,1,DG_NO_TARGET,single_t4,T4_16GB,TBD_PROFILE,local_and_data_gates,PLANNED
390159503e06bd7b42d9,screening_5seed,method_screening,ellipticpp_v2,edge_classification,historical_transductive_full,future_inductive_recent,coregraph_factorised,composite,2,DG_NO_TARGET,single_t4,T4_16GB,TBD_PROFILE,local_and_data_gates,PLANNED
e921082155239901f310,screening_5seed,method_screening,ellipticpp_v2,edge_classification,historical_transductive_full,future_inductive_recent,coregraph_factorised,composite,3,DG_NO_TARGET,single_t4,T4_16GB,TBD_PROFILE,local_and_data_gates,PLANNED
6fe927f7f454ae5869ba,screening_5seed,method_screening,ellipticpp_v2,edge_classification,historical_transductive_full,future_inductive_recent,coregraph_factorised,composite,4,DG_NO_TARGET,single_t4,T4_16GB,TBD_PROFILE,local_and_data_gates,PLANNED
ce9e5105a3ad8bcbacd3,screening_5seed,method_screening,ellipticpp_v2,edge_classification,historical_transductive_full,future_inductive_recent,coregraph_factorised_diagnostics,composite,0,DG_NO_TARGET,single_t4,T4_16GB,TBD_PROFILE,local_and_data_gates,PLANNED
2fbbc65d5dc8b396b565,screening_5seed,method_screening,ellipticpp_v2,edge_classification,historical_transductive_full,future_inductive_recent,coregraph_factorised_diagnostics,composite,1,DG_NO_TARGET,single_t4,T4_16GB,TBD_PROFILE,local_and_data_gates,PLANNED
0da9122cdd3bd352dbaf,screening_5seed,method_screening,ellipticpp_v2,edge_classification,historical_transductive_full,future_inductive_recent,coregraph_factorised_diagnostics,composite,2,DG_NO_TARGET,single_t4,T4_16GB,TBD_PROFILE,local_and_data_gates,PLANNED
28097c429b229fe57782,screening_5seed,method_screening,ellipticpp_v2,edge_classification,historical_transductive_full,future_inductive_recent,coregraph_factorised_diagnostics,composite,3,DG_NO_TARGET,single_t4,T4_16GB,TBD_PROFILE,local_and_data_gates,PLANNED
81bab913cd417cdd1f38,screening_5seed,method_screening,ellipticpp_v2,edge_classification,historical_transductive_full,future_inductive_recent,coregraph_factorised_diagnostics,composite,4,DG_NO_TARGET,single_t4,T4_16GB,TBD_PROFILE,local_and_data_gates,PLANNED
07ddfac0695bf3fedcf0,screening_5seed,method_screening,ellipticpp_v2,edge_classification,historical_inductive_full,future_missing_graph,best_single_feasible,composite,0,DG_NO_TARGET,single_t4,T4_16GB,TBD_PROFILE,local_and_data_gates,PLANNED
14f5a79baaa4c0bf2ee9,screening_5seed,method_screening,ellipticpp_v2,edge_classification,historical_inductive_full,future_missing_graph,best_single_feasible,composite,1,DG_NO_TARGET,single_t4,T4_16GB,TBD_PROFILE,local_and_data_gates,PLANNED
7a5885317acc320ac59a,screening_5seed,method_screening,ellipticpp_v2,edge_classification,historical_inductive_full,future_missing_graph,best_single_feasible,composite,2,DG_NO_TARGET,single_t4,T4_16GB,TBD_PROFILE,local_and_data_gates,PLANNED
6bdb95e1547220b275ee,screening_5seed,method_screening,ellipticpp_v2,edge_classification,historical_inductive_full,future_missing_graph,best_single_feasible,composite,3,DG_NO_TARGET,single_t4,T4_16GB,TBD_PROFILE,local_and_data_gates,PLANNED
bb02864f2c1d562f5730,screening_5seed,method_screening,ellipticpp_v2,edge_classification,historical_inductive_full,future_missing_graph,best_single_feasible,composite,4,DG_NO_TARGET,single_t4,T4_16GB,TBD_PROFILE,local_and_data_gates,PLANNED
0067b612efc7824e16e6,screening_5seed,method_screening,ellipticpp_v2,edge_classification,historical_inductive_full,future_missing_graph,equal_mixture,composite,0,DG_NO_TARGET,single_t4,T4_16GB,TBD_PROFILE,local_and_data_gates,PLANNED
0dd3b1c42fbca39f33bb,screening_5seed,method_screening,ellipticpp_v2,edge_classification,historical_inductive_full,future_missing_graph,equal_mixture,composite,1,DG_NO_TARGET,single_t4,T4_16GB,TBD_PROFILE,local_and_data_gates,PLANNED
aea5ec50650c48931c63,screening_5seed,method_screening,ellipticpp_v2,edge_classification,historical_inductive_full,future_missing_graph,equal_mixture,composite,2,DG_NO_TARGET,single_t4,T4_16GB,TBD_PROFILE,local_and_data_gates,PLANNED
8918fda56303bf20009f,screening_5seed,method_screening,ellipticpp_v2,edge_classification,historical_inductive_full,future_missing_graph,equal_mixture,composite,3,DG_NO_TARGET,single_t4,T4_16GB,TBD_PROFILE,local_and_data_gates,PLANNED
ec7ed058d22671bf416c,screening_5seed,method_screening,ellipticpp_v2,edge_classification,historical_inductive_full,future_missing_graph,equal_mixture,composite,4,DG_NO_TARGET,single_t4,T4_16GB,TBD_PROFILE,local_and_data_gates,PLANNED
56cc083d59915a6f3ac3,screening_5seed,method_screening,ellipticpp_v2,edge_classification,historical_inductive_full,future_missing_graph,graphsafe_feature,composite,0,DG_NO_TARGET,single_t4,T4_16GB,TBD_PROFILE,local_and_data_gates,PLANNED
16eb5ad041b91ece1154,screening_5seed,method_screening,ellipticpp_v2,edge_classification,historical_inductive_full,future_missing_graph,graphsafe_feature,composite,1,DG_NO_TARGET,single_t4,T4_16GB,TBD_PROFILE,local_and_data_gates,PLANNED
544bed61b5caa7dcc658,screening_5seed,method_screening,ellipticpp_v2,edge_classification,historical_inductive_full,future_missing_graph,graphsafe_feature,composite,2,DG_NO_TARGET,single_t4,T4_16GB,TBD_PROFILE,local_and_data_gates,PLANNED
c3903a315437ce19c3bd,screening_5seed,method_screening,ellipticpp_v2,edge_classification,historical_inductive_full,future_missing_graph,graphsafe_feature,composite,3,DG_NO_TARGET,single_t4,T4_16GB,TBD_PROFILE,local_and_data_gates,PLANNED
229df525042c02b7471c,screening_5seed,method_screening,ellipticpp_v2,edge_classification,historical_inductive_full,future_missing_graph,graphsafe_feature,composite,4,DG_NO_TARGET,single_t4,T4_16GB,TBD_PROFILE,local_and_data_gates,PLANNED
3cbc5d2b2f27c5e1ff0b,screening_5seed,method_screening,ellipticpp_v2,edge_classification,historical_inductive_full,future_missing_graph,fraudshift_current_gate,composite,0,DG_NO_TARGET,single_t4,T4_16GB,TBD_PROFILE,local_and_data_gates,PLANNED
529c4672a978221ae721,screening_5seed,method_screening,ellipticpp_v2,edge_classification,historical_inductive_full,future_missing_graph,fraudshift_current_gate,composite,1,DG_NO_TARGET,single_t4,T4_16GB,TBD_PROFILE,local_and_data_gates,PLANNED
b2ddd8c09c1dd00a7d2b,screening_5seed,method_screening,ellipticpp_v2,edge_classification,historical_inductive_full,future_missing_graph,fraudshift_current_gate,composite,2,DG_NO_TARGET,single_t4,T4_16GB,TBD_PROFILE,local_and_data_gates,PLANNED
5546842a5a331eedb101,screening_5seed,method_screening,ellipticpp_v2,edge_classification,historical_inductive_full,future_missing_graph,fraudshift_current_gate,composite,3,DG_NO_TARGET,single_t4,T4_16GB,TBD_PROFILE,local_and_data_gates,PLANNED
a7cf50beb22b6b86e4a9,screening_5seed,method_screening,ellipticpp_v2,edge_classification,historical_inductive_full,future_missing_graph,fraudshift_current_gate,composite,4,DG_NO_TARGET,single_t4,T4_16GB,TBD_PROFILE,local_and_data_gates,PLANNED
48408b568db18f85ff0c,screening_5seed,method_screening,ellipticpp_v2,edge_classification,historical_inductive_full,future_missing_graph,coregraph_atomic,composite,0,DG_NO_TARGET,single_t4,T4_16GB,TBD_PROFILE,local_and_data_gates,PLANNED
8cbcea999a3d6c2b6fc2,screening_5seed,method_screening,ellipticpp_v2,edge_classification,historical_inductive_full,future_missing_graph,coregraph_atomic,composite,1,DG_NO_TARGET,single_t4,T4_16GB,TBD_PROFILE,local_and_data_gates,PLANNED
420daa6f4b5b30f7fee1,screening_5seed,method_screening,ellipticpp_v2,edge_classification,historical_inductive_full,future_missing_graph,coregraph_atomic,composite,2,DG_NO_TARGET,single_t4,T4_16GB,TBD_PROFILE,local_and_data_gates,PLANNED
35aa4c2a6d2373d96b41,screening_5seed,method_screening,ellipticpp_v2,edge_classification,historical_inductive_full,future_missing_graph,coregraph_atomic,composite,3,DG_NO_TARGET,single_t4,T4_16GB,TBD_PROFILE,local_and_data_gates,PLANNED
60789366ff95bb97277d,screening_5seed,method_screening,ellipticpp_v2,edge_classification,historical_inductive_full,future_missing_graph,coregraph_atomic,composite,4,DG_NO_TARGET,single_t4,T4_16GB,TBD_PROFILE,local_and_data_gates,PLANNED
dbb8fdbf3b5406d24c8b,screening_5seed,method_screening,ellipticpp_v2,edge_classification,historical_inductive_full,future_missing_graph,coregraph_no_contract,composite,0,DG_NO_TARGET,single_t4,T4_16GB,TBD_PROFILE,local_and_data_gates,PLANNED
8f13ab83d8e39e75bedb,screening_5seed,method_screening,ellipticpp_v2,edge_classification,historical_inductive_full,future_missing_graph,coregraph_no_contract,composite,1,DG_NO_TARGET,single_t4,T4_16GB,TBD_PROFILE,local_and_data_gates,PLANNED
d5c72c892ba6315367ba,screening_5seed,method_screening,ellipticpp_v2,edge_classification,historical_inductive_full,future_missing_graph,coregraph_no_contract,composite,2,DG_NO_TARGET,single_t4,T4_16GB,TBD_PROFILE,local_and_data_gates,PLANNED
0e09d54179e964a9047c,screening_5seed,method_screening,ellipticpp_v2,edge_classification,historical_inductive_full,future_missing_graph,coregraph_no_contract,composite,3,DG_NO_TARGET,single_t4,T4_16GB,TBD_PROFILE,local_and_data_gates,PLANNED
e5372f3af4f493602c15,screening_5seed,method_screening,ellipticpp_v2,edge_classification,historical_inductive_full,future_missing_graph,coregraph_no_contract,composite,4,DG_NO_TARGET,single_t4,T4_16GB,TBD_PROFILE,local_and_data_gates,PLANNED
bbfcfce7285508415919,screening_5seed,method_screening,ellipticpp_v2,edge_classification,historical_inductive_full,future_missing_graph,coregraph_factorised,composite,0,DG_NO_TARGET,single_t4,T4_16GB,TBD_PROFILE,local_and_data_gates,PLANNED
c51d66dbfd447f1c9e77,screening_5seed,method_screening,ellipticpp_v2,edge_classification,historical_inductive_full,future_missing_graph,coregraph_factorised,composite,1,DG_NO_TARGET,single_t4,T4_16GB,TBD_PROFILE,local_and_data_gates,PLANNED
1001f9fdcf03073aed7f,screening_5seed,method_screening,ellipticpp_v2,edge_classification,historical_inductive_full,future_missing_graph,coregraph_factorised,composite,2,DG_NO_TARGET,single_t4,T4_16GB,TBD_PROFILE,local_and_data_gates,PLANNED
2b9eee5cc27b6d71a567,screening_5seed,method_screening,ellipticpp_v2,edge_classification,historical_inductive_full,future_missing_graph,coregraph_factorised,composite,3,DG_NO_TARGET,single_t4,T4_16GB,TBD_PROFILE,local_and_data_gates,PLANNED
26246b031debc50fb913,screening_5seed,method_screening,ellipticpp_v2,edge_classification,historical_inductive_full,future_missing_graph,coregraph_factorised,composite,4,DG_NO_TARGET,single_t4,T4_16GB,TBD_PROFILE,local_and_data_gates,PLANNED
0d936384ec8f93451dae,screening_5seed,method_screening,ellipticpp_v2,edge_classification,historical_inductive_full,future_missing_graph,coregraph_factorised_diagnostics,composite,0,DG_NO_TARGET,single_t4,T4_16GB,TBD_PROFILE,local_and_data_gates,PLANNED
0aaca4ad958223abcdd9,screening_5seed,method_screening,ellipticpp_v2,edge_classification,historical_inductive_full,future_missing_graph,coregraph_factorised_diagnostics,composite,1,DG_NO_TARGET,single_t4,T4_16GB,TBD_PROFILE,local_and_data_gates,PLANNED
7797b9e5b793eae27217,screening_5seed,method_screening,ellipticpp_v2,edge_classification,historical_inductive_full,future_missing_graph,coregraph_factorised_diagnostics,composite,2,DG_NO_TARGET,single_t4,T4_16GB,TBD_PROFILE,local_and_data_gates,PLANNED
9f00aaeb2f92bea240a8,screening_5seed,method_screening,ellipticpp_v2,edge_classification,historical_inductive_full,future_missing_graph,coregraph_factorised_diagnostics,composite,3,DG_NO_TARGET,single_t4,T4_16GB,TBD_PROFILE,local_and_data_gates,PLANNED
b0ae683ca6b90a97c1d6,screening_5seed,method_screening,ellipticpp_v2,edge_classification,historical_inductive_full,future_missing_graph,coregraph_factorised_diagnostics,composite,4,DG_NO_TARGET,single_t4,T4_16GB,TBD_PROFILE,local_and_data_gates,PLANNED
b9889a629ab80ad11f6b,screening_5seed,method_screening,ellipticpp_v2,edge_classification,historical_inductive_full,future_budget_topk,best_single_feasible,composite,0,DG_NO_TARGET,single_t4,T4_16GB,TBD_PROFILE,local_and_data_gates,PLANNED
8f7c7a028021e11c7fc1,screening_5seed,method_screening,ellipticpp_v2,edge_classification,historical_inductive_full,future_budget_topk,best_single_feasible,composite,1,DG_NO_TARGET,single_t4,T4_16GB,TBD_PROFILE,local_and_data_gates,PLANNED
1497ef4fb5044008c382,screening_5seed,method_screening,ellipticpp_v2,edge_classification,historical_inductive_full,future_budget_topk,best_single_feasible,composite,2,DG_NO_TARGET,single_t4,T4_16GB,TBD_PROFILE,local_and_data_gates,PLANNED
e55d91c218ab9c16e618,screening_5seed,method_screening,ellipticpp_v2,edge_classification,historical_inductive_full,future_budget_topk,best_single_feasible,composite,3,DG_NO_TARGET,single_t4,T4_16GB,TBD_PROFILE,local_and_data_gates,PLANNED
56bfd07d0e17d9478a5d,screening_5seed,method_screening,ellipticpp_v2,edge_classification,historical_inductive_full,future_budget_topk,best_single_feasible,composite,4,DG_NO_TARGET,single_t4,T4_16GB,TBD_PROFILE,local_and_data_gates,PLANNED
3232303e3dcd5aaf5cb7,screening_5seed,method_screening,ellipticpp_v2,edge_classification,historical_inductive_full,future_budget_topk,equal_mixture,composite,0,DG_NO_TARGET,single_t4,T4_16GB,TBD_PROFILE,local_and_data_gates,PLANNED
33f1938a5f263dc9810d,screening_5seed,method_screening,ellipticpp_v2,edge_classification,historical_inductive_full,future_budget_topk,equal_mixture,composite,1,DG_NO_TARGET,single_t4,T4_16GB,TBD_PROFILE,local_and_data_gates,PLANNED
ca81bf39300e709724cc,screening_5seed,method_screening,ellipticpp_v2,edge_classification,historical_inductive_full,future_budget_topk,equal_mixture,composite,2,DG_NO_TARGET,single_t4,T4_16GB,TBD_PROFILE,local_and_data_gates,PLANNED
a7e1f31586137b8dcb8c,screening_5seed,method_screening,ellipticpp_v2,edge_classification,historical_inductive_full,future_budget_topk,equal_mixture,composite,3,DG_NO_TARGET,single_t4,T4_16GB,TBD_PROFILE,local_and_data_gates,PLANNED
069d0c5a5ad761ddeeec,screening_5seed,method_screening,ellipticpp_v2,edge_classification,historical_inductive_full,future_budget_topk,equal_mixture,composite,4,DG_NO_TARGET,single_t4,T4_16GB,TBD_PROFILE,local_and_data_gates,PLANNED
03feff3b08ebfdb14247,screening_5seed,method_screening,ellipticpp_v2,edge_classification,historical_inductive_full,future_budget_topk,graphsafe_feature,composite,0,DG_NO_TARGET,single_t4,T4_16GB,TBD_PROFILE,local_and_data_gates,PLANNED
00a9cc4d864b12050ffe,screening_5seed,method_screening,ellipticpp_v2,edge_classification,historical_inductive_full,future_budget_topk,graphsafe_feature,composite,1,DG_NO_TARGET,single_t4,T4_16GB,TBD_PROFILE,local_and_data_gates,PLANNED
00af73eec6ff41b2fe44,screening_5seed,method_screening,ellipticpp_v2,edge_classification,historical_inductive_full,future_budget_topk,graphsafe_feature,composite,2,DG_NO_TARGET,single_t4,T4_16GB,TBD_PROFILE,local_and_data_gates,PLANNED
a0442e8d3450f93f6921,screening_5seed,method_screening,ellipticpp_v2,edge_classification,historical_inductive_full,future_budget_topk,graphsafe_feature,composite,3,DG_NO_TARGET,single_t4,T4_16GB,TBD_PROFILE,local_and_data_gates,PLANNED
8b1af82df50291042c9a,screening_5seed,method_screening,ellipticpp_v2,edge_classification,historical_inductive_full,future_budget_topk,graphsafe_feature,composite,4,DG_NO_TARGET,single_t4,T4_16GB,TBD_PROFILE,local_and_data_gates,PLANNED
22f7425a46f93ea7d68b,screening_5seed,method_screening,ellipticpp_v2,edge_classification,historical_inductive_full,future_budget_topk,fraudshift_current_gate,composite,0,DG_NO_TARGET,single_t4,T4_16GB,TBD_PROFILE,local_and_data_gates,PLANNED
a378f92948c707a33356,screening_5seed,method_screening,ellipticpp_v2,edge_classification,historical_inductive_full,future_budget_topk,fraudshift_current_gate,composite,1,DG_NO_TARGET,single_t4,T4_16GB,TBD_PROFILE,local_and_data_gates,PLANNED
9703b3b44bac2d8d1da9,screening_5seed,method_screening,ellipticpp_v2,edge_classification,historical_inductive_full,future_budget_topk,fraudshift_current_gate,composite,2,DG_NO_TARGET,single_t4,T4_16GB,TBD_PROFILE,local_and_data_gates,PLANNED
3245f0a3170fef39db72,screening_5seed,method_screening,ellipticpp_v2,edge_classification,historical_inductive_full,future_budget_topk,fraudshift_current_gate,composite,3,DG_NO_TARGET,single_t4,T4_16GB,TBD_PROFILE,local_and_data_gates,PLANNED
4cfa1bde398fd2c4e1a7,screening_5seed,method_screening,ellipticpp_v2,edge_classification,historical_inductive_full,future_budget_topk,fraudshift_current_gate,composite,4,DG_NO_TARGET,single_t4,T4_16GB,TBD_PROFILE,local_and_data_gates,PLANNED
e88fd533923185a0d38d,screening_5seed,method_screening,ellipticpp_v2,edge_classification,historical_inductive_full,future_budget_topk,coregraph_atomic,composite,0,DG_NO_TARGET,single_t4,T4_16GB,TBD_PROFILE,local_and_data_gates,PLANNED
2d5f31f827d4bec1de6f,screening_5seed,method_screening,ellipticpp_v2,edge_classification,historical_inductive_full,future_budget_topk,coregraph_atomic,composite,1,DG_NO_TARGET,single_t4,T4_16GB,TBD_PROFILE,local_and_data_gates,PLANNED
73f4c4edc2b0fe45aa8c,screening_5seed,method_screening,ellipticpp_v2,edge_classification,historical_inductive_full,future_budget_topk,coregraph_atomic,composite,2,DG_NO_TARGET,single_t4,T4_16GB,TBD_PROFILE,local_and_data_gates,PLANNED
7ce51ae72671bbefb008,screening_5seed,method_screening,ellipticpp_v2,edge_classification,historical_inductive_full,future_budget_topk,coregraph_atomic,composite,3,DG_NO_TARGET,single_t4,T4_16GB,TBD_PROFILE,local_and_data_gates,PLANNED
b600fbf6294ab941f3d2,screening_5seed,method_screening,ellipticpp_v2,edge_classification,historical_inductive_full,future_budget_topk,coregraph_atomic,composite,4,DG_NO_TARGET,single_t4,T4_16GB,TBD_PROFILE,local_and_data_gates,PLANNED
9d10f9715c004c494c87,screening_5seed,method_screening,ellipticpp_v2,edge_classification,historical_inductive_full,future_budget_topk,coregraph_no_contract,composite,0,DG_NO_TARGET,single_t4,T4_16GB,TBD_PROFILE,local_and_data_gates,PLANNED
9fb91eaecca461458eeb,screening_5seed,method_screening,ellipticpp_v2,edge_classification,historical_inductive_full,future_budget_topk,coregraph_no_contract,composite,1,DG_NO_TARGET,single_t4,T4_16GB,TBD_PROFILE,local_and_data_gates,PLANNED
51bfe027a34643a501d3,screening_5seed,method_screening,ellipticpp_v2,edge_classification,historical_inductive_full,future_budget_topk,coregraph_no_contract,composite,2,DG_NO_TARGET,single_t4,T4_16GB,TBD_PROFILE,local_and_data_gates,PLANNED
4f16cd600d4b7aced29c,screening_5seed,method_screening,ellipticpp_v2,edge_classification,historical_inductive_full,future_budget_topk,coregraph_no_contract,composite,3,DG_NO_TARGET,single_t4,T4_16GB,TBD_PROFILE,local_and_data_gates,PLANNED
38a442c3263923ffb69d,screening_5seed,method_screening,ellipticpp_v2,edge_classification,historical_inductive_full,future_budget_topk,coregraph_no_contract,composite,4,DG_NO_TARGET,single_t4,T4_16GB,TBD_PROFILE,local_and_data_gates,PLANNED
cf6f679b6b0f3abba3c4,screening_5seed,method_screening,ellipticpp_v2,edge_classification,historical_inductive_full,future_budget_topk,coregraph_factorised,composite,0,DG_NO_TARGET,single_t4,T4_16GB,TBD_PROFILE,local_and_data_gates,PLANNED
8bceb0c3db770d96125e,screening_5seed,method_screening,ellipticpp_v2,edge_classification,historical_inductive_full,future_budget_topk,coregraph_factorised,composite,1,DG_NO_TARGET,single_t4,T4_16GB,TBD_PROFILE,local_and_data_gates,PLANNED
4fd803368af4f4a1af6c,screening_5seed,method_screening,ellipticpp_v2,edge_classification,historical_inductive_full,future_budget_topk,coregraph_factorised,composite,2,DG_NO_TARGET,single_t4,T4_16GB,TBD_PROFILE,local_and_data_gates,PLANNED
99cf35520e36b0462789,screening_5seed,method_screening,ellipticpp_v2,edge_classification,historical_inductive_full,future_budget_topk,coregraph_factorised,composite,3,DG_NO_TARGET,single_t4,T4_16GB,TBD_PROFILE,local_and_data_gates,PLANNED
6a43928e514ad71fca2e,screening_5seed,method_screening,ellipticpp_v2,edge_classification,historical_inductive_full,future_budget_topk,coregraph_factorised,composite,4,DG_NO_TARGET,single_t4,T4_16GB,TBD_PROFILE,local_and_data_gates,PLANNED
3474c24356803df74715,screening_5seed,method_screening,ellipticpp_v2,edge_classification,historical_inductive_full,future_budget_topk,coregraph_factorised_diagnostics,composite,0,DG_NO_TARGET,single_t4,T4_16GB,TBD_PROFILE,local_and_data_gates,PLANNED
d72aba441ae411f070b0,screening_5seed,method_screening,ellipticpp_v2,edge_classification,historical_inductive_full,future_budget_topk,coregraph_factorised_diagnostics,composite,1,DG_NO_TARGET,single_t4,T4_16GB,TBD_PROFILE,local_and_data_gates,PLANNED
5f13e4ef8589664ef389,screening_5seed,method_screening,ellipticpp_v2,edge_classification,historical_inductive_full,future_budget_topk,coregraph_factorised_diagnostics,composite,2,DG_NO_TARGET,single_t4,T4_16GB,TBD_PROFILE,local_and_data_gates,PLANNED
fd2c73ddb958bf3faa36,screening_5seed,method_screening,ellipticpp_v2,edge_classification,historical_inductive_full,future_budget_topk,coregraph_factorised_diagnostics,composite,3,DG_NO_TARGET,single_t4,T4_16GB,TBD_PROFILE,local_and_data_gates,PLANNED
5ce869a3f5ee9d777466,screening_5seed,method_screening,ellipticpp_v2,edge_classification,historical_inductive_full,future_budget_topk,coregraph_factorised_diagnostics,composite,4,DG_NO_TARGET,single_t4,T4_16GB,TBD_PROFILE,local_and_data_gates,PLANNED
b0169a42f181f0feabe5,screening_5seed,method_screening,ellipticpp_v2,edge_classification,historical_transductive_full,future_resource_limited,best_single_feasible,composite,0,DG_NO_TARGET,single_t4,T4_16GB,TBD_PROFILE,local_and_data_gates,PLANNED
74e663fb2f8753b950b9,screening_5seed,method_screening,ellipticpp_v2,edge_classification,historical_transductive_full,future_resource_limited,best_single_feasible,composite,1,DG_NO_TARGET,single_t4,T4_16GB,TBD_PROFILE,local_and_data_gates,PLANNED
3f746aaadc3e63502fd7,screening_5seed,method_screening,ellipticpp_v2,edge_classification,historical_transductive_full,future_resource_limited,best_single_feasible,composite,2,DG_NO_TARGET,single_t4,T4_16GB,TBD_PROFILE,local_and_data_gates,PLANNED
cdf7a0f94c9d8e832705,screening_5seed,method_screening,ellipticpp_v2,edge_classification,historical_transductive_full,future_resource_limited,best_single_feasible,composite,3,DG_NO_TARGET,single_t4,T4_16GB,TBD_PROFILE,local_and_data_gates,PLANNED
a5a4e9b5e5ea0f7b39be,screening_5seed,method_screening,ellipticpp_v2,edge_classification,historical_transductive_full,future_resource_limited,best_single_feasible,composite,4,DG_NO_TARGET,single_t4,T4_16GB,TBD_PROFILE,local_and_data_gates,PLANNED
b989b217025631216ad5,screening_5seed,method_screening,ellipticpp_v2,edge_classification,historical_transductive_full,future_resource_limited,equal_mixture,composite,0,DG_NO_TARGET,single_t4,T4_16GB,TBD_PROFILE,local_and_data_gates,PLANNED
b455d16a27a802e4642e,screening_5seed,method_screening,ellipticpp_v2,edge_classification,historical_transductive_full,future_resource_limited,equal_mixture,composite,1,DG_NO_TARGET,single_t4,T4_16GB,TBD_PROFILE,local_and_data_gates,PLANNED
dce219976701474cc1c5,screening_5seed,method_screening,ellipticpp_v2,edge_classification,historical_transductive_full,future_resource_limited,equal_mixture,composite,2,DG_NO_TARGET,single_t4,T4_16GB,TBD_PROFILE,local_and_data_gates,PLANNED
b8bba4c28651925bd15a,screening_5seed,method_screening,ellipticpp_v2,edge_classification,historical_transductive_full,future_resource_limited,equal_mixture,composite,3,DG_NO_TARGET,single_t4,T4_16GB,TBD_PROFILE,local_and_data_gates,PLANNED
1d462bf54872c4e64e40,screening_5seed,method_screening,ellipticpp_v2,edge_classification,historical_transductive_full,future_resource_limited,equal_mixture,composite,4,DG_NO_TARGET,single_t4,T4_16GB,TBD_PROFILE,local_and_data_gates,PLANNED
1788b2780a9909a45138,screening_5seed,method_screening,ellipticpp_v2,edge_classification,historical_transductive_full,future_resource_limited,graphsafe_feature,composite,0,DG_NO_TARGET,single_t4,T4_16GB,TBD_PROFILE,local_and_data_gates,PLANNED
59be704c7e290df3b256,screening_5seed,method_screening,ellipticpp_v2,edge_classification,historical_transductive_full,future_resource_limited,graphsafe_feature,composite,1,DG_NO_TARGET,single_t4,T4_16GB,TBD_PROFILE,local_and_data_gates,PLANNED
84164a34f961a54fd01a,screening_5seed,method_screening,ellipticpp_v2,edge_classification,historical_transductive_full,future_resource_limited,graphsafe_feature,composite,2,DG_NO_TARGET,single_t4,T4_16GB,TBD_PROFILE,local_and_data_gates,PLANNED
12c059e928af11cb0309,screening_5seed,method_screening,ellipticpp_v2,edge_classification,historical_transductive_full,future_resource_limited,graphsafe_feature,composite,3,DG_NO_TARGET,single_t4,T4_16GB,TBD_PROFILE,local_and_data_gates,PLANNED
5dedf0c748ee7627bbd2,screening_5seed,method_screening,ellipticpp_v2,edge_classification,historical_transductive_full,future_resource_limited,graphsafe_feature,composite,4,DG_NO_TARGET,single_t4,T4_16GB,TBD_PROFILE,local_and_data_gates,PLANNED
9fbf840b9db6f70c2184,screening_5seed,method_screening,ellipticpp_v2,edge_classification,historical_transductive_full,future_resource_limited,fraudshift_current_gate,composite,0,DG_NO_TARGET,single_t4,T4_16GB,TBD_PROFILE,local_and_data_gates,PLANNED
a52d1acd36d00a52d4bb,screening_5seed,method_screening,ellipticpp_v2,edge_classification,historical_transductive_full,future_resource_limited,fraudshift_current_gate,composite,1,DG_NO_TARGET,single_t4,T4_16GB,TBD_PROFILE,local_and_data_gates,PLANNED
1727abf9397aa9fe77d9,screening_5seed,method_screening,ellipticpp_v2,edge_classification,historical_transductive_full,future_resource_limited,fraudshift_current_gate,composite,2,DG_NO_TARGET,single_t4,T4_16GB,TBD_PROFILE,local_and_data_gates,PLANNED
7dedd7d86aaded9bc754,screening_5seed,method_screening,ellipticpp_v2,edge_classification,historical_transductive_full,future_resource_limited,fraudshift_current_gate,composite,3,DG_NO_TARGET,single_t4,T4_16GB,TBD_PROFILE,local_and_data_gates,PLANNED
79dfeacc92a380202318,screening_5seed,method_screening,ellipticpp_v2,edge_classification,historical_transductive_full,future_resource_limited,fraudshift_current_gate,composite,4,DG_NO_TARGET,single_t4,T4_16GB,TBD_PROFILE,local_and_data_gates,PLANNED
c0254071b35cbba6020e,screening_5seed,method_screening,ellipticpp_v2,edge_classification,historical_transductive_full,future_resource_limited,coregraph_atomic,composite,0,DG_NO_TARGET,single_t4,T4_16GB,TBD_PROFILE,local_and_data_gates,PLANNED
ec65663b69cb67f76afd,screening_5seed,method_screening,ellipticpp_v2,edge_classification,historical_transductive_full,future_resource_limited,coregraph_atomic,composite,1,DG_NO_TARGET,single_t4,T4_16GB,TBD_PROFILE,local_and_data_gates,PLANNED
91809006a4e444aed2de,screening_5seed,method_screening,ellipticpp_v2,edge_classification,historical_transductive_full,future_resource_limited,coregraph_atomic,composite,2,DG_NO_TARGET,single_t4,T4_16GB,TBD_PROFILE,local_and_data_gates,PLANNED
88a15005b53bc8897944,screening_5seed,method_screening,ellipticpp_v2,edge_classification,historical_transductive_full,future_resource_limited,coregraph_atomic,composite,3,DG_NO_TARGET,single_t4,T4_16GB,TBD_PROFILE,local_and_data_gates,PLANNED
0f0a4b86e332504c2c5f,screening_5seed,method_screening,ellipticpp_v2,edge_classification,historical_transductive_full,future_resource_limited,coregraph_atomic,composite,4,DG_NO_TARGET,single_t4,T4_16GB,TBD_PROFILE,local_and_data_gates,PLANNED
b6c2ed005d45bfab8521,screening_5seed,method_screening,ellipticpp_v2,edge_classification,historical_transductive_full,future_resource_limited,coregraph_no_contract,composite,0,DG_NO_TARGET,single_t4,T4_16GB,TBD_PROFILE,local_and_data_gates,PLANNED
d957b6aed65ddf0387dc,screening_5seed,method_screening,ellipticpp_v2,edge_classification,historical_transductive_full,future_resource_limited,coregraph_no_contract,composite,1,DG_NO_TARGET,single_t4,T4_16GB,TBD_PROFILE,local_and_data_gates,PLANNED
039c085674c74ee2b24d,screening_5seed,method_screening,ellipticpp_v2,edge_classification,historical_transductive_full,future_resource_limited,coregraph_no_contract,composite,2,DG_NO_TARGET,single_t4,T4_16GB,TBD_PROFILE,local_and_data_gates,PLANNED
9156effebb5f5885ef37,screening_5seed,method_screening,ellipticpp_v2,edge_classification,historical_transductive_full,future_resource_limited,coregraph_no_contract,composite,3,DG_NO_TARGET,single_t4,T4_16GB,TBD_PROFILE,local_and_data_gates,PLANNED
22af40c42ee1d8b8ce34,screening_5seed,method_screening,ellipticpp_v2,edge_classification,historical_transductive_full,future_resource_limited,coregraph_no_contract,composite,4,DG_NO_TARGET,single_t4,T4_16GB,TBD_PROFILE,local_and_data_gates,PLANNED
0fabb8cc6d807e3d6948,screening_5seed,method_screening,ellipticpp_v2,edge_classification,historical_transductive_full,future_resource_limited,coregraph_factorised,composite,0,DG_NO_TARGET,single_t4,T4_16GB,TBD_PROFILE,local_and_data_gates,PLANNED
a1b9cf447c15c59a39f6,screening_5seed,method_screening,ellipticpp_v2,edge_classification,historical_transductive_full,future_resource_limited,coregraph_factorised,composite,1,DG_NO_TARGET,single_t4,T4_16GB,TBD_PROFILE,local_and_data_gates,PLANNED
c86d09e704c72fef61a2,screening_5seed,method_screening,ellipticpp_v2,edge_classification,historical_transductive_full,future_resource_limited,coregraph_factorised,composite,2,DG_NO_TARGET,single_t4,T4_16GB,TBD_PROFILE,local_and_data_gates,PLANNED
c384e1733fd89edef376,screening_5seed,method_screening,ellipticpp_v2,edge_classification,historical_transductive_full,future_resource_limited,coregraph_factorised,composite,3,DG_NO_TARGET,single_t4,T4_16GB,TBD_PROFILE,local_and_data_gates,PLANNED
aae9e6bdf4b4dbfbbc14,screening_5seed,method_screening,ellipticpp_v2,edge_classification,historical_transductive_full,future_resource_limited,coregraph_factorised,composite,4,DG_NO_TARGET,single_t4,T4_16GB,TBD_PROFILE,local_and_data_gates,PLANNED
8f39761b9513299ee538,screening_5seed,method_screening,ellipticpp_v2,edge_classification,historical_transductive_full,future_resource_limited,coregraph_factorised_diagnostics,composite,0,DG_NO_TARGET,single_t4,T4_16GB,TBD_PROFILE,local_and_data_gates,PLANNED
2beec74064bffc587c75,screening_5seed,method_screening,ellipticpp_v2,edge_classification,historical_transductive_full,future_resource_limited,coregraph_factorised_diagnostics,composite,1,DG_NO_TARGET,single_t4,T4_16GB,TBD_PROFILE,local_and_data_gates,PLANNED
a134bc3bb8269401910c,screening_5seed,method_screening,ellipticpp_v2,edge_classification,historical_transductive_full,future_resource_limited,coregraph_factorised_diagnostics,composite,2,DG_NO_TARGET,single_t4,T4_16GB,TBD_PROFILE,local_and_data_gates,PLANNED
6dc410c2fe1c0ab61de8,screening_5seed,method_screening,ellipticpp_v2,edge_classification,historical_transductive_full,future_resource_limited,coregraph_factorised_diagnostics,composite,3,DG_NO_TARGET,single_t4,T4_16GB,TBD_PROFILE,local_and_data_gates,PLANNED
46aebeaf4d572439a2b9,screening_5seed,method_screening,ellipticpp_v2,edge_classification,historical_transductive_full,future_resource_limited,coregraph_factorised_diagnostics,composite,4,DG_NO_TARGET,single_t4,T4_16GB,TBD_PROFILE,local_and_data_gates,PLANNED
4a6754a2f7e6bcf505ac,screening_5seed,method_screening,ibm_aml_small,transaction_classification,historical_transductive_full,future_inductive_full,best_single_feasible,composite,0,DG_NO_TARGET,single_t4,T4_16GB,TBD_PROFILE,local_and_data_gates,PLANNED
454ac198b5b18afab61f,screening_5seed,method_screening,ibm_aml_small,transaction_classification,historical_transductive_full,future_inductive_full,best_single_feasible,composite,1,DG_NO_TARGET,single_t4,T4_16GB,TBD_PROFILE,local_and_data_gates,PLANNED
26b8cb95c6b846953551,screening_5seed,method_screening,ibm_aml_small,transaction_classification,historical_transductive_full,future_inductive_full,best_single_feasible,composite,2,DG_NO_TARGET,single_t4,T4_16GB,TBD_PROFILE,local_and_data_gates,PLANNED
809fe30767af9299eb9e,screening_5seed,method_screening,ibm_aml_small,transaction_classification,historical_transductive_full,future_inductive_full,best_single_feasible,composite,3,DG_NO_TARGET,single_t4,T4_16GB,TBD_PROFILE,local_and_data_gates,PLANNED
63b2214f7a3373ebb3ed,screening_5seed,method_screening,ibm_aml_small,transaction_classification,historical_transductive_full,future_inductive_full,best_single_feasible,composite,4,DG_NO_TARGET,single_t4,T4_16GB,TBD_PROFILE,local_and_data_gates,PLANNED
d5c21848ea1fec143731,screening_5seed,method_screening,ibm_aml_small,transaction_classification,historical_transductive_full,future_inductive_full,equal_mixture,composite,0,DG_NO_TARGET,single_t4,T4_16GB,TBD_PROFILE,local_and_data_gates,PLANNED
9347676ecb6f8854d4c5,screening_5seed,method_screening,ibm_aml_small,transaction_classification,historical_transductive_full,future_inductive_full,equal_mixture,composite,1,DG_NO_TARGET,single_t4,T4_16GB,TBD_PROFILE,local_and_data_gates,PLANNED
1174684e996aa79b567a,screening_5seed,method_screening,ibm_aml_small,transaction_classification,historical_transductive_full,future_inductive_full,equal_mixture,composite,2,DG_NO_TARGET,single_t4,T4_16GB,TBD_PROFILE,local_and_data_gates,PLANNED
74b1968552fec9269fed,screening_5seed,method_screening,ibm_aml_small,transaction_classification,historical_transductive_full,future_inductive_full,equal_mixture,composite,3,DG_NO_TARGET,single_t4,T4_16GB,TBD_PROFILE,local_and_data_gates,PLANNED
40f664f1ad8190d1f971,screening_5seed,method_screening,ibm_aml_small,transaction_classification,historical_transductive_full,future_inductive_full,equal_mixture,composite,4,DG_NO_TARGET,single_t4,T4_16GB,TBD_PROFILE,local_and_data_gates,PLANNED
c487a7d0b6d355a98bd9,screening_5seed,method_screening,ibm_aml_small,transaction_classification,historical_transductive_full,future_inductive_full,graphsafe_feature,composite,0,DG_NO_TARGET,single_t4,T4_16GB,TBD_PROFILE,local_and_data_gates,PLANNED
d7c88a35f44b7b85a8ee,screening_5seed,method_screening,ibm_aml_small,transaction_classification,historical_transductive_full,future_inductive_full,graphsafe_feature,composite,1,DG_NO_TARGET,single_t4,T4_16GB,TBD_PROFILE,local_and_data_gates,PLANNED
9508e0f616c35611688d,screening_5seed,method_screening,ibm_aml_small,transaction_classification,historical_transductive_full,future_inductive_full,graphsafe_feature,composite,2,DG_NO_TARGET,single_t4,T4_16GB,TBD_PROFILE,local_and_data_gates,PLANNED
197ebf490166e0cd2fcd,screening_5seed,method_screening,ibm_aml_small,transaction_classification,historical_transductive_full,future_inductive_full,graphsafe_feature,composite,3,DG_NO_TARGET,single_t4,T4_16GB,TBD_PROFILE,local_and_data_gates,PLANNED
ede7fde634cda7787e31,screening_5seed,method_screening,ibm_aml_small,transaction_classification,historical_transductive_full,future_inductive_full,graphsafe_feature,composite,4,DG_NO_TARGET,single_t4,T4_16GB,TBD_PROFILE,local_and_data_gates,PLANNED
22ae444a71ef867fd4f1,screening_5seed,method_screening,ibm_aml_small,transaction_classification,historical_transductive_full,future_inductive_full,fraudshift_current_gate,composite,0,DG_NO_TARGET,single_t4,T4_16GB,TBD_PROFILE,local_and_data_gates,PLANNED
b3e876b74219a080795c,screening_5seed,method_screening,ibm_aml_small,transaction_classification,historical_transductive_full,future_inductive_full,fraudshift_current_gate,composite,1,DG_NO_TARGET,single_t4,T4_16GB,TBD_PROFILE,local_and_data_gates,PLANNED
c5ac48c0c6d810144fd8,screening_5seed,method_screening,ibm_aml_small,transaction_classification,historical_transductive_full,future_inductive_full,fraudshift_current_gate,composite,2,DG_NO_TARGET,single_t4,T4_16GB,TBD_PROFILE,local_and_data_gates,PLANNED
16ca872d7f1bdf116b8c,screening_5seed,method_screening,ibm_aml_small,transaction_classification,historical_transductive_full,future_inductive_full,fraudshift_current_gate,composite,3,DG_NO_TARGET,single_t4,T4_16GB,TBD_PROFILE,local_and_data_gates,PLANNED
32ffc58ab5c6597357bb,screening_5seed,method_screening,ibm_aml_small,transaction_classification,historical_transductive_full,future_inductive_full,fraudshift_current_gate,composite,4,DG_NO_TARGET,single_t4,T4_16GB,TBD_PROFILE,local_and_data_gates,PLANNED
28261d41a6d83eea83ea,screening_5seed,method_screening,ibm_aml_small,transaction_classification,historical_transductive_full,future_inductive_full,coregraph_atomic,composite,0,DG_NO_TARGET,single_t4,T4_16GB,TBD_PROFILE,local_and_data_gates,PLANNED
c69208a1bb02a789157d,screening_5seed,method_screening,ibm_aml_small,transaction_classification,historical_transductive_full,future_inductive_full,coregraph_atomic,composite,1,DG_NO_TARGET,single_t4,T4_16GB,TBD_PROFILE,local_and_data_gates,PLANNED
05ba3968c2f07075b3d2,screening_5seed,method_screening,ibm_aml_small,transaction_classification,historical_transductive_full,future_inductive_full,coregraph_atomic,composite,2,DG_NO_TARGET,single_t4,T4_16GB,TBD_PROFILE,local_and_data_gates,PLANNED
23a2a36ea78f627929e3,screening_5seed,method_screening,ibm_aml_small,transaction_classification,historical_transductive_full,future_inductive_full,coregraph_atomic,composite,3,DG_NO_TARGET,single_t4,T4_16GB,TBD_PROFILE,local_and_data_gates,PLANNED
1745e02eb81f7a848df6,screening_5seed,method_screening,ibm_aml_small,transaction_classification,historical_transductive_full,future_inductive_full,coregraph_atomic,composite,4,DG_NO_TARGET,single_t4,T4_16GB,TBD_PROFILE,local_and_data_gates,PLANNED
facb9bae880403f72b77,screening_5seed,method_screening,ibm_aml_small,transaction_classification,historical_transductive_full,future_inductive_full,coregraph_no_contract,composite,0,DG_NO_TARGET,single_t4,T4_16GB,TBD_PROFILE,local_and_data_gates,PLANNED
0151e552617f18b6f084,screening_5seed,method_screening,ibm_aml_small,transaction_classification,historical_transductive_full,future_inductive_full,coregraph_no_contract,composite,1,DG_NO_TARGET,single_t4,T4_16GB,TBD_PROFILE,local_and_data_gates,PLANNED
68daffa4eb490007d2d8,screening_5seed,method_screening,ibm_aml_small,transaction_classification,historical_transductive_full,future_inductive_full,coregraph_no_contract,composite,2,DG_NO_TARGET,single_t4,T4_16GB,TBD_PROFILE,local_and_data_gates,PLANNED
df77e18973cca5569986,screening_5seed,method_screening,ibm_aml_small,transaction_classification,historical_transductive_full,future_inductive_full,coregraph_no_contract,composite,3,DG_NO_TARGET,single_t4,T4_16GB,TBD_PROFILE,local_and_data_gates,PLANNED
d0b26c7c1dcc565e9066,screening_5seed,method_screening,ibm_aml_small,transaction_classification,historical_transductive_full,future_inductive_full,coregraph_no_contract,composite,4,DG_NO_TARGET,single_t4,T4_16GB,TBD_PROFILE,local_and_data_gates,PLANNED
df1c118dc4040e2d98ff,screening_5seed,method_screening,ibm_aml_small,transaction_classification,historical_transductive_full,future_inductive_full,coregraph_factorised,composite,0,DG_NO_TARGET,single_t4,T4_16GB,TBD_PROFILE,local_and_data_gates,PLANNED
969213f6fc0dca6888c5,screening_5seed,method_screening,ibm_aml_small,transaction_classification,historical_transductive_full,future_inductive_full,coregraph_factorised,composite,1,DG_NO_TARGET,single_t4,T4_16GB,TBD_PROFILE,local_and_data_gates,PLANNED
7d023b71144b9a03f7ef,screening_5seed,method_screening,ibm_aml_small,transaction_classification,historical_transductive_full,future_inductive_full,coregraph_factorised,composite,2,DG_NO_TARGET,single_t4,T4_16GB,TBD_PROFILE,local_and_data_gates,PLANNED
684d4ce79ef0bc10d67a,screening_5seed,method_screening,ibm_aml_small,transaction_classification,historical_transductive_full,future_inductive_full,coregraph_factorised,composite,3,DG_NO_TARGET,single_t4,T4_16GB,TBD_PROFILE,local_and_data_gates,PLANNED
faab5538e4f1ab120f3b,screening_5seed,method_screening,ibm_aml_small,transaction_classification,historical_transductive_full,future_inductive_full,coregraph_factorised,composite,4,DG_NO_TARGET,single_t4,T4_16GB,TBD_PROFILE,local_and_data_gates,PLANNED
d7ea102e308991d176b5,screening_5seed,method_screening,ibm_aml_small,transaction_classification,historical_transductive_full,future_inductive_full,coregraph_factorised_diagnostics,composite,0,DG_NO_TARGET,single_t4,T4_16GB,TBD_PROFILE,local_and_data_gates,PLANNED
3374264a02af3266a8d0,screening_5seed,method_screening,ibm_aml_small,transaction_classification,historical_transductive_full,future_inductive_full,coregraph_factorised_diagnostics,composite,1,DG_NO_TARGET,single_t4,T4_16GB,TBD_PROFILE,local_and_data_gates,PLANNED
15321b9bcc383f38935b,screening_5seed,method_screening,ibm_aml_small,transaction_classification,historical_transductive_full,future_inductive_full,coregraph_factorised_diagnostics,composite,2,DG_NO_TARGET,single_t4,T4_16GB,TBD_PROFILE,local_and_data_gates,PLANNED
50e44d6d8fb96de3e822,screening_5seed,method_screening,ibm_aml_small,transaction_classification,historical_transductive_full,future_inductive_full,coregraph_factorised_diagnostics,composite,3,DG_NO_TARGET,single_t4,T4_16GB,TBD_PROFILE,local_and_data_gates,PLANNED
7ccadab043498530c397,screening_5seed,method_screening,ibm_aml_small,transaction_classification,historical_transductive_full,future_inductive_full,coregraph_factorised_diagnostics,composite,4,DG_NO_TARGET,single_t4,T4_16GB,TBD_PROFILE,local_and_data_gates,PLANNED
39cd657e29c13c450958,screening_5seed,method_screening,ibm_aml_small,transaction_classification,historical_transductive_full,future_inductive_recent,best_single_feasible,composite,0,DG_NO_TARGET,single_t4,T4_16GB,TBD_PROFILE,local_and_data_gates,PLANNED
df086e0108d1049bdce6,screening_5seed,method_screening,ibm_aml_small,transaction_classification,historical_transductive_full,future_inductive_recent,best_single_feasible,composite,1,DG_NO_TARGET,single_t4,T4_16GB,TBD_PROFILE,local_and_data_gates,PLANNED
f957650217c0ceec895c,screening_5seed,method_screening,ibm_aml_small,transaction_classification,historical_transductive_full,future_inductive_recent,best_single_feasible,composite,2,DG_NO_TARGET,single_t4,T4_16GB,TBD_PROFILE,local_and_data_gates,PLANNED
5210a8b3bbe648e69a6b,screening_5seed,method_screening,ibm_aml_small,transaction_classification,historical_transductive_full,future_inductive_recent,best_single_feasible,composite,3,DG_NO_TARGET,single_t4,T4_16GB,TBD_PROFILE,local_and_data_gates,PLANNED
d76279d700d002c49cac,screening_5seed,method_screening,ibm_aml_small,transaction_classification,historical_transductive_full,future_inductive_recent,best_single_feasible,composite,4,DG_NO_TARGET,single_t4,T4_16GB,TBD_PROFILE,local_and_data_gates,PLANNED
c3f86db16727937af3f5,screening_5seed,method_screening,ibm_aml_small,transaction_classification,historical_transductive_full,future_inductive_recent,equal_mixture,composite,0,DG_NO_TARGET,single_t4,T4_16GB,TBD_PROFILE,local_and_data_gates,PLANNED
415f2f44747a9aa20958,screening_5seed,method_screening,ibm_aml_small,transaction_classification,historical_transductive_full,future_inductive_recent,equal_mixture,composite,1,DG_NO_TARGET,single_t4,T4_16GB,TBD_PROFILE,local_and_data_gates,PLANNED
52e6a32e9481093d073c,screening_5seed,method_screening,ibm_aml_small,transaction_classification,historical_transductive_full,future_inductive_recent,equal_mixture,composite,2,DG_NO_TARGET,single_t4,T4_16GB,TBD_PROFILE,local_and_data_gates,PLANNED
47244aa36e699166a61e,screening_5seed,method_screening,ibm_aml_small,transaction_classification,historical_transductive_full,future_inductive_recent,equal_mixture,composite,3,DG_NO_TARGET,single_t4,T4_16GB,TBD_PROFILE,local_and_data_gates,PLANNED
4535916c6feb8b148e0c,screening_5seed,method_screening,ibm_aml_small,transaction_classification,historical_transductive_full,future_inductive_recent,equal_mixture,composite,4,DG_NO_TARGET,single_t4,T4_16GB,TBD_PROFILE,local_and_data_gates,PLANNED
6fa6ca935ea179968bb6,screening_5seed,method_screening,ibm_aml_small,transaction_classification,historical_transductive_full,future_inductive_recent,graphsafe_feature,composite,0,DG_NO_TARGET,single_t4,T4_16GB,TBD_PROFILE,local_and_data_gates,PLANNED
1711fadc2aed3ebe8361,screening_5seed,method_screening,ibm_aml_small,transaction_classification,historical_transductive_full,future_inductive_recent,graphsafe_feature,composite,1,DG_NO_TARGET,single_t4,T4_16GB,TBD_PROFILE,local_and_data_gates,PLANNED
a322147006c1079f6034,screening_5seed,method_screening,ibm_aml_small,transaction_classification,historical_transductive_full,future_inductive_recent,graphsafe_feature,composite,2,DG_NO_TARGET,single_t4,T4_16GB,TBD_PROFILE,local_and_data_gates,PLANNED
0d3b020155ca09cdccc5,screening_5seed,method_screening,ibm_aml_small,transaction_classification,historical_transductive_full,future_inductive_recent,graphsafe_feature,composite,3,DG_NO_TARGET,single_t4,T4_16GB,TBD_PROFILE,local_and_data_gates,PLANNED
b3d9db938a45f3a75072,screening_5seed,method_screening,ibm_aml_small,transaction_classification,historical_transductive_full,future_inductive_recent,graphsafe_feature,composite,4,DG_NO_TARGET,single_t4,T4_16GB,TBD_PROFILE,local_and_data_gates,PLANNED
0d35f1ae804685d0710d,screening_5seed,method_screening,ibm_aml_small,transaction_classification,historical_transductive_full,future_inductive_recent,fraudshift_current_gate,composite,0,DG_NO_TARGET,single_t4,T4_16GB,TBD_PROFILE,local_and_data_gates,PLANNED
a84482d4b2d12b45334b,screening_5seed,method_screening,ibm_aml_small,transaction_classification,historical_transductive_full,future_inductive_recent,fraudshift_current_gate,composite,1,DG_NO_TARGET,single_t4,T4_16GB,TBD_PROFILE,local_and_data_gates,PLANNED
4d477da1614a95b6e8cf,screening_5seed,method_screening,ibm_aml_small,transaction_classification,historical_transductive_full,future_inductive_recent,fraudshift_current_gate,composite,2,DG_NO_TARGET,single_t4,T4_16GB,TBD_PROFILE,local_and_data_gates,PLANNED
01d11da62f91a4a00dae,screening_5seed,method_screening,ibm_aml_small,transaction_classification,historical_transductive_full,future_inductive_recent,fraudshift_current_gate,composite,3,DG_NO_TARGET,single_t4,T4_16GB,TBD_PROFILE,local_and_data_gates,PLANNED
9d552deb5cb31d3d243c,screening_5seed,method_screening,ibm_aml_small,transaction_classification,historical_transductive_full,future_inductive_recent,fraudshift_current_gate,composite,4,DG_NO_TARGET,single_t4,T4_16GB,TBD_PROFILE,local_and_data_gates,PLANNED
b5925f00ef96e47c43fc,screening_5seed,method_screening,ibm_aml_small,transaction_classification,historical_transductive_full,future_inductive_recent,coregraph_atomic,composite,0,DG_NO_TARGET,single_t4,T4_16GB,TBD_PROFILE,local_and_data_gates,PLANNED
54ec8f55b246834a37c7,screening_5seed,method_screening,ibm_aml_small,transaction_classification,historical_transductive_full,future_inductive_recent,coregraph_atomic,composite,1,DG_NO_TARGET,single_t4,T4_16GB,TBD_PROFILE,local_and_data_gates,PLANNED
456549339089c986d103,screening_5seed,method_screening,ibm_aml_small,transaction_classification,historical_transductive_full,future_inductive_recent,coregraph_atomic,composite,2,DG_NO_TARGET,single_t4,T4_16GB,TBD_PROFILE,local_and_data_gates,PLANNED
bd8807a4c585dd4109a5,screening_5seed,method_screening,ibm_aml_small,transaction_classification,historical_transductive_full,future_inductive_recent,coregraph_atomic,composite,3,DG_NO_TARGET,single_t4,T4_16GB,TBD_PROFILE,local_and_data_gates,PLANNED
d8f83a0c44e0d817515c,screening_5seed,method_screening,ibm_aml_small,transaction_classification,historical_transductive_full,future_inductive_recent,coregraph_atomic,composite,4,DG_NO_TARGET,single_t4,T4_16GB,TBD_PROFILE,local_and_data_gates,PLANNED
d717a093a092e1d67b07,screening_5seed,method_screening,ibm_aml_small,transaction_classification,historical_transductive_full,future_inductive_recent,coregraph_no_contract,composite,0,DG_NO_TARGET,single_t4,T4_16GB,TBD_PROFILE,local_and_data_gates,PLANNED
f911eadb8020a774b402,screening_5seed,method_screening,ibm_aml_small,transaction_classification,historical_transductive_full,future_inductive_recent,coregraph_no_contract,composite,1,DG_NO_TARGET,single_t4,T4_16GB,TBD_PROFILE,local_and_data_gates,PLANNED
81715dc9a0388d3f85e8,screening_5seed,method_screening,ibm_aml_small,transaction_classification,historical_transductive_full,future_inductive_recent,coregraph_no_contract,composite,2,DG_NO_TARGET,single_t4,T4_16GB,TBD_PROFILE,local_and_data_gates,PLANNED
67ca22deff696ae3ee7c,screening_5seed,method_screening,ibm_aml_small,transaction_classification,historical_transductive_full,future_inductive_recent,coregraph_no_contract,composite,3,DG_NO_TARGET,single_t4,T4_16GB,TBD_PROFILE,local_and_data_gates,PLANNED
c049c7ecbccb0957182e,screening_5seed,method_screening,ibm_aml_small,transaction_classification,historical_transductive_full,future_inductive_recent,coregraph_no_contract,composite,4,DG_NO_TARGET,single_t4,T4_16GB,TBD_PROFILE,local_and_data_gates,PLANNED
a1dc0f166b59a6fee825,screening_5seed,method_screening,ibm_aml_small,transaction_classification,historical_transductive_full,future_inductive_recent,coregraph_factorised,composite,0,DG_NO_TARGET,single_t4,T4_16GB,TBD_PROFILE,local_and_data_gates,PLANNED
ca6cdccd284e18e21a35,screening_5seed,method_screening,ibm_aml_small,transaction_classification,historical_transductive_full,future_inductive_recent,coregraph_factorised,composite,1,DG_NO_TARGET,single_t4,T4_16GB,TBD_PROFILE,local_and_data_gates,PLANNED
3aa0bf4fc8d7d83e11f6,screening_5seed,method_screening,ibm_aml_small,transaction_classification,historical_transductive_full,future_inductive_recent,coregraph_factorised,composite,2,DG_NO_TARGET,single_t4,T4_16GB,TBD_PROFILE,local_and_data_gates,PLANNED
9d462f1bcf231443330b,screening_5seed,method_screening,ibm_aml_small,transaction_classification,historical_transductive_full,future_inductive_recent,coregraph_factorised,composite,3,DG_NO_TARGET,single_t4,T4_16GB,TBD_PROFILE,local_and_data_gates,PLANNED
6326c34315f98a8b3f0b,screening_5seed,method_screening,ibm_aml_small,transaction_classification,historical_transductive_full,future_inductive_recent,coregraph_factorised,composite,4,DG_NO_TARGET,single_t4,T4_16GB,TBD_PROFILE,local_and_data_gates,PLANNED
a3678faf50604d6bc408,screening_5seed,method_screening,ibm_aml_small,transaction_classification,historical_transductive_full,future_inductive_recent,coregraph_factorised_diagnostics,composite,0,DG_NO_TARGET,single_t4,T4_16GB,TBD_PROFILE,local_and_data_gates,PLANNED
b02669ce9b792137fee6,screening_5seed,method_screening,ibm_aml_small,transaction_classification,historical_transductive_full,future_inductive_recent,coregraph_factorised_diagnostics,composite,1,DG_NO_TARGET,single_t4,T4_16GB,TBD_PROFILE,local_and_data_gates,PLANNED
cf8884fe410b4c3450a2,screening_5seed,method_screening,ibm_aml_small,transaction_classification,historical_transductive_full,future_inductive_recent,coregraph_factorised_diagnostics,composite,2,DG_NO_TARGET,single_t4,T4_16GB,TBD_PROFILE,local_and_data_gates,PLANNED
f2fc2ea9777305f6b67c,screening_5seed,method_screening,ibm_aml_small,transaction_classification,historical_transductive_full,future_inductive_recent,coregraph_factorised_diagnostics,composite,3,DG_NO_TARGET,single_t4,T4_16GB,TBD_PROFILE,local_and_data_gates,PLANNED
a18374d5847e2a2b97b2,screening_5seed,method_screening,ibm_aml_small,transaction_classification,historical_transductive_full,future_inductive_recent,coregraph_factorised_diagnostics,composite,4,DG_NO_TARGET,single_t4,T4_16GB,TBD_PROFILE,local_and_data_gates,PLANNED
bd9bebfe1086cbba187a,screening_5seed,method_screening,ibm_aml_small,transaction_classification,historical_inductive_full,future_missing_graph,best_single_feasible,composite,0,DG_NO_TARGET,single_t4,T4_16GB,TBD_PROFILE,local_and_data_gates,PLANNED
c9a692356f6682ebada0,screening_5seed,method_screening,ibm_aml_small,transaction_classification,historical_inductive_full,future_missing_graph,best_single_feasible,composite,1,DG_NO_TARGET,single_t4,T4_16GB,TBD_PROFILE,local_and_data_gates,PLANNED
4f12ea60997ba344288c,screening_5seed,method_screening,ibm_aml_small,transaction_classification,historical_inductive_full,future_missing_graph,best_single_feasible,composite,2,DG_NO_TARGET,single_t4,T4_16GB,TBD_PROFILE,local_and_data_gates,PLANNED
fe81429a3b50638e18a9,screening_5seed,method_screening,ibm_aml_small,transaction_classification,historical_inductive_full,future_missing_graph,best_single_feasible,composite,3,DG_NO_TARGET,single_t4,T4_16GB,TBD_PROFILE,local_and_data_gates,PLANNED
841bf880ddd5e5687405,screening_5seed,method_screening,ibm_aml_small,transaction_classification,historical_inductive_full,future_missing_graph,best_single_feasible,composite,4,DG_NO_TARGET,single_t4,T4_16GB,TBD_PROFILE,local_and_data_gates,PLANNED
975dddcccd10d190db00,screening_5seed,method_screening,ibm_aml_small,transaction_classification,historical_inductive_full,future_missing_graph,equal_mixture,composite,0,DG_NO_TARGET,single_t4,T4_16GB,TBD_PROFILE,local_and_data_gates,PLANNED
5e2d4297abb67f97c9c5,screening_5seed,method_screening,ibm_aml_small,transaction_classification,historical_inductive_full,future_missing_graph,equal_mixture,composite,1,DG_NO_TARGET,single_t4,T4_16GB,TBD_PROFILE,local_and_data_gates,PLANNED
27eb32a1bfeab764ae6e,screening_5seed,method_screening,ibm_aml_small,transaction_classification,historical_inductive_full,future_missing_graph,equal_mixture,composite,2,DG_NO_TARGET,single_t4,T4_16GB,TBD_PROFILE,local_and_data_gates,PLANNED
6427a57e2295567c7f30,screening_5seed,method_screening,ibm_aml_small,transaction_classification,historical_inductive_full,future_missing_graph,equal_mixture,composite,3,DG_NO_TARGET,single_t4,T4_16GB,TBD_PROFILE,local_and_data_gates,PLANNED
97fe46ecf8088849765f,screening_5seed,method_screening,ibm_aml_small,transaction_classification,historical_inductive_full,future_missing_graph,equal_mixture,composite,4,DG_NO_TARGET,single_t4,T4_16GB,TBD_PROFILE,local_and_data_gates,PLANNED
156fd02bbbfac06ebc59,screening_5seed,method_screening,ibm_aml_small,transaction_classification,historical_inductive_full,future_missing_graph,graphsafe_feature,composite,0,DG_NO_TARGET,single_t4,T4_16GB,TBD_PROFILE,local_and_data_gates,PLANNED
4fe278dd6b81c505cfdc,screening_5seed,method_screening,ibm_aml_small,transaction_classification,historical_inductive_full,future_missing_graph,graphsafe_feature,composite,1,DG_NO_TARGET,single_t4,T4_16GB,TBD_PROFILE,local_and_data_gates,PLANNED
7ca8ee21eb8715b28a22,screening_5seed,method_screening,ibm_aml_small,transaction_classification,historical_inductive_full,future_missing_graph,graphsafe_feature,composite,2,DG_NO_TARGET,single_t4,T4_16GB,TBD_PROFILE,local_and_data_gates,PLANNED
d19f4f6593318096df84,screening_5seed,method_screening,ibm_aml_small,transaction_classification,historical_inductive_full,future_missing_graph,graphsafe_feature,composite,3,DG_NO_TARGET,single_t4,T4_16GB,TBD_PROFILE,local_and_data_gates,PLANNED
108e3eabff60ecc96454,screening_5seed,method_screening,ibm_aml_small,transaction_classification,historical_inductive_full,future_missing_graph,graphsafe_feature,composite,4,DG_NO_TARGET,single_t4,T4_16GB,TBD_PROFILE,local_and_data_gates,PLANNED
fb0b153a00d2e642f356,screening_5seed,method_screening,ibm_aml_small,transaction_classification,historical_inductive_full,future_missing_graph,fraudshift_current_gate,composite,0,DG_NO_TARGET,single_t4,T4_16GB,TBD_PROFILE,local_and_data_gates,PLANNED
16eb87142117da8647dc,screening_5seed,method_screening,ibm_aml_small,transaction_classification,historical_inductive_full,future_missing_graph,fraudshift_current_gate,composite,1,DG_NO_TARGET,single_t4,T4_16GB,TBD_PROFILE,local_and_data_gates,PLANNED
47a927254441ad6b408f,screening_5seed,method_screening,ibm_aml_small,transaction_classification,historical_inductive_full,future_missing_graph,fraudshift_current_gate,composite,2,DG_NO_TARGET,single_t4,T4_16GB,TBD_PROFILE,local_and_data_gates,PLANNED
668e4c765c07289e8166,screening_5seed,method_screening,ibm_aml_small,transaction_classification,historical_inductive_full,future_missing_graph,fraudshift_current_gate,composite,3,DG_NO_TARGET,single_t4,T4_16GB,TBD_PROFILE,local_and_data_gates,PLANNED
9d578c437a7b233f77ed,screening_5seed,method_screening,ibm_aml_small,transaction_classification,historical_inductive_full,future_missing_graph,fraudshift_current_gate,composite,4,DG_NO_TARGET,single_t4,T4_16GB,TBD_PROFILE,local_and_data_gates,PLANNED
26a1ac6503ce8e51df80,screening_5seed,method_screening,ibm_aml_small,transaction_classification,historical_inductive_full,future_missing_graph,coregraph_atomic,composite,0,DG_NO_TARGET,single_t4,T4_16GB,TBD_PROFILE,local_and_data_gates,PLANNED
6553225332485a7cf42e,screening_5seed,method_screening,ibm_aml_small,transaction_classification,historical_inductive_full,future_missing_graph,coregraph_atomic,composite,1,DG_NO_TARGET,single_t4,T4_16GB,TBD_PROFILE,local_and_data_gates,PLANNED
d66cdd4a6b19408e06b1,screening_5seed,method_screening,ibm_aml_small,transaction_classification,historical_inductive_full,future_missing_graph,coregraph_atomic,composite,2,DG_NO_TARGET,single_t4,T4_16GB,TBD_PROFILE,local_and_data_gates,PLANNED
f2f2845b50fd5964f0e6,screening_5seed,method_screening,ibm_aml_small,transaction_classification,historical_inductive_full,future_missing_graph,coregraph_atomic,composite,3,DG_NO_TARGET,single_t4,T4_16GB,TBD_PROFILE,local_and_data_gates,PLANNED
5e42a9ae4ceab110ebde,screening_5seed,method_screening,ibm_aml_small,transaction_classification,historical_inductive_full,future_missing_graph,coregraph_atomic,composite,4,DG_NO_TARGET,single_t4,T4_16GB,TBD_PROFILE,local_and_data_gates,PLANNED
d9d1c46ddcc1e8cdeba3,screening_5seed,method_screening,ibm_aml_small,transaction_classification,historical_inductive_full,future_missing_graph,coregraph_no_contract,composite,0,DG_NO_TARGET,single_t4,T4_16GB,TBD_PROFILE,local_and_data_gates,PLANNED
2c5f90154c4390605c0c,screening_5seed,method_screening,ibm_aml_small,transaction_classification,historical_inductive_full,future_missing_graph,coregraph_no_contract,composite,1,DG_NO_TARGET,single_t4,T4_16GB,TBD_PROFILE,local_and_data_gates,PLANNED
f5a53ebaa14c0e3208b9,screening_5seed,method_screening,ibm_aml_small,transaction_classification,historical_inductive_full,future_missing_graph,coregraph_no_contract,composite,2,DG_NO_TARGET,single_t4,T4_16GB,TBD_PROFILE,local_and_data_gates,PLANNED
4ba0ccb33bc1226c29a4,screening_5seed,method_screening,ibm_aml_small,transaction_classification,historical_inductive_full,future_missing_graph,coregraph_no_contract,composite,3,DG_NO_TARGET,single_t4,T4_16GB,TBD_PROFILE,local_and_data_gates,PLANNED
9d005f68cbe990cbbf8e,screening_5seed,method_screening,ibm_aml_small,transaction_classification,historical_inductive_full,future_missing_graph,coregraph_no_contract,composite,4,DG_NO_TARGET,single_t4,T4_16GB,TBD_PROFILE,local_and_data_gates,PLANNED
2cbcb9df8be67e52f35c,screening_5seed,method_screening,ibm_aml_small,transaction_classification,historical_inductive_full,future_missing_graph,coregraph_factorised,composite,0,DG_NO_TARGET,single_t4,T4_16GB,TBD_PROFILE,local_and_data_gates,PLANNED
88f03c6c417f37c9b0c9,screening_5seed,method_screening,ibm_aml_small,transaction_classification,historical_inductive_full,future_missing_graph,coregraph_factorised,composite,1,DG_NO_TARGET,single_t4,T4_16GB,TBD_PROFILE,local_and_data_gates,PLANNED
02c83cf78809d4dff138,screening_5seed,method_screening,ibm_aml_small,transaction_classification,historical_inductive_full,future_missing_graph,coregraph_factorised,composite,2,DG_NO_TARGET,single_t4,T4_16GB,TBD_PROFILE,local_and_data_gates,PLANNED
f0b252da31e7ad9361a8,screening_5seed,method_screening,ibm_aml_small,transaction_classification,historical_inductive_full,future_missing_graph,coregraph_factorised,composite,3,DG_NO_TARGET,single_t4,T4_16GB,TBD_PROFILE,local_and_data_gates,PLANNED
c0de578cb32805c83d2a,screening_5seed,method_screening,ibm_aml_small,transaction_classification,historical_inductive_full,future_missing_graph,coregraph_factorised,composite,4,DG_NO_TARGET,single_t4,T4_16GB,TBD_PROFILE,local_and_data_gates,PLANNED
85ca3fc10f4cb0b2cc40,screening_5seed,method_screening,ibm_aml_small,transaction_classification,historical_inductive_full,future_missing_graph,coregraph_factorised_diagnostics,composite,0,DG_NO_TARGET,single_t4,T4_16GB,TBD_PROFILE,local_and_data_gates,PLANNED
3a6fc185a21d89b5c982,screening_5seed,method_screening,ibm_aml_small,transaction_classification,historical_inductive_full,future_missing_graph,coregraph_factorised_diagnostics,composite,1,DG_NO_TARGET,single_t4,T4_16GB,TBD_PROFILE,local_and_data_gates,PLANNED
4151470f66cbec038700,screening_5seed,method_screening,ibm_aml_small,transaction_classification,historical_inductive_full,future_missing_graph,coregraph_factorised_diagnostics,composite,2,DG_NO_TARGET,single_t4,T4_16GB,TBD_PROFILE,local_and_data_gates,PLANNED
bcd3c79c333748c59028,screening_5seed,method_screening,ibm_aml_small,transaction_classification,historical_inductive_full,future_missing_graph,coregraph_factorised_diagnostics,composite,3,DG_NO_TARGET,single_t4,T4_16GB,TBD_PROFILE,local_and_data_gates,PLANNED
a11317c6183f899c7c72,screening_5seed,method_screening,ibm_aml_small,transaction_classification,historical_inductive_full,future_missing_graph,coregraph_factorised_diagnostics,composite,4,DG_NO_TARGET,single_t4,T4_16GB,TBD_PROFILE,local_and_data_gates,PLANNED
05eeacfa2031e7be48ae,screening_5seed,method_screening,ibm_aml_small,transaction_classification,historical_inductive_full,future_budget_topk,best_single_feasible,composite,0,DG_NO_TARGET,single_t4,T4_16GB,TBD_PROFILE,local_and_data_gates,PLANNED
114a2f54613760d68d2b,screening_5seed,method_screening,ibm_aml_small,transaction_classification,historical_inductive_full,future_budget_topk,best_single_feasible,composite,1,DG_NO_TARGET,single_t4,T4_16GB,TBD_PROFILE,local_and_data_gates,PLANNED
a990218c9d47c8b057d9,screening_5seed,method_screening,ibm_aml_small,transaction_classification,historical_inductive_full,future_budget_topk,best_single_feasible,composite,2,DG_NO_TARGET,single_t4,T4_16GB,TBD_PROFILE,local_and_data_gates,PLANNED
5da4fa5b2c40931e9369,screening_5seed,method_screening,ibm_aml_small,transaction_classification,historical_inductive_full,future_budget_topk,best_single_feasible,composite,3,DG_NO_TARGET,single_t4,T4_16GB,TBD_PROFILE,local_and_data_gates,PLANNED
0656094ef33dc70c9cc2,screening_5seed,method_screening,ibm_aml_small,transaction_classification,historical_inductive_full,future_budget_topk,best_single_feasible,composite,4,DG_NO_TARGET,single_t4,T4_16GB,TBD_PROFILE,local_and_data_gates,PLANNED
545ee203c320f6bd14b4,screening_5seed,method_screening,ibm_aml_small,transaction_classification,historical_inductive_full,future_budget_topk,equal_mixture,composite,0,DG_NO_TARGET,single_t4,T4_16GB,TBD_PROFILE,local_and_data_gates,PLANNED
97bd01e9895216e8f11e,screening_5seed,method_screening,ibm_aml_small,transaction_classification,historical_inductive_full,future_budget_topk,equal_mixture,composite,1,DG_NO_TARGET,single_t4,T4_16GB,TBD_PROFILE,local_and_data_gates,PLANNED
023cdf431522c34847b6,screening_5seed,method_screening,ibm_aml_small,transaction_classification,historical_inductive_full,future_budget_topk,equal_mixture,composite,2,DG_NO_TARGET,single_t4,T4_16GB,TBD_PROFILE,local_and_data_gates,PLANNED
556a223415e4a8a62a1b,screening_5seed,method_screening,ibm_aml_small,transaction_classification,historical_inductive_full,future_budget_topk,equal_mixture,composite,3,DG_NO_TARGET,single_t4,T4_16GB,TBD_PROFILE,local_and_data_gates,PLANNED
6ec0be896960a40f638d,screening_5seed,method_screening,ibm_aml_small,transaction_classification,historical_inductive_full,future_budget_topk,equal_mixture,composite,4,DG_NO_TARGET,single_t4,T4_16GB,TBD_PROFILE,local_and_data_gates,PLANNED
9889586ffe49810ce934,screening_5seed,method_screening,ibm_aml_small,transaction_classification,historical_inductive_full,future_budget_topk,graphsafe_feature,composite,0,DG_NO_TARGET,single_t4,T4_16GB,TBD_PROFILE,local_and_data_gates,PLANNED
4b173a07bf1feffe5a04,screening_5seed,method_screening,ibm_aml_small,transaction_classification,historical_inductive_full,future_budget_topk,graphsafe_feature,composite,1,DG_NO_TARGET,single_t4,T4_16GB,TBD_PROFILE,local_and_data_gates,PLANNED
5b6bbceaded0f1847383,screening_5seed,method_screening,ibm_aml_small,transaction_classification,historical_inductive_full,future_budget_topk,graphsafe_feature,composite,2,DG_NO_TARGET,single_t4,T4_16GB,TBD_PROFILE,local_and_data_gates,PLANNED
d213015b589ee4d6fcbc,screening_5seed,method_screening,ibm_aml_small,transaction_classification,historical_inductive_full,future_budget_topk,graphsafe_feature,composite,3,DG_NO_TARGET,single_t4,T4_16GB,TBD_PROFILE,local_and_data_gates,PLANNED
e2c1894704afede2d37d,screening_5seed,method_screening,ibm_aml_small,transaction_classification,historical_inductive_full,future_budget_topk,graphsafe_feature,composite,4,DG_NO_TARGET,single_t4,T4_16GB,TBD_PROFILE,local_and_data_gates,PLANNED
ac270c4fef54716e65f5,screening_5seed,method_screening,ibm_aml_small,transaction_classification,historical_inductive_full,future_budget_topk,fraudshift_current_gate,composite,0,DG_NO_TARGET,single_t4,T4_16GB,TBD_PROFILE,local_and_data_gates,PLANNED
8bbde604fb432c003967,screening_5seed,method_screening,ibm_aml_small,transaction_classification,historical_inductive_full,future_budget_topk,fraudshift_current_gate,composite,1,DG_NO_TARGET,single_t4,T4_16GB,TBD_PROFILE,local_and_data_gates,PLANNED
b5d69c613652250d31c1,screening_5seed,method_screening,ibm_aml_small,transaction_classification,historical_inductive_full,future_budget_topk,fraudshift_current_gate,composite,2,DG_NO_TARGET,single_t4,T4_16GB,TBD_PROFILE,local_and_data_gates,PLANNED
ea5074313d3ed3eb3f02,screening_5seed,method_screening,ibm_aml_small,transaction_classification,historical_inductive_full,future_budget_topk,fraudshift_current_gate,composite,3,DG_NO_TARGET,single_t4,T4_16GB,TBD_PROFILE,local_and_data_gates,PLANNED
3edc03d4254a18ea2129,screening_5seed,method_screening,ibm_aml_small,transaction_classification,historical_inductive_full,future_budget_topk,fraudshift_current_gate,composite,4,DG_NO_TARGET,single_t4,T4_16GB,TBD_PROFILE,local_and_data_gates,PLANNED
2747330669ed253f70e9,screening_5seed,method_screening,ibm_aml_small,transaction_classification,historical_inductive_full,future_budget_topk,coregraph_atomic,composite,0,DG_NO_TARGET,single_t4,T4_16GB,TBD_PROFILE,local_and_data_gates,PLANNED
54ac78bdba0257f82604,screening_5seed,method_screening,ibm_aml_small,transaction_classification,historical_inductive_full,future_budget_topk,coregraph_atomic,composite,1,DG_NO_TARGET,single_t4,T4_16GB,TBD_PROFILE,local_and_data_gates,PLANNED
2aab542e9a0ad9ef05d5,screening_5seed,method_screening,ibm_aml_small,transaction_classification,historical_inductive_full,future_budget_topk,coregraph_atomic,composite,2,DG_NO_TARGET,single_t4,T4_16GB,TBD_PROFILE,local_and_data_gates,PLANNED
2a77f666f306c3a66682,screening_5seed,method_screening,ibm_aml_small,transaction_classification,historical_inductive_full,future_budget_topk,coregraph_atomic,composite,3,DG_NO_TARGET,single_t4,T4_16GB,TBD_PROFILE,local_and_data_gates,PLANNED
b0304ef0f3a400d3b529,screening_5seed,method_screening,ibm_aml_small,transaction_classification,historical_inductive_full,future_budget_topk,coregraph_atomic,composite,4,DG_NO_TARGET,single_t4,T4_16GB,TBD_PROFILE,local_and_data_gates,PLANNED
d04280b520219576002b,screening_5seed,method_screening,ibm_aml_small,transaction_classification,historical_inductive_full,future_budget_topk,coregraph_no_contract,composite,0,DG_NO_TARGET,single_t4,T4_16GB,TBD_PROFILE,local_and_data_gates,PLANNED
e31f09f5a30d9d950096,screening_5seed,method_screening,ibm_aml_small,transaction_classification,historical_inductive_full,future_budget_topk,coregraph_no_contract,composite,1,DG_NO_TARGET,single_t4,T4_16GB,TBD_PROFILE,local_and_data_gates,PLANNED
dabd2ca00bce9cb9826f,screening_5seed,method_screening,ibm_aml_small,transaction_classification,historical_inductive_full,future_budget_topk,coregraph_no_contract,composite,2,DG_NO_TARGET,single_t4,T4_16GB,TBD_PROFILE,local_and_data_gates,PLANNED
9e7476cdecf2abcccac4,screening_5seed,method_screening,ibm_aml_small,transaction_classification,historical_inductive_full,future_budget_topk,coregraph_no_contract,composite,3,DG_NO_TARGET,single_t4,T4_16GB,TBD_PROFILE,local_and_data_gates,PLANNED
bee5e5e3a8c7c3fd621e,screening_5seed,method_screening,ibm_aml_small,transaction_classification,historical_inductive_full,future_budget_topk,coregraph_no_contract,composite,4,DG_NO_TARGET,single_t4,T4_16GB,TBD_PROFILE,local_and_data_gates,PLANNED
fe3d09724d09a3c0b23f,screening_5seed,method_screening,ibm_aml_small,transaction_classification,historical_inductive_full,future_budget_topk,coregraph_factorised,composite,0,DG_NO_TARGET,single_t4,T4_16GB,TBD_PROFILE,local_and_data_gates,PLANNED
87efb9f659a378f331bc,screening_5seed,method_screening,ibm_aml_small,transaction_classification,historical_inductive_full,future_budget_topk,coregraph_factorised,composite,1,DG_NO_TARGET,single_t4,T4_16GB,TBD_PROFILE,local_and_data_gates,PLANNED
08ed4ee704ee341122c7,screening_5seed,method_screening,ibm_aml_small,transaction_classification,historical_inductive_full,future_budget_topk,coregraph_factorised,composite,2,DG_NO_TARGET,single_t4,T4_16GB,TBD_PROFILE,local_and_data_gates,PLANNED
350a58248fcd4e1b2941,screening_5seed,method_screening,ibm_aml_small,transaction_classification,historical_inductive_full,future_budget_topk,coregraph_factorised,composite,3,DG_NO_TARGET,single_t4,T4_16GB,TBD_PROFILE,local_and_data_gates,PLANNED
2d0e7ece56966aed8e6a,screening_5seed,method_screening,ibm_aml_small,transaction_classification,historical_inductive_full,future_budget_topk,coregraph_factorised,composite,4,DG_NO_TARGET,single_t4,T4_16GB,TBD_PROFILE,local_and_data_gates,PLANNED
85bd69fdc23eebe1539c,screening_5seed,method_screening,ibm_aml_small,transaction_classification,historical_inductive_full,future_budget_topk,coregraph_factorised_diagnostics,composite,0,DG_NO_TARGET,single_t4,T4_16GB,TBD_PROFILE,local_and_data_gates,PLANNED
9cfd4d128df57ace610d,screening_5seed,method_screening,ibm_aml_small,transaction_classification,historical_inductive_full,future_budget_topk,coregraph_factorised_diagnostics,composite,1,DG_NO_TARGET,single_t4,T4_16GB,TBD_PROFILE,local_and_data_gates,PLANNED
f8bbc437b8d75942dcfd,screening_5seed,method_screening,ibm_aml_small,transaction_classification,historical_inductive_full,future_budget_topk,coregraph_factorised_diagnostics,composite,2,DG_NO_TARGET,single_t4,T4_16GB,TBD_PROFILE,local_and_data_gates,PLANNED
3a7ef335e136bfa48ded,screening_5seed,method_screening,ibm_aml_small,transaction_classification,historical_inductive_full,future_budget_topk,coregraph_factorised_diagnostics,composite,3,DG_NO_TARGET,single_t4,T4_16GB,TBD_PROFILE,local_and_data_gates,PLANNED
21067da75130d54abb3e,screening_5seed,method_screening,ibm_aml_small,transaction_classification,historical_inductive_full,future_budget_topk,coregraph_factorised_diagnostics,composite,4,DG_NO_TARGET,single_t4,T4_16GB,TBD_PROFILE,local_and_data_gates,PLANNED
88e6b29d406cadb95fb0,screening_5seed,method_screening,ibm_aml_small,transaction_classification,historical_transductive_full,future_resource_limited,best_single_feasible,composite,0,DG_NO_TARGET,single_t4,T4_16GB,TBD_PROFILE,local_and_data_gates,PLANNED
048a3b2a7149e4e77218,screening_5seed,method_screening,ibm_aml_small,transaction_classification,historical_transductive_full,future_resource_limited,best_single_feasible,composite,1,DG_NO_TARGET,single_t4,T4_16GB,TBD_PROFILE,local_and_data_gates,PLANNED
acdf881a611cf442b9b6,screening_5seed,method_screening,ibm_aml_small,transaction_classification,historical_transductive_full,future_resource_limited,best_single_feasible,composite,2,DG_NO_TARGET,single_t4,T4_16GB,TBD_PROFILE,local_and_data_gates,PLANNED
90be5ed69e047eb275b8,screening_5seed,method_screening,ibm_aml_small,transaction_classification,historical_transductive_full,future_resource_limited,best_single_feasible,composite,3,DG_NO_TARGET,single_t4,T4_16GB,TBD_PROFILE,local_and_data_gates,PLANNED
9bfd0626252c5512c74e,screening_5seed,method_screening,ibm_aml_small,transaction_classification,historical_transductive_full,future_resource_limited,best_single_feasible,composite,4,DG_NO_TARGET,single_t4,T4_16GB,TBD_PROFILE,local_and_data_gates,PLANNED
ff122dbfe05a1aec0b35,screening_5seed,method_screening,ibm_aml_small,transaction_classification,historical_transductive_full,future_resource_limited,equal_mixture,composite,0,DG_NO_TARGET,single_t4,T4_16GB,TBD_PROFILE,local_and_data_gates,PLANNED
d73395eed55b0ace548d,screening_5seed,method_screening,ibm_aml_small,transaction_classification,historical_transductive_full,future_resource_limited,equal_mixture,composite,1,DG_NO_TARGET,single_t4,T4_16GB,TBD_PROFILE,local_and_data_gates,PLANNED
9b4fa6e821d4892ebd1c,screening_5seed,method_screening,ibm_aml_small,transaction_classification,historical_transductive_full,future_resource_limited,equal_mixture,composite,2,DG_NO_TARGET,single_t4,T4_16GB,TBD_PROFILE,local_and_data_gates,PLANNED
26f2733cf010d9a680a4,screening_5seed,method_screening,ibm_aml_small,transaction_classification,historical_transductive_full,future_resource_limited,equal_mixture,composite,3,DG_NO_TARGET,single_t4,T4_16GB,TBD_PROFILE,local_and_data_gates,PLANNED
0bbde6d543a0ec0c4b88,screening_5seed,method_screening,ibm_aml_small,transaction_classification,historical_transductive_full,future_resource_limited,equal_mixture,composite,4,DG_NO_TARGET,single_t4,T4_16GB,TBD_PROFILE,local_and_data_gates,PLANNED
584056f4cf70024905b9,screening_5seed,method_screening,ibm_aml_small,transaction_classification,historical_transductive_full,future_resource_limited,graphsafe_feature,composite,0,DG_NO_TARGET,single_t4,T4_16GB,TBD_PROFILE,local_and_data_gates,PLANNED
2efb4957109ef6813375,screening_5seed,method_screening,ibm_aml_small,transaction_classification,historical_transductive_full,future_resource_limited,graphsafe_feature,composite,1,DG_NO_TARGET,single_t4,T4_16GB,TBD_PROFILE,local_and_data_gates,PLANNED
d879e93f3ebe07e98d7f,screening_5seed,method_screening,ibm_aml_small,transaction_classification,historical_transductive_full,future_resource_limited,graphsafe_feature,composite,2,DG_NO_TARGET,single_t4,T4_16GB,TBD_PROFILE,local_and_data_gates,PLANNED
6a34953f276e44a46925,screening_5seed,method_screening,ibm_aml_small,transaction_classification,historical_transductive_full,future_resource_limited,graphsafe_feature,composite,3,DG_NO_TARGET,single_t4,T4_16GB,TBD_PROFILE,local_and_data_gates,PLANNED
b60d915217c0846676ed,screening_5seed,method_screening,ibm_aml_small,transaction_classification,historical_transductive_full,future_resource_limited,graphsafe_feature,composite,4,DG_NO_TARGET,single_t4,T4_16GB,TBD_PROFILE,local_and_data_gates,PLANNED
2efd21943faddd025912,screening_5seed,method_screening,ibm_aml_small,transaction_classification,historical_transductive_full,future_resource_limited,fraudshift_current_gate,composite,0,DG_NO_TARGET,single_t4,T4_16GB,TBD_PROFILE,local_and_data_gates,PLANNED
ab39e14e3883ea1fdb27,screening_5seed,method_screening,ibm_aml_small,transaction_classification,historical_transductive_full,future_resource_limited,fraudshift_current_gate,composite,1,DG_NO_TARGET,single_t4,T4_16GB,TBD_PROFILE,local_and_data_gates,PLANNED
4819f781da14d87b1aa4,screening_5seed,method_screening,ibm_aml_small,transaction_classification,historical_transductive_full,future_resource_limited,fraudshift_current_gate,composite,2,DG_NO_TARGET,single_t4,T4_16GB,TBD_PROFILE,local_and_data_gates,PLANNED
d10a2a30e9026a3a8ef9,screening_5seed,method_screening,ibm_aml_small,transaction_classification,historical_transductive_full,future_resource_limited,fraudshift_current_gate,composite,3,DG_NO_TARGET,single_t4,T4_16GB,TBD_PROFILE,local_and_data_gates,PLANNED
59759eba443fb8e6cc23,screening_5seed,method_screening,ibm_aml_small,transaction_classification,historical_transductive_full,future_resource_limited,fraudshift_current_gate,composite,4,DG_NO_TARGET,single_t4,T4_16GB,TBD_PROFILE,local_and_data_gates,PLANNED
acdbe4f86da92549c9e7,screening_5seed,method_screening,ibm_aml_small,transaction_classification,historical_transductive_full,future_resource_limited,coregraph_atomic,composite,0,DG_NO_TARGET,single_t4,T4_16GB,TBD_PROFILE,local_and_data_gates,PLANNED
3bd5e0b4ee24706ed3cf,screening_5seed,method_screening,ibm_aml_small,transaction_classification,historical_transductive_full,future_resource_limited,coregraph_atomic,composite,1,DG_NO_TARGET,single_t4,T4_16GB,TBD_PROFILE,local_and_data_gates,PLANNED
8a7add4d3b494badf535,screening_5seed,method_screening,ibm_aml_small,transaction_classification,historical_transductive_full,future_resource_limited,coregraph_atomic,composite,2,DG_NO_TARGET,single_t4,T4_16GB,TBD_PROFILE,local_and_data_gates,PLANNED
3594922fe3c4e29b04ad,screening_5seed,method_screening,ibm_aml_small,transaction_classification,historical_transductive_full,future_resource_limited,coregraph_atomic,composite,3,DG_NO_TARGET,single_t4,T4_16GB,TBD_PROFILE,local_and_data_gates,PLANNED
d04c732add396906051e,screening_5seed,method_screening,ibm_aml_small,transaction_classification,historical_transductive_full,future_resource_limited,coregraph_atomic,composite,4,DG_NO_TARGET,single_t4,T4_16GB,TBD_PROFILE,local_and_data_gates,PLANNED
daab80e69b0320beda82,screening_5seed,method_screening,ibm_aml_small,transaction_classification,historical_transductive_full,future_resource_limited,coregraph_no_contract,composite,0,DG_NO_TARGET,single_t4,T4_16GB,TBD_PROFILE,local_and_data_gates,PLANNED
382ee5972046257c1eaa,screening_5seed,method_screening,ibm_aml_small,transaction_classification,historical_transductive_full,future_resource_limited,coregraph_no_contract,composite,1,DG_NO_TARGET,single_t4,T4_16GB,TBD_PROFILE,local_and_data_gates,PLANNED
746ec3df724a5a7a05ea,screening_5seed,method_screening,ibm_aml_small,transaction_classification,historical_transductive_full,future_resource_limited,coregraph_no_contract,composite,2,DG_NO_TARGET,single_t4,T4_16GB,TBD_PROFILE,local_and_data_gates,PLANNED
5e50de59a85f8b9f86d8,screening_5seed,method_screening,ibm_aml_small,transaction_classification,historical_transductive_full,future_resource_limited,coregraph_no_contract,composite,3,DG_NO_TARGET,single_t4,T4_16GB,TBD_PROFILE,local_and_data_gates,PLANNED
512e58ebd7114b6c1a1c,screening_5seed,method_screening,ibm_aml_small,transaction_classification,historical_transductive_full,future_resource_limited,coregraph_no_contract,composite,4,DG_NO_TARGET,single_t4,T4_16GB,TBD_PROFILE,local_and_data_gates,PLANNED
08d64fee7b904f4d7e37,screening_5seed,method_screening,ibm_aml_small,transaction_classification,historical_transductive_full,future_resource_limited,coregraph_factorised,composite,0,DG_NO_TARGET,single_t4,T4_16GB,TBD_PROFILE,local_and_data_gates,PLANNED
0c463749cc3caafe9eef,screening_5seed,method_screening,ibm_aml_small,transaction_classification,historical_transductive_full,future_resource_limited,coregraph_factorised,composite,1,DG_NO_TARGET,single_t4,T4_16GB,TBD_PROFILE,local_and_data_gates,PLANNED
56ee12759d494b92377a,screening_5seed,method_screening,ibm_aml_small,transaction_classification,historical_transductive_full,future_resource_limited,coregraph_factorised,composite,2,DG_NO_TARGET,single_t4,T4_16GB,TBD_PROFILE,local_and_data_gates,PLANNED
0de7638637f19fa9fa7c,screening_5seed,method_screening,ibm_aml_small,transaction_classification,historical_transductive_full,future_resource_limited,coregraph_factorised,composite,3,DG_NO_TARGET,single_t4,T4_16GB,TBD_PROFILE,local_and_data_gates,PLANNED
32fa8ccb839bb6252b06,screening_5seed,method_screening,ibm_aml_small,transaction_classification,historical_transductive_full,future_resource_limited,coregraph_factorised,composite,4,DG_NO_TARGET,single_t4,T4_16GB,TBD_PROFILE,local_and_data_gates,PLANNED
dafbd6be5208db4f4a46,screening_5seed,method_screening,ibm_aml_small,transaction_classification,historical_transductive_full,future_resource_limited,coregraph_factorised_diagnostics,composite,0,DG_NO_TARGET,single_t4,T4_16GB,TBD_PROFILE,local_and_data_gates,PLANNED
97ca60298d15eebb6ac9,screening_5seed,method_screening,ibm_aml_small,transaction_classification,historical_transductive_full,future_resource_limited,coregraph_factorised_diagnostics,composite,1,DG_NO_TARGET,single_t4,T4_16GB,TBD_PROFILE,local_and_data_gates,PLANNED
24c7992841936ba55fdc,screening_5seed,method_screening,ibm_aml_small,transaction_classification,historical_transductive_full,future_resource_limited,coregraph_factorised_diagnostics,composite,2,DG_NO_TARGET,single_t4,T4_16GB,TBD_PROFILE,local_and_data_gates,PLANNED
e2db5b75f0ae050f381e,screening_5seed,method_screening,ibm_aml_small,transaction_classification,historical_transductive_full,future_resource_limited,coregraph_factorised_diagnostics,composite,3,DG_NO_TARGET,single_t4,T4_16GB,TBD_PROFILE,local_and_data_gates,PLANNED
24b499e2d130d73f39f9,screening_5seed,method_screening,ibm_aml_small,transaction_classification,historical_transductive_full,future_resource_limited,coregraph_factorised_diagnostics,composite,4,DG_NO_TARGET,single_t4,T4_16GB,TBD_PROFILE,local_and_data_gates,PLANNED
0fb3583d8e901ee719c6,screening_5seed,method_screening,ibm_aml_medium,transaction_classification,historical_transductive_full,future_inductive_full,best_single_feasible,composite,0,DG_NO_TARGET,single_t4,T4_16GB,TBD_PROFILE,local_and_data_gates,PLANNED
10ab769a61275a9466ce,screening_5seed,method_screening,ibm_aml_medium,transaction_classification,historical_transductive_full,future_inductive_full,best_single_feasible,composite,1,DG_NO_TARGET,single_t4,T4_16GB,TBD_PROFILE,local_and_data_gates,PLANNED
e363af6720fffc0d8a07,screening_5seed,method_screening,ibm_aml_medium,transaction_classification,historical_transductive_full,future_inductive_full,best_single_feasible,composite,2,DG_NO_TARGET,single_t4,T4_16GB,TBD_PROFILE,local_and_data_gates,PLANNED
180742259e7f5a7dbcbd,screening_5seed,method_screening,ibm_aml_medium,transaction_classification,historical_transductive_full,future_inductive_full,best_single_feasible,composite,3,DG_NO_TARGET,single_t4,T4_16GB,TBD_PROFILE,local_and_data_gates,PLANNED
7e6a281e57e4256928f3,screening_5seed,method_screening,ibm_aml_medium,transaction_classification,historical_transductive_full,future_inductive_full,best_single_feasible,composite,4,DG_NO_TARGET,single_t4,T4_16GB,TBD_PROFILE,local_and_data_gates,PLANNED
8eb3701ce699013c6be5,screening_5seed,method_screening,ibm_aml_medium,transaction_classification,historical_transductive_full,future_inductive_full,equal_mixture,composite,0,DG_NO_TARGET,single_t4,T4_16GB,TBD_PROFILE,local_and_data_gates,PLANNED
81d7d30702c9e4ba7c81,screening_5seed,method_screening,ibm_aml_medium,transaction_classification,historical_transductive_full,future_inductive_full,equal_mixture,composite,1,DG_NO_TARGET,single_t4,T4_16GB,TBD_PROFILE,local_and_data_gates,PLANNED
6a0d8848ffa575621d2b,screening_5seed,method_screening,ibm_aml_medium,transaction_classification,historical_transductive_full,future_inductive_full,equal_mixture,composite,2,DG_NO_TARGET,single_t4,T4_16GB,TBD_PROFILE,local_and_data_gates,PLANNED
3dcc06214468f8cd82d3,screening_5seed,method_screening,ibm_aml_medium,transaction_classification,historical_transductive_full,future_inductive_full,equal_mixture,composite,3,DG_NO_TARGET,single_t4,T4_16GB,TBD_PROFILE,local_and_data_gates,PLANNED
d85b99e0ceb468dc78db,screening_5seed,method_screening,ibm_aml_medium,transaction_classification,historical_transductive_full,future_inductive_full,equal_mixture,composite,4,DG_NO_TARGET,single_t4,T4_16GB,TBD_PROFILE,local_and_data_gates,PLANNED
741ff3742a51ee742089,screening_5seed,method_screening,ibm_aml_medium,transaction_classification,historical_transductive_full,future_inductive_full,graphsafe_feature,composite,0,DG_NO_TARGET,single_t4,T4_16GB,TBD_PROFILE,local_and_data_gates,PLANNED
afff66b8648217511101,screening_5seed,method_screening,ibm_aml_medium,transaction_classification,historical_transductive_full,future_inductive_full,graphsafe_feature,composite,1,DG_NO_TARGET,single_t4,T4_16GB,TBD_PROFILE,local_and_data_gates,PLANNED
fff20231ef2c7632a2a2,screening_5seed,method_screening,ibm_aml_medium,transaction_classification,historical_transductive_full,future_inductive_full,graphsafe_feature,composite,2,DG_NO_TARGET,single_t4,T4_16GB,TBD_PROFILE,local_and_data_gates,PLANNED
e832834ef11d0f640a4b,screening_5seed,method_screening,ibm_aml_medium,transaction_classification,historical_transductive_full,future_inductive_full,graphsafe_feature,composite,3,DG_NO_TARGET,single_t4,T4_16GB,TBD_PROFILE,local_and_data_gates,PLANNED
780a0785ec5b513ac82d,screening_5seed,method_screening,ibm_aml_medium,transaction_classification,historical_transductive_full,future_inductive_full,graphsafe_feature,composite,4,DG_NO_TARGET,single_t4,T4_16GB,TBD_PROFILE,local_and_data_gates,PLANNED
b8f158e68dbca61d8e29,screening_5seed,method_screening,ibm_aml_medium,transaction_classification,historical_transductive_full,future_inductive_full,fraudshift_current_gate,composite,0,DG_NO_TARGET,single_t4,T4_16GB,TBD_PROFILE,local_and_data_gates,PLANNED
9b40816c0e6c6bda0adc,screening_5seed,method_screening,ibm_aml_medium,transaction_classification,historical_transductive_full,future_inductive_full,fraudshift_current_gate,composite,1,DG_NO_TARGET,single_t4,T4_16GB,TBD_PROFILE,local_and_data_gates,PLANNED
9ddfd5c8a2431af03d5f,screening_5seed,method_screening,ibm_aml_medium,transaction_classification,historical_transductive_full,future_inductive_full,fraudshift_current_gate,composite,2,DG_NO_TARGET,single_t4,T4_16GB,TBD_PROFILE,local_and_data_gates,PLANNED
4974d0f2288fd939b6cd,screening_5seed,method_screening,ibm_aml_medium,transaction_classification,historical_transductive_full,future_inductive_full,fraudshift_current_gate,composite,3,DG_NO_TARGET,single_t4,T4_16GB,TBD_PROFILE,local_and_data_gates,PLANNED
1d88e13cfe6e2f05a695,screening_5seed,method_screening,ibm_aml_medium,transaction_classification,historical_transductive_full,future_inductive_full,fraudshift_current_gate,composite,4,DG_NO_TARGET,single_t4,T4_16GB,TBD_PROFILE,local_and_data_gates,PLANNED
616597415c94c9426458,screening_5seed,method_screening,ibm_aml_medium,transaction_classification,historical_transductive_full,future_inductive_full,coregraph_atomic,composite,0,DG_NO_TARGET,single_t4,T4_16GB,TBD_PROFILE,local_and_data_gates,PLANNED
54f7875fd7e1e33796e3,screening_5seed,method_screening,ibm_aml_medium,transaction_classification,historical_transductive_full,future_inductive_full,coregraph_atomic,composite,1,DG_NO_TARGET,single_t4,T4_16GB,TBD_PROFILE,local_and_data_gates,PLANNED
279ef2e798b4c26a5019,screening_5seed,method_screening,ibm_aml_medium,transaction_classification,historical_transductive_full,future_inductive_full,coregraph_atomic,composite,2,DG_NO_TARGET,single_t4,T4_16GB,TBD_PROFILE,local_and_data_gates,PLANNED
8e1a8ee76d5976267b70,screening_5seed,method_screening,ibm_aml_medium,transaction_classification,historical_transductive_full,future_inductive_full,coregraph_atomic,composite,3,DG_NO_TARGET,single_t4,T4_16GB,TBD_PROFILE,local_and_data_gates,PLANNED
3d672650da4f0aa507e2,screening_5seed,method_screening,ibm_aml_medium,transaction_classification,historical_transductive_full,future_inductive_full,coregraph_atomic,composite,4,DG_NO_TARGET,single_t4,T4_16GB,TBD_PROFILE,local_and_data_gates,PLANNED
eb78cea67f9e2cb09630,screening_5seed,method_screening,ibm_aml_medium,transaction_classification,historical_transductive_full,future_inductive_full,coregraph_no_contract,composite,0,DG_NO_TARGET,single_t4,T4_16GB,TBD_PROFILE,local_and_data_gates,PLANNED
f108b60dc4091cf15a08,screening_5seed,method_screening,ibm_aml_medium,transaction_classification,historical_transductive_full,future_inductive_full,coregraph_no_contract,composite,1,DG_NO_TARGET,single_t4,T4_16GB,TBD_PROFILE,local_and_data_gates,PLANNED
72189df4f1bc1427c56f,screening_5seed,method_screening,ibm_aml_medium,transaction_classification,historical_transductive_full,future_inductive_full,coregraph_no_contract,composite,2,DG_NO_TARGET,single_t4,T4_16GB,TBD_PROFILE,local_and_data_gates,PLANNED
864084876c4bbb060dec,screening_5seed,method_screening,ibm_aml_medium,transaction_classification,historical_transductive_full,future_inductive_full,coregraph_no_contract,composite,3,DG_NO_TARGET,single_t4,T4_16GB,TBD_PROFILE,local_and_data_gates,PLANNED
8bfef577cacac954ef2a,screening_5seed,method_screening,ibm_aml_medium,transaction_classification,historical_transductive_full,future_inductive_full,coregraph_no_contract,composite,4,DG_NO_TARGET,single_t4,T4_16GB,TBD_PROFILE,local_and_data_gates,PLANNED
bf690d1e4271165712ca,screening_5seed,method_screening,ibm_aml_medium,transaction_classification,historical_transductive_full,future_inductive_full,coregraph_factorised,composite,0,DG_NO_TARGET,single_t4,T4_16GB,TBD_PROFILE,local_and_data_gates,PLANNED
0de7cf679be652a686b6,screening_5seed,method_screening,ibm_aml_medium,transaction_classification,historical_transductive_full,future_inductive_full,coregraph_factorised,composite,1,DG_NO_TARGET,single_t4,T4_16GB,TBD_PROFILE,local_and_data_gates,PLANNED
863875111457151ebc13,screening_5seed,method_screening,ibm_aml_medium,transaction_classification,historical_transductive_full,future_inductive_full,coregraph_factorised,composite,2,DG_NO_TARGET,single_t4,T4_16GB,TBD_PROFILE,local_and_data_gates,PLANNED
4fab9e865e932e8247e9,screening_5seed,method_screening,ibm_aml_medium,transaction_classification,historical_transductive_full,future_inductive_full,coregraph_factorised,composite,3,DG_NO_TARGET,single_t4,T4_16GB,TBD_PROFILE,local_and_data_gates,PLANNED
475d1df936be5b5fa550,screening_5seed,method_screening,ibm_aml_medium,transaction_classification,historical_transductive_full,future_inductive_full,coregraph_factorised,composite,4,DG_NO_TARGET,single_t4,T4_16GB,TBD_PROFILE,local_and_data_gates,PLANNED
e0129c3394b87654102f,screening_5seed,method_screening,ibm_aml_medium,transaction_classification,historical_transductive_full,future_inductive_full,coregraph_factorised_diagnostics,composite,0,DG_NO_TARGET,single_t4,T4_16GB,TBD_PROFILE,local_and_data_gates,PLANNED
f381f64e6b9a4e21b74e,screening_5seed,method_screening,ibm_aml_medium,transaction_classification,historical_transductive_full,future_inductive_full,coregraph_factorised_diagnostics,composite,1,DG_NO_TARGET,single_t4,T4_16GB,TBD_PROFILE,local_and_data_gates,PLANNED
024ca556ec3d8e1276e6,screening_5seed,method_screening,ibm_aml_medium,transaction_classification,historical_transductive_full,future_inductive_full,coregraph_factorised_diagnostics,composite,2,DG_NO_TARGET,single_t4,T4_16GB,TBD_PROFILE,local_and_data_gates,PLANNED
a376781f2b060ae4e305,screening_5seed,method_screening,ibm_aml_medium,transaction_classification,historical_transductive_full,future_inductive_full,coregraph_factorised_diagnostics,composite,3,DG_NO_TARGET,single_t4,T4_16GB,TBD_PROFILE,local_and_data_gates,PLANNED
2e69427a70c42fd6a7dd,screening_5seed,method_screening,ibm_aml_medium,transaction_classification,historical_transductive_full,future_inductive_full,coregraph_factorised_diagnostics,composite,4,DG_NO_TARGET,single_t4,T4_16GB,TBD_PROFILE,local_and_data_gates,PLANNED
aa906f22a7d3ac928313,screening_5seed,method_screening,ibm_aml_medium,transaction_classification,historical_transductive_full,future_inductive_recent,best_single_feasible,composite,0,DG_NO_TARGET,single_t4,T4_16GB,TBD_PROFILE,local_and_data_gates,PLANNED
198f30ba59966e95af8b,screening_5seed,method_screening,ibm_aml_medium,transaction_classification,historical_transductive_full,future_inductive_recent,best_single_feasible,composite,1,DG_NO_TARGET,single_t4,T4_16GB,TBD_PROFILE,local_and_data_gates,PLANNED
e93aa733c26ee47666a2,screening_5seed,method_screening,ibm_aml_medium,transaction_classification,historical_transductive_full,future_inductive_recent,best_single_feasible,composite,2,DG_NO_TARGET,single_t4,T4_16GB,TBD_PROFILE,local_and_data_gates,PLANNED
9f8b7af2b39c73701a7a,screening_5seed,method_screening,ibm_aml_medium,transaction_classification,historical_transductive_full,future_inductive_recent,best_single_feasible,composite,3,DG_NO_TARGET,single_t4,T4_16GB,TBD_PROFILE,local_and_data_gates,PLANNED
2513b1567e153e00fdfa,screening_5seed,method_screening,ibm_aml_medium,transaction_classification,historical_transductive_full,future_inductive_recent,best_single_feasible,composite,4,DG_NO_TARGET,single_t4,T4_16GB,TBD_PROFILE,local_and_data_gates,PLANNED
43bd829bac719e33b59c,screening_5seed,method_screening,ibm_aml_medium,transaction_classification,historical_transductive_full,future_inductive_recent,equal_mixture,composite,0,DG_NO_TARGET,single_t4,T4_16GB,TBD_PROFILE,local_and_data_gates,PLANNED
ab72dc28b250e6c560a2,screening_5seed,method_screening,ibm_aml_medium,transaction_classification,historical_transductive_full,future_inductive_recent,equal_mixture,composite,1,DG_NO_TARGET,single_t4,T4_16GB,TBD_PROFILE,local_and_data_gates,PLANNED
e47e37ba004458302d31,screening_5seed,method_screening,ibm_aml_medium,transaction_classification,historical_transductive_full,future_inductive_recent,equal_mixture,composite,2,DG_NO_TARGET,single_t4,T4_16GB,TBD_PROFILE,local_and_data_gates,PLANNED
6d0e01d9412bbaf5df3d,screening_5seed,method_screening,ibm_aml_medium,transaction_classification,historical_transductive_full,future_inductive_recent,equal_mixture,composite,3,DG_NO_TARGET,single_t4,T4_16GB,TBD_PROFILE,local_and_data_gates,PLANNED
28ff58eb81bdde566fe5,screening_5seed,method_screening,ibm_aml_medium,transaction_classification,historical_transductive_full,future_inductive_recent,equal_mixture,composite,4,DG_NO_TARGET,single_t4,T4_16GB,TBD_PROFILE,local_and_data_gates,PLANNED
d5d85afc723636dee9f6,screening_5seed,method_screening,ibm_aml_medium,transaction_classification,historical_transductive_full,future_inductive_recent,graphsafe_feature,composite,0,DG_NO_TARGET,single_t4,T4_16GB,TBD_PROFILE,local_and_data_gates,PLANNED
cdd0096e8a26c37c8231,screening_5seed,method_screening,ibm_aml_medium,transaction_classification,historical_transductive_full,future_inductive_recent,graphsafe_feature,composite,1,DG_NO_TARGET,single_t4,T4_16GB,TBD_PROFILE,local_and_data_gates,PLANNED
606969dcd89d77d95674,screening_5seed,method_screening,ibm_aml_medium,transaction_classification,historical_transductive_full,future_inductive_recent,graphsafe_feature,composite,2,DG_NO_TARGET,single_t4,T4_16GB,TBD_PROFILE,local_and_data_gates,PLANNED
1f68d43e5997af8e72ac,screening_5seed,method_screening,ibm_aml_medium,transaction_classification,historical_transductive_full,future_inductive_recent,graphsafe_feature,composite,3,DG_NO_TARGET,single_t4,T4_16GB,TBD_PROFILE,local_and_data_gates,PLANNED
83db5e60fe209b151f1c,screening_5seed,method_screening,ibm_aml_medium,transaction_classification,historical_transductive_full,future_inductive_recent,graphsafe_feature,composite,4,DG_NO_TARGET,single_t4,T4_16GB,TBD_PROFILE,local_and_data_gates,PLANNED
38b447f7046c4d1a1631,screening_5seed,method_screening,ibm_aml_medium,transaction_classification,historical_transductive_full,future_inductive_recent,fraudshift_current_gate,composite,0,DG_NO_TARGET,single_t4,T4_16GB,TBD_PROFILE,local_and_data_gates,PLANNED
5e16f9fae6ae4b949c01,screening_5seed,method_screening,ibm_aml_medium,transaction_classification,historical_transductive_full,future_inductive_recent,fraudshift_current_gate,composite,1,DG_NO_TARGET,single_t4,T4_16GB,TBD_PROFILE,local_and_data_gates,PLANNED
7ac08396ae19d8aa12f5,screening_5seed,method_screening,ibm_aml_medium,transaction_classification,historical_transductive_full,future_inductive_recent,fraudshift_current_gate,composite,2,DG_NO_TARGET,single_t4,T4_16GB,TBD_PROFILE,local_and_data_gates,PLANNED
e121e28e530105c14da6,screening_5seed,method_screening,ibm_aml_medium,transaction_classification,historical_transductive_full,future_inductive_recent,fraudshift_current_gate,composite,3,DG_NO_TARGET,single_t4,T4_16GB,TBD_PROFILE,local_and_data_gates,PLANNED
1a7971be8d4c2ba4f943,screening_5seed,method_screening,ibm_aml_medium,transaction_classification,historical_transductive_full,future_inductive_recent,fraudshift_current_gate,composite,4,DG_NO_TARGET,single_t4,T4_16GB,TBD_PROFILE,local_and_data_gates,PLANNED
ef3adbfc3b3693f281df,screening_5seed,method_screening,ibm_aml_medium,transaction_classification,historical_transductive_full,future_inductive_recent,coregraph_atomic,composite,0,DG_NO_TARGET,single_t4,T4_16GB,TBD_PROFILE,local_and_data_gates,PLANNED
e27bdebaf19255b18c94,screening_5seed,method_screening,ibm_aml_medium,transaction_classification,historical_transductive_full,future_inductive_recent,coregraph_atomic,composite,1,DG_NO_TARGET,single_t4,T4_16GB,TBD_PROFILE,local_and_data_gates,PLANNED
999112105a834eaf086a,screening_5seed,method_screening,ibm_aml_medium,transaction_classification,historical_transductive_full,future_inductive_recent,coregraph_atomic,composite,2,DG_NO_TARGET,single_t4,T4_16GB,TBD_PROFILE,local_and_data_gates,PLANNED
e5429f59b2d380ef3198,screening_5seed,method_screening,ibm_aml_medium,transaction_classification,historical_transductive_full,future_inductive_recent,coregraph_atomic,composite,3,DG_NO_TARGET,single_t4,T4_16GB,TBD_PROFILE,local_and_data_gates,PLANNED
7ac19553c89a19d39c53,screening_5seed,method_screening,ibm_aml_medium,transaction_classification,historical_transductive_full,future_inductive_recent,coregraph_atomic,composite,4,DG_NO_TARGET,single_t4,T4_16GB,TBD_PROFILE,local_and_data_gates,PLANNED
d1318ed165688e93bcdf,screening_5seed,method_screening,ibm_aml_medium,transaction_classification,historical_transductive_full,future_inductive_recent,coregraph_no_contract,composite,0,DG_NO_TARGET,single_t4,T4_16GB,TBD_PROFILE,local_and_data_gates,PLANNED
c2efc596b0a0234de8a4,screening_5seed,method_screening,ibm_aml_medium,transaction_classification,historical_transductive_full,future_inductive_recent,coregraph_no_contract,composite,1,DG_NO_TARGET,single_t4,T4_16GB,TBD_PROFILE,local_and_data_gates,PLANNED
f2a447b999a1b2790f3b,screening_5seed,method_screening,ibm_aml_medium,transaction_classification,historical_transductive_full,future_inductive_recent,coregraph_no_contract,composite,2,DG_NO_TARGET,single_t4,T4_16GB,TBD_PROFILE,local_and_data_gates,PLANNED
2744a22446d7ee6f6fcd,screening_5seed,method_screening,ibm_aml_medium,transaction_classification,historical_transductive_full,future_inductive_recent,coregraph_no_contract,composite,3,DG_NO_TARGET,single_t4,T4_16GB,TBD_PROFILE,local_and_data_gates,PLANNED
f8a988b45107e4bb5b20,screening_5seed,method_screening,ibm_aml_medium,transaction_classification,historical_transductive_full,future_inductive_recent,coregraph_no_contract,composite,4,DG_NO_TARGET,single_t4,T4_16GB,TBD_PROFILE,local_and_data_gates,PLANNED
03963135916f6bdbbf7d,screening_5seed,method_screening,ibm_aml_medium,transaction_classification,historical_transductive_full,future_inductive_recent,coregraph_factorised,composite,0,DG_NO_TARGET,single_t4,T4_16GB,TBD_PROFILE,local_and_data_gates,PLANNED
ffb9c1cbacbbe96783b5,screening_5seed,method_screening,ibm_aml_medium,transaction_classification,historical_transductive_full,future_inductive_recent,coregraph_factorised,composite,1,DG_NO_TARGET,single_t4,T4_16GB,TBD_PROFILE,local_and_data_gates,PLANNED
d81e403e44f8ce8edf96,screening_5seed,method_screening,ibm_aml_medium,transaction_classification,historical_transductive_full,future_inductive_recent,coregraph_factorised,composite,2,DG_NO_TARGET,single_t4,T4_16GB,TBD_PROFILE,local_and_data_gates,PLANNED
35d8dec6964026219664,screening_5seed,method_screening,ibm_aml_medium,transaction_classification,historical_transductive_full,future_inductive_recent,coregraph_factorised,composite,3,DG_NO_TARGET,single_t4,T4_16GB,TBD_PROFILE,local_and_data_gates,PLANNED
63e66eb409d659119b9b,screening_5seed,method_screening,ibm_aml_medium,transaction_classification,historical_transductive_full,future_inductive_recent,coregraph_factorised,composite,4,DG_NO_TARGET,single_t4,T4_16GB,TBD_PROFILE,local_and_data_gates,PLANNED
8a5abc469ef926e94785,screening_5seed,method_screening,ibm_aml_medium,transaction_classification,historical_transductive_full,future_inductive_recent,coregraph_factorised_diagnostics,composite,0,DG_NO_TARGET,single_t4,T4_16GB,TBD_PROFILE,local_and_data_gates,PLANNED
910b4a728428bc2f67ae,screening_5seed,method_screening,ibm_aml_medium,transaction_classification,historical_transductive_full,future_inductive_recent,coregraph_factorised_diagnostics,composite,1,DG_NO_TARGET,single_t4,T4_16GB,TBD_PROFILE,local_and_data_gates,PLANNED
297042c6eaf8d9a961dc,screening_5seed,method_screening,ibm_aml_medium,transaction_classification,historical_transductive_full,future_inductive_recent,coregraph_factorised_diagnostics,composite,2,DG_NO_TARGET,single_t4,T4_16GB,TBD_PROFILE,local_and_data_gates,PLANNED
43b355f18c6e455b3227,screening_5seed,method_screening,ibm_aml_medium,transaction_classification,historical_transductive_full,future_inductive_recent,coregraph_factorised_diagnostics,composite,3,DG_NO_TARGET,single_t4,T4_16GB,TBD_PROFILE,local_and_data_gates,PLANNED
0078cab8bc4d5ea9c34b,screening_5seed,method_screening,ibm_aml_medium,transaction_classification,historical_transductive_full,future_inductive_recent,coregraph_factorised_diagnostics,composite,4,DG_NO_TARGET,single_t4,T4_16GB,TBD_PROFILE,local_and_data_gates,PLANNED
245b37feee3a95b5894d,screening_5seed,method_screening,ibm_aml_medium,transaction_classification,historical_inductive_full,future_missing_graph,best_single_feasible,composite,0,DG_NO_TARGET,single_t4,T4_16GB,TBD_PROFILE,local_and_data_gates,PLANNED
ffb5665989847da399ca,screening_5seed,method_screening,ibm_aml_medium,transaction_classification,historical_inductive_full,future_missing_graph,best_single_feasible,composite,1,DG_NO_TARGET,single_t4,T4_16GB,TBD_PROFILE,local_and_data_gates,PLANNED
58d43ff921b00d92389c,screening_5seed,method_screening,ibm_aml_medium,transaction_classification,historical_inductive_full,future_missing_graph,best_single_feasible,composite,2,DG_NO_TARGET,single_t4,T4_16GB,TBD_PROFILE,local_and_data_gates,PLANNED
2121263c834a91b4e9d7,screening_5seed,method_screening,ibm_aml_medium,transaction_classification,historical_inductive_full,future_missing_graph,best_single_feasible,composite,3,DG_NO_TARGET,single_t4,T4_16GB,TBD_PROFILE,local_and_data_gates,PLANNED
ec2f5cfc223bdfa83b7d,screening_5seed,method_screening,ibm_aml_medium,transaction_classification,historical_inductive_full,future_missing_graph,best_single_feasible,composite,4,DG_NO_TARGET,single_t4,T4_16GB,TBD_PROFILE,local_and_data_gates,PLANNED
661a77ad9bc7a1afd38b,screening_5seed,method_screening,ibm_aml_medium,transaction_classification,historical_inductive_full,future_missing_graph,equal_mixture,composite,0,DG_NO_TARGET,single_t4,T4_16GB,TBD_PROFILE,local_and_data_gates,PLANNED
1c3d964a1b552ede0e35,screening_5seed,method_screening,ibm_aml_medium,transaction_classification,historical_inductive_full,future_missing_graph,equal_mixture,composite,1,DG_NO_TARGET,single_t4,T4_16GB,TBD_PROFILE,local_and_data_gates,PLANNED
0ce309306f2b923aaf81,screening_5seed,method_screening,ibm_aml_medium,transaction_classification,historical_inductive_full,future_missing_graph,equal_mixture,composite,2,DG_NO_TARGET,single_t4,T4_16GB,TBD_PROFILE,local_and_data_gates,PLANNED
93b7900e2525ebf27374,screening_5seed,method_screening,ibm_aml_medium,transaction_classification,historical_inductive_full,future_missing_graph,equal_mixture,composite,3,DG_NO_TARGET,single_t4,T4_16GB,TBD_PROFILE,local_and_data_gates,PLANNED
7ddc05e0788cd7763ad1,screening_5seed,method_screening,ibm_aml_medium,transaction_classification,historical_inductive_full,future_missing_graph,equal_mixture,composite,4,DG_NO_TARGET,single_t4,T4_16GB,TBD_PROFILE,local_and_data_gates,PLANNED
6458076b446602c595d0,screening_5seed,method_screening,ibm_aml_medium,transaction_classification,historical_inductive_full,future_missing_graph,graphsafe_feature,composite,0,DG_NO_TARGET,single_t4,T4_16GB,TBD_PROFILE,local_and_data_gates,PLANNED
919feb1c38fa46fe9406,screening_5seed,method_screening,ibm_aml_medium,transaction_classification,historical_inductive_full,future_missing_graph,graphsafe_feature,composite,1,DG_NO_TARGET,single_t4,T4_16GB,TBD_PROFILE,local_and_data_gates,PLANNED
d7a9b460a936c0695ac2,screening_5seed,method_screening,ibm_aml_medium,transaction_classification,historical_inductive_full,future_missing_graph,graphsafe_feature,composite,2,DG_NO_TARGET,single_t4,T4_16GB,TBD_PROFILE,local_and_data_gates,PLANNED
733c0fe487a5bb8dad25,screening_5seed,method_screening,ibm_aml_medium,transaction_classification,historical_inductive_full,future_missing_graph,graphsafe_feature,composite,3,DG_NO_TARGET,single_t4,T4_16GB,TBD_PROFILE,local_and_data_gates,PLANNED
e3357db67b33783ebdff,screening_5seed,method_screening,ibm_aml_medium,transaction_classification,historical_inductive_full,future_missing_graph,graphsafe_feature,composite,4,DG_NO_TARGET,single_t4,T4_16GB,TBD_PROFILE,local_and_data_gates,PLANNED
26202dd5ce4fc6f6927c,screening_5seed,method_screening,ibm_aml_medium,transaction_classification,historical_inductive_full,future_missing_graph,fraudshift_current_gate,composite,0,DG_NO_TARGET,single_t4,T4_16GB,TBD_PROFILE,local_and_data_gates,PLANNED
5baa2c736b1c3f0dba35,screening_5seed,method_screening,ibm_aml_medium,transaction_classification,historical_inductive_full,future_missing_graph,fraudshift_current_gate,composite,1,DG_NO_TARGET,single_t4,T4_16GB,TBD_PROFILE,local_and_data_gates,PLANNED
9255e6ce95872de65c8f,screening_5seed,method_screening,ibm_aml_medium,transaction_classification,historical_inductive_full,future_missing_graph,fraudshift_current_gate,composite,2,DG_NO_TARGET,single_t4,T4_16GB,TBD_PROFILE,local_and_data_gates,PLANNED
a475be845602abe6306d,screening_5seed,method_screening,ibm_aml_medium,transaction_classification,historical_inductive_full,future_missing_graph,fraudshift_current_gate,composite,3,DG_NO_TARGET,single_t4,T4_16GB,TBD_PROFILE,local_and_data_gates,PLANNED
2513f7208afa0100974a,screening_5seed,method_screening,ibm_aml_medium,transaction_classification,historical_inductive_full,future_missing_graph,fraudshift_current_gate,composite,4,DG_NO_TARGET,single_t4,T4_16GB,TBD_PROFILE,local_and_data_gates,PLANNED
93647ccd2a7fbbd4978c,screening_5seed,method_screening,ibm_aml_medium,transaction_classification,historical_inductive_full,future_missing_graph,coregraph_atomic,composite,0,DG_NO_TARGET,single_t4,T4_16GB,TBD_PROFILE,local_and_data_gates,PLANNED
657c7892d56e4272f2fb,screening_5seed,method_screening,ibm_aml_medium,transaction_classification,historical_inductive_full,future_missing_graph,coregraph_atomic,composite,1,DG_NO_TARGET,single_t4,T4_16GB,TBD_PROFILE,local_and_data_gates,PLANNED
f40992e8e53696777978,screening_5seed,method_screening,ibm_aml_medium,transaction_classification,historical_inductive_full,future_missing_graph,coregraph_atomic,composite,2,DG_NO_TARGET,single_t4,T4_16GB,TBD_PROFILE,local_and_data_gates,PLANNED
936c85875fab95c3290c,screening_5seed,method_screening,ibm_aml_medium,transaction_classification,historical_inductive_full,future_missing_graph,coregraph_atomic,composite,3,DG_NO_TARGET,single_t4,T4_16GB,TBD_PROFILE,local_and_data_gates,PLANNED
02052318f9a7cfe61ca9,screening_5seed,method_screening,ibm_aml_medium,transaction_classification,historical_inductive_full,future_missing_graph,coregraph_atomic,composite,4,DG_NO_TARGET,single_t4,T4_16GB,TBD_PROFILE,local_and_data_gates,PLANNED
520cd7af9d0d8a8b2ce3,screening_5seed,method_screening,ibm_aml_medium,transaction_classification,historical_inductive_full,future_missing_graph,coregraph_no_contract,composite,0,DG_NO_TARGET,single_t4,T4_16GB,TBD_PROFILE,local_and_data_gates,PLANNED
2d6b08d9ab29fee3a4a3,screening_5seed,method_screening,ibm_aml_medium,transaction_classification,historical_inductive_full,future_missing_graph,coregraph_no_contract,composite,1,DG_NO_TARGET,single_t4,T4_16GB,TBD_PROFILE,local_and_data_gates,PLANNED
1153e1109425e0a97d25,screening_5seed,method_screening,ibm_aml_medium,transaction_classification,historical_inductive_full,future_missing_graph,coregraph_no_contract,composite,2,DG_NO_TARGET,single_t4,T4_16GB,TBD_PROFILE,local_and_data_gates,PLANNED
c77a061ccb5937b4c3a5,screening_5seed,method_screening,ibm_aml_medium,transaction_classification,historical_inductive_full,future_missing_graph,coregraph_no_contract,composite,3,DG_NO_TARGET,single_t4,T4_16GB,TBD_PROFILE,local_and_data_gates,PLANNED
1e8a102ef6476d03b7a7,screening_5seed,method_screening,ibm_aml_medium,transaction_classification,historical_inductive_full,future_missing_graph,coregraph_no_contract,composite,4,DG_NO_TARGET,single_t4,T4_16GB,TBD_PROFILE,local_and_data_gates,PLANNED
12da0f06f3aeb8804f7a,screening_5seed,method_screening,ibm_aml_medium,transaction_classification,historical_inductive_full,future_missing_graph,coregraph_factorised,composite,0,DG_NO_TARGET,single_t4,T4_16GB,TBD_PROFILE,local_and_data_gates,PLANNED
43cf8d533b35951ded0c,screening_5seed,method_screening,ibm_aml_medium,transaction_classification,historical_inductive_full,future_missing_graph,coregraph_factorised,composite,1,DG_NO_TARGET,single_t4,T4_16GB,TBD_PROFILE,local_and_data_gates,PLANNED
4abf10c07aa706391599,screening_5seed,method_screening,ibm_aml_medium,transaction_classification,historical_inductive_full,future_missing_graph,coregraph_factorised,composite,2,DG_NO_TARGET,single_t4,T4_16GB,TBD_PROFILE,local_and_data_gates,PLANNED
d3c9b0d233ba18aabd96,screening_5seed,method_screening,ibm_aml_medium,transaction_classification,historical_inductive_full,future_missing_graph,coregraph_factorised,composite,3,DG_NO_TARGET,single_t4,T4_16GB,TBD_PROFILE,local_and_data_gates,PLANNED
c12e5accc913cec4144e,screening_5seed,method_screening,ibm_aml_medium,transaction_classification,historical_inductive_full,future_missing_graph,coregraph_factorised,composite,4,DG_NO_TARGET,single_t4,T4_16GB,TBD_PROFILE,local_and_data_gates,PLANNED
2073bcca139f2e8b2393,screening_5seed,method_screening,ibm_aml_medium,transaction_classification,historical_inductive_full,future_missing_graph,coregraph_factorised_diagnostics,composite,0,DG_NO_TARGET,single_t4,T4_16GB,TBD_PROFILE,local_and_data_gates,PLANNED
3254f7a5d2995b185d93,screening_5seed,method_screening,ibm_aml_medium,transaction_classification,historical_inductive_full,future_missing_graph,coregraph_factorised_diagnostics,composite,1,DG_NO_TARGET,single_t4,T4_16GB,TBD_PROFILE,local_and_data_gates,PLANNED
6006cbceda6d888f1b72,screening_5seed,method_screening,ibm_aml_medium,transaction_classification,historical_inductive_full,future_missing_graph,coregraph_factorised_diagnostics,composite,2,DG_NO_TARGET,single_t4,T4_16GB,TBD_PROFILE,local_and_data_gates,PLANNED
52031bee1d81189a8e1c,screening_5seed,method_screening,ibm_aml_medium,transaction_classification,historical_inductive_full,future_missing_graph,coregraph_factorised_diagnostics,composite,3,DG_NO_TARGET,single_t4,T4_16GB,TBD_PROFILE,local_and_data_gates,PLANNED
ae3a355a9bf6a19251dd,screening_5seed,method_screening,ibm_aml_medium,transaction_classification,historical_inductive_full,future_missing_graph,coregraph_factorised_diagnostics,composite,4,DG_NO_TARGET,single_t4,T4_16GB,TBD_PROFILE,local_and_data_gates,PLANNED
fe6ef68d8f925b4b4e04,screening_5seed,method_screening,ibm_aml_medium,transaction_classification,historical_inductive_full,future_budget_topk,best_single_feasible,composite,0,DG_NO_TARGET,single_t4,T4_16GB,TBD_PROFILE,local_and_data_gates,PLANNED
4b52cf7571a38ae06fc8,screening_5seed,method_screening,ibm_aml_medium,transaction_classification,historical_inductive_full,future_budget_topk,best_single_feasible,composite,1,DG_NO_TARGET,single_t4,T4_16GB,TBD_PROFILE,local_and_data_gates,PLANNED
70c5026edb5385d3a017,screening_5seed,method_screening,ibm_aml_medium,transaction_classification,historical_inductive_full,future_budget_topk,best_single_feasible,composite,2,DG_NO_TARGET,single_t4,T4_16GB,TBD_PROFILE,local_and_data_gates,PLANNED
bce469ffd0b662fce000,screening_5seed,method_screening,ibm_aml_medium,transaction_classification,historical_inductive_full,future_budget_topk,best_single_feasible,composite,3,DG_NO_TARGET,single_t4,T4_16GB,TBD_PROFILE,local_and_data_gates,PLANNED
884b8ea404d69c7aa32e,screening_5seed,method_screening,ibm_aml_medium,transaction_classification,historical_inductive_full,future_budget_topk,best_single_feasible,composite,4,DG_NO_TARGET,single_t4,T4_16GB,TBD_PROFILE,local_and_data_gates,PLANNED
a5f4ff11cdc64bcf44fb,screening_5seed,method_screening,ibm_aml_medium,transaction_classification,historical_inductive_full,future_budget_topk,equal_mixture,composite,0,DG_NO_TARGET,single_t4,T4_16GB,TBD_PROFILE,local_and_data_gates,PLANNED
5e0e6262f94bf70bbca5,screening_5seed,method_screening,ibm_aml_medium,transaction_classification,historical_inductive_full,future_budget_topk,equal_mixture,composite,1,DG_NO_TARGET,single_t4,T4_16GB,TBD_PROFILE,local_and_data_gates,PLANNED
3b97065155b48639278e,screening_5seed,method_screening,ibm_aml_medium,transaction_classification,historical_inductive_full,future_budget_topk,equal_mixture,composite,2,DG_NO_TARGET,single_t4,T4_16GB,TBD_PROFILE,local_and_data_gates,PLANNED
89a562d4223d31aec1ad,screening_5seed,method_screening,ibm_aml_medium,transaction_classification,historical_inductive_full,future_budget_topk,equal_mixture,composite,3,DG_NO_TARGET,single_t4,T4_16GB,TBD_PROFILE,local_and_data_gates,PLANNED
d5b2d7aa6907c5990ae3,screening_5seed,method_screening,ibm_aml_medium,transaction_classification,historical_inductive_full,future_budget_topk,equal_mixture,composite,4,DG_NO_TARGET,single_t4,T4_16GB,TBD_PROFILE,local_and_data_gates,PLANNED
a55be9d518a9765f7915,screening_5seed,method_screening,ibm_aml_medium,transaction_classification,historical_inductive_full,future_budget_topk,graphsafe_feature,composite,0,DG_NO_TARGET,single_t4,T4_16GB,TBD_PROFILE,local_and_data_gates,PLANNED
fe0bf4f71975cc89879f,screening_5seed,method_screening,ibm_aml_medium,transaction_classification,historical_inductive_full,future_budget_topk,graphsafe_feature,composite,1,DG_NO_TARGET,single_t4,T4_16GB,TBD_PROFILE,local_and_data_gates,PLANNED
16773ec09b1a53f173b8,screening_5seed,method_screening,ibm_aml_medium,transaction_classification,historical_inductive_full,future_budget_topk,graphsafe_feature,composite,2,DG_NO_TARGET,single_t4,T4_16GB,TBD_PROFILE,local_and_data_gates,PLANNED
0f5d5a6d183e1d3134dd,screening_5seed,method_screening,ibm_aml_medium,transaction_classification,historical_inductive_full,future_budget_topk,graphsafe_feature,composite,3,DG_NO_TARGET,single_t4,T4_16GB,TBD_PROFILE,local_and_data_gates,PLANNED
1cb7562289284bced094,screening_5seed,method_screening,ibm_aml_medium,transaction_classification,historical_inductive_full,future_budget_topk,graphsafe_feature,composite,4,DG_NO_TARGET,single_t4,T4_16GB,TBD_PROFILE,local_and_data_gates,PLANNED
70eda4615c172fdd8422,screening_5seed,method_screening,ibm_aml_medium,transaction_classification,historical_inductive_full,future_budget_topk,fraudshift_current_gate,composite,0,DG_NO_TARGET,single_t4,T4_16GB,TBD_PROFILE,local_and_data_gates,PLANNED
aad87de8dca3dd2ce73b,screening_5seed,method_screening,ibm_aml_medium,transaction_classification,historical_inductive_full,future_budget_topk,fraudshift_current_gate,composite,1,DG_NO_TARGET,single_t4,T4_16GB,TBD_PROFILE,local_and_data_gates,PLANNED
63820ac7c080c0630e9d,screening_5seed,method_screening,ibm_aml_medium,transaction_classification,historical_inductive_full,future_budget_topk,fraudshift_current_gate,composite,2,DG_NO_TARGET,single_t4,T4_16GB,TBD_PROFILE,local_and_data_gates,PLANNED
591d382c59a3834e6d5c,screening_5seed,method_screening,ibm_aml_medium,transaction_classification,historical_inductive_full,future_budget_topk,fraudshift_current_gate,composite,3,DG_NO_TARGET,single_t4,T4_16GB,TBD_PROFILE,local_and_data_gates,PLANNED
e4c06ed6e338e95563b8,screening_5seed,method_screening,ibm_aml_medium,transaction_classification,historical_inductive_full,future_budget_topk,fraudshift_current_gate,composite,4,DG_NO_TARGET,single_t4,T4_16GB,TBD_PROFILE,local_and_data_gates,PLANNED
f74b0ff8bd92775232c9,screening_5seed,method_screening,ibm_aml_medium,transaction_classification,historical_inductive_full,future_budget_topk,coregraph_atomic,composite,0,DG_NO_TARGET,single_t4,T4_16GB,TBD_PROFILE,local_and_data_gates,PLANNED
e186d866e647cb1a207b,screening_5seed,method_screening,ibm_aml_medium,transaction_classification,historical_inductive_full,future_budget_topk,coregraph_atomic,composite,1,DG_NO_TARGET,single_t4,T4_16GB,TBD_PROFILE,local_and_data_gates,PLANNED
522c89397ce3d404b6bc,screening_5seed,method_screening,ibm_aml_medium,transaction_classification,historical_inductive_full,future_budget_topk,coregraph_atomic,composite,2,DG_NO_TARGET,single_t4,T4_16GB,TBD_PROFILE,local_and_data_gates,PLANNED
cc1153df1b6b2e63c013,screening_5seed,method_screening,ibm_aml_medium,transaction_classification,historical_inductive_full,future_budget_topk,coregraph_atomic,composite,3,DG_NO_TARGET,single_t4,T4_16GB,TBD_PROFILE,local_and_data_gates,PLANNED
2a9681b4eecc5192c186,screening_5seed,method_screening,ibm_aml_medium,transaction_classification,historical_inductive_full,future_budget_topk,coregraph_atomic,composite,4,DG_NO_TARGET,single_t4,T4_16GB,TBD_PROFILE,local_and_data_gates,PLANNED
07576586d11352b4f9fc,screening_5seed,method_screening,ibm_aml_medium,transaction_classification,historical_inductive_full,future_budget_topk,coregraph_no_contract,composite,0,DG_NO_TARGET,single_t4,T4_16GB,TBD_PROFILE,local_and_data_gates,PLANNED
95b5522d766fbf912c10,screening_5seed,method_screening,ibm_aml_medium,transaction_classification,historical_inductive_full,future_budget_topk,coregraph_no_contract,composite,1,DG_NO_TARGET,single_t4,T4_16GB,TBD_PROFILE,local_and_data_gates,PLANNED
1c3a2bcd322c4815b0a5,screening_5seed,method_screening,ibm_aml_medium,transaction_classification,historical_inductive_full,future_budget_topk,coregraph_no_contract,composite,2,DG_NO_TARGET,single_t4,T4_16GB,TBD_PROFILE,local_and_data_gates,PLANNED
126a2bc43bfa1f601b64,screening_5seed,method_screening,ibm_aml_medium,transaction_classification,historical_inductive_full,future_budget_topk,coregraph_no_contract,composite,3,DG_NO_TARGET,single_t4,T4_16GB,TBD_PROFILE,local_and_data_gates,PLANNED
ac217f2e9474a4871077,screening_5seed,method_screening,ibm_aml_medium,transaction_classification,historical_inductive_full,future_budget_topk,coregraph_no_contract,composite,4,DG_NO_TARGET,single_t4,T4_16GB,TBD_PROFILE,local_and_data_gates,PLANNED
91a0db8a0b6cf6a1e583,screening_5seed,method_screening,ibm_aml_medium,transaction_classification,historical_inductive_full,future_budget_topk,coregraph_factorised,composite,0,DG_NO_TARGET,single_t4,T4_16GB,TBD_PROFILE,local_and_data_gates,PLANNED
add9aa8555f4a90829cf,screening_5seed,method_screening,ibm_aml_medium,transaction_classification,historical_inductive_full,future_budget_topk,coregraph_factorised,composite,1,DG_NO_TARGET,single_t4,T4_16GB,TBD_PROFILE,local_and_data_gates,PLANNED
64add7d68eb07a418342,screening_5seed,method_screening,ibm_aml_medium,transaction_classification,historical_inductive_full,future_budget_topk,coregraph_factorised,composite,2,DG_NO_TARGET,single_t4,T4_16GB,TBD_PROFILE,local_and_data_gates,PLANNED
391b2adf224a59f20915,screening_5seed,method_screening,ibm_aml_medium,transaction_classification,historical_inductive_full,future_budget_topk,coregraph_factorised,composite,3,DG_NO_TARGET,single_t4,T4_16GB,TBD_PROFILE,local_and_data_gates,PLANNED
c8643b0e8c8a465c2c38,screening_5seed,method_screening,ibm_aml_medium,transaction_classification,historical_inductive_full,future_budget_topk,coregraph_factorised,composite,4,DG_NO_TARGET,single_t4,T4_16GB,TBD_PROFILE,local_and_data_gates,PLANNED
a2665b24db969fbaf3c4,screening_5seed,method_screening,ibm_aml_medium,transaction_classification,historical_inductive_full,future_budget_topk,coregraph_factorised_diagnostics,composite,0,DG_NO_TARGET,single_t4,T4_16GB,TBD_PROFILE,local_and_data_gates,PLANNED
1da2ce875f8270554ce6,screening_5seed,method_screening,ibm_aml_medium,transaction_classification,historical_inductive_full,future_budget_topk,coregraph_factorised_diagnostics,composite,1,DG_NO_TARGET,single_t4,T4_16GB,TBD_PROFILE,local_and_data_gates,PLANNED
8a15392853a922c309f1,screening_5seed,method_screening,ibm_aml_medium,transaction_classification,historical_inductive_full,future_budget_topk,coregraph_factorised_diagnostics,composite,2,DG_NO_TARGET,single_t4,T4_16GB,TBD_PROFILE,local_and_data_gates,PLANNED
2c3e1fa8c936977a1dfd,screening_5seed,method_screening,ibm_aml_medium,transaction_classification,historical_inductive_full,future_budget_topk,coregraph_factorised_diagnostics,composite,3,DG_NO_TARGET,single_t4,T4_16GB,TBD_PROFILE,local_and_data_gates,PLANNED
1ffcffa70386577bbaba,screening_5seed,method_screening,ibm_aml_medium,transaction_classification,historical_inductive_full,future_budget_topk,coregraph_factorised_diagnostics,composite,4,DG_NO_TARGET,single_t4,T4_16GB,TBD_PROFILE,local_and_data_gates,PLANNED
38940137573fbaa7a047,screening_5seed,method_screening,ibm_aml_medium,transaction_classification,historical_transductive_full,future_resource_limited,best_single_feasible,composite,0,DG_NO_TARGET,single_t4,T4_16GB,TBD_PROFILE,local_and_data_gates,PLANNED
b36f75da581dfd13741b,screening_5seed,method_screening,ibm_aml_medium,transaction_classification,historical_transductive_full,future_resource_limited,best_single_feasible,composite,1,DG_NO_TARGET,single_t4,T4_16GB,TBD_PROFILE,local_and_data_gates,PLANNED
1ec74b151c706b039397,screening_5seed,method_screening,ibm_aml_medium,transaction_classification,historical_transductive_full,future_resource_limited,best_single_feasible,composite,2,DG_NO_TARGET,single_t4,T4_16GB,TBD_PROFILE,local_and_data_gates,PLANNED
c9c8991dd63a4cfc87f2,screening_5seed,method_screening,ibm_aml_medium,transaction_classification,historical_transductive_full,future_resource_limited,best_single_feasible,composite,3,DG_NO_TARGET,single_t4,T4_16GB,TBD_PROFILE,local_and_data_gates,PLANNED
e4779341ec99c19ee6cf,screening_5seed,method_screening,ibm_aml_medium,transaction_classification,historical_transductive_full,future_resource_limited,best_single_feasible,composite,4,DG_NO_TARGET,single_t4,T4_16GB,TBD_PROFILE,local_and_data_gates,PLANNED
9feaa5f15523170eb05a,screening_5seed,method_screening,ibm_aml_medium,transaction_classification,historical_transductive_full,future_resource_limited,equal_mixture,composite,0,DG_NO_TARGET,single_t4,T4_16GB,TBD_PROFILE,local_and_data_gates,PLANNED
99a00d99c296da7a4d37,screening_5seed,method_screening,ibm_aml_medium,transaction_classification,historical_transductive_full,future_resource_limited,equal_mixture,composite,1,DG_NO_TARGET,single_t4,T4_16GB,TBD_PROFILE,local_and_data_gates,PLANNED
5fe91413045773af50b8,screening_5seed,method_screening,ibm_aml_medium,transaction_classification,historical_transductive_full,future_resource_limited,equal_mixture,composite,2,DG_NO_TARGET,single_t4,T4_16GB,TBD_PROFILE,local_and_data_gates,PLANNED
bc355618ca41acec369f,screening_5seed,method_screening,ibm_aml_medium,transaction_classification,historical_transductive_full,future_resource_limited,equal_mixture,composite,3,DG_NO_TARGET,single_t4,T4_16GB,TBD_PROFILE,local_and_data_gates,PLANNED
ef05e457d44b19c9aa32,screening_5seed,method_screening,ibm_aml_medium,transaction_classification,historical_transductive_full,future_resource_limited,equal_mixture,composite,4,DG_NO_TARGET,single_t4,T4_16GB,TBD_PROFILE,local_and_data_gates,PLANNED
b19145f07ca99e7cd1e0,screening_5seed,method_screening,ibm_aml_medium,transaction_classification,historical_transductive_full,future_resource_limited,graphsafe_feature,composite,0,DG_NO_TARGET,single_t4,T4_16GB,TBD_PROFILE,local_and_data_gates,PLANNED
a4c3a074720107b7bc66,screening_5seed,method_screening,ibm_aml_medium,transaction_classification,historical_transductive_full,future_resource_limited,graphsafe_feature,composite,1,DG_NO_TARGET,single_t4,T4_16GB,TBD_PROFILE,local_and_data_gates,PLANNED
69f2f39da52cceacacdc,screening_5seed,method_screening,ibm_aml_medium,transaction_classification,historical_transductive_full,future_resource_limited,graphsafe_feature,composite,2,DG_NO_TARGET,single_t4,T4_16GB,TBD_PROFILE,local_and_data_gates,PLANNED
45412e855e178f22ab58,screening_5seed,method_screening,ibm_aml_medium,transaction_classification,historical_transductive_full,future_resource_limited,graphsafe_feature,composite,3,DG_NO_TARGET,single_t4,T4_16GB,TBD_PROFILE,local_and_data_gates,PLANNED
d47eeef8a3d7775052c3,screening_5seed,method_screening,ibm_aml_medium,transaction_classification,historical_transductive_full,future_resource_limited,graphsafe_feature,composite,4,DG_NO_TARGET,single_t4,T4_16GB,TBD_PROFILE,local_and_data_gates,PLANNED
bec23aae82f224c5ed83,screening_5seed,method_screening,ibm_aml_medium,transaction_classification,historical_transductive_full,future_resource_limited,fraudshift_current_gate,composite,0,DG_NO_TARGET,single_t4,T4_16GB,TBD_PROFILE,local_and_data_gates,PLANNED
759755bdf70a260ec2b7,screening_5seed,method_screening,ibm_aml_medium,transaction_classification,historical_transductive_full,future_resource_limited,fraudshift_current_gate,composite,1,DG_NO_TARGET,single_t4,T4_16GB,TBD_PROFILE,local_and_data_gates,PLANNED
d155dbf2b653e6a22c6e,screening_5seed,method_screening,ibm_aml_medium,transaction_classification,historical_transductive_full,future_resource_limited,fraudshift_current_gate,composite,2,DG_NO_TARGET,single_t4,T4_16GB,TBD_PROFILE,local_and_data_gates,PLANNED
41d5c5a3fb174a353b5b,screening_5seed,method_screening,ibm_aml_medium,transaction_classification,historical_transductive_full,future_resource_limited,fraudshift_current_gate,composite,3,DG_NO_TARGET,single_t4,T4_16GB,TBD_PROFILE,local_and_data_gates,PLANNED
35fe5829923492c2a3d5,screening_5seed,method_screening,ibm_aml_medium,transaction_classification,historical_transductive_full,future_resource_limited,fraudshift_current_gate,composite,4,DG_NO_TARGET,single_t4,T4_16GB,TBD_PROFILE,local_and_data_gates,PLANNED
6266c3d266a46d078605,screening_5seed,method_screening,ibm_aml_medium,transaction_classification,historical_transductive_full,future_resource_limited,coregraph_atomic,composite,0,DG_NO_TARGET,single_t4,T4_16GB,TBD_PROFILE,local_and_data_gates,PLANNED
ee70fa87bbc2a39da73b,screening_5seed,method_screening,ibm_aml_medium,transaction_classification,historical_transductive_full,future_resource_limited,coregraph_atomic,composite,1,DG_NO_TARGET,single_t4,T4_16GB,TBD_PROFILE,local_and_data_gates,PLANNED
410d729b7e28622481b6,screening_5seed,method_screening,ibm_aml_medium,transaction_classification,historical_transductive_full,future_resource_limited,coregraph_atomic,composite,2,DG_NO_TARGET,single_t4,T4_16GB,TBD_PROFILE,local_and_data_gates,PLANNED
6140599c72494eaff8e8,screening_5seed,method_screening,ibm_aml_medium,transaction_classification,historical_transductive_full,future_resource_limited,coregraph_atomic,composite,3,DG_NO_TARGET,single_t4,T4_16GB,TBD_PROFILE,local_and_data_gates,PLANNED
d44a7993953aaeef1cb4,screening_5seed,method_screening,ibm_aml_medium,transaction_classification,historical_transductive_full,future_resource_limited,coregraph_atomic,composite,4,DG_NO_TARGET,single_t4,T4_16GB,TBD_PROFILE,local_and_data_gates,PLANNED
0d4ffe37a8dcc145f211,screening_5seed,method_screening,ibm_aml_medium,transaction_classification,historical_transductive_full,future_resource_limited,coregraph_no_contract,composite,0,DG_NO_TARGET,single_t4,T4_16GB,TBD_PROFILE,local_and_data_gates,PLANNED
b46a984c7c91f6ac904c,screening_5seed,method_screening,ibm_aml_medium,transaction_classification,historical_transductive_full,future_resource_limited,coregraph_no_contract,composite,1,DG_NO_TARGET,single_t4,T4_16GB,TBD_PROFILE,local_and_data_gates,PLANNED
8e36e09acbfda39417f0,screening_5seed,method_screening,ibm_aml_medium,transaction_classification,historical_transductive_full,future_resource_limited,coregraph_no_contract,composite,2,DG_NO_TARGET,single_t4,T4_16GB,TBD_PROFILE,local_and_data_gates,PLANNED
810b48017ec64ee70aea,screening_5seed,method_screening,ibm_aml_medium,transaction_classification,historical_transductive_full,future_resource_limited,coregraph_no_contract,composite,3,DG_NO_TARGET,single_t4,T4_16GB,TBD_PROFILE,local_and_data_gates,PLANNED
d030491f617e60d801d4,screening_5seed,method_screening,ibm_aml_medium,transaction_classification,historical_transductive_full,future_resource_limited,coregraph_no_contract,composite,4,DG_NO_TARGET,single_t4,T4_16GB,TBD_PROFILE,local_and_data_gates,PLANNED
6edc7f7382ae8f763618,screening_5seed,method_screening,ibm_aml_medium,transaction_classification,historical_transductive_full,future_resource_limited,coregraph_factorised,composite,0,DG_NO_TARGET,single_t4,T4_16GB,TBD_PROFILE,local_and_data_gates,PLANNED
679ecbc146405d0670a0,screening_5seed,method_screening,ibm_aml_medium,transaction_classification,historical_transductive_full,future_resource_limited,coregraph_factorised,composite,1,DG_NO_TARGET,single_t4,T4_16GB,TBD_PROFILE,local_and_data_gates,PLANNED
8f79a098e188c6902b8e,screening_5seed,method_screening,ibm_aml_medium,transaction_classification,historical_transductive_full,future_resource_limited,coregraph_factorised,composite,2,DG_NO_TARGET,single_t4,T4_16GB,TBD_PROFILE,local_and_data_gates,PLANNED
ec3e744586a630a0342b,screening_5seed,method_screening,ibm_aml_medium,transaction_classification,historical_transductive_full,future_resource_limited,coregraph_factorised,composite,3,DG_NO_TARGET,single_t4,T4_16GB,TBD_PROFILE,local_and_data_gates,PLANNED
dc5e8361e4f1e058d2ed,screening_5seed,method_screening,ibm_aml_medium,transaction_classification,historical_transductive_full,future_resource_limited,coregraph_factorised,composite,4,DG_NO_TARGET,single_t4,T4_16GB,TBD_PROFILE,local_and_data_gates,PLANNED
10cbcdafbe2746628f60,screening_5seed,method_screening,ibm_aml_medium,transaction_classification,historical_transductive_full,future_resource_limited,coregraph_factorised_diagnostics,composite,0,DG_NO_TARGET,single_t4,T4_16GB,TBD_PROFILE,local_and_data_gates,PLANNED
3f26585bad6d034a2a8c,screening_5seed,method_screening,ibm_aml_medium,transaction_classification,historical_transductive_full,future_resource_limited,coregraph_factorised_diagnostics,composite,1,DG_NO_TARGET,single_t4,T4_16GB,TBD_PROFILE,local_and_data_gates,PLANNED
e89a7bc80570620b07b6,screening_5seed,method_screening,ibm_aml_medium,transaction_classification,historical_transductive_full,future_resource_limited,coregraph_factorised_diagnostics,composite,2,DG_NO_TARGET,single_t4,T4_16GB,TBD_PROFILE,local_and_data_gates,PLANNED
67ed9f70c86c971462f0,screening_5seed,method_screening,ibm_aml_medium,transaction_classification,historical_transductive_full,future_resource_limited,coregraph_factorised_diagnostics,composite,3,DG_NO_TARGET,single_t4,T4_16GB,TBD_PROFILE,local_and_data_gates,PLANNED
4d6922c80a45e2d90da7,screening_5seed,method_screening,ibm_aml_medium,transaction_classification,historical_transductive_full,future_resource_limited,coregraph_factorised_diagnostics,composite,4,DG_NO_TARGET,single_t4,T4_16GB,TBD_PROFILE,local_and_data_gates,PLANNED
7fa27afdf5a8a7e44871,screening_5seed,method_screening,good_arxiv_time,node_classification,historical_transductive_full,future_inductive_full,best_single_feasible,composite,0,DG_NO_TARGET,single_t4,T4_16GB,TBD_PROFILE,local_and_data_gates,PLANNED
6a8be835b9e619b47f5e,screening_5seed,method_screening,good_arxiv_time,node_classification,historical_transductive_full,future_inductive_full,best_single_feasible,composite,1,DG_NO_TARGET,single_t4,T4_16GB,TBD_PROFILE,local_and_data_gates,PLANNED
cbe12b650971d06a4ed5,screening_5seed,method_screening,good_arxiv_time,node_classification,historical_transductive_full,future_inductive_full,best_single_feasible,composite,2,DG_NO_TARGET,single_t4,T4_16GB,TBD_PROFILE,local_and_data_gates,PLANNED
f2db8a1fe1f991b741a2,screening_5seed,method_screening,good_arxiv_time,node_classification,historical_transductive_full,future_inductive_full,best_single_feasible,composite,3,DG_NO_TARGET,single_t4,T4_16GB,TBD_PROFILE,local_and_data_gates,PLANNED
33036854762e02a25319,screening_5seed,method_screening,good_arxiv_time,node_classification,historical_transductive_full,future_inductive_full,best_single_feasible,composite,4,DG_NO_TARGET,single_t4,T4_16GB,TBD_PROFILE,local_and_data_gates,PLANNED
02f8f1d3abf00379a799,screening_5seed,method_screening,good_arxiv_time,node_classification,historical_transductive_full,future_inductive_full,equal_mixture,composite,0,DG_NO_TARGET,single_t4,T4_16GB,TBD_PROFILE,local_and_data_gates,PLANNED
0d1b9e3acd478e7e5c0e,screening_5seed,method_screening,good_arxiv_time,node_classification,historical_transductive_full,future_inductive_full,equal_mixture,composite,1,DG_NO_TARGET,single_t4,T4_16GB,TBD_PROFILE,local_and_data_gates,PLANNED
3f2997e7b9f22b3e9294,screening_5seed,method_screening,good_arxiv_time,node_classification,historical_transductive_full,future_inductive_full,equal_mixture,composite,2,DG_NO_TARGET,single_t4,T4_16GB,TBD_PROFILE,local_and_data_gates,PLANNED
2ad20e740b04c96269ac,screening_5seed,method_screening,good_arxiv_time,node_classification,historical_transductive_full,future_inductive_full,equal_mixture,composite,3,DG_NO_TARGET,single_t4,T4_16GB,TBD_PROFILE,local_and_data_gates,PLANNED
a2ced8cf559d4ff5f5da,screening_5seed,method_screening,good_arxiv_time,node_classification,historical_transductive_full,future_inductive_full,equal_mixture,composite,4,DG_NO_TARGET,single_t4,T4_16GB,TBD_PROFILE,local_and_data_gates,PLANNED
5077e63c12b062dd790c,screening_5seed,method_screening,good_arxiv_time,node_classification,historical_transductive_full,future_inductive_full,graphsafe_feature,composite,0,DG_NO_TARGET,single_t4,T4_16GB,TBD_PROFILE,local_and_data_gates,PLANNED
773b0e72a7471c6d9228,screening_5seed,method_screening,good_arxiv_time,node_classification,historical_transductive_full,future_inductive_full,graphsafe_feature,composite,1,DG_NO_TARGET,single_t4,T4_16GB,TBD_PROFILE,local_and_data_gates,PLANNED
6362dca1067d611d34f5,screening_5seed,method_screening,good_arxiv_time,node_classification,historical_transductive_full,future_inductive_full,graphsafe_feature,composite,2,DG_NO_TARGET,single_t4,T4_16GB,TBD_PROFILE,local_and_data_gates,PLANNED
c07d83784f24810a4893,screening_5seed,method_screening,good_arxiv_time,node_classification,historical_transductive_full,future_inductive_full,graphsafe_feature,composite,3,DG_NO_TARGET,single_t4,T4_16GB,TBD_PROFILE,local_and_data_gates,PLANNED
15b7b994550aafc4b6d0,screening_5seed,method_screening,good_arxiv_time,node_classification,historical_transductive_full,future_inductive_full,graphsafe_feature,composite,4,DG_NO_TARGET,single_t4,T4_16GB,TBD_PROFILE,local_and_data_gates,PLANNED
acd901c93ab993d7ce35,screening_5seed,method_screening,good_arxiv_time,node_classification,historical_transductive_full,future_inductive_full,fraudshift_current_gate,composite,0,DG_NO_TARGET,single_t4,T4_16GB,TBD_PROFILE,local_and_data_gates,PLANNED
b7b401af5036ad67d79b,screening_5seed,method_screening,good_arxiv_time,node_classification,historical_transductive_full,future_inductive_full,fraudshift_current_gate,composite,1,DG_NO_TARGET,single_t4,T4_16GB,TBD_PROFILE,local_and_data_gates,PLANNED
00409c15551a7d987530,screening_5seed,method_screening,good_arxiv_time,node_classification,historical_transductive_full,future_inductive_full,fraudshift_current_gate,composite,2,DG_NO_TARGET,single_t4,T4_16GB,TBD_PROFILE,local_and_data_gates,PLANNED
84c21daefa4ae481c442,screening_5seed,method_screening,good_arxiv_time,node_classification,historical_transductive_full,future_inductive_full,fraudshift_current_gate,composite,3,DG_NO_TARGET,single_t4,T4_16GB,TBD_PROFILE,local_and_data_gates,PLANNED
243f39c16070e877a0b0,screening_5seed,method_screening,good_arxiv_time,node_classification,historical_transductive_full,future_inductive_full,fraudshift_current_gate,composite,4,DG_NO_TARGET,single_t4,T4_16GB,TBD_PROFILE,local_and_data_gates,PLANNED
2ffb2486ffdea24cb3f6,screening_5seed,method_screening,good_arxiv_time,node_classification,historical_transductive_full,future_inductive_full,coregraph_atomic,composite,0,DG_NO_TARGET,single_t4,T4_16GB,TBD_PROFILE,local_and_data_gates,PLANNED
a6bdbc32165ab6cea4a1,screening_5seed,method_screening,good_arxiv_time,node_classification,historical_transductive_full,future_inductive_full,coregraph_atomic,composite,1,DG_NO_TARGET,single_t4,T4_16GB,TBD_PROFILE,local_and_data_gates,PLANNED
bf4e5c4cb7ddae7a0ecd,screening_5seed,method_screening,good_arxiv_time,node_classification,historical_transductive_full,future_inductive_full,coregraph_atomic,composite,2,DG_NO_TARGET,single_t4,T4_16GB,TBD_PROFILE,local_and_data_gates,PLANNED
2815a1fb4c79d764d6fd,screening_5seed,method_screening,good_arxiv_time,node_classification,historical_transductive_full,future_inductive_full,coregraph_atomic,composite,3,DG_NO_TARGET,single_t4,T4_16GB,TBD_PROFILE,local_and_data_gates,PLANNED
1c23949d38165ed18cea,screening_5seed,method_screening,good_arxiv_time,node_classification,historical_transductive_full,future_inductive_full,coregraph_atomic,composite,4,DG_NO_TARGET,single_t4,T4_16GB,TBD_PROFILE,local_and_data_gates,PLANNED
f5747839f93bfde69af0,screening_5seed,method_screening,good_arxiv_time,node_classification,historical_transductive_full,future_inductive_full,coregraph_no_contract,composite,0,DG_NO_TARGET,single_t4,T4_16GB,TBD_PROFILE,local_and_data_gates,PLANNED
1a0778bcd26d6e0194de,screening_5seed,method_screening,good_arxiv_time,node_classification,historical_transductive_full,future_inductive_full,coregraph_no_contract,composite,1,DG_NO_TARGET,single_t4,T4_16GB,TBD_PROFILE,local_and_data_gates,PLANNED
f437660f218d090a5d81,screening_5seed,method_screening,good_arxiv_time,node_classification,historical_transductive_full,future_inductive_full,coregraph_no_contract,composite,2,DG_NO_TARGET,single_t4,T4_16GB,TBD_PROFILE,local_and_data_gates,PLANNED
142103693c43968fb04c,screening_5seed,method_screening,good_arxiv_time,node_classification,historical_transductive_full,future_inductive_full,coregraph_no_contract,composite,3,DG_NO_TARGET,single_t4,T4_16GB,TBD_PROFILE,local_and_data_gates,PLANNED
63a83b120f9cb4065092,screening_5seed,method_screening,good_arxiv_time,node_classification,historical_transductive_full,future_inductive_full,coregraph_no_contract,composite,4,DG_NO_TARGET,single_t4,T4_16GB,TBD_PROFILE,local_and_data_gates,PLANNED
1c0af4d70db389e674da,screening_5seed,method_screening,good_arxiv_time,node_classification,historical_transductive_full,future_inductive_full,coregraph_factorised,composite,0,DG_NO_TARGET,single_t4,T4_16GB,TBD_PROFILE,local_and_data_gates,PLANNED
ab3266b11a760c6882fa,screening_5seed,method_screening,good_arxiv_time,node_classification,historical_transductive_full,future_inductive_full,coregraph_factorised,composite,1,DG_NO_TARGET,single_t4,T4_16GB,TBD_PROFILE,local_and_data_gates,PLANNED
df325be81d7310a48a09,screening_5seed,method_screening,good_arxiv_time,node_classification,historical_transductive_full,future_inductive_full,coregraph_factorised,composite,2,DG_NO_TARGET,single_t4,T4_16GB,TBD_PROFILE,local_and_data_gates,PLANNED
36c3a77ca79a430bdded,screening_5seed,method_screening,good_arxiv_time,node_classification,historical_transductive_full,future_inductive_full,coregraph_factorised,composite,3,DG_NO_TARGET,single_t4,T4_16GB,TBD_PROFILE,local_and_data_gates,PLANNED
609a61c94d97977c4b1c,screening_5seed,method_screening,good_arxiv_time,node_classification,historical_transductive_full,future_inductive_full,coregraph_factorised,composite,4,DG_NO_TARGET,single_t4,T4_16GB,TBD_PROFILE,local_and_data_gates,PLANNED
5853ee347db70b2ee339,screening_5seed,method_screening,good_arxiv_time,node_classification,historical_transductive_full,future_inductive_full,coregraph_factorised_diagnostics,composite,0,DG_NO_TARGET,single_t4,T4_16GB,TBD_PROFILE,local_and_data_gates,PLANNED
f902f3e6c7a954aa3d4c,screening_5seed,method_screening,good_arxiv_time,node_classification,historical_transductive_full,future_inductive_full,coregraph_factorised_diagnostics,composite,1,DG_NO_TARGET,single_t4,T4_16GB,TBD_PROFILE,local_and_data_gates,PLANNED
e9e2d3d77c201abb23da,screening_5seed,method_screening,good_arxiv_time,node_classification,historical_transductive_full,future_inductive_full,coregraph_factorised_diagnostics,composite,2,DG_NO_TARGET,single_t4,T4_16GB,TBD_PROFILE,local_and_data_gates,PLANNED
aae1608c9fb36562776a,screening_5seed,method_screening,good_arxiv_time,node_classification,historical_transductive_full,future_inductive_full,coregraph_factorised_diagnostics,composite,3,DG_NO_TARGET,single_t4,T4_16GB,TBD_PROFILE,local_and_data_gates,PLANNED
fdd689481b30f068d8df,screening_5seed,method_screening,good_arxiv_time,node_classification,historical_transductive_full,future_inductive_full,coregraph_factorised_diagnostics,composite,4,DG_NO_TARGET,single_t4,T4_16GB,TBD_PROFILE,local_and_data_gates,PLANNED
4a60e3b176515be613b3,screening_5seed,method_screening,good_arxiv_time,node_classification,historical_transductive_full,future_inductive_recent,best_single_feasible,composite,0,DG_NO_TARGET,single_t4,T4_16GB,TBD_PROFILE,local_and_data_gates,PLANNED
a2f49a012ac0331305f9,screening_5seed,method_screening,good_arxiv_time,node_classification,historical_transductive_full,future_inductive_recent,best_single_feasible,composite,1,DG_NO_TARGET,single_t4,T4_16GB,TBD_PROFILE,local_and_data_gates,PLANNED
89f3d593891803188b20,screening_5seed,method_screening,good_arxiv_time,node_classification,historical_transductive_full,future_inductive_recent,best_single_feasible,composite,2,DG_NO_TARGET,single_t4,T4_16GB,TBD_PROFILE,local_and_data_gates,PLANNED
415fa675c0112b11ab24,screening_5seed,method_screening,good_arxiv_time,node_classification,historical_transductive_full,future_inductive_recent,best_single_feasible,composite,3,DG_NO_TARGET,single_t4,T4_16GB,TBD_PROFILE,local_and_data_gates,PLANNED
3399df28e618905c804f,screening_5seed,method_screening,good_arxiv_time,node_classification,historical_transductive_full,future_inductive_recent,best_single_feasible,composite,4,DG_NO_TARGET,single_t4,T4_16GB,TBD_PROFILE,local_and_data_gates,PLANNED
4443cab0cb11c07ab72d,screening_5seed,method_screening,good_arxiv_time,node_classification,historical_transductive_full,future_inductive_recent,equal_mixture,composite,0,DG_NO_TARGET,single_t4,T4_16GB,TBD_PROFILE,local_and_data_gates,PLANNED
58ab804bb15724f3a394,screening_5seed,method_screening,good_arxiv_time,node_classification,historical_transductive_full,future_inductive_recent,equal_mixture,composite,1,DG_NO_TARGET,single_t4,T4_16GB,TBD_PROFILE,local_and_data_gates,PLANNED
4e4a0fbb0eab9b7d5905,screening_5seed,method_screening,good_arxiv_time,node_classification,historical_transductive_full,future_inductive_recent,equal_mixture,composite,2,DG_NO_TARGET,single_t4,T4_16GB,TBD_PROFILE,local_and_data_gates,PLANNED
c24d6f883ffeebd60792,screening_5seed,method_screening,good_arxiv_time,node_classification,historical_transductive_full,future_inductive_recent,equal_mixture,composite,3,DG_NO_TARGET,single_t4,T4_16GB,TBD_PROFILE,local_and_data_gates,PLANNED
d6558835c29f7e5a0fef,screening_5seed,method_screening,good_arxiv_time,node_classification,historical_transductive_full,future_inductive_recent,equal_mixture,composite,4,DG_NO_TARGET,single_t4,T4_16GB,TBD_PROFILE,local_and_data_gates,PLANNED
6e399f56f463d7895487,screening_5seed,method_screening,good_arxiv_time,node_classification,historical_transductive_full,future_inductive_recent,graphsafe_feature,composite,0,DG_NO_TARGET,single_t4,T4_16GB,TBD_PROFILE,local_and_data_gates,PLANNED
a8de54af01624b79fd16,screening_5seed,method_screening,good_arxiv_time,node_classification,historical_transductive_full,future_inductive_recent,graphsafe_feature,composite,1,DG_NO_TARGET,single_t4,T4_16GB,TBD_PROFILE,local_and_data_gates,PLANNED
05008daff6a6d2edded8,screening_5seed,method_screening,good_arxiv_time,node_classification,historical_transductive_full,future_inductive_recent,graphsafe_feature,composite,2,DG_NO_TARGET,single_t4,T4_16GB,TBD_PROFILE,local_and_data_gates,PLANNED
3b4b3a5cba205b42ff71,screening_5seed,method_screening,good_arxiv_time,node_classification,historical_transductive_full,future_inductive_recent,graphsafe_feature,composite,3,DG_NO_TARGET,single_t4,T4_16GB,TBD_PROFILE,local_and_data_gates,PLANNED
76aa230952baccfc5648,screening_5seed,method_screening,good_arxiv_time,node_classification,historical_transductive_full,future_inductive_recent,graphsafe_feature,composite,4,DG_NO_TARGET,single_t4,T4_16GB,TBD_PROFILE,local_and_data_gates,PLANNED
3bf6236e10ffe45748a9,screening_5seed,method_screening,good_arxiv_time,node_classification,historical_transductive_full,future_inductive_recent,fraudshift_current_gate,composite,0,DG_NO_TARGET,single_t4,T4_16GB,TBD_PROFILE,local_and_data_gates,PLANNED
2921d50e4373ab0ef92f,screening_5seed,method_screening,good_arxiv_time,node_classification,historical_transductive_full,future_inductive_recent,fraudshift_current_gate,composite,1,DG_NO_TARGET,single_t4,T4_16GB,TBD_PROFILE,local_and_data_gates,PLANNED
d9d7d8762f5bb76d789e,screening_5seed,method_screening,good_arxiv_time,node_classification,historical_transductive_full,future_inductive_recent,fraudshift_current_gate,composite,2,DG_NO_TARGET,single_t4,T4_16GB,TBD_PROFILE,local_and_data_gates,PLANNED
d46a7555a4616604dd8b,screening_5seed,method_screening,good_arxiv_time,node_classification,historical_transductive_full,future_inductive_recent,fraudshift_current_gate,composite,3,DG_NO_TARGET,single_t4,T4_16GB,TBD_PROFILE,local_and_data_gates,PLANNED
140405c6525234c9650b,screening_5seed,method_screening,good_arxiv_time,node_classification,historical_transductive_full,future_inductive_recent,fraudshift_current_gate,composite,4,DG_NO_TARGET,single_t4,T4_16GB,TBD_PROFILE,local_and_data_gates,PLANNED
e54d5be9646fa664a2cb,screening_5seed,method_screening,good_arxiv_time,node_classification,historical_transductive_full,future_inductive_recent,coregraph_atomic,composite,0,DG_NO_TARGET,single_t4,T4_16GB,TBD_PROFILE,local_and_data_gates,PLANNED
3aaba59a2a96d407d568,screening_5seed,method_screening,good_arxiv_time,node_classification,historical_transductive_full,future_inductive_recent,coregraph_atomic,composite,1,DG_NO_TARGET,single_t4,T4_16GB,TBD_PROFILE,local_and_data_gates,PLANNED
fd2624b9c77f05a77f4d,screening_5seed,method_screening,good_arxiv_time,node_classification,historical_transductive_full,future_inductive_recent,coregraph_atomic,composite,2,DG_NO_TARGET,single_t4,T4_16GB,TBD_PROFILE,local_and_data_gates,PLANNED
a89790a3a222c08a1435,screening_5seed,method_screening,good_arxiv_time,node_classification,historical_transductive_full,future_inductive_recent,coregraph_atomic,composite,3,DG_NO_TARGET,single_t4,T4_16GB,TBD_PROFILE,local_and_data_gates,PLANNED
cf6d80832d1909127dcf,screening_5seed,method_screening,good_arxiv_time,node_classification,historical_transductive_full,future_inductive_recent,coregraph_atomic,composite,4,DG_NO_TARGET,single_t4,T4_16GB,TBD_PROFILE,local_and_data_gates,PLANNED
ab53f4ea1a15218b0a8e,screening_5seed,method_screening,good_arxiv_time,node_classification,historical_transductive_full,future_inductive_recent,coregraph_no_contract,composite,0,DG_NO_TARGET,single_t4,T4_16GB,TBD_PROFILE,local_and_data_gates,PLANNED
6cbda483fdfec4ce0636,screening_5seed,method_screening,good_arxiv_time,node_classification,historical_transductive_full,future_inductive_recent,coregraph_no_contract,composite,1,DG_NO_TARGET,single_t4,T4_16GB,TBD_PROFILE,local_and_data_gates,PLANNED
a73465c0e35fd0165c79,screening_5seed,method_screening,good_arxiv_time,node_classification,historical_transductive_full,future_inductive_recent,coregraph_no_contract,composite,2,DG_NO_TARGET,single_t4,T4_16GB,TBD_PROFILE,local_and_data_gates,PLANNED
0e73488d05cafa704992,screening_5seed,method_screening,good_arxiv_time,node_classification,historical_transductive_full,future_inductive_recent,coregraph_no_contract,composite,3,DG_NO_TARGET,single_t4,T4_16GB,TBD_PROFILE,local_and_data_gates,PLANNED
3a5fb2d4e993abbf8e38,screening_5seed,method_screening,good_arxiv_time,node_classification,historical_transductive_full,future_inductive_recent,coregraph_no_contract,composite,4,DG_NO_TARGET,single_t4,T4_16GB,TBD_PROFILE,local_and_data_gates,PLANNED
831a8e366ba9f178923f,screening_5seed,method_screening,good_arxiv_time,node_classification,historical_transductive_full,future_inductive_recent,coregraph_factorised,composite,0,DG_NO_TARGET,single_t4,T4_16GB,TBD_PROFILE,local_and_data_gates,PLANNED
741ca41f5b771b685197,screening_5seed,method_screening,good_arxiv_time,node_classification,historical_transductive_full,future_inductive_recent,coregraph_factorised,composite,1,DG_NO_TARGET,single_t4,T4_16GB,TBD_PROFILE,local_and_data_gates,PLANNED
067bdcfeeca338730f58,screening_5seed,method_screening,good_arxiv_time,node_classification,historical_transductive_full,future_inductive_recent,coregraph_factorised,composite,2,DG_NO_TARGET,single_t4,T4_16GB,TBD_PROFILE,local_and_data_gates,PLANNED
69848cb32ffe6811164d,screening_5seed,method_screening,good_arxiv_time,node_classification,historical_transductive_full,future_inductive_recent,coregraph_factorised,composite,3,DG_NO_TARGET,single_t4,T4_16GB,TBD_PROFILE,local_and_data_gates,PLANNED
fbae5f00c46519359552,screening_5seed,method_screening,good_arxiv_time,node_classification,historical_transductive_full,future_inductive_recent,coregraph_factorised,composite,4,DG_NO_TARGET,single_t4,T4_16GB,TBD_PROFILE,local_and_data_gates,PLANNED
d42f506fd77dbb3c98d4,screening_5seed,method_screening,good_arxiv_time,node_classification,historical_transductive_full,future_inductive_recent,coregraph_factorised_diagnostics,composite,0,DG_NO_TARGET,single_t4,T4_16GB,TBD_PROFILE,local_and_data_gates,PLANNED
03e058e5eb76ebb3c5cf,screening_5seed,method_screening,good_arxiv_time,node_classification,historical_transductive_full,future_inductive_recent,coregraph_factorised_diagnostics,composite,1,DG_NO_TARGET,single_t4,T4_16GB,TBD_PROFILE,local_and_data_gates,PLANNED
0b4ff54383cc30cc794d,screening_5seed,method_screening,good_arxiv_time,node_classification,historical_transductive_full,future_inductive_recent,coregraph_factorised_diagnostics,composite,2,DG_NO_TARGET,single_t4,T4_16GB,TBD_PROFILE,local_and_data_gates,PLANNED
c973a4aa0d9e71bfc382,screening_5seed,method_screening,good_arxiv_time,node_classification,historical_transductive_full,future_inductive_recent,coregraph_factorised_diagnostics,composite,3,DG_NO_TARGET,single_t4,T4_16GB,TBD_PROFILE,local_and_data_gates,PLANNED
4992d32821cb34a37786,screening_5seed,method_screening,good_arxiv_time,node_classification,historical_transductive_full,future_inductive_recent,coregraph_factorised_diagnostics,composite,4,DG_NO_TARGET,single_t4,T4_16GB,TBD_PROFILE,local_and_data_gates,PLANNED
cbad3b5aeba19da173aa,screening_5seed,method_screening,good_arxiv_time,node_classification,historical_inductive_full,future_missing_graph,best_single_feasible,composite,0,DG_NO_TARGET,single_t4,T4_16GB,TBD_PROFILE,local_and_data_gates,PLANNED
d7152b7a20ce74025271,screening_5seed,method_screening,good_arxiv_time,node_classification,historical_inductive_full,future_missing_graph,best_single_feasible,composite,1,DG_NO_TARGET,single_t4,T4_16GB,TBD_PROFILE,local_and_data_gates,PLANNED
606f7ce1db5a7f1b1285,screening_5seed,method_screening,good_arxiv_time,node_classification,historical_inductive_full,future_missing_graph,best_single_feasible,composite,2,DG_NO_TARGET,single_t4,T4_16GB,TBD_PROFILE,local_and_data_gates,PLANNED
13842b5e93746e704c35,screening_5seed,method_screening,good_arxiv_time,node_classification,historical_inductive_full,future_missing_graph,best_single_feasible,composite,3,DG_NO_TARGET,single_t4,T4_16GB,TBD_PROFILE,local_and_data_gates,PLANNED
9ad14b718b5dfd27f2ed,screening_5seed,method_screening,good_arxiv_time,node_classification,historical_inductive_full,future_missing_graph,best_single_feasible,composite,4,DG_NO_TARGET,single_t4,T4_16GB,TBD_PROFILE,local_and_data_gates,PLANNED
bde95cef15d0c32cfadc,screening_5seed,method_screening,good_arxiv_time,node_classification,historical_inductive_full,future_missing_graph,equal_mixture,composite,0,DG_NO_TARGET,single_t4,T4_16GB,TBD_PROFILE,local_and_data_gates,PLANNED
50416beb1c0879645036,screening_5seed,method_screening,good_arxiv_time,node_classification,historical_inductive_full,future_missing_graph,equal_mixture,composite,1,DG_NO_TARGET,single_t4,T4_16GB,TBD_PROFILE,local_and_data_gates,PLANNED
4d053d19040d4ad0823b,screening_5seed,method_screening,good_arxiv_time,node_classification,historical_inductive_full,future_missing_graph,equal_mixture,composite,2,DG_NO_TARGET,single_t4,T4_16GB,TBD_PROFILE,local_and_data_gates,PLANNED
b07c99063f1d12a323c7,screening_5seed,method_screening,good_arxiv_time,node_classification,historical_inductive_full,future_missing_graph,equal_mixture,composite,3,DG_NO_TARGET,single_t4,T4_16GB,TBD_PROFILE,local_and_data_gates,PLANNED
e5a26ee096f7f12553d5,screening_5seed,method_screening,good_arxiv_time,node_classification,historical_inductive_full,future_missing_graph,equal_mixture,composite,4,DG_NO_TARGET,single_t4,T4_16GB,TBD_PROFILE,local_and_data_gates,PLANNED
70fd540096cc324e7bf9,screening_5seed,method_screening,good_arxiv_time,node_classification,historical_inductive_full,future_missing_graph,graphsafe_feature,composite,0,DG_NO_TARGET,single_t4,T4_16GB,TBD_PROFILE,local_and_data_gates,PLANNED
c7cffde8250e0524bd28,screening_5seed,method_screening,good_arxiv_time,node_classification,historical_inductive_full,future_missing_graph,graphsafe_feature,composite,1,DG_NO_TARGET,single_t4,T4_16GB,TBD_PROFILE,local_and_data_gates,PLANNED
f2c522ada082be6b8bf6,screening_5seed,method_screening,good_arxiv_time,node_classification,historical_inductive_full,future_missing_graph,graphsafe_feature,composite,2,DG_NO_TARGET,single_t4,T4_16GB,TBD_PROFILE,local_and_data_gates,PLANNED
bd73b2ad6eee86baae6e,screening_5seed,method_screening,good_arxiv_time,node_classification,historical_inductive_full,future_missing_graph,graphsafe_feature,composite,3,DG_NO_TARGET,single_t4,T4_16GB,TBD_PROFILE,local_and_data_gates,PLANNED
ba923c8c2c8710bdc5fd,screening_5seed,method_screening,good_arxiv_time,node_classification,historical_inductive_full,future_missing_graph,graphsafe_feature,composite,4,DG_NO_TARGET,single_t4,T4_16GB,TBD_PROFILE,local_and_data_gates,PLANNED
dba7d3e4166626830afc,screening_5seed,method_screening,good_arxiv_time,node_classification,historical_inductive_full,future_missing_graph,fraudshift_current_gate,composite,0,DG_NO_TARGET,single_t4,T4_16GB,TBD_PROFILE,local_and_data_gates,PLANNED
e849ad7db128b2969f8e,screening_5seed,method_screening,good_arxiv_time,node_classification,historical_inductive_full,future_missing_graph,fraudshift_current_gate,composite,1,DG_NO_TARGET,single_t4,T4_16GB,TBD_PROFILE,local_and_data_gates,PLANNED
195d557ee789fff3a3ea,screening_5seed,method_screening,good_arxiv_time,node_classification,historical_inductive_full,future_missing_graph,fraudshift_current_gate,composite,2,DG_NO_TARGET,single_t4,T4_16GB,TBD_PROFILE,local_and_data_gates,PLANNED
f6d6a1b3a72566ee14fa,screening_5seed,method_screening,good_arxiv_time,node_classification,historical_inductive_full,future_missing_graph,fraudshift_current_gate,composite,3,DG_NO_TARGET,single_t4,T4_16GB,TBD_PROFILE,local_and_data_gates,PLANNED
bd3a58e53cf5ae6ca886,screening_5seed,method_screening,good_arxiv_time,node_classification,historical_inductive_full,future_missing_graph,fraudshift_current_gate,composite,4,DG_NO_TARGET,single_t4,T4_16GB,TBD_PROFILE,local_and_data_gates,PLANNED
059b8fe695bec6447531,screening_5seed,method_screening,good_arxiv_time,node_classification,historical_inductive_full,future_missing_graph,coregraph_atomic,composite,0,DG_NO_TARGET,single_t4,T4_16GB,TBD_PROFILE,local_and_data_gates,PLANNED
27a851b95b9f8b5a6657,screening_5seed,method_screening,good_arxiv_time,node_classification,historical_inductive_full,future_missing_graph,coregraph_atomic,composite,1,DG_NO_TARGET,single_t4,T4_16GB,TBD_PROFILE,local_and_data_gates,PLANNED
6e18b8b4fc428211e04d,screening_5seed,method_screening,good_arxiv_time,node_classification,historical_inductive_full,future_missing_graph,coregraph_atomic,composite,2,DG_NO_TARGET,single_t4,T4_16GB,TBD_PROFILE,local_and_data_gates,PLANNED
9c03b887b2f35dc64329,screening_5seed,method_screening,good_arxiv_time,node_classification,historical_inductive_full,future_missing_graph,coregraph_atomic,composite,3,DG_NO_TARGET,single_t4,T4_16GB,TBD_PROFILE,local_and_data_gates,PLANNED
b5e61225be6c2f57eacf,screening_5seed,method_screening,good_arxiv_time,node_classification,historical_inductive_full,future_missing_graph,coregraph_atomic,composite,4,DG_NO_TARGET,single_t4,T4_16GB,TBD_PROFILE,local_and_data_gates,PLANNED
6227403774878e0b9f3f,screening_5seed,method_screening,good_arxiv_time,node_classification,historical_inductive_full,future_missing_graph,coregraph_no_contract,composite,0,DG_NO_TARGET,single_t4,T4_16GB,TBD_PROFILE,local_and_data_gates,PLANNED
42695bd472c5887a5c8b,screening_5seed,method_screening,good_arxiv_time,node_classification,historical_inductive_full,future_missing_graph,coregraph_no_contract,composite,1,DG_NO_TARGET,single_t4,T4_16GB,TBD_PROFILE,local_and_data_gates,PLANNED
681e4967bf13cece9db8,screening_5seed,method_screening,good_arxiv_time,node_classification,historical_inductive_full,future_missing_graph,coregraph_no_contract,composite,2,DG_NO_TARGET,single_t4,T4_16GB,TBD_PROFILE,local_and_data_gates,PLANNED
0ca180d7c265cce5083e,screening_5seed,method_screening,good_arxiv_time,node_classification,historical_inductive_full,future_missing_graph,coregraph_no_contract,composite,3,DG_NO_TARGET,single_t4,T4_16GB,TBD_PROFILE,local_and_data_gates,PLANNED
9028577db5045c428c30,screening_5seed,method_screening,good_arxiv_time,node_classification,historical_inductive_full,future_missing_graph,coregraph_no_contract,composite,4,DG_NO_TARGET,single_t4,T4_16GB,TBD_PROFILE,local_and_data_gates,PLANNED
9450beec61bad227f657,screening_5seed,method_screening,good_arxiv_time,node_classification,historical_inductive_full,future_missing_graph,coregraph_factorised,composite,0,DG_NO_TARGET,single_t4,T4_16GB,TBD_PROFILE,local_and_data_gates,PLANNED
ef2fe919ae7c00fc7540,screening_5seed,method_screening,good_arxiv_time,node_classification,historical_inductive_full,future_missing_graph,coregraph_factorised,composite,1,DG_NO_TARGET,single_t4,T4_16GB,TBD_PROFILE,local_and_data_gates,PLANNED
737fe4f22f94ae69c000,screening_5seed,method_screening,good_arxiv_time,node_classification,historical_inductive_full,future_missing_graph,coregraph_factorised,composite,2,DG_NO_TARGET,single_t4,T4_16GB,TBD_PROFILE,local_and_data_gates,PLANNED
cd464e4b6d09799d1b2f,screening_5seed,method_screening,good_arxiv_time,node_classification,historical_inductive_full,future_missing_graph,coregraph_factorised,composite,3,DG_NO_TARGET,single_t4,T4_16GB,TBD_PROFILE,local_and_data_gates,PLANNED
cda9667d17a1b5a75abc,screening_5seed,method_screening,good_arxiv_time,node_classification,historical_inductive_full,future_missing_graph,coregraph_factorised,composite,4,DG_NO_TARGET,single_t4,T4_16GB,TBD_PROFILE,local_and_data_gates,PLANNED
8971be973ee46260d8f9,screening_5seed,method_screening,good_arxiv_time,node_classification,historical_inductive_full,future_missing_graph,coregraph_factorised_diagnostics,composite,0,DG_NO_TARGET,single_t4,T4_16GB,TBD_PROFILE,local_and_data_gates,PLANNED
b6e9c05b17112e1af0fe,screening_5seed,method_screening,good_arxiv_time,node_classification,historical_inductive_full,future_missing_graph,coregraph_factorised_diagnostics,composite,1,DG_NO_TARGET,single_t4,T4_16GB,TBD_PROFILE,local_and_data_gates,PLANNED
12d6da24c419d44a00ff,screening_5seed,method_screening,good_arxiv_time,node_classification,historical_inductive_full,future_missing_graph,coregraph_factorised_diagnostics,composite,2,DG_NO_TARGET,single_t4,T4_16GB,TBD_PROFILE,local_and_data_gates,PLANNED
87ce519fe49f0e439d73,screening_5seed,method_screening,good_arxiv_time,node_classification,historical_inductive_full,future_missing_graph,coregraph_factorised_diagnostics,composite,3,DG_NO_TARGET,single_t4,T4_16GB,TBD_PROFILE,local_and_data_gates,PLANNED
ab3a2b6ace659849e1e2,screening_5seed,method_screening,good_arxiv_time,node_classification,historical_inductive_full,future_missing_graph,coregraph_factorised_diagnostics,composite,4,DG_NO_TARGET,single_t4,T4_16GB,TBD_PROFILE,local_and_data_gates,PLANNED
55be932b851f30f63baa,screening_5seed,method_screening,good_arxiv_time,node_classification,historical_inductive_full,future_budget_topk,best_single_feasible,composite,0,DG_NO_TARGET,single_t4,T4_16GB,TBD_PROFILE,local_and_data_gates,PLANNED
7a1a97350e9ed4ed9fb8,screening_5seed,method_screening,good_arxiv_time,node_classification,historical_inductive_full,future_budget_topk,best_single_feasible,composite,1,DG_NO_TARGET,single_t4,T4_16GB,TBD_PROFILE,local_and_data_gates,PLANNED
160dd076062c78f4c145,screening_5seed,method_screening,good_arxiv_time,node_classification,historical_inductive_full,future_budget_topk,best_single_feasible,composite,2,DG_NO_TARGET,single_t4,T4_16GB,TBD_PROFILE,local_and_data_gates,PLANNED
bb1e9632906306fb7780,screening_5seed,method_screening,good_arxiv_time,node_classification,historical_inductive_full,future_budget_topk,best_single_feasible,composite,3,DG_NO_TARGET,single_t4,T4_16GB,TBD_PROFILE,local_and_data_gates,PLANNED
5966d0b937c2ba349f04,screening_5seed,method_screening,good_arxiv_time,node_classification,historical_inductive_full,future_budget_topk,best_single_feasible,composite,4,DG_NO_TARGET,single_t4,T4_16GB,TBD_PROFILE,local_and_data_gates,PLANNED
a4ab83a14bd90989b922,screening_5seed,method_screening,good_arxiv_time,node_classification,historical_inductive_full,future_budget_topk,equal_mixture,composite,0,DG_NO_TARGET,single_t4,T4_16GB,TBD_PROFILE,local_and_data_gates,PLANNED
6abdee171e0091949bf3,screening_5seed,method_screening,good_arxiv_time,node_classification,historical_inductive_full,future_budget_topk,equal_mixture,composite,1,DG_NO_TARGET,single_t4,T4_16GB,TBD_PROFILE,local_and_data_gates,PLANNED
0dab4a410a0d35faad5b,screening_5seed,method_screening,good_arxiv_time,node_classification,historical_inductive_full,future_budget_topk,equal_mixture,composite,2,DG_NO_TARGET,single_t4,T4_16GB,TBD_PROFILE,local_and_data_gates,PLANNED
cb453d59bb6311d340a4,screening_5seed,method_screening,good_arxiv_time,node_classification,historical_inductive_full,future_budget_topk,equal_mixture,composite,3,DG_NO_TARGET,single_t4,T4_16GB,TBD_PROFILE,local_and_data_gates,PLANNED
31dfa5f5db83d4b763e6,screening_5seed,method_screening,good_arxiv_time,node_classification,historical_inductive_full,future_budget_topk,equal_mixture,composite,4,DG_NO_TARGET,single_t4,T4_16GB,TBD_PROFILE,local_and_data_gates,PLANNED
6003ebd783e3ebcd8c8a,screening_5seed,method_screening,good_arxiv_time,node_classification,historical_inductive_full,future_budget_topk,graphsafe_feature,composite,0,DG_NO_TARGET,single_t4,T4_16GB,TBD_PROFILE,local_and_data_gates,PLANNED
e9f279f7c1f5ef7a003b,screening_5seed,method_screening,good_arxiv_time,node_classification,historical_inductive_full,future_budget_topk,graphsafe_feature,composite,1,DG_NO_TARGET,single_t4,T4_16GB,TBD_PROFILE,local_and_data_gates,PLANNED
9ff4a4173cea94fea3e0,screening_5seed,method_screening,good_arxiv_time,node_classification,historical_inductive_full,future_budget_topk,graphsafe_feature,composite,2,DG_NO_TARGET,single_t4,T4_16GB,TBD_PROFILE,local_and_data_gates,PLANNED
9a87cbabe49eb2829926,screening_5seed,method_screening,good_arxiv_time,node_classification,historical_inductive_full,future_budget_topk,graphsafe_feature,composite,3,DG_NO_TARGET,single_t4,T4_16GB,TBD_PROFILE,local_and_data_gates,PLANNED
007ce77febe60361c9b0,screening_5seed,method_screening,good_arxiv_time,node_classification,historical_inductive_full,future_budget_topk,graphsafe_feature,composite,4,DG_NO_TARGET,single_t4,T4_16GB,TBD_PROFILE,local_and_data_gates,PLANNED
5e94cf341d1b9157bdf3,screening_5seed,method_screening,good_arxiv_time,node_classification,historical_inductive_full,future_budget_topk,fraudshift_current_gate,composite,0,DG_NO_TARGET,single_t4,T4_16GB,TBD_PROFILE,local_and_data_gates,PLANNED
5145e4e2597955ef72fb,screening_5seed,method_screening,good_arxiv_time,node_classification,historical_inductive_full,future_budget_topk,fraudshift_current_gate,composite,1,DG_NO_TARGET,single_t4,T4_16GB,TBD_PROFILE,local_and_data_gates,PLANNED
b4c8dff09d1d7ec3a536,screening_5seed,method_screening,good_arxiv_time,node_classification,historical_inductive_full,future_budget_topk,fraudshift_current_gate,composite,2,DG_NO_TARGET,single_t4,T4_16GB,TBD_PROFILE,local_and_data_gates,PLANNED
798f714423733c3baf04,screening_5seed,method_screening,good_arxiv_time,node_classification,historical_inductive_full,future_budget_topk,fraudshift_current_gate,composite,3,DG_NO_TARGET,single_t4,T4_16GB,TBD_PROFILE,local_and_data_gates,PLANNED
930c9d6ed2ee4268c9c4,screening_5seed,method_screening,good_arxiv_time,node_classification,historical_inductive_full,future_budget_topk,fraudshift_current_gate,composite,4,DG_NO_TARGET,single_t4,T4_16GB,TBD_PROFILE,local_and_data_gates,PLANNED
cabb9f1ac147c8f6c2cf,screening_5seed,method_screening,good_arxiv_time,node_classification,historical_inductive_full,future_budget_topk,coregraph_atomic,composite,0,DG_NO_TARGET,single_t4,T4_16GB,TBD_PROFILE,local_and_data_gates,PLANNED
61fcbe3b02f040bcdb59,screening_5seed,method_screening,good_arxiv_time,node_classification,historical_inductive_full,future_budget_topk,coregraph_atomic,composite,1,DG_NO_TARGET,single_t4,T4_16GB,TBD_PROFILE,local_and_data_gates,PLANNED
3021c742393d3ed7f78d,screening_5seed,method_screening,good_arxiv_time,node_classification,historical_inductive_full,future_budget_topk,coregraph_atomic,composite,2,DG_NO_TARGET,single_t4,T4_16GB,TBD_PROFILE,local_and_data_gates,PLANNED
8114af53ceda5751f331,screening_5seed,method_screening,good_arxiv_time,node_classification,historical_inductive_full,future_budget_topk,coregraph_atomic,composite,3,DG_NO_TARGET,single_t4,T4_16GB,TBD_PROFILE,local_and_data_gates,PLANNED
6d2150784d5c701f91c2,screening_5seed,method_screening,good_arxiv_time,node_classification,historical_inductive_full,future_budget_topk,coregraph_atomic,composite,4,DG_NO_TARGET,single_t4,T4_16GB,TBD_PROFILE,local_and_data_gates,PLANNED
56278da646fbb055c3a4,screening_5seed,method_screening,good_arxiv_time,node_classification,historical_inductive_full,future_budget_topk,coregraph_no_contract,composite,0,DG_NO_TARGET,single_t4,T4_16GB,TBD_PROFILE,local_and_data_gates,PLANNED
804370ed1cd23d363a2c,screening_5seed,method_screening,good_arxiv_time,node_classification,historical_inductive_full,future_budget_topk,coregraph_no_contract,composite,1,DG_NO_TARGET,single_t4,T4_16GB,TBD_PROFILE,local_and_data_gates,PLANNED
2c24758a77b855985d52,screening_5seed,method_screening,good_arxiv_time,node_classification,historical_inductive_full,future_budget_topk,coregraph_no_contract,composite,2,DG_NO_TARGET,single_t4,T4_16GB,TBD_PROFILE,local_and_data_gates,PLANNED
a2eb342c28cf48773783,screening_5seed,method_screening,good_arxiv_time,node_classification,historical_inductive_full,future_budget_topk,coregraph_no_contract,composite,3,DG_NO_TARGET,single_t4,T4_16GB,TBD_PROFILE,local_and_data_gates,PLANNED
7b6f643e59dcdc4fbe3f,screening_5seed,method_screening,good_arxiv_time,node_classification,historical_inductive_full,future_budget_topk,coregraph_no_contract,composite,4,DG_NO_TARGET,single_t4,T4_16GB,TBD_PROFILE,local_and_data_gates,PLANNED
c9f7a0318f555b1b567c,screening_5seed,method_screening,good_arxiv_time,node_classification,historical_inductive_full,future_budget_topk,coregraph_factorised,composite,0,DG_NO_TARGET,single_t4,T4_16GB,TBD_PROFILE,local_and_data_gates,PLANNED
2227e013f2702a80aa48,screening_5seed,method_screening,good_arxiv_time,node_classification,historical_inductive_full,future_budget_topk,coregraph_factorised,composite,1,DG_NO_TARGET,single_t4,T4_16GB,TBD_PROFILE,local_and_data_gates,PLANNED
cd48f9b26ca63cbf3a54,screening_5seed,method_screening,good_arxiv_time,node_classification,historical_inductive_full,future_budget_topk,coregraph_factorised,composite,2,DG_NO_TARGET,single_t4,T4_16GB,TBD_PROFILE,local_and_data_gates,PLANNED
73d720ccf3f4fa50d346,screening_5seed,method_screening,good_arxiv_time,node_classification,historical_inductive_full,future_budget_topk,coregraph_factorised,composite,3,DG_NO_TARGET,single_t4,T4_16GB,TBD_PROFILE,local_and_data_gates,PLANNED
cc57073565d02c2ff7b6,screening_5seed,method_screening,good_arxiv_time,node_classification,historical_inductive_full,future_budget_topk,coregraph_factorised,composite,4,DG_NO_TARGET,single_t4,T4_16GB,TBD_PROFILE,local_and_data_gates,PLANNED
96b708b41b2c63d8ac2d,screening_5seed,method_screening,good_arxiv_time,node_classification,historical_inductive_full,future_budget_topk,coregraph_factorised_diagnostics,composite,0,DG_NO_TARGET,single_t4,T4_16GB,TBD_PROFILE,local_and_data_gates,PLANNED
7a601de9624167c2c6fe,screening_5seed,method_screening,good_arxiv_time,node_classification,historical_inductive_full,future_budget_topk,coregraph_factorised_diagnostics,composite,1,DG_NO_TARGET,single_t4,T4_16GB,TBD_PROFILE,local_and_data_gates,PLANNED
aa1efca766fb9072b097,screening_5seed,method_screening,good_arxiv_time,node_classification,historical_inductive_full,future_budget_topk,coregraph_factorised_diagnostics,composite,2,DG_NO_TARGET,single_t4,T4_16GB,TBD_PROFILE,local_and_data_gates,PLANNED
87b4a57cc0d77675260e,screening_5seed,method_screening,good_arxiv_time,node_classification,historical_inductive_full,future_budget_topk,coregraph_factorised_diagnostics,composite,3,DG_NO_TARGET,single_t4,T4_16GB,TBD_PROFILE,local_and_data_gates,PLANNED
b3946c031c763e6ffc02,screening_5seed,method_screening,good_arxiv_time,node_classification,historical_inductive_full,future_budget_topk,coregraph_factorised_diagnostics,composite,4,DG_NO_TARGET,single_t4,T4_16GB,TBD_PROFILE,local_and_data_gates,PLANNED
c68004da492b3bd9cae4,screening_5seed,method_screening,good_arxiv_time,node_classification,historical_transductive_full,future_resource_limited,best_single_feasible,composite,0,DG_NO_TARGET,single_t4,T4_16GB,TBD_PROFILE,local_and_data_gates,PLANNED
1c10ca724ddd4c5e9598,screening_5seed,method_screening,good_arxiv_time,node_classification,historical_transductive_full,future_resource_limited,best_single_feasible,composite,1,DG_NO_TARGET,single_t4,T4_16GB,TBD_PROFILE,local_and_data_gates,PLANNED
0396e54211efe1049b41,screening_5seed,method_screening,good_arxiv_time,node_classification,historical_transductive_full,future_resource_limited,best_single_feasible,composite,2,DG_NO_TARGET,single_t4,T4_16GB,TBD_PROFILE,local_and_data_gates,PLANNED
18238022a219c2125f25,screening_5seed,method_screening,good_arxiv_time,node_classification,historical_transductive_full,future_resource_limited,best_single_feasible,composite,3,DG_NO_TARGET,single_t4,T4_16GB,TBD_PROFILE,local_and_data_gates,PLANNED
4df90b852c6bd7b52115,screening_5seed,method_screening,good_arxiv_time,node_classification,historical_transductive_full,future_resource_limited,best_single_feasible,composite,4,DG_NO_TARGET,single_t4,T4_16GB,TBD_PROFILE,local_and_data_gates,PLANNED
22b6724235c04a4be85f,screening_5seed,method_screening,good_arxiv_time,node_classification,historical_transductive_full,future_resource_limited,equal_mixture,composite,0,DG_NO_TARGET,single_t4,T4_16GB,TBD_PROFILE,local_and_data_gates,PLANNED
c646d2e6421b7f5a0250,screening_5seed,method_screening,good_arxiv_time,node_classification,historical_transductive_full,future_resource_limited,equal_mixture,composite,1,DG_NO_TARGET,single_t4,T4_16GB,TBD_PROFILE,local_and_data_gates,PLANNED
2d7feb9f59d03c51b797,screening_5seed,method_screening,good_arxiv_time,node_classification,historical_transductive_full,future_resource_limited,equal_mixture,composite,2,DG_NO_TARGET,single_t4,T4_16GB,TBD_PROFILE,local_and_data_gates,PLANNED
f66a6729e869309051fd,screening_5seed,method_screening,good_arxiv_time,node_classification,historical_transductive_full,future_resource_limited,equal_mixture,composite,3,DG_NO_TARGET,single_t4,T4_16GB,TBD_PROFILE,local_and_data_gates,PLANNED
d8671e43f49088215395,screening_5seed,method_screening,good_arxiv_time,node_classification,historical_transductive_full,future_resource_limited,equal_mixture,composite,4,DG_NO_TARGET,single_t4,T4_16GB,TBD_PROFILE,local_and_data_gates,PLANNED
998a6e9d41ef83fa67d2,screening_5seed,method_screening,good_arxiv_time,node_classification,historical_transductive_full,future_resource_limited,graphsafe_feature,composite,0,DG_NO_TARGET,single_t4,T4_16GB,TBD_PROFILE,local_and_data_gates,PLANNED
77dd357a02c764ad6924,screening_5seed,method_screening,good_arxiv_time,node_classification,historical_transductive_full,future_resource_limited,graphsafe_feature,composite,1,DG_NO_TARGET,single_t4,T4_16GB,TBD_PROFILE,local_and_data_gates,PLANNED
61e7f67c014df7e22b32,screening_5seed,method_screening,good_arxiv_time,node_classification,historical_transductive_full,future_resource_limited,graphsafe_feature,composite,2,DG_NO_TARGET,single_t4,T4_16GB,TBD_PROFILE,local_and_data_gates,PLANNED
a2952f6b3ed5b5e6ecb8,screening_5seed,method_screening,good_arxiv_time,node_classification,historical_transductive_full,future_resource_limited,graphsafe_feature,composite,3,DG_NO_TARGET,single_t4,T4_16GB,TBD_PROFILE,local_and_data_gates,PLANNED
f8d5ecac0145da72f394,screening_5seed,method_screening,good_arxiv_time,node_classification,historical_transductive_full,future_resource_limited,graphsafe_feature,composite,4,DG_NO_TARGET,single_t4,T4_16GB,TBD_PROFILE,local_and_data_gates,PLANNED
10e7f5a9bbb39387cffa,screening_5seed,method_screening,good_arxiv_time,node_classification,historical_transductive_full,future_resource_limited,fraudshift_current_gate,composite,0,DG_NO_TARGET,single_t4,T4_16GB,TBD_PROFILE,local_and_data_gates,PLANNED
315e80e0e81a791abcfc,screening_5seed,method_screening,good_arxiv_time,node_classification,historical_transductive_full,future_resource_limited,fraudshift_current_gate,composite,1,DG_NO_TARGET,single_t4,T4_16GB,TBD_PROFILE,local_and_data_gates,PLANNED
41657856decb7c2834e9,screening_5seed,method_screening,good_arxiv_time,node_classification,historical_transductive_full,future_resource_limited,fraudshift_current_gate,composite,2,DG_NO_TARGET,single_t4,T4_16GB,TBD_PROFILE,local_and_data_gates,PLANNED
6fde53a92733e980ed25,screening_5seed,method_screening,good_arxiv_time,node_classification,historical_transductive_full,future_resource_limited,fraudshift_current_gate,composite,3,DG_NO_TARGET,single_t4,T4_16GB,TBD_PROFILE,local_and_data_gates,PLANNED
411ab3343daa79dc28c9,screening_5seed,method_screening,good_arxiv_time,node_classification,historical_transductive_full,future_resource_limited,fraudshift_current_gate,composite,4,DG_NO_TARGET,single_t4,T4_16GB,TBD_PROFILE,local_and_data_gates,PLANNED
e85994c6eb3759734345,screening_5seed,method_screening,good_arxiv_time,node_classification,historical_transductive_full,future_resource_limited,coregraph_atomic,composite,0,DG_NO_TARGET,single_t4,T4_16GB,TBD_PROFILE,local_and_data_gates,PLANNED
06d5e8013d599b31b30f,screening_5seed,method_screening,good_arxiv_time,node_classification,historical_transductive_full,future_resource_limited,coregraph_atomic,composite,1,DG_NO_TARGET,single_t4,T4_16GB,TBD_PROFILE,local_and_data_gates,PLANNED
50e795bc85b755736d2b,screening_5seed,method_screening,good_arxiv_time,node_classification,historical_transductive_full,future_resource_limited,coregraph_atomic,composite,2,DG_NO_TARGET,single_t4,T4_16GB,TBD_PROFILE,local_and_data_gates,PLANNED
14eebdbc03d3b09fe271,screening_5seed,method_screening,good_arxiv_time,node_classification,historical_transductive_full,future_resource_limited,coregraph_atomic,composite,3,DG_NO_TARGET,single_t4,T4_16GB,TBD_PROFILE,local_and_data_gates,PLANNED
9dc878808dd2d0e0ac4d,screening_5seed,method_screening,good_arxiv_time,node_classification,historical_transductive_full,future_resource_limited,coregraph_atomic,composite,4,DG_NO_TARGET,single_t4,T4_16GB,TBD_PROFILE,local_and_data_gates,PLANNED
c0d9fcffb08fcf0d1779,screening_5seed,method_screening,good_arxiv_time,node_classification,historical_transductive_full,future_resource_limited,coregraph_no_contract,composite,0,DG_NO_TARGET,single_t4,T4_16GB,TBD_PROFILE,local_and_data_gates,PLANNED
1634db28fe943456766e,screening_5seed,method_screening,good_arxiv_time,node_classification,historical_transductive_full,future_resource_limited,coregraph_no_contract,composite,1,DG_NO_TARGET,single_t4,T4_16GB,TBD_PROFILE,local_and_data_gates,PLANNED
bb2d30f5beffbccb2eb8,screening_5seed,method_screening,good_arxiv_time,node_classification,historical_transductive_full,future_resource_limited,coregraph_no_contract,composite,2,DG_NO_TARGET,single_t4,T4_16GB,TBD_PROFILE,local_and_data_gates,PLANNED
9c8d8d2f4edc07e71cb8,screening_5seed,method_screening,good_arxiv_time,node_classification,historical_transductive_full,future_resource_limited,coregraph_no_contract,composite,3,DG_NO_TARGET,single_t4,T4_16GB,TBD_PROFILE,local_and_data_gates,PLANNED
5ad7d98f78e6bd91b20f,screening_5seed,method_screening,good_arxiv_time,node_classification,historical_transductive_full,future_resource_limited,coregraph_no_contract,composite,4,DG_NO_TARGET,single_t4,T4_16GB,TBD_PROFILE,local_and_data_gates,PLANNED
22444ab62c8d2d115f07,screening_5seed,method_screening,good_arxiv_time,node_classification,historical_transductive_full,future_resource_limited,coregraph_factorised,composite,0,DG_NO_TARGET,single_t4,T4_16GB,TBD_PROFILE,local_and_data_gates,PLANNED
3d6f207b65be6948b9b5,screening_5seed,method_screening,good_arxiv_time,node_classification,historical_transductive_full,future_resource_limited,coregraph_factorised,composite,1,DG_NO_TARGET,single_t4,T4_16GB,TBD_PROFILE,local_and_data_gates,PLANNED
23ce4e3ad47c80a9d457,screening_5seed,method_screening,good_arxiv_time,node_classification,historical_transductive_full,future_resource_limited,coregraph_factorised,composite,2,DG_NO_TARGET,single_t4,T4_16GB,TBD_PROFILE,local_and_data_gates,PLANNED
b5a737e37f827934ec5f,screening_5seed,method_screening,good_arxiv_time,node_classification,historical_transductive_full,future_resource_limited,coregraph_factorised,composite,3,DG_NO_TARGET,single_t4,T4_16GB,TBD_PROFILE,local_and_data_gates,PLANNED
ca24ca012cee43ca76f3,screening_5seed,method_screening,good_arxiv_time,node_classification,historical_transductive_full,future_resource_limited,coregraph_factorised,composite,4,DG_NO_TARGET,single_t4,T4_16GB,TBD_PROFILE,local_and_data_gates,PLANNED
a53d5d64e7c4b5838cd4,screening_5seed,method_screening,good_arxiv_time,node_classification,historical_transductive_full,future_resource_limited,coregraph_factorised_diagnostics,composite,0,DG_NO_TARGET,single_t4,T4_16GB,TBD_PROFILE,local_and_data_gates,PLANNED
0c12be083725b3e29038,screening_5seed,method_screening,good_arxiv_time,node_classification,historical_transductive_full,future_resource_limited,coregraph_factorised_diagnostics,composite,1,DG_NO_TARGET,single_t4,T4_16GB,TBD_PROFILE,local_and_data_gates,PLANNED
0ffdf6fe4c61f52fa354,screening_5seed,method_screening,good_arxiv_time,node_classification,historical_transductive_full,future_resource_limited,coregraph_factorised_diagnostics,composite,2,DG_NO_TARGET,single_t4,T4_16GB,TBD_PROFILE,local_and_data_gates,PLANNED
0a15a660c1d53c0bea7c,screening_5seed,method_screening,good_arxiv_time,node_classification,historical_transductive_full,future_resource_limited,coregraph_factorised_diagnostics,composite,3,DG_NO_TARGET,single_t4,T4_16GB,TBD_PROFILE,local_and_data_gates,PLANNED
bdae3871944b114d4254,screening_5seed,method_screening,good_arxiv_time,node_classification,historical_transductive_full,future_resource_limited,coregraph_factorised_diagnostics,composite,4,DG_NO_TARGET,single_t4,T4_16GB,TBD_PROFILE,local_and_data_gates,PLANNED
d76d882afb6d7deff92e,good,graph_ood_external_validity,good_cmnist_covariate,graph_classification,good_source,good_target,erm,composite,0,DG_NO_TARGET,single_t4,T4_16GB,TBD_PROFILE,good_data,PLANNED
79d54c5d50abeebe320d,good,graph_ood_external_validity,good_cmnist_covariate,graph_classification,good_source,good_target,erm,composite,1,DG_NO_TARGET,single_t4,T4_16GB,TBD_PROFILE,good_data,PLANNED
45d2b6a1b70d7df88b22,good,graph_ood_external_validity,good_cmnist_covariate,graph_classification,good_source,good_target,erm,composite,2,DG_NO_TARGET,single_t4,T4_16GB,TBD_PROFILE,good_data,PLANNED
694986df0abb9b1aa0de,good,graph_ood_external_validity,good_cmnist_covariate,graph_classification,good_source,good_target,erm,composite,3,DG_NO_TARGET,single_t4,T4_16GB,TBD_PROFILE,good_data,PLANNED
7fdd8f6543ede92bacb0,good,graph_ood_external_validity,good_cmnist_covariate,graph_classification,good_source,good_target,erm,composite,4,DG_NO_TARGET,single_t4,T4_16GB,TBD_PROFILE,good_data,PLANNED
f85083163bbbeb543f67,good,graph_ood_external_validity,good_cmnist_covariate,graph_classification,good_source,good_target,groupdro,composite,0,DG_NO_TARGET,single_t4,T4_16GB,TBD_PROFILE,good_data,PLANNED
29b5af6ae73c4df2ae66,good,graph_ood_external_validity,good_cmnist_covariate,graph_classification,good_source,good_target,groupdro,composite,1,DG_NO_TARGET,single_t4,T4_16GB,TBD_PROFILE,good_data,PLANNED
d49b8ce37acc5d529a61,good,graph_ood_external_validity,good_cmnist_covariate,graph_classification,good_source,good_target,groupdro,composite,2,DG_NO_TARGET,single_t4,T4_16GB,TBD_PROFILE,good_data,PLANNED
5ee39cf386512a37d4a6,good,graph_ood_external_validity,good_cmnist_covariate,graph_classification,good_source,good_target,groupdro,composite,3,DG_NO_TARGET,single_t4,T4_16GB,TBD_PROFILE,good_data,PLANNED
c51f9267d5a198c7bb78,good,graph_ood_external_validity,good_cmnist_covariate,graph_classification,good_source,good_target,groupdro,composite,4,DG_NO_TARGET,single_t4,T4_16GB,TBD_PROFILE,good_data,PLANNED
62bf625129fbef1e4b16,good,graph_ood_external_validity,good_cmnist_covariate,graph_classification,good_source,good_target,vrex,composite,0,DG_NO_TARGET,single_t4,T4_16GB,TBD_PROFILE,good_data,PLANNED
dce8e026c1da51d0ebad,good,graph_ood_external_validity,good_cmnist_covariate,graph_classification,good_source,good_target,vrex,composite,1,DG_NO_TARGET,single_t4,T4_16GB,TBD_PROFILE,good_data,PLANNED
e22f5ed7d2ec2b222c5e,good,graph_ood_external_validity,good_cmnist_covariate,graph_classification,good_source,good_target,vrex,composite,2,DG_NO_TARGET,single_t4,T4_16GB,TBD_PROFILE,good_data,PLANNED
2fa2c29429e6bada0ba7,good,graph_ood_external_validity,good_cmnist_covariate,graph_classification,good_source,good_target,vrex,composite,3,DG_NO_TARGET,single_t4,T4_16GB,TBD_PROFILE,good_data,PLANNED
bad870f1373c8c63c577,good,graph_ood_external_validity,good_cmnist_covariate,graph_classification,good_source,good_target,vrex,composite,4,DG_NO_TARGET,single_t4,T4_16GB,TBD_PROFILE,good_data,PLANNED
16c6ea87a5edca248fc2,good,graph_ood_external_validity,good_cmnist_covariate,graph_classification,good_source,good_target,coregraph_factorised,composite,0,DG_NO_TARGET,single_t4,T4_16GB,TBD_PROFILE,good_data,PLANNED
33d7fe24c491dc6c99a1,good,graph_ood_external_validity,good_cmnist_covariate,graph_classification,good_source,good_target,coregraph_factorised,composite,1,DG_NO_TARGET,single_t4,T4_16GB,TBD_PROFILE,good_data,PLANNED
19a71b029263d7f7c0e8,good,graph_ood_external_validity,good_cmnist_covariate,graph_classification,good_source,good_target,coregraph_factorised,composite,2,DG_NO_TARGET,single_t4,T4_16GB,TBD_PROFILE,good_data,PLANNED
dc626ad0ead7f38e65b2,good,graph_ood_external_validity,good_cmnist_covariate,graph_classification,good_source,good_target,coregraph_factorised,composite,3,DG_NO_TARGET,single_t4,T4_16GB,TBD_PROFILE,good_data,PLANNED
8e80cbbf6554570f8b47,good,graph_ood_external_validity,good_cmnist_covariate,graph_classification,good_source,good_target,coregraph_factorised,composite,4,DG_NO_TARGET,single_t4,T4_16GB,TBD_PROFILE,good_data,PLANNED
d69fd3b90d6837d62be7,good,graph_ood_external_validity,good_cmnist_covariate,graph_classification,good_source,good_target,ciga_official,composite,0,DG_NO_TARGET,single_t4,T4_16GB,TBD_PROFILE,task_parity_and_adapter,PENDING_INTEGRATION
577a397628eaaed41f51,good,graph_ood_external_validity,good_cmnist_covariate,graph_classification,good_source,good_target,ciga_official,composite,1,DG_NO_TARGET,single_t4,T4_16GB,TBD_PROFILE,task_parity_and_adapter,PENDING_INTEGRATION
5e4f486d57d0aff4e8c0,good,graph_ood_external_validity,good_cmnist_covariate,graph_classification,good_source,good_target,ciga_official,composite,2,DG_NO_TARGET,single_t4,T4_16GB,TBD_PROFILE,task_parity_and_adapter,PENDING_INTEGRATION
4f2ffd62ac1d6e150e84,good,graph_ood_external_validity,good_cmnist_covariate,graph_classification,good_source,good_target,ciga_official,composite,3,DG_NO_TARGET,single_t4,T4_16GB,TBD_PROFILE,task_parity_and_adapter,PENDING_INTEGRATION
2faaea31b9eb11c2028f,good,graph_ood_external_validity,good_cmnist_covariate,graph_classification,good_source,good_target,ciga_official,composite,4,DG_NO_TARGET,single_t4,T4_16GB,TBD_PROFILE,task_parity_and_adapter,PENDING_INTEGRATION
e33caea24187dc35fa74,good,graph_ood_external_validity,good_hiv_scaffold,graph_classification,good_source,good_target,erm,composite,0,DG_NO_TARGET,single_t4,T4_16GB,TBD_PROFILE,good_data,PLANNED
361001766a1c4a166b00,good,graph_ood_external_validity,good_hiv_scaffold,graph_classification,good_source,good_target,erm,composite,1,DG_NO_TARGET,single_t4,T4_16GB,TBD_PROFILE,good_data,PLANNED
371516977f368b2998fd,good,graph_ood_external_validity,good_hiv_scaffold,graph_classification,good_source,good_target,erm,composite,2,DG_NO_TARGET,single_t4,T4_16GB,TBD_PROFILE,good_data,PLANNED
95476743a456c39e1991,good,graph_ood_external_validity,good_hiv_scaffold,graph_classification,good_source,good_target,erm,composite,3,DG_NO_TARGET,single_t4,T4_16GB,TBD_PROFILE,good_data,PLANNED
f02aa98724abbed9ca36,good,graph_ood_external_validity,good_hiv_scaffold,graph_classification,good_source,good_target,erm,composite,4,DG_NO_TARGET,single_t4,T4_16GB,TBD_PROFILE,good_data,PLANNED
a19b2b9f280b589ec855,good,graph_ood_external_validity,good_hiv_scaffold,graph_classification,good_source,good_target,groupdro,composite,0,DG_NO_TARGET,single_t4,T4_16GB,TBD_PROFILE,good_data,PLANNED
4122fde2a56345796296,good,graph_ood_external_validity,good_hiv_scaffold,graph_classification,good_source,good_target,groupdro,composite,1,DG_NO_TARGET,single_t4,T4_16GB,TBD_PROFILE,good_data,PLANNED
7fd53f455b742b3b9b96,good,graph_ood_external_validity,good_hiv_scaffold,graph_classification,good_source,good_target,groupdro,composite,2,DG_NO_TARGET,single_t4,T4_16GB,TBD_PROFILE,good_data,PLANNED
96551d3bd923fbe2bd80,good,graph_ood_external_validity,good_hiv_scaffold,graph_classification,good_source,good_target,groupdro,composite,3,DG_NO_TARGET,single_t4,T4_16GB,TBD_PROFILE,good_data,PLANNED
5302c165d3bfe28453f6,good,graph_ood_external_validity,good_hiv_scaffold,graph_classification,good_source,good_target,groupdro,composite,4,DG_NO_TARGET,single_t4,T4_16GB,TBD_PROFILE,good_data,PLANNED
602cac009ca85fd914fa,good,graph_ood_external_validity,good_hiv_scaffold,graph_classification,good_source,good_target,vrex,composite,0,DG_NO_TARGET,single_t4,T4_16GB,TBD_PROFILE,good_data,PLANNED
e59eacbeaa588c16e02c,good,graph_ood_external_validity,good_hiv_scaffold,graph_classification,good_source,good_target,vrex,composite,1,DG_NO_TARGET,single_t4,T4_16GB,TBD_PROFILE,good_data,PLANNED
6df721472598c90f5960,good,graph_ood_external_validity,good_hiv_scaffold,graph_classification,good_source,good_target,vrex,composite,2,DG_NO_TARGET,single_t4,T4_16GB,TBD_PROFILE,good_data,PLANNED
40320a1ff18e946019ac,good,graph_ood_external_validity,good_hiv_scaffold,graph_classification,good_source,good_target,vrex,composite,3,DG_NO_TARGET,single_t4,T4_16GB,TBD_PROFILE,good_data,PLANNED
12605ef62dea50ed6640,good,graph_ood_external_validity,good_hiv_scaffold,graph_classification,good_source,good_target,vrex,composite,4,DG_NO_TARGET,single_t4,T4_16GB,TBD_PROFILE,good_data,PLANNED
38d8e1b1cf0cf6b17a08,good,graph_ood_external_validity,good_hiv_scaffold,graph_classification,good_source,good_target,coregraph_factorised,composite,0,DG_NO_TARGET,single_t4,T4_16GB,TBD_PROFILE,good_data,PLANNED
bd419a72d3e623eb9e2f,good,graph_ood_external_validity,good_hiv_scaffold,graph_classification,good_source,good_target,coregraph_factorised,composite,1,DG_NO_TARGET,single_t4,T4_16GB,TBD_PROFILE,good_data,PLANNED
571a4cea6ae8ed09a2fc,good,graph_ood_external_validity,good_hiv_scaffold,graph_classification,good_source,good_target,coregraph_factorised,composite,2,DG_NO_TARGET,single_t4,T4_16GB,TBD_PROFILE,good_data,PLANNED
299f8c99961355702f02,good,graph_ood_external_validity,good_hiv_scaffold,graph_classification,good_source,good_target,coregraph_factorised,composite,3,DG_NO_TARGET,single_t4,T4_16GB,TBD_PROFILE,good_data,PLANNED
7410c5d3d92d859c5da5,good,graph_ood_external_validity,good_hiv_scaffold,graph_classification,good_source,good_target,coregraph_factorised,composite,4,DG_NO_TARGET,single_t4,T4_16GB,TBD_PROFILE,good_data,PLANNED
4b1cb8f16aafeb0eae85,good,graph_ood_external_validity,good_hiv_scaffold,graph_classification,good_source,good_target,ciga_official,composite,0,DG_NO_TARGET,single_t4,T4_16GB,TBD_PROFILE,task_parity_and_adapter,PENDING_INTEGRATION
e8c31f7f14f5397217a7,good,graph_ood_external_validity,good_hiv_scaffold,graph_classification,good_source,good_target,ciga_official,composite,1,DG_NO_TARGET,single_t4,T4_16GB,TBD_PROFILE,task_parity_and_adapter,PENDING_INTEGRATION
a92606e20bc2aa1a80dd,good,graph_ood_external_validity,good_hiv_scaffold,graph_classification,good_source,good_target,ciga_official,composite,2,DG_NO_TARGET,single_t4,T4_16GB,TBD_PROFILE,task_parity_and_adapter,PENDING_INTEGRATION
742545e995555a88f2a8,good,graph_ood_external_validity,good_hiv_scaffold,graph_classification,good_source,good_target,ciga_official,composite,3,DG_NO_TARGET,single_t4,T4_16GB,TBD_PROFILE,task_parity_and_adapter,PENDING_INTEGRATION
54b4aa18509bba264c05,good,graph_ood_external_validity,good_hiv_scaffold,graph_classification,good_source,good_target,ciga_official,composite,4,DG_NO_TARGET,single_t4,T4_16GB,TBD_PROFILE,task_parity_and_adapter,PENDING_INTEGRATION
fc1b9e6761fb73cb33d4,good,graph_ood_external_validity,good_arxiv_time,node_classification,good_source,good_target,erm,composite,0,DG_NO_TARGET,single_t4,T4_16GB,TBD_PROFILE,good_data,PLANNED
faa0792d54a7c8ec4c7f,good,graph_ood_external_validity,good_arxiv_time,node_classification,good_source,good_target,erm,composite,1,DG_NO_TARGET,single_t4,T4_16GB,TBD_PROFILE,good_data,PLANNED
58572c4480f004d77e41,good,graph_ood_external_validity,good_arxiv_time,node_classification,good_source,good_target,erm,composite,2,DG_NO_TARGET,single_t4,T4_16GB,TBD_PROFILE,good_data,PLANNED
0cf05811ff60766c417c,good,graph_ood_external_validity,good_arxiv_time,node_classification,good_source,good_target,erm,composite,3,DG_NO_TARGET,single_t4,T4_16GB,TBD_PROFILE,good_data,PLANNED
bac1493a23947a56e23a,good,graph_ood_external_validity,good_arxiv_time,node_classification,good_source,good_target,erm,composite,4,DG_NO_TARGET,single_t4,T4_16GB,TBD_PROFILE,good_data,PLANNED
a69be217454717c1cdb2,good,graph_ood_external_validity,good_arxiv_time,node_classification,good_source,good_target,groupdro,composite,0,DG_NO_TARGET,single_t4,T4_16GB,TBD_PROFILE,good_data,PLANNED
c7c9cc37cdf48196cb8e,good,graph_ood_external_validity,good_arxiv_time,node_classification,good_source,good_target,groupdro,composite,1,DG_NO_TARGET,single_t4,T4_16GB,TBD_PROFILE,good_data,PLANNED
657a481f798b0515921d,good,graph_ood_external_validity,good_arxiv_time,node_classification,good_source,good_target,groupdro,composite,2,DG_NO_TARGET,single_t4,T4_16GB,TBD_PROFILE,good_data,PLANNED
51513e876d8d15476fb4,good,graph_ood_external_validity,good_arxiv_time,node_classification,good_source,good_target,groupdro,composite,3,DG_NO_TARGET,single_t4,T4_16GB,TBD_PROFILE,good_data,PLANNED
269621073c5c56d04e78,good,graph_ood_external_validity,good_arxiv_time,node_classification,good_source,good_target,groupdro,composite,4,DG_NO_TARGET,single_t4,T4_16GB,TBD_PROFILE,good_data,PLANNED
0bc8fa639278a00c6424,good,graph_ood_external_validity,good_arxiv_time,node_classification,good_source,good_target,vrex,composite,0,DG_NO_TARGET,single_t4,T4_16GB,TBD_PROFILE,good_data,PLANNED
197ea1141a46ecc796be,good,graph_ood_external_validity,good_arxiv_time,node_classification,good_source,good_target,vrex,composite,1,DG_NO_TARGET,single_t4,T4_16GB,TBD_PROFILE,good_data,PLANNED
57b5c703f5298ee27247,good,graph_ood_external_validity,good_arxiv_time,node_classification,good_source,good_target,vrex,composite,2,DG_NO_TARGET,single_t4,T4_16GB,TBD_PROFILE,good_data,PLANNED
1e629489a9c5b7c74b54,good,graph_ood_external_validity,good_arxiv_time,node_classification,good_source,good_target,vrex,composite,3,DG_NO_TARGET,single_t4,T4_16GB,TBD_PROFILE,good_data,PLANNED
ee859c80b9a3310ba1cb,good,graph_ood_external_validity,good_arxiv_time,node_classification,good_source,good_target,vrex,composite,4,DG_NO_TARGET,single_t4,T4_16GB,TBD_PROFILE,good_data,PLANNED
51ca4b0d665a4145b327,good,graph_ood_external_validity,good_arxiv_time,node_classification,good_source,good_target,coregraph_factorised,composite,0,DG_NO_TARGET,single_t4,T4_16GB,TBD_PROFILE,good_data,PLANNED
54a090bcd88754b53ba8,good,graph_ood_external_validity,good_arxiv_time,node_classification,good_source,good_target,coregraph_factorised,composite,1,DG_NO_TARGET,single_t4,T4_16GB,TBD_PROFILE,good_data,PLANNED
05808bcc24e367812dc3,good,graph_ood_external_validity,good_arxiv_time,node_classification,good_source,good_target,coregraph_factorised,composite,2,DG_NO_TARGET,single_t4,T4_16GB,TBD_PROFILE,good_data,PLANNED
e1b68e9edbfa15ed8301,good,graph_ood_external_validity,good_arxiv_time,node_classification,good_source,good_target,coregraph_factorised,composite,3,DG_NO_TARGET,single_t4,T4_16GB,TBD_PROFILE,good_data,PLANNED
94e47dc30e97ab7b4a1b,good,graph_ood_external_validity,good_arxiv_time,node_classification,good_source,good_target,coregraph_factorised,composite,4,DG_NO_TARGET,single_t4,T4_16GB,TBD_PROFILE,good_data,PLANNED
91aa714d24f393672fc7,good,graph_ood_external_validity,good_arxiv_time,node_classification,good_source,good_target,ciga_official,composite,0,DG_NO_TARGET,single_t4,T4_16GB,TBD_PROFILE,task_parity_and_adapter,PENDING_INTEGRATION
8d0e9a83309abc7d1692,good,graph_ood_external_validity,good_arxiv_time,node_classification,good_source,good_target,ciga_official,composite,1,DG_NO_TARGET,single_t4,T4_16GB,TBD_PROFILE,task_parity_and_adapter,PENDING_INTEGRATION
96ed9781dfce77dc929d,good,graph_ood_external_validity,good_arxiv_time,node_classification,good_source,good_target,ciga_official,composite,2,DG_NO_TARGET,single_t4,T4_16GB,TBD_PROFILE,task_parity_and_adapter,PENDING_INTEGRATION
e4c93f233ce1d8968ee2,good,graph_ood_external_validity,good_arxiv_time,node_classification,good_source,good_target,ciga_official,composite,3,DG_NO_TARGET,single_t4,T4_16GB,TBD_PROFILE,task_parity_and_adapter,PENDING_INTEGRATION
8706032a94c66238dc3d,good,graph_ood_external_validity,good_arxiv_time,node_classification,good_source,good_target,ciga_official,composite,4,DG_NO_TARGET,single_t4,T4_16GB,TBD_PROFILE,task_parity_and_adapter,PENDING_INTEGRATION
0224c88dd9312aeb18c5,synthetic_theory,mechanism_validation,elliptic_v2,node_classification,synthetic_source,synthetic_graph_best,fixed_mixture,composite,0,DG_NO_TARGET,cpu,CPU,TBD_PROFILE,local_gates,PLANNED
23ee3c77a523c7e23652,synthetic_theory,mechanism_validation,elliptic_v2,node_classification,synthetic_source,synthetic_graph_best,fixed_mixture,composite,1,DG_NO_TARGET,cpu,CPU,TBD_PROFILE,local_gates,PLANNED
81ef0813e6f489c521c0,synthetic_theory,mechanism_validation,elliptic_v2,node_classification,synthetic_source,synthetic_graph_best,fixed_mixture,composite,2,DG_NO_TARGET,cpu,CPU,TBD_PROFILE,local_gates,PLANNED
ce40bf5402c80519139b,synthetic_theory,mechanism_validation,elliptic_v2,node_classification,synthetic_source,synthetic_graph_best,fixed_mixture,composite,3,DG_NO_TARGET,cpu,CPU,TBD_PROFILE,local_gates,PLANNED
1887aba0882ed2140608,synthetic_theory,mechanism_validation,elliptic_v2,node_classification,synthetic_source,synthetic_graph_best,fixed_mixture,composite,4,DG_NO_TARGET,cpu,CPU,TBD_PROFILE,local_gates,PLANNED
7c3406d426930daebdd2,synthetic_theory,mechanism_validation,elliptic_v2,node_classification,synthetic_source,synthetic_graph_best,fixed_mixture,composite,5,DG_NO_TARGET,cpu,CPU,TBD_PROFILE,local_gates,PLANNED
9644f7fae6853db96e2b,synthetic_theory,mechanism_validation,elliptic_v2,node_classification,synthetic_source,synthetic_graph_best,fixed_mixture,composite,6,DG_NO_TARGET,cpu,CPU,TBD_PROFILE,local_gates,PLANNED
d9e5934203046d2e0e7b,synthetic_theory,mechanism_validation,elliptic_v2,node_classification,synthetic_source,synthetic_graph_best,fixed_mixture,composite,7,DG_NO_TARGET,cpu,CPU,TBD_PROFILE,local_gates,PLANNED
f1cee1ea354cdd603087,synthetic_theory,mechanism_validation,elliptic_v2,node_classification,synthetic_source,synthetic_graph_best,fixed_mixture,composite,8,DG_NO_TARGET,cpu,CPU,TBD_PROFILE,local_gates,PLANNED
080a0538d65d41b61ee4,synthetic_theory,mechanism_validation,elliptic_v2,node_classification,synthetic_source,synthetic_graph_best,fixed_mixture,composite,9,DG_NO_TARGET,cpu,CPU,TBD_PROFILE,local_gates,PLANNED
30c38f514d2a86aa8b1a,synthetic_theory,mechanism_validation,elliptic_v2,node_classification,synthetic_source,synthetic_graph_best,coregraph_factorised_diagnostics,composite,0,DG_NO_TARGET,cpu,CPU,TBD_PROFILE,local_gates,PLANNED
e6363535706a26ead8e8,synthetic_theory,mechanism_validation,elliptic_v2,node_classification,synthetic_source,synthetic_graph_best,coregraph_factorised_diagnostics,composite,1,DG_NO_TARGET,cpu,CPU,TBD_PROFILE,local_gates,PLANNED
2ac9650fc4cba656652b,synthetic_theory,mechanism_validation,elliptic_v2,node_classification,synthetic_source,synthetic_graph_best,coregraph_factorised_diagnostics,composite,2,DG_NO_TARGET,cpu,CPU,TBD_PROFILE,local_gates,PLANNED
2dfd8f40d21e97aee8ae,synthetic_theory,mechanism_validation,elliptic_v2,node_classification,synthetic_source,synthetic_graph_best,coregraph_factorised_diagnostics,composite,3,DG_NO_TARGET,cpu,CPU,TBD_PROFILE,local_gates,PLANNED
f3f8e46cce99b1aaee45,synthetic_theory,mechanism_validation,elliptic_v2,node_classification,synthetic_source,synthetic_graph_best,coregraph_factorised_diagnostics,composite,4,DG_NO_TARGET,cpu,CPU,TBD_PROFILE,local_gates,PLANNED
026f8c75547f79612c67,synthetic_theory,mechanism_validation,elliptic_v2,node_classification,synthetic_source,synthetic_graph_best,coregraph_factorised_diagnostics,composite,5,DG_NO_TARGET,cpu,CPU,TBD_PROFILE,local_gates,PLANNED
339fff207e6010e72109,synthetic_theory,mechanism_validation,elliptic_v2,node_classification,synthetic_source,synthetic_graph_best,coregraph_factorised_diagnostics,composite,6,DG_NO_TARGET,cpu,CPU,TBD_PROFILE,local_gates,PLANNED
a8dc2719b857106e917f,synthetic_theory,mechanism_validation,elliptic_v2,node_classification,synthetic_source,synthetic_graph_best,coregraph_factorised_diagnostics,composite,7,DG_NO_TARGET,cpu,CPU,TBD_PROFILE,local_gates,PLANNED
796caa54fab90ff14997,synthetic_theory,mechanism_validation,elliptic_v2,node_classification,synthetic_source,synthetic_graph_best,coregraph_factorised_diagnostics,composite,8,DG_NO_TARGET,cpu,CPU,TBD_PROFILE,local_gates,PLANNED
de77b192da44e4a8ef14,synthetic_theory,mechanism_validation,elliptic_v2,node_classification,synthetic_source,synthetic_graph_best,coregraph_factorised_diagnostics,composite,9,DG_NO_TARGET,cpu,CPU,TBD_PROFILE,local_gates,PLANNED
6d2d463996bd578af6a0,synthetic_theory,mechanism_validation,elliptic_v2,node_classification,synthetic_source,synthetic_feature_best,fixed_mixture,composite,0,DG_NO_TARGET,cpu,CPU,TBD_PROFILE,local_gates,PLANNED
c8f63d2d16156bb7fc80,synthetic_theory,mechanism_validation,elliptic_v2,node_classification,synthetic_source,synthetic_feature_best,fixed_mixture,composite,1,DG_NO_TARGET,cpu,CPU,TBD_PROFILE,local_gates,PLANNED
ae4c62adabc7366eb1c5,synthetic_theory,mechanism_validation,elliptic_v2,node_classification,synthetic_source,synthetic_feature_best,fixed_mixture,composite,2,DG_NO_TARGET,cpu,CPU,TBD_PROFILE,local_gates,PLANNED
bd85e12140e980e74878,synthetic_theory,mechanism_validation,elliptic_v2,node_classification,synthetic_source,synthetic_feature_best,fixed_mixture,composite,3,DG_NO_TARGET,cpu,CPU,TBD_PROFILE,local_gates,PLANNED
cc5d6e1176375b024285,synthetic_theory,mechanism_validation,elliptic_v2,node_classification,synthetic_source,synthetic_feature_best,fixed_mixture,composite,4,DG_NO_TARGET,cpu,CPU,TBD_PROFILE,local_gates,PLANNED
bd613d97e110dce20759,synthetic_theory,mechanism_validation,elliptic_v2,node_classification,synthetic_source,synthetic_feature_best,fixed_mixture,composite,5,DG_NO_TARGET,cpu,CPU,TBD_PROFILE,local_gates,PLANNED
a693e52ce68ed21950c7,synthetic_theory,mechanism_validation,elliptic_v2,node_classification,synthetic_source,synthetic_feature_best,fixed_mixture,composite,6,DG_NO_TARGET,cpu,CPU,TBD_PROFILE,local_gates,PLANNED
0239200e5e5c39164b8c,synthetic_theory,mechanism_validation,elliptic_v2,node_classification,synthetic_source,synthetic_feature_best,fixed_mixture,composite,7,DG_NO_TARGET,cpu,CPU,TBD_PROFILE,local_gates,PLANNED
83dc81b375239c4c218f,synthetic_theory,mechanism_validation,elliptic_v2,node_classification,synthetic_source,synthetic_feature_best,fixed_mixture,composite,8,DG_NO_TARGET,cpu,CPU,TBD_PROFILE,local_gates,PLANNED
1fb59fa65b3f4a941cc1,synthetic_theory,mechanism_validation,elliptic_v2,node_classification,synthetic_source,synthetic_feature_best,fixed_mixture,composite,9,DG_NO_TARGET,cpu,CPU,TBD_PROFILE,local_gates,PLANNED
2ede2e2a1a4a8a8543d7,synthetic_theory,mechanism_validation,elliptic_v2,node_classification,synthetic_source,synthetic_feature_best,coregraph_factorised_diagnostics,composite,0,DG_NO_TARGET,cpu,CPU,TBD_PROFILE,local_gates,PLANNED
e5e865d53c7b9b45ec43,synthetic_theory,mechanism_validation,elliptic_v2,node_classification,synthetic_source,synthetic_feature_best,coregraph_factorised_diagnostics,composite,1,DG_NO_TARGET,cpu,CPU,TBD_PROFILE,local_gates,PLANNED
d6e843054d730cf016af,synthetic_theory,mechanism_validation,elliptic_v2,node_classification,synthetic_source,synthetic_feature_best,coregraph_factorised_diagnostics,composite,2,DG_NO_TARGET,cpu,CPU,TBD_PROFILE,local_gates,PLANNED
90d054a5bd59d8c403d6,synthetic_theory,mechanism_validation,elliptic_v2,node_classification,synthetic_source,synthetic_feature_best,coregraph_factorised_diagnostics,composite,3,DG_NO_TARGET,cpu,CPU,TBD_PROFILE,local_gates,PLANNED
10847822cc5f7b2adcf1,synthetic_theory,mechanism_validation,elliptic_v2,node_classification,synthetic_source,synthetic_feature_best,coregraph_factorised_diagnostics,composite,4,DG_NO_TARGET,cpu,CPU,TBD_PROFILE,local_gates,PLANNED
fbb24f7a299d3287576e,synthetic_theory,mechanism_validation,elliptic_v2,node_classification,synthetic_source,synthetic_feature_best,coregraph_factorised_diagnostics,composite,5,DG_NO_TARGET,cpu,CPU,TBD_PROFILE,local_gates,PLANNED
7f415ce4247d194c938a,synthetic_theory,mechanism_validation,elliptic_v2,node_classification,synthetic_source,synthetic_feature_best,coregraph_factorised_diagnostics,composite,6,DG_NO_TARGET,cpu,CPU,TBD_PROFILE,local_gates,PLANNED
9d4cd8f5ec84d61d59b7,synthetic_theory,mechanism_validation,elliptic_v2,node_classification,synthetic_source,synthetic_feature_best,coregraph_factorised_diagnostics,composite,7,DG_NO_TARGET,cpu,CPU,TBD_PROFILE,local_gates,PLANNED
b24875d4857e2e51c59d,synthetic_theory,mechanism_validation,elliptic_v2,node_classification,synthetic_source,synthetic_feature_best,coregraph_factorised_diagnostics,composite,8,DG_NO_TARGET,cpu,CPU,TBD_PROFILE,local_gates,PLANNED
bd3c8956a5ee65d0cdb9,synthetic_theory,mechanism_validation,elliptic_v2,node_classification,synthetic_source,synthetic_feature_best,coregraph_factorised_diagnostics,composite,9,DG_NO_TARGET,cpu,CPU,TBD_PROFILE,local_gates,PLANNED
8c1dc8bdb2597fae7abc,synthetic_theory,mechanism_validation,elliptic_v2,node_classification,synthetic_source,synthetic_ordering_crosses,fixed_mixture,composite,0,DG_NO_TARGET,cpu,CPU,TBD_PROFILE,local_gates,PLANNED
0013a93d7b94d7c948bb,synthetic_theory,mechanism_validation,elliptic_v2,node_classification,synthetic_source,synthetic_ordering_crosses,fixed_mixture,composite,1,DG_NO_TARGET,cpu,CPU,TBD_PROFILE,local_gates,PLANNED
f5e2786bfc5be8766b21,synthetic_theory,mechanism_validation,elliptic_v2,node_classification,synthetic_source,synthetic_ordering_crosses,fixed_mixture,composite,2,DG_NO_TARGET,cpu,CPU,TBD_PROFILE,local_gates,PLANNED
d8da0a248b8f108bfbf7,synthetic_theory,mechanism_validation,elliptic_v2,node_classification,synthetic_source,synthetic_ordering_crosses,fixed_mixture,composite,3,DG_NO_TARGET,cpu,CPU,TBD_PROFILE,local_gates,PLANNED
0fc180101bce7284970a,synthetic_theory,mechanism_validation,elliptic_v2,node_classification,synthetic_source,synthetic_ordering_crosses,fixed_mixture,composite,4,DG_NO_TARGET,cpu,CPU,TBD_PROFILE,local_gates,PLANNED
a6581dc106c81f53e21b,synthetic_theory,mechanism_validation,elliptic_v2,node_classification,synthetic_source,synthetic_ordering_crosses,fixed_mixture,composite,5,DG_NO_TARGET,cpu,CPU,TBD_PROFILE,local_gates,PLANNED
9e22265c5ac341fc7e93,synthetic_theory,mechanism_validation,elliptic_v2,node_classification,synthetic_source,synthetic_ordering_crosses,fixed_mixture,composite,6,DG_NO_TARGET,cpu,CPU,TBD_PROFILE,local_gates,PLANNED
6f06d2cfb91106b112c1,synthetic_theory,mechanism_validation,elliptic_v2,node_classification,synthetic_source,synthetic_ordering_crosses,fixed_mixture,composite,7,DG_NO_TARGET,cpu,CPU,TBD_PROFILE,local_gates,PLANNED
28de53de71a4805f260d,synthetic_theory,mechanism_validation,elliptic_v2,node_classification,synthetic_source,synthetic_ordering_crosses,fixed_mixture,composite,8,DG_NO_TARGET,cpu,CPU,TBD_PROFILE,local_gates,PLANNED
d2407d44d77930a5c584,synthetic_theory,mechanism_validation,elliptic_v2,node_classification,synthetic_source,synthetic_ordering_crosses,fixed_mixture,composite,9,DG_NO_TARGET,cpu,CPU,TBD_PROFILE,local_gates,PLANNED
0216bcce0865ae7aaa0c,synthetic_theory,mechanism_validation,elliptic_v2,node_classification,synthetic_source,synthetic_ordering_crosses,coregraph_factorised_diagnostics,composite,0,DG_NO_TARGET,cpu,CPU,TBD_PROFILE,local_gates,PLANNED
45cbaed5921d45f22ca2,synthetic_theory,mechanism_validation,elliptic_v2,node_classification,synthetic_source,synthetic_ordering_crosses,coregraph_factorised_diagnostics,composite,1,DG_NO_TARGET,cpu,CPU,TBD_PROFILE,local_gates,PLANNED
e68d43ce5eb6055517bb,synthetic_theory,mechanism_validation,elliptic_v2,node_classification,synthetic_source,synthetic_ordering_crosses,coregraph_factorised_diagnostics,composite,2,DG_NO_TARGET,cpu,CPU,TBD_PROFILE,local_gates,PLANNED
6d43b8f5c420937edbc0,synthetic_theory,mechanism_validation,elliptic_v2,node_classification,synthetic_source,synthetic_ordering_crosses,coregraph_factorised_diagnostics,composite,3,DG_NO_TARGET,cpu,CPU,TBD_PROFILE,local_gates,PLANNED
dedd97cec1b5ba43ecbb,synthetic_theory,mechanism_validation,elliptic_v2,node_classification,synthetic_source,synthetic_ordering_crosses,coregraph_factorised_diagnostics,composite,4,DG_NO_TARGET,cpu,CPU,TBD_PROFILE,local_gates,PLANNED
0213b42ca5e90a60643c,synthetic_theory,mechanism_validation,elliptic_v2,node_classification,synthetic_source,synthetic_ordering_crosses,coregraph_factorised_diagnostics,composite,5,DG_NO_TARGET,cpu,CPU,TBD_PROFILE,local_gates,PLANNED
c1dab06b2f1b621ac8ee,synthetic_theory,mechanism_validation,elliptic_v2,node_classification,synthetic_source,synthetic_ordering_crosses,coregraph_factorised_diagnostics,composite,6,DG_NO_TARGET,cpu,CPU,TBD_PROFILE,local_gates,PLANNED
c66c9b13db25a81b9d30,synthetic_theory,mechanism_validation,elliptic_v2,node_classification,synthetic_source,synthetic_ordering_crosses,coregraph_factorised_diagnostics,composite,7,DG_NO_TARGET,cpu,CPU,TBD_PROFILE,local_gates,PLANNED
8f3144a88b412920ef31,synthetic_theory,mechanism_validation,elliptic_v2,node_classification,synthetic_source,synthetic_ordering_crosses,coregraph_factorised_diagnostics,composite,8,DG_NO_TARGET,cpu,CPU,TBD_PROFILE,local_gates,PLANNED
f836c7b84874e9132f3e,synthetic_theory,mechanism_validation,elliptic_v2,node_classification,synthetic_source,synthetic_ordering_crosses,coregraph_factorised_diagnostics,composite,9,DG_NO_TARGET,cpu,CPU,TBD_PROFILE,local_gates,PLANNED
c1a00c53f6a5334a029a,synthetic_theory,mechanism_validation,elliptic_v2,node_classification,synthetic_source,synthetic_fixed_mixture_regret,fixed_mixture,composite,0,DG_NO_TARGET,cpu,CPU,TBD_PROFILE,local_gates,PLANNED
cb9391b3fc5eff30b939,synthetic_theory,mechanism_validation,elliptic_v2,node_classification,synthetic_source,synthetic_fixed_mixture_regret,fixed_mixture,composite,1,DG_NO_TARGET,cpu,CPU,TBD_PROFILE,local_gates,PLANNED
38b190b9bbc95936c70b,synthetic_theory,mechanism_validation,elliptic_v2,node_classification,synthetic_source,synthetic_fixed_mixture_regret,fixed_mixture,composite,2,DG_NO_TARGET,cpu,CPU,TBD_PROFILE,local_gates,PLANNED
ec9615874c2e72f6813b,synthetic_theory,mechanism_validation,elliptic_v2,node_classification,synthetic_source,synthetic_fixed_mixture_regret,fixed_mixture,composite,3,DG_NO_TARGET,cpu,CPU,TBD_PROFILE,local_gates,PLANNED
53dd4e420703ea06c4c0,synthetic_theory,mechanism_validation,elliptic_v2,node_classification,synthetic_source,synthetic_fixed_mixture_regret,fixed_mixture,composite,4,DG_NO_TARGET,cpu,CPU,TBD_PROFILE,local_gates,PLANNED
53e6f25000f8d7667402,synthetic_theory,mechanism_validation,elliptic_v2,node_classification,synthetic_source,synthetic_fixed_mixture_regret,fixed_mixture,composite,5,DG_NO_TARGET,cpu,CPU,TBD_PROFILE,local_gates,PLANNED
7a2d4e3927c4355f17eb,synthetic_theory,mechanism_validation,elliptic_v2,node_classification,synthetic_source,synthetic_fixed_mixture_regret,fixed_mixture,composite,6,DG_NO_TARGET,cpu,CPU,TBD_PROFILE,local_gates,PLANNED
1f9fdcd16ab226712a36,synthetic_theory,mechanism_validation,elliptic_v2,node_classification,synthetic_source,synthetic_fixed_mixture_regret,fixed_mixture,composite,7,DG_NO_TARGET,cpu,CPU,TBD_PROFILE,local_gates,PLANNED
c6164086e44c925c3fec,synthetic_theory,mechanism_validation,elliptic_v2,node_classification,synthetic_source,synthetic_fixed_mixture_regret,fixed_mixture,composite,8,DG_NO_TARGET,cpu,CPU,TBD_PROFILE,local_gates,PLANNED
a09d345898f775ec098e,synthetic_theory,mechanism_validation,elliptic_v2,node_classification,synthetic_source,synthetic_fixed_mixture_regret,fixed_mixture,composite,9,DG_NO_TARGET,cpu,CPU,TBD_PROFILE,local_gates,PLANNED
3dbf45d1c596a57530db,synthetic_theory,mechanism_validation,elliptic_v2,node_classification,synthetic_source,synthetic_fixed_mixture_regret,coregraph_factorised_diagnostics,composite,0,DG_NO_TARGET,cpu,CPU,TBD_PROFILE,local_gates,PLANNED
4e92e54470fd38d7ca71,synthetic_theory,mechanism_validation,elliptic_v2,node_classification,synthetic_source,synthetic_fixed_mixture_regret,coregraph_factorised_diagnostics,composite,1,DG_NO_TARGET,cpu,CPU,TBD_PROFILE,local_gates,PLANNED
ba78978a7984de5c92c7,synthetic_theory,mechanism_validation,elliptic_v2,node_classification,synthetic_source,synthetic_fixed_mixture_regret,coregraph_factorised_diagnostics,composite,2,DG_NO_TARGET,cpu,CPU,TBD_PROFILE,local_gates,PLANNED
a46d0e10057656980d3f,synthetic_theory,mechanism_validation,elliptic_v2,node_classification,synthetic_source,synthetic_fixed_mixture_regret,coregraph_factorised_diagnostics,composite,3,DG_NO_TARGET,cpu,CPU,TBD_PROFILE,local_gates,PLANNED
21a3ebd6442cefaed571,synthetic_theory,mechanism_validation,elliptic_v2,node_classification,synthetic_source,synthetic_fixed_mixture_regret,coregraph_factorised_diagnostics,composite,4,DG_NO_TARGET,cpu,CPU,TBD_PROFILE,local_gates,PLANNED
97ce3d7af5d14ce4a596,synthetic_theory,mechanism_validation,elliptic_v2,node_classification,synthetic_source,synthetic_fixed_mixture_regret,coregraph_factorised_diagnostics,composite,5,DG_NO_TARGET,cpu,CPU,TBD_PROFILE,local_gates,PLANNED
5ce031e0c151abad23f8,synthetic_theory,mechanism_validation,elliptic_v2,node_classification,synthetic_source,synthetic_fixed_mixture_regret,coregraph_factorised_diagnostics,composite,6,DG_NO_TARGET,cpu,CPU,TBD_PROFILE,local_gates,PLANNED
294c3ccc5b235a9c4e5a,synthetic_theory,mechanism_validation,elliptic_v2,node_classification,synthetic_source,synthetic_fixed_mixture_regret,coregraph_factorised_diagnostics,composite,7,DG_NO_TARGET,cpu,CPU,TBD_PROFILE,local_gates,PLANNED
f209d45b5f4f36b5dfb4,synthetic_theory,mechanism_validation,elliptic_v2,node_classification,synthetic_source,synthetic_fixed_mixture_regret,coregraph_factorised_diagnostics,composite,8,DG_NO_TARGET,cpu,CPU,TBD_PROFILE,local_gates,PLANNED
3a39b8c28422bedd17e1,synthetic_theory,mechanism_validation,elliptic_v2,node_classification,synthetic_source,synthetic_fixed_mixture_regret,coregraph_factorised_diagnostics,composite,9,DG_NO_TARGET,cpu,CPU,TBD_PROFILE,local_gates,PLANNED
fbd7f3cca475f9ecb807,synthetic_theory,mechanism_validation,elliptic_v2,node_classification,synthetic_source,synthetic_factorised_generalisation,fixed_mixture,composite,0,DG_NO_TARGET,cpu,CPU,TBD_PROFILE,local_gates,PLANNED
fa4098f8b52212a723bf,synthetic_theory,mechanism_validation,elliptic_v2,node_classification,synthetic_source,synthetic_factorised_generalisation,fixed_mixture,composite,1,DG_NO_TARGET,cpu,CPU,TBD_PROFILE,local_gates,PLANNED
d1055cf688f2a0a187d9,synthetic_theory,mechanism_validation,elliptic_v2,node_classification,synthetic_source,synthetic_factorised_generalisation,fixed_mixture,composite,2,DG_NO_TARGET,cpu,CPU,TBD_PROFILE,local_gates,PLANNED
bfd10138bc1a045b4f42,synthetic_theory,mechanism_validation,elliptic_v2,node_classification,synthetic_source,synthetic_factorised_generalisation,fixed_mixture,composite,3,DG_NO_TARGET,cpu,CPU,TBD_PROFILE,local_gates,PLANNED
98d86268d0e24c8c502d,synthetic_theory,mechanism_validation,elliptic_v2,node_classification,synthetic_source,synthetic_factorised_generalisation,fixed_mixture,composite,4,DG_NO_TARGET,cpu,CPU,TBD_PROFILE,local_gates,PLANNED
2da85e0d067f5a9eee92,synthetic_theory,mechanism_validation,elliptic_v2,node_classification,synthetic_source,synthetic_factorised_generalisation,fixed_mixture,composite,5,DG_NO_TARGET,cpu,CPU,TBD_PROFILE,local_gates,PLANNED
66994c09b7e0366a7da5,synthetic_theory,mechanism_validation,elliptic_v2,node_classification,synthetic_source,synthetic_factorised_generalisation,fixed_mixture,composite,6,DG_NO_TARGET,cpu,CPU,TBD_PROFILE,local_gates,PLANNED
cbe1dc0856667ead8317,synthetic_theory,mechanism_validation,elliptic_v2,node_classification,synthetic_source,synthetic_factorised_generalisation,fixed_mixture,composite,7,DG_NO_TARGET,cpu,CPU,TBD_PROFILE,local_gates,PLANNED
931e5f78444d370bed03,synthetic_theory,mechanism_validation,elliptic_v2,node_classification,synthetic_source,synthetic_factorised_generalisation,fixed_mixture,composite,8,DG_NO_TARGET,cpu,CPU,TBD_PROFILE,local_gates,PLANNED
9a8f69918507739c6b60,synthetic_theory,mechanism_validation,elliptic_v2,node_classification,synthetic_source,synthetic_factorised_generalisation,fixed_mixture,composite,9,DG_NO_TARGET,cpu,CPU,TBD_PROFILE,local_gates,PLANNED
58c7b2f9c9c41c8dcfcb,synthetic_theory,mechanism_validation,elliptic_v2,node_classification,synthetic_source,synthetic_factorised_generalisation,coregraph_factorised_diagnostics,composite,0,DG_NO_TARGET,cpu,CPU,TBD_PROFILE,local_gates,PLANNED
8fdb549c214f84e3baf7,synthetic_theory,mechanism_validation,elliptic_v2,node_classification,synthetic_source,synthetic_factorised_generalisation,coregraph_factorised_diagnostics,composite,1,DG_NO_TARGET,cpu,CPU,TBD_PROFILE,local_gates,PLANNED
e2bb241774c1459f16c5,synthetic_theory,mechanism_validation,elliptic_v2,node_classification,synthetic_source,synthetic_factorised_generalisation,coregraph_factorised_diagnostics,composite,2,DG_NO_TARGET,cpu,CPU,TBD_PROFILE,local_gates,PLANNED
06902a3af70b589efd01,synthetic_theory,mechanism_validation,elliptic_v2,node_classification,synthetic_source,synthetic_factorised_generalisation,coregraph_factorised_diagnostics,composite,3,DG_NO_TARGET,cpu,CPU,TBD_PROFILE,local_gates,PLANNED
0bddf8656e69879272dc,synthetic_theory,mechanism_validation,elliptic_v2,node_classification,synthetic_source,synthetic_factorised_generalisation,coregraph_factorised_diagnostics,composite,4,DG_NO_TARGET,cpu,CPU,TBD_PROFILE,local_gates,PLANNED
2b01572918d411ed4b32,synthetic_theory,mechanism_validation,elliptic_v2,node_classification,synthetic_source,synthetic_factorised_generalisation,coregraph_factorised_diagnostics,composite,5,DG_NO_TARGET,cpu,CPU,TBD_PROFILE,local_gates,PLANNED
cd022db4363a3b483c67,synthetic_theory,mechanism_validation,elliptic_v2,node_classification,synthetic_source,synthetic_factorised_generalisation,coregraph_factorised_diagnostics,composite,6,DG_NO_TARGET,cpu,CPU,TBD_PROFILE,local_gates,PLANNED
206df7dcf2c980bdfdbb,synthetic_theory,mechanism_validation,elliptic_v2,node_classification,synthetic_source,synthetic_factorised_generalisation,coregraph_factorised_diagnostics,composite,7,DG_NO_TARGET,cpu,CPU,TBD_PROFILE,local_gates,PLANNED
94d4de5375b0914a7829,synthetic_theory,mechanism_validation,elliptic_v2,node_classification,synthetic_source,synthetic_factorised_generalisation,coregraph_factorised_diagnostics,composite,8,DG_NO_TARGET,cpu,CPU,TBD_PROFILE,local_gates,PLANNED
0c944ba3d40346e02b48,synthetic_theory,mechanism_validation,elliptic_v2,node_classification,synthetic_source,synthetic_factorised_generalisation,coregraph_factorised_diagnostics,composite,9,DG_NO_TARGET,cpu,CPU,TBD_PROFILE,local_gates,PLANNED
26b855643d4efc55034f,synthetic_theory,mechanism_validation,elliptic_v2,node_classification,synthetic_source,synthetic_interaction_breaks_factorisation,fixed_mixture,composite,0,DG_NO_TARGET,cpu,CPU,TBD_PROFILE,local_gates,PLANNED
0fe51de278d0bc4f0904,synthetic_theory,mechanism_validation,elliptic_v2,node_classification,synthetic_source,synthetic_interaction_breaks_factorisation,fixed_mixture,composite,1,DG_NO_TARGET,cpu,CPU,TBD_PROFILE,local_gates,PLANNED
77cd96f6a82d4184b002,synthetic_theory,mechanism_validation,elliptic_v2,node_classification,synthetic_source,synthetic_interaction_breaks_factorisation,fixed_mixture,composite,2,DG_NO_TARGET,cpu,CPU,TBD_PROFILE,local_gates,PLANNED
d999ae9ead5edf703257,synthetic_theory,mechanism_validation,elliptic_v2,node_classification,synthetic_source,synthetic_interaction_breaks_factorisation,fixed_mixture,composite,3,DG_NO_TARGET,cpu,CPU,TBD_PROFILE,local_gates,PLANNED
6ffe193acd493f1aaa95,synthetic_theory,mechanism_validation,elliptic_v2,node_classification,synthetic_source,synthetic_interaction_breaks_factorisation,fixed_mixture,composite,4,DG_NO_TARGET,cpu,CPU,TBD_PROFILE,local_gates,PLANNED
c10dfc19ddc4bbeb8fda,synthetic_theory,mechanism_validation,elliptic_v2,node_classification,synthetic_source,synthetic_interaction_breaks_factorisation,fixed_mixture,composite,5,DG_NO_TARGET,cpu,CPU,TBD_PROFILE,local_gates,PLANNED
7d48c72daf9da0c4fb90,synthetic_theory,mechanism_validation,elliptic_v2,node_classification,synthetic_source,synthetic_interaction_breaks_factorisation,fixed_mixture,composite,6,DG_NO_TARGET,cpu,CPU,TBD_PROFILE,local_gates,PLANNED
dc6767b2faffcbe5a2e2,synthetic_theory,mechanism_validation,elliptic_v2,node_classification,synthetic_source,synthetic_interaction_breaks_factorisation,fixed_mixture,composite,7,DG_NO_TARGET,cpu,CPU,TBD_PROFILE,local_gates,PLANNED
da3b4ac96c8131a648a2,synthetic_theory,mechanism_validation,elliptic_v2,node_classification,synthetic_source,synthetic_interaction_breaks_factorisation,fixed_mixture,composite,8,DG_NO_TARGET,cpu,CPU,TBD_PROFILE,local_gates,PLANNED
af498f31c369501afda5,synthetic_theory,mechanism_validation,elliptic_v2,node_classification,synthetic_source,synthetic_interaction_breaks_factorisation,fixed_mixture,composite,9,DG_NO_TARGET,cpu,CPU,TBD_PROFILE,local_gates,PLANNED
b152b1af4f8f4df63d94,synthetic_theory,mechanism_validation,elliptic_v2,node_classification,synthetic_source,synthetic_interaction_breaks_factorisation,coregraph_factorised_diagnostics,composite,0,DG_NO_TARGET,cpu,CPU,TBD_PROFILE,local_gates,PLANNED
73387327d8f208db611c,synthetic_theory,mechanism_validation,elliptic_v2,node_classification,synthetic_source,synthetic_interaction_breaks_factorisation,coregraph_factorised_diagnostics,composite,1,DG_NO_TARGET,cpu,CPU,TBD_PROFILE,local_gates,PLANNED
d23fbe994bb06e724f95,synthetic_theory,mechanism_validation,elliptic_v2,node_classification,synthetic_source,synthetic_interaction_breaks_factorisation,coregraph_factorised_diagnostics,composite,2,DG_NO_TARGET,cpu,CPU,TBD_PROFILE,local_gates,PLANNED
5f846d57c90a5fbc6c6d,synthetic_theory,mechanism_validation,elliptic_v2,node_classification,synthetic_source,synthetic_interaction_breaks_factorisation,coregraph_factorised_diagnostics,composite,3,DG_NO_TARGET,cpu,CPU,TBD_PROFILE,local_gates,PLANNED
cbbf0c35873ee8c0b7f3,synthetic_theory,mechanism_validation,elliptic_v2,node_classification,synthetic_source,synthetic_interaction_breaks_factorisation,coregraph_factorised_diagnostics,composite,4,DG_NO_TARGET,cpu,CPU,TBD_PROFILE,local_gates,PLANNED
cc8bb90aa2581594def3,synthetic_theory,mechanism_validation,elliptic_v2,node_classification,synthetic_source,synthetic_interaction_breaks_factorisation,coregraph_factorised_diagnostics,composite,5,DG_NO_TARGET,cpu,CPU,TBD_PROFILE,local_gates,PLANNED
fb7d1ae337026d816a1c,synthetic_theory,mechanism_validation,elliptic_v2,node_classification,synthetic_source,synthetic_interaction_breaks_factorisation,coregraph_factorised_diagnostics,composite,6,DG_NO_TARGET,cpu,CPU,TBD_PROFILE,local_gates,PLANNED
465098da2d13fa09bbe4,synthetic_theory,mechanism_validation,elliptic_v2,node_classification,synthetic_source,synthetic_interaction_breaks_factorisation,coregraph_factorised_diagnostics,composite,7,DG_NO_TARGET,cpu,CPU,TBD_PROFILE,local_gates,PLANNED
ac74a833006163ff53c0,synthetic_theory,mechanism_validation,elliptic_v2,node_classification,synthetic_source,synthetic_interaction_breaks_factorisation,coregraph_factorised_diagnostics,composite,8,DG_NO_TARGET,cpu,CPU,TBD_PROFILE,local_gates,PLANNED
7c64b15a25cd16fc13ca,synthetic_theory,mechanism_validation,elliptic_v2,node_classification,synthetic_source,synthetic_interaction_breaks_factorisation,coregraph_factorised_diagnostics,composite,9,DG_NO_TARGET,cpu,CPU,TBD_PROFILE,local_gates,PLANNED
49670018056f7556c7e9,synthetic_theory,mechanism_validation,elliptic_v2,node_classification,synthetic_source,synthetic_resource_mask,fixed_mixture,composite,0,DG_NO_TARGET,cpu,CPU,TBD_PROFILE,local_gates,PLANNED
be084ca88c4d048e3b30,synthetic_theory,mechanism_validation,elliptic_v2,node_classification,synthetic_source,synthetic_resource_mask,fixed_mixture,composite,1,DG_NO_TARGET,cpu,CPU,TBD_PROFILE,local_gates,PLANNED
e6b0f5ea91f1c6dbddab,synthetic_theory,mechanism_validation,elliptic_v2,node_classification,synthetic_source,synthetic_resource_mask,fixed_mixture,composite,2,DG_NO_TARGET,cpu,CPU,TBD_PROFILE,local_gates,PLANNED
c1ca21b3da1d1744cc4d,synthetic_theory,mechanism_validation,elliptic_v2,node_classification,synthetic_source,synthetic_resource_mask,fixed_mixture,composite,3,DG_NO_TARGET,cpu,CPU,TBD_PROFILE,local_gates,PLANNED
889a6a14f7623f42bc1a,synthetic_theory,mechanism_validation,elliptic_v2,node_classification,synthetic_source,synthetic_resource_mask,fixed_mixture,composite,4,DG_NO_TARGET,cpu,CPU,TBD_PROFILE,local_gates,PLANNED
c0e4b0536173ee69a47f,synthetic_theory,mechanism_validation,elliptic_v2,node_classification,synthetic_source,synthetic_resource_mask,fixed_mixture,composite,5,DG_NO_TARGET,cpu,CPU,TBD_PROFILE,local_gates,PLANNED
eae84525583ca3bc03b2,synthetic_theory,mechanism_validation,elliptic_v2,node_classification,synthetic_source,synthetic_resource_mask,fixed_mixture,composite,6,DG_NO_TARGET,cpu,CPU,TBD_PROFILE,local_gates,PLANNED
85ab33a65a418bd5509c,synthetic_theory,mechanism_validation,elliptic_v2,node_classification,synthetic_source,synthetic_resource_mask,fixed_mixture,composite,7,DG_NO_TARGET,cpu,CPU,TBD_PROFILE,local_gates,PLANNED
4d69796ef1a6bce7baa3,synthetic_theory,mechanism_validation,elliptic_v2,node_classification,synthetic_source,synthetic_resource_mask,fixed_mixture,composite,8,DG_NO_TARGET,cpu,CPU,TBD_PROFILE,local_gates,PLANNED
2979d7d0bb4071d65011,synthetic_theory,mechanism_validation,elliptic_v2,node_classification,synthetic_source,synthetic_resource_mask,fixed_mixture,composite,9,DG_NO_TARGET,cpu,CPU,TBD_PROFILE,local_gates,PLANNED
205e64d461f79859ad97,synthetic_theory,mechanism_validation,elliptic_v2,node_classification,synthetic_source,synthetic_resource_mask,coregraph_factorised_diagnostics,composite,0,DG_NO_TARGET,cpu,CPU,TBD_PROFILE,local_gates,PLANNED
98ef6acd3c5ef116369e,synthetic_theory,mechanism_validation,elliptic_v2,node_classification,synthetic_source,synthetic_resource_mask,coregraph_factorised_diagnostics,composite,1,DG_NO_TARGET,cpu,CPU,TBD_PROFILE,local_gates,PLANNED
7bf6b61f22816f4ae016,synthetic_theory,mechanism_validation,elliptic_v2,node_classification,synthetic_source,synthetic_resource_mask,coregraph_factorised_diagnostics,composite,2,DG_NO_TARGET,cpu,CPU,TBD_PROFILE,local_gates,PLANNED
f6abd70c6ec3863736c5,synthetic_theory,mechanism_validation,elliptic_v2,node_classification,synthetic_source,synthetic_resource_mask,coregraph_factorised_diagnostics,composite,3,DG_NO_TARGET,cpu,CPU,TBD_PROFILE,local_gates,PLANNED
dadfc6cf93d137c99056,synthetic_theory,mechanism_validation,elliptic_v2,node_classification,synthetic_source,synthetic_resource_mask,coregraph_factorised_diagnostics,composite,4,DG_NO_TARGET,cpu,CPU,TBD_PROFILE,local_gates,PLANNED
4e71dd4417f54e1b4282,synthetic_theory,mechanism_validation,elliptic_v2,node_classification,synthetic_source,synthetic_resource_mask,coregraph_factorised_diagnostics,composite,5,DG_NO_TARGET,cpu,CPU,TBD_PROFILE,local_gates,PLANNED
843b1b5b64a6e06a6783,synthetic_theory,mechanism_validation,elliptic_v2,node_classification,synthetic_source,synthetic_resource_mask,coregraph_factorised_diagnostics,composite,6,DG_NO_TARGET,cpu,CPU,TBD_PROFILE,local_gates,PLANNED
3f5b2e3bd4ff49794be3,synthetic_theory,mechanism_validation,elliptic_v2,node_classification,synthetic_source,synthetic_resource_mask,coregraph_factorised_diagnostics,composite,7,DG_NO_TARGET,cpu,CPU,TBD_PROFILE,local_gates,PLANNED
f36e41a301fad6745baf,synthetic_theory,mechanism_validation,elliptic_v2,node_classification,synthetic_source,synthetic_resource_mask,coregraph_factorised_diagnostics,composite,8,DG_NO_TARGET,cpu,CPU,TBD_PROFILE,local_gates,PLANNED
b1f174d675d5f85ea260,synthetic_theory,mechanism_validation,elliptic_v2,node_classification,synthetic_source,synthetic_resource_mask,coregraph_factorised_diagnostics,composite,9,DG_NO_TARGET,cpu,CPU,TBD_PROFILE,local_gates,PLANNED
96fd6e9cc84dac96731a,synthetic_theory,mechanism_validation,elliptic_v2,node_classification,synthetic_source,synthetic_budget_changes_expert,fixed_mixture,composite,0,DG_NO_TARGET,cpu,CPU,TBD_PROFILE,local_gates,PLANNED
2765e528d6e9ef3a5d53,synthetic_theory,mechanism_validation,elliptic_v2,node_classification,synthetic_source,synthetic_budget_changes_expert,fixed_mixture,composite,1,DG_NO_TARGET,cpu,CPU,TBD_PROFILE,local_gates,PLANNED
72b4bac07e05a85a36a1,synthetic_theory,mechanism_validation,elliptic_v2,node_classification,synthetic_source,synthetic_budget_changes_expert,fixed_mixture,composite,2,DG_NO_TARGET,cpu,CPU,TBD_PROFILE,local_gates,PLANNED
05efa3d0b2c5bddb8d41,synthetic_theory,mechanism_validation,elliptic_v2,node_classification,synthetic_source,synthetic_budget_changes_expert,fixed_mixture,composite,3,DG_NO_TARGET,cpu,CPU,TBD_PROFILE,local_gates,PLANNED
9c3b2d8615e9a2204666,synthetic_theory,mechanism_validation,elliptic_v2,node_classification,synthetic_source,synthetic_budget_changes_expert,fixed_mixture,composite,4,DG_NO_TARGET,cpu,CPU,TBD_PROFILE,local_gates,PLANNED
f5327645d25164171eff,synthetic_theory,mechanism_validation,elliptic_v2,node_classification,synthetic_source,synthetic_budget_changes_expert,fixed_mixture,composite,5,DG_NO_TARGET,cpu,CPU,TBD_PROFILE,local_gates,PLANNED
b37ca7a2c32c15577d6d,synthetic_theory,mechanism_validation,elliptic_v2,node_classification,synthetic_source,synthetic_budget_changes_expert,fixed_mixture,composite,6,DG_NO_TARGET,cpu,CPU,TBD_PROFILE,local_gates,PLANNED
7c984b928cb82916b704,synthetic_theory,mechanism_validation,elliptic_v2,node_classification,synthetic_source,synthetic_budget_changes_expert,fixed_mixture,composite,7,DG_NO_TARGET,cpu,CPU,TBD_PROFILE,local_gates,PLANNED
7e7ccf79e2b34cec5eed,synthetic_theory,mechanism_validation,elliptic_v2,node_classification,synthetic_source,synthetic_budget_changes_expert,fixed_mixture,composite,8,DG_NO_TARGET,cpu,CPU,TBD_PROFILE,local_gates,PLANNED
958dbb4e55f941739fa2,synthetic_theory,mechanism_validation,elliptic_v2,node_classification,synthetic_source,synthetic_budget_changes_expert,fixed_mixture,composite,9,DG_NO_TARGET,cpu,CPU,TBD_PROFILE,local_gates,PLANNED
48c1c084fecf56a819e0,synthetic_theory,mechanism_validation,elliptic_v2,node_classification,synthetic_source,synthetic_budget_changes_expert,coregraph_factorised_diagnostics,composite,0,DG_NO_TARGET,cpu,CPU,TBD_PROFILE,local_gates,PLANNED
6deabc28226d951528bc,synthetic_theory,mechanism_validation,elliptic_v2,node_classification,synthetic_source,synthetic_budget_changes_expert,coregraph_factorised_diagnostics,composite,1,DG_NO_TARGET,cpu,CPU,TBD_PROFILE,local_gates,PLANNED
ef64e3d2d286c143e99e,synthetic_theory,mechanism_validation,elliptic_v2,node_classification,synthetic_source,synthetic_budget_changes_expert,coregraph_factorised_diagnostics,composite,2,DG_NO_TARGET,cpu,CPU,TBD_PROFILE,local_gates,PLANNED
c8c4487a583e3403251f,synthetic_theory,mechanism_validation,elliptic_v2,node_classification,synthetic_source,synthetic_budget_changes_expert,coregraph_factorised_diagnostics,composite,3,DG_NO_TARGET,cpu,CPU,TBD_PROFILE,local_gates,PLANNED
42c8fa3ebf74438af483,synthetic_theory,mechanism_validation,elliptic_v2,node_classification,synthetic_source,synthetic_budget_changes_expert,coregraph_factorised_diagnostics,composite,4,DG_NO_TARGET,cpu,CPU,TBD_PROFILE,local_gates,PLANNED
1ca09c3a1df18e36169e,synthetic_theory,mechanism_validation,elliptic_v2,node_classification,synthetic_source,synthetic_budget_changes_expert,coregraph_factorised_diagnostics,composite,5,DG_NO_TARGET,cpu,CPU,TBD_PROFILE,local_gates,PLANNED
c43445da13e5d0400aa6,synthetic_theory,mechanism_validation,elliptic_v2,node_classification,synthetic_source,synthetic_budget_changes_expert,coregraph_factorised_diagnostics,composite,6,DG_NO_TARGET,cpu,CPU,TBD_PROFILE,local_gates,PLANNED
bd11c7d20e0c82b40acf,synthetic_theory,mechanism_validation,elliptic_v2,node_classification,synthetic_source,synthetic_budget_changes_expert,coregraph_factorised_diagnostics,composite,7,DG_NO_TARGET,cpu,CPU,TBD_PROFILE,local_gates,PLANNED
14e418a4b25fce2e1f3e,synthetic_theory,mechanism_validation,elliptic_v2,node_classification,synthetic_source,synthetic_budget_changes_expert,coregraph_factorised_diagnostics,composite,8,DG_NO_TARGET,cpu,CPU,TBD_PROFILE,local_gates,PLANNED
f6d95fcb87b005320bfc,synthetic_theory,mechanism_validation,elliptic_v2,node_classification,synthetic_source,synthetic_budget_changes_expert,coregraph_factorised_diagnostics,composite,9,DG_NO_TARGET,cpu,CPU,TBD_PROFILE,local_gates,PLANNED
f82cb5433037ce566e9b,resource,budget_resource,elliptic_v2,node_classification,historical_transductive_full,future_budget_topk,coregraph_factorised_diagnostics,budget_composite,0,DG_NO_TARGET,cpu,CPU,TBD_PROFILE,hardware_profile,PLANNED
eee0383ad0407715197d,resource,budget_resource,elliptic_v2,node_classification,historical_transductive_full,future_budget_topk,coregraph_factorised_diagnostics,budget_composite,1,DG_NO_TARGET,cpu,CPU,TBD_PROFILE,hardware_profile,PLANNED
afc911d1ad4b175c4731,resource,budget_resource,elliptic_v2,node_classification,historical_transductive_full,future_budget_topk,coregraph_factorised_diagnostics,budget_composite,2,DG_NO_TARGET,cpu,CPU,TBD_PROFILE,hardware_profile,PLANNED
dc0fadbd94ad2794335c,resource,budget_resource,elliptic_v2,node_classification,historical_transductive_full,future_budget_topk,coregraph_factorised_diagnostics,budget_composite,3,DG_NO_TARGET,cpu,CPU,TBD_PROFILE,hardware_profile,PLANNED
d6161aae55a1ad35dbc6,resource,budget_resource,elliptic_v2,node_classification,historical_transductive_full,future_budget_topk,coregraph_factorised_diagnostics,budget_composite,4,DG_NO_TARGET,cpu,CPU,TBD_PROFILE,hardware_profile,PLANNED
f82cb5433037ce566e9b,resource,budget_resource,elliptic_v2,node_classification,historical_transductive_full,future_budget_topk,coregraph_factorised_diagnostics,budget_composite,0,DG_NO_TARGET,single_t4,T4_16GB,TBD_PROFILE,hardware_profile,PLANNED
eee0383ad0407715197d,resource,budget_resource,elliptic_v2,node_classification,historical_transductive_full,future_budget_topk,coregraph_factorised_diagnostics,budget_composite,1,DG_NO_TARGET,single_t4,T4_16GB,TBD_PROFILE,hardware_profile,PLANNED
afc911d1ad4b175c4731,resource,budget_resource,elliptic_v2,node_classification,historical_transductive_full,future_budget_topk,coregraph_factorised_diagnostics,budget_composite,2,DG_NO_TARGET,single_t4,T4_16GB,TBD_PROFILE,hardware_profile,PLANNED
dc0fadbd94ad2794335c,resource,budget_resource,elliptic_v2,node_classification,historical_transductive_full,future_budget_topk,coregraph_factorised_diagnostics,budget_composite,3,DG_NO_TARGET,single_t4,T4_16GB,TBD_PROFILE,hardware_profile,PLANNED
d6161aae55a1ad35dbc6,resource,budget_resource,elliptic_v2,node_classification,historical_transductive_full,future_budget_topk,coregraph_factorised_diagnostics,budget_composite,4,DG_NO_TARGET,single_t4,T4_16GB,TBD_PROFILE,hardware_profile,PLANNED
f82cb5433037ce566e9b,resource,budget_resource,elliptic_v2,node_classification,historical_transductive_full,future_budget_topk,coregraph_factorised_diagnostics,budget_composite,0,DG_NO_TARGET,dual_t4,T4_16GB,TBD_PROFILE,hardware_profile,PLANNED
eee0383ad0407715197d,resource,budget_resource,elliptic_v2,node_classification,historical_transductive_full,future_budget_topk,coregraph_factorised_diagnostics,budget_composite,1,DG_NO_TARGET,dual_t4,T4_16GB,TBD_PROFILE,hardware_profile,PLANNED
afc911d1ad4b175c4731,resource,budget_resource,elliptic_v2,node_classification,historical_transductive_full,future_budget_topk,coregraph_factorised_diagnostics,budget_composite,2,DG_NO_TARGET,dual_t4,T4_16GB,TBD_PROFILE,hardware_profile,PLANNED
dc0fadbd94ad2794335c,resource,budget_resource,elliptic_v2,node_classification,historical_transductive_full,future_budget_topk,coregraph_factorised_diagnostics,budget_composite,3,DG_NO_TARGET,dual_t4,T4_16GB,TBD_PROFILE,hardware_profile,PLANNED
d6161aae55a1ad35dbc6,resource,budget_resource,elliptic_v2,node_classification,historical_transductive_full,future_budget_topk,coregraph_factorised_diagnostics,budget_composite,4,DG_NO_TARGET,dual_t4,T4_16GB,TBD_PROFILE,hardware_profile,PLANNED
251bf1d9b56d471b1527,resource,budget_resource,elliptic_v2,node_classification,historical_transductive_full,future_resource_limited,coregraph_factorised_diagnostics,budget_composite,0,DG_NO_TARGET,cpu,CPU,TBD_PROFILE,hardware_profile,PLANNED
410aa95d2ce8d36d1ef8,resource,budget_resource,elliptic_v2,node_classification,historical_transductive_full,future_resource_limited,coregraph_factorised_diagnostics,budget_composite,1,DG_NO_TARGET,cpu,CPU,TBD_PROFILE,hardware_profile,PLANNED
e296e6fad051cff6425f,resource,budget_resource,elliptic_v2,node_classification,historical_transductive_full,future_resource_limited,coregraph_factorised_diagnostics,budget_composite,2,DG_NO_TARGET,cpu,CPU,TBD_PROFILE,hardware_profile,PLANNED
8718ac859b09c6dea927,resource,budget_resource,elliptic_v2,node_classification,historical_transductive_full,future_resource_limited,coregraph_factorised_diagnostics,budget_composite,3,DG_NO_TARGET,cpu,CPU,TBD_PROFILE,hardware_profile,PLANNED
57edc89ec1b49d1fbc0a,resource,budget_resource,elliptic_v2,node_classification,historical_transductive_full,future_resource_limited,coregraph_factorised_diagnostics,budget_composite,4,DG_NO_TARGET,cpu,CPU,TBD_PROFILE,hardware_profile,PLANNED
251bf1d9b56d471b1527,resource,budget_resource,elliptic_v2,node_classification,historical_transductive_full,future_resource_limited,coregraph_factorised_diagnostics,budget_composite,0,DG_NO_TARGET,single_t4,T4_16GB,TBD_PROFILE,hardware_profile,PLANNED
410aa95d2ce8d36d1ef8,resource,budget_resource,elliptic_v2,node_classification,historical_transductive_full,future_resource_limited,coregraph_factorised_diagnostics,budget_composite,1,DG_NO_TARGET,single_t4,T4_16GB,TBD_PROFILE,hardware_profile,PLANNED
e296e6fad051cff6425f,resource,budget_resource,elliptic_v2,node_classification,historical_transductive_full,future_resource_limited,coregraph_factorised_diagnostics,budget_composite,2,DG_NO_TARGET,single_t4,T4_16GB,TBD_PROFILE,hardware_profile,PLANNED
8718ac859b09c6dea927,resource,budget_resource,elliptic_v2,node_classification,historical_transductive_full,future_resource_limited,coregraph_factorised_diagnostics,budget_composite,3,DG_NO_TARGET,single_t4,T4_16GB,TBD_PROFILE,hardware_profile,PLANNED
57edc89ec1b49d1fbc0a,resource,budget_resource,elliptic_v2,node_classification,historical_transductive_full,future_resource_limited,coregraph_factorised_diagnostics,budget_composite,4,DG_NO_TARGET,single_t4,T4_16GB,TBD_PROFILE,hardware_profile,PLANNED
251bf1d9b56d471b1527,resource,budget_resource,elliptic_v2,node_classification,historical_transductive_full,future_resource_limited,coregraph_factorised_diagnostics,budget_composite,0,DG_NO_TARGET,dual_t4,T4_16GB,TBD_PROFILE,hardware_profile,PLANNED
410aa95d2ce8d36d1ef8,resource,budget_resource,elliptic_v2,node_classification,historical_transductive_full,future_resource_limited,coregraph_factorised_diagnostics,budget_composite,1,DG_NO_TARGET,dual_t4,T4_16GB,TBD_PROFILE,hardware_profile,PLANNED
e296e6fad051cff6425f,resource,budget_resource,elliptic_v2,node_classification,historical_transductive_full,future_resource_limited,coregraph_factorised_diagnostics,budget_composite,2,DG_NO_TARGET,dual_t4,T4_16GB,TBD_PROFILE,hardware_profile,PLANNED
8718ac859b09c6dea927,resource,budget_resource,elliptic_v2,node_classification,historical_transductive_full,future_resource_limited,coregraph_factorised_diagnostics,budget_composite,3,DG_NO_TARGET,dual_t4,T4_16GB,TBD_PROFILE,hardware_profile,PLANNED
57edc89ec1b49d1fbc0a,resource,budget_resource,elliptic_v2,node_classification,historical_transductive_full,future_resource_limited,coregraph_factorised_diagnostics,budget_composite,4,DG_NO_TARGET,dual_t4,T4_16GB,TBD_PROFILE,hardware_profile,PLANNED
4571c00ab20603cc7c2d,resource,budget_resource,elliptic_v2,node_classification,historical_transductive_full,future_latency_cap,coregraph_factorised_diagnostics,budget_composite,0,DG_NO_TARGET,cpu,CPU,TBD_PROFILE,hardware_profile,PLANNED
86f7f981bb991bdba400,resource,budget_resource,elliptic_v2,node_classification,historical_transductive_full,future_latency_cap,coregraph_factorised_diagnostics,budget_composite,1,DG_NO_TARGET,cpu,CPU,TBD_PROFILE,hardware_profile,PLANNED
befe64a04ebc03528ec0,resource,budget_resource,elliptic_v2,node_classification,historical_transductive_full,future_latency_cap,coregraph_factorised_diagnostics,budget_composite,2,DG_NO_TARGET,cpu,CPU,TBD_PROFILE,hardware_profile,PLANNED
7a003b7c4f01fb9ad3b0,resource,budget_resource,elliptic_v2,node_classification,historical_transductive_full,future_latency_cap,coregraph_factorised_diagnostics,budget_composite,3,DG_NO_TARGET,cpu,CPU,TBD_PROFILE,hardware_profile,PLANNED
2bc72e923438a5c6109b,resource,budget_resource,elliptic_v2,node_classification,historical_transductive_full,future_latency_cap,coregraph_factorised_diagnostics,budget_composite,4,DG_NO_TARGET,cpu,CPU,TBD_PROFILE,hardware_profile,PLANNED
4571c00ab20603cc7c2d,resource,budget_resource,elliptic_v2,node_classification,historical_transductive_full,future_latency_cap,coregraph_factorised_diagnostics,budget_composite,0,DG_NO_TARGET,single_t4,T4_16GB,TBD_PROFILE,hardware_profile,PLANNED
86f7f981bb991bdba400,resource,budget_resource,elliptic_v2,node_classification,historical_transductive_full,future_latency_cap,coregraph_factorised_diagnostics,budget_composite,1,DG_NO_TARGET,single_t4,T4_16GB,TBD_PROFILE,hardware_profile,PLANNED
befe64a04ebc03528ec0,resource,budget_resource,elliptic_v2,node_classification,historical_transductive_full,future_latency_cap,coregraph_factorised_diagnostics,budget_composite,2,DG_NO_TARGET,single_t4,T4_16GB,TBD_PROFILE,hardware_profile,PLANNED
7a003b7c4f01fb9ad3b0,resource,budget_resource,elliptic_v2,node_classification,historical_transductive_full,future_latency_cap,coregraph_factorised_diagnostics,budget_composite,3,DG_NO_TARGET,single_t4,T4_16GB,TBD_PROFILE,hardware_profile,PLANNED
2bc72e923438a5c6109b,resource,budget_resource,elliptic_v2,node_classification,historical_transductive_full,future_latency_cap,coregraph_factorised_diagnostics,budget_composite,4,DG_NO_TARGET,single_t4,T4_16GB,TBD_PROFILE,hardware_profile,PLANNED
4571c00ab20603cc7c2d,resource,budget_resource,elliptic_v2,node_classification,historical_transductive_full,future_latency_cap,coregraph_factorised_diagnostics,budget_composite,0,DG_NO_TARGET,dual_t4,T4_16GB,TBD_PROFILE,hardware_profile,PLANNED
86f7f981bb991bdba400,resource,budget_resource,elliptic_v2,node_classification,historical_transductive_full,future_latency_cap,coregraph_factorised_diagnostics,budget_composite,1,DG_NO_TARGET,dual_t4,T4_16GB,TBD_PROFILE,hardware_profile,PLANNED
befe64a04ebc03528ec0,resource,budget_resource,elliptic_v2,node_classification,historical_transductive_full,future_latency_cap,coregraph_factorised_diagnostics,budget_composite,2,DG_NO_TARGET,dual_t4,T4_16GB,TBD_PROFILE,hardware_profile,PLANNED
7a003b7c4f01fb9ad3b0,resource,budget_resource,elliptic_v2,node_classification,historical_transductive_full,future_latency_cap,coregraph_factorised_diagnostics,budget_composite,3,DG_NO_TARGET,dual_t4,T4_16GB,TBD_PROFILE,hardware_profile,PLANNED
2bc72e923438a5c6109b,resource,budget_resource,elliptic_v2,node_classification,historical_transductive_full,future_latency_cap,coregraph_factorised_diagnostics,budget_composite,4,DG_NO_TARGET,dual_t4,T4_16GB,TBD_PROFILE,hardware_profile,PLANNED
aa8c54d08ecf147cfa96,resource,budget_resource,dgraphfin_v2,transaction_classification,historical_transductive_full,future_budget_topk,coregraph_factorised_diagnostics,budget_composite,0,DG_NO_TARGET,cpu,CPU,TBD_PROFILE,hardware_profile,PLANNED
2cc4dd00c147e73e2fce,resource,budget_resource,dgraphfin_v2,transaction_classification,historical_transductive_full,future_budget_topk,coregraph_factorised_diagnostics,budget_composite,1,DG_NO_TARGET,cpu,CPU,TBD_PROFILE,hardware_profile,PLANNED
e1555046eb95f11dc42f,resource,budget_resource,dgraphfin_v2,transaction_classification,historical_transductive_full,future_budget_topk,coregraph_factorised_diagnostics,budget_composite,2,DG_NO_TARGET,cpu,CPU,TBD_PROFILE,hardware_profile,PLANNED
723c9cd601fd177dc457,resource,budget_resource,dgraphfin_v2,transaction_classification,historical_transductive_full,future_budget_topk,coregraph_factorised_diagnostics,budget_composite,3,DG_NO_TARGET,cpu,CPU,TBD_PROFILE,hardware_profile,PLANNED
1bd54f4d9ae194b1bb8f,resource,budget_resource,dgraphfin_v2,transaction_classification,historical_transductive_full,future_budget_topk,coregraph_factorised_diagnostics,budget_composite,4,DG_NO_TARGET,cpu,CPU,TBD_PROFILE,hardware_profile,PLANNED
aa8c54d08ecf147cfa96,resource,budget_resource,dgraphfin_v2,transaction_classification,historical_transductive_full,future_budget_topk,coregraph_factorised_diagnostics,budget_composite,0,DG_NO_TARGET,single_t4,T4_16GB,TBD_PROFILE,hardware_profile,PLANNED
2cc4dd00c147e73e2fce,resource,budget_resource,dgraphfin_v2,transaction_classification,historical_transductive_full,future_budget_topk,coregraph_factorised_diagnostics,budget_composite,1,DG_NO_TARGET,single_t4,T4_16GB,TBD_PROFILE,hardware_profile,PLANNED
e1555046eb95f11dc42f,resource,budget_resource,dgraphfin_v2,transaction_classification,historical_transductive_full,future_budget_topk,coregraph_factorised_diagnostics,budget_composite,2,DG_NO_TARGET,single_t4,T4_16GB,TBD_PROFILE,hardware_profile,PLANNED
723c9cd601fd177dc457,resource,budget_resource,dgraphfin_v2,transaction_classification,historical_transductive_full,future_budget_topk,coregraph_factorised_diagnostics,budget_composite,3,DG_NO_TARGET,single_t4,T4_16GB,TBD_PROFILE,hardware_profile,PLANNED
1bd54f4d9ae194b1bb8f,resource,budget_resource,dgraphfin_v2,transaction_classification,historical_transductive_full,future_budget_topk,coregraph_factorised_diagnostics,budget_composite,4,DG_NO_TARGET,single_t4,T4_16GB,TBD_PROFILE,hardware_profile,PLANNED
aa8c54d08ecf147cfa96,resource,budget_resource,dgraphfin_v2,transaction_classification,historical_transductive_full,future_budget_topk,coregraph_factorised_diagnostics,budget_composite,0,DG_NO_TARGET,dual_t4,T4_16GB,TBD_PROFILE,hardware_profile,PLANNED
2cc4dd00c147e73e2fce,resource,budget_resource,dgraphfin_v2,transaction_classification,historical_transductive_full,future_budget_topk,coregraph_factorised_diagnostics,budget_composite,1,DG_NO_TARGET,dual_t4,T4_16GB,TBD_PROFILE,hardware_profile,PLANNED
e1555046eb95f11dc42f,resource,budget_resource,dgraphfin_v2,transaction_classification,historical_transductive_full,future_budget_topk,coregraph_factorised_diagnostics,budget_composite,2,DG_NO_TARGET,dual_t4,T4_16GB,TBD_PROFILE,hardware_profile,PLANNED
723c9cd601fd177dc457,resource,budget_resource,dgraphfin_v2,transaction_classification,historical_transductive_full,future_budget_topk,coregraph_factorised_diagnostics,budget_composite,3,DG_NO_TARGET,dual_t4,T4_16GB,TBD_PROFILE,hardware_profile,PLANNED
1bd54f4d9ae194b1bb8f,resource,budget_resource,dgraphfin_v2,transaction_classification,historical_transductive_full,future_budget_topk,coregraph_factorised_diagnostics,budget_composite,4,DG_NO_TARGET,dual_t4,T4_16GB,TBD_PROFILE,hardware_profile,PLANNED
3318cfe566f3dfdfc4de,resource,budget_resource,dgraphfin_v2,transaction_classification,historical_transductive_full,future_resource_limited,coregraph_factorised_diagnostics,budget_composite,0,DG_NO_TARGET,cpu,CPU,TBD_PROFILE,hardware_profile,PLANNED
5765d1b3b284c2efa8a0,resource,budget_resource,dgraphfin_v2,transaction_classification,historical_transductive_full,future_resource_limited,coregraph_factorised_diagnostics,budget_composite,1,DG_NO_TARGET,cpu,CPU,TBD_PROFILE,hardware_profile,PLANNED
27f6ccdb50e314c3d6fc,resource,budget_resource,dgraphfin_v2,transaction_classification,historical_transductive_full,future_resource_limited,coregraph_factorised_diagnostics,budget_composite,2,DG_NO_TARGET,cpu,CPU,TBD_PROFILE,hardware_profile,PLANNED
fbfd16a92097a957edb7,resource,budget_resource,dgraphfin_v2,transaction_classification,historical_transductive_full,future_resource_limited,coregraph_factorised_diagnostics,budget_composite,3,DG_NO_TARGET,cpu,CPU,TBD_PROFILE,hardware_profile,PLANNED
6c74ae8f0e17569b3bc3,resource,budget_resource,dgraphfin_v2,transaction_classification,historical_transductive_full,future_resource_limited,coregraph_factorised_diagnostics,budget_composite,4,DG_NO_TARGET,cpu,CPU,TBD_PROFILE,hardware_profile,PLANNED
3318cfe566f3dfdfc4de,resource,budget_resource,dgraphfin_v2,transaction_classification,historical_transductive_full,future_resource_limited,coregraph_factorised_diagnostics,budget_composite,0,DG_NO_TARGET,single_t4,T4_16GB,TBD_PROFILE,hardware_profile,PLANNED
5765d1b3b284c2efa8a0,resource,budget_resource,dgraphfin_v2,transaction_classification,historical_transductive_full,future_resource_limited,coregraph_factorised_diagnostics,budget_composite,1,DG_NO_TARGET,single_t4,T4_16GB,TBD_PROFILE,hardware_profile,PLANNED
27f6ccdb50e314c3d6fc,resource,budget_resource,dgraphfin_v2,transaction_classification,historical_transductive_full,future_resource_limited,coregraph_factorised_diagnostics,budget_composite,2,DG_NO_TARGET,single_t4,T4_16GB,TBD_PROFILE,hardware_profile,PLANNED
fbfd16a92097a957edb7,resource,budget_resource,dgraphfin_v2,transaction_classification,historical_transductive_full,future_resource_limited,coregraph_factorised_diagnostics,budget_composite,3,DG_NO_TARGET,single_t4,T4_16GB,TBD_PROFILE,hardware_profile,PLANNED
6c74ae8f0e17569b3bc3,resource,budget_resource,dgraphfin_v2,transaction_classification,historical_transductive_full,future_resource_limited,coregraph_factorised_diagnostics,budget_composite,4,DG_NO_TARGET,single_t4,T4_16GB,TBD_PROFILE,hardware_profile,PLANNED
3318cfe566f3dfdfc4de,resource,budget_resource,dgraphfin_v2,transaction_classification,historical_transductive_full,future_resource_limited,coregraph_factorised_diagnostics,budget_composite,0,DG_NO_TARGET,dual_t4,T4_16GB,TBD_PROFILE,hardware_profile,PLANNED
5765d1b3b284c2efa8a0,resource,budget_resource,dgraphfin_v2,transaction_classification,historical_transductive_full,future_resource_limited,coregraph_factorised_diagnostics,budget_composite,1,DG_NO_TARGET,dual_t4,T4_16GB,TBD_PROFILE,hardware_profile,PLANNED
27f6ccdb50e314c3d6fc,resource,budget_resource,dgraphfin_v2,transaction_classification,historical_transductive_full,future_resource_limited,coregraph_factorised_diagnostics,budget_composite,2,DG_NO_TARGET,dual_t4,T4_16GB,TBD_PROFILE,hardware_profile,PLANNED
fbfd16a92097a957edb7,resource,budget_resource,dgraphfin_v2,transaction_classification,historical_transductive_full,future_resource_limited,coregraph_factorised_diagnostics,budget_composite,3,DG_NO_TARGET,dual_t4,T4_16GB,TBD_PROFILE,hardware_profile,PLANNED
6c74ae8f0e17569b3bc3,resource,budget_resource,dgraphfin_v2,transaction_classification,historical_transductive_full,future_resource_limited,coregraph_factorised_diagnostics,budget_composite,4,DG_NO_TARGET,dual_t4,T4_16GB,TBD_PROFILE,hardware_profile,PLANNED
e0a9eabc171bc1798f74,resource,budget_resource,dgraphfin_v2,transaction_classification,historical_transductive_full,future_latency_cap,coregraph_factorised_diagnostics,budget_composite,0,DG_NO_TARGET,cpu,CPU,TBD_PROFILE,hardware_profile,PLANNED
7ec59abb9641abb638a8,resource,budget_resource,dgraphfin_v2,transaction_classification,historical_transductive_full,future_latency_cap,coregraph_factorised_diagnostics,budget_composite,1,DG_NO_TARGET,cpu,CPU,TBD_PROFILE,hardware_profile,PLANNED
abcbf6f44d4c195c6711,resource,budget_resource,dgraphfin_v2,transaction_classification,historical_transductive_full,future_latency_cap,coregraph_factorised_diagnostics,budget_composite,2,DG_NO_TARGET,cpu,CPU,TBD_PROFILE,hardware_profile,PLANNED
cd2a6052e9f9d195181a,resource,budget_resource,dgraphfin_v2,transaction_classification,historical_transductive_full,future_latency_cap,coregraph_factorised_diagnostics,budget_composite,3,DG_NO_TARGET,cpu,CPU,TBD_PROFILE,hardware_profile,PLANNED
4e53b24dbb4ba784fb92,resource,budget_resource,dgraphfin_v2,transaction_classification,historical_transductive_full,future_latency_cap,coregraph_factorised_diagnostics,budget_composite,4,DG_NO_TARGET,cpu,CPU,TBD_PROFILE,hardware_profile,PLANNED
e0a9eabc171bc1798f74,resource,budget_resource,dgraphfin_v2,transaction_classification,historical_transductive_full,future_latency_cap,coregraph_factorised_diagnostics,budget_composite,0,DG_NO_TARGET,single_t4,T4_16GB,TBD_PROFILE,hardware_profile,PLANNED
7ec59abb9641abb638a8,resource,budget_resource,dgraphfin_v2,transaction_classification,historical_transductive_full,future_latency_cap,coregraph_factorised_diagnostics,budget_composite,1,DG_NO_TARGET,single_t4,T4_16GB,TBD_PROFILE,hardware_profile,PLANNED
abcbf6f44d4c195c6711,resource,budget_resource,dgraphfin_v2,transaction_classification,historical_transductive_full,future_latency_cap,coregraph_factorised_diagnostics,budget_composite,2,DG_NO_TARGET,single_t4,T4_16GB,TBD_PROFILE,hardware_profile,PLANNED
cd2a6052e9f9d195181a,resource,budget_resource,dgraphfin_v2,transaction_classification,historical_transductive_full,future_latency_cap,coregraph_factorised_diagnostics,budget_composite,3,DG_NO_TARGET,single_t4,T4_16GB,TBD_PROFILE,hardware_profile,PLANNED
4e53b24dbb4ba784fb92,resource,budget_resource,dgraphfin_v2,transaction_classification,historical_transductive_full,future_latency_cap,coregraph_factorised_diagnostics,budget_composite,4,DG_NO_TARGET,single_t4,T4_16GB,TBD_PROFILE,hardware_profile,PLANNED
e0a9eabc171bc1798f74,resource,budget_resource,dgraphfin_v2,transaction_classification,historical_transductive_full,future_latency_cap,coregraph_factorised_diagnostics,budget_composite,0,DG_NO_TARGET,dual_t4,T4_16GB,TBD_PROFILE,hardware_profile,PLANNED
7ec59abb9641abb638a8,resource,budget_resource,dgraphfin_v2,transaction_classification,historical_transductive_full,future_latency_cap,coregraph_factorised_diagnostics,budget_composite,1,DG_NO_TARGET,dual_t4,T4_16GB,TBD_PROFILE,hardware_profile,PLANNED
abcbf6f44d4c195c6711,resource,budget_resource,dgraphfin_v2,transaction_classification,historical_transductive_full,future_latency_cap,coregraph_factorised_diagnostics,budget_composite,2,DG_NO_TARGET,dual_t4,T4_16GB,TBD_PROFILE,hardware_profile,PLANNED
cd2a6052e9f9d195181a,resource,budget_resource,dgraphfin_v2,transaction_classification,historical_transductive_full,future_latency_cap,coregraph_factorised_diagnostics,budget_composite,3,DG_NO_TARGET,dual_t4,T4_16GB,TBD_PROFILE,hardware_profile,PLANNED
4e53b24dbb4ba784fb92,resource,budget_resource,dgraphfin_v2,transaction_classification,historical_transductive_full,future_latency_cap,coregraph_factorised_diagnostics,budget_composite,4,DG_NO_TARGET,dual_t4,T4_16GB,TBD_PROFILE,hardware_profile,PLANNED
e56f831707d3c3863064,resource,budget_resource,ibm_aml_medium,transaction_classification,historical_transductive_full,future_budget_topk,coregraph_factorised_diagnostics,budget_composite,0,DG_NO_TARGET,cpu,CPU,TBD_PROFILE,hardware_profile,PLANNED
f3653e1258595c7e00cb,resource,budget_resource,ibm_aml_medium,transaction_classification,historical_transductive_full,future_budget_topk,coregraph_factorised_diagnostics,budget_composite,1,DG_NO_TARGET,cpu,CPU,TBD_PROFILE,hardware_profile,PLANNED
f91a6e60bc780aca68bc,resource,budget_resource,ibm_aml_medium,transaction_classification,historical_transductive_full,future_budget_topk,coregraph_factorised_diagnostics,budget_composite,2,DG_NO_TARGET,cpu,CPU,TBD_PROFILE,hardware_profile,PLANNED
f2647125ff0f14d87fef,resource,budget_resource,ibm_aml_medium,transaction_classification,historical_transductive_full,future_budget_topk,coregraph_factorised_diagnostics,budget_composite,3,DG_NO_TARGET,cpu,CPU,TBD_PROFILE,hardware_profile,PLANNED
1532c9c8fc89fcce76ae,resource,budget_resource,ibm_aml_medium,transaction_classification,historical_transductive_full,future_budget_topk,coregraph_factorised_diagnostics,budget_composite,4,DG_NO_TARGET,cpu,CPU,TBD_PROFILE,hardware_profile,PLANNED
e56f831707d3c3863064,resource,budget_resource,ibm_aml_medium,transaction_classification,historical_transductive_full,future_budget_topk,coregraph_factorised_diagnostics,budget_composite,0,DG_NO_TARGET,single_t4,T4_16GB,TBD_PROFILE,hardware_profile,PLANNED
f3653e1258595c7e00cb,resource,budget_resource,ibm_aml_medium,transaction_classification,historical_transductive_full,future_budget_topk,coregraph_factorised_diagnostics,budget_composite,1,DG_NO_TARGET,single_t4,T4_16GB,TBD_PROFILE,hardware_profile,PLANNED
f91a6e60bc780aca68bc,resource,budget_resource,ibm_aml_medium,transaction_classification,historical_transductive_full,future_budget_topk,coregraph_factorised_diagnostics,budget_composite,2,DG_NO_TARGET,single_t4,T4_16GB,TBD_PROFILE,hardware_profile,PLANNED
f2647125ff0f14d87fef,resource,budget_resource,ibm_aml_medium,transaction_classification,historical_transductive_full,future_budget_topk,coregraph_factorised_diagnostics,budget_composite,3,DG_NO_TARGET,single_t4,T4_16GB,TBD_PROFILE,hardware_profile,PLANNED
1532c9c8fc89fcce76ae,resource,budget_resource,ibm_aml_medium,transaction_classification,historical_transductive_full,future_budget_topk,coregraph_factorised_diagnostics,budget_composite,4,DG_NO_TARGET,single_t4,T4_16GB,TBD_PROFILE,hardware_profile,PLANNED
e56f831707d3c3863064,resource,budget_resource,ibm_aml_medium,transaction_classification,historical_transductive_full,future_budget_topk,coregraph_factorised_diagnostics,budget_composite,0,DG_NO_TARGET,dual_t4,T4_16GB,TBD_PROFILE,hardware_profile,PLANNED
f3653e1258595c7e00cb,resource,budget_resource,ibm_aml_medium,transaction_classification,historical_transductive_full,future_budget_topk,coregraph_factorised_diagnostics,budget_composite,1,DG_NO_TARGET,dual_t4,T4_16GB,TBD_PROFILE,hardware_profile,PLANNED
f91a6e60bc780aca68bc,resource,budget_resource,ibm_aml_medium,transaction_classification,historical_transductive_full,future_budget_topk,coregraph_factorised_diagnostics,budget_composite,2,DG_NO_TARGET,dual_t4,T4_16GB,TBD_PROFILE,hardware_profile,PLANNED
f2647125ff0f14d87fef,resource,budget_resource,ibm_aml_medium,transaction_classification,historical_transductive_full,future_budget_topk,coregraph_factorised_diagnostics,budget_composite,3,DG_NO_TARGET,dual_t4,T4_16GB,TBD_PROFILE,hardware_profile,PLANNED
1532c9c8fc89fcce76ae,resource,budget_resource,ibm_aml_medium,transaction_classification,historical_transductive_full,future_budget_topk,coregraph_factorised_diagnostics,budget_composite,4,DG_NO_TARGET,dual_t4,T4_16GB,TBD_PROFILE,hardware_profile,PLANNED
09c923a104adf42d52ec,resource,budget_resource,ibm_aml_medium,transaction_classification,historical_transductive_full,future_resource_limited,coregraph_factorised_diagnostics,budget_composite,0,DG_NO_TARGET,cpu,CPU,TBD_PROFILE,hardware_profile,PLANNED
1d77516b118531a2ae08,resource,budget_resource,ibm_aml_medium,transaction_classification,historical_transductive_full,future_resource_limited,coregraph_factorised_diagnostics,budget_composite,1,DG_NO_TARGET,cpu,CPU,TBD_PROFILE,hardware_profile,PLANNED
6536580e4b5d76696d52,resource,budget_resource,ibm_aml_medium,transaction_classification,historical_transductive_full,future_resource_limited,coregraph_factorised_diagnostics,budget_composite,2,DG_NO_TARGET,cpu,CPU,TBD_PROFILE,hardware_profile,PLANNED
e392267c5e82957cda31,resource,budget_resource,ibm_aml_medium,transaction_classification,historical_transductive_full,future_resource_limited,coregraph_factorised_diagnostics,budget_composite,3,DG_NO_TARGET,cpu,CPU,TBD_PROFILE,hardware_profile,PLANNED
6436592dd51280b7b3d0,resource,budget_resource,ibm_aml_medium,transaction_classification,historical_transductive_full,future_resource_limited,coregraph_factorised_diagnostics,budget_composite,4,DG_NO_TARGET,cpu,CPU,TBD_PROFILE,hardware_profile,PLANNED
09c923a104adf42d52ec,resource,budget_resource,ibm_aml_medium,transaction_classification,historical_transductive_full,future_resource_limited,coregraph_factorised_diagnostics,budget_composite,0,DG_NO_TARGET,single_t4,T4_16GB,TBD_PROFILE,hardware_profile,PLANNED
1d77516b118531a2ae08,resource,budget_resource,ibm_aml_medium,transaction_classification,historical_transductive_full,future_resource_limited,coregraph_factorised_diagnostics,budget_composite,1,DG_NO_TARGET,single_t4,T4_16GB,TBD_PROFILE,hardware_profile,PLANNED
6536580e4b5d76696d52,resource,budget_resource,ibm_aml_medium,transaction_classification,historical_transductive_full,future_resource_limited,coregraph_factorised_diagnostics,budget_composite,2,DG_NO_TARGET,single_t4,T4_16GB,TBD_PROFILE,hardware_profile,PLANNED
e392267c5e82957cda31,resource,budget_resource,ibm_aml_medium,transaction_classification,historical_transductive_full,future_resource_limited,coregraph_factorised_diagnostics,budget_composite,3,DG_NO_TARGET,single_t4,T4_16GB,TBD_PROFILE,hardware_profile,PLANNED
6436592dd51280b7b3d0,resource,budget_resource,ibm_aml_medium,transaction_classification,historical_transductive_full,future_resource_limited,coregraph_factorised_diagnostics,budget_composite,4,DG_NO_TARGET,single_t4,T4_16GB,TBD_PROFILE,hardware_profile,PLANNED
09c923a104adf42d52ec,resource,budget_resource,ibm_aml_medium,transaction_classification,historical_transductive_full,future_resource_limited,coregraph_factorised_diagnostics,budget_composite,0,DG_NO_TARGET,dual_t4,T4_16GB,TBD_PROFILE,hardware_profile,PLANNED
1d77516b118531a2ae08,resource,budget_resource,ibm_aml_medium,transaction_classification,historical_transductive_full,future_resource_limited,coregraph_factorised_diagnostics,budget_composite,1,DG_NO_TARGET,dual_t4,T4_16GB,TBD_PROFILE,hardware_profile,PLANNED
6536580e4b5d76696d52,resource,budget_resource,ibm_aml_medium,transaction_classification,historical_transductive_full,future_resource_limited,coregraph_factorised_diagnostics,budget_composite,2,DG_NO_TARGET,dual_t4,T4_16GB,TBD_PROFILE,hardware_profile,PLANNED
e392267c5e82957cda31,resource,budget_resource,ibm_aml_medium,transaction_classification,historical_transductive_full,future_resource_limited,coregraph_factorised_diagnostics,budget_composite,3,DG_NO_TARGET,dual_t4,T4_16GB,TBD_PROFILE,hardware_profile,PLANNED
6436592dd51280b7b3d0,resource,budget_resource,ibm_aml_medium,transaction_classification,historical_transductive_full,future_resource_limited,coregraph_factorised_diagnostics,budget_composite,4,DG_NO_TARGET,dual_t4,T4_16GB,TBD_PROFILE,hardware_profile,PLANNED
3a10a1ae8a9cf20f698c,resource,budget_resource,ibm_aml_medium,transaction_classification,historical_transductive_full,future_latency_cap,coregraph_factorised_diagnostics,budget_composite,0,DG_NO_TARGET,cpu,CPU,TBD_PROFILE,hardware_profile,PLANNED
226afaed600d45bbd341,resource,budget_resource,ibm_aml_medium,transaction_classification,historical_transductive_full,future_latency_cap,coregraph_factorised_diagnostics,budget_composite,1,DG_NO_TARGET,cpu,CPU,TBD_PROFILE,hardware_profile,PLANNED
6f731a7c15bcd497ebac,resource,budget_resource,ibm_aml_medium,transaction_classification,historical_transductive_full,future_latency_cap,coregraph_factorised_diagnostics,budget_composite,2,DG_NO_TARGET,cpu,CPU,TBD_PROFILE,hardware_profile,PLANNED
28aee0596ed9f1d87513,resource,budget_resource,ibm_aml_medium,transaction_classification,historical_transductive_full,future_latency_cap,coregraph_factorised_diagnostics,budget_composite,3,DG_NO_TARGET,cpu,CPU,TBD_PROFILE,hardware_profile,PLANNED
30f154e2ced1409c712f,resource,budget_resource,ibm_aml_medium,transaction_classification,historical_transductive_full,future_latency_cap,coregraph_factorised_diagnostics,budget_composite,4,DG_NO_TARGET,cpu,CPU,TBD_PROFILE,hardware_profile,PLANNED
3a10a1ae8a9cf20f698c,resource,budget_resource,ibm_aml_medium,transaction_classification,historical_transductive_full,future_latency_cap,coregraph_factorised_diagnostics,budget_composite,0,DG_NO_TARGET,single_t4,T4_16GB,TBD_PROFILE,hardware_profile,PLANNED
226afaed600d45bbd341,resource,budget_resource,ibm_aml_medium,transaction_classification,historical_transductive_full,future_latency_cap,coregraph_factorised_diagnostics,budget_composite,1,DG_NO_TARGET,single_t4,T4_16GB,TBD_PROFILE,hardware_profile,PLANNED
6f731a7c15bcd497ebac,resource,budget_resource,ibm_aml_medium,transaction_classification,historical_transductive_full,future_latency_cap,coregraph_factorised_diagnostics,budget_composite,2,DG_NO_TARGET,single_t4,T4_16GB,TBD_PROFILE,hardware_profile,PLANNED
28aee0596ed9f1d87513,resource,budget_resource,ibm_aml_medium,transaction_classification,historical_transductive_full,future_latency_cap,coregraph_factorised_diagnostics,budget_composite,3,DG_NO_TARGET,single_t4,T4_16GB,TBD_PROFILE,hardware_profile,PLANNED
30f154e2ced1409c712f,resource,budget_resource,ibm_aml_medium,transaction_classification,historical_transductive_full,future_latency_cap,coregraph_factorised_diagnostics,budget_composite,4,DG_NO_TARGET,single_t4,T4_16GB,TBD_PROFILE,hardware_profile,PLANNED
3a10a1ae8a9cf20f698c,resource,budget_resource,ibm_aml_medium,transaction_classification,historical_transductive_full,future_latency_cap,coregraph_factorised_diagnostics,budget_composite,0,DG_NO_TARGET,dual_t4,T4_16GB,TBD_PROFILE,hardware_profile,PLANNED
226afaed600d45bbd341,resource,budget_resource,ibm_aml_medium,transaction_classification,historical_transductive_full,future_latency_cap,coregraph_factorised_diagnostics,budget_composite,1,DG_NO_TARGET,dual_t4,T4_16GB,TBD_PROFILE,hardware_profile,PLANNED
6f731a7c15bcd497ebac,resource,budget_resource,ibm_aml_medium,transaction_classification,historical_transductive_full,future_latency_cap,coregraph_factorised_diagnostics,budget_composite,2,DG_NO_TARGET,dual_t4,T4_16GB,TBD_PROFILE,hardware_profile,PLANNED
28aee0596ed9f1d87513,resource,budget_resource,ibm_aml_medium,transaction_classification,historical_transductive_full,future_latency_cap,coregraph_factorised_diagnostics,budget_composite,3,DG_NO_TARGET,dual_t4,T4_16GB,TBD_PROFILE,hardware_profile,PLANNED
30f154e2ced1409c712f,resource,budget_resource,ibm_aml_medium,transaction_classification,historical_transductive_full,future_latency_cap,coregraph_factorised_diagnostics,budget_composite,4,DG_NO_TARGET,dual_t4,T4_16GB,TBD_PROFILE,hardware_profile,PLANNED
