dataset,protocol,graph_model,seed,method,source_method,f1,auprc,auroc,precision_at_0_5pct,recall_at_0_5pct,precision_at_1pct,recall_at_1pct,precision_at_2pct,recall_at_2pct,cost_sensitive_risk,worst_block_regret,average_block_regret,worst_window_f1,worst_window_recall_at_1pct,worst_window_cost_sensitive_risk,diagnostic_proxy,selection_split,evaluation_split,n_eval,n_positive,precision,recall
elliptic,strict_inductive,gcn,1,feature_only,feature_only,0.5101281521289789,0.467131898960503,0.8774880231715221,0.7261904761904762,0.0563250230840258,0.7305389221556886,0.1126500461680517,0.6676646706586826,0.2059095106186519,0.1829034193161367,0.0636042402826854,0.0120055283318362,0.0,0.0,0.5987394957983193,False,train/val only,test,16670,1083,0.4618263473053892,0.569713758079409
elliptic,strict_inductive,sage,1,feature_only,feature_only,0.5101281521289789,0.467131898960503,0.8774880231715221,0.7261904761904762,0.0563250230840258,0.7305389221556886,0.1126500461680517,0.6676646706586826,0.2059095106186519,0.1829034193161367,0.0873015873015873,0.0145839641062378,0.0,0.0,0.5987394957983193,False,train/val only,test,16670,1083,0.4618263473053892,0.569713758079409
elliptic,strict_inductive,gcn,2,feature_only,feature_only,0.5185185185185185,0.4866035313533174,0.8740354455239204,0.8333333333333334,0.064635272391505,0.8143712574850299,0.1255771006463527,0.7005988023952096,0.2160664819944598,0.1833833233353329,0.0760777683854607,0.0148426035882362,0.0,0.0,0.5945378151260504,False,train/val only,test,16670,1083,0.4909240924092409,0.5493998153277931
elliptic,strict_inductive,sage,2,feature_only,feature_only,0.5185185185185185,0.4866035313533174,0.8740354455239204,0.8333333333333334,0.064635272391505,0.8143712574850299,0.1255771006463527,0.7005988023952096,0.2160664819944598,0.1833833233353329,0.1280918727915194,0.0271619366085869,0.0,0.0,0.5945378151260504,False,train/val only,test,16670,1083,0.4909240924092409,0.5493998153277931
elliptic,strict_inductive,gcn,3,feature_only,feature_only,0.4929971988795518,0.5053356997294912,0.8823085222485462,0.8333333333333334,0.064635272391505,0.8562874251497006,0.1320406278855032,0.7425149700598802,0.2289935364727608,0.1880623875224955,0.0417690417690417,0.0117689686504087,0.0,0.0,0.5987394957983193,False,train/val only,test,16670,1083,0.4350282485875706,0.5687903970452447
elliptic,strict_inductive,sage,3,feature_only,feature_only,0.4929971988795518,0.5053356997294912,0.8823085222485462,0.8333333333333334,0.064635272391505,0.8562874251497006,0.1320406278855032,0.7425149700598802,0.2289935364727608,0.1880623875224955,0.1157243816254416,0.0307402325226292,0.0,0.0,0.5987394957983193,False,train/val only,test,16670,1083,0.4350282485875706,0.5687903970452447
elliptic,strict_inductive,gcn,4,feature_only,feature_only,0.51319381255687,0.4147945177968485,0.8668361084813854,0.6666666666666666,0.051708217913204,0.6167664670658682,0.0951061865189289,0.5568862275449101,0.1717451523545706,0.1887222555488902,0.0718512256973795,0.0115846652022522,0.0,0.0,0.5945378151260504,False,train/val only,test,16670,1083,0.5058295964125561,0.5207756232686981
elliptic,strict_inductive,sage,4,feature_only,feature_only,0.51319381255687,0.4147945177968485,0.8668361084813854,0.6666666666666666,0.051708217913204,0.6167664670658682,0.0951061865189289,0.5568862275449101,0.1717451523545706,0.1887222555488902,0.1590106007067137,0.0349792488218475,0.0,0.0,0.5945378151260504,False,train/val only,test,16670,1083,0.5058295964125561,0.5207756232686981
elliptic,strict_inductive,gcn,5,feature_only,feature_only,0.509392747924858,0.4213167919742409,0.8710705543916045,0.6309523809523809,0.0489381348107109,0.6047904191616766,0.0932594644506001,0.5508982035928144,0.1698984302862419,0.1873425314937012,0.0856890459363957,0.0123406809497482,0.0,0.0,0.5945378151260504,False,train/val only,test,16670,1083,0.4834162520729685,0.5383194829178208
elliptic,strict_inductive,sage,5,feature_only,feature_only,0.509392747924858,0.4213167919742409,0.8710705543916045,0.6309523809523809,0.0489381348107109,0.6047904191616766,0.0932594644506001,0.5508982035928144,0.1698984302862419,0.1873425314937012,0.1148409893992932,0.0230798108204234,0.0,0.0,0.5945378151260504,False,train/val only,test,16670,1083,0.4834162520729685,0.5383194829178208
elliptic,strict_inductive,gcn,6,feature_only,feature_only,0.5151237396883593,0.4212600055731494,0.8722414167025212,0.75,0.0581717451523545,0.6347305389221557,0.0978762696214219,0.5598802395209581,0.1726685133887349,0.1884823035392921,0.0481825866441251,0.0096515270037368,0.0,0.0,0.5945378151260504,False,train/val only,test,16670,1083,0.5113739763421292,0.5189289012003694
elliptic,strict_inductive,sage,6,feature_only,feature_only,0.5151237396883593,0.4212600055731494,0.8722414167025212,0.75,0.0581717451523545,0.6347305389221557,0.0978762696214219,0.5598802395209581,0.1726685133887349,0.1884823035392921,0.1457597173144876,0.0296917864725791,0.0,0.0,0.5945378151260504,False,train/val only,test,16670,1083,0.5113739763421292,0.5189289012003694
elliptic,strict_inductive,gcn,7,feature_only,feature_only,0.5194238323876036,0.4374685787819405,0.8717252065240578,0.7857142857142857,0.0609418282548476,0.6706586826347305,0.1034164358264081,0.5688622754491018,0.175438596491228,0.1831433713257348,0.0574809805579036,0.0081093030411139,0.0,0.0,0.5966386554621849,False,train/val only,test,16670,1083,0.4925496688741722,0.5493998153277931
elliptic,strict_inductive,sage,7,feature_only,feature_only,0.5194238323876036,0.4374685787819405,0.8717252065240578,0.7857142857142857,0.0609418282548476,0.6706586826347305,0.1034164358264081,0.5688622754491018,0.175438596491228,0.1831433713257348,0.0912698412698412,0.0177634895197737,0.0,0.0,0.5966386554621849,False,train/val only,test,16670,1083,0.4925496688741722,0.5493998153277931
elliptic,strict_inductive,gcn,8,feature_only,feature_only,0.5206463195691202,0.4252363349738167,0.8732587903087788,0.6428571428571429,0.0498614958448753,0.6347305389221557,0.0978762696214219,0.5419161676646707,0.1671283471837488,0.1847630473905219,0.0676246830092983,0.0088316679599579,0.0,0.0,0.592436974789916,False,train/val only,test,16670,1083,0.5065502183406113,0.5355493998153278
elliptic,strict_inductive,sage,8,feature_only,feature_only,0.5206463195691202,0.4252363349738167,0.8732587903087788,0.6428571428571429,0.0498614958448753,0.6347305389221557,0.0978762696214219,0.5419161676646707,0.1671283471837488,0.1847630473905219,0.0856890459363957,0.0178582312362483,0.0,0.0,0.592436974789916,False,train/val only,test,16670,1083,0.5065502183406113,0.5355493998153278
elliptic,strict_inductive,gcn,9,feature_only,feature_only,0.5140631761142361,0.4655862956078047,0.8801913733424064,0.7619047619047619,0.0590951061865189,0.7425149700598802,0.1144967682363804,0.6497005988023952,0.2003693444136657,0.1847030593881223,0.0532544378698224,0.0086088342021202,0.0,0.0,0.5861344537815126,False,train/val only,test,16670,1083,0.4837133550488599,0.5484764542936288
elliptic,strict_inductive,sage,9,feature_only,feature_only,0.5140631761142361,0.4655862956078047,0.8801913733424064,0.7619047619047619,0.0590951061865189,0.7425149700598802,0.1144967682363804,0.6497005988023952,0.2003693444136657,0.1847030593881223,0.1104240282685512,0.0299539902707614,0.0,0.0,0.5861344537815126,False,train/val only,test,16670,1083,0.4837133550488599,0.5484764542936288
elliptic,strict_inductive,gcn,10,feature_only,feature_only,0.5128205128205128,0.4769079036422319,0.8763385165835037,0.8333333333333334,0.064635272391505,0.8263473053892215,0.1274238227146814,0.7005988023952096,0.2160664819944598,0.1918416316736652,0.1254416961130742,0.0176946756619483,0.0,0.0,0.5945378151260504,False,train/val only,test,16670,1083,0.5278592375366569,0.4986149584487535
elliptic,strict_inductive,sage,10,feature_only,feature_only,0.5128205128205128,0.4769079036422319,0.8763385165835037,0.8333333333333334,0.064635272391505,0.8263473053892215,0.1274238227146814,0.7005988023952096,0.2160664819944598,0.1918416316736652,0.146643109540636,0.029664582631631,0.0,0.0,0.5945378151260504,False,train/val only,test,16670,1083,0.5278592375366569,0.4986149584487535
elliptic,inductive_isolated,gcn,1,feature_only,feature_only,0.5101281521289789,0.467131898960503,0.8774880231715221,0.7261904761904762,0.0563250230840258,0.7305389221556886,0.1126500461680517,0.6676646706586826,0.2059095106186519,0.1829034193161367,0.1042402826855123,0.0194292893292453,0.0,0.0,0.5987394957983193,False,train/val only,test,16670,1083,0.4618263473053892,0.569713758079409
elliptic,inductive_isolated,sage,1,feature_only,feature_only,0.5101281521289789,0.467131898960503,0.8774880231715221,0.7261904761904762,0.0563250230840258,0.7305389221556886,0.1126500461680517,0.6676646706586826,0.2059095106186519,0.1829034193161367,0.0248175182481751,0.0044215713724768,0.0,0.0,0.5987394957983193,False,train/val only,test,16670,1083,0.4618263473053892,0.569713758079409
elliptic,inductive_isolated,gcn,2,feature_only,feature_only,0.5185185185185185,0.4866035313533174,0.8740354455239204,0.8333333333333334,0.064635272391505,0.8143712574850299,0.1255771006463527,0.7005988023952096,0.2160664819944598,0.1833833233353329,0.161660777385159,0.0261610418565201,0.0,0.0,0.5945378151260504,False,train/val only,test,16670,1083,0.4909240924092409,0.5493998153277931
elliptic,inductive_isolated,sage,2,feature_only,feature_only,0.5185185185185185,0.4866035313533174,0.8740354455239204,0.8333333333333334,0.064635272391505,0.8143712574850299,0.1255771006463527,0.7005988023952096,0.2160664819944598,0.1833833233353329,0.0859788359788359,0.0120870568844051,0.0,0.0,0.5945378151260504,False,train/val only,test,16670,1083,0.4909240924092409,0.5493998153277931
elliptic,inductive_isolated,gcn,3,feature_only,feature_only,0.4929971988795518,0.5053356997294912,0.8823085222485462,0.8333333333333334,0.064635272391505,0.8562874251497006,0.1320406278855032,0.7425149700598802,0.2289935364727608,0.1880623875224955,0.1395759717314487,0.0173862625034825,0.0,0.0,0.5987394957983193,False,train/val only,test,16670,1083,0.4350282485875706,0.5687903970452447
elliptic,inductive_isolated,sage,3,feature_only,feature_only,0.4929971988795518,0.5053356997294912,0.8823085222485462,0.8333333333333334,0.064635272391505,0.8562874251497006,0.1320406278855032,0.7425149700598802,0.2289935364727608,0.1880623875224955,0.0830388692579505,0.0198488921941367,0.0,0.0,0.5987394957983193,False,train/val only,test,16670,1083,0.4350282485875706,0.5687903970452447
elliptic,inductive_isolated,gcn,4,feature_only,feature_only,0.51319381255687,0.4147945177968485,0.8668361084813854,0.6666666666666666,0.051708217913204,0.6167664670658682,0.0951061865189289,0.5568862275449101,0.1717451523545706,0.1887222555488902,0.1704946996466431,0.0182145345896276,0.0,0.0,0.5945378151260504,False,train/val only,test,16670,1083,0.5058295964125561,0.5207756232686981
elliptic,inductive_isolated,sage,4,feature_only,feature_only,0.51319381255687,0.4147945177968485,0.8668361084813854,0.6666666666666666,0.051708217913204,0.6167664670658682,0.0951061865189289,0.5568862275449101,0.1717451523545706,0.1887222555488902,0.107773851590106,0.0208019235115457,0.0,0.0,0.5945378151260504,False,train/val only,test,16670,1083,0.5058295964125561,0.5207756232686981
elliptic,inductive_isolated,gcn,5,feature_only,feature_only,0.509392747924858,0.4213167919742409,0.8710705543916045,0.6309523809523809,0.0489381348107109,0.6047904191616766,0.0932594644506001,0.5508982035928144,0.1698984302862419,0.1873425314937012,0.0945229681978798,0.0096717273820613,0.0,0.0,0.5945378151260504,False,train/val only,test,16670,1083,0.4834162520729685,0.5383194829178208
elliptic,inductive_isolated,sage,5,feature_only,feature_only,0.509392747924858,0.4213167919742409,0.8710705543916045,0.6309523809523809,0.0489381348107109,0.6047904191616766,0.0932594644506001,0.5508982035928144,0.1698984302862419,0.1873425314937012,0.0317460317460317,0.0066373641540434,0.0,0.0,0.5945378151260504,False,train/val only,test,16670,1083,0.4834162520729685,0.5383194829178208
elliptic,inductive_isolated,gcn,6,feature_only,feature_only,0.5151237396883593,0.4212600055731494,0.8722414167025212,0.75,0.0581717451523545,0.6347305389221557,0.0978762696214219,0.5598802395209581,0.1726685133887349,0.1884823035392921,0.1307420494699646,0.011450281718023,0.0,0.0,0.5945378151260504,False,train/val only,test,16670,1083,0.5113739763421292,0.5189289012003694
elliptic,inductive_isolated,sage,6,feature_only,feature_only,0.5151237396883593,0.4212600055731494,0.8722414167025212,0.75,0.0581717451523545,0.6347305389221557,0.0978762696214219,0.5598802395209581,0.1726685133887349,0.1884823035392921,0.097173144876325,0.0170807111952953,0.0,0.0,0.5945378151260504,False,train/val only,test,16670,1083,0.5113739763421292,0.5189289012003694
elliptic,inductive_isolated,gcn,7,feature_only,feature_only,0.5194238323876036,0.4374685787819405,0.8717252065240578,0.7857142857142857,0.0609418282548476,0.6706586826347305,0.1034164358264081,0.5688622754491018,0.175438596491228,0.1831433713257348,0.1227915194346289,0.0182589754769519,0.0,0.0,0.5966386554621849,False,train/val only,test,16670,1083,0.4925496688741722,0.5493998153277931
elliptic,inductive_isolated,sage,7,feature_only,feature_only,0.5194238323876036,0.4374685787819405,0.8717252065240578,0.7857142857142857,0.0609418282548476,0.6706586826347305,0.1034164358264081,0.5688622754491018,0.175438596491228,0.1831433713257348,0.0697879858657243,0.0115464807163131,0.0,0.0,0.5966386554621849,False,train/val only,test,16670,1083,0.4925496688741722,0.5493998153277931
elliptic,inductive_isolated,gcn,8,feature_only,feature_only,0.5206463195691202,0.4252363349738167,0.8732587903087788,0.6428571428571429,0.0498614958448753,0.6347305389221557,0.0978762696214219,0.5419161676646707,0.1671283471837488,0.1847630473905219,0.1245583038869258,0.017647353420835,0.0,0.0,0.592436974789916,False,train/val only,test,16670,1083,0.5065502183406113,0.5355493998153278
elliptic,inductive_isolated,sage,8,feature_only,feature_only,0.5206463195691202,0.4252363349738167,0.8732587903087788,0.6428571428571429,0.0498614958448753,0.6347305389221557,0.0978762696214219,0.5419161676646707,0.1671283471837488,0.1847630473905219,0.0163800163800163,0.0032552668690626,0.0,0.0,0.592436974789916,False,train/val only,test,16670,1083,0.5065502183406113,0.5355493998153278
elliptic,inductive_isolated,gcn,9,feature_only,feature_only,0.5140631761142361,0.4655862956078047,0.8801913733424064,0.7619047619047619,0.0590951061865189,0.7425149700598802,0.1144967682363804,0.6497005988023952,0.2003693444136657,0.1847030593881223,0.1130742049469964,0.0120956640984107,0.0,0.0,0.5861344537815126,False,train/val only,test,16670,1083,0.4837133550488599,0.5484764542936288
elliptic,inductive_isolated,sage,9,feature_only,feature_only,0.5140631761142361,0.4655862956078047,0.8801913733424064,0.7619047619047619,0.0590951061865189,0.7425149700598802,0.1144967682363804,0.6497005988023952,0.2003693444136657,0.1847030593881223,0.0423280423280423,0.0107891347570989,0.0,0.0,0.5861344537815126,False,train/val only,test,16670,1083,0.4837133550488599,0.5484764542936288
elliptic,inductive_isolated,gcn,10,feature_only,feature_only,0.5128205128205128,0.4769079036422319,0.8763385165835037,0.8333333333333334,0.064635272391505,0.8263473053892215,0.1274238227146814,0.7005988023952096,0.2160664819944598,0.1918416316736652,0.1952296819787985,0.0254322448307341,0.0,0.0,0.5945378151260504,False,train/val only,test,16670,1083,0.5278592375366569,0.4986149584487535
elliptic,inductive_isolated,sage,10,feature_only,feature_only,0.5128205128205128,0.4769079036422319,0.8763385165835037,0.8333333333333334,0.064635272391505,0.8263473053892215,0.1274238227146814,0.7005988023952096,0.2160664819944598,0.1918416316736652,0.0865724381625441,0.0173255155039472,0.0,0.0,0.5945378151260504,False,train/val only,test,16670,1083,0.5278592375366569,0.4986149584487535
elliptic,transductive,gcn,1,feature_only,feature_only,0.5207057976233346,0.3721138741224439,0.8653739079035783,0.4047619047619047,0.0313942751615881,0.4311377245508982,0.0664819944598338,0.3982035928143712,0.1228070175438596,0.1662267546490702,0.1138686131386861,0.0146914908367993,0.0,0.0,0.5966386554621849,False,train/val only,test,16670,1083,0.4268004722550177,0.667590027700831
elliptic,transductive,sage,1,feature_only,feature_only,0.5207057976233346,0.3721138741224439,0.8653739079035783,0.4047619047619047,0.0313942751615881,0.4311377245508982,0.0664819944598338,0.3982035928143712,0.1228070175438596,0.1662267546490702,0.0802919708029197,0.005894939358669,0.0,0.0,0.5966386554621849,False,train/val only,test,16670,1083,0.4268004722550177,0.667590027700831
elliptic,transductive,gcn,2,feature_only,feature_only,0.5206671501087744,0.4377686236272372,0.8602982953157037,0.5595238095238095,0.0433979686057248,0.592814371257485,0.0914127423822714,0.6317365269461078,0.1948291782086796,0.1668866226754649,0.0737226277372262,0.0148372096835563,0.0,0.0,0.5966386554621849,False,train/val only,test,16670,1083,0.4286567164179104,0.6629732225300092
elliptic,transductive,sage,2,feature_only,feature_only,0.5206671501087744,0.4377686236272372,0.8602982953157037,0.5595238095238095,0.0433979686057248,0.592814371257485,0.0914127423822714,0.6317365269461078,0.1948291782086796,0.1668866226754649,0.1043795620437956,0.0148770755677151,0.0,0.0,0.5966386554621849,False,train/val only,test,16670,1083,0.4286567164179104,0.6629732225300092
elliptic,transductive,gcn,3,feature_only,feature_only,0.560897435897436,0.3856411705101192,0.8699049051281637,0.4880952380952381,0.0378578024007386,0.3952095808383233,0.0609418282548476,0.3622754491017964,0.1117266851338873,0.1576484703059388,0.0401459854014598,0.0069863045312316,0.0,0.0,0.5987394957983193,False,train/val only,test,16670,1083,0.4953998584571833,0.6463527239150508
elliptic,transductive,sage,3,feature_only,feature_only,0.560897435897436,0.3856411705101192,0.8699049051281637,0.4880952380952381,0.0378578024007386,0.3952095808383233,0.0609418282548476,0.3622754491017964,0.1117266851338873,0.1576484703059388,0.0532846715328467,0.0040991670159357,0.0,0.0,0.5987394957983193,False,train/val only,test,16670,1083,0.4953998584571833,0.6463527239150508
elliptic,transductive,gcn,4,feature_only,feature_only,0.5197621545995103,0.4610736861579519,0.8636270630857533,0.7142857142857143,0.0554016620498614,0.6766467065868264,0.1043397968605724,0.6227544910179641,0.1920590951061865,0.1639472105578884,0.0788321167883211,0.0162589874322115,0.0,0.0,0.6071428571428571,False,train/val only,test,16670,1083,0.4183558558558558,0.6860572483841182
elliptic,transductive,sage,4,feature_only,feature_only,0.5197621545995103,0.4610736861579519,0.8636270630857533,0.7142857142857143,0.0554016620498614,0.6766467065868264,0.1043397968605724,0.6227544910179641,0.1920590951061865,0.1639472105578884,0.0613138686131387,0.0110465473929673,0.0,0.0,0.6071428571428571,False,train/val only,test,16670,1083,0.4183558558558558,0.6860572483841182
elliptic,transductive,gcn,5,feature_only,feature_only,0.5319379285456515,0.4522657128385867,0.8666955042974764,0.6428571428571429,0.0498614958448753,0.6347305389221557,0.0978762696214219,0.6377245508982036,0.1966759002770083,0.1608278344331133,0.0912408759124087,0.0111986833516124,0.0,0.0,0.5945378151260504,False,train/val only,test,16670,1083,0.4366113744075829,0.6805170821791321
elliptic,transductive,sage,5,feature_only,feature_only,0.5319379285456515,0.4522657128385867,0.8666955042974764,0.6428571428571429,0.0498614958448753,0.6347305389221557,0.0978762696214219,0.6377245508982036,0.1966759002770083,0.1608278344331133,0.1058394160583941,0.009965643459752,0.0,0.0,0.5945378151260504,False,train/val only,test,16670,1083,0.4366113744075829,0.6805170821791321
elliptic,transductive,gcn,6,feature_only,feature_only,0.5347303065580132,0.3678331357124947,0.8642741326036962,0.5238095238095238,0.0406278855032317,0.3952095808383233,0.0609418282548476,0.3323353293413174,0.1024930747922437,0.1664667066586682,0.0781021897810218,0.0100945662411151,0.0,0.0,0.5945378151260504,False,train/val only,test,16670,1083,0.4611780455153949,0.6361957525392429
elliptic,transductive,sage,6,feature_only,feature_only,0.5347303065580132,0.3678331357124947,0.8642741326036962,0.5238095238095238,0.0406278855032317,0.3952095808383233,0.0609418282548476,0.3323353293413174,0.1024930747922437,0.1664667066586682,0.0751824817518248,0.0091729165320607,0.0,0.0,0.5945378151260504,False,train/val only,test,16670,1083,0.4611780455153949,0.6361957525392429
elliptic,transductive,gcn,7,feature_only,feature_only,0.5163511187607573,0.4613399494812435,0.8712911610825154,0.5952380952380952,0.0461680517082179,0.6167664670658682,0.0951061865189289,0.6467065868263473,0.1994459833795014,0.1641871625674865,0.1094890510948905,0.0162373700699123,0.0,0.0,0.6008403361344538,False,train/val only,test,16670,1083,0.411635565312843,0.6925207756232687
elliptic,transductive,sage,7,feature_only,feature_only,0.5163511187607573,0.4613399494812435,0.8712911610825154,0.5952380952380952,0.0461680517082179,0.6167664670658682,0.0951061865189289,0.6467065868263473,0.1994459833795014,0.1641871625674865,0.1102189781021898,0.0135202334454229,0.0,0.0,0.6008403361344538,False,train/val only,test,16670,1083,0.411635565312843,0.6925207756232687
elliptic,transductive,gcn,8,feature_only,feature_only,0.5138282387190684,0.3461317660069051,0.8497245170985291,0.4285714285714285,0.0332409972299169,0.3832335329341317,0.0590951061865189,0.3353293413173652,0.1034164358264081,0.1706058788242351,0.0700729927007299,0.0144120638328059,0.0,0.0,0.6407563025210085,False,train/val only,test,16670,1083,0.424024024024024,0.6518928901200369
elliptic,transductive,sage,8,feature_only,feature_only,0.5138282387190684,0.3461317660069051,0.8497245170985291,0.4285714285714285,0.0332409972299169,0.3832335329341317,0.0590951061865189,0.3353293413173652,0.1034164358264081,0.1706058788242351,0.0722627737226277,0.0125898785741664,0.0,0.0,0.6407563025210085,False,train/val only,test,16670,1083,0.424024024024024,0.6518928901200369
elliptic,transductive,gcn,9,feature_only,feature_only,0.5290322580645161,0.4212763291665117,0.8594310634006688,0.5833333333333334,0.0452446906740535,0.6047904191616766,0.0932594644506001,0.5868263473053892,0.1809787626962142,0.1670665866826634,0.0781021897810218,0.0112834528228758,0.0,0.0,0.5945378151260504,False,train/val only,test,16670,1083,0.4490979381443299,0.6435826408125577
elliptic,transductive,sage,9,feature_only,feature_only,0.5290322580645161,0.4212763291665117,0.8594310634006688,0.5833333333333334,0.0452446906740535,0.6047904191616766,0.0932594644506001,0.5868263473053892,0.1809787626962142,0.1670665866826634,0.0635036496350364,0.0083473407110851,0.0,0.0,0.5945378151260504,False,train/val only,test,16670,1083,0.4490979381443299,0.6435826408125577
elliptic,transductive,gcn,10,feature_only,feature_only,0.5095188646590516,0.3667003933185936,0.8529724826327028,0.369047619047619,0.0286241920590951,0.4491017964071856,0.0692520775623268,0.4341317365269461,0.1338873499538319,0.1682663467306538,0.1401459854014598,0.0184167838194197,0.0,0.0,0.6071428571428571,False,train/val only,test,16670,1083,0.4075304540420819,0.6795937211449676
elliptic,transductive,sage,10,feature_only,feature_only,0.5095188646590516,0.3667003933185936,0.8529724826327028,0.369047619047619,0.0286241920590951,0.4491017964071856,0.0692520775623268,0.4341317365269461,0.1338873499538319,0.1682663467306538,0.1547445255474452,0.0173752379649617,0.0,0.0,0.6071428571428571,False,train/val only,test,16670,1083,0.4075304540420819,0.6795937211449676
dgraphfin,strict_inductive,gcn,1,feature_only,feature_only,0.0220157627650566,0.0080501463279356,0.3702875150157096,0.0093896713615023,0.0042941492216854,0.007046388725778,0.0064412238325281,0.0067547723935389,0.0123456790123456,0.9704477489174946,0.4227253842958038,0.4058904207125731,0.0187646168661439,0.0054644808743169,0.9781428258007898,False,train/val only,test,170207,1863,0.011130670115438,0.9978529253891572
dgraphfin,strict_inductive,sage,1,feature_only,feature_only,0.0220157627650566,0.0080501463279356,0.3702875150157096,0.0093896713615023,0.0042941492216854,0.007046388725778,0.0064412238325281,0.0067547723935389,0.0123456790123456,0.9704477489174946,0.8781263712154453,0.8698064350257501,0.0187646168661439,0.0054644808743169,0.9781428258007898,False,train/val only,test,170207,1863,0.011130670115438,0.9978529253891572
dgraphfin,strict_inductive,gcn,2,feature_only,feature_only,0.0459487567363146,0.0234619957593747,0.7111574333300964,0.0305164319248826,0.0139559849704777,0.0369935408103347,0.0338164251207729,0.0325991189427312,0.0595813204508856,0.0973579229996416,0.0,0.0,0.0415512465373961,0.0209790209790209,0.1012838168006752,False,train/val only,test,170207,1863,0.0278861602019738,0.1304347826086956
dgraphfin,strict_inductive,sage,2,feature_only,feature_only,0.0459487567363146,0.0234619957593747,0.7111574333300964,0.0305164319248826,0.0139559849704777,0.0369935408103347,0.0338164251207729,0.0325991189427312,0.0595813204508856,0.0973579229996416,0.0,0.0,0.0415512465373961,0.0209790209790209,0.1012838168006752,False,train/val only,test,170207,1863,0.0278861602019738,0.1304347826086956
dgraphfin,strict_inductive,gcn,3,feature_only,feature_only,0.0251230984630389,0.0101745848148334,0.4986822951975569,0.0152582159624413,0.0069779924852388,0.0135055783910745,0.0123456790123456,0.0091042584434654,0.0166398282340311,0.7344233785919498,0.0,0.0,0.0227835562159484,0.009208103130755,0.7530323248819932,False,train/val only,test,170207,1863,0.0127483615521549,0.8572195383789587
dgraphfin,strict_inductive,sage,3,feature_only,feature_only,0.0251230984630389,0.0101745848148334,0.4986822951975569,0.0152582159624413,0.0069779924852388,0.0135055783910745,0.0123456790123456,0.0091042584434654,0.0166398282340311,0.7344233785919498,0.637774104244259,0.615661727277119,0.0227835562159484,0.009208103130755,0.7530323248819932,False,train/val only,test,170207,1863,0.0127483615521549,0.8572195383789587
dgraphfin,strict_inductive,gcn,4,feature_only,feature_only,0.0363338092778807,0.01744027434712,0.649020070385234,0.022300469483568,0.0101986044015029,0.0211391661773341,0.0193236714975845,0.0287812041116005,0.0526033279656468,0.2160956952416763,0.1059126810004388,0.090534245661147,0.033311475409836,0.0165745856353591,0.2273317407561279,False,train/val only,test,170207,1863,0.0192567785148451,0.3209876543209876
dgraphfin,strict_inductive,sage,4,feature_only,feature_only,0.0363338092778807,0.01744027434712,0.649020070385234,0.022300469483568,0.0101986044015029,0.0211391661773341,0.0193236714975845,0.0287812041116005,0.0526033279656468,0.2160956952416763,0.0868041130037391,0.0782773951439103,0.033311475409836,0.0165745856353591,0.2273317407561279,False,train/val only,test,170207,1863,0.0192567785148451,0.3209876543209876
dgraphfin,strict_inductive,gcn,5,feature_only,feature_only,0.0216929363689433,0.0071867015523292,0.3167644305965631,0.0,0.0,0.0005871990604815,0.0005367686527106,0.0002936857562408,0.0005367686527106,0.984706856944779,0.0862594355593617,0.076121874573261,0.0186762778505897,0.0,0.9856296621325142,False,train/val only,test,170207,1863,0.0109657276745929,0.9973161567364466
dgraphfin,strict_inductive,sage,5,feature_only,feature_only,0.0216929363689433,0.0071867015523292,0.3167644305965631,0.0,0.0,0.0005871990604815,0.0005367686527106,0.0002936857562408,0.0005367686527106,0.984706856944779,0.7962715847756378,0.7865911581990379,0.0186762778505897,0.0,0.9856296621325142,False,train/val only,test,170207,1863,0.0109657276745929,0.9973161567364466
dgraphfin,strict_inductive,gcn,6,feature_only,feature_only,0.0410756191985172,0.0175957790861461,0.6669996424900893,0.0117370892018779,0.0053676865271068,0.0223135642982971,0.0203972088030059,0.0143906020558002,0.0263016639828234,0.3884035321696522,0.0,0.0,0.0374209180239601,0.0147329650092081,0.3992430890741553,False,train/val only,test,170207,1863,0.0211261108890187,0.7375201288244766
dgraphfin,strict_inductive,sage,6,feature_only,feature_only,0.0410756191985172,0.0175957790861461,0.6669996424900893,0.0117370892018779,0.0053676865271068,0.0223135642982971,0.0203972088030059,0.0143906020558002,0.0263016639828234,0.3884035321696522,0.2186659762194029,0.2127809924426403,0.0374209180239601,0.0147329650092081,0.3992430890741553,False,train/val only,test,170207,1863,0.0211261108890187,0.7375201288244766
dgraphfin,strict_inductive,gcn,7,feature_only,feature_only,0.0463614760346141,0.0222643111008754,0.7075452724297964,0.0234741784037558,0.0107353730542136,0.0305343511450381,0.0279119699409554,0.0299559471365638,0.0547504025764895,0.1565916795431445,0.0,0.0,0.0405535886707434,0.012891344383057,0.161663896967179,False,train/val only,test,170207,1863,0.0252935420743639,0.2775093934514224
dgraphfin,strict_inductive,sage,7,feature_only,feature_only,0.0463614760346141,0.0222643111008754,0.7075452724297964,0.0234741784037558,0.0107353730542136,0.0305343511450381,0.0279119699409554,0.0299559471365638,0.0547504025764895,0.1565916795431445,0.0,0.0,0.0405535886707434,0.012891344383057,0.161663896967179,False,train/val only,test,170207,1863,0.0252935420743639,0.2775093934514224
dgraphfin,strict_inductive,gcn,8,feature_only,feature_only,0.0410235098551412,0.0181100761690067,0.6908018475014316,0.022300469483568,0.0101986044015029,0.0217263652378156,0.0198604401502952,0.016446402349486,0.0300590445517981,0.3909122421522029,0.0,0.0,0.0375718678967776,0.0165745856353591,0.4014918824045634,False,train/val only,test,170207,1863,0.0210950498374368,0.7418142780461621
dgraphfin,strict_inductive,sage,8,feature_only,feature_only,0.0410235098551412,0.0181100761690067,0.6908018475014316,0.022300469483568,0.0101986044015029,0.0217263652378156,0.0198604401502952,0.016446402349486,0.0300590445517981,0.3909122421522029,0.0,0.0,0.0375718678967776,0.0165745856353591,0.4014918824045634,False,train/val only,test,170207,1863,0.0210950498374368,0.7418142780461621
dgraphfin,strict_inductive,gcn,9,feature_only,feature_only,0.0216663177726606,0.0072288210940097,0.3120826160113985,0.0,0.0,0.002348796241926,0.0021470746108427,0.0023494860499265,0.0042941492216854,0.9884787347171384,0.8294817199833817,0.8195941264934998,0.0185920086980157,0.0,0.9901820974111452,False,train/val only,test,170207,1863,0.0109518014919845,1.0
dgraphfin,strict_inductive,sage,9,feature_only,feature_only,0.0216663177726606,0.0072288210940097,0.3120826160113985,0.0,0.0,0.002348796241926,0.0021470746108427,0.0023494860499265,0.0042941492216854,0.9884787347171384,0.8430958593080922,0.8386572935151694,0.0185920086980157,0.0,0.9901820974111452,False,train/val only,test,170207,1863,0.0109518014919845,1.0
dgraphfin,strict_inductive,gcn,10,feature_only,feature_only,0.0217025170024418,0.0074731192449227,0.3319548154331331,0.0082159624413145,0.0037573805689747,0.004697592483852,0.0042941492216854,0.0038179148311306,0.0069779924852388,0.9862872854817956,0.8872860903905221,0.8806615742699863,0.0186183243508084,0.0018214936247723,0.9887560333479596,False,train/val only,test,170207,1863,0.0109703646968715,0.9994632313472892
dgraphfin,strict_inductive,sage,10,feature_only,feature_only,0.0217025170024418,0.0074731192449227,0.3319548154331331,0.0082159624413145,0.0037573805689747,0.004697592483852,0.0042941492216854,0.0038179148311306,0.0069779924852388,0.9862872854817956,0.8610958753839403,0.8582497463461751,0.0186183243508084,0.0018214936247723,0.9887560333479596,False,train/val only,test,170207,1863,0.0109703646968715,0.9994632313472892
dgraphfin,inductive_isolated,gcn,1,feature_only,feature_only,0.0220157627650566,0.0080501463279356,0.3702875150157096,0.0093896713615023,0.0042941492216854,0.007046388725778,0.0064412238325281,0.0067547723935389,0.0123456790123456,0.9704477489174946,0.3859316576651432,0.3775254565875015,0.0187646168661439,0.0054644808743169,0.9781428258007898,False,train/val only,test,170207,1863,0.011130670115438,0.9978529253891572
dgraphfin,inductive_isolated,sage,1,feature_only,feature_only,0.0220157627650566,0.0080501463279356,0.3702875150157096,0.0093896713615023,0.0042941492216854,0.007046388725778,0.0064412238325281,0.0067547723935389,0.0123456790123456,0.9704477489174946,0.6042791857083506,0.5987585307118701,0.0187646168661439,0.0054644808743169,0.9781428258007898,False,train/val only,test,170207,1863,0.011130670115438,0.9978529253891572
dgraphfin,inductive_isolated,gcn,2,feature_only,feature_only,0.0459487567363146,0.0234619957593747,0.7111574333300964,0.0305164319248826,0.0139559849704777,0.0369935408103347,0.0338164251207729,0.0325991189427312,0.0595813204508856,0.0973579229996416,0.0,0.0,0.0415512465373961,0.0209790209790209,0.1012838168006752,False,train/val only,test,170207,1863,0.0278861602019738,0.1304347826086956
dgraphfin,inductive_isolated,sage,2,feature_only,feature_only,0.0459487567363146,0.0234619957593747,0.7111574333300964,0.0305164319248826,0.0139559849704777,0.0369935408103347,0.0338164251207729,0.0325991189427312,0.0595813204508856,0.0973579229996416,0.0,0.0,0.0415512465373961,0.0209790209790209,0.1012838168006752,False,train/val only,test,170207,1863,0.0278861602019738,0.1304347826086956
dgraphfin,inductive_isolated,gcn,3,feature_only,feature_only,0.0251230984630389,0.0101745848148334,0.4986822951975569,0.0152582159624413,0.0069779924852388,0.0135055783910745,0.0123456790123456,0.0091042584434654,0.0166398282340311,0.7344233785919498,0.0,0.0,0.0227835562159484,0.009208103130755,0.7530323248819932,False,train/val only,test,170207,1863,0.0127483615521549,0.8572195383789587
dgraphfin,inductive_isolated,sage,3,feature_only,feature_only,0.0251230984630389,0.0101745848148334,0.4986822951975569,0.0152582159624413,0.0069779924852388,0.0135055783910745,0.0123456790123456,0.0091042584434654,0.0166398282340311,0.7344233785919498,0.0,0.0,0.0227835562159484,0.009208103130755,0.7530323248819932,False,train/val only,test,170207,1863,0.0127483615521549,0.8572195383789587
dgraphfin,inductive_isolated,gcn,4,feature_only,feature_only,0.0363338092778807,0.01744027434712,0.649020070385234,0.022300469483568,0.0101986044015029,0.0211391661773341,0.0193236714975845,0.0287812041116005,0.0526033279656468,0.2160956952416763,0.0,0.0,0.033311475409836,0.0165745856353591,0.2273317407561279,False,train/val only,test,170207,1863,0.0192567785148451,0.3209876543209876
dgraphfin,inductive_isolated,sage,4,feature_only,feature_only,0.0363338092778807,0.01744027434712,0.649020070385234,0.022300469483568,0.0101986044015029,0.0211391661773341,0.0193236714975845,0.0287812041116005,0.0526033279656468,0.2160956952416763,0.0,0.0,0.033311475409836,0.0165745856353591,0.2273317407561279,False,train/val only,test,170207,1863,0.0192567785148451,0.3209876543209876
dgraphfin,inductive_isolated,gcn,5,feature_only,feature_only,0.0216929363689433,0.0071867015523292,0.3167644305965631,0.0,0.0,0.0005871990604815,0.0005367686527106,0.0002936857562408,0.0005367686527106,0.984706856944779,0.0269868064501799,0.0254960694569232,0.0186762778505897,0.0,0.9856296621325142,False,train/val only,test,170207,1863,0.0109657276745929,0.9973161567364466
dgraphfin,inductive_isolated,sage,5,feature_only,feature_only,0.0216929363689433,0.0071867015523292,0.3167644305965631,0.0,0.0,0.0005871990604815,0.0005367686527106,0.0002936857562408,0.0005367686527106,0.984706856944779,0.6013504508906757,0.5944572000834623,0.0186762778505897,0.0,0.9856296621325142,False,train/val only,test,170207,1863,0.0109657276745929,0.9973161567364466
dgraphfin,inductive_isolated,gcn,6,feature_only,feature_only,0.0410756191985172,0.0175957790861461,0.6669996424900893,0.0117370892018779,0.0053676865271068,0.0223135642982971,0.0203972088030059,0.0143906020558002,0.0263016639828234,0.3884035321696522,0.0,0.0,0.0374209180239601,0.0147329650092081,0.3992430890741553,False,train/val only,test,170207,1863,0.0211261108890187,0.7375201288244766
dgraphfin,inductive_isolated,sage,6,feature_only,feature_only,0.0410756191985172,0.0175957790861461,0.6669996424900893,0.0117370892018779,0.0053676865271068,0.0223135642982971,0.0203972088030059,0.0143906020558002,0.0263016639828234,0.3884035321696522,0.0443545977812742,0.0414097348352648,0.0374209180239601,0.0147329650092081,0.3992430890741553,False,train/val only,test,170207,1863,0.0211261108890187,0.7375201288244766
dgraphfin,inductive_isolated,gcn,7,feature_only,feature_only,0.0463614760346141,0.0222643111008754,0.7075452724297964,0.0234741784037558,0.0107353730542136,0.0305343511450381,0.0279119699409554,0.0299559471365638,0.0547504025764895,0.1565916795431445,0.0,0.0,0.0405535886707434,0.012891344383057,0.161663896967179,False,train/val only,test,170207,1863,0.0252935420743639,0.2775093934514224
dgraphfin,inductive_isolated,sage,7,feature_only,feature_only,0.0463614760346141,0.0222643111008754,0.7075452724297964,0.0234741784037558,0.0107353730542136,0.0305343511450381,0.0279119699409554,0.0299559471365638,0.0547504025764895,0.1565916795431445,0.0,0.0,0.0405535886707434,0.012891344383057,0.161663896967179,False,train/val only,test,170207,1863,0.0252935420743639,0.2775093934514224
dgraphfin,inductive_isolated,gcn,8,feature_only,feature_only,0.0410235098551412,0.0181100761690067,0.6908018475014316,0.022300469483568,0.0101986044015029,0.0217263652378156,0.0198604401502952,0.016446402349486,0.0300590445517981,0.3909122421522029,0.0,0.0,0.0375718678967776,0.0165745856353591,0.4014918824045634,False,train/val only,test,170207,1863,0.0210950498374368,0.7418142780461621
dgraphfin,inductive_isolated,sage,8,feature_only,feature_only,0.0410235098551412,0.0181100761690067,0.6908018475014316,0.022300469483568,0.0101986044015029,0.0217263652378156,0.0198604401502952,0.016446402349486,0.0300590445517981,0.3909122421522029,0.0,0.0,0.0375718678967776,0.0165745856353591,0.4014918824045634,False,train/val only,test,170207,1863,0.0210950498374368,0.7418142780461621
dgraphfin,inductive_isolated,gcn,9,feature_only,feature_only,0.0216663177726606,0.0072288210940097,0.3120826160113985,0.0,0.0,0.002348796241926,0.0021470746108427,0.0023494860499265,0.0042941492216854,0.9884787347171384,0.7448716542343133,0.7209038361896711,0.0185920086980157,0.0,0.9901820974111452,False,train/val only,test,170207,1863,0.0109518014919845,1.0
dgraphfin,inductive_isolated,sage,9,feature_only,feature_only,0.0216663177726606,0.0072288210940097,0.3120826160113985,0.0,0.0,0.002348796241926,0.0021470746108427,0.0023494860499265,0.0042941492216854,0.9884787347171384,0.6473501843543157,0.6418934971014933,0.0185920086980157,0.0,0.9901820974111452,False,train/val only,test,170207,1863,0.0109518014919845,1.0
dgraphfin,inductive_isolated,gcn,10,feature_only,feature_only,0.0217025170024418,0.0074731192449227,0.3319548154331331,0.0082159624413145,0.0037573805689747,0.004697592483852,0.0042941492216854,0.0038179148311306,0.0069779924852388,0.9862872854817956,0.1086276875822729,0.1006875604217331,0.0186183243508084,0.0018214936247723,0.9887560333479596,False,train/val only,test,170207,1863,0.0109703646968715,0.9994632313472892
dgraphfin,inductive_isolated,sage,10,feature_only,feature_only,0.0217025170024418,0.0074731192449227,0.3319548154331331,0.0082159624413145,0.0037573805689747,0.004697592483852,0.0042941492216854,0.0038179148311306,0.0069779924852388,0.9862872854817956,0.642241570787615,0.6358961352000774,0.0186183243508084,0.0018214936247723,0.9887560333479596,False,train/val only,test,170207,1863,0.0109703646968715,0.9994632313472892
dgraphfin,transductive,gcn,1,feature_only,feature_only,0.0220153716796343,0.0080511104936827,0.3702667386022878,0.0093896713615023,0.0042941492216854,0.007046388725778,0.0064412238325281,0.0067547723935389,0.0123456790123456,0.9704653745145616,0.4229071458246779,0.4060589093734268,0.0187641005887855,0.0054644808743169,0.9781702501096972,False,train/val only,test,170207,1863,0.0111304701860267,0.9978529253891572
dgraphfin,transductive,sage,1,feature_only,feature_only,0.0220153716796343,0.0080511104936827,0.3702667386022878,0.0093896713615023,0.0042941492216854,0.007046388725778,0.0064412238325281,0.0067547723935389,0.0123456790123456,0.9704653745145616,0.8704201404124616,0.8640728454451716,0.0187641005887855,0.0054644808743169,0.9781702501096972,False,train/val only,test,170207,1863,0.0111304701860267,0.9978529253891572
dgraphfin,transductive,gcn,2,feature_only,feature_only,0.0487106017191977,0.023456423203623,0.7111465365540269,0.0305164319248826,0.0139559849704777,0.0369935408103347,0.0338164251207729,0.0325991189427312,0.0595813204508856,0.1383256857826058,0.0,0.0,0.0432818968761761,0.0209790209790209,0.1412420594376082,False,train/val only,test,170207,1863,0.027027027027027,0.2463768115942029
dgraphfin,transductive,sage,2,feature_only,feature_only,0.0487106017191977,0.023456423203623,0.7111465365540269,0.0305164319248826,0.0139559849704777,0.0369935408103347,0.0338164251207729,0.0325991189427312,0.0595813204508856,0.1383256857826058,0.0253540201955824,0.0219911948941258,0.0432818968761761,0.0209790209790209,0.1412420594376082,False,train/val only,test,170207,1863,0.027027027027027,0.2463768115942029
dgraphfin,transductive,gcn,3,feature_only,feature_only,0.0251138141703556,0.0101589994342219,0.4980438541239165,0.0152582159624413,0.0069779924852388,0.012918379330593,0.0118089103596349,0.0091042584434654,0.0166398282340311,0.734699512946001,0.0,0.0,0.0227748790798644,0.007366482504604,0.7532514091099205,False,train/val only,test,170207,1863,0.0127435803316363,0.8572195383789587
dgraphfin,transductive,sage,3,feature_only,feature_only,0.0251138141703556,0.0101589994342219,0.4980438541239165,0.0152582159624413,0.0069779924852388,0.012918379330593,0.0118089103596349,0.0091042584434654,0.0166398282340311,0.734699512946001,0.6353641777370591,0.6126394518898918,0.0227748790798644,0.007366482504604,0.7532514091099205,False,train/val only,test,170207,1863,0.0127435803316363,0.8572195383789587
dgraphfin,transductive,gcn,4,feature_only,feature_only,0.0365123946757845,0.0175468412775458,0.6502838126307788,0.022300469483568,0.0101986044015029,0.0211391661773341,0.0193236714975845,0.0287812041116005,0.0526033279656468,0.2151497881990752,0.105665862220272,0.0903112441679645,0.0334562697576396,0.0165745856353591,0.2262411715828832,False,train/val only,test,170207,1863,0.0193571359207587,0.3209876543209876
dgraphfin,transductive,sage,4,feature_only,feature_only,0.0365123946757845,0.0175468412775458,0.6502838126307788,0.022300469483568,0.0101986044015029,0.0211391661773341,0.0193236714975845,0.0287812041116005,0.0526033279656468,0.2151497881990752,0.0977950855638438,0.0898575656851787,0.0334562697576396,0.0165745856353591,0.2262411715828832,False,train/val only,test,170207,1863,0.0193571359207587,0.3209876543209876
dgraphfin,transductive,gcn,5,feature_only,feature_only,0.0216929363689433,0.0071852529735193,0.3166155728235738,0.0,0.0,0.0005871990604815,0.0005367686527106,0.0002936857562408,0.0005367686527106,0.984706856944779,0.0869764384871237,0.0768929008639335,0.0186762778505897,0.0,0.9856296621325142,False,train/val only,test,170207,1863,0.0109657276745929,0.9973161567364466
dgraphfin,transductive,sage,5,feature_only,feature_only,0.0216929363689433,0.0071852529735193,0.3166155728235738,0.0,0.0,0.0005871990604815,0.0005367686527106,0.0002936857562408,0.0005367686527106,0.984706856944779,0.8246131171702284,0.8154921584329347,0.0186762778505897,0.0,0.9856296621325142,False,train/val only,test,170207,1863,0.0109657276745929,0.9973161567364466
dgraphfin,transductive,gcn,6,feature_only,feature_only,0.0410854451670778,0.0175960995463082,0.66706704466985,0.0117370892018779,0.0053676865271068,0.0223135642982971,0.0203972088030059,0.0143906020558002,0.0263016639828234,0.3883095289852943,0.0,0.0,0.037423436763815,0.0147329650092081,0.3992156647652479,False,train/val only,test,170207,1863,0.0211313094029713,0.7375201288244766
dgraphfin,transductive,sage,6,feature_only,feature_only,0.0410854451670778,0.0175960995463082,0.66706704466985,0.0117370892018779,0.0053676865271068,0.0223135642982971,0.0203972088030059,0.0143906020558002,0.0263016639828234,0.3883095289852943,0.2172718038598657,0.2098607359146145,0.037423436763815,0.0147329650092081,0.3992156647652479,False,train/val only,test,170207,1863,0.0211313094029713,0.7375201288244766
dgraphfin,transductive,gcn,7,feature_only,feature_only,0.0463783686990778,0.0222911503602169,0.7077119396959053,0.0234741784037558,0.0107353730542136,0.0305343511450381,0.0279119699409554,0.0299559471365638,0.0547504025764895,0.1567620603147931,0.0,0.0,0.0408097686375321,0.012891344383057,0.1617677606979642,False,train/val only,test,170207,1863,0.0252991452991453,0.2780461621041331
dgraphfin,transductive,sage,7,feature_only,feature_only,0.0463783686990778,0.0222911503602169,0.7077119396959053,0.0234741784037558,0.0107353730542136,0.0305343511450381,0.0279119699409554,0.0299559471365638,0.0547504025764895,0.1567620603147931,0.0,0.0,0.0408097686375321,0.012891344383057,0.1617677606979642,False,train/val only,test,170207,1863,0.0252991452991453,0.2780461621041331
dgraphfin,transductive,gcn,8,feature_only,feature_only,0.0414754945155115,0.0180663849251255,0.6903647153979547,0.022300469483568,0.0101986044015029,0.0217263652378156,0.0198604401502952,0.0167400881057268,0.0305958132045088,0.3823814531717261,0.0,0.0,0.0373639909669472,0.0165745856353591,0.393346862659061,False,train/val only,test,170207,1863,0.0213417970887599,0.7326892109500805
dgraphfin,transductive,sage,8,feature_only,feature_only,0.0414754945155115,0.0180663849251255,0.6903647153979547,0.022300469483568,0.0101986044015029,0.0217263652378156,0.0198604401502952,0.0167400881057268,0.0305958132045088,0.3823814531717261,0.0,0.0,0.0373639909669472,0.0165745856353591,0.393346862659061,False,train/val only,test,170207,1863,0.0213417970887599,0.7326892109500805
dgraphfin,transductive,gcn,9,feature_only,feature_only,0.0216668217342761,0.0072425464911071,0.3131932151095465,0.0,0.0,0.002348796241926,0.0021470746108427,0.0023494860499265,0.0042941492216854,0.9884552339210492,0.8294557540506855,0.819634246484668,0.0185925140667047,0.0,0.9901546731022378,False,train/val only,test,170207,1863,0.0109520590223685,1.0
dgraphfin,transductive,sage,9,feature_only,feature_only,0.0216668217342761,0.0072425464911071,0.3131932151095465,0.0,0.0,0.002348796241926,0.0021470746108427,0.0023494860499265,0.0042941492216854,0.9884552339210492,0.847457627118644,0.842148897512484,0.0185925140667047,0.0,0.9901546731022378,False,train/val only,test,170207,1863,0.0109520590223685,1.0
dgraphfin,transductive,gcn,10,feature_only,feature_only,0.0217025170024418,0.007473230801249,0.331966893556835,0.0082159624413145,0.0037573805689747,0.004697592483852,0.0042941492216854,0.0038179148311306,0.0069779924852388,0.9862872854817956,0.8875603334795963,0.8807954672046543,0.0186183243508084,0.0018214936247723,0.9887560333479596,False,train/val only,test,170207,1863,0.0109703646968715,0.9994632313472892
dgraphfin,transductive,sage,10,feature_only,feature_only,0.0217025170024418,0.007473230801249,0.331966893556835,0.0082159624413145,0.0037573805689747,0.004697592483852,0.0042941492216854,0.0038179148311306,0.0069779924852388,0.9862872854817956,0.866876456412197,0.8638686578206592,0.0186183243508084,0.0018214936247723,0.9887560333479596,False,train/val only,test,170207,1863,0.0109703646968715,0.9994632313472892
elliptic,strict_inductive,gcn,1,graph_only,graph_only,0.5101289134438306,0.481679561624901,0.8752629108673735,0.7261904761904762,0.0563250230840258,0.8083832335329342,0.1246537396121883,0.7395209580838323,0.2280701754385964,0.1907618476304739,0.0835197613721103,0.0176652680269284,0.0,0.0,0.5903361344537815,False,train/val only,test,16670,1083,0.5087235996326905,0.5115420129270545
elliptic,strict_inductive,sage,1,graph_only,graph_only,0.5656565656565657,0.56803585336822,0.8810975846351586,0.988095238095238,0.0766389658356417,0.9461077844311376,0.1458910433979686,0.8353293413173652,0.2576177285318559,0.1729454109178164,0.0106157112526539,0.0033924471783759,0.0,0.0,0.5882352941176471,False,train/val only,test,16670,1083,0.5903614457831325,0.5429362880886427
elliptic,strict_inductive,gcn,2,graph_only,graph_only,0.5263157894736842,0.4935268867717903,0.8742041883163639,0.6785714285714286,0.0526315789473684,0.7904191616766467,0.1218836565096952,0.7904191616766467,0.2437673130193905,0.1899220155968806,0.0805369127516778,0.016997622579621,0.0,0.0,0.5882352941176471,False,train/val only,test,16670,1083,0.569280343716434,0.4893813481071098
elliptic,strict_inductive,sage,2,graph_only,graph_only,0.6198714780029659,0.6405174121102664,0.8873239478337448,1.0,0.077562326869806,1.0,0.1542012927054478,0.940119760479042,0.2899353647276085,0.1555488902219556,0.0100401606425702,0.0008094000652469,0.0,0.0,0.5966386554621849,False,train/val only,test,16670,1083,0.6670212765957447,0.5789473684210527
elliptic,strict_inductive,gcn,3,graph_only,graph_only,0.4700193423597678,0.432777011581731,0.8667883913252283,0.7023809523809523,0.0544783010156971,0.7425149700598802,0.1144967682363804,0.6646706586826348,0.2049861495844875,0.208998200359928,0.1931216931216931,0.031410429843482,0.0,0.0,0.5882352941176471,False,train/val only,test,16670,1083,0.4934010152284264,0.4487534626038781
elliptic,strict_inductive,sage,3,graph_only,graph_only,0.6131889763779528,0.6446810258958481,0.8874801319209055,0.988095238095238,0.0766389658356417,0.994011976047904,0.1532779316712834,0.9550898203592816,0.2945521698984303,0.1575284943011397,0.0,0.0,0.0,0.0,0.5840336134453782,False,train/val only,test,16670,1083,0.6564805057955743,0.5752539242843951
elliptic,strict_inductive,gcn,4,graph_only,graph_only,0.4853014449427005,0.4511486903745949,0.8708399362799729,0.6904761904761905,0.0535549399815327,0.7604790419161677,0.1172668513388735,0.6616766467065869,0.2040627885503231,0.2049790041991601,0.1666666666666666,0.0289492648553125,0.0,0.0,0.592436974789916,False,train/val only,test,16670,1083,0.5270562770562771,0.4496768236380424
elliptic,strict_inductive,sage,4,graph_only,graph_only,0.620821394460363,0.646021729826782,0.8941999870740118,1.0,0.077562326869806,0.9880239520958084,0.1523545706371191,0.9730538922155688,0.3000923361034164,0.1515296940611877,0.0220883534136546,0.0020343546470526,0.0,0.0,0.5819327731092437,False,train/val only,test,16670,1083,0.6429277942631059,0.6001846722068329
elliptic,strict_inductive,gcn,5,graph_only,graph_only,0.4993264481365064,0.4696562131563378,0.8740593189117929,0.7976190476190477,0.061865189289012,0.7964071856287425,0.1228070175438596,0.7215568862275449,0.2225300092336103,0.1933413317336532,0.0859788359788359,0.0185439640387916,0.0,0.0,0.5903361344537815,False,train/val only,test,16670,1083,0.486013986013986,0.5133887349953832
elliptic,strict_inductive,sage,5,graph_only,graph_only,0.5742663656884875,0.5963565204280525,0.8791092809365192,1.0,0.077562326869806,0.9820359281437124,0.1514312096029547,0.8832335329341318,0.2723915050784857,0.1638272345530894,0.0070224719101123,0.0008611218156121,0.0,0.0,0.5903361344537815,False,train/val only,test,16670,1083,0.5618374558303887,0.5872576177285319
elliptic,strict_inductive,gcn,6,graph_only,graph_only,0.4840319361277445,0.4786862306781212,0.8754373702402877,0.7857142857142857,0.0609418282548476,0.8323353293413174,0.1283471837488458,0.7514970059880239,0.2317636195752539,0.2055188962207558,0.1375661375661376,0.0253443583358646,0.0,0.0,0.5903361344537815,False,train/val only,test,16670,1083,0.5266015200868621,0.4478301015697137
elliptic,strict_inductive,sage,6,graph_only,graph_only,0.5869175627240144,0.6163644243786824,0.8906525971254426,0.988095238095238,0.0766389658356417,0.9820359281437124,0.1514312096029547,0.9041916167664672,0.2788550323176362,0.1580083983203359,0.0220883534136546,0.0024363113463701,0.0,0.0,0.5903361344537815,False,train/val only,test,16670,1083,0.5700609225413403,0.6048014773776547
elliptic,strict_inductive,gcn,7,graph_only,graph_only,0.4852809991079393,0.448992850773499,0.8676157256553201,0.7261904761904762,0.0563250230840258,0.7784431137724551,0.1200369344413665,0.7005988023952096,0.2160664819944598,0.1985602879424115,0.1043997017151379,0.0224275536497272,0.0,0.0,0.5945378151260504,False,train/val only,test,16670,1083,0.4693701466781708,0.5023084025854109
elliptic,strict_inductive,sage,7,graph_only,graph_only,0.5855588526211671,0.5988955599647827,0.8804367716284156,0.988095238095238,0.0766389658356417,0.9880239520958084,0.1523545706371191,0.8832335329341318,0.2723915050784857,0.1680863827234553,0.0361445783132529,0.0036215248780595,0.0,0.0,0.5945378151260504,False,train/val only,test,16670,1083,0.630457933972311,0.5466297322253001
elliptic,strict_inductive,gcn,8,graph_only,graph_only,0.4862222222222222,0.4370640356134435,0.8681197621831437,0.7619047619047619,0.0590951061865189,0.7425149700598802,0.1144967682363804,0.6616766467065869,0.2040627885503231,0.1979604079184163,0.0999254287844891,0.0214796071405371,0.0,0.0,0.5945378151260504,False,train/val only,test,16670,1083,0.4687232219365895,0.5050784856879039
elliptic,strict_inductive,sage,8,graph_only,graph_only,0.5792245093346099,0.5592367001310002,0.885956233741438,0.9523809523809524,0.0738688827331486,0.8562874251497006,0.1320406278855032,0.8023952095808383,0.247460757156048,0.1674265146970605,0.0321285140562249,0.0035575830392852,0.0,0.0,0.5987394957983193,False,train/val only,test,16670,1083,0.6013916500994035,0.5586334256694367
elliptic,strict_inductive,gcn,9,graph_only,graph_only,0.4890404286410131,0.4655094564194458,0.8742185538165106,0.7976190476190477,0.061865189289012,0.7904191616766467,0.1218836565096952,0.7005988023952096,0.2160664819944598,0.2023395320935812,0.1296296296296296,0.0253900400235853,0.0,0.0,0.5903361344537815,False,train/val only,test,16670,1083,0.5175257731958763,0.4635272391505078
elliptic,strict_inductive,sage,9,graph_only,graph_only,0.5965858041329739,0.622940149376294,0.8951871190809919,1.0,0.077562326869806,0.9880239520958084,0.1523545706371191,0.9041916167664672,0.2788550323176362,0.1544091181763647,0.0087994971715901,0.0008203221259831,0.0,0.0,0.5882352941176471,False,train/val only,test,16670,1083,0.5809273840769904,0.6131117266851339
elliptic,strict_inductive,gcn,10,graph_only,graph_only,0.5218617771509168,0.5086957549239188,0.876334103264902,0.7857142857142857,0.0609418282548476,0.8323353293413174,0.1283471837488458,0.7994011976047904,0.2465373961218836,0.1877024595080983,0.0846560846560846,0.0130384120628795,0.0,0.0,0.592436974789916,False,train/val only,test,16670,1083,0.5316091954022989,0.5124653739612188
elliptic,strict_inductive,sage,10,graph_only,graph_only,0.5977011494252874,0.6209115473432685,0.8928605596881792,1.0,0.077562326869806,0.9880239520958084,0.1523545706371191,0.9101796407185628,0.2807017543859649,0.1605278944211157,0.0070257611241217,0.0008117647209278,0.0,0.0,0.5945378151260504,False,train/val only,test,16670,1083,0.6208955223880597,0.5761772853185596
elliptic,inductive_isolated,gcn,1,graph_only,graph_only,0.5565985643290999,0.5686123415822131,0.8653480203837265,0.9761904761904762,0.0757156048014773,0.9640718562874252,0.1486611265004616,0.9550898203592816,0.2945521698984303,0.1871025794841032,0.1215510812826249,0.0178557185932417,0.0,0.0,0.5882352941176471,False,train/val only,test,16670,1083,0.6923076923076923,0.4653739612188365
elliptic,inductive_isolated,sage,1,graph_only,graph_only,0.4873949579831932,0.4096704842375303,0.8597253636263522,0.7380952380952381,0.0572483841181902,0.6107784431137725,0.0941828254847645,0.5179640718562875,0.1597414589104339,0.2004799040191961,0.0863453815261043,0.0199706527388852,0.0,0.0,0.592436974789916,False,train/val only,test,16670,1083,0.4929178470254957,0.481994459833795
elliptic,inductive_isolated,gcn,2,graph_only,graph_only,0.5720887245841034,0.5706221387042654,0.8760053850780426,0.8571428571428571,0.0664819944598338,0.874251497005988,0.1348107109879963,0.8922155688622755,0.2751615881809787,0.1668866226754649,0.0380313199105145,0.0077168520809011,0.0,0.0,0.5882352941176471,False,train/val only,test,16670,1083,0.572617946345976,0.5715604801477377
elliptic,inductive_isolated,sage,2,graph_only,graph_only,0.5477099236641222,0.5093634052738258,0.8667715970188714,0.9404761904761904,0.0729455216989843,0.7604790419161677,0.1172668513388735,0.6826347305389222,0.2105263157894736,0.1790041991601679,0.037159372419488,0.0064154816525995,0.0,0.0,0.592436974789916,False,train/val only,test,16670,1083,0.5666337611056268,0.5300092336103417
elliptic,inductive_isolated,gcn,3,graph_only,graph_only,0.5147498931167165,0.5073025743058239,0.8659467211145779,0.7619047619047619,0.0590951061865189,0.8383233532934131,0.1292705447830101,0.8383233532934131,0.2585410895660203,0.183503299340132,0.0544369873228933,0.0114407661954432,0.0,0.0,0.5987394957983193,False,train/val only,test,16670,1083,0.4792993630573248,0.5558633425669437
elliptic,inductive_isolated,sage,3,graph_only,graph_only,0.5552536231884059,0.5195174043407335,0.8720410698097552,0.9404761904761904,0.0729455216989843,0.7604790419161677,0.1172668513388735,0.7215568862275449,0.2225300092336103,0.1716856628674265,0.0220883534136546,0.0031032807269736,0.0,0.0,0.5903361344537815,False,train/val only,test,16670,1083,0.5448888888888889,0.5660203139427517
elliptic,inductive_isolated,gcn,4,graph_only,graph_only,0.5419232591189009,0.5695107945675797,0.8717358103365371,0.9642857142857144,0.074792243767313,0.9580838323353292,0.1477377654662973,0.9191616766467066,0.283471837488458,0.180623875224955,0.0633855331841909,0.0109874064762354,0.0,0.0,0.5966386554621849,False,train/val only,test,16670,1083,0.556420233463035,0.5281625115420129
elliptic,inductive_isolated,sage,4,graph_only,graph_only,0.5529463890119627,0.5231032139358937,0.8713728815256173,0.9642857142857144,0.074792243767313,0.8083832335329342,0.1246537396121883,0.718562874251497,0.2216066481994459,0.1706658668266346,0.0562248995983935,0.0051039204075576,0.0,0.0,0.5861344537815126,False,train/val only,test,16670,1083,0.5315161839863713,0.5761772853185596
elliptic,inductive_isolated,gcn,5,graph_only,graph_only,0.4686274509803921,0.5173518159830944,0.8516340326932718,0.9761904761904762,0.0757156048014773,0.9700598802395208,0.149584487534626,0.940119760479042,0.2899353647276085,0.2101979604079184,0.1481481481481482,0.0327803944632861,0.0,0.0,0.592436974789916,False,train/val only,test,16670,1083,0.4994775339602926,0.4413665743305632
elliptic,inductive_isolated,sage,5,graph_only,graph_only,0.5073937153419594,0.4394341512121472,0.8573348259236083,0.7976190476190477,0.061865189289012,0.6467065868263473,0.0997229916897507,0.562874251497006,0.1735918744228993,0.1920815836832633,0.0903614457831325,0.011983092990622,0.0,0.0,0.5903361344537815,False,train/val only,test,16670,1083,0.5078630897317299,0.5069252077562327
elliptic,inductive_isolated,gcn,6,graph_only,graph_only,0.5201149425287356,0.5640232881796149,0.8708459786759108,0.9761904761904762,0.0757156048014773,0.9760479041916168,0.1505078485687904,0.9491017964071856,0.2927054478301015,0.1896820635872825,0.0611483967188665,0.0113083675195649,0.0,0.0,0.5966386554621849,False,train/val only,test,16670,1083,0.5402985074626866,0.5013850415512465
elliptic,inductive_isolated,sage,6,graph_only,graph_only,0.5342047930283225,0.4790914529103473,0.8695284697851472,0.8452380952380952,0.0655586334256694,0.7125748502994012,0.1098799630655586,0.6227544910179641,0.1920590951061865,0.1769046190761847,0.0542168674698795,0.008052553334487,0.0,0.0,0.6008403361344538,False,train/val only,test,16670,1083,0.5057755775577558,0.5660203139427517
elliptic,inductive_isolated,gcn,7,graph_only,graph_only,0.537182852143482,0.5704771387663157,0.8727063849938637,0.9642857142857144,0.074792243767313,0.9520958083832336,0.1468144044321329,0.9311377245508982,0.2871652816251154,0.1760047990401919,0.0648769574944071,0.010338077166127,0.0,0.0,0.5987394957983193,False,train/val only,test,16670,1083,0.5103906899418121,0.566943674976916
elliptic,inductive_isolated,sage,7,graph_only,graph_only,0.5290266259275426,0.4832341833317303,0.8597428095636437,0.9047619047619048,0.0701754385964912,0.7245508982035929,0.1117266851338873,0.6317365269461078,0.1948291782086796,0.1791841631673665,0.0843373493975903,0.0100289130046953,0.0,0.0,0.6029411764705882,False,train/val only,test,16670,1083,0.5016556291390728,0.5595567867036011
elliptic,inductive_isolated,gcn,8,graph_only,graph_only,0.5464788732394366,0.5674026829237082,0.873066114889287,0.9523809523809524,0.0738688827331486,0.9580838323353292,0.1477377654662973,0.8802395209580839,0.2714681440443213,0.1781643671265746,0.0723340790454884,0.0098384595177502,0.0,0.0,0.5966386554621849,False,train/val only,test,16670,1083,0.5558739255014327,0.5373961218836565
elliptic,inductive_isolated,sage,8,graph_only,graph_only,0.5040816326530612,0.430174449962092,0.862181716053479,0.6428571428571429,0.0498614958448753,0.592814371257485,0.0914127423822714,0.5299401197604791,0.1634349030470914,0.1996400719856028,0.0963855421686747,0.0202559494030273,0.0,0.0,0.6008403361344538,False,train/val only,test,16670,1083,0.5632839224629419,0.4561403508771929
elliptic,inductive_isolated,gcn,9,graph_only,graph_only,0.5418092909535452,0.5664018538904563,0.873397202643181,0.9523809523809524,0.0738688827331486,0.9640718562874252,0.1486611265004616,0.9131736526946108,0.2816251154201292,0.1831433713257348,0.0566741237882177,0.0099953194717494,0.0,0.0,0.5945378151260504,False,train/val only,test,16670,1083,0.5758835758835759,0.5115420129270545
elliptic,inductive_isolated,sage,9,graph_only,graph_only,0.5588803088803089,0.5230466225969194,0.8807770118349803,0.9047619047619048,0.0701754385964912,0.7544910179640718,0.1163434903047091,0.7065868263473054,0.2179132040627885,0.1757648470305939,0.0261044176706827,0.0029682204212275,0.0,0.0,0.5882352941176471,False,train/val only,test,16670,1083,0.5854398382204247,0.5346260387811634
elliptic,inductive_isolated,gcn,10,graph_only,graph_only,0.5849056603773586,0.6031915327231392,0.8766627918321735,0.9642857142857144,0.074792243767313,0.9580838323353292,0.1477377654662973,0.9550898203592816,0.2945521698984303,0.1734853029394121,0.0305741983594332,0.00552976753393,0.0,0.0,0.5903361344537815,False,train/val only,test,16670,1083,0.6763636363636364,0.5152354570637119
elliptic,inductive_isolated,sage,10,graph_only,graph_only,0.5333919156414764,0.4802705003490153,0.8742740313047055,0.9047619047619048,0.0701754385964912,0.7365269461077845,0.113573407202216,0.6467065868263473,0.1994459833795014,0.1779244151169766,0.036144578313253,0.0049645299196305,0.0,0.0,0.592436974789916,False,train/val only,test,16670,1083,0.5088013411567477,0.5604801477377654
elliptic,transductive,gcn,1,graph_only,graph_only,0.504881450488145,0.482251264241691,0.8746814783562858,0.7380952380952381,0.0572483841181902,0.8263473053892215,0.1274238227146814,0.7574850299401198,0.2336103416435826,0.1934613077384523,0.2473544973544973,0.0423439026596296,0.0,0.0,0.5903361344537815,False,train/val only,test,16670,1083,0.5084269662921348,0.5013850415512465
elliptic,transductive,sage,1,graph_only,graph_only,0.4951923076923076,0.447093399390547,0.8537938041864445,0.9523809523809524,0.0738688827331486,0.7005988023952096,0.1080332409972299,0.5508982035928144,0.1698984302862419,0.1750449910017996,0.1197478991596638,0.02184183744135,0.0,0.0,0.7163865546218487,False,train/val only,test,16670,1083,0.3942044833242208,0.6657433056325023
elliptic,transductive,gcn,2,graph_only,graph_only,0.5306930693069307,0.499095180879988,0.8766894198417235,0.6666666666666666,0.051708217913204,0.7904191616766467,0.1218836565096952,0.7844311377245509,0.2419205909510618,0.188122375524895,0.1653439153439153,0.0335310579905573,0.0,0.0,0.5882352941176471,False,train/val only,test,16670,1083,0.5720384204909285,0.494921514312096
elliptic,transductive,sage,2,graph_only,graph_only,0.5818847209515097,0.5440721956998189,0.871110303878608,0.8928571428571429,0.0692520775623268,0.844311377245509,0.1301939058171745,0.7544910179640718,0.2326869806094182,0.1620875824835033,0.0608622147083685,0.0111923891522765,0.0,0.0,0.5966386554621849,False,train/val only,test,16670,1083,0.5766092475067996,0.5872576177285319
elliptic,transductive,gcn,3,graph_only,graph_only,0.471536523929471,0.4398606953682042,0.8676698702620581,0.6785714285714286,0.0526315789473684,0.7425149700598802,0.1144967682363804,0.6706586826347305,0.2068328716528162,0.210497900419916,0.3373015873015872,0.058601216989504,0.0,0.0,0.5882352941176471,False,train/val only,test,16670,1083,0.5188470066518847,0.4321329639889196
elliptic,transductive,sage,3,graph_only,graph_only,0.5494071146245059,0.555314980492425,0.8681089510335489,0.988095238095238,0.0766389658356417,0.9520958083832336,0.1468144044321329,0.7604790419161677,0.234533702677747,0.1614877024595081,0.0247349823321554,0.0089466331392547,0.0,0.0,0.615546218487395,False,train/val only,test,16670,1083,0.4803040774015203,0.641735918744229
elliptic,transductive,gcn,4,graph_only,graph_only,0.482486433152442,0.4532014874373191,0.871022215224101,0.7023809523809523,0.0544783010156971,0.7664670658682635,0.1181902123730378,0.6766467065868264,0.2086795937211449,0.2054589082183563,0.3029100529100529,0.05746929663628,0.0,0.0,0.592436974789916,False,train/val only,test,16670,1083,0.5180084745762712,0.4515235457063712
elliptic,transductive,sage,4,graph_only,graph_only,0.5527442584663292,0.5369115042180055,0.8736427194075419,1.0,0.077562326869806,0.9221556886227544,0.1421975992613111,0.7544910179640718,0.2326869806094182,0.1584283143371326,0.0401606425702811,0.0069448311892077,0.0,0.0,0.6113445378151261,False,train/val only,test,16670,1083,0.477792732166891,0.6555863342566943
elliptic,transductive,gcn,5,graph_only,graph_only,0.4990892531876139,0.464669787104384,0.873339977599298,0.7738095238095238,0.0600184672206832,0.7844311377245509,0.1209602954755309,0.7155688622754491,0.2206832871652816,0.1943611277744451,0.2526455026455027,0.0466385015663042,0.0,0.0,0.592436974789916,False,train/val only,test,16670,1083,0.4923629829290206,0.5060018467220684
elliptic,transductive,sage,5,graph_only,graph_only,0.5383647798742138,0.4336331027760166,0.8633385386797163,0.8333333333333334,0.064635272391505,0.6407185628742516,0.0987996306555863,0.5089820359281437,0.1569713758079409,0.1718656268746251,0.0859788359788359,0.0238646036286081,0.0,0.0,0.6071428571428571,False,train/val only,test,16670,1083,0.4930875576036866,0.592797783933518
elliptic,transductive,gcn,6,graph_only,graph_only,0.4774455144450076,0.4718034512507146,0.8755256069927345,0.7857142857142857,0.0609418282548476,0.8203592814371258,0.1265004616805171,0.7455089820359282,0.2299168975069252,0.2086982603479304,0.2791005291005291,0.0522713983719349,0.0,0.0,0.592436974789916,False,train/val only,test,16670,1083,0.5292134831460674,0.4349030470914127
elliptic,transductive,sage,6,graph_only,graph_only,0.566213921901528,0.5631574012144592,0.8699020024085464,0.9761904761904762,0.0757156048014773,0.9461077844311376,0.1458910433979686,0.8173652694610778,0.2520775623268698,0.1611277744451109,0.0305532617671346,0.0066872774598369,0.0,0.0,0.6029411764705882,False,train/val only,test,16670,1083,0.5239591516103692,0.615881809787627
elliptic,transductive,gcn,7,graph_only,graph_only,0.4839572192513369,0.4512580281102715,0.8679062049541604,0.7380952380952381,0.0572483841181902,0.7844311377245509,0.1209602954755309,0.7035928143712575,0.2169898430286242,0.1990401919616077,0.2142857142857142,0.0500811202332582,0.0,0.0,0.5945378151260504,False,train/val only,test,16670,1083,0.4677002583979328,0.5013850415512465
elliptic,transductive,sage,7,graph_only,graph_only,0.5440826052422557,0.5003291546629858,0.8710303902303699,0.9523809523809524,0.0738688827331486,0.8023952095808383,0.123730378578024,0.6676646706586826,0.2059095106186519,0.164367126574685,0.0502008032128513,0.014936116786431,0.0,0.0,0.6071428571428571,False,train/val only,test,16670,1083,0.4773519163763066,0.6325023084025854
elliptic,transductive,gcn,8,graph_only,graph_only,0.4903225806451613,0.4346027737112781,0.8671162801636257,0.75,0.0581717451523545,0.7245508982035929,0.1117266851338873,0.6586826347305389,0.2031394275161588,0.1941811637672465,0.1944444444444444,0.0350402651097819,0.0,0.0,0.5945378151260504,False,train/val only,test,16670,1083,0.4589371980676328,0.5263157894736842
elliptic,transductive,sage,8,graph_only,graph_only,0.5157847932414407,0.4526179073985875,0.8716851312215871,0.75,0.0581717451523545,0.6766467065868264,0.1043397968605724,0.6137724550898204,0.1892890120036934,0.1860227954409118,0.0945229681978798,0.0247127465162725,0.0,0.0,0.6113445378151261,False,train/val only,test,16670,1083,0.4974271012006861,0.5355493998153278
elliptic,transductive,gcn,9,graph_only,graph_only,0.4593406593406593,0.4724347516943559,0.8750596908745781,0.8095238095238095,0.0627885503231763,0.8083832335329342,0.1246537396121883,0.7155688622754491,0.2206832871652816,0.2185962807438512,0.2989417989417989,0.0633100161241391,0.0,0.0,0.5882352941176471,False,train/val only,test,16670,1083,0.5671641791044776,0.3859649122807017
elliptic,transductive,sage,9,graph_only,graph_only,0.5473684210526316,0.5038806709480083,0.8653814312789128,0.9523809523809524,0.0738688827331486,0.8323353293413174,0.1283471837488458,0.6856287425149701,0.211449676823638,0.1647270545890821,0.0562248995983935,0.0113331204232766,0.0,0.0,0.6260504201680672,False,train/val only,test,16670,1083,0.487382840663302,0.6241920590951062
elliptic,transductive,gcn,10,graph_only,graph_only,0.5240793201133145,0.5102768545410091,0.875831932771118,0.7619047619047619,0.0590951061865189,0.8383233532934131,0.1292705447830101,0.8023952095808383,0.247460757156048,0.1871625674865027,0.2116402116402116,0.037457690377885,0.0,0.0,0.5903361344537815,False,train/val only,test,16670,1083,0.5362318840579711,0.5124653739612188
elliptic,transductive,sage,10,graph_only,graph_only,0.5439928539526574,0.5151870678433143,0.8720586934645742,0.9166666666666666,0.0710987996306555,0.8083832335329342,0.1246537396121883,0.7275449101796407,0.224376731301939,0.1749850029994001,0.0997464074387151,0.0246217318066065,0.0,0.0,0.5966386554621849,False,train/val only,test,16670,1083,0.5268166089965398,0.5623268698060941
dgraphfin,strict_inductive,gcn,1,graph_only,graph_only,0.0261981559651106,0.0124055140776757,0.5688201667883024,0.0082159624413145,0.0037573805689747,0.0076335877862595,0.0069779924852388,0.0085168869309838,0.0155662909286097,0.5657405394607742,0.0,0.0,0.0220359281437125,0.0018214936247723,0.5776056085562349,False,train/val only,test,170207,1863,0.0133571640086298,0.677938808373591
dgraphfin,strict_inductive,sage,1,graph_only,graph_only,0.0638808440215142,0.027914514496628,0.7329447263991231,0.0434272300469483,0.0198604401502952,0.0428655314151497,0.0391841116478797,0.0405286343612334,0.074074074074074,0.10117680236418,0.0,0.0,0.0579920260964117,0.0255009107468123,0.106858868997379,False,train/val only,test,170207,1863,0.0377616904715319,0.2071926999463231
dgraphfin,strict_inductive,gcn,2,graph_only,graph_only,0.023470175556376,0.0101158252743173,0.5022681970197823,0.0035211267605633,0.001610305958132,0.0029359953024075,0.0026838432635534,0.0055800293685756,0.0101986044015029,0.8573031661447531,0.7801191021530004,0.758649702952016,0.0201382532117041,0.0,0.8737278177219223,False,train/val only,test,170207,1863,0.0118837190329861,0.9382716049382716
dgraphfin,strict_inductive,sage,2,graph_only,graph_only,0.0614545193481226,0.0258534936958973,0.7237534910815364,0.0293427230046948,0.013419216317767,0.0340575455079271,0.0311325818572195,0.0372980910425844,0.0681696188942565,0.1105301192077881,0.0181274681878016,0.0133887939170248,0.055367579206398,0.0276243093922651,0.1145884234374305,False,train/val only,test,170207,1863,0.0354715730150837,0.2297369833601717
dgraphfin,strict_inductive,gcn,3,graph_only,graph_only,0.022261175494125,0.0094002675819448,0.4713454199512595,0.0,0.0,0.0,0.0,0.0017621145374449,0.003220611916264,0.9289688438195844,0.2284444931987714,0.1973876371586752,0.0193108997384982,0.0,0.936567573497148,False,train/val only,test,170207,1863,0.011260527371165,0.964573268921095
dgraphfin,strict_inductive,sage,3,graph_only,graph_only,0.0648718780408692,0.0279465111095142,0.7331816766751841,0.0363849765258215,0.0166398282340311,0.0428655314151497,0.0391841116478797,0.0399412628487518,0.0730005367686527,0.1167225789773628,0.0,0.0,0.0567129629629629,0.023391812865497,0.1210963528941406,False,train/val only,test,170207,1863,0.0368949232585596,0.2683843263553409
dgraphfin,strict_inductive,gcn,4,graph_only,graph_only,0.0210206240084611,0.014175335267758,0.6159317810737919,0.0129107981220657,0.0059044551798174,0.01174398120963,0.0107353730542136,0.0143906020558002,0.0263016639828234,0.1270570540577062,0.0,0.0,0.0165479200183865,0.007366482504604,0.1330460663675536,False,train/val only,test,170207,1863,0.0119864304560874,0.0853462157809984
dgraphfin,strict_inductive,sage,4,graph_only,graph_only,0.0455758352011954,0.0228606717799804,0.7291494885010268,0.022300469483568,0.0101986044015029,0.0240751614797416,0.0220075147611379,0.0261380323054331,0.0477724100912506,0.1388192025004847,0.0,0.0,0.0420954162768942,0.0145719489981785,0.1417751321576118,False,train/val only,test,170207,1863,0.0253037037037037,0.229200214707461
dgraphfin,strict_inductive,gcn,5,graph_only,graph_only,0.0221536664635384,0.0103075248707999,0.4867603947559363,0.0058685446009389,0.0026838432635534,0.004697592483852,0.0042941492216854,0.0067547723935389,0.0123456790123456,0.907824002538086,0.0,0.0,0.0191520080143787,0.0023310023310023,0.91479267222466,False,train/val only,test,170207,1863,0.0112093940503491,0.9366612989801396
dgraphfin,strict_inductive,sage,5,graph_only,graph_only,0.0520470102027637,0.0237047320531338,0.7291617483705183,0.0246478873239436,0.0112721417069243,0.0252495596007046,0.0230810520665593,0.0255506607929515,0.0466988727858293,0.1973361847632588,0.0,0.0,0.0446304044630404,0.0127504553734061,0.2078214129003949,False,train/val only,test,170207,1863,0.027689030883919,0.4326355340848094
dgraphfin,strict_inductive,gcn,6,graph_only,graph_only,0.0216539780321961,0.0086874184437913,0.4275147252989552,0.0011737089201877,0.0005367686527106,0.001174398120963,0.0010735373054213,0.0020558002936857,0.0037573805689747,0.9890545042213305,0.606392430367376,0.6002700628827531,0.0185839265337173,0.0,0.990620886353664,False,train/val only,test,170207,1863,0.0109454957786695,1.0
dgraphfin,strict_inductive,sage,6,graph_only,graph_only,0.0532564323433579,0.0240303179020403,0.726154826457769,0.0269953051643192,0.0123456790123456,0.0328831473869641,0.0300590445517981,0.0290748898678414,0.0531400966183574,0.175592073181479,0.0,0.0,0.0478048780487804,0.0175438596491228,0.1819877139096094,False,train/val only,test,170207,1863,0.0286254931959094,0.3816425120772946
dgraphfin,strict_inductive,gcn,7,graph_only,graph_only,0.0256089541076195,0.0121304508028999,0.569830493226953,0.0058685446009389,0.0026838432635534,0.0064591896652965,0.0059044551798174,0.0085168869309838,0.0155662909286097,0.4644051067229902,0.3174331295186122,0.3071469734534646,0.020566811532105,0.0,0.4693979167081599,False,train/val only,test,170207,1863,0.0131196490857203,0.533011272141707
dgraphfin,strict_inductive,sage,7,graph_only,graph_only,0.0487069777454858,0.0205414712956222,0.7187158851993091,0.0129107981220657,0.0059044551798174,0.0158543746330005,0.0144927536231884,0.0173274596182085,0.0316693505099302,0.2302079232934015,0.0891838525669153,0.0743455215637065,0.0441546556851979,0.0116550116550116,0.2455024133391838,False,train/val only,test,170207,1863,0.0256388463935633,0.4857756307031669
dgraphfin,strict_inductive,gcn,8,graph_only,graph_only,0.0217555752326556,0.0101215768283299,0.4865570531025996,0.0011737089201877,0.0005367686527106,0.001174398120963,0.0010735373054213,0.0020558002936857,0.0037573805689747,0.9802945824789816,0.5962862600506419,0.5888358729571468,0.0187470793589708,0.0,0.9823338445298652,False,train/val only,test,170207,1863,0.0109979367752033,0.9957058507783144
dgraphfin,strict_inductive,sage,8,graph_only,graph_only,0.021638025254052,0.0074055799377374,0.3270841430586538,0.0023474178403755,0.0010735373054213,0.0029359953024075,0.0026838432635534,0.0044052863436123,0.0080515297906602,0.9887842450663016,0.6040824485806939,0.5975283732427102,0.0185396618278693,0.0,0.99023694602896,False,train/val only,test,170207,1863,0.0109374724506168,0.9989264626945786
dgraphfin,strict_inductive,gcn,9,graph_only,graph_only,0.0309356774575268,0.0146457734493615,0.6023535132762047,0.0035211267605633,0.001610305958132,0.0064591896652965,0.0059044551798174,0.0123348017621145,0.0225442834138486,0.1698990053288055,0.0,0.0,0.0293879751954704,0.0018214936247723,0.1779760600689119,False,train/val only,test,170207,1863,0.0167897609982109,0.1964573268921095
dgraphfin,strict_inductive,sage,9,graph_only,graph_only,0.0476394237626586,0.022999765001212,0.7204263697555212,0.0293427230046948,0.013419216317767,0.0287727539635936,0.0263016639828234,0.0276064610866372,0.050456253354804,0.1496941958908858,0.0,0.0,0.0424369747899159,0.0127504553734061,0.152947447914353,False,train/val only,test,170207,1863,0.0261345852895148,0.2689210950080515
dgraphfin,strict_inductive,gcn,10,graph_only,graph_only,0.032282991328239,0.0144974566077533,0.5735070830096664,0.0234741784037558,0.0107353730542136,0.0281855549031121,0.0257648953301127,0.0223201174743024,0.0407944176060118,0.1055832016309552,0.0,0.0,0.0268741159830268,0.0116959064327485,0.1120689655172413,False,train/val only,test,170207,1863,0.0192150449713818,0.1009125067096081
dgraphfin,strict_inductive,sage,10,graph_only,graph_only,0.0507225007372456,0.0237878505748987,0.7281958555889024,0.0258215962441314,0.0118089103596349,0.0234879624192601,0.0214707461084272,0.0276064610866372,0.050456253354804,0.1282379690612019,0.0,0.0,0.0461336828309305,0.0069930069930069,0.1310692550308738,False,train/val only,test,170207,1863,0.0284919162470182,0.2308105206655931
dgraphfin,inductive_isolated,gcn,1,graph_only,graph_only,0.0286860385480872,0.0135745812837729,0.6036546983429298,0.0058685446009389,0.0026838432635534,0.0099823840281855,0.0091250670960815,0.0117474302496328,0.0214707461084272,0.592607824590058,0.0,0.0,0.0243913177475454,0.0054644808743169,0.6148255813953488,False,train/val only,test,170207,1863,0.0146093057091891,0.7869028448738594
dgraphfin,inductive_isolated,sage,1,graph_only,graph_only,0.041684296303261,0.0206581228610096,0.7100041478853119,0.0199530516431924,0.0091250670960815,0.0211391661773341,0.0193236714975845,0.0176211453744493,0.0322061191626409,0.3718119701304881,0.0,0.0,0.0368202017352049,0.0182149362477231,0.3833644142167617,False,train/val only,test,170207,1863,0.0214689265536723,0.7139023081052066
dgraphfin,inductive_isolated,gcn,2,graph_only,graph_only,0.0252138539330114,0.0108106103201065,0.5381999342832733,0.0023474178403755,0.0010735373054213,0.0017615971814445,0.001610305958132,0.0017621145374449,0.003220611916264,0.7580123026667528,0.6810531976338903,0.6592615347898522,0.0222723529201131,0.0,0.7746619132028122,False,train/val only,test,170207,1863,0.0127880788572486,0.8899624261943102
dgraphfin,inductive_isolated,sage,2,graph_only,graph_only,0.0416035008205048,0.0200443338323521,0.7050032036362218,0.0199530516431924,0.0091250670960815,0.0199647680563711,0.0182501341921631,0.0226138032305433,0.0413311862587224,0.372787253168201,0.2931384379113647,0.2760381699699839,0.0372358970783069,0.0139860139860139,0.3868747257569109,False,train/val only,test,170207,1863,0.0214255819194488,0.7144390767579173
dgraphfin,inductive_isolated,gcn,3,graph_only,graph_only,0.0216986582782307,0.0079247271589224,0.3762798251536632,0.0023474178403755,0.0010735373054213,0.003523194362889,0.003220611916264,0.0035242290748898,0.0064412238325281,0.984947740104696,0.279563405002194,0.2527548753263403,0.0185866514049001,0.0023310023310023,0.9876864853005703,False,train/val only,test,170207,1863,0.010968587005263,0.9978529253891572
dgraphfin,inductive_isolated,sage,3,graph_only,graph_only,0.0251928853289357,0.0181167086995099,0.6730038171207289,0.0082159624413145,0.0037573805689747,0.0099823840281855,0.0091250670960815,0.0126284875183553,0.0230810520665593,0.781507223557198,0.0933797718297498,0.0504267363014288,0.0218689206413094,0.0069930069930069,0.8015028521281263,False,train/val only,test,170207,1863,0.0127716113429226,0.9184111647879764
dgraphfin,inductive_isolated,gcn,4,graph_only,graph_only,0.0327919911012235,0.015917088523135,0.6520176196357284,0.0199530516431924,0.0091250670960815,0.0158543746330005,0.0144927536231884,0.0155653450807635,0.0284487385936661,0.5200021150716481,0.3218745643211377,0.3026549003291632,0.029722250691811,0.012891344383057,0.5249561211057482,False,train/val only,test,170207,1863,0.016742960346218,0.7911969940955448
dgraphfin,inductive_isolated,sage,4,graph_only,graph_only,0.0406263982102908,0.0175976178721989,0.6825000298445718,0.0093896713615023,0.0042941492216854,0.0123311802701115,0.0112721417069243,0.0161527165932452,0.0295222758990874,0.3897019511535953,0.1852655898344918,0.1729619304209651,0.0362735912193816,0.0109289617486338,0.4026985519964897,False,train/val only,test,170207,1863,0.0208937364812002,0.7310789049919485
dgraphfin,inductive_isolated,gcn,5,graph_only,graph_only,0.0215864478407549,0.0082168269456016,0.3765554936599544,0.0011737089201877,0.0005367686527106,0.0005871990604815,0.0005367686527106,0.0035242290748898,0.0064412238325281,0.9591262404013936,0.0,0.0,0.0187587756248244,0.0,0.9611289987536352,False,train/val only,test,170207,1863,0.0109152941604997,0.9651100375738056
dgraphfin,inductive_isolated,sage,5,graph_only,graph_only,0.0408613367111243,0.0181759700067814,0.6883377938851738,0.0164319248826291,0.0075147611379495,0.0193775689958896,0.0177133655394524,0.019676945668135,0.0359634997316156,0.3897078263526177,0.0,0.0,0.0365345869711215,0.0116550116550116,0.4011079420798596,False,train/val only,test,170207,1863,0.0210140706906593,0.7359098228663447
dgraphfin,inductive_isolated,gcn,6,graph_only,graph_only,0.021667035153659,0.0084318875507683,0.4163617610021695,0.0011737089201877,0.0005367686527106,0.0005871990604815,0.0005367686527106,0.0005873715124816,0.0010735373054213,0.9879382164070808,0.6050375372040336,0.5991511076887508,0.0186011095398672,0.0,0.9896884598508118,False,train/val only,test,170207,1863,0.0109522325026027,0.9994632313472892
dgraphfin,inductive_isolated,sage,6,graph_only,graph_only,0.0430597771023302,0.0189247226626229,0.7029296898365892,0.0176056338028169,0.0080515297906602,0.0146799765120375,0.013419216317767,0.0170337738619676,0.0311325818572195,0.3467659966981381,0.0,0.0,0.0377955127239873,0.0093240093240093,0.3604651162790697,False,train/val only,test,170207,1863,0.0222291960876614,0.6843800322061192
dgraphfin,inductive_isolated,gcn,7,graph_only,graph_only,0.0364175448773727,0.0179647666815936,0.6817005492472549,0.0258215962441314,0.0118089103596349,0.0217263652378156,0.0198604401502952,0.0187958883994126,0.0343531937734836,0.2061666088938762,0.0577555945590171,0.0501290004252441,0.0309946463792617,0.0147329650092081,0.2140741553312856,False,train/val only,test,170207,1863,0.0193718713570595,0.3032742887815352
dgraphfin,inductive_isolated,sage,7,graph_only,graph_only,0.04233801851217,0.0178925430135819,0.696467370738377,0.0070422535211267,0.003220611916264,0.014092777451556,0.0128824476650563,0.0143906020558002,0.0263016639828234,0.3430058693238233,0.2008830627468187,0.1868329530330887,0.0367854689765702,0.0087719298245614,0.3572016235190873,False,train/val only,test,170207,1863,0.0218673088159781,0.6629092860976918
dgraphfin,inductive_isolated,gcn,8,graph_only,graph_only,0.0239633840849842,0.0105264160712298,0.518146478510161,0.0011737089201877,0.0005367686527106,0.0005871990604815,0.0005367686527106,0.0005873715124816,0.0010735373054213,0.6859236106623112,0.3211575613933757,0.2916272237465963,0.0226836794262363,0.0,0.7128204106833437,False,train/val only,test,170207,1863,0.012174288179465,0.7573805689747719
dgraphfin,inductive_isolated,sage,8,graph_only,graph_only,0.0216636723587587,0.0074472581194795,0.3266974486003138,0.0,0.0,0.0029359953024075,0.0026838432635534,0.0052863436123348,0.0096618357487922,0.9886021138966082,0.6039047576740261,0.5973547247673414,0.0185925140667047,0.0,0.9901546731022378,False,train/val only,test,170207,1863,0.0109504496561453,1.0
dgraphfin,inductive_isolated,gcn,9,graph_only,graph_only,0.0270515267175572,0.0126650824374719,0.5699705108209657,0.0011737089201877,0.0005367686527106,0.0017615971814445,0.001610305958132,0.0049926578560939,0.0091250670960815,0.2700828990582056,0.0,0.0,0.0268249780123131,0.0,0.2931346969666792,False,train/val only,test,170207,1863,0.0141548293681503,0.3043478260869565
dgraphfin,inductive_isolated,sage,9,graph_only,graph_only,0.0431501286043048,0.0185316209560952,0.6914215336849943,0.0152582159624413,0.0069779924852388,0.0146799765120375,0.013419216317767,0.0161527165932452,0.0295222758990874,0.3460374720193646,0.0,0.0,0.0385749943272067,0.0046620046620046,0.3581340500219394,False,train/val only,test,170207,1863,0.0222773574685932,0.6843800322061192
dgraphfin,inductive_isolated,gcn,10,graph_only,graph_only,0.0226310552704996,0.0101485902235179,0.4760659926231871,0.0105633802816901,0.0048309178743961,0.01174398120963,0.0107353730542136,0.0108663729809104,0.0198604401502952,0.8858801341895457,0.0,0.0,0.0195471674990042,0.0058479532163742,0.8899044453676777,False,train/val only,test,170207,1863,0.0114543012876214,0.9339774557165862
dgraphfin,inductive_isolated,sage,10,graph_only,graph_only,0.0428306334319674,0.0194218491952988,0.7026363058985959,0.022300469483568,0.0101986044015029,0.0211391661773341,0.0193236714975845,0.0190895741556534,0.0348899624261943,0.3500619833496859,0.0,0.0,0.0386545808674807,0.0023310023310023,0.3611507240017551,False,train/val only,test,170207,1863,0.0221037374469406,0.6876006441223832
dgraphfin,transductive,gcn,1,graph_only,graph_only,0.0262057660984946,0.0124146286913797,0.5690477603447216,0.0082159624413145,0.0037573805689747,0.0076335877862595,0.0069779924852388,0.0085168869309838,0.0155662909286097,0.5655760338881479,0.0,0.0,0.0220317064993534,0.0018214936247723,0.5774263578242944,False,train/val only,test,170207,1863,0.0133611205145565,0.677938808373591
dgraphfin,transductive,sage,1,graph_only,graph_only,0.0654681647940074,0.0285081527587063,0.7343435009835572,0.0469483568075117,0.0214707461084272,0.0440399295361127,0.0402576489533011,0.0414096916299559,0.0756843800322061,0.1068111182266299,0.0,0.0,0.0591069707677481,0.0255009107468123,0.1118342143840789,False,train/val only,test,170207,1863,0.0380430051362409,0.2345679012345679
dgraphfin,transductive,gcn,2,graph_only,graph_only,0.0234836024302641,0.0101177409987025,0.5023405956144957,0.0035211267605633,0.001610305958132,0.0029359953024075,0.0026838432635534,0.0055800293685756,0.0101986044015029,0.8572679149506189,0.7383536816108667,0.7176453729266891,0.0201414319989897,0.0,0.873707900973929,False,train/val only,test,170207,1863,0.0118905174992521,0.9388083735909822
dgraphfin,transductive,sage,2,graph_only,graph_only,0.0641648077680094,0.0263419609614635,0.7266004735109146,0.0293427230046948,0.013419216317767,0.0328831473869641,0.0300590445517981,0.0390602055800293,0.0713902308105206,0.1160939326819696,0.0,0.0,0.0580281690140845,0.0276243093922651,0.1202967438141353,False,train/val only,test,170207,1863,0.0365498168771956,0.2624798711755233
dgraphfin,transductive,gcn,3,graph_only,graph_only,0.0222876810021394,0.0093943409126611,0.4710628817729737,0.0,0.0,0.0,0.0,0.0017621145374449,0.003220611916264,0.92784080560729,0.2271829749890302,0.1959945652959802,0.0193308977936311,0.0,0.9355802983764808,False,train/val only,test,170207,1863,0.0112740915478819,0.964573268921095
dgraphfin,transductive,sage,3,graph_only,graph_only,0.0661637397971803,0.0285042258863174,0.7329574709240535,0.0422535211267605,0.0193236714975845,0.0416911332941867,0.0381105743424584,0.0408223201174743,0.0746108427267847,0.1199363128425975,0.0,0.0,0.060327868852459,0.0263157894736842,0.1236728710408244,False,train/val only,test,170207,1863,0.0373890558389824,0.2871712292002147
dgraphfin,transductive,gcn,4,graph_only,graph_only,0.0210736912304101,0.0141791792025952,0.6159952773133376,0.0129107981220657,0.0059044551798174,0.01174398120963,0.0107353730542136,0.0143906020558002,0.0263016639828234,0.1263109037818656,0.0,0.0,0.0167480809490579,0.007366482504604,0.1324907822842166,False,train/val only,test,170207,1863,0.0120316783429789,0.0848094471282877
dgraphfin,transductive,sage,4,graph_only,graph_only,0.0458540783084393,0.023359769202803,0.7303226974294309,0.0234741784037558,0.0107353730542136,0.0270111567821491,0.0246913580246913,0.0255506607929515,0.0466988727858293,0.1262169005975077,0.0,0.0,0.0444743935309973,0.0145719489981785,0.1298254186841988,False,train/val only,test,170207,1863,0.0258919894488407,0.2002147074610842
dgraphfin,transductive,gcn,5,graph_only,graph_only,0.0221601016518424,0.0102977020167087,0.4864972954058312,0.0046948356807511,0.0021470746108427,0.004697592483852,0.0042941492216854,0.006461086637298,0.0118089103596349,0.9070602266651784,0.0,0.0,0.0191729101527933,0.0023310023310023,0.9137779727950855,False,train/val only,test,170207,1863,0.0112127660942412,0.9361245303274288
dgraphfin,transductive,sage,5,graph_only,graph_only,0.0553462081959491,0.0241054315230427,0.7293806898707957,0.0246478873239436,0.0112721417069243,0.0258367586611861,0.0236178207192699,0.0249632892804698,0.0456253354804079,0.1686064615438848,0.0,0.0,0.0487392113724826,0.0184162062615101,0.1758720930232558,False,train/val only,test,170207,1863,0.0298564350146105,0.3784219001610306
dgraphfin,transductive,gcn,6,graph_only,graph_only,0.0216539780321961,0.0086784894099883,0.4270520068956775,0.0011737089201877,0.0005367686527106,0.001174398120963,0.0010735373054213,0.0020558002936857,0.0037573805689747,0.9890545042213305,0.6065701212740437,0.600357708291811,0.0185839265337173,0.0,0.990620886353664,False,train/val only,test,170207,1863,0.0109454957786695,1.0
dgraphfin,transductive,sage,6,graph_only,graph_only,0.0545202075568223,0.0247038593199773,0.7282415423353286,0.0269953051643192,0.0123456790123456,0.0287727539635936,0.0263016639828234,0.029662261380323,0.0542136339237788,0.1782652887366559,0.0,0.0,0.0487881157154026,0.0204678362573099,0.1872257569109258,False,train/val only,test,170207,1863,0.0292514606124769,0.4004294149221685
dgraphfin,transductive,gcn,7,graph_only,graph_only,0.0256168818605131,0.0121317688242283,0.5698555199410332,0.0058685446009389,0.0026838432635534,0.0064591896652965,0.0059044551798174,0.0085168869309838,0.0155662909286097,0.4642641019464534,0.3171542950467048,0.3068287980068372,0.020578147966683,0.0,0.469198749228226,False,train/val only,test,170207,1863,0.0131238105307676,0.533011272141707
dgraphfin,transductive,sage,7,graph_only,graph_only,0.0482357712586183,0.0205544492244505,0.7183105633917963,0.0129107981220657,0.0059044551798174,0.0146799765120375,0.013419216317767,0.0167400881057268,0.0305958132045088,0.2296321537892096,0.0892935498025449,0.0736750424830763,0.0436920965343703,0.0109289617486338,0.2458589293549802,False,train/val only,test,170207,1863,0.0253971869483514,0.4787976382179281
dgraphfin,transductive,gcn,8,graph_only,graph_only,0.0217581270416571,0.010088270132455,0.4853475970489994,0.0011737089201877,0.0005367686527106,0.001174398120963,0.0010735373054213,0.0017621145374449,0.003220611916264,0.9801770784985342,0.6042379281240282,0.5972128619057824,0.0187491408934707,0.0,0.9821944272939116,False,train/val only,test,170207,1863,0.0109992410227218,0.9957058507783144
dgraphfin,transductive,sage,8,graph_only,graph_only,0.021638025254052,0.0074261056755623,0.3290008309672582,0.0035211267605633,0.001610305958132,0.0029359953024075,0.0026838432635534,0.0044052863436123,0.0080515297906602,0.9887842450663016,0.6121007507440808,0.6060232482307861,0.0185396618278693,0.0,0.99023694602896,False,train/val only,test,170207,1863,0.0109374724506168,0.9989264626945786
dgraphfin,transductive,gcn,9,graph_only,graph_only,0.0308733347430746,0.0146395692144689,0.6022653394658062,0.0035211267605633,0.001610305958132,0.0064591896652965,0.0059044551798174,0.0123348017621145,0.0225442834138486,0.1698343781395594,0.0,0.0,0.0294038305907742,0.0018214936247723,0.1778963930769383,False,train/val only,test,170207,1863,0.0167569552841795,0.1959205582393988
dgraphfin,transductive,sage,9,graph_only,graph_only,0.0484551250613045,0.0231461776026712,0.7202461385141673,0.028169014084507,0.0128824476650563,0.0281855549031121,0.0257648953301127,0.0273127753303964,0.0499194847020934,0.1461632012784433,0.0,0.0,0.0454642933733647,0.0182149362477231,0.1505930434010039,False,train/val only,test,170207,1863,0.0266637879851028,0.2651637144390767
dgraphfin,transductive,gcn,10,graph_only,graph_only,0.0318718235851494,0.0144603531533645,0.572923490902214,0.022300469483568,0.0101986044015029,0.0275983558426306,0.025228126677402,0.0223201174743024,0.0407944176060118,0.1054656976505079,0.0,0.0,0.026950354609929,0.0116959064327485,0.1118612380556709,False,train/val only,test,170207,1863,0.0189821465216499,0.0993022007514761
dgraphfin,transductive,sage,10,graph_only,graph_only,0.0559562297935836,0.024907873770522,0.7308477275360993,0.0258215962441314,0.0118089103596349,0.0246623605402231,0.0225442834138486,0.0287812041116005,0.0526033279656468,0.1224156468300363,0.0,0.0,0.0513109670143783,0.0069930069930069,0.1256941051041712,False,train/val only,test,170207,1863,0.031643344349905,0.2415458937198067
elliptic,strict_inductive,gcn,1,best_val_branch,best_val_branch,0.5101281521289789,0.467131898960503,0.8774880231715221,0.7261904761904762,0.0563250230840258,0.7305389221556886,0.1126500461680517,0.6676646706586826,0.2059095106186519,0.1829034193161367,0.0636042402826854,0.0120055283318362,0.0,0.0,0.5987394957983193,False,train/val only,test,16670,1083,0.4618263473053892,0.569713758079409
elliptic,strict_inductive,sage,1,best_val_branch,best_val_branch,0.5656565656565657,0.56803585336822,0.8810975846351586,0.988095238095238,0.0766389658356417,0.9461077844311376,0.1458910433979686,0.8353293413173652,0.2576177285318559,0.1729454109178164,0.0106157112526539,0.0033924471783759,0.0,0.0,0.5882352941176471,False,train/val only,test,16670,1083,0.5903614457831325,0.5429362880886427
elliptic,strict_inductive,gcn,2,best_val_branch,best_val_branch,0.5185185185185185,0.4866035313533174,0.8740354455239204,0.8333333333333334,0.064635272391505,0.8143712574850299,0.1255771006463527,0.7005988023952096,0.2160664819944598,0.1833833233353329,0.0760777683854607,0.0148426035882362,0.0,0.0,0.5945378151260504,False,train/val only,test,16670,1083,0.4909240924092409,0.5493998153277931
elliptic,strict_inductive,sage,2,best_val_branch,best_val_branch,0.6198714780029659,0.6405174121102664,0.8873239478337448,1.0,0.077562326869806,1.0,0.1542012927054478,0.940119760479042,0.2899353647276085,0.1555488902219556,0.0100401606425702,0.0008094000652469,0.0,0.0,0.5966386554621849,False,train/val only,test,16670,1083,0.6670212765957447,0.5789473684210527
elliptic,strict_inductive,gcn,3,best_val_branch,best_val_branch,0.4929971988795518,0.5053356997294912,0.8823085222485462,0.8333333333333334,0.064635272391505,0.8562874251497006,0.1320406278855032,0.7425149700598802,0.2289935364727608,0.1880623875224955,0.0417690417690417,0.0117689686504087,0.0,0.0,0.5987394957983193,False,train/val only,test,16670,1083,0.4350282485875706,0.5687903970452447
elliptic,strict_inductive,sage,3,best_val_branch,best_val_branch,0.6131889763779528,0.6446810258958481,0.8874801319209055,0.988095238095238,0.0766389658356417,0.994011976047904,0.1532779316712834,0.9550898203592816,0.2945521698984303,0.1575284943011397,0.0,0.0,0.0,0.0,0.5840336134453782,False,train/val only,test,16670,1083,0.6564805057955743,0.5752539242843951
elliptic,strict_inductive,gcn,4,best_val_branch,best_val_branch,0.51319381255687,0.4147945177968485,0.8668361084813854,0.6666666666666666,0.051708217913204,0.6167664670658682,0.0951061865189289,0.5568862275449101,0.1717451523545706,0.1887222555488902,0.0718512256973795,0.0115846652022522,0.0,0.0,0.5945378151260504,False,train/val only,test,16670,1083,0.5058295964125561,0.5207756232686981
elliptic,strict_inductive,sage,4,best_val_branch,best_val_branch,0.620821394460363,0.646021729826782,0.8941999870740118,1.0,0.077562326869806,0.9880239520958084,0.1523545706371191,0.9730538922155688,0.3000923361034164,0.1515296940611877,0.0220883534136546,0.0020343546470526,0.0,0.0,0.5819327731092437,False,train/val only,test,16670,1083,0.6429277942631059,0.6001846722068329
elliptic,strict_inductive,gcn,5,best_val_branch,best_val_branch,0.509392747924858,0.4213167919742409,0.8710705543916045,0.6309523809523809,0.0489381348107109,0.6047904191616766,0.0932594644506001,0.5508982035928144,0.1698984302862419,0.1873425314937012,0.0856890459363957,0.0123406809497482,0.0,0.0,0.5945378151260504,False,train/val only,test,16670,1083,0.4834162520729685,0.5383194829178208
elliptic,strict_inductive,sage,5,best_val_branch,best_val_branch,0.5742663656884875,0.5963565204280525,0.8791092809365192,1.0,0.077562326869806,0.9820359281437124,0.1514312096029547,0.8832335329341318,0.2723915050784857,0.1638272345530894,0.0070224719101123,0.0008611218156121,0.0,0.0,0.5903361344537815,False,train/val only,test,16670,1083,0.5618374558303887,0.5872576177285319
elliptic,strict_inductive,gcn,6,best_val_branch,best_val_branch,0.5151237396883593,0.4212600055731494,0.8722414167025212,0.75,0.0581717451523545,0.6347305389221557,0.0978762696214219,0.5598802395209581,0.1726685133887349,0.1884823035392921,0.0481825866441251,0.0096515270037368,0.0,0.0,0.5945378151260504,False,train/val only,test,16670,1083,0.5113739763421292,0.5189289012003694
elliptic,strict_inductive,sage,6,best_val_branch,best_val_branch,0.5869175627240144,0.6163644243786824,0.8906525971254426,0.988095238095238,0.0766389658356417,0.9820359281437124,0.1514312096029547,0.9041916167664672,0.2788550323176362,0.1580083983203359,0.0220883534136546,0.0024363113463701,0.0,0.0,0.5903361344537815,False,train/val only,test,16670,1083,0.5700609225413403,0.6048014773776547
elliptic,strict_inductive,gcn,7,best_val_branch,best_val_branch,0.5194238323876036,0.4374685787819405,0.8717252065240578,0.7857142857142857,0.0609418282548476,0.6706586826347305,0.1034164358264081,0.5688622754491018,0.175438596491228,0.1831433713257348,0.0574809805579036,0.0081093030411139,0.0,0.0,0.5966386554621849,False,train/val only,test,16670,1083,0.4925496688741722,0.5493998153277931
elliptic,strict_inductive,sage,7,best_val_branch,best_val_branch,0.5855588526211671,0.5988955599647827,0.8804367716284156,0.988095238095238,0.0766389658356417,0.9880239520958084,0.1523545706371191,0.8832335329341318,0.2723915050784857,0.1680863827234553,0.0361445783132529,0.0036215248780595,0.0,0.0,0.5945378151260504,False,train/val only,test,16670,1083,0.630457933972311,0.5466297322253001
elliptic,strict_inductive,gcn,8,best_val_branch,best_val_branch,0.5206463195691202,0.4252363349738167,0.8732587903087788,0.6428571428571429,0.0498614958448753,0.6347305389221557,0.0978762696214219,0.5419161676646707,0.1671283471837488,0.1847630473905219,0.0676246830092983,0.0088316679599579,0.0,0.0,0.592436974789916,False,train/val only,test,16670,1083,0.5065502183406113,0.5355493998153278
elliptic,strict_inductive,sage,8,best_val_branch,best_val_branch,0.5792245093346099,0.5592367001310002,0.885956233741438,0.9523809523809524,0.0738688827331486,0.8562874251497006,0.1320406278855032,0.8023952095808383,0.247460757156048,0.1674265146970605,0.0321285140562249,0.0035575830392852,0.0,0.0,0.5987394957983193,False,train/val only,test,16670,1083,0.6013916500994035,0.5586334256694367
elliptic,strict_inductive,gcn,9,best_val_branch,best_val_branch,0.5140631761142361,0.4655862956078047,0.8801913733424064,0.7619047619047619,0.0590951061865189,0.7425149700598802,0.1144967682363804,0.6497005988023952,0.2003693444136657,0.1847030593881223,0.0532544378698224,0.0086088342021202,0.0,0.0,0.5861344537815126,False,train/val only,test,16670,1083,0.4837133550488599,0.5484764542936288
elliptic,strict_inductive,sage,9,best_val_branch,best_val_branch,0.5965858041329739,0.622940149376294,0.8951871190809919,1.0,0.077562326869806,0.9880239520958084,0.1523545706371191,0.9041916167664672,0.2788550323176362,0.1544091181763647,0.0087994971715901,0.0008203221259831,0.0,0.0,0.5882352941176471,False,train/val only,test,16670,1083,0.5809273840769904,0.6131117266851339
elliptic,strict_inductive,gcn,10,best_val_branch,best_val_branch,0.5128205128205128,0.4769079036422319,0.8763385165835037,0.8333333333333334,0.064635272391505,0.8263473053892215,0.1274238227146814,0.7005988023952096,0.2160664819944598,0.1918416316736652,0.1254416961130742,0.0176946756619483,0.0,0.0,0.5945378151260504,False,train/val only,test,16670,1083,0.5278592375366569,0.4986149584487535
elliptic,strict_inductive,sage,10,best_val_branch,best_val_branch,0.5977011494252874,0.6209115473432685,0.8928605596881792,1.0,0.077562326869806,0.9880239520958084,0.1523545706371191,0.9101796407185628,0.2807017543859649,0.1605278944211157,0.0070257611241217,0.0008117647209278,0.0,0.0,0.5945378151260504,False,train/val only,test,16670,1083,0.6208955223880597,0.5761772853185596
elliptic,inductive_isolated,gcn,1,best_val_branch,best_val_branch,0.5101281521289789,0.467131898960503,0.8774880231715221,0.7261904761904762,0.0563250230840258,0.7305389221556886,0.1126500461680517,0.6676646706586826,0.2059095106186519,0.1829034193161367,0.1042402826855123,0.0194292893292453,0.0,0.0,0.5987394957983193,False,train/val only,test,16670,1083,0.4618263473053892,0.569713758079409
elliptic,inductive_isolated,sage,1,best_val_branch,best_val_branch,0.4873949579831932,0.4096704842375303,0.8597253636263522,0.7380952380952381,0.0572483841181902,0.6107784431137725,0.0941828254847645,0.5179640718562875,0.1597414589104339,0.2004799040191961,0.0863453815261043,0.0199706527388852,0.0,0.0,0.592436974789916,False,train/val only,test,16670,1083,0.4929178470254957,0.481994459833795
elliptic,inductive_isolated,gcn,2,best_val_branch,best_val_branch,0.5185185185185185,0.4866035313533174,0.8740354455239204,0.8333333333333334,0.064635272391505,0.8143712574850299,0.1255771006463527,0.7005988023952096,0.2160664819944598,0.1833833233353329,0.161660777385159,0.0261610418565201,0.0,0.0,0.5945378151260504,False,train/val only,test,16670,1083,0.4909240924092409,0.5493998153277931
elliptic,inductive_isolated,sage,2,best_val_branch,best_val_branch,0.5477099236641222,0.5093634052738258,0.8667715970188714,0.9404761904761904,0.0729455216989843,0.7604790419161677,0.1172668513388735,0.6826347305389222,0.2105263157894736,0.1790041991601679,0.037159372419488,0.0064154816525995,0.0,0.0,0.592436974789916,False,train/val only,test,16670,1083,0.5666337611056268,0.5300092336103417
elliptic,inductive_isolated,gcn,3,best_val_branch,best_val_branch,0.4929971988795518,0.5053356997294912,0.8823085222485462,0.8333333333333334,0.064635272391505,0.8562874251497006,0.1320406278855032,0.7425149700598802,0.2289935364727608,0.1880623875224955,0.1395759717314487,0.0173862625034825,0.0,0.0,0.5987394957983193,False,train/val only,test,16670,1083,0.4350282485875706,0.5687903970452447
elliptic,inductive_isolated,sage,3,best_val_branch,best_val_branch,0.5552536231884059,0.5195174043407335,0.8720410698097552,0.9404761904761904,0.0729455216989843,0.7604790419161677,0.1172668513388735,0.7215568862275449,0.2225300092336103,0.1716856628674265,0.0220883534136546,0.0031032807269736,0.0,0.0,0.5903361344537815,False,train/val only,test,16670,1083,0.5448888888888889,0.5660203139427517
elliptic,inductive_isolated,gcn,4,best_val_branch,best_val_branch,0.51319381255687,0.4147945177968485,0.8668361084813854,0.6666666666666666,0.051708217913204,0.6167664670658682,0.0951061865189289,0.5568862275449101,0.1717451523545706,0.1887222555488902,0.1704946996466431,0.0182145345896276,0.0,0.0,0.5945378151260504,False,train/val only,test,16670,1083,0.5058295964125561,0.5207756232686981
elliptic,inductive_isolated,sage,4,best_val_branch,best_val_branch,0.5529463890119627,0.5231032139358937,0.8713728815256173,0.9642857142857144,0.074792243767313,0.8083832335329342,0.1246537396121883,0.718562874251497,0.2216066481994459,0.1706658668266346,0.0562248995983935,0.0051039204075576,0.0,0.0,0.5861344537815126,False,train/val only,test,16670,1083,0.5315161839863713,0.5761772853185596
elliptic,inductive_isolated,gcn,5,best_val_branch,best_val_branch,0.509392747924858,0.4213167919742409,0.8710705543916045,0.6309523809523809,0.0489381348107109,0.6047904191616766,0.0932594644506001,0.5508982035928144,0.1698984302862419,0.1873425314937012,0.0945229681978798,0.0096717273820613,0.0,0.0,0.5945378151260504,False,train/val only,test,16670,1083,0.4834162520729685,0.5383194829178208
elliptic,inductive_isolated,sage,5,best_val_branch,best_val_branch,0.5073937153419594,0.4394341512121472,0.8573348259236083,0.7976190476190477,0.061865189289012,0.6467065868263473,0.0997229916897507,0.562874251497006,0.1735918744228993,0.1920815836832633,0.0903614457831325,0.011983092990622,0.0,0.0,0.5903361344537815,False,train/val only,test,16670,1083,0.5078630897317299,0.5069252077562327
elliptic,inductive_isolated,gcn,6,best_val_branch,best_val_branch,0.5151237396883593,0.4212600055731494,0.8722414167025212,0.75,0.0581717451523545,0.6347305389221557,0.0978762696214219,0.5598802395209581,0.1726685133887349,0.1884823035392921,0.1307420494699646,0.011450281718023,0.0,0.0,0.5945378151260504,False,train/val only,test,16670,1083,0.5113739763421292,0.5189289012003694
elliptic,inductive_isolated,sage,6,best_val_branch,best_val_branch,0.5151237396883593,0.4212600055731494,0.8722414167025212,0.75,0.0581717451523545,0.6347305389221557,0.0978762696214219,0.5598802395209581,0.1726685133887349,0.1884823035392921,0.097173144876325,0.0170807111952953,0.0,0.0,0.5945378151260504,False,train/val only,test,16670,1083,0.5113739763421292,0.5189289012003694
elliptic,inductive_isolated,gcn,7,best_val_branch,best_val_branch,0.5194238323876036,0.4374685787819405,0.8717252065240578,0.7857142857142857,0.0609418282548476,0.6706586826347305,0.1034164358264081,0.5688622754491018,0.175438596491228,0.1831433713257348,0.1227915194346289,0.0182589754769519,0.0,0.0,0.5966386554621849,False,train/val only,test,16670,1083,0.4925496688741722,0.5493998153277931
elliptic,inductive_isolated,sage,7,best_val_branch,best_val_branch,0.5290266259275426,0.4832341833317303,0.8597428095636437,0.9047619047619048,0.0701754385964912,0.7245508982035929,0.1117266851338873,0.6317365269461078,0.1948291782086796,0.1791841631673665,0.0843373493975903,0.0100289130046953,0.0,0.0,0.6029411764705882,False,train/val only,test,16670,1083,0.5016556291390728,0.5595567867036011
elliptic,inductive_isolated,gcn,8,best_val_branch,best_val_branch,0.5206463195691202,0.4252363349738167,0.8732587903087788,0.6428571428571429,0.0498614958448753,0.6347305389221557,0.0978762696214219,0.5419161676646707,0.1671283471837488,0.1847630473905219,0.1245583038869258,0.017647353420835,0.0,0.0,0.592436974789916,False,train/val only,test,16670,1083,0.5065502183406113,0.5355493998153278
elliptic,inductive_isolated,sage,8,best_val_branch,best_val_branch,0.5206463195691202,0.4252363349738167,0.8732587903087788,0.6428571428571429,0.0498614958448753,0.6347305389221557,0.0978762696214219,0.5419161676646707,0.1671283471837488,0.1847630473905219,0.0163800163800163,0.0032552668690626,0.0,0.0,0.592436974789916,False,train/val only,test,16670,1083,0.5065502183406113,0.5355493998153278
elliptic,inductive_isolated,gcn,9,best_val_branch,best_val_branch,0.5140631761142361,0.4655862956078047,0.8801913733424064,0.7619047619047619,0.0590951061865189,0.7425149700598802,0.1144967682363804,0.6497005988023952,0.2003693444136657,0.1847030593881223,0.1130742049469964,0.0120956640984107,0.0,0.0,0.5861344537815126,False,train/val only,test,16670,1083,0.4837133550488599,0.5484764542936288
elliptic,inductive_isolated,sage,9,best_val_branch,best_val_branch,0.5588803088803089,0.5230466225969194,0.8807770118349803,0.9047619047619048,0.0701754385964912,0.7544910179640718,0.1163434903047091,0.7065868263473054,0.2179132040627885,0.1757648470305939,0.0261044176706827,0.0029682204212275,0.0,0.0,0.5882352941176471,False,train/val only,test,16670,1083,0.5854398382204247,0.5346260387811634
elliptic,inductive_isolated,gcn,10,best_val_branch,best_val_branch,0.5128205128205128,0.4769079036422319,0.8763385165835037,0.8333333333333334,0.064635272391505,0.8263473053892215,0.1274238227146814,0.7005988023952096,0.2160664819944598,0.1918416316736652,0.1952296819787985,0.0254322448307341,0.0,0.0,0.5945378151260504,False,train/val only,test,16670,1083,0.5278592375366569,0.4986149584487535
elliptic,inductive_isolated,sage,10,best_val_branch,best_val_branch,0.5333919156414764,0.4802705003490153,0.8742740313047055,0.9047619047619048,0.0701754385964912,0.7365269461077845,0.113573407202216,0.6467065868263473,0.1994459833795014,0.1779244151169766,0.036144578313253,0.0049645299196305,0.0,0.0,0.592436974789916,False,train/val only,test,16670,1083,0.5088013411567477,0.5604801477377654
elliptic,transductive,gcn,1,best_val_branch,best_val_branch,0.504881450488145,0.482251264241691,0.8746814783562858,0.7380952380952381,0.0572483841181902,0.8263473053892215,0.1274238227146814,0.7574850299401198,0.2336103416435826,0.1934613077384523,0.2473544973544973,0.0423439026596296,0.0,0.0,0.5903361344537815,False,train/val only,test,16670,1083,0.5084269662921348,0.5013850415512465
elliptic,transductive,sage,1,best_val_branch,best_val_branch,0.4951923076923076,0.447093399390547,0.8537938041864445,0.9523809523809524,0.0738688827331486,0.7005988023952096,0.1080332409972299,0.5508982035928144,0.1698984302862419,0.1750449910017996,0.1197478991596638,0.02184183744135,0.0,0.0,0.7163865546218487,False,train/val only,test,16670,1083,0.3942044833242208,0.6657433056325023
elliptic,transductive,gcn,2,best_val_branch,best_val_branch,0.5306930693069307,0.499095180879988,0.8766894198417235,0.6666666666666666,0.051708217913204,0.7904191616766467,0.1218836565096952,0.7844311377245509,0.2419205909510618,0.188122375524895,0.1653439153439153,0.0335310579905573,0.0,0.0,0.5882352941176471,False,train/val only,test,16670,1083,0.5720384204909285,0.494921514312096
elliptic,transductive,sage,2,best_val_branch,best_val_branch,0.5818847209515097,0.5440721956998189,0.871110303878608,0.8928571428571429,0.0692520775623268,0.844311377245509,0.1301939058171745,0.7544910179640718,0.2326869806094182,0.1620875824835033,0.0608622147083685,0.0111923891522765,0.0,0.0,0.5966386554621849,False,train/val only,test,16670,1083,0.5766092475067996,0.5872576177285319
elliptic,transductive,gcn,3,best_val_branch,best_val_branch,0.560897435897436,0.3856411705101192,0.8699049051281637,0.4880952380952381,0.0378578024007386,0.3952095808383233,0.0609418282548476,0.3622754491017964,0.1117266851338873,0.1576484703059388,0.0401459854014598,0.0069863045312316,0.0,0.0,0.5987394957983193,False,train/val only,test,16670,1083,0.4953998584571833,0.6463527239150508
elliptic,transductive,sage,3,best_val_branch,best_val_branch,0.5494071146245059,0.555314980492425,0.8681089510335489,0.988095238095238,0.0766389658356417,0.9520958083832336,0.1468144044321329,0.7604790419161677,0.234533702677747,0.1614877024595081,0.0247349823321554,0.0089466331392547,0.0,0.0,0.615546218487395,False,train/val only,test,16670,1083,0.4803040774015203,0.641735918744229
elliptic,transductive,gcn,4,best_val_branch,best_val_branch,0.482486433152442,0.4532014874373191,0.871022215224101,0.7023809523809523,0.0544783010156971,0.7664670658682635,0.1181902123730378,0.6766467065868264,0.2086795937211449,0.2054589082183563,0.3029100529100529,0.05746929663628,0.0,0.0,0.592436974789916,False,train/val only,test,16670,1083,0.5180084745762712,0.4515235457063712
elliptic,transductive,sage,4,best_val_branch,best_val_branch,0.5527442584663292,0.5369115042180055,0.8736427194075419,1.0,0.077562326869806,0.9221556886227544,0.1421975992613111,0.7544910179640718,0.2326869806094182,0.1584283143371326,0.0401606425702811,0.0069448311892077,0.0,0.0,0.6113445378151261,False,train/val only,test,16670,1083,0.477792732166891,0.6555863342566943
elliptic,transductive,gcn,5,best_val_branch,best_val_branch,0.4990892531876139,0.464669787104384,0.873339977599298,0.7738095238095238,0.0600184672206832,0.7844311377245509,0.1209602954755309,0.7155688622754491,0.2206832871652816,0.1943611277744451,0.2526455026455027,0.0466385015663042,0.0,0.0,0.592436974789916,False,train/val only,test,16670,1083,0.4923629829290206,0.5060018467220684
elliptic,transductive,sage,5,best_val_branch,best_val_branch,0.5383647798742138,0.4336331027760166,0.8633385386797163,0.8333333333333334,0.064635272391505,0.6407185628742516,0.0987996306555863,0.5089820359281437,0.1569713758079409,0.1718656268746251,0.0859788359788359,0.0238646036286081,0.0,0.0,0.6071428571428571,False,train/val only,test,16670,1083,0.4930875576036866,0.592797783933518
elliptic,transductive,gcn,6,best_val_branch,best_val_branch,0.4774455144450076,0.4718034512507146,0.8755256069927345,0.7857142857142857,0.0609418282548476,0.8203592814371258,0.1265004616805171,0.7455089820359282,0.2299168975069252,0.2086982603479304,0.2791005291005291,0.0522713983719349,0.0,0.0,0.592436974789916,False,train/val only,test,16670,1083,0.5292134831460674,0.4349030470914127
elliptic,transductive,sage,6,best_val_branch,best_val_branch,0.566213921901528,0.5631574012144592,0.8699020024085464,0.9761904761904762,0.0757156048014773,0.9461077844311376,0.1458910433979686,0.8173652694610778,0.2520775623268698,0.1611277744451109,0.0305532617671346,0.0066872774598369,0.0,0.0,0.6029411764705882,False,train/val only,test,16670,1083,0.5239591516103692,0.615881809787627
elliptic,transductive,gcn,7,best_val_branch,best_val_branch,0.4839572192513369,0.4512580281102715,0.8679062049541604,0.7380952380952381,0.0572483841181902,0.7844311377245509,0.1209602954755309,0.7035928143712575,0.2169898430286242,0.1990401919616077,0.2142857142857142,0.0500811202332582,0.0,0.0,0.5945378151260504,False,train/val only,test,16670,1083,0.4677002583979328,0.5013850415512465
elliptic,transductive,sage,7,best_val_branch,best_val_branch,0.5440826052422557,0.5003291546629858,0.8710303902303699,0.9523809523809524,0.0738688827331486,0.8023952095808383,0.123730378578024,0.6676646706586826,0.2059095106186519,0.164367126574685,0.0502008032128513,0.014936116786431,0.0,0.0,0.6071428571428571,False,train/val only,test,16670,1083,0.4773519163763066,0.6325023084025854
elliptic,transductive,gcn,8,best_val_branch,best_val_branch,0.4903225806451613,0.4346027737112781,0.8671162801636257,0.75,0.0581717451523545,0.7245508982035929,0.1117266851338873,0.6586826347305389,0.2031394275161588,0.1941811637672465,0.1944444444444444,0.0350402651097819,0.0,0.0,0.5945378151260504,False,train/val only,test,16670,1083,0.4589371980676328,0.5263157894736842
elliptic,transductive,sage,8,best_val_branch,best_val_branch,0.5157847932414407,0.4526179073985875,0.8716851312215871,0.75,0.0581717451523545,0.6766467065868264,0.1043397968605724,0.6137724550898204,0.1892890120036934,0.1860227954409118,0.0945229681978798,0.0247127465162725,0.0,0.0,0.6113445378151261,False,train/val only,test,16670,1083,0.4974271012006861,0.5355493998153278
elliptic,transductive,gcn,9,best_val_branch,best_val_branch,0.4593406593406593,0.4724347516943559,0.8750596908745781,0.8095238095238095,0.0627885503231763,0.8083832335329342,0.1246537396121883,0.7155688622754491,0.2206832871652816,0.2185962807438512,0.2989417989417989,0.0633100161241391,0.0,0.0,0.5882352941176471,False,train/val only,test,16670,1083,0.5671641791044776,0.3859649122807017
elliptic,transductive,sage,9,best_val_branch,best_val_branch,0.5473684210526316,0.5038806709480083,0.8653814312789128,0.9523809523809524,0.0738688827331486,0.8323353293413174,0.1283471837488458,0.6856287425149701,0.211449676823638,0.1647270545890821,0.0562248995983935,0.0113331204232766,0.0,0.0,0.6260504201680672,False,train/val only,test,16670,1083,0.487382840663302,0.6241920590951062
elliptic,transductive,gcn,10,best_val_branch,best_val_branch,0.5240793201133145,0.5102768545410091,0.875831932771118,0.7619047619047619,0.0590951061865189,0.8383233532934131,0.1292705447830101,0.8023952095808383,0.247460757156048,0.1871625674865027,0.2116402116402116,0.037457690377885,0.0,0.0,0.5903361344537815,False,train/val only,test,16670,1083,0.5362318840579711,0.5124653739612188
elliptic,transductive,sage,10,best_val_branch,best_val_branch,0.5439928539526574,0.5151870678433143,0.8720586934645742,0.9166666666666666,0.0710987996306555,0.8083832335329342,0.1246537396121883,0.7275449101796407,0.224376731301939,0.1749850029994001,0.0997464074387151,0.0246217318066065,0.0,0.0,0.5966386554621849,False,train/val only,test,16670,1083,0.5268166089965398,0.5623268698060941
dgraphfin,strict_inductive,gcn,1,best_val_branch,best_val_branch,0.0261981559651106,0.0124055140776757,0.5688201667883024,0.0082159624413145,0.0037573805689747,0.0076335877862595,0.0069779924852388,0.0085168869309838,0.0155662909286097,0.5657405394607742,0.0,0.0,0.0220359281437125,0.0018214936247723,0.5776056085562349,False,train/val only,test,170207,1863,0.0133571640086298,0.677938808373591
dgraphfin,strict_inductive,sage,1,best_val_branch,best_val_branch,0.0638808440215142,0.027914514496628,0.7329447263991231,0.0434272300469483,0.0198604401502952,0.0428655314151497,0.0391841116478797,0.0405286343612334,0.074074074074074,0.10117680236418,0.0,0.0,0.0579920260964117,0.0255009107468123,0.106858868997379,False,train/val only,test,170207,1863,0.0377616904715319,0.2071926999463231
dgraphfin,strict_inductive,gcn,2,best_val_branch,best_val_branch,0.023470175556376,0.0101158252743173,0.5022681970197823,0.0035211267605633,0.001610305958132,0.0029359953024075,0.0026838432635534,0.0055800293685756,0.0101986044015029,0.8573031661447531,0.7801191021530004,0.758649702952016,0.0201382532117041,0.0,0.8737278177219223,False,train/val only,test,170207,1863,0.0118837190329861,0.9382716049382716
dgraphfin,strict_inductive,sage,2,best_val_branch,best_val_branch,0.0614545193481226,0.0258534936958973,0.7237534910815364,0.0293427230046948,0.013419216317767,0.0340575455079271,0.0311325818572195,0.0372980910425844,0.0681696188942565,0.1105301192077881,0.0181274681878016,0.0133887939170248,0.055367579206398,0.0276243093922651,0.1145884234374305,False,train/val only,test,170207,1863,0.0354715730150837,0.2297369833601717
dgraphfin,strict_inductive,gcn,3,best_val_branch,best_val_branch,0.022261175494125,0.0094002675819448,0.4713454199512595,0.0,0.0,0.0,0.0,0.0017621145374449,0.003220611916264,0.9289688438195844,0.2284444931987714,0.1973876371586752,0.0193108997384982,0.0,0.936567573497148,False,train/val only,test,170207,1863,0.011260527371165,0.964573268921095
dgraphfin,strict_inductive,sage,3,best_val_branch,best_val_branch,0.0648718780408692,0.0279465111095142,0.7331816766751841,0.0363849765258215,0.0166398282340311,0.0428655314151497,0.0391841116478797,0.0399412628487518,0.0730005367686527,0.1167225789773628,0.0,0.0,0.0567129629629629,0.023391812865497,0.1210963528941406,False,train/val only,test,170207,1863,0.0368949232585596,0.2683843263553409
dgraphfin,strict_inductive,gcn,4,best_val_branch,best_val_branch,0.0210206240084611,0.014175335267758,0.6159317810737919,0.0129107981220657,0.0059044551798174,0.01174398120963,0.0107353730542136,0.0143906020558002,0.0263016639828234,0.1270570540577062,0.0,0.0,0.0165479200183865,0.007366482504604,0.1330460663675536,False,train/val only,test,170207,1863,0.0119864304560874,0.0853462157809984
dgraphfin,strict_inductive,sage,4,best_val_branch,best_val_branch,0.0455758352011954,0.0228606717799804,0.7291494885010268,0.022300469483568,0.0101986044015029,0.0240751614797416,0.0220075147611379,0.0261380323054331,0.0477724100912506,0.1388192025004847,0.0,0.0,0.0420954162768942,0.0145719489981785,0.1417751321576118,False,train/val only,test,170207,1863,0.0253037037037037,0.229200214707461
dgraphfin,strict_inductive,gcn,5,best_val_branch,best_val_branch,0.0221536664635384,0.0103075248707999,0.4867603947559363,0.0058685446009389,0.0026838432635534,0.004697592483852,0.0042941492216854,0.0067547723935389,0.0123456790123456,0.907824002538086,0.0,0.0,0.0191520080143787,0.0023310023310023,0.91479267222466,False,train/val only,test,170207,1863,0.0112093940503491,0.9366612989801396
dgraphfin,strict_inductive,sage,5,best_val_branch,best_val_branch,0.0520470102027637,0.0237047320531338,0.7291617483705183,0.0246478873239436,0.0112721417069243,0.0252495596007046,0.0230810520665593,0.0255506607929515,0.0466988727858293,0.1973361847632588,0.0,0.0,0.0446304044630404,0.0127504553734061,0.2078214129003949,False,train/val only,test,170207,1863,0.027689030883919,0.4326355340848094
dgraphfin,strict_inductive,gcn,6,best_val_branch,best_val_branch,0.0216539780321961,0.0086874184437913,0.4275147252989552,0.0011737089201877,0.0005367686527106,0.001174398120963,0.0010735373054213,0.0020558002936857,0.0037573805689747,0.9890545042213305,0.606392430367376,0.6002700628827531,0.0185839265337173,0.0,0.990620886353664,False,train/val only,test,170207,1863,0.0109454957786695,1.0
dgraphfin,strict_inductive,sage,6,best_val_branch,best_val_branch,0.0532564323433579,0.0240303179020403,0.726154826457769,0.0269953051643192,0.0123456790123456,0.0328831473869641,0.0300590445517981,0.0290748898678414,0.0531400966183574,0.175592073181479,0.0,0.0,0.0478048780487804,0.0175438596491228,0.1819877139096094,False,train/val only,test,170207,1863,0.0286254931959094,0.3816425120772946
dgraphfin,strict_inductive,gcn,7,best_val_branch,best_val_branch,0.0256089541076195,0.0121304508028999,0.569830493226953,0.0058685446009389,0.0026838432635534,0.0064591896652965,0.0059044551798174,0.0085168869309838,0.0155662909286097,0.4644051067229902,0.3174331295186122,0.3071469734534646,0.020566811532105,0.0,0.4693979167081599,False,train/val only,test,170207,1863,0.0131196490857203,0.533011272141707
dgraphfin,strict_inductive,sage,7,best_val_branch,best_val_branch,0.0487069777454858,0.0205414712956222,0.7187158851993091,0.0129107981220657,0.0059044551798174,0.0158543746330005,0.0144927536231884,0.0173274596182085,0.0316693505099302,0.2302079232934015,0.0891838525669153,0.0743455215637065,0.0441546556851979,0.0116550116550116,0.2455024133391838,False,train/val only,test,170207,1863,0.0256388463935633,0.4857756307031669
dgraphfin,strict_inductive,gcn,8,best_val_branch,best_val_branch,0.0217555752326556,0.0101215768283299,0.4865570531025996,0.0011737089201877,0.0005367686527106,0.001174398120963,0.0010735373054213,0.0020558002936857,0.0037573805689747,0.9802945824789816,0.5962862600506419,0.5888358729571468,0.0187470793589708,0.0,0.9823338445298652,False,train/val only,test,170207,1863,0.0109979367752033,0.9957058507783144
dgraphfin,strict_inductive,sage,8,best_val_branch,best_val_branch,0.021638025254052,0.0074055799377374,0.3270841430586538,0.0023474178403755,0.0010735373054213,0.0029359953024075,0.0026838432635534,0.0044052863436123,0.0080515297906602,0.9887842450663016,0.6040824485806939,0.5975283732427102,0.0185396618278693,0.0,0.99023694602896,False,train/val only,test,170207,1863,0.0109374724506168,0.9989264626945786
dgraphfin,strict_inductive,gcn,9,best_val_branch,best_val_branch,0.0309356774575268,0.0146457734493615,0.6023535132762047,0.0035211267605633,0.001610305958132,0.0064591896652965,0.0059044551798174,0.0123348017621145,0.0225442834138486,0.1698990053288055,0.0,0.0,0.0293879751954704,0.0018214936247723,0.1779760600689119,False,train/val only,test,170207,1863,0.0167897609982109,0.1964573268921095
dgraphfin,strict_inductive,sage,9,best_val_branch,best_val_branch,0.0476394237626586,0.022999765001212,0.7204263697555212,0.0293427230046948,0.013419216317767,0.0287727539635936,0.0263016639828234,0.0276064610866372,0.050456253354804,0.1496941958908858,0.0,0.0,0.0424369747899159,0.0127504553734061,0.152947447914353,False,train/val only,test,170207,1863,0.0261345852895148,0.2689210950080515
dgraphfin,strict_inductive,gcn,10,best_val_branch,best_val_branch,0.032282991328239,0.0144974566077533,0.5735070830096664,0.0234741784037558,0.0107353730542136,0.0281855549031121,0.0257648953301127,0.0223201174743024,0.0407944176060118,0.1055832016309552,0.0,0.0,0.0268741159830268,0.0116959064327485,0.1120689655172413,False,train/val only,test,170207,1863,0.0192150449713818,0.1009125067096081
dgraphfin,strict_inductive,sage,10,best_val_branch,best_val_branch,0.0507225007372456,0.0237878505748987,0.7281958555889024,0.0258215962441314,0.0118089103596349,0.0234879624192601,0.0214707461084272,0.0276064610866372,0.050456253354804,0.1282379690612019,0.0,0.0,0.0461336828309305,0.0069930069930069,0.1310692550308738,False,train/val only,test,170207,1863,0.0284919162470182,0.2308105206655931
dgraphfin,inductive_isolated,gcn,1,best_val_branch,best_val_branch,0.0286860385480872,0.0135745812837729,0.6036546983429298,0.0058685446009389,0.0026838432635534,0.0099823840281855,0.0091250670960815,0.0117474302496328,0.0214707461084272,0.592607824590058,0.0,0.0,0.0243913177475454,0.0054644808743169,0.6148255813953488,False,train/val only,test,170207,1863,0.0146093057091891,0.7869028448738594
dgraphfin,inductive_isolated,sage,1,best_val_branch,best_val_branch,0.041684296303261,0.0206581228610096,0.7100041478853119,0.0199530516431924,0.0091250670960815,0.0211391661773341,0.0193236714975845,0.0176211453744493,0.0322061191626409,0.3718119701304881,0.0,0.0,0.0368202017352049,0.0182149362477231,0.3833644142167617,False,train/val only,test,170207,1863,0.0214689265536723,0.7139023081052066
dgraphfin,inductive_isolated,gcn,2,best_val_branch,best_val_branch,0.0252138539330114,0.0108106103201065,0.5381999342832733,0.0023474178403755,0.0010735373054213,0.0017615971814445,0.001610305958132,0.0017621145374449,0.003220611916264,0.7580123026667528,0.6810531976338903,0.6592615347898522,0.0222723529201131,0.0,0.7746619132028122,False,train/val only,test,170207,1863,0.0127880788572486,0.8899624261943102
dgraphfin,inductive_isolated,sage,2,best_val_branch,best_val_branch,0.0416035008205048,0.0200443338323521,0.7050032036362218,0.0199530516431924,0.0091250670960815,0.0199647680563711,0.0182501341921631,0.0226138032305433,0.0413311862587224,0.372787253168201,0.2931384379113647,0.2760381699699839,0.0372358970783069,0.0139860139860139,0.3868747257569109,False,train/val only,test,170207,1863,0.0214255819194488,0.7144390767579173
dgraphfin,inductive_isolated,gcn,3,best_val_branch,best_val_branch,0.0216986582782307,0.0079247271589224,0.3762798251536632,0.0023474178403755,0.0010735373054213,0.003523194362889,0.003220611916264,0.0035242290748898,0.0064412238325281,0.984947740104696,0.279563405002194,0.2527548753263403,0.0185866514049001,0.0023310023310023,0.9876864853005703,False,train/val only,test,170207,1863,0.010968587005263,0.9978529253891572
dgraphfin,inductive_isolated,sage,3,best_val_branch,best_val_branch,0.0251928853289357,0.0181167086995099,0.6730038171207289,0.0082159624413145,0.0037573805689747,0.0099823840281855,0.0091250670960815,0.0126284875183553,0.0230810520665593,0.781507223557198,0.0933797718297498,0.0504267363014288,0.0218689206413094,0.0069930069930069,0.8015028521281263,False,train/val only,test,170207,1863,0.0127716113429226,0.9184111647879764
dgraphfin,inductive_isolated,gcn,4,best_val_branch,best_val_branch,0.0327919911012235,0.015917088523135,0.6520176196357284,0.0199530516431924,0.0091250670960815,0.0158543746330005,0.0144927536231884,0.0155653450807635,0.0284487385936661,0.5200021150716481,0.3218745643211377,0.3026549003291632,0.029722250691811,0.012891344383057,0.5249561211057482,False,train/val only,test,170207,1863,0.016742960346218,0.7911969940955448
dgraphfin,inductive_isolated,sage,4,best_val_branch,best_val_branch,0.0406263982102908,0.0175976178721989,0.6825000298445718,0.0093896713615023,0.0042941492216854,0.0123311802701115,0.0112721417069243,0.0161527165932452,0.0295222758990874,0.3897019511535953,0.1852655898344918,0.1729619304209651,0.0362735912193816,0.0109289617486338,0.4026985519964897,False,train/val only,test,170207,1863,0.0208937364812002,0.7310789049919485
dgraphfin,inductive_isolated,gcn,5,best_val_branch,best_val_branch,0.0215864478407549,0.0082168269456016,0.3765554936599544,0.0011737089201877,0.0005367686527106,0.0005871990604815,0.0005367686527106,0.0035242290748898,0.0064412238325281,0.9591262404013936,0.0,0.0,0.0187587756248244,0.0,0.9611289987536352,False,train/val only,test,170207,1863,0.0109152941604997,0.9651100375738056
dgraphfin,inductive_isolated,sage,5,best_val_branch,best_val_branch,0.0408613367111243,0.0181759700067814,0.6883377938851738,0.0164319248826291,0.0075147611379495,0.0193775689958896,0.0177133655394524,0.019676945668135,0.0359634997316156,0.3897078263526177,0.0,0.0,0.0365345869711215,0.0116550116550116,0.4011079420798596,False,train/val only,test,170207,1863,0.0210140706906593,0.7359098228663447
dgraphfin,inductive_isolated,gcn,6,best_val_branch,best_val_branch,0.021667035153659,0.0084318875507683,0.4163617610021695,0.0011737089201877,0.0005367686527106,0.0005871990604815,0.0005367686527106,0.0005873715124816,0.0010735373054213,0.9879382164070808,0.6050375372040336,0.5991511076887508,0.0186011095398672,0.0,0.9896884598508118,False,train/val only,test,170207,1863,0.0109522325026027,0.9994632313472892
dgraphfin,inductive_isolated,sage,6,best_val_branch,best_val_branch,0.0430597771023302,0.0189247226626229,0.7029296898365892,0.0176056338028169,0.0080515297906602,0.0146799765120375,0.013419216317767,0.0170337738619676,0.0311325818572195,0.3467659966981381,0.0,0.0,0.0377955127239873,0.0093240093240093,0.3604651162790697,False,train/val only,test,170207,1863,0.0222291960876614,0.6843800322061192
dgraphfin,inductive_isolated,gcn,7,best_val_branch,best_val_branch,0.0364175448773727,0.0179647666815936,0.6817005492472549,0.0258215962441314,0.0118089103596349,0.0217263652378156,0.0198604401502952,0.0187958883994126,0.0343531937734836,0.2061666088938762,0.0577555945590171,0.0501290004252441,0.0309946463792617,0.0147329650092081,0.2140741553312856,False,train/val only,test,170207,1863,0.0193718713570595,0.3032742887815352
dgraphfin,inductive_isolated,sage,7,best_val_branch,best_val_branch,0.04233801851217,0.0178925430135819,0.696467370738377,0.0070422535211267,0.003220611916264,0.014092777451556,0.0128824476650563,0.0143906020558002,0.0263016639828234,0.3430058693238233,0.2008830627468187,0.1868329530330887,0.0367854689765702,0.0087719298245614,0.3572016235190873,False,train/val only,test,170207,1863,0.0218673088159781,0.6629092860976918
dgraphfin,inductive_isolated,gcn,8,best_val_branch,best_val_branch,0.0239633840849842,0.0105264160712298,0.518146478510161,0.0011737089201877,0.0005367686527106,0.0005871990604815,0.0005367686527106,0.0005873715124816,0.0010735373054213,0.6859236106623112,0.3211575613933757,0.2916272237465963,0.0226836794262363,0.0,0.7128204106833437,False,train/val only,test,170207,1863,0.012174288179465,0.7573805689747719
dgraphfin,inductive_isolated,sage,8,best_val_branch,best_val_branch,0.0216636723587587,0.0074472581194795,0.3266974486003138,0.0,0.0,0.0029359953024075,0.0026838432635534,0.0052863436123348,0.0096618357487922,0.9886021138966082,0.6039047576740261,0.5973547247673414,0.0185925140667047,0.0,0.9901546731022378,False,train/val only,test,170207,1863,0.0109504496561453,1.0
dgraphfin,inductive_isolated,gcn,9,best_val_branch,best_val_branch,0.0270515267175572,0.0126650824374719,0.5699705108209657,0.0011737089201877,0.0005367686527106,0.0017615971814445,0.001610305958132,0.0049926578560939,0.0091250670960815,0.2700828990582056,0.0,0.0,0.0268249780123131,0.0,0.2931346969666792,False,train/val only,test,170207,1863,0.0141548293681503,0.3043478260869565
dgraphfin,inductive_isolated,sage,9,best_val_branch,best_val_branch,0.0431501286043048,0.0185316209560952,0.6914215336849943,0.0152582159624413,0.0069779924852388,0.0146799765120375,0.013419216317767,0.0161527165932452,0.0295222758990874,0.3460374720193646,0.0,0.0,0.0385749943272067,0.0046620046620046,0.3581340500219394,False,train/val only,test,170207,1863,0.0222773574685932,0.6843800322061192
dgraphfin,inductive_isolated,gcn,10,best_val_branch,best_val_branch,0.0226310552704996,0.0101485902235179,0.4760659926231871,0.0105633802816901,0.0048309178743961,0.01174398120963,0.0107353730542136,0.0108663729809104,0.0198604401502952,0.8858801341895457,0.0,0.0,0.0195471674990042,0.0058479532163742,0.8899044453676777,False,train/val only,test,170207,1863,0.0114543012876214,0.9339774557165862
dgraphfin,inductive_isolated,sage,10,best_val_branch,best_val_branch,0.0428306334319674,0.0194218491952988,0.7026363058985959,0.022300469483568,0.0101986044015029,0.0211391661773341,0.0193236714975845,0.0190895741556534,0.0348899624261943,0.3500619833496859,0.0,0.0,0.0386545808674807,0.0023310023310023,0.3611507240017551,False,train/val only,test,170207,1863,0.0221037374469406,0.6876006441223832
dgraphfin,transductive,gcn,1,best_val_branch,best_val_branch,0.0262057660984946,0.0124146286913797,0.5690477603447216,0.0082159624413145,0.0037573805689747,0.0076335877862595,0.0069779924852388,0.0085168869309838,0.0155662909286097,0.5655760338881479,0.0,0.0,0.0220317064993534,0.0018214936247723,0.5774263578242944,False,train/val only,test,170207,1863,0.0133611205145565,0.677938808373591
dgraphfin,transductive,sage,1,best_val_branch,best_val_branch,0.0654681647940074,0.0285081527587063,0.7343435009835572,0.0469483568075117,0.0214707461084272,0.0440399295361127,0.0402576489533011,0.0414096916299559,0.0756843800322061,0.1068111182266299,0.0,0.0,0.0591069707677481,0.0255009107468123,0.1118342143840789,False,train/val only,test,170207,1863,0.0380430051362409,0.2345679012345679
dgraphfin,transductive,gcn,2,best_val_branch,best_val_branch,0.0234836024302641,0.0101177409987025,0.5023405956144957,0.0035211267605633,0.001610305958132,0.0029359953024075,0.0026838432635534,0.0055800293685756,0.0101986044015029,0.8572679149506189,0.7383536816108667,0.7176453729266891,0.0201414319989897,0.0,0.873707900973929,False,train/val only,test,170207,1863,0.0118905174992521,0.9388083735909822
dgraphfin,transductive,sage,2,best_val_branch,best_val_branch,0.0641648077680094,0.0263419609614635,0.7266004735109146,0.0293427230046948,0.013419216317767,0.0328831473869641,0.0300590445517981,0.0390602055800293,0.0713902308105206,0.1160939326819696,0.0,0.0,0.0580281690140845,0.0276243093922651,0.1202967438141353,False,train/val only,test,170207,1863,0.0365498168771956,0.2624798711755233
dgraphfin,transductive,gcn,3,best_val_branch,best_val_branch,0.0222876810021394,0.0093943409126611,0.4710628817729737,0.0,0.0,0.0,0.0,0.0017621145374449,0.003220611916264,0.92784080560729,0.2271829749890302,0.1959945652959802,0.0193308977936311,0.0,0.9355802983764808,False,train/val only,test,170207,1863,0.0112740915478819,0.964573268921095
dgraphfin,transductive,sage,3,best_val_branch,best_val_branch,0.0661637397971803,0.0285042258863174,0.7329574709240535,0.0422535211267605,0.0193236714975845,0.0416911332941867,0.0381105743424584,0.0408223201174743,0.0746108427267847,0.1199363128425975,0.0,0.0,0.060327868852459,0.0263157894736842,0.1236728710408244,False,train/val only,test,170207,1863,0.0373890558389824,0.2871712292002147
dgraphfin,transductive,gcn,4,best_val_branch,best_val_branch,0.0210736912304101,0.0141791792025952,0.6159952773133376,0.0129107981220657,0.0059044551798174,0.01174398120963,0.0107353730542136,0.0143906020558002,0.0263016639828234,0.1263109037818656,0.0,0.0,0.0167480809490579,0.007366482504604,0.1324907822842166,False,train/val only,test,170207,1863,0.0120316783429789,0.0848094471282877
dgraphfin,transductive,sage,4,best_val_branch,best_val_branch,0.0458540783084393,0.023359769202803,0.7303226974294309,0.0234741784037558,0.0107353730542136,0.0270111567821491,0.0246913580246913,0.0255506607929515,0.0466988727858293,0.1262169005975077,0.0,0.0,0.0444743935309973,0.0145719489981785,0.1298254186841988,False,train/val only,test,170207,1863,0.0258919894488407,0.2002147074610842
dgraphfin,transductive,gcn,5,best_val_branch,best_val_branch,0.0221601016518424,0.0102977020167087,0.4864972954058312,0.0046948356807511,0.0021470746108427,0.004697592483852,0.0042941492216854,0.006461086637298,0.0118089103596349,0.9070602266651784,0.0,0.0,0.0191729101527933,0.0023310023310023,0.9137779727950855,False,train/val only,test,170207,1863,0.0112127660942412,0.9361245303274288
dgraphfin,transductive,sage,5,best_val_branch,best_val_branch,0.0553462081959491,0.0241054315230427,0.7293806898707957,0.0246478873239436,0.0112721417069243,0.0258367586611861,0.0236178207192699,0.0249632892804698,0.0456253354804079,0.1686064615438848,0.0,0.0,0.0487392113724826,0.0184162062615101,0.1758720930232558,False,train/val only,test,170207,1863,0.0298564350146105,0.3784219001610306
dgraphfin,transductive,gcn,6,best_val_branch,best_val_branch,0.0216539780321961,0.0086784894099883,0.4270520068956775,0.0011737089201877,0.0005367686527106,0.001174398120963,0.0010735373054213,0.0020558002936857,0.0037573805689747,0.9890545042213305,0.6065701212740437,0.600357708291811,0.0185839265337173,0.0,0.990620886353664,False,train/val only,test,170207,1863,0.0109454957786695,1.0
dgraphfin,transductive,sage,6,best_val_branch,best_val_branch,0.0545202075568223,0.0247038593199773,0.7282415423353286,0.0269953051643192,0.0123456790123456,0.0287727539635936,0.0263016639828234,0.029662261380323,0.0542136339237788,0.1782652887366559,0.0,0.0,0.0487881157154026,0.0204678362573099,0.1872257569109258,False,train/val only,test,170207,1863,0.0292514606124769,0.4004294149221685
dgraphfin,transductive,gcn,7,best_val_branch,best_val_branch,0.0256168818605131,0.0121317688242283,0.5698555199410332,0.0058685446009389,0.0026838432635534,0.0064591896652965,0.0059044551798174,0.0085168869309838,0.0155662909286097,0.4642641019464534,0.3171542950467048,0.3068287980068372,0.020578147966683,0.0,0.469198749228226,False,train/val only,test,170207,1863,0.0131238105307676,0.533011272141707
dgraphfin,transductive,sage,7,best_val_branch,best_val_branch,0.0482357712586183,0.0205544492244505,0.7183105633917963,0.0129107981220657,0.0059044551798174,0.0146799765120375,0.013419216317767,0.0167400881057268,0.0305958132045088,0.2296321537892096,0.0892935498025449,0.0736750424830763,0.0436920965343703,0.0109289617486338,0.2458589293549802,False,train/val only,test,170207,1863,0.0253971869483514,0.4787976382179281
dgraphfin,transductive,gcn,8,best_val_branch,best_val_branch,0.0217581270416571,0.010088270132455,0.4853475970489994,0.0011737089201877,0.0005367686527106,0.001174398120963,0.0010735373054213,0.0017621145374449,0.003220611916264,0.9801770784985342,0.6042379281240282,0.5972128619057824,0.0187491408934707,0.0,0.9821944272939116,False,train/val only,test,170207,1863,0.0109992410227218,0.9957058507783144
dgraphfin,transductive,sage,8,best_val_branch,best_val_branch,0.021638025254052,0.0074261056755623,0.3290008309672582,0.0035211267605633,0.001610305958132,0.0029359953024075,0.0026838432635534,0.0044052863436123,0.0080515297906602,0.9887842450663016,0.6121007507440808,0.6060232482307861,0.0185396618278693,0.0,0.99023694602896,False,train/val only,test,170207,1863,0.0109374724506168,0.9989264626945786
dgraphfin,transductive,gcn,9,best_val_branch,best_val_branch,0.0308733347430746,0.0146395692144689,0.6022653394658062,0.0035211267605633,0.001610305958132,0.0064591896652965,0.0059044551798174,0.0123348017621145,0.0225442834138486,0.1698343781395594,0.0,0.0,0.0294038305907742,0.0018214936247723,0.1778963930769383,False,train/val only,test,170207,1863,0.0167569552841795,0.1959205582393988
dgraphfin,transductive,sage,9,best_val_branch,best_val_branch,0.0484551250613045,0.0231461776026712,0.7202461385141673,0.028169014084507,0.0128824476650563,0.0281855549031121,0.0257648953301127,0.0273127753303964,0.0499194847020934,0.1461632012784433,0.0,0.0,0.0454642933733647,0.0182149362477231,0.1505930434010039,False,train/val only,test,170207,1863,0.0266637879851028,0.2651637144390767
dgraphfin,transductive,gcn,10,best_val_branch,best_val_branch,0.0318718235851494,0.0144603531533645,0.572923490902214,0.022300469483568,0.0101986044015029,0.0275983558426306,0.025228126677402,0.0223201174743024,0.0407944176060118,0.1054656976505079,0.0,0.0,0.026950354609929,0.0116959064327485,0.1118612380556709,False,train/val only,test,170207,1863,0.0189821465216499,0.0993022007514761
dgraphfin,transductive,sage,10,best_val_branch,best_val_branch,0.0559562297935836,0.024907873770522,0.7308477275360993,0.0258215962441314,0.0118089103596349,0.0246623605402231,0.0225442834138486,0.0287812041116005,0.0526033279656468,0.1224156468300363,0.0,0.0,0.0513109670143783,0.0069930069930069,0.1256941051041712,False,train/val only,test,170207,1863,0.031643344349905,0.2415458937198067
elliptic,strict_inductive,gcn,1,simple_average,simple_average,0.5477647058823529,0.5592715618800859,0.8927920792008824,0.9285714285714286,0.0720221606648199,0.9161676646706588,0.1412742382271468,0.8263473053892215,0.2548476454293629,0.1778644271145771,0.0627208480565371,0.0058274739754888,0.0,0.0,0.5966386554621849,False,train/val only,test,16670,1083,0.5585412667946257,0.5373961218836565
elliptic,strict_inductive,sage,1,simple_average,simple_average,0.5634920634920635,0.544415407726141,0.8902895202165831,0.8928571428571429,0.0692520775623268,0.8083832335329342,0.1246537396121883,0.7964071856287425,0.2456140350877192,0.176364727054589,0.0450530035335688,0.0064803667207287,0.0,0.0,0.5882352941176471,False,train/val only,test,16670,1083,0.6087888531618435,0.5244690674053555
elliptic,strict_inductive,gcn,2,simple_average,simple_average,0.5526819923371648,0.5783204482694821,0.8916869723751728,0.9285714285714286,0.0720221606648199,0.940119760479042,0.1449676823638042,0.8892215568862275,0.2742382271468144,0.1774445110977804,0.0715547703180212,0.0087689825473118,0.0,0.0,0.5966386554621849,False,train/val only,test,16670,1083,0.5741293532338309,0.5327793167128347
elliptic,strict_inductive,sage,2,simple_average,simple_average,0.5760576057605761,0.6053065679399106,0.8930737022429315,0.988095238095238,0.0766389658356417,0.934131736526946,0.1440443213296399,0.874251497005988,0.2696214219759926,0.1628074385122975,0.0759717314487632,0.0074721615172353,0.0,0.0,0.5903361344537815,False,train/val only,test,16670,1083,0.5618964003511853,0.5909510618651893
elliptic,strict_inductive,gcn,3,simple_average,simple_average,0.5319894829097284,0.5245961327557438,0.889940068318172,0.9404761904761904,0.0729455216989843,0.8502994011976048,0.1311172668513388,0.7694610778443114,0.23730378578024,0.1782843431313737,0.0265017667844523,0.0025399525761912,0.0,0.0,0.6029411764705882,False,train/val only,test,16670,1083,0.5062552126772311,0.5604801477377654
elliptic,strict_inductive,sage,3,simple_average,simple_average,0.5823367065317386,0.617852428519988,0.8956347599133947,0.988095238095238,0.0766389658356417,0.9580838323353292,0.1477377654662973,0.9131736526946108,0.2816251154201292,0.1624475104979004,0.0742049469964664,0.0059533162600094,0.0,0.0,0.5882352941176471,False,train/val only,test,16670,1083,0.5802016498625114,0.5844875346260388
elliptic,strict_inductive,gcn,4,simple_average,simple_average,0.5146547441629409,0.4999133360220593,0.8861182528874211,0.8690476190476191,0.0674053554939981,0.7904191616766467,0.1218836565096952,0.7215568862275449,0.2225300092336103,0.1941811637672465,0.0846560846560846,0.0196104569161203,0.0,0.0,0.5987394957983193,False,train/val only,test,16670,1083,0.556989247311828,0.4783010156971375
elliptic,strict_inductive,sage,4,simple_average,simple_average,0.5803489439853077,0.5857971530110948,0.8877285217852958,0.9642857142857144,0.074792243767313,0.9101796407185628,0.1403508771929824,0.8502994011976048,0.2622345337026777,0.1630473905218956,0.0980565371024735,0.0126578017122368,0.0,0.0,0.5903361344537815,False,train/val only,test,16670,1083,0.5771689497716895,0.5835641735918744
elliptic,strict_inductive,gcn,5,simple_average,simple_average,0.5311909262759925,0.5287005569752724,0.8896740547989627,0.9166666666666666,0.0710987996306555,0.8622754491017964,0.1329639889196676,0.7664670658682635,0.2363804247460757,0.1845230953809238,0.0980565371024734,0.0101688375413472,0.0,0.0,0.5987394957983193,False,train/val only,test,16670,1083,0.5440464666021297,0.5189289012003694
elliptic,strict_inductive,sage,5,simple_average,simple_average,0.558139534883721,0.5395410661966709,0.8852958946481018,0.8452380952380952,0.0655586334256694,0.8203592814371258,0.1265004616805171,0.7754491017964071,0.2391505078485687,0.1676664667066586,0.0733215547703179,0.0052823189565021,0.0,0.0,0.5945378151260504,False,train/val only,test,16670,1083,0.5317725752508361,0.5872576177285319
elliptic,strict_inductive,gcn,6,simple_average,simple_average,0.5242009132420092,0.537564178223605,0.8902339538696245,0.9761904761904762,0.0757156048014773,0.9221556886227544,0.1421975992613111,0.811377245508982,0.2502308402585411,0.1846430713857228,0.0397526501766784,0.007167423881166,0.0,0.0,0.6008403361344538,False,train/val only,test,16670,1083,0.5185185185185185,0.5300092336103417
elliptic,strict_inductive,sage,6,simple_average,simple_average,0.5559686080132177,0.5602835813025816,0.8876607225485215,0.8690476190476191,0.0674053554939981,0.8383233532934131,0.1292705447830101,0.811377245508982,0.2502308402585411,0.162867426514697,0.0547703180212014,0.0068877726682818,0.0,0.0,0.6008403361344538,False,train/val only,test,16670,1083,0.5029895366218237,0.6214219759926131
elliptic,strict_inductive,gcn,7,simple_average,simple_average,0.5198938992042441,0.5103351841726033,0.884810844276142,0.9166666666666666,0.0710987996306555,0.8562874251497006,0.1320406278855032,0.7574850299401198,0.2336103416435826,0.1839232153569286,0.0318021201413427,0.0092360632429844,0.0,0.0,0.6029411764705882,False,train/val only,test,16670,1083,0.4987277353689567,0.5429362880886427
elliptic,strict_inductive,sage,7,simple_average,simple_average,0.5598526703499078,0.5434690102515791,0.8865165771059187,0.9285714285714286,0.0720221606648199,0.8323353293413174,0.1283471837488458,0.7784431137724551,0.2400738688827331,0.1713257348530294,0.0662544169611307,0.0070826468797353,0.0,0.0,0.592436974789916,False,train/val only,test,16670,1083,0.5583103764921947,0.5614035087719298
elliptic,strict_inductive,gcn,8,simple_average,simple_average,0.5106805762543468,0.4870144020269174,0.8869532883103749,0.8095238095238095,0.0627885503231763,0.7245508982035929,0.1117266851338873,0.7005988023952096,0.2160664819944598,0.195620875824835,0.073321554770318,0.0202697029647376,0.0,0.0,0.5966386554621849,False,train/val only,test,16670,1083,0.5526881720430108,0.4746075715604801
elliptic,strict_inductive,sage,8,simple_average,simple_average,0.5642889595638345,0.5067225181099705,0.8889689012690868,0.7142857142857143,0.0554016620498614,0.7065868263473054,0.1089566020313942,0.7125748502994012,0.2197599261311172,0.1683863227354529,0.0468197879858657,0.0041337232478389,0.0,0.0,0.5945378151260504,False,train/val only,test,16670,1083,0.5554561717352415,0.5734072022160664
elliptic,strict_inductive,gcn,9,simple_average,simple_average,0.5311244979919678,0.530088542598109,0.8914737705812448,0.9166666666666666,0.0710987996306555,0.8562874251497006,0.1320406278855032,0.7724550898203593,0.2382271468144044,0.1889622075584883,0.0674603174603174,0.013061878319918,0.0,0.0,0.5945378151260504,False,train/val only,test,16670,1083,0.581958195819582,0.4884579870729455
elliptic,strict_inductive,sage,9,simple_average,simple_average,0.5897920604914935,0.5839541340687164,0.8922121869083672,0.9404761904761904,0.0729455216989843,0.9041916167664672,0.1394275161588181,0.8532934131736527,0.2631578947368421,0.1622075584883023,0.07773851590106,0.0079021945435128,0.0,0.0,0.5882352941176471,False,train/val only,test,16670,1083,0.6040658276863504,0.5761772853185596
elliptic,strict_inductive,gcn,10,simple_average,simple_average,0.5493030459473413,0.580525336376925,0.8913333144952754,0.9642857142857144,0.074792243767313,0.9640718562874252,0.1486611265004616,0.8652694610778443,0.2668513388734995,0.1845830833833233,0.092756183745583,0.0106520001018444,0.0,0.0,0.592436974789916,False,train/val only,test,16670,1083,0.6229508196721312,0.4912280701754385
elliptic,strict_inductive,sage,10,simple_average,simple_average,0.5725770433229119,0.5879745004450332,0.8901465168460517,1.0,0.077562326869806,0.9520958083832336,0.1468144044321329,0.8532934131736527,0.2631578947368421,0.1634673065386922,0.0565371024734982,0.0033499878073959,0.0,0.0,0.5945378151260504,False,train/val only,test,16670,1083,0.5544982698961938,0.5918744228993537
elliptic,inductive_isolated,gcn,1,simple_average,simple_average,0.5414847161572053,0.5913363965087506,0.886591218467505,0.988095238095238,0.0766389658356417,0.994011976047904,0.1532779316712834,0.9161676646706588,0.2825484764542936,0.1826634673065386,0.0559284116331096,0.0184817996845628,0.0,0.0,0.6008403361344538,False,train/val only,test,16670,1083,0.5705521472392638,0.5152354570637119
elliptic,inductive_isolated,sage,1,simple_average,simple_average,0.5299223389675651,0.4412873806128213,0.8813564302140886,0.5833333333333334,0.0452446906740535,0.6287425149700598,0.0969529085872576,0.5898203592814372,0.1819021237303786,0.1824235152969406,0.038152610441767,0.0048830646807439,0.0,0.0,0.592436974789916,False,train/val only,test,16670,1083,0.5244122965641953,0.5355493998153278
elliptic,inductive_isolated,gcn,2,simple_average,simple_average,0.5608988764044944,0.6117473949801492,0.8900900026722792,0.9523809523809524,0.0738688827331486,0.9700598802395208,0.149584487534626,0.9610778443113772,0.296398891966759,0.16874625074985,0.0786219081272084,0.0125904071169853,0.0,0.0,0.6008403361344538,False,train/val only,test,16670,1083,0.5464098073555166,0.5761772853185596
elliptic,inductive_isolated,sage,2,simple_average,simple_average,0.5581613508442776,0.5165960282730131,0.8840347222135831,0.8333333333333334,0.064635272391505,0.7425149700598802,0.1144967682363804,0.7275449101796407,0.224376731301939,0.1736052789442111,0.033068783068783,0.0031634325978563,0.0,0.0,0.5903361344537815,False,train/val only,test,16670,1083,0.567206863679695,0.5493998153277931
elliptic,inductive_isolated,gcn,3,simple_average,simple_average,0.5441112559756628,0.5749364148325735,0.8892089976488563,0.9642857142857144,0.074792243767313,0.9700598802395208,0.149584487534626,0.8772455089820359,0.270544783010157,0.1725854829034193,0.0618374558303886,0.0031295001416102,0.0,0.0,0.6008403361344538,False,train/val only,test,16670,1083,0.5139573070607554,0.5780240073868883
elliptic,inductive_isolated,sage,3,simple_average,simple_average,0.5509034817100045,0.5295932949765642,0.889173454143339,0.8452380952380952,0.0655586334256694,0.7604790419161677,0.1172668513388735,0.7664670658682635,0.2363804247460757,0.1710257948410317,0.0379858657243816,0.003833086379042,0.0,0.0,0.592436974789916,False,train/val only,test,16670,1083,0.5269814502529511,0.577100646352724
elliptic,inductive_isolated,gcn,4,simple_average,simple_average,0.5359477124183006,0.5578184968441688,0.8847496502074763,0.988095238095238,0.0766389658356417,0.9461077844311376,0.1458910433979686,0.8233532934131736,0.2539242843951985,0.1817636472705459,0.1024734982332155,0.0146669329113257,0.0,0.0,0.6029411764705882,False,train/val only,test,16670,1083,0.5420207743153919,0.5300092336103417
elliptic,inductive_isolated,sage,4,simple_average,simple_average,0.5527685754850922,0.5028393195930096,0.8791067632715451,0.7976190476190477,0.061865189289012,0.7544910179640718,0.1163434903047091,0.7095808383233533,0.2188365650969529,0.1764247150569886,0.058303886925795,0.011284387182801,0.0,0.0,0.5903361344537815,False,train/val only,test,16670,1083,0.566990291262136,0.5392428439519852
elliptic,inductive_isolated,gcn,5,simple_average,simple_average,0.506934481109517,0.5434401216233443,0.8795589359009014,0.9761904761904762,0.0757156048014773,0.9880239520958084,0.1523545706371191,0.8772455089820359,0.270544783010157,0.1945410917816436,0.0742049469964664,0.0179889316126986,0.0,0.0,0.6029411764705882,False,train/val only,test,16670,1083,0.5257936507936508,0.4893813481071098
elliptic,inductive_isolated,sage,5,simple_average,simple_average,0.5334538878842676,0.4339883740251969,0.8774540198845772,0.5714285714285714,0.0443213296398892,0.5568862275449101,0.0858725761772853,0.5958083832335329,0.1837488457987073,0.1802039592081583,0.0481927710843373,0.0017140089627359,0.0,0.0,0.5945378151260504,False,train/val only,test,16670,1083,0.5225863596102746,0.5447830101569714
elliptic,inductive_isolated,gcn,6,simple_average,simple_average,0.5355042966983266,0.5759272463770618,0.8860772001385486,1.0,0.077562326869806,1.0,0.1542012927054478,0.907185628742515,0.2797783933518005,0.1794241151769646,0.0671378091872791,0.0051055000025425,0.0,0.0,0.6008403361344538,False,train/val only,test,16670,1083,0.524822695035461,0.5466297322253001
elliptic,inductive_isolated,sage,6,simple_average,simple_average,0.5355470412941679,0.4706008886063088,0.8801474771130925,0.6190476190476191,0.0480147737765466,0.6347305389221557,0.0978762696214219,0.6526946107784432,0.2012927054478301,0.1743851229754049,0.0477031802120141,0.0069808157923812,0.0,0.0,0.5966386554621849,False,train/val only,test,16670,1083,0.4968404423380727,0.5807940904893814
elliptic,inductive_isolated,gcn,7,simple_average,simple_average,0.5453716370269038,0.5664336256094824,0.8861459768217246,0.9642857142857144,0.074792243767313,0.9640718562874252,0.1486611265004616,0.8622754491017964,0.2659279778393352,0.1761847630473905,0.0697879858657244,0.0115898845900054,0.0,0.0,0.6029411764705882,False,train/val only,test,16670,1083,0.5387387387387388,0.5521698984302862
elliptic,inductive_isolated,sage,7,simple_average,simple_average,0.5371637026903785,0.4681243162455149,0.8814844460731268,0.6428571428571429,0.0498614958448753,0.6407185628742516,0.0987996306555863,0.6467065868263473,0.1994459833795014,0.1794241151769646,0.0485865724381625,0.0097394636342061,0.0,0.0,0.5903361344537815,False,train/val only,test,16670,1083,0.5306306306306307,0.543859649122807
elliptic,inductive_isolated,gcn,8,simple_average,simple_average,0.5474756831866606,0.5544391406780026,0.8883257119171628,0.9523809523809524,0.0738688827331486,0.9281437125748504,0.1431209602954755,0.8263473053892215,0.2548476454293629,0.1766646670665866,0.0759717314487632,0.0097863988028304,0.0,0.0,0.6008403361344538,False,train/val only,test,16670,1083,0.5492565055762082,0.5457063711911357
elliptic,inductive_isolated,sage,8,simple_average,simple_average,0.5404663923182441,0.4259854970792079,0.8806264258499386,0.4523809523809524,0.0350877192982456,0.4910179640718562,0.0757156048014773,0.5359281437125748,0.1652816251154201,0.1783443311337732,0.0401606425702811,0.0002144089973667,0.0,0.0,0.5945378151260504,False,train/val only,test,16670,1083,0.5353260869565217,0.5457063711911357
elliptic,inductive_isolated,gcn,9,simple_average,simple_average,0.5476082004555808,0.5803478270237321,0.8902623886740383,0.9761904761904762,0.0757156048014773,0.9820359281437124,0.1514312096029547,0.8802395209580839,0.2714681440443213,0.1752249550089982,0.0256183745583039,0.0045188859102496,0.0,0.0,0.6029411764705882,False,train/val only,test,16670,1083,0.5404676258992805,0.5549399815327793
elliptic,inductive_isolated,sage,9,simple_average,simple_average,0.5476588628762543,0.5162361113287763,0.8867291272689123,0.75,0.0581717451523545,0.7485029940119761,0.1154201292705447,0.7275449101796407,0.224376731301939,0.1676064787042591,0.0138686131386861,-0.0039360877164419,0.0,0.0,0.5987394957983193,False,train/val only,test,16670,1083,0.5003819709702063,0.6048014773776547
elliptic,inductive_isolated,gcn,10,simple_average,simple_average,0.5753685211602473,0.6193780761740717,0.8901844002990157,0.988095238095238,0.0766389658356417,0.994011976047904,0.1532779316712834,0.9520958083832336,0.2936288088642659,0.1682663467306538,0.058303886925795,0.0038930607897164,0.0,0.0,0.6008403361344538,False,train/val only,test,16670,1083,0.5931372549019608,0.5586334256694367
elliptic,inductive_isolated,sage,10,simple_average,simple_average,0.5412087912087913,0.4924938260475351,0.878838083989422,0.8452380952380952,0.0655586334256694,0.7125748502994012,0.1098799630655586,0.6916167664670658,0.2132963988919667,0.1781643671265746,0.0410052910052909,0.0064855498023189,0.0,0.0,0.5945378151260504,False,train/val only,test,16670,1083,0.5367847411444142,0.5457063711911357
elliptic,transductive,gcn,1,simple_average,simple_average,0.5678370177719981,0.5646468863812267,0.8791040975086313,0.9285714285714286,0.0720221606648199,0.9281437125748504,0.1431209602954755,0.811377245508982,0.2502308402585411,0.1625074985002999,0.0410052910052909,0.0111803011808262,0.0,0.0,0.5945378151260504,False,train/val only,test,16670,1083,0.5351307189542484,0.6048014773776547
elliptic,transductive,sage,1,simple_average,simple_average,0.5044160942100098,0.4406160799517188,0.8668056299254042,0.4761904761904761,0.0369344413665743,0.5269461077844312,0.0812557710064635,0.562874251497006,0.1735918744228993,0.165746850629874,0.0408759124087591,0.0079083817781688,0.0,0.0,0.6218487394957983,False,train/val only,test,16670,1083,0.3905775075987842,0.7119113573407202
elliptic,transductive,gcn,2,simple_average,simple_average,0.5824693685202639,0.5853973660191559,0.874649163385853,0.8928571428571429,0.0692520775623268,0.9161676646706588,0.1412742382271468,0.8832335329341318,0.2723915050784857,0.1647270545890821,0.0555555555555555,0.0115819133807934,0.0,0.0,0.5903361344537815,False,train/val only,test,16670,1083,0.5948026948989413,0.5706371191135734
elliptic,transductive,sage,2,simple_average,simple_average,0.5820895522388059,0.5488815040561019,0.875228255949494,0.9404761904761904,0.0729455216989843,0.8323353293413174,0.1283471837488458,0.7305389221556886,0.2253000923361034,0.1458908218356328,0.018018018018018,-0.0024086985878163,0.0,0.0,0.5966386554621849,False,train/val only,test,16670,1083,0.5064935064935064,0.6842105263157895
elliptic,transductive,gcn,3,simple_average,simple_average,0.533069306930693,0.5168568339054135,0.8786958211085889,0.8452380952380952,0.0655586334256694,0.8383233532934131,0.1292705447830101,0.7365269461077845,0.2271468144044321,0.1691061787642471,0.0750883392226148,0.01709254331874,0.0,0.0,0.5987394957983193,False,train/val only,test,16670,1083,0.4667128987517337,0.6214219759926131
elliptic,transductive,sage,3,simple_average,simple_average,0.5731660965412391,0.4840663856595377,0.8768480031155067,0.5714285714285714,0.0443213296398892,0.592814371257485,0.0914127423822714,0.6437125748502994,0.198522622345337,0.1463107378524295,0.0273109243697479,-0.0039464721701751,0.0,0.0,0.6260504201680672,False,train/val only,test,16670,1083,0.4870801033591731,0.6962142197599261
elliptic,transductive,gcn,4,simple_average,simple_average,0.5549958018471871,0.5362393630696455,0.8714662128471882,0.9047619047619048,0.0701754385964912,0.8682634730538922,0.1338873499538319,0.7724550898203593,0.2382271468144044,0.1648470305938812,0.0609540636042403,0.0173415266491858,0.0,0.0,0.6029411764705882,False,train/val only,test,16670,1083,0.5088529638183218,0.6103416435826408
elliptic,transductive,sage,4,simple_average,simple_average,0.5894909688013137,0.5217713331100329,0.874427283052661,0.8690476190476191,0.0674053554939981,0.7844311377245509,0.1209602954755309,0.6916167664670658,0.2132963988919667,0.1475704859028194,0.0198412698412698,-0.0024442346967152,0.0,0.0,0.6071428571428571,False,train/val only,test,16670,1083,0.5306725794530672,0.6629732225300092
elliptic,transductive,gcn,5,simple_average,simple_average,0.5486649440137813,0.5475629496682334,0.8758686314405647,0.9523809523809524,0.0738688827331486,0.8982035928143712,0.1385041551246537,0.811377245508982,0.2502308402585411,0.1698860227954409,0.1005291005291005,0.0207953943502286,0.0,0.0,0.5966386554621849,False,train/val only,test,16670,1083,0.5141242937853108,0.5881809787626963
elliptic,transductive,sage,5,simple_average,simple_average,0.5779938135218737,0.4891496418178963,0.872109905732107,0.8214285714285714,0.0637119113573407,0.718562874251497,0.1108033240997229,0.6227544910179641,0.1920590951061865,0.1602279544091182,0.0568783068783068,0.011229653096545,0.0,0.0,0.6050420168067226,False,train/val only,test,16670,1083,0.5542372881355933,0.6038781163434903
elliptic,transductive,gcn,6,simple_average,simple_average,0.5464389837567681,0.5426697147050207,0.878068063561977,0.9404761904761904,0.0729455216989843,0.9161676646706588,0.1412742382271468,0.7934131736526946,0.2446906740535549,0.1677864427114577,0.0767195767195767,0.0134001555452606,0.0,0.0,0.5987394957983193,False,train/val only,test,16670,1083,0.4977238239757208,0.605724838411819
elliptic,transductive,sage,6,simple_average,simple_average,0.5558802045288531,0.489230804905793,0.8743327965671609,0.7142857142857143,0.0554016620498614,0.688622754491018,0.1061865189289012,0.625748502994012,0.1929824561403508,0.1502099580083983,0.0169704588309239,-0.002989116788538,0.0,0.0,0.6008403361344538,False,train/val only,test,16670,1083,0.4598187311178248,0.7026777469990766
elliptic,transductive,gcn,7,simple_average,simple_average,0.536115569823435,0.5403235763979196,0.87688274689215,0.9404761904761904,0.0729455216989843,0.9281437125748504,0.1431209602954755,0.8143712574850299,0.2511542012927054,0.1689262147570485,0.0759717314487632,0.0200791935481111,0.0,0.0,0.6029411764705882,False,train/val only,test,16670,1083,0.4740951029098652,0.6168051708217913
elliptic,transductive,sage,7,simple_average,simple_average,0.5270409920771616,0.5355407633001323,0.8788283687645806,0.9404761904761904,0.0729455216989843,0.8862275449101796,0.136657433056325,0.7155688622754491,0.2206832871652816,0.1586682663467306,0.0461847389558232,0.0106651495518215,0.0,0.0,0.6050420168067226,False,train/val only,test,16670,1083,0.4203296703296703,0.7063711911357341
elliptic,transductive,gcn,8,simple_average,simple_average,0.5377240516882034,0.4949318521591184,0.8640039131030007,0.8333333333333334,0.064635272391505,0.7365269461077845,0.113573407202216,0.7005988023952096,0.2160664819944598,0.171625674865027,0.07773851590106,0.0129068721802225,0.0,0.0,0.5966386554621849,False,train/val only,test,16670,1083,0.4901215805471124,0.5955678670360111
elliptic,transductive,sage,8,simple_average,simple_average,0.5665474771553436,0.4328518205490897,0.8653271978134109,0.5238095238095238,0.0406278855032317,0.5688622754491018,0.087719298245614,0.5808383233532934,0.1791320406278855,0.1542291541691661,0.0294117647058823,-0.0015040733898543,0.0,0.0,0.6407563025210085,False,train/val only,test,16670,1083,0.4972105997210599,0.6583564173591875
elliptic,transductive,gcn,9,simple_average,simple_average,0.5608077099586967,0.5424598965121727,0.8732171451681477,0.9642857142857144,0.074792243767313,0.8862275449101796,0.136657433056325,0.7694610778443114,0.23730378578024,0.1706658668266346,0.0912698412698412,0.016901620891573,0.0,0.0,0.5966386554621849,False,train/val only,test,16670,1083,0.5574817518248175,0.564173591874423
elliptic,transductive,sage,9,simple_average,simple_average,0.580697485806975,0.4863423031421985,0.8677349741163307,0.7976190476190477,0.061865189289012,0.688622754491018,0.1061865189289012,0.6497005988023952,0.2003693444136657,0.1500899820035992,0.0160642570281124,-0.0038831810234199,0.0,0.0,0.6071428571428571,False,train/val only,test,16670,1083,0.5177151120751988,0.6611265004616805
elliptic,transductive,gcn,10,simple_average,simple_average,0.5819672131147542,0.5892596922033668,0.8700618297050227,0.9404761904761904,0.0729455216989843,0.9580838323353292,0.1477377654662973,0.8922155688622755,0.2751615881809787,0.1616076784643071,0.0494699646643109,0.0115027486437599,0.0,0.0,0.592436974789916,False,train/val only,test,16670,1083,0.5741239892183289,0.590027700831025
elliptic,transductive,sage,10,simple_average,simple_average,0.5860899067005938,0.501426798168193,0.8696288505686457,0.8214285714285714,0.0637119113573407,0.7425149700598802,0.1144967682363804,0.6467065868263473,0.1994459833795014,0.1526094781043791,0.0431107354184277,0.005747733154679,0.0,0.0,0.6113445378151261,False,train/val only,test,16670,1083,0.5419607843137255,0.6380424746075716
dgraphfin,strict_inductive,gcn,1,simple_average,simple_average,0.022231985411388,0.0082958105684589,0.3898770120502433,0.0082159624413145,0.0037573805689747,0.009395184967704,0.0085882984433709,0.0067547723935389,0.0123456790123456,0.9548784715082224,0.408314291649356,0.3907730027968125,0.0186250799210519,0.0029239766081871,0.9689282580078982,False,train/val only,test,170207,1863,0.0112420417057226,0.991411701556629
dgraphfin,strict_inductive,sage,1,simple_average,simple_average,0.05259456080025,0.0228144783047672,0.705746743198352,0.0293427230046948,0.013419216317767,0.0229007633587786,0.0209339774557165,0.024669603524229,0.0450885668276972,0.1704160228427738,0.0791465555068012,0.0698807668712184,0.0448986429887753,0.0163934426229508,0.1791630100921457,False,train/val only,test,170207,1863,0.0283619200134856,0.3612453032742888
dgraphfin,strict_inductive,gcn,2,simple_average,simple_average,0.0457952392718886,0.0214554162418262,0.6992723252510407,0.0187793427230046,0.0085882984433709,0.0264239577216676,0.0241545893719806,0.0276064610866372,0.050456253354804,0.1668439018371747,0.0732936326156665,0.0693058940895763,0.041219649915302,0.0139860139860139,0.1682954999777886,False,train/val only,test,170207,1863,0.0248003925241982,0.298443370907139
dgraphfin,strict_inductive,sage,2,simple_average,simple_average,0.0607723148343532,0.0280267061480767,0.7348395808990558,0.0446009389671361,0.0203972088030059,0.0516735173223722,0.0472356414385399,0.0440528634361233,0.0805152979066022,0.112081171749693,0.019142167617376,0.014907495609142,0.051660516605166,0.0396270396270396,0.1151214961574341,False,train/val only,test,170207,1863,0.034968431277319,0.2318840579710145
dgraphfin,strict_inductive,gcn,3,simple_average,simple_average,0.0246960576717184,0.0102239021211111,0.5077685069569354,0.0093896713615023,0.0042941492216854,0.007046388725778,0.0064412238325281,0.006461086637298,0.0118089103596349,0.729717344175034,-0.001454092230993,-0.0046579505835001,0.0228778308427052,0.003683241252302,0.7462407138162481,False,train/val only,test,170207,1863,0.0125332045399661,0.8357487922705314
dgraphfin,strict_inductive,sage,3,simple_average,simple_average,0.0572394952517236,0.0257191641327931,0.7200647976669401,0.034037558685446,0.0155662909286097,0.0352319436288901,0.0322061191626409,0.0381791483113069,0.0697799248523886,0.0811893752900879,-0.0321458246780224,-0.0353964344491136,0.0433048433048433,0.029143897996357,0.08651326018391,False,train/val only,test,170207,1863,0.0377747252747252,0.1180891035963499
dgraphfin,strict_inductive,gcn,4,simple_average,simple_average,0.0357321756553681,0.0181117568398873,0.6615552002521025,0.022300469483568,0.0101986044015029,0.0193775689958896,0.0177133655394524,0.0205580029368575,0.0375738056897477,0.1066113614598694,-0.0133282141290039,-0.019770679532692,0.0323604060913705,0.0146198830409356,0.113497091815538,False,train/val only,test,170207,1863,0.0211566979733069,0.1148684916800858
dgraphfin,strict_inductive,sage,4,simple_average,simple_average,0.0458111737138644,0.0226525198363878,0.7152811576117598,0.0305164319248826,0.0139559849704777,0.0258367586611861,0.0236178207192699,0.0261380323054331,0.0477724100912506,0.1400236183000699,0.002492729538845,0.0013293205761704,0.0410895660203139,0.0182149362477231,0.1435964639509573,False,train/val only,test,170207,1863,0.0253970107426436,0.2334943639291465
dgraphfin,strict_inductive,gcn,5,simple_average,simple_average,0.021977472778045,0.0075235729817901,0.3477420725738869,0.0011737089201877,0.0005367686527106,0.0005871990604815,0.0005367686527106,0.0005873715124816,0.0010735373054213,0.922235865739952,0.0189806608376983,0.013985273195136,0.0191685844961691,0.0,0.9247751206669592,False,train/val only,test,170207,1863,0.0111181341255293,0.9441760601180892
dgraphfin,strict_inductive,sage,5,simple_average,simple_average,0.0394272076372315,0.0181586663573272,0.6484024376102415,0.0105633802816901,0.0048309178743961,0.0146799765120375,0.013419216317767,0.0205580029368575,0.0375738056897477,0.2608353357970001,0.0680334058904535,0.0631878312307211,0.0345121431614827,0.0072859744990892,0.2683194383501536,False,train/val only,test,170207,1863,0.0206309164023278,0.4433709071390231
dgraphfin,strict_inductive,gcn,6,simple_average,simple_average,0.0347420706496101,0.0146654775170944,0.6264259934078188,0.0070422535211267,0.003220611916264,0.0088079859072225,0.0080515297906602,0.0070484581497797,0.0128824476650563,0.4230965823967287,0.0386892397174906,0.0347751379341804,0.0315895880717715,0.0,0.4304519526107942,False,train/val only,test,170207,1863,0.0178319636524191,0.6720343531937735
dgraphfin,strict_inductive,sage,6,simple_average,simple_average,0.0492404147576561,0.0220867992476635,0.7199963273321001,0.0246478873239436,0.0112721417069243,0.0229007633587786,0.0209339774557165,0.0211453744493392,0.038647342995169,0.2514350173612131,0.0807645897323387,0.0762016922336387,0.0434184051678492,0.0127504553734061,0.2627523036419482,False,train/val only,test,170207,1863,0.025778271517661,0.548040794417606
dgraphfin,strict_inductive,gcn,7,simple_average,simple_average,0.038832210976249,0.0184816716809638,0.6905974042135281,0.0070422535211267,0.003220611916264,0.008220786846741,0.0075147611379495,0.0138032305433186,0.025228126677402,0.3012332042747948,0.1508611232996928,0.1449251221841855,0.0346304565752301,0.005524861878453,0.3071796840719614,False,train/val only,test,170207,1863,0.0201738766104535,0.5169082125603864
dgraphfin,strict_inductive,sage,7,simple_average,simple_average,0.0488189897100093,0.0212073008507934,0.7220129849905527,0.0140845070422535,0.0064412238325281,0.017615971814445,0.0161030595813204,0.0179148311306901,0.0327428878153515,0.2153260441697462,0.0714403247038174,0.0593588430023066,0.0455507156191661,0.0116550116550116,0.227758885476086,False,train/val only,test,170207,1863,0.0258154274230947,0.4482018250134192
dgraphfin,strict_inductive,gcn,8,simple_average,simple_average,0.0386588024105654,0.0166087031510168,0.6732852616357544,0.0152582159624413,0.0069779924852388,0.0199647680563711,0.0182501341921631,0.0155653450807635,0.0284487385936661,0.3678344603923458,-0.0220677567766734,-0.0232019182394215,0.0345754340088617,0.0116550116550116,0.3759050021939447,False,train/val only,test,170207,1863,0.0199243337904145,0.6473429951690821
dgraphfin,strict_inductive,sage,8,simple_average,simple_average,0.0347577182580249,0.0168291113506794,0.6731892552195287,0.0234741784037558,0.0107353730542136,0.0193775689958896,0.0177133655394524,0.0152716593245227,0.0279119699409554,0.3269136992015604,-0.0608369241704055,-0.0643627499121206,0.0323345183680379,0.0147329650092081,0.3300789820096533,False,train/val only,test,170207,1863,0.0180022334321691,0.5018786902844874
dgraphfin,strict_inductive,gcn,9,simple_average,simple_average,0.0216595165847023,0.0075652998222307,0.3442260089627075,0.0,0.0,0.001174398120963,0.0010735373054213,0.0008810572687224,0.001610305958132,0.9887959954643464,0.8297413793103448,0.8199059169880899,0.0185874616158047,0.0,0.990428916191312,False,train/val only,test,170207,1863,0.0109483260168191,1.0
dgraphfin,strict_inductive,sage,9,simple_average,simple_average,0.0237090152084658,0.0124676160507753,0.5663968832165837,0.0070422535211267,0.003220611916264,0.0146799765120375,0.013419216317767,0.0135095447870778,0.0246913580246913,0.3269019488035157,0.2017606406318561,0.1788966759359044,0.0185413077364837,0.0093240093240093,0.3531976744186046,False,train/val only,test,170207,1863,0.012296065259117,0.3301127214170692
dgraphfin,strict_inductive,gcn,10,simple_average,simple_average,0.0217338017811912,0.0078509720231767,0.3568578483150405,0.0058685446009389,0.0026838432635534,0.007046388725778,0.0064412238325281,0.0061674008810572,0.0112721417069243,0.9848361113232712,0.8859971478718736,0.8792161536056928,0.0186421738300945,0.0018214936247723,0.9874670908293112,False,train/val only,test,170207,1863,0.0109863526135364,0.9994632313472892
dgraphfin,strict_inductive,sage,10,simple_average,simple_average,0.0374430764041153,0.01712161712587,0.6656453095339964,0.0117370892018779,0.0053676865271068,0.009395184967704,0.0085882984433709,0.0099853157121879,0.0182501341921631,0.1983878453882625,0.0929409828872312,0.0718742496248339,0.0292429625580759,0.0046620046620046,0.2206011408512505,False,train/val only,test,170207,1863,0.0199769635015477,0.2979066022544283
dgraphfin,inductive_isolated,gcn,1,simple_average,simple_average,0.0232247221055044,0.0089430276317522,0.434314547922717,0.0070422535211267,0.003220611916264,0.0088079859072225,0.0080515297906602,0.0076358296622613,0.0139559849704777,0.9023248162531504,0.3277160365600332,0.3112889946485467,0.0192751615881809,0.0018214936247723,0.9329749890302764,False,train/val only,test,170207,1863,0.0117517443995593,0.9790660225442834
dgraphfin,inductive_isolated,sage,1,simple_average,simple_average,0.033560150624298,0.0188420862058059,0.6907342635758812,0.0082159624413145,0.0037573805689747,0.015267175572519,0.0139559849704777,0.0187958883994126,0.0343531937734836,0.1237610674061583,-0.2367731331349118,-0.2484843317548089,0.0301013024602026,0.0087719298245614,0.1285593709741904,False,train/val only,test,170207,1863,0.019135151423836,0.1363392377885131
dgraphfin,inductive_isolated,gcn,2,simple_average,simple_average,0.0461993941063068,0.0209499758411818,0.696037390491147,0.0082159624413145,0.0037573805689747,0.014092777451556,0.0128824476650563,0.0208516886930983,0.0381105743424584,0.1907912130523421,0.0979505666314804,0.093167081668602,0.041607898448519,0.0054644808743169,0.1925725201012838,False,train/val only,test,170207,1863,0.0246827294463858,0.3601717659688674
dgraphfin,inductive_isolated,sage,2,simple_average,simple_average,0.0459091214175448,0.0230475453835262,0.7180022284712164,0.0352112676056338,0.0161030595813204,0.0264239577216676,0.0241545893719806,0.0281938325991189,0.0515297906602254,0.1192606649550253,0.0230089951733216,0.021928692896439,0.0418671799807507,0.0139860139860139,0.1226955710541513,False,train/val only,test,170207,1863,0.0262350414237496,0.1835748792270531
dgraphfin,inductive_isolated,gcn,3,simple_average,simple_average,0.0237784664467726,0.0093882379532398,0.4699920929740547,0.0082159624413145,0.0037573805689747,0.005871990604815,0.0053676865271068,0.0041116005873715,0.0075147611379495,0.7004823538397363,-0.0305850473102038,-0.0344137816731892,0.0223372600171197,0.001841620626151,0.721882531020335,False,train/val only,test,170207,1863,0.0120761531840199,0.7681159420289855
dgraphfin,inductive_isolated,sage,3,simple_average,simple_average,0.025518291975657,0.0107046815983025,0.5216586457466932,0.0152582159624413,0.0069779924852388,0.01174398120963,0.0107353730542136,0.0091042584434654,0.0166398282340311,0.7453923751667088,0.0134927599824484,0.0112385053015145,0.0234075068023407,0.0091074681238615,0.76159652651915,False,train/val only,test,170207,1863,0.0129456439869445,0.8856682769726248
dgraphfin,inductive_isolated,gcn,4,simple_average,simple_average,0.0372139803872265,0.018548914516074,0.6715828711442248,0.0211267605633802,0.0096618357487922,0.0223135642982971,0.0203972088030059,0.0173274596182085,0.0316693505099302,0.1060532175527446,-0.1018542492381844,-0.11099182971839,0.0308661417322834,0.0165745856353591,0.1120949314499376,False,train/val only,test,170207,1863,0.0220500595947556,0.1191626409017713
dgraphfin,inductive_isolated,sage,4,simple_average,simple_average,0.0385415440166411,0.0182249635627773,0.6774756977820305,0.0070422535211267,0.003220611916264,0.015267175572519,0.0139559849704777,0.0187958883994126,0.0343531937734836,0.3085537022566639,0.0986874863072357,0.0919944512148339,0.0354510354510354,0.0139860139860139,0.3168056164984642,False,train/val only,test,170207,1863,0.020002036867298,0.5271068169618894
dgraphfin,inductive_isolated,gcn,5,simple_average,simple_average,0.0216910394932935,0.0071952929062329,0.3147994206275833,0.0035211267605633,0.001610305958132,0.0041103934233705,0.0037573805689747,0.003230543318649,0.0059044551798174,0.9873271957087546,0.0303312856516015,0.0282098399493943,0.0186051572190186,0.0,0.9894690653795524,False,train/val only,test,170207,1863,0.0109644347401317,1.0
dgraphfin,inductive_isolated,sage,5,simple_average,simple_average,0.0218178403976269,0.0083981426639832,0.387862581574844,0.0117370892018779,0.0053676865271068,0.01174398120963,0.0107353730542136,0.0073421439060205,0.013419216317767,0.9794485538197606,0.5953533827906358,0.5894179049096231,0.0186798137496576,0.0072859744990892,0.9826678367705134,False,train/val only,test,170207,1863,0.0110294990151173,0.9978529253891572
dgraphfin,inductive_isolated,gcn,6,simple_average,simple_average,0.0266557719369921,0.0131970070562483,0.5946235762831973,0.0011737089201877,0.0005367686527106,0.001174398120963,0.0010735373054213,0.0017621145374449,0.003220611916264,0.6391570264442707,0.255697214695038,0.2508010179714056,0.0241195929818684,0.0,0.6450471698113207,False,train/val only,test,170207,1863,0.0135571932546498,0.7879763821792807
dgraphfin,inductive_isolated,sage,6,simple_average,simple_average,0.0434804641970303,0.019001863861324,0.7007976427328761,0.0211267605633802,0.0096618357487922,0.0182031708749266,0.0166398282340311,0.016446402349486,0.0300590445517981,0.346219603189058,-0.0001557955961778,-0.000533034105436,0.0386815171583383,0.0145719489981785,0.3596423870118473,False,train/val only,test,170207,1863,0.0224466303892842,0.6908212560386473
dgraphfin,inductive_isolated,gcn,7,simple_average,simple_average,0.0408723388472665,0.0203648578933316,0.702917885925833,0.0246478873239436,0.0112721417069243,0.0234879624192601,0.0214707461084272,0.0249632892804698,0.0456253354804079,0.182765691187789,0.0297279508556384,0.0264476993346074,0.0353887399463807,0.0202578268876611,0.1890839218944744,False,train/val only,test,170207,1863,0.0219530658591975,0.2957595276435856
dgraphfin,inductive_isolated,sage,7,simple_average,simple_average,0.0426672059046559,0.0186881855675229,0.7035658845960406,0.0082159624413145,0.0037573805689747,0.0146799765120375,0.013419216317767,0.0143906020558002,0.0263016639828234,0.3478059069250971,0.2061485300570425,0.1916489857902587,0.0377217274156126,0.011049723756906,0.3624670908293111,False,train/val only,test,170207,1863,0.0220250521920668,0.679549114331723
dgraphfin,inductive_isolated,gcn,8,simple_average,simple_average,0.0375082435700153,0.0178252605693091,0.6732349563143066,0.0199530516431924,0.0091250670960815,0.0199647680563711,0.0182501341921631,0.0179148311306901,0.0327428878153515,0.4232845887654444,0.0384194068792447,0.0317319888190394,0.0342741935483871,0.012891344383057,0.4300822561692127,False,train/val only,test,170207,1863,0.0192467675300686,0.7326892109500805
dgraphfin,inductive_isolated,sage,8,simple_average,simple_average,0.0373609677230847,0.0174666924822919,0.6840518104699298,0.022300469483568,0.0101986044015029,0.0205519671168526,0.0187869028448738,0.0152716593245227,0.0279119699409554,0.3115911801512276,-0.0753409444271689,-0.0794139563625386,0.0335723028501486,0.0165745856353591,0.3196028960070206,False,train/val only,test,170207,1863,0.01938391882605,0.5147611379495437
dgraphfin,inductive_isolated,gcn,9,simple_average,simple_average,0.0216575022378256,0.0075643832562734,0.3484495164656456,0.0,0.0,0.0005871990604815,0.0005367686527106,0.0011747430249632,0.0021470746108427,0.9888899986487042,0.7451184730144801,0.7213023338454313,0.0185874616158047,0.0,0.990428916191312,False,train/val only,test,170207,1863,0.0109472966699769,1.0
dgraphfin,inductive_isolated,sage,9,simple_average,simple_average,0.0231024172574148,0.0095496102295827,0.4662308702353173,0.0035211267605633,0.001610305958132,0.0052847915443335,0.0048309178743961,0.0055800293685756,0.0101986044015029,0.8868554172272586,0.5484861781483107,0.5413859680466823,0.0195455220555473,0.0,0.90662022817025,False,train/val only,test,170207,1863,0.0116924894957983,0.955984970477724
dgraphfin,inductive_isolated,gcn,10,simple_average,simple_average,0.0218355990702261,0.0076146391302884,0.3365062082831236,0.0070422535211267,0.003220611916264,0.0052847915443335,0.0048309178743961,0.0061674008810572,0.0112721417069243,0.9791371682715752,0.1037187362878455,0.0936977419805651,0.0186578393018356,0.0,0.9838470820535322,False,train/val only,test,170207,1863,0.0110385101572097,0.998389694041868
dgraphfin,inductive_isolated,sage,10,simple_average,simple_average,0.0355494991513065,0.0175735071838672,0.6850190073572991,0.0082159624413145,0.0037573805689747,0.0088079859072225,0.0080515297906602,0.0126284875183553,0.0230810520665593,0.4828708572502893,0.1471039929793769,0.1340648016651205,0.0313506095951865,0.0023310023310023,0.5082547169811321,False,train/val only,test,170207,1863,0.0181795953297878,0.7981749865807837
dgraphfin,transductive,gcn,1,simple_average,simple_average,0.0222321192132694,0.0082971568162766,0.3899187785081025,0.0093896713615023,0.0042941492216854,0.009395184967704,0.0085882984433709,0.0067547723935389,0.0123456790123456,0.9548725963092,0.4084441213128374,0.3909217302439434,0.0186235267956415,0.0029239766081871,0.9690105309346204,False,train/val only,test,170207,1863,0.0112421101325071,0.991411701556629
dgraphfin,transductive,sage,1,simple_average,simple_average,0.054192106628357,0.0234741965146271,0.7079944045381706,0.0258215962441314,0.0118089103596349,0.0223135642982971,0.0203972088030059,0.0237885462555066,0.0434782608695652,0.167073034599047,0.0687527424308907,0.0608695779344755,0.0468113975576662,0.0165745856353591,0.1765028521281263,False,train/val only,test,170207,1863,0.0292722883255733,0.3644659151905529
dgraphfin,transductive,gcn,2,simple_average,simple_average,0.0454581141556096,0.0214739365041239,0.6994892994328588,0.0187793427230046,0.0085882984433709,0.0270111567821491,0.0246913580246913,0.0273127753303964,0.0499194847020934,0.1730363616067494,0.0376426537075026,0.0345757343841624,0.040937247508753,0.0139860139860139,0.1743352721229746,False,train/val only,test,170207,1863,0.0245224683410274,0.3107890499194847
dgraphfin,transductive,sage,2,simple_average,simple_average,0.0629262034974005,0.0285879644123093,0.7374169370725163,0.0422535211267605,0.0193236714975845,0.0475631238990017,0.0434782608695652,0.0455212922173274,0.0831991411701556,0.1143724993684161,-0.0007170029277619,-0.0017928721805072,0.0566919929865575,0.0349907918968692,0.118208875660788,False,train/val only,test,170207,1863,0.0359901143033673,0.2501341921631776
dgraphfin,transductive,gcn,3,simple_average,simple_average,0.0246929273989798,0.0102065944674251,0.5070188565911954,0.0093896713615023,0.0042941492216854,0.0076335877862595,0.0069779924852388,0.006461086637298,0.0118089103596349,0.7284894275793593,-0.0027523888658079,-0.0061543343353346,0.0228447943196727,0.003683241252302,0.7449859586926647,False,train/val only,test,170207,1863,0.0125319548720595,0.8341384863123994
dgraphfin,transductive,sage,3,simple_average,simple_average,0.0600518967008525,0.0263689417734605,0.7229815704795249,0.0363849765258215,0.0166398282340311,0.0375807398708162,0.0343531937734836,0.0387665198237885,0.0708534621578099,0.0827639286280822,-0.0338855421686746,-0.0371274609566105,0.0507285483000539,0.0273224043715847,0.0881346897072542,False,train/val only,test,170207,1863,0.0390048154093097,0.1304347826086956
dgraphfin,transductive,gcn,4,simple_average,simple_average,0.0360181743081371,0.018229300475631,0.6625266378745625,0.022300469483568,0.0101986044015029,0.0193775689958896,0.0177133655394524,0.02143906020558,0.0391841116478797,0.1072165069591732,-0.0120666959192628,-0.0184514149878032,0.031974921630094,0.0146198830409356,0.113756751142501,False,train/val only,test,170207,1863,0.0212849052919351,0.1170155662909286
dgraphfin,transductive,sage,4,simple_average,simple_average,0.0491292040493211,0.0232554981716303,0.7176244857901448,0.0328638497652582,0.015029522275899,0.0275983558426306,0.025228126677402,0.026431718061674,0.0483091787439613,0.1481901449411598,0.0237220272049144,0.0221256338026936,0.0466569464694855,0.0184162062615101,0.1518228084752804,False,train/val only,test,170207,1863,0.0269757639620653,0.274825550187869
dgraphfin,transductive,gcn,5,simple_average,simple_average,0.0219678604453552,0.0075239890416234,0.3477771798022447,0.0011737089201877,0.0005367686527106,0.0005871990604815,0.0005367686527106,0.0005873715124816,0.0010735373054213,0.9221477377546164,0.0195980800254934,0.0146680557241221,0.0191719355496634,0.0,0.9246105748135148,False,train/val only,test,170207,1863,0.011113288534601,0.9436392914653784
dgraphfin,transductive,sage,5,simple_average,simple_average,0.0472955179859904,0.0197065037267232,0.6625933385793459,0.0082159624413145,0.0037573805689747,0.0158543746330005,0.0144927536231884,0.0217327459618208,0.0397208803005904,0.1395066007861016,-0.0253427503115911,-0.0289446341643834,0.04420866489832,0.009208103130755,0.145129442738043,False,train/val only,test,170207,1863,0.0262205092268161,0.241009125067096
dgraphfin,transductive,gcn,6,simple_average,simple_average,0.0347729482016386,0.0146693980202499,0.6265233963969541,0.0070422535211267,0.003220611916264,0.0088079859072225,0.0080515297906602,0.0070484581497797,0.0128824476650563,0.4227205696592972,0.0385074781886165,0.0344945793234856,0.0316135558927668,0.0,0.4301228609039052,False,train/val only,test,170207,1863,0.0178482329964218,0.6720343531937735
dgraphfin,transductive,sage,6,simple_average,simple_average,0.0510931891287119,0.0227715822213925,0.7220349682597877,0.0246478873239436,0.0112721417069243,0.0223135642982971,0.0203972088030059,0.0223201174743024,0.0407944176060118,0.1504932229579277,-0.0246768507638072,-0.0280756538217274,0.0454241816967267,0.0109289617486338,0.1536858271171566,False,train/val only,test,170207,1863,0.0279763120277721,0.2941492216854535
dgraphfin,transductive,gcn,7,simple_average,simple_average,0.0390939995256542,0.0184925305351917,0.690861503165476,0.0070422535211267,0.003220611916264,0.0088079859072225,0.0080515297906602,0.0140969162995594,0.0257648953301127,0.3061801218516277,0.1553038613426942,0.1496523125087017,0.0353824160114367,0.005524861878453,0.3118692408951294,False,train/val only,test,170207,1863,0.0202942564586625,0.5308641975308642
dgraphfin,transductive,sage,7,simple_average,simple_average,0.0497287260277947,0.0212819879609772,0.7222708296553725,0.0129107981220657,0.0059044551798174,0.0146799765120375,0.013419216317767,0.0182085168869309,0.0332796564680622,0.2160721944455868,0.0729212373848179,0.0599772023774582,0.0466830466830466,0.0109289617486338,0.2294866169372531,False,train/val only,test,170207,1863,0.0262851183903815,0.4600107353730542
dgraphfin,transductive,gcn,8,simple_average,simple_average,0.0388494464827432,0.0166098431811289,0.6731678060278331,0.0164319248826291,0.0075147611379495,0.0199647680563711,0.0182501341921631,0.0155653450807635,0.0284487385936661,0.3705781783357911,-0.0104562926965285,-0.0119348494596277,0.0350599899418061,0.0116550116550116,0.3790862220272049,False,train/val only,test,170207,1863,0.0200170218337752,0.6564680622651637
dgraphfin,transductive,sage,8,simple_average,simple_average,0.0365346400227107,0.0168761778412182,0.6737256827003185,0.0234741784037558,0.0107353730542136,0.0193775689958896,0.0177133655394524,0.0152716593245227,0.0279119699409554,0.4676129653892025,0.0950252303641948,0.085692827395845,0.0319031903190319,0.0147329650092081,0.4883720930232558,False,train/val only,test,170207,1863,0.0186972560513416,0.7944176060118089
dgraphfin,transductive,gcn,9,simple_average,simple_average,0.0216243340860422,0.0075722447062962,0.3447325775233796,0.0,0.0,0.001174398120963,0.0010735373054213,0.0008810572687224,0.001610305958132,0.9853590040362618,0.8257166597424179,0.8164751267343102,0.018659973810563,0.0,0.9865072400175516,False,train/val only,test,170207,1863,0.0109309925789591,0.9946323134728932
dgraphfin,transductive,sage,9,simple_average,simple_average,0.0253413314104138,0.0125816284185877,0.5691338456728011,0.0093896713615023,0.0042941492216854,0.0135055783910745,0.0123456790123456,0.013215859030837,0.0241545893719806,0.7288478147197236,0.613975427819219,0.5846506225181233,0.0208000567919639,0.0046620046620046,0.7619295743747257,False,train/val only,test,170207,1863,0.012860520855116,0.8582930756843801
dgraphfin,transductive,gcn,10,simple_average,simple_average,0.0217335481009407,0.0078518590497801,0.3569154712959118,0.0058685446009389,0.0026838432635534,0.007046388725778,0.0064412238325281,0.0061674008810572,0.0112721417069243,0.9848478617213158,0.8862439666520404,0.879358701677964,0.0186426819296811,0.0018214936247723,0.9874396665204036,False,train/val only,test,170207,1863,0.0109862229695843,0.9994632313472892
dgraphfin,transductive,sage,10,simple_average,simple_average,0.0413553694060825,0.0184236248103991,0.6831106956976295,0.0105633802816901,0.0048309178743961,0.01174398120963,0.0107353730542136,0.0105726872246696,0.0193236714975845,0.1801688532199028,0.077418824045634,0.059255516664779,0.0338113207547169,0.0023310023310023,0.2007733655111891,False,train/val only,test,170207,1863,0.022241162384837,0.2941492216854535
elliptic,strict_inductive,gcn,1,validation_weighted_ensemble,validation_weighted_ensemble,0.550711743772242,0.5469780374658152,0.8901584831595759,0.9166666666666666,0.0710987996306555,0.8862275449101796,0.136657433056325,0.8203592814371258,0.2530009233610342,0.1719256148770246,0.047703180212014,0.0004265946354366,0.0,0.0,0.5945378151260504,False,train/val only,test,16670,1083,0.5313304721030043,0.5715604801477377
elliptic,strict_inductive,sage,1,validation_weighted_ensemble,validation_weighted_ensemble,0.5560450318159569,0.536128577404672,0.8890748801547043,0.8690476190476191,0.0674053554939981,0.7904191616766467,0.1218836565096952,0.781437125748503,0.2409972299168975,0.1779844031193761,0.0621693121693122,0.0090470923401587,0.0,0.0,0.5903361344537815,False,train/val only,test,16670,1083,0.5916666666666667,0.5244690674053555
elliptic,strict_inductive,gcn,2,validation_weighted_ensemble,validation_weighted_ensemble,0.5418427726120034,0.5735206650386042,0.8904322273912353,0.9285714285714286,0.0720221606648199,0.940119760479042,0.1449676823638042,0.8862275449101796,0.27331486611265,0.1710857828434313,0.0574809805579036,0.0024965086486817,0.0,0.0,0.5945378151260504,False,train/val only,test,16670,1083,0.4996102883865939,0.5918744228993537
elliptic,strict_inductive,sage,2,validation_weighted_ensemble,validation_weighted_ensemble,0.5513654096228869,0.5795898527591868,0.8889703822484833,0.988095238095238,0.0766389658356417,0.9161676646706588,0.1412742382271468,0.8502994011976048,0.2622345337026777,0.1693461307738452,0.1095406360424028,0.0139514246296168,0.0,0.0,0.5966386554621849,False,train/val only,test,16670,1083,0.5196078431372549,0.5872576177285319
elliptic,strict_inductive,gcn,3,validation_weighted_ensemble,validation_weighted_ensemble,0.5301310043668124,0.5233242499576927,0.8877032562767906,0.9047619047619048,0.0701754385964912,0.8383233532934131,0.1292705447830101,0.7874251497005988,0.2428439519852262,0.1787642471505698,0.0441696113074205,0.0032382438920628,0.0,0.0,0.5966386554621849,False,train/val only,test,16670,1083,0.5028997514498758,0.5604801477377654
elliptic,strict_inductive,sage,3,validation_weighted_ensemble,validation_weighted_ensemble,0.5823367065317386,0.617852428519988,0.8956347599133947,0.988095238095238,0.0766389658356417,0.9580838323353292,0.1477377654662973,0.9131736526946108,0.2816251154201292,0.1624475104979004,0.0742049469964664,0.0059533162600094,0.0,0.0,0.5882352941176471,False,train/val only,test,16670,1083,0.5802016498625114,0.5844875346260388
elliptic,strict_inductive,gcn,4,validation_weighted_ensemble,validation_weighted_ensemble,0.5244527247321845,0.4666429768420137,0.8795480951317186,0.7380952380952381,0.0572483841181902,0.7005988023952096,0.1080332409972299,0.6616766467065869,0.2040627885503231,0.1860227954409118,0.07773851590106,0.0099927340502229,0.0,0.0,0.5945378151260504,False,train/val only,test,16670,1083,0.5291353383458647,0.5198522622345337
elliptic,strict_inductive,sage,4,validation_weighted_ensemble,validation_weighted_ensemble,0.5803489439853077,0.5857971530110948,0.8877285217852958,0.9642857142857144,0.074792243767313,0.9101796407185628,0.1403508771929824,0.8502994011976048,0.2622345337026777,0.1630473905218956,0.0980565371024735,0.0126578017122368,0.0,0.0,0.5903361344537815,False,train/val only,test,16670,1083,0.5771689497716895,0.5835641735918744
elliptic,strict_inductive,gcn,5,validation_weighted_ensemble,validation_weighted_ensemble,0.5236091631603552,0.4949002665429741,0.8840757453428678,0.8452380952380952,0.0655586334256694,0.8023952095808383,0.123730378578024,0.718562874251497,0.2216066481994459,0.186622675464907,0.1086572438162544,0.0108226027581747,0.0,0.0,0.5945378151260504,False,train/val only,test,16670,1083,0.5303030303030303,0.5170821791320406
elliptic,strict_inductive,sage,5,validation_weighted_ensemble,validation_weighted_ensemble,0.5516304347826086,0.506494155968576,0.8819924516257333,0.8214285714285714,0.0637119113573407,0.7305389221556886,0.1126500461680517,0.7395209580838323,0.2280701754385964,0.173125374925015,0.1033568904593639,0.0109322454048974,0.0,0.0,0.5945378151260504,False,train/val only,test,16670,1083,0.5413333333333333,0.5623268698060941
elliptic,strict_inductive,gcn,6,validation_weighted_ensemble,validation_weighted_ensemble,0.5233137166138524,0.4993675747211051,0.8836593827953202,0.8928571428571429,0.0692520775623268,0.8083832335329342,0.1246537396121883,0.7425149700598802,0.2289935364727608,0.1843431313737252,0.0406360424028268,0.0066244678234247,0.0,0.0,0.5945378151260504,False,train/val only,test,16670,1083,0.5133214920071048,0.5337026777469991
elliptic,strict_inductive,sage,6,validation_weighted_ensemble,validation_weighted_ensemble,0.5521008403361344,0.5433528873374639,0.8859878674613484,0.8452380952380952,0.0655586334256694,0.7904191616766467,0.1218836565096952,0.7784431137724551,0.2400738688827331,0.1661667666466706,0.0795053003533569,0.0093940310645863,0.0,0.0,0.6008403361344538,False,train/val only,test,16670,1083,0.5065535851966075,0.6066481994459834
elliptic,strict_inductive,gcn,7,validation_weighted_ensemble,validation_weighted_ensemble,0.5301090564248458,0.4810443785874952,0.8802980038589584,0.8452380952380952,0.0655586334256694,0.7784431137724551,0.1200369344413665,0.688622754491018,0.2123730378578024,0.1851829634073185,0.0503533568904593,0.0092552748818145,0.0,0.0,0.5945378151260504,False,train/val only,test,16670,1083,0.5448343079922028,0.5161588180978762
elliptic,strict_inductive,sage,7,validation_weighted_ensemble,validation_weighted_ensemble,0.5716972261401034,0.5568331324617447,0.8875188151027436,0.9285714285714286,0.0720221606648199,0.8562874251497006,0.1320406278855032,0.8053892215568862,0.2483841181902123,0.1686262747450509,0.0618374558303886,0.0041639028615079,0.0,0.0,0.5882352941176471,False,train/val only,test,16670,1083,0.5823754789272031,0.5614035087719298
elliptic,strict_inductive,gcn,8,validation_weighted_ensemble,validation_weighted_ensemble,0.5293276108726752,0.4745315513013463,0.8849354835021561,0.7619047619047619,0.0590951061865189,0.7005988023952096,0.1080332409972299,0.6676646706586826,0.2059095106186519,0.1859028194361127,0.073321554770318,0.0100928323894775,0.0,0.0,0.5945378151260504,False,train/val only,test,16670,1083,0.5473372781065089,0.5124653739612188
elliptic,strict_inductive,sage,8,validation_weighted_ensemble,validation_weighted_ensemble,0.5638443935926772,0.4962713330006936,0.8875386602266574,0.7261904761904762,0.0563250230840258,0.6946107784431138,0.1071098799630655,0.6946107784431138,0.2142197599261311,0.1692261547690461,0.0591872791519434,0.0045037472450099,0.0,0.0,0.592436974789916,False,train/val only,test,16670,1083,0.558983666061706,0.5687903970452447
elliptic,strict_inductive,gcn,9,validation_weighted_ensemble,validation_weighted_ensemble,0.5239742956005932,0.5198663669612639,0.8892470291997598,0.8928571428571429,0.0692520775623268,0.8203592814371258,0.1265004616805171,0.7634730538922155,0.2354570637119113,0.1904619076184763,0.058303886925795,0.0142187571476543,0.0,0.0,0.6008403361344538,False,train/val only,test,16670,1083,0.5638297872340425,0.4893813481071098
elliptic,strict_inductive,sage,9,validation_weighted_ensemble,validation_weighted_ensemble,0.5897920604914935,0.5839541340687164,0.8922121869083672,0.9404761904761904,0.0729455216989843,0.9041916167664672,0.1394275161588181,0.8532934131736527,0.2631578947368421,0.1622075584883023,0.07773851590106,0.0079021945435128,0.0,0.0,0.5882352941176471,False,train/val only,test,16670,1083,0.6040658276863504,0.5761772853185596
elliptic,strict_inductive,gcn,10,validation_weighted_ensemble,validation_weighted_ensemble,0.5194931773879143,0.5317236289553641,0.8827687514058197,0.9285714285714286,0.0720221606648199,0.9281437125748504,0.1431209602954755,0.8173652694610778,0.2520775623268698,0.191121775644871,0.1254416961130742,0.0156319456774405,0.0,0.0,0.5945378151260504,False,train/val only,test,16670,1083,0.5500515995872033,0.492151431209603
elliptic,strict_inductive,sage,10,validation_weighted_ensemble,validation_weighted_ensemble,0.5287037037037037,0.524568211939684,0.8812134268435572,0.9404761904761904,0.0729455216989843,0.8622754491017964,0.1329639889196676,0.7784431137724551,0.2400738688827331,0.1839232153569286,0.1060070671378092,0.0221578182974351,0.0,0.0,0.5945378151260504,False,train/val only,test,16670,1083,0.5301764159702879,0.5272391505078485
elliptic,inductive_isolated,gcn,1,validation_weighted_ensemble,validation_weighted_ensemble,0.5500705218617771,0.5779169896515035,0.8856252644658957,1.0,0.077562326869806,0.9820359281437124,0.1514312096029547,0.8982035928143712,0.2770083102493075,0.1769046190761847,0.0918727915194346,0.0127792363689826,0.0,0.0,0.5945378151260504,False,train/val only,test,16670,1083,0.5603448275862069,0.5401662049861495
elliptic,inductive_isolated,sage,1,validation_weighted_ensemble,validation_weighted_ensemble,0.5331491712707183,0.4461810897513053,0.8812588336718556,0.5833333333333334,0.0452446906740535,0.6287425149700598,0.0969529085872576,0.6047904191616766,0.1865189289012003,0.1817636472705459,0.0401606425702811,0.0040987175105402,0.0,0.0,0.592436974789916,False,train/val only,test,16670,1083,0.5316804407713499,0.5346260387811634
elliptic,inductive_isolated,gcn,2,validation_weighted_ensemble,validation_weighted_ensemble,0.5438677078548462,0.5811708939719699,0.8843652768148943,0.9523809523809524,0.0738688827331486,0.9580838323353292,0.1477377654662973,0.9191616766467066,0.283471837488458,0.1773845230953809,0.1439929328621908,0.0208077855315934,0.0,0.0,0.5945378151260504,False,train/val only,test,16670,1083,0.5411334552102377,0.5466297322253001
elliptic,inductive_isolated,sage,2,validation_weighted_ensemble,validation_weighted_ensemble,0.5329695316052752,0.5089131278214345,0.8786292362749197,0.8690476190476191,0.0674053554939981,0.7784431137724551,0.1200369344413665,0.7455089820359282,0.2299168975069252,0.180863827234553,0.082010582010582,0.0102227684227341,0.0,0.0,0.5945378151260504,False,train/val only,test,16670,1083,0.525089605734767,0.541089566020314
elliptic,inductive_isolated,gcn,3,validation_weighted_ensemble,validation_weighted_ensemble,0.5293861558554638,0.557448356457032,0.8871714661950755,0.9523809523809524,0.0738688827331486,0.9221556886227544,0.1421975992613111,0.8353293413173652,0.2576177285318559,0.1788242351529694,0.1378091872791519,0.0088915781237268,0.0,0.0,0.5945378151260504,False,train/val only,test,16670,1083,0.500823723228995,0.5614035087719298
elliptic,inductive_isolated,sage,3,validation_weighted_ensemble,validation_weighted_ensemble,0.5468615649183147,0.5286450456781226,0.8886272689418894,0.8095238095238095,0.0627885503231763,0.7904191616766467,0.1218836565096952,0.7754491017964071,0.2391505078485687,0.1704859028194361,0.0397526501766784,0.0031276322121796,0.0,0.0,0.5966386554621849,False,train/val only,test,16670,1083,0.5116653258246179,0.5872576177285319
elliptic,inductive_isolated,gcn,4,validation_weighted_ensemble,validation_weighted_ensemble,0.5205104831358249,0.4694221129880411,0.8738124692659751,0.7976190476190477,0.061865189289012,0.7125748502994012,0.1098799630655586,0.6796407185628742,0.2096029547553093,0.1859628074385123,0.1563604240282685,0.0167201455452174,0.0,0.0,0.5945378151260504,False,train/val only,test,16670,1083,0.5139513951395139,0.5272391505078485
elliptic,inductive_isolated,sage,4,validation_weighted_ensemble,validation_weighted_ensemble,0.5355839416058396,0.4691913207031857,0.8740530691787395,0.7142857142857143,0.0554016620498614,0.688622754491018,0.1061865189289012,0.6826347305389222,0.2105263157894736,0.1800839832033593,0.0886243386243386,0.0145286471339636,0.0,0.0,0.5945378151260504,False,train/val only,test,16670,1083,0.5293056807935077,0.5420129270544783
elliptic,inductive_isolated,gcn,5,validation_weighted_ensemble,validation_weighted_ensemble,0.5272045028142589,0.5274791528143055,0.8790928420652174,0.9761904761904762,0.0757156048014773,0.9640718562874252,0.1486611265004616,0.8203592814371258,0.2530009233610342,0.1854829034193161,0.0848056537102473,0.009244868260045,0.0,0.0,0.6050420168067226,False,train/val only,test,16670,1083,0.5357483317445186,0.5189289012003694
elliptic,inductive_isolated,sage,5,validation_weighted_ensemble,validation_weighted_ensemble,0.5342592592592592,0.4305529767886537,0.8762083088749586,0.5,0.038781163434903,0.5389221556886228,0.0831024930747922,0.5808383233532934,0.1791320406278855,0.1817636472705459,0.0421686746987951,0.0032203362621529,0.0,0.0,0.5945378151260504,False,train/val only,test,16670,1083,0.5357474466109564,0.5327793167128347
elliptic,inductive_isolated,gcn,6,validation_weighted_ensemble,validation_weighted_ensemble,0.5225148683092609,0.5541833505566294,0.8832915371328037,1.0,0.077562326869806,0.9580838323353292,0.1477377654662973,0.8532934131736527,0.2631578947368421,0.1797240551889622,0.1042402826855123,0.0053832917049397,0.0,0.0,0.5945378151260504,False,train/val only,test,16670,1083,0.4838709677419355,0.5678670360110804
elliptic,inductive_isolated,sage,6,validation_weighted_ensemble,validation_weighted_ensemble,0.5356223175965665,0.4644975889628751,0.8790748925949312,0.5238095238095238,0.0406278855032317,0.6287425149700598,0.0969529085872576,0.6526946107784432,0.2012927054478301,0.1750449910017996,0.0494699646643109,0.0065455601315466,0.0,0.0,0.5966386554621849,False,train/val only,test,16670,1083,0.5004009623095429,0.5761772853185596
elliptic,inductive_isolated,gcn,7,validation_weighted_ensemble,validation_weighted_ensemble,0.5386374028349337,0.5151166506118389,0.880458542025545,0.9166666666666666,0.0710987996306555,0.844311377245509,0.1301939058171745,0.7604790419161677,0.234533702677747,0.1790641871625674,0.1104240282685512,0.0152570345213678,0.0,0.0,0.5945378151260504,False,train/val only,test,16670,1083,0.5335144927536232,0.543859649122807
elliptic,inductive_isolated,sage,7,validation_weighted_ensemble,validation_weighted_ensemble,0.5425867507886436,0.4628422974149594,0.8807269547313767,0.6071428571428571,0.0470914127423822,0.6227544910179641,0.0960295475530932,0.6407185628742516,0.1975992613111726,0.1763047390521895,0.0530035335689045,0.0072348979677481,0.0,0.0,0.592436974789916,False,train/val only,test,16670,1083,0.5299295774647887,0.5558633425669437
elliptic,inductive_isolated,gcn,8,validation_weighted_ensemble,validation_weighted_ensemble,0.5324852339845526,0.5044234301014054,0.8834767780357249,0.8809523809523809,0.0683287165281625,0.7724550898203593,0.1191135734072022,0.7574850299401198,0.2336103416435826,0.1809838032393521,0.1227915194346289,0.0153307088278671,0.0,0.0,0.5987394957983193,False,train/val only,test,16670,1083,0.5241502683363148,0.541089566020314
elliptic,inductive_isolated,sage,8,validation_weighted_ensemble,validation_weighted_ensemble,0.5380906460945034,0.4241256009035968,0.8799630655586335,0.4166666666666667,0.0323176361957525,0.4730538922155688,0.0729455216989843,0.5359281437125748,0.1652816251154201,0.1834433113377324,0.0401606425702811,0.0039387232799298,0.0,0.0,0.592436974789916,False,train/val only,test,16670,1083,0.5630676084762866,0.5152354570637119
elliptic,inductive_isolated,gcn,9,validation_weighted_ensemble,validation_weighted_ensemble,0.5497757847533633,0.5625657249008339,0.8883459420957197,0.9642857142857144,0.074792243767313,0.9580838323353292,0.1477377654662973,0.8473053892215568,0.2613111726685134,0.1730053989202159,0.0715547703180212,0.0006747440281855,0.0,0.0,0.5945378151260504,False,train/val only,test,16670,1083,0.5344376634699215,0.5660203139427517
elliptic,inductive_isolated,sage,9,validation_weighted_ensemble,validation_weighted_ensemble,0.5484287559190703,0.5121345058334846,0.8859509614547862,0.7857142857142857,0.0609418282548476,0.7485029940119761,0.1154201292705447,0.7335329341317365,0.2262234533702677,0.1699460107978404,0.0114660114660114,-0.0025358160313484,0.0,0.0,0.5945378151260504,False,train/val only,test,16670,1083,0.5137096774193548,0.5881809787626963
elliptic,inductive_isolated,gcn,10,validation_weighted_ensemble,validation_weighted_ensemble,0.532319391634981,0.5569208522975653,0.8819582410016729,0.9761904761904762,0.0757156048014773,0.9580838323353292,0.1477377654662973,0.8532934131736527,0.2631578947368421,0.1845230953809238,0.151060070671378,0.0177574725581067,0.0,0.0,0.5945378151260504,False,train/val only,test,16670,1083,0.5484818805093046,0.5170821791320406
elliptic,inductive_isolated,sage,10,validation_weighted_ensemble,validation_weighted_ensemble,0.5245597775718257,0.495311309414962,0.8772045933346093,0.9166666666666666,0.0710987996306555,0.8023952095808383,0.123730378578024,0.7095808383233533,0.2188365650969529,0.1856028794241151,0.0595238095238094,0.011641844104656,0.0,0.0,0.5945378151260504,False,train/val only,test,16670,1083,0.5265116279069767,0.5226223453370268
elliptic,transductive,gcn,1,validation_weighted_ensemble,validation_weighted_ensemble,0.5484387510008008,0.5166979312497637,0.87316371143152,0.8095238095238095,0.0627885503231763,0.7844311377245509,0.1209602954755309,0.7514970059880239,0.2317636195752539,0.1631673665266946,0.0832116788321167,0.0100895801300158,0.0,0.0,0.5945378151260504,False,train/val only,test,16670,1083,0.4840989399293286,0.6325023084025854
elliptic,transductive,sage,1,validation_weighted_ensemble,validation_weighted_ensemble,0.5238774055595153,0.4497678401983248,0.8581949195179519,0.75,0.0581717451523545,0.6586826347305389,0.1015697137580794,0.5778443113772455,0.1782086795937211,0.1636472705458908,0.0672268907563025,0.0088737683717013,0.0,0.0,0.6638655462184874,False,train/val only,test,16670,1083,0.4265815438189205,0.6786703601108033
elliptic,transductive,gcn,2,validation_weighted_ensemble,validation_weighted_ensemble,0.5807017543859649,0.5890558527190487,0.8737068754350007,0.8928571428571429,0.0692520775623268,0.9221556886227544,0.1421975992613111,0.8802395209580839,0.2714681440443213,0.158368326334733,0.0353356890459364,0.0061980939698314,0.0,0.0,0.592436974789916,False,train/val only,test,16670,1083,0.5530492898913951,0.6112650046168052
elliptic,transductive,sage,2,validation_weighted_ensemble,validation_weighted_ensemble,0.5876662636033857,0.5498635491808874,0.8761109196698411,0.9285714285714286,0.0720221606648199,0.8263473053892215,0.1274238227146814,0.7365269461077845,0.2271468144044321,0.1463107378524295,0.0139230139230139,-0.0016247883329209,0.0,0.0,0.6071428571428571,False,train/val only,test,16670,1083,0.5214592274678111,0.6731301939058172
elliptic,transductive,gcn,3,validation_weighted_ensemble,validation_weighted_ensemble,0.560897435897436,0.3856411705101192,0.8699049051281637,0.4880952380952381,0.0378578024007386,0.3952095808383233,0.0609418282548476,0.3622754491017964,0.1117266851338873,0.1576484703059388,0.0401459854014598,0.0069863045312316,0.0,0.0,0.5987394957983193,False,train/val only,test,16670,1083,0.4953998584571833,0.6463527239150508
elliptic,transductive,sage,3,validation_weighted_ensemble,validation_weighted_ensemble,0.5494071146245059,0.555314980492425,0.8681089510335489,0.988095238095238,0.0766389658356417,0.9520958083832336,0.1468144044321329,0.7604790419161677,0.234533702677747,0.1614877024595081,0.0247349823321554,0.0089466331392547,0.0,0.0,0.615546218487395,False,train/val only,test,16670,1083,0.4803040774015203,0.641735918744229
elliptic,transductive,gcn,4,validation_weighted_ensemble,validation_weighted_ensemble,0.5698005698005699,0.5341199941734387,0.8680643439341246,0.9047619047619048,0.0701754385964912,0.8502994011976048,0.1311172668513388,0.7514970059880239,0.2317636195752539,0.1553089382123575,0.0277372262773722,0.0064641947983542,0.0,0.0,0.5945378151260504,False,train/val only,test,16670,1083,0.5094614264919942,0.6463527239150508
elliptic,transductive,sage,4,validation_weighted_ensemble,validation_weighted_ensemble,0.5527442584663292,0.5369115042180055,0.8736427194075419,1.0,0.077562326869806,0.9221556886227544,0.1421975992613111,0.7544910179640718,0.2326869806094182,0.1584283143371326,0.0401606425702811,0.0069448311892077,0.0,0.0,0.6113445378151261,False,train/val only,test,16670,1083,0.477792732166891,0.6555863342566943
elliptic,transductive,gcn,5,validation_weighted_ensemble,validation_weighted_ensemble,0.5769739744155271,0.5521472499929798,0.8735038627793209,0.8690476190476191,0.0674053554939981,0.8802395209580839,0.1357340720221606,0.7934131736526946,0.2446906740535549,0.1604679064187162,0.0556537102473498,0.0121031788950191,0.0,0.0,0.6008403361344538,False,train/val only,test,16670,1083,0.5523648648648649,0.6038781163434903
elliptic,transductive,sage,5,validation_weighted_ensemble,validation_weighted_ensemble,0.5383647798742138,0.4336331027760166,0.8633385386797163,0.8333333333333334,0.064635272391505,0.6407185628742516,0.0987996306555863,0.5089820359281437,0.1569713758079409,0.1718656268746251,0.0859788359788359,0.0238646036286081,0.0,0.0,0.6071428571428571,False,train/val only,test,16670,1083,0.4930875576036866,0.592797783933518
elliptic,transductive,gcn,6,validation_weighted_ensemble,validation_weighted_ensemble,0.5347303065580132,0.3678331357124947,0.8642741326036962,0.5238095238095238,0.0406278855032317,0.3952095808383233,0.0609418282548476,0.3323353293413174,0.1024930747922437,0.1664667066586682,0.0781021897810218,0.0100945662411151,0.0,0.0,0.5945378151260504,False,train/val only,test,16670,1083,0.4611780455153949,0.6361957525392429
elliptic,transductive,sage,6,validation_weighted_ensemble,validation_weighted_ensemble,0.5721231766612641,0.5626269817463119,0.871852393034634,0.988095238095238,0.0766389658356417,0.9461077844311376,0.1458910433979686,0.811377245508982,0.2502308402585411,0.1538092381523695,0.0381526104417671,0.0010985130261928,0.0,0.0,0.6071428571428571,False,train/val only,test,16670,1083,0.5097472924187726,0.6518928901200369
elliptic,transductive,gcn,7,validation_weighted_ensemble,validation_weighted_ensemble,0.5592048401037165,0.5505416963310968,0.8768507577371843,0.9285714285714286,0.0720221606648199,0.9161676646706588,0.1412742382271468,0.8233532934131736,0.2539242843951985,0.1658068386322735,0.0680212014134275,0.0166407910656878,0.0,0.0,0.6008403361344538,False,train/val only,test,16670,1083,0.5255889520714866,0.5974145891043398
elliptic,transductive,sage,7,validation_weighted_ensemble,validation_weighted_ensemble,0.5539568345323742,0.5116886061882585,0.8741131377030638,0.9642857142857144,0.074792243767313,0.8203592814371258,0.1265004616805171,0.688622754491018,0.2123730378578024,0.1605278944211157,0.0441767068273092,0.0116187826254783,0.0,0.0,0.6050420168067226,False,train/val only,test,16670,1083,0.4883720930232558,0.6398891966759003
elliptic,transductive,gcn,8,validation_weighted_ensemble,validation_weighted_ensemble,0.5375586854460094,0.4604550608124519,0.8580497242979136,0.7142857142857143,0.0554016620498614,0.6526946107784432,0.100646352723915,0.6287425149700598,0.1939058171745152,0.1659268146370726,0.0430656934306569,0.0083173053880519,0.0,0.0,0.6281512605042017,False,train/val only,test,16670,1083,0.4663951120162933,0.6343490304709142
elliptic,transductive,sage,8,validation_weighted_ensemble,validation_weighted_ensemble,0.5402010050251257,0.4549595676626413,0.872221690056959,0.6785714285714286,0.0526315789473684,0.6526946107784432,0.100646352723915,0.6107784431137725,0.1883656509695291,0.1709658068386322,0.0742049469964664,0.0132799557888912,0.0,0.0,0.6281512605042017,False,train/val only,test,16670,1083,0.4942528735632184,0.5955678670360111
elliptic,transductive,gcn,9,validation_weighted_ensemble,validation_weighted_ensemble,0.5699721964782205,0.5408742734149746,0.8706427290635276,0.9285714285714286,0.0720221606648199,0.8622754491017964,0.1329639889196676,0.7694610778443114,0.23730378578024,0.1679664067186562,0.062720848056537,0.0132350114288767,0.0,0.0,0.5966386554621849,False,train/val only,test,16670,1083,0.5720930232558139,0.5678670360110804
elliptic,transductive,sage,9,validation_weighted_ensemble,validation_weighted_ensemble,0.5634987384356601,0.50531703566968,0.8669818072344185,0.9166666666666666,0.0710987996306555,0.7844311377245509,0.1209602954755309,0.6646706586826348,0.2049861495844875,0.161367726454709,0.0421686746987951,0.0073707967629413,0.0,0.0,0.6134453781512605,False,train/val only,test,16670,1083,0.5173745173745173,0.61865189289012
elliptic,transductive,gcn,10,validation_weighted_ensemble,validation_weighted_ensemble,0.5615848406546081,0.5617503023545425,0.8635400703559996,0.8809523809523809,0.0683287165281625,0.9041916167664672,0.1394275161588181,0.8532934131736527,0.2631578947368421,0.1644871025794841,0.0554744525547445,0.0135432611252431,0.0,0.0,0.6050420168067226,False,train/val only,test,16670,1083,0.5262308313155771,0.6020313942751616
elliptic,transductive,sage,10,validation_weighted_ensemble,validation_weighted_ensemble,0.5439928539526574,0.5151870678433143,0.8720586934645742,0.9166666666666666,0.0710987996306555,0.8083832335329342,0.1246537396121883,0.7275449101796407,0.224376731301939,0.1749850029994001,0.0997464074387151,0.0246217318066065,0.0,0.0,0.5966386554621849,False,train/val only,test,16670,1083,0.5268166089965398,0.5623268698060941
dgraphfin,strict_inductive,gcn,1,validation_weighted_ensemble,validation_weighted_ensemble,0.0261981559651106,0.0124055140776757,0.5688201667883024,0.0082159624413145,0.0037573805689747,0.0076335877862595,0.0069779924852388,0.0085168869309838,0.0155662909286097,0.5657405394607742,0.0,0.0,0.0220359281437125,0.0018214936247723,0.5776056085562349,False,train/val only,test,170207,1863,0.0133571640086298,0.677938808373591
dgraphfin,strict_inductive,sage,1,validation_weighted_ensemble,validation_weighted_ensemble,0.0638808440215142,0.027914514496628,0.7329447263991231,0.0434272300469483,0.0198604401502952,0.0428655314151497,0.0391841116478797,0.0405286343612334,0.074074074074074,0.10117680236418,0.0,0.0,0.0579920260964117,0.0255009107468123,0.106858868997379,False,train/val only,test,170207,1863,0.0377616904715319,0.2071926999463231
dgraphfin,strict_inductive,gcn,2,validation_weighted_ensemble,validation_weighted_ensemble,0.0484083136016837,0.0224235569694073,0.7067066909795343,0.022300469483568,0.0101986044015029,0.0317087492660011,0.0289855072463768,0.0287812041116005,0.0526033279656468,0.139224591233028,0.0430287406757349,0.0418549993980853,0.0428385174147886,0.0186480186480186,0.1420416685176136,False,train/val only,test,170207,1863,0.0268346750670866,0.2469135802469135
dgraphfin,strict_inductive,sage,2,validation_weighted_ensemble,validation_weighted_ensemble,0.0637497233084926,0.0279133018863117,0.7341230800087819,0.0481220657276995,0.0220075147611379,0.0458015267175572,0.0418679549114331,0.0443465491923641,0.0810520665593129,0.1081800395988414,0.0144251864853005,0.0109798344828933,0.0577663671373555,0.0303030303030303,0.1119896939274132,False,train/val only,test,170207,1863,0.0369546621043627,0.2318840579710145
dgraphfin,strict_inductive,gcn,3,validation_weighted_ensemble,validation_weighted_ensemble,0.0251230984630389,0.0101745848148334,0.4986822951975569,0.0152582159624413,0.0069779924852388,0.0135055783910745,0.0123456790123456,0.0091042584434654,0.0166398282340311,0.7344233785919498,0.0,0.0,0.0227835562159484,0.009208103130755,0.7530323248819932,False,train/val only,test,170207,1863,0.0127483615521549,0.8572195383789587
dgraphfin,strict_inductive,sage,3,validation_weighted_ensemble,validation_weighted_ensemble,0.0648718780408692,0.0279465111095142,0.7331816766751841,0.0363849765258215,0.0166398282340311,0.0428655314151497,0.0391841116478797,0.0399412628487518,0.0730005367686527,0.1167225789773628,0.0,0.0,0.0567129629629629,0.023391812865497,0.1210963528941406,False,train/val only,test,170207,1863,0.0368949232585596,0.2683843263553409
dgraphfin,strict_inductive,gcn,4,validation_weighted_ensemble,validation_weighted_ensemble,0.0357321756553681,0.0181117568398873,0.6615552002521025,0.022300469483568,0.0101986044015029,0.0193775689958896,0.0177133655394524,0.0205580029368575,0.0375738056897477,0.1066113614598694,-0.0133282141290039,-0.019770679532692,0.0323604060913705,0.0146198830409356,0.113497091815538,False,train/val only,test,170207,1863,0.0211566979733069,0.1148684916800858
dgraphfin,strict_inductive,sage,4,validation_weighted_ensemble,validation_weighted_ensemble,0.0486539886391701,0.0229018764115157,0.7282881027369539,0.0234741784037558,0.0107353730542136,0.0252495596007046,0.0230810520665593,0.0258443465491923,0.0472356414385399,0.165680612430746,0.0287406757349714,0.0269725543712545,0.0451752800867365,0.0163934426229508,0.1687143483984203,False,train/val only,test,170207,1863,0.0263474655610538,0.3172302737520129
dgraphfin,strict_inductive,gcn,5,validation_weighted_ensemble,validation_weighted_ensemble,0.0221536664635384,0.0103075248707999,0.4867603947559363,0.0058685446009389,0.0026838432635534,0.004697592483852,0.0042941492216854,0.0067547723935389,0.0123456790123456,0.907824002538086,0.0,0.0,0.0191520080143787,0.0023310023310023,0.91479267222466,False,train/val only,test,170207,1863,0.0112093940503491,0.9366612989801396
dgraphfin,strict_inductive,sage,5,validation_weighted_ensemble,validation_weighted_ensemble,0.0546347697591756,0.0235268802336368,0.7192912812093551,0.0246478873239436,0.0112721417069243,0.0252495596007046,0.0230810520665593,0.0249632892804698,0.0456253354804079,0.1667792746479287,-0.0288969836968593,-0.0307334046936628,0.0476516969489201,0.0163934426229508,0.1746379991224221,False,train/val only,test,170207,1863,0.0295132896099413,0.3671497584541063
dgraphfin,strict_inductive,gcn,6,validation_weighted_ensemble,validation_weighted_ensemble,0.0410756191985172,0.0175957790861461,0.6669996424900893,0.0117370892018779,0.0053676865271068,0.0223135642982971,0.0203972088030059,0.0143906020558002,0.0263016639828234,0.3884035321696522,0.0,0.0,0.0374209180239601,0.0147329650092081,0.3992430890741553,False,train/val only,test,170207,1863,0.0211261108890187,0.7375201288244766
dgraphfin,strict_inductive,sage,6,validation_weighted_ensemble,validation_weighted_ensemble,0.0532564323433579,0.0240303179020403,0.726154826457769,0.0269953051643192,0.0123456790123456,0.0328831473869641,0.0300590445517981,0.0290748898678414,0.0531400966183574,0.175592073181479,0.0,0.0,0.0478048780487804,0.0175438596491228,0.1819877139096094,False,train/val only,test,170207,1863,0.0286254931959094,0.3816425120772946
dgraphfin,strict_inductive,gcn,7,validation_weighted_ensemble,validation_weighted_ensemble,0.0462731811697574,0.02112942132325,0.703293603895038,0.0129107981220657,0.0059044551798174,0.0234879624192601,0.0214707461084272,0.0270190895741556,0.0493827160493827,0.1572790778287614,0.0012340939008336,0.0007134894931609,0.0403781445281204,0.0116550116550116,0.1622351474864977,False,train/val only,test,170207,1863,0.0252321454616169,0.2785829307568438
dgraphfin,strict_inductive,sage,7,validation_weighted_ensemble,validation_weighted_ensemble,0.0492926416941009,0.0229133080031003,0.716831973709024,0.0293427230046948,0.013419216317767,0.0281855549031121,0.0257648953301127,0.0305433186490455,0.0558239398819108,0.1000487641518856,-0.0544844742570299,-0.0566661157677769,0.0411549950215731,0.0202578268876611,0.1031495713206876,False,train/val only,test,170207,1863,0.0295435153583617,0.1486849168008588
dgraphfin,strict_inductive,gcn,8,validation_weighted_ensemble,validation_weighted_ensemble,0.0410380025592953,0.0176104727057477,0.6866175301300721,0.0234741784037558,0.0107353730542136,0.0211391661773341,0.0193236714975845,0.0158590308370044,0.0289855072463768,0.3900192119008031,-0.0007530120481927,-0.0008936577585355,0.0375460945357023,0.0175438596491228,0.400477182974989,False,train/val only,test,170207,1863,0.0211040203235235,0.74020397208803
dgraphfin,strict_inductive,sage,8,validation_weighted_ensemble,validation_weighted_ensemble,0.0410156547139097,0.0175053126404679,0.6843306116996997,0.0234741784037558,0.0107353730542136,0.0211391661773341,0.0193236714975845,0.0152716593245227,0.0279119699409554,0.3824460803609722,-0.0078936435396759,-0.0084371774029724,0.0369150542061204,0.0165745856353591,0.3929354980254497,False,train/val only,test,170207,1863,0.0211060311893279,0.7235641438539989
dgraphfin,strict_inductive,gcn,9,validation_weighted_ensemble,validation_weighted_ensemble,0.0309356774575268,0.0146457734493615,0.6023535132762047,0.0035211267605633,0.001610305958132,0.0064591896652965,0.0059044551798174,0.0123348017621145,0.0225442834138486,0.1698990053288055,0.0,0.0,0.0293879751954704,0.0018214936247723,0.1779760600689119,False,train/val only,test,170207,1863,0.0167897609982109,0.1964573268921095
dgraphfin,strict_inductive,sage,9,validation_weighted_ensemble,validation_weighted_ensemble,0.0476394237626586,0.022999765001212,0.7204263697555212,0.0293427230046948,0.013419216317767,0.0287727539635936,0.0263016639828234,0.0276064610866372,0.050456253354804,0.1496941958908858,0.0,0.0,0.0424369747899159,0.0127504553734061,0.152947447914353,False,train/val only,test,170207,1863,0.0261345852895148,0.2689210950080515
dgraphfin,strict_inductive,gcn,10,validation_weighted_ensemble,validation_weighted_ensemble,0.032282991328239,0.0144974566077533,0.5735070830096664,0.0234741784037558,0.0107353730542136,0.0281855549031121,0.0257648953301127,0.0223201174743024,0.0407944176060118,0.1055832016309552,0.0,0.0,0.0268741159830268,0.0116959064327485,0.1120689655172413,False,train/val only,test,170207,1863,0.0192150449713818,0.1009125067096081
dgraphfin,strict_inductive,sage,10,validation_weighted_ensemble,validation_weighted_ensemble,0.0507225007372456,0.0237878505748987,0.7281958555889024,0.0258215962441314,0.0118089103596349,0.0234879624192601,0.0214707461084272,0.0276064610866372,0.050456253354804,0.1282379690612019,0.0,0.0,0.0461336828309305,0.0069930069930069,0.1310692550308738,False,train/val only,test,170207,1863,0.0284919162470182,0.2308105206655931
dgraphfin,inductive_isolated,gcn,1,validation_weighted_ensemble,validation_weighted_ensemble,0.0286860385480872,0.0135745812837729,0.6036546983429298,0.0058685446009389,0.0026838432635534,0.0099823840281855,0.0091250670960815,0.0117474302496328,0.0214707461084272,0.592607824590058,0.0,0.0,0.0243913177475454,0.0054644808743169,0.6148255813953488,False,train/val only,test,170207,1863,0.0146093057091891,0.7869028448738594
dgraphfin,inductive_isolated,sage,1,validation_weighted_ensemble,validation_weighted_ensemble,0.0431843848500682,0.0198570530246959,0.7047383824838994,0.0152582159624413,0.0069779924852388,0.015267175572519,0.0139559849704777,0.0185022026431718,0.0338164251207729,0.3471831358287262,-0.0232135438304944,-0.0244854282078178,0.0380119164341202,0.0116550116550116,0.3596698113207547,False,train/val only,test,170207,1863,0.0222922177363218,0.6876006441223832
dgraphfin,inductive_isolated,gcn,2,validation_weighted_ensemble,validation_weighted_ensemble,0.0480165932071558,0.0228548542195028,0.7074272412935413,0.0246478873239436,0.0112721417069243,0.0311215502055196,0.0284487385936661,0.0340675477239353,0.062265163714439,0.1407638933768881,0.044752932741142,0.0433571158475157,0.0424054103454578,0.0209790209790209,0.1437297321309582,False,train/val only,test,170207,1863,0.026575594076455,0.2485238862050456
dgraphfin,inductive_isolated,sage,2,validation_weighted_ensemble,validation_weighted_ensemble,0.0491258912003125,0.0237047297483161,0.7174487918164858,0.034037558685446,0.0155662909286097,0.0381679389312977,0.0348899624261943,0.0314243759177679,0.0574342458400429,0.1463629580452037,0.0524352786309785,0.0491080415673009,0.0440742668748915,0.0303030303030303,0.1486289987536352,False,train/val only,test,170207,1863,0.0270212194466827,0.2699946323134728
dgraphfin,inductive_isolated,gcn,3,validation_weighted_ensemble,validation_weighted_ensemble,0.0251230984630389,0.0101745848148334,0.4986822951975569,0.0152582159624413,0.0069779924852388,0.0135055783910745,0.0123456790123456,0.0091042584434654,0.0166398282340311,0.7344233785919498,0.0,0.0,0.0227835562159484,0.009208103130755,0.7530323248819932,False,train/val only,test,170207,1863,0.0127483615521549,0.8572195383789587
dgraphfin,inductive_isolated,sage,3,validation_weighted_ensemble,validation_weighted_ensemble,0.0275081618106459,0.0155777424052784,0.6410275920335808,0.0082159624413145,0.0037573805689747,0.0076335877862595,0.0069779924852388,0.0105726872246696,0.0193236714975845,0.6563361083856716,-0.0612659060991662,-0.0767722059849549,0.0255952133626958,0.0054644808743169,0.6636658766356629,False,train/val only,test,170207,1863,0.013983323790438,0.8389694041867954
dgraphfin,inductive_isolated,gcn,4,validation_weighted_ensemble,validation_weighted_ensemble,0.0324445273168002,0.0180008296829289,0.6575119925437546,0.0211267605633802,0.0096618357487922,0.0211391661773341,0.0193236714975845,0.0252569750367107,0.0461621041331186,0.072223821581956,-0.1329442928558625,-0.1451788356361321,0.0256410256410256,0.0165745856353591,0.076407089867176,False,train/val only,test,170207,1863,0.0248571428571428,0.0466988727858293
dgraphfin,inductive_isolated,sage,4,validation_weighted_ensemble,validation_weighted_ensemble,0.0408997955010225,0.0176931537790019,0.6831432393537972,0.0093896713615023,0.0042941492216854,0.01174398120963,0.0107353730542136,0.0179148311306901,0.0327428878153515,0.3865645948756514,0.1821585771475233,0.169836672197591,0.0363979509301698,0.0087719298245614,0.3999561211057481,False,train/val only,test,170207,1863,0.0210392784765087,0.7300053676865271
dgraphfin,inductive_isolated,gcn,5,validation_weighted_ensemble,validation_weighted_ensemble,0.0215864478407549,0.0082168269456016,0.3765554936599544,0.0011737089201877,0.0005367686527106,0.0005871990604815,0.0005367686527106,0.0035242290748898,0.0064412238325281,0.9591262404013936,0.0,0.0,0.0187587756248244,0.0,0.9611289987536352,False,train/val only,test,170207,1863,0.0109152941604997,0.9651100375738056
dgraphfin,inductive_isolated,sage,5,validation_weighted_ensemble,validation_weighted_ensemble,0.0408613367111243,0.0181759700067814,0.6883377938851738,0.0164319248826291,0.0075147611379495,0.0193775689958896,0.0177133655394524,0.019676945668135,0.0359634997316156,0.3897078263526177,0.0,0.0,0.0365345869711215,0.0116550116550116,0.4011079420798596,False,train/val only,test,170207,1863,0.0210140706906593,0.7359098228663447
dgraphfin,inductive_isolated,gcn,6,validation_weighted_ensemble,validation_weighted_ensemble,0.0410756191985172,0.0175957790861461,0.6669996424900893,0.0117370892018779,0.0053676865271068,0.0223135642982971,0.0203972088030059,0.0143906020558002,0.0263016639828234,0.3884035321696522,0.0,0.0,0.0374209180239601,0.0147329650092081,0.3992430890741553,False,train/val only,test,170207,1863,0.0211261108890187,0.7375201288244766
dgraphfin,inductive_isolated,sage,6,validation_weighted_ensemble,validation_weighted_ensemble,0.0435168275502217,0.0190524134742272,0.7022879582076004,0.0211267605633802,0.0096618357487922,0.0182031708749266,0.0166398282340311,0.016446402349486,0.0300590445517981,0.3374773070437761,-0.0084845346451831,-0.0093499794949777,0.0380316671841043,0.0145719489981785,0.3505375164545853,False,train/val only,test,170207,1863,0.0224870578084555,0.6714975845410628
dgraphfin,inductive_isolated,gcn,7,validation_weighted_ensemble,validation_weighted_ensemble,0.0463614760346141,0.0222643111008754,0.7075452724297964,0.0234741784037558,0.0107353730542136,0.0305343511450381,0.0279119699409554,0.0299559471365638,0.0547504025764895,0.1565916795431445,0.0,0.0,0.0405535886707434,0.012891344383057,0.161663896967179,False,train/val only,test,170207,1863,0.0252935420743639,0.2775093934514224
dgraphfin,inductive_isolated,sage,7,validation_weighted_ensemble,validation_weighted_ensemble,0.0463614760346141,0.0222643111008754,0.7075452724297964,0.0234741784037558,0.0107353730542136,0.0305343511450381,0.0279119699409554,0.0299559471365638,0.0547504025764895,0.1565916795431445,0.0,0.0,0.0405535886707434,0.012891344383057,0.161663896967179,False,train/val only,test,170207,1863,0.0252935420743639,0.2775093934514224
dgraphfin,inductive_isolated,gcn,8,validation_weighted_ensemble,validation_weighted_ensemble,0.0409938256946093,0.0181330847601457,0.6915406313820671,0.022300469483568,0.0101986044015029,0.0217263652378156,0.0198604401502952,0.016446402349486,0.0300590445517981,0.3909474933463371,0.0003784182118743,1.4124980886084935e-05,0.0374456703443664,0.0165745856353591,0.4015741553312856,False,train/val only,test,170207,1863,0.0210797856913894,0.7412775093934514
dgraphfin,inductive_isolated,sage,8,validation_weighted_ensemble,validation_weighted_ensemble,0.0413369445158947,0.0178637128751055,0.6888259774243926,0.022300469483568,0.0101986044015029,0.0211391661773341,0.0193236714975845,0.0152716593245227,0.0279119699409554,0.3839266305146087,-0.0065544098288722,-0.006955869765422,0.0372162770090655,0.0165745856353591,0.3949374725756911,False,train/val only,test,170207,1863,0.0212679828112349,0.7332259796027912
dgraphfin,inductive_isolated,gcn,9,validation_weighted_ensemble,validation_weighted_ensemble,0.0270515267175572,0.0126650824374719,0.5699705108209657,0.0011737089201877,0.0005367686527106,0.0017615971814445,0.001610305958132,0.0049926578560939,0.0091250670960815,0.2700828990582056,0.0,0.0,0.0268249780123131,0.0,0.2931346969666792,False,train/val only,test,170207,1863,0.0141548293681503,0.3043478260869565
dgraphfin,inductive_isolated,sage,9,validation_weighted_ensemble,validation_weighted_ensemble,0.0433395742320227,0.0182768336244319,0.6892965077081004,0.0140845070422535,0.0064412238325281,0.0135055783910745,0.0123456790123456,0.0170337738619676,0.0311325818572195,0.3386229708531376,-0.006419084003376,-0.0074298986147586,0.0382264180143929,0.0023310023310023,0.3512779727950855,False,train/val only,test,170207,1863,0.0223930062162985,0.6709608158883521
dgraphfin,inductive_isolated,gcn,10,validation_weighted_ensemble,validation_weighted_ensemble,0.0226310552704996,0.0101485902235179,0.4760659926231871,0.0105633802816901,0.0048309178743961,0.01174398120963,0.0107353730542136,0.0108663729809104,0.0198604401502952,0.8858801341895457,0.0,0.0,0.0195471674990042,0.0058479532163742,0.8899044453676777,False,train/val only,test,170207,1863,0.0114543012876214,0.9339774557165862
dgraphfin,inductive_isolated,sage,10,validation_weighted_ensemble,validation_weighted_ensemble,0.0428306334319674,0.0194218491952988,0.7026363058985959,0.022300469483568,0.0101986044015029,0.0211391661773341,0.0193236714975845,0.0190895741556534,0.0348899624261943,0.3500619833496859,0.0,0.0,0.0386545808674807,0.0023310023310023,0.3611507240017551,False,train/val only,test,170207,1863,0.0221037374469406,0.6876006441223832
dgraphfin,transductive,gcn,1,validation_weighted_ensemble,validation_weighted_ensemble,0.0262057660984946,0.0124146286913797,0.5690477603447216,0.0082159624413145,0.0037573805689747,0.0076335877862595,0.0069779924852388,0.0085168869309838,0.0155662909286097,0.5655760338881479,0.0,0.0,0.0220317064993534,0.0018214936247723,0.5774263578242944,False,train/val only,test,170207,1863,0.0133611205145565,0.677938808373591
dgraphfin,transductive,sage,1,validation_weighted_ensemble,validation_weighted_ensemble,0.063041012476867,0.0279667925321491,0.7339930679987651,0.0399061032863849,0.0182501341921631,0.0405167351732237,0.037037037037037,0.0408223201174743,0.0746108427267847,0.1235848114354873,0.0181823168056165,0.016895978415931,0.0600203458799593,0.0255009107468123,0.1282039891608546,False,train/val only,test,170207,1863,0.0354648038688876,0.2834138486312399
dgraphfin,transductive,gcn,2,validation_weighted_ensemble,validation_weighted_ensemble,0.0487106017191977,0.023456423203623,0.7111465365540269,0.0305164319248826,0.0139559849704777,0.0369935408103347,0.0338164251207729,0.0325991189427312,0.0595813204508856,0.1383256857826058,0.0,0.0,0.0432818968761761,0.0209790209790209,0.1412420594376082,False,train/val only,test,170207,1863,0.027027027027027,0.2463768115942029
dgraphfin,transductive,sage,2,validation_weighted_ensemble,validation_weighted_ensemble,0.0639282015878495,0.0279400117524961,0.7346335465383625,0.0434272300469483,0.0198604401502952,0.0411039342337052,0.0375738056897477,0.0405286343612334,0.074074074074074,0.1125629380695271,-0.0032464299229221,-0.003555481538634,0.0558360558360558,0.0303030303030303,0.1168317711341122,False,train/val only,test,170207,1863,0.0366819838377436,0.2485238862050456
dgraphfin,transductive,gcn,3,validation_weighted_ensemble,validation_weighted_ensemble,0.0251138141703556,0.0101589994342219,0.4980438541239165,0.0152582159624413,0.0069779924852388,0.012918379330593,0.0118089103596349,0.0091042584434654,0.0166398282340311,0.734699512946001,0.0,0.0,0.0227748790798644,0.007366482504604,0.7532514091099205,False,train/val only,test,170207,1863,0.0127435803316363,0.8572195383789587
dgraphfin,transductive,sage,3,validation_weighted_ensemble,validation_weighted_ensemble,0.0661637397971803,0.0285042258863174,0.7329574709240535,0.0422535211267605,0.0193236714975845,0.0416911332941867,0.0381105743424584,0.0408223201174743,0.0746108427267847,0.1199363128425975,0.0,0.0,0.060327868852459,0.0263157894736842,0.1236728710408244,False,train/val only,test,170207,1863,0.0373890558389824,0.2871712292002147
dgraphfin,transductive,gcn,4,validation_weighted_ensemble,validation_weighted_ensemble,0.0360181743081371,0.018229300475631,0.6625266378745625,0.022300469483568,0.0101986044015029,0.0193775689958896,0.0177133655394524,0.02143906020558,0.0391841116478797,0.1072165069591732,-0.0120666959192628,-0.0184514149878032,0.031974921630094,0.0146198830409356,0.113756751142501,False,train/val only,test,170207,1863,0.0212849052919351,0.1170155662909286
dgraphfin,transductive,sage,4,validation_weighted_ensemble,validation_weighted_ensemble,0.0497556641492669,0.023397696411425,0.7223307930118501,0.0269953051643192,0.0123456790123456,0.0275983558426306,0.025228126677402,0.026431718061674,0.0483091787439613,0.1562920443930038,0.0322509872751206,0.030226462641117,0.0461777260380287,0.0184162062615101,0.1596385542168674,False,train/val only,test,170207,1863,0.0271225843948273,0.3005904455179817
dgraphfin,transductive,gcn,5,validation_weighted_ensemble,validation_weighted_ensemble,0.0221601016518424,0.0102977020167087,0.4864972954058312,0.0046948356807511,0.0021470746108427,0.004697592483852,0.0042941492216854,0.006461086637298,0.0118089103596349,0.9070602266651784,0.0,0.0,0.0191729101527933,0.0023310023310023,0.9137779727950855,False,train/val only,test,170207,1863,0.0112127660942412,0.9361245303274288
dgraphfin,transductive,sage,5,validation_weighted_ensemble,validation_weighted_ensemble,0.0556285250714672,0.0241589093437223,0.7282702087479848,0.0269953051643192,0.0123456790123456,0.0258367586611861,0.0236178207192699,0.0249632892804698,0.0456253354804079,0.1704865252310422,0.0026053093462044,0.0019314279006897,0.0491041804910418,0.0182149362477231,0.1784774023694603,False,train/val only,test,170207,1863,0.0299712775257045,0.3864734299516908
dgraphfin,transductive,gcn,6,validation_weighted_ensemble,validation_weighted_ensemble,0.0410854451670778,0.0175960995463082,0.66706704466985,0.0117370892018779,0.0053676865271068,0.0223135642982971,0.0203972088030059,0.0143906020558002,0.0263016639828234,0.3883095289852943,0.0,0.0,0.037423436763815,0.0147329650092081,0.3992156647652479,False,train/val only,test,170207,1863,0.0211313094029713,0.7375201288244766
dgraphfin,transductive,sage,6,validation_weighted_ensemble,validation_weighted_ensemble,0.0545202075568223,0.0247038593199773,0.7282415423353286,0.0269953051643192,0.0123456790123456,0.0287727539635936,0.0263016639828234,0.029662261380323,0.0542136339237788,0.1782652887366559,0.0,0.0,0.0487881157154026,0.0204678362573099,0.1872257569109258,False,train/val only,test,170207,1863,0.0292514606124769,0.4004294149221685
dgraphfin,transductive,gcn,7,validation_weighted_ensemble,validation_weighted_ensemble,0.0463783686990778,0.0222911503602169,0.7077119396959053,0.0234741784037558,0.0107353730542136,0.0305343511450381,0.0279119699409554,0.0299559471365638,0.0547504025764895,0.1567620603147931,0.0,0.0,0.0408097686375321,0.012891344383057,0.1617677606979642,False,train/val only,test,170207,1863,0.0252991452991453,0.2780461621041331
dgraphfin,transductive,sage,7,validation_weighted_ensemble,validation_weighted_ensemble,0.0487202699366307,0.0228706639745648,0.7180570614947911,0.0258215962441314,0.0118089103596349,0.0264239577216676,0.0241545893719806,0.0273127753303964,0.0499194847020934,0.1047371729717344,-0.0499533561369996,-0.0520838734076711,0.0429711479435236,0.0220994475138121,0.1079472258007196,False,train/val only,test,170207,1863,0.0287713841368584,0.1588835212023618
dgraphfin,transductive,gcn,8,validation_weighted_ensemble,validation_weighted_ensemble,0.0414754945155115,0.0180663849251255,0.6903647153979547,0.022300469483568,0.0101986044015029,0.0217263652378156,0.0198604401502952,0.0167400881057268,0.0305958132045088,0.3823814531717261,0.0,0.0,0.0373639909669472,0.0165745856353591,0.393346862659061,False,train/val only,test,170207,1863,0.0213417970887599,0.7326892109500805
dgraphfin,transductive,sage,8,validation_weighted_ensemble,validation_weighted_ensemble,0.0414754945155115,0.0180663849251255,0.6903647153979547,0.022300469483568,0.0101986044015029,0.0217263652378156,0.0198604401502952,0.0167400881057268,0.0305958132045088,0.3823814531717261,0.0,0.0,0.0373639909669472,0.0165745856353591,0.393346862659061,False,train/val only,test,170207,1863,0.0213417970887599,0.7326892109500805
dgraphfin,transductive,gcn,9,validation_weighted_ensemble,validation_weighted_ensemble,0.0308733347430746,0.0146395692144689,0.6022653394658062,0.0035211267605633,0.001610305958132,0.0064591896652965,0.0059044551798174,0.0123348017621145,0.0225442834138486,0.1698343781395594,0.0,0.0,0.0294038305907742,0.0018214936247723,0.1778963930769383,False,train/val only,test,170207,1863,0.0167569552841795,0.1959205582393988
dgraphfin,transductive,sage,9,validation_weighted_ensemble,validation_weighted_ensemble,0.0484551250613045,0.0231461776026712,0.7202461385141673,0.028169014084507,0.0128824476650563,0.0281855549031121,0.0257648953301127,0.0273127753303964,0.0499194847020934,0.1461632012784433,0.0,0.0,0.0454642933733647,0.0182149362477231,0.1505930434010039,False,train/val only,test,170207,1863,0.0266637879851028,0.2651637144390767
dgraphfin,transductive,gcn,10,validation_weighted_ensemble,validation_weighted_ensemble,0.0318718235851494,0.0144603531533645,0.572923490902214,0.022300469483568,0.0101986044015029,0.0275983558426306,0.025228126677402,0.0223201174743024,0.0407944176060118,0.1054656976505079,0.0,0.0,0.026950354609929,0.0116959064327485,0.1118612380556709,False,train/val only,test,170207,1863,0.0189821465216499,0.0993022007514761
dgraphfin,transductive,sage,10,validation_weighted_ensemble,validation_weighted_ensemble,0.0559562297935836,0.024907873770522,0.7308477275360993,0.0258215962441314,0.0118089103596349,0.0246623605402231,0.0225442834138486,0.0287812041116005,0.0526033279656468,0.1224156468300363,0.0,0.0,0.0513109670143783,0.0069930069930069,0.1256941051041712,False,train/val only,test,170207,1863,0.031643344349905,0.2415458937198067
elliptic,strict_inductive,gcn,1,temperature_graph,temperature_graph,0.5101289134438306,0.4816810104146862,0.8752808307180718,0.7261904761904762,0.0563250230840258,0.8083832335329342,0.1246537396121883,0.7395209580838323,0.2280701754385964,0.1907618476304739,0.0835197613721103,0.0176652680269284,0.0,0.0,0.5903361344537815,False,train/val only,test,16670,1083,0.5087235996326905,0.5115420129270545
elliptic,strict_inductive,sage,1,temperature_graph,temperature_graph,0.569177744953225,0.56803585336822,0.8810975846351586,0.988095238095238,0.0766389658356417,0.9461077844311376,0.1458910433979686,0.8353293413173652,0.2576177285318559,0.1736652669466107,0.0181668042939719,0.0032625918616521,0.0,0.0,0.5840336134453782,False,train/val only,test,16670,1083,0.609704641350211,0.5337026777469991
elliptic,strict_inductive,gcn,2,temperature_graph,temperature_graph,0.5263157894736842,0.4935263741909961,0.8741762866645328,0.6785714285714286,0.0526315789473684,0.7904191616766467,0.1218836565096952,0.7904191616766467,0.2437673130193905,0.1899220155968806,0.0805369127516778,0.016997622579621,0.0,0.0,0.5882352941176471,False,train/val only,test,16670,1083,0.569280343716434,0.4893813481071098
elliptic,strict_inductive,sage,2,temperature_graph,temperature_graph,0.620162932790224,0.6405174121102664,0.8873239478337448,1.0,0.077562326869806,1.0,0.1542012927054478,0.940119760479042,0.2899353647276085,0.1584883023395321,0.0273851590106006,0.002772928066527,0.0,0.0,0.5945378151260504,False,train/val only,test,16670,1083,0.6912599318955732,0.5623268698060941
elliptic,strict_inductive,gcn,3,temperature_graph,temperature_graph,0.4671314741035857,0.432769782078392,0.8666790061869988,0.7023809523809523,0.0544783010156971,0.7425149700598802,0.1144967682363804,0.6646706586826348,0.2049861495844875,0.2115176964607078,0.1944444444444444,0.0332690081160412,0.0,0.0,0.5882352941176471,False,train/val only,test,16670,1083,0.5070270270270271,0.433056325023084
elliptic,strict_inductive,sage,3,temperature_graph,temperature_graph,0.6153076538269134,0.6446810258958481,0.8874801319209055,0.988095238095238,0.0766389658356417,0.994011976047904,0.1532779316712834,0.9550898203592816,0.2945521698984303,0.1584283143371326,0.0118343195266272,0.0004411556068635,0.0,0.0,0.5840336134453782,False,train/val only,test,16670,1083,0.6713973799126638,0.5678670360110804
elliptic,strict_inductive,gcn,4,temperature_graph,temperature_graph,0.4853014449427005,0.4511469583508604,0.8707889609691435,0.6904761904761905,0.0535549399815327,0.7604790419161677,0.1172668513388735,0.6616766467065869,0.2040627885503231,0.2049790041991601,0.1666666666666666,0.0289492648553125,0.0,0.0,0.592436974789916,False,train/val only,test,16670,1083,0.5270562770562771,0.4496768236380424
elliptic,strict_inductive,sage,4,temperature_graph,temperature_graph,0.6217264791464597,0.646021729826782,0.8941999870740118,1.0,0.077562326869806,0.9880239520958084,0.1523545706371191,0.9730538922155688,0.3000923361034164,0.1528494301139772,0.0180722891566265,0.0032365682751392,0.0,0.0,0.592436974789916,False,train/val only,test,16670,1083,0.6547497446373851,0.5918744228993537
elliptic,strict_inductive,gcn,5,temperature_graph,temperature_graph,0.4993264481365064,0.4696522678136782,0.873968979168603,0.7976190476190477,0.061865189289012,0.7964071856287425,0.1228070175438596,0.7215568862275449,0.2225300092336103,0.1933413317336532,0.0859788359788359,0.0185439640387916,0.0,0.0,0.5903361344537815,False,train/val only,test,16670,1083,0.486013986013986,0.5133887349953832
elliptic,strict_inductive,sage,5,temperature_graph,temperature_graph,0.5742663656884875,0.5963565204280525,0.8791092809365192,1.0,0.077562326869806,0.9820359281437124,0.1514312096029547,0.8832335329341318,0.2723915050784857,0.1638272345530894,0.0070224719101123,0.0008611218156121,0.0,0.0,0.5903361344537815,False,train/val only,test,16670,1083,0.5618374558303887,0.5872576177285319
elliptic,strict_inductive,gcn,6,temperature_graph,temperature_graph,0.4840319361277445,0.47867241820764,0.8752533733600597,0.7857142857142857,0.0609418282548476,0.8323353293413174,0.1283471837488458,0.7514970059880239,0.2317636195752539,0.2055188962207558,0.1375661375661376,0.0253443583358646,0.0,0.0,0.5903361344537815,False,train/val only,test,16670,1083,0.5266015200868621,0.4478301015697137
elliptic,strict_inductive,sage,6,temperature_graph,temperature_graph,0.5869175627240144,0.6163644243786824,0.8906525971254426,0.988095238095238,0.0766389658356417,0.9820359281437124,0.1514312096029547,0.9041916167664672,0.2788550323176362,0.1580083983203359,0.0220883534136546,0.0024363113463701,0.0,0.0,0.5903361344537815,False,train/val only,test,16670,1083,0.5700609225413403,0.6048014773776547
elliptic,strict_inductive,gcn,7,temperature_graph,temperature_graph,0.4852809991079393,0.4489936330030597,0.8676102460315528,0.7261904761904762,0.0563250230840258,0.7784431137724551,0.1200369344413665,0.7005988023952096,0.2160664819944598,0.1985602879424115,0.1043997017151379,0.0224275536497272,0.0,0.0,0.5945378151260504,False,train/val only,test,16670,1083,0.4693701466781708,0.5023084025854109
elliptic,strict_inductive,sage,7,temperature_graph,temperature_graph,0.5855588526211671,0.5988955599647827,0.8804367716284156,0.988095238095238,0.0766389658356417,0.9880239520958084,0.1523545706371191,0.8832335329341318,0.2723915050784857,0.1680863827234553,0.0361445783132529,0.0036215248780595,0.0,0.0,0.5945378151260504,False,train/val only,test,16670,1083,0.630457933972311,0.5466297322253001
elliptic,strict_inductive,gcn,8,temperature_graph,temperature_graph,0.4862222222222222,0.4370588107803391,0.8680368569565245,0.7619047619047619,0.0590951061865189,0.7425149700598802,0.1144967682363804,0.6616766467065869,0.2040627885503231,0.1979604079184163,0.0999254287844891,0.0214796071405371,0.0,0.0,0.5945378151260504,False,train/val only,test,16670,1083,0.4687232219365895,0.5050784856879039
elliptic,strict_inductive,sage,8,temperature_graph,temperature_graph,0.5792245093346099,0.5592367001310002,0.885956233741438,0.9523809523809524,0.0738688827331486,0.8562874251497006,0.1320406278855032,0.8023952095808383,0.247460757156048,0.1674265146970605,0.0321285140562249,0.0035575830392852,0.0,0.0,0.5987394957983193,False,train/val only,test,16670,1083,0.6013916500994035,0.5586334256694367
elliptic,strict_inductive,gcn,9,temperature_graph,temperature_graph,0.4890404286410131,0.46550796175937,0.8741708366603536,0.7976190476190477,0.061865189289012,0.7904191616766467,0.1218836565096952,0.7005988023952096,0.2160664819944598,0.2023395320935812,0.1296296296296296,0.0253900400235853,0.0,0.0,0.5903361344537815,False,train/val only,test,16670,1083,0.5175257731958763,0.4635272391505078
elliptic,strict_inductive,sage,9,temperature_graph,temperature_graph,0.5984677782785038,0.622940149376294,0.8951871190809919,1.0,0.077562326869806,0.9880239520958084,0.1523545706371191,0.9041916167664672,0.2788550323176362,0.153989202159568,0.0081709616593337,0.0003555686621253,0.0,0.0,0.5861344537815126,False,train/val only,test,16670,1083,0.5845070422535211,0.6131117266851339
elliptic,strict_inductive,gcn,10,temperature_graph,temperature_graph,0.5218617771509168,0.5086791611075305,0.8761300539236446,0.7857142857142857,0.0609418282548476,0.8323353293413174,0.1283471837488458,0.7994011976047904,0.2465373961218836,0.1877024595080983,0.0846560846560846,0.0130384120628795,0.0,0.0,0.592436974789916,False,train/val only,test,16670,1083,0.5316091954022989,0.5124653739612188
elliptic,strict_inductive,sage,10,temperature_graph,temperature_graph,0.5992255566311714,0.6209115473432685,0.8928605596881792,1.0,0.077562326869806,0.9880239520958084,0.1523545706371191,0.9101796407185628,0.2807017543859649,0.1610077984403119,0.0115606936416184,0.0010949949091869,0.0,0.0,0.5945378151260504,False,train/val only,test,16670,1083,0.62970498474059,0.5715604801477377
elliptic,inductive_isolated,gcn,1,temperature_graph,temperature_graph,0.5565985643290999,0.5685927613329961,0.8651816767779054,0.9761904761904762,0.0757156048014773,0.9640718562874252,0.1486611265004616,0.9550898203592816,0.2945521698984303,0.1871025794841032,0.1215510812826249,0.0178557185932417,0.0,0.0,0.5882352941176471,False,train/val only,test,16670,1083,0.6923076923076923,0.4653739612188365
elliptic,inductive_isolated,sage,1,temperature_graph,temperature_graph,0.4875528417097229,0.4096704842375303,0.8597253636263522,0.7380952380952381,0.0572483841181902,0.6107784431137725,0.0941828254847645,0.5179640718562875,0.1597414589104339,0.2007798440311937,0.0863453815261043,0.0202495118174849,0.0,0.0,0.592436974789916,False,train/val only,test,16670,1083,0.4961759082217973,0.4792243767313019
elliptic,inductive_isolated,gcn,2,temperature_graph,temperature_graph,0.5720887245841034,0.570643710623662,0.8762460146103949,0.8571428571428571,0.0664819944598338,0.874251497005988,0.1348107109879963,0.8922155688622755,0.2751615881809787,0.1668866226754649,0.0380313199105145,0.0077168520809011,0.0,0.0,0.5882352941176471,False,train/val only,test,16670,1083,0.572617946345976,0.5715604801477377
elliptic,inductive_isolated,sage,2,temperature_graph,temperature_graph,0.5477099236641222,0.5093634052738258,0.8667715970188714,0.9404761904761904,0.0729455216989843,0.7604790419161677,0.1172668513388735,0.6826347305389222,0.2105263157894736,0.1790041991601679,0.037159372419488,0.0064154816525995,0.0,0.0,0.592436974789916,False,train/val only,test,16670,1083,0.5666337611056268,0.5300092336103417
elliptic,inductive_isolated,gcn,3,temperature_graph,temperature_graph,0.5154639175257733,0.5073366209608553,0.8663115159595375,0.7619047619047619,0.0590951061865189,0.8383233532934131,0.1292705447830101,0.8383233532934131,0.2585410895660203,0.1835632873425315,0.0536912751677852,0.0116196975527085,0.0,0.0,0.5987394957983193,False,train/val only,test,16670,1083,0.4819277108433735,0.554016620498615
elliptic,inductive_isolated,sage,3,temperature_graph,temperature_graph,0.5543037404236143,0.5195174043407335,0.8720410698097552,0.9404761904761904,0.0729455216989843,0.7604790419161677,0.1172668513388735,0.7215568862275449,0.2225300092336103,0.171625674865027,0.0198183319570602,0.0027796929865265,0.0,0.0,0.5903361344537815,False,train/val only,test,16670,1083,0.5413732394366197,0.5678670360110804
elliptic,inductive_isolated,gcn,4,temperature_graph,temperature_graph,0.5456292026897215,0.5695411778627925,0.8720788051647794,0.9642857142857144,0.074792243767313,0.9580838323353292,0.1477377654662973,0.9191616766467066,0.283471837488458,0.1803239352129574,0.0611483967188665,0.0103105430701014,0.0,0.0,0.5966386554621849,False,train/val only,test,16670,1083,0.5685685685685685,0.5244690674053555
elliptic,inductive_isolated,sage,4,temperature_graph,temperature_graph,0.5473592317765169,0.5231032139358937,0.8713728815256173,0.9642857142857144,0.074792243767313,0.8083832335329342,0.1246537396121883,0.718562874251497,0.2216066481994459,0.171625674865027,0.0582329317269076,0.0060600957125625,0.0,0.0,0.5882352941176471,False,train/val only,test,16670,1083,0.5190397350993378,0.5789473684210527
elliptic,inductive_isolated,gcn,5,temperature_graph,temperature_graph,0.4686274509803921,0.5173405512422833,0.8515145176559697,0.9761904761904762,0.0757156048014773,0.9700598802395208,0.149584487534626,0.940119760479042,0.2899353647276085,0.2101979604079184,0.1481481481481482,0.0327803944632861,0.0,0.0,0.592436974789916,False,train/val only,test,16670,1083,0.4994775339602926,0.4413665743305632
elliptic,inductive_isolated,sage,5,temperature_graph,temperature_graph,0.5091240875912408,0.4394341512121472,0.8573348259236083,0.7976190476190477,0.061865189289012,0.6467065868263473,0.0997229916897507,0.562874251497006,0.1735918744228993,0.1905218956208758,0.0943775100401606,0.0113763504086631,0.0,0.0,0.5903361344537815,False,train/val only,test,16670,1083,0.503155996393147,0.5152354570637119
elliptic,inductive_isolated,gcn,6,temperature_graph,temperature_graph,0.5178309721543723,0.5640624154813241,0.8712707235668429,0.9761904761904762,0.0757156048014773,0.9760479041916168,0.1505078485687904,0.9491017964071856,0.2927054478301015,0.1919016196760647,0.0686055182699477,0.0145562395328534,0.0,0.0,0.5966386554621849,False,train/val only,test,16670,1083,0.549792531120332,0.4893813481071098
elliptic,inductive_isolated,sage,6,temperature_graph,temperature_graph,0.5266297400937368,0.4790914529103473,0.8695284697851472,0.8452380952380952,0.0655586334256694,0.7125748502994012,0.1098799630655586,0.6227544910179641,0.1920590951061865,0.1782243551289742,0.0562248995983935,0.0096076753440618,0.0,0.0,0.6029411764705882,False,train/val only,test,16670,1083,0.4889240506329114,0.5706371191135734
elliptic,inductive_isolated,gcn,7,temperature_graph,temperature_graph,0.5389696169088507,0.5705061088366749,0.8730329113312162,0.9642857142857144,0.074792243767313,0.9520958083832336,0.1468144044321329,0.9311377245508982,0.2871652816251154,0.1758248350329934,0.0686055182699478,0.0100499000675363,0.0,0.0,0.5987394957983193,False,train/val only,test,16670,1083,0.5151515151515151,0.5650969529085873
elliptic,inductive_isolated,sage,7,temperature_graph,temperature_graph,0.5290266259275426,0.4832341833317303,0.8597428095636437,0.9047619047619048,0.0701754385964912,0.7245508982035929,0.1117266851338873,0.6317365269461078,0.1948291782086796,0.1791841631673665,0.0843373493975903,0.0100289130046953,0.0,0.0,0.6029411764705882,False,train/val only,test,16670,1083,0.5016556291390728,0.5595567867036011
elliptic,inductive_isolated,gcn,8,temperature_graph,temperature_graph,0.5499276410998553,0.567433840129463,0.873419535812481,0.9523809523809524,0.0738688827331486,0.9580838323353292,0.1477377654662973,0.8802395209580839,0.2714681440443213,0.1790641871625674,0.0708426547352721,0.0095171628610371,0.0,0.0,0.5945378151260504,False,train/val only,test,16670,1083,0.5757575757575758,0.5263157894736842
elliptic,inductive_isolated,sage,8,temperature_graph,temperature_graph,0.4953076120959333,0.430174449962092,0.862181716053479,0.6428571428571429,0.0498614958448753,0.592814371257485,0.0914127423822714,0.5299401197604791,0.1634349030470914,0.2039592081583683,0.1064257028112449,0.0236654881039842,0.0,0.0,0.6008403361344538,False,train/val only,test,16670,1083,0.5688622754491018,0.4385964912280701
elliptic,inductive_isolated,gcn,9,temperature_graph,temperature_graph,0.5440881763527055,0.5664332057118506,0.8737382129590318,0.9523809523809524,0.0738688827331486,0.9640718562874252,0.1486611265004616,0.9131736526946108,0.2816251154201292,0.1841631673665267,0.0693512304250559,0.0103279037883735,0.0,0.0,0.5903361344537815,False,train/val only,test,16670,1083,0.5947426067907996,0.5013850415512465
elliptic,inductive_isolated,sage,9,temperature_graph,temperature_graph,0.5564202334630349,0.5230466225969194,0.8807770118349803,0.9047619047619048,0.0701754385964912,0.7544910179640718,0.1163434903047091,0.7065868263473054,0.2179132040627885,0.1773245350929814,0.0301204819277108,0.0040744186545488,0.0,0.0,0.5882352941176471,False,train/val only,test,16670,1083,0.5878725590955807,0.5281625115420129
elliptic,inductive_isolated,gcn,10,temperature_graph,temperature_graph,0.5857294994675187,0.603230273982329,0.8770997399933332,0.9642857142857144,0.074792243767313,0.9580838323353292,0.1477377654662973,0.9550898203592816,0.2945521698984303,0.1745650869826034,0.0380313199105145,0.0064283265296378,0.0,0.0,0.5903361344537815,False,train/val only,test,16670,1083,0.6918238993710691,0.5078485687903971
elliptic,inductive_isolated,sage,10,temperature_graph,temperature_graph,0.5333919156414764,0.4802705003490153,0.8742740313047055,0.9047619047619048,0.0701754385964912,0.7365269461077845,0.113573407202216,0.6467065868263473,0.1994459833795014,0.1779244151169766,0.036144578313253,0.0049645299196305,0.0,0.0,0.592436974789916,False,train/val only,test,16670,1083,0.5088013411567477,0.5604801477377654
elliptic,transductive,gcn,1,temperature_graph,temperature_graph,0.504881450488145,0.4822521633666838,0.8746775093315031,0.7380952380952381,0.0572483841181902,0.8263473053892215,0.1274238227146814,0.7574850299401198,0.2336103416435826,0.1934613077384523,0.2473544973544973,0.0423439026596296,0.0,0.0,0.5903361344537815,False,train/val only,test,16670,1083,0.5084269662921348,0.5013850415512465
elliptic,transductive,sage,1,temperature_graph,temperature_graph,0.5195007800312011,0.447093399390547,0.8537938041864445,0.9523809523809524,0.0738688827331486,0.7005988023952096,0.1080332409972299,0.5508982035928144,0.1698984302862419,0.1739652069586083,0.0525210084033613,0.0170701215179436,0.0,0.0,0.6491596638655462,False,train/val only,test,16670,1083,0.4496961512491559,0.6149584487534626
elliptic,transductive,gcn,2,temperature_graph,temperature_graph,0.5306930693069307,0.4990946330207322,0.8766626437342339,0.6666666666666666,0.051708217913204,0.7904191616766467,0.1218836565096952,0.7844311377245509,0.2419205909510618,0.188122375524895,0.1653439153439153,0.0335310579905573,0.0,0.0,0.5882352941176471,False,train/val only,test,16670,1083,0.5720384204909285,0.494921514312096
elliptic,transductive,sage,2,temperature_graph,temperature_graph,0.5581395348837209,0.5440721956998189,0.871110303878608,0.8928571428571429,0.0692520775623268,0.844311377245509,0.1301939058171745,0.7544910179640718,0.2326869806094182,0.1798440311937612,0.1242603550295858,0.0255648363905941,0.0,0.0,0.592436974789916,False,train/val only,test,16670,1083,0.6167597765363129,0.5096952908587258
elliptic,transductive,gcn,3,temperature_graph,temperature_graph,0.466212676794133,0.439852854993233,0.867548637288656,0.6785714285714286,0.0526315789473684,0.7425149700598802,0.1144967682363804,0.6706586826347305,0.2068328716528162,0.2142171565686862,0.3412698412698412,0.0616862442837752,0.0,0.0,0.5882352941176471,False,train/val only,test,16670,1083,0.5387409200968523,0.4108956602031394
elliptic,transductive,sage,3,temperature_graph,temperature_graph,0.5617476593847526,0.555314980492425,0.8681089510335489,0.988095238095238,0.0766389658356417,0.9520958083832336,0.1468144044321329,0.7604790419161677,0.234533702677747,0.1676664667066586,0.0441039925719591,0.0123461439438939,0.0,0.0,0.5987394957983193,False,train/val only,test,16670,1083,0.5431034482758621,0.5817174515235457
elliptic,transductive,gcn,4,temperature_graph,temperature_graph,0.482486433152442,0.4532002794037235,0.8709796222566559,0.7023809523809523,0.0544783010156971,0.7664670658682635,0.1181902123730378,0.6766467065868264,0.2086795937211449,0.2054589082183563,0.3029100529100529,0.05746929663628,0.0,0.0,0.592436974789916,False,train/val only,test,16670,1083,0.5180084745762712,0.4515235457063712
elliptic,transductive,sage,4,temperature_graph,temperature_graph,0.5507745266781412,0.5369115042180055,0.8736427194075419,1.0,0.077562326869806,0.9221556886227544,0.1421975992613111,0.7544910179640718,0.2326869806094182,0.1689262147570485,0.0676246830092983,0.0158362338232275,0.0,0.0,0.6008403361344538,False,train/val only,test,16670,1083,0.515713134568896,0.5909510618651893
elliptic,transductive,gcn,5,temperature_graph,temperature_graph,0.4990892531876139,0.4646663112708202,0.8732696903171375,0.7738095238095238,0.0600184672206832,0.7844311377245509,0.1209602954755309,0.7155688622754491,0.2206832871652816,0.1943611277744451,0.2526455026455027,0.0466385015663042,0.0,0.0,0.592436974789916,False,train/val only,test,16670,1083,0.4923629829290206,0.5060018467220684
elliptic,transductive,sage,5,temperature_graph,temperature_graph,0.5066789497927223,0.4336331027760166,0.8633385386797163,0.8333333333333334,0.064635272391505,0.6407185628742516,0.0987996306555863,0.5089820359281437,0.1569713758079409,0.1921415716856628,0.1139575971731448,0.0408271792959172,0.0,0.0,0.6008403361344538,False,train/val only,test,16670,1083,0.5055147058823529,0.5078485687903971
elliptic,transductive,gcn,6,temperature_graph,temperature_graph,0.4774455144450076,0.4717925236819081,0.8753719701901358,0.7857142857142857,0.0609418282548476,0.8203592814371258,0.1265004616805171,0.7455089820359282,0.2299168975069252,0.2086982603479304,0.2791005291005291,0.0522713983719349,0.0,0.0,0.592436974789916,False,train/val only,test,16670,1083,0.5292134831460674,0.4349030470914127
elliptic,transductive,sage,6,temperature_graph,temperature_graph,0.5501893939393939,0.5631574012144592,0.8699020024085464,0.9761904761904762,0.0757156048014773,0.9461077844311376,0.1458910433979686,0.8173652694610778,0.2520775623268698,0.1774445110977804,0.0545004128819157,0.0190329331308851,0.0,0.0,0.5966386554621849,False,train/val only,test,16670,1083,0.564625850340136,0.5364727608494921
elliptic,transductive,gcn,7,temperature_graph,temperature_graph,0.4839572192513369,0.4512524683035832,0.8678211671172102,0.7380952380952381,0.0572483841181902,0.7844311377245509,0.1209602954755309,0.7035928143712575,0.2169898430286242,0.1990401919616077,0.2142857142857142,0.0500811202332582,0.0,0.0,0.5945378151260504,False,train/val only,test,16670,1083,0.4677002583979328,0.5013850415512465
elliptic,transductive,sage,7,temperature_graph,temperature_graph,0.5384615384615384,0.5003291546629858,0.8710303902303699,0.9523809523809524,0.0738688827331486,0.8023952095808383,0.123730378578024,0.6676646706586826,0.2059095106186519,0.1734853029394121,0.0862214708368554,0.0221852491616444,0.0,0.0,0.6029411764705882,False,train/val only,test,16670,1083,0.5011933174224343,0.5817174515235457
elliptic,transductive,gcn,8,temperature_graph,temperature_graph,0.4903225806451613,0.4345971290657176,0.8670288431400531,0.75,0.0581717451523545,0.7245508982035929,0.1117266851338873,0.6586826347305389,0.2031394275161588,0.1941811637672465,0.1944444444444444,0.0350402651097819,0.0,0.0,0.5945378151260504,False,train/val only,test,16670,1083,0.4589371980676328,0.5263157894736842
elliptic,transductive,sage,8,temperature_graph,temperature_graph,0.4935834155972359,0.4526179073985875,0.8716851312215871,0.75,0.0581717451523545,0.6766467065868264,0.1043397968605724,0.6137724550898204,0.1892890120036934,0.2014397120575884,0.1289752650176678,0.035669084460779,0.0,0.0,0.5945378151260504,False,train/val only,test,16670,1083,0.5302226935312832,0.4616805170821791
elliptic,transductive,gcn,9,temperature_graph,temperature_graph,0.4593406593406593,0.4724335648293699,0.875016801711254,0.8095238095238095,0.0627885503231763,0.8083832335329342,0.1246537396121883,0.7155688622754491,0.2206832871652816,0.2185962807438512,0.2989417989417989,0.0633100161241391,0.0,0.0,0.5882352941176471,False,train/val only,test,16670,1083,0.5671641791044776,0.3859649122807017
elliptic,transductive,sage,9,temperature_graph,temperature_graph,0.5413808870598994,0.5038806709480083,0.8653814312789128,0.9523809523809524,0.0738688827331486,0.8323353293413174,0.1283471837488458,0.6856287425149701,0.211449676823638,0.1779844031193761,0.0752324598478444,0.0199795439230432,0.0,0.0,0.5987394957983193,False,train/val only,test,16670,1083,0.5362318840579711,0.5466297322253001
elliptic,transductive,gcn,10,temperature_graph,temperature_graph,0.5240793201133145,0.5102664229118324,0.8757108775152436,0.7619047619047619,0.0590951061865189,0.8383233532934131,0.1292705447830101,0.8023952095808383,0.247460757156048,0.1871625674865027,0.2116402116402116,0.037457690377885,0.0,0.0,0.5903361344537815,False,train/val only,test,16670,1083,0.5362318840579711,0.5124653739612188
elliptic,transductive,sage,10,temperature_graph,temperature_graph,0.5282101167315174,0.5151870678433143,0.8720586934645742,0.9166666666666666,0.0710987996306555,0.8083832335329342,0.1246537396121883,0.7275449101796407,0.224376731301939,0.1877624475104979,0.136094674556213,0.0337806872024325,0.0,0.0,0.592436974789916,False,train/val only,test,16670,1083,0.5580678314491264,0.5013850415512465
dgraphfin,strict_inductive,gcn,1,temperature_graph,temperature_graph,0.0,0.0124055140776757,0.5688201667883024,0.0082159624413145,0.0037573805689747,0.0076335877862595,0.0069779924852388,0.0085168869309838,0.0155662909286097,0.0547274788933475,-0.4955338595762359,-0.5107698623718695,0.0,0.0018214936247723,0.0609701923504064,False,train/val only,test,170207,1863,0.0,0.0
dgraphfin,strict_inductive,sage,1,temperature_graph,temperature_graph,0.0,0.027914514496628,0.7329447263991231,0.0434272300469483,0.0198604401502952,0.0428655314151497,0.0391841116478797,0.0405286343612334,0.074074074074074,0.0547333540923698,-0.0426019239578561,-0.0468482952178591,0.0,0.0255009107468123,0.0609924037137399,False,train/val only,test,170207,1863,0.0,0.0
dgraphfin,strict_inductive,gcn,2,temperature_graph,temperature_graph,0.0009680542110358,0.0101158252743173,0.5022681970197823,0.0035211267605633,0.001610305958132,0.0029359953024075,0.0026838432635534,0.0055800293685756,0.0101986044015029,0.0558848931007537,-0.0382999063912844,-0.0418790308188096,0.0,0.0,0.0623472968770823,False,train/val only,test,170207,1863,0.0049261083743842,0.0005367686527106
dgraphfin,strict_inductive,sage,2,temperature_graph,temperature_graph,0.005005005005005,0.0258534936958973,0.7237534910815364,0.0293427230046948,0.013419216317767,0.0340575455079271,0.0311325818572195,0.0372980910425844,0.0681696188942565,0.055344374790696,-0.0388376585871058,-0.0424023998489026,0.0,0.0276243093922651,0.0614366309804095,False,train/val only,test,170207,1863,0.037037037037037,0.0026838432635534
dgraphfin,strict_inductive,gcn,3,temperature_graph,temperature_graph,0.0,0.0094002675819448,0.4713454199512595,0.0,0.0,0.0,0.0,0.0017621145374449,0.003220611916264,0.0547333540923698,-0.6612275120666959,-0.6778891644521567,0.0,0.0,0.0609701923504064,False,train/val only,test,170207,1863,0.0,0.0
dgraphfin,strict_inductive,sage,3,temperature_graph,temperature_graph,0.0,0.0279465111095142,0.7331816766751841,0.0363849765258215,0.0166398282340311,0.0428655314151497,0.0391841116478797,0.0399412628487518,0.0730005367686527,0.0547274788933475,-0.0583454507685916,-0.062232416362036,0.0,0.023391812865497,0.0609701923504064,False,train/val only,test,170207,1863,0.0,0.0
dgraphfin,strict_inductive,gcn,4,temperature_graph,temperature_graph,0.0,0.014175335267758,0.6159317810737919,0.0129107981220657,0.0059044551798174,0.01174398120963,0.0107353730542136,0.0143906020558002,0.0263016639828234,0.0547274788933475,-0.0715409587922484,-0.0724080426835762,0.0,0.007366482504604,0.0609701923504064,False,train/val only,test,170207,1863,0.0,0.0
dgraphfin,strict_inductive,sage,4,temperature_graph,temperature_graph,0.0351294241944004,0.0228606717799804,0.7291494885010268,0.022300469483568,0.0101986044015029,0.0240751614797416,0.0220075147611379,0.0261380323054331,0.0477724100912506,0.0835805812921912,-0.0529074674603527,-0.0554943003340363,0.0313879352623835,0.0145719489981785,0.0888676646972591,False,train/val only,test,170207,1863,0.02329654930811,0.0713902308105206
dgraphfin,strict_inductive,gcn,5,temperature_graph,temperature_graph,0.0017969451931716,0.0103075248707999,0.4867603947559363,0.0058685446009389,0.0026838432635534,0.004697592483852,0.0042941492216854,0.0067547723935389,0.0123456790123456,0.0567896737501982,-0.8436734449999005,-0.8520572836997744,0.0,0.0023310023310023,0.0632135400470881,False,train/val only,test,170207,1863,0.0055096418732782,0.0010735373054213
dgraphfin,strict_inductive,sage,5,temperature_graph,temperature_graph,0.0366542648477332,0.0237047320531338,0.7291617483705183,0.0246478873239436,0.0112721417069243,0.0252495596007046,0.0230810520665593,0.0255506607929515,0.0466988727858293,0.0817298936001457,-0.1101461507707343,-0.1164138354260091,0.0268872802481902,0.0127504553734061,0.0869574874505797,False,train/val only,test,170207,1863,0.0246570263255469,0.0713902308105206
dgraphfin,strict_inductive,gcn,6,temperature_graph,temperature_graph,0.0216539780321961,0.0086874184437913,0.4275147252989552,0.0011737089201877,0.0005367686527106,0.001174398120963,0.0010735373054213,0.0020558002936857,0.0037573805689747,0.9890545042213305,0.606392430367376,0.6002700628827531,0.0185839265337173,0.0,0.990620886353664,False,train/val only,test,170207,1863,0.0109454957786695,1.0
dgraphfin,strict_inductive,sage,6,temperature_graph,temperature_graph,0.0,0.0240303179020403,0.726154826457769,0.0269953051643192,0.0123456790123456,0.0328831473869641,0.0300590445517981,0.0290748898678414,0.0531400966183574,0.0549507364561974,-0.1154175546216813,-0.1214384960899199,0.0,0.0175438596491228,0.0613699968904091,False,train/val only,test,170207,1863,0.0,0.0
dgraphfin,strict_inductive,gcn,7,temperature_graph,temperature_graph,0.0018198362147406,0.0121304508028999,0.569830493226953,0.0058685446009389,0.0026838432635534,0.0064591896652965,0.0059044551798174,0.0085168869309838,0.0155662909286097,0.056625168177572,-0.0945981964372973,-0.1006245152473146,0.0,0.0,0.0630358491404202,False,train/val only,test,170207,1863,0.0059701492537313,0.0010735373054213
dgraphfin,strict_inductive,sage,7,temperature_graph,temperature_graph,0.034178549631027,0.0205414712956222,0.7187158851993091,0.0129107981220657,0.0059044551798174,0.0158543746330005,0.0144927536231884,0.0173274596182085,0.0316693505099302,0.1388133273014623,-0.0134104870557262,-0.0175714434111903,0.0281153204670002,0.0116550116550116,0.1429080737165423,False,train/val only,test,170207,1863,0.019059405940594,0.1653247450348899
dgraphfin,strict_inductive,gcn,8,temperature_graph,temperature_graph,0.0006381620931716,0.0101215768283299,0.4865570531025996,0.0011737089201877,0.0005367686527106,0.001174398120963,0.0010735373054213,0.0020558002936857,0.0037573805689747,0.0621596056566416,-0.3133134911820887,-0.3296414824338342,0.0,0.0,0.0700102172271334,False,train/val only,test,170207,1863,0.000786782061369,0.0005367686527106
dgraphfin,strict_inductive,sage,8,temperature_graph,temperature_graph,0.0,0.0074055799377374,0.3270841430586538,0.0023474178403755,0.0010735373054213,0.0029359953024075,0.0026838432635534,0.0044052863436123,0.0080515297906602,0.0547274788933475,-0.3223535160588157,-0.3369074233369467,0.0,0.0,0.0609701923504064,False,train/val only,test,170207,1863,0.0,0.0
dgraphfin,strict_inductive,gcn,9,temperature_graph,temperature_graph,0.0,0.0146457734493615,0.6023535132762047,0.0035211267605633,0.001610305958132,0.0064591896652965,0.0059044551798174,0.0123348017621145,0.0225442834138486,0.0555030051642999,-0.1024096385542168,-0.1137879929910042,0.0,0.0018214936247723,0.0617698014304117,False,train/val only,test,170207,1863,0.0,0.0
dgraphfin,strict_inductive,sage,9,temperature_graph,temperature_graph,0.0058394160583941,0.022999765001212,0.7204263697555212,0.0293427230046948,0.013419216317767,0.0287727539635936,0.0263016639828234,0.0276064610866372,0.050456253354804,0.0556440099408367,-0.0906212033699137,-0.0945631980516711,0.0,0.0127504553734061,0.0619030696104126,False,train/val only,test,170207,1863,0.03125,0.003220611916264
dgraphfin,strict_inductive,gcn,10,temperature_graph,temperature_graph,0.0,0.0144974566077533,0.5735070830096664,0.0234741784037558,0.0107353730542136,0.0281855549031121,0.0257648953301127,0.0223201174743024,0.0407944176060118,0.0547274788933475,-0.0461869385966659,-0.0513663199549377,0.0,0.0116959064327485,0.0609701923504064,False,train/val only,test,170207,1863,0.0,0.0
dgraphfin,strict_inductive,sage,10,temperature_graph,temperature_graph,0.0020565552699228,0.0237878505748987,0.7281958555889024,0.0258215962441314,0.0118089103596349,0.0234879624192601,0.0214707461084272,0.0276064610866372,0.050456253354804,0.0551387428249131,-0.069810314957132,-0.0733687034146115,0.0,0.0069930069930069,0.0612589400737417,False,train/val only,test,170207,1863,0.024390243902439,0.0010735373054213
dgraphfin,inductive_isolated,gcn,1,temperature_graph,temperature_graph,0.0,0.0135745812837729,0.6036546983429298,0.0058685446009389,0.0026838432635534,0.0099823840281855,0.0091250670960815,0.0117474302496328,0.0214707461084272,0.0547274788933475,-0.5193460974634623,-0.5391348264969411,0.0,0.0054644808743169,0.0609701923504064,False,train/val only,test,170207,1863,0.0,0.0
dgraphfin,inductive_isolated,sage,1,temperature_graph,temperature_graph,0.0135665833630846,0.0206581228610096,0.7100041478853119,0.0199530516431924,0.0091250670960815,0.0211391661773341,0.0193236714975845,0.0176211453744493,0.0322061191626409,0.0595686428877778,-0.2991870641019946,-0.3130775611581595,0.0110091743119266,0.0182149362477231,0.0661454400071076,False,train/val only,test,170207,1863,0.0202558635394456,0.0101986044015029
dgraphfin,inductive_isolated,gcn,2,temperature_graph,temperature_graph,0.0016542597187758,0.0108106103201065,0.5381999342832733,0.0023474178403755,0.0010735373054213,0.0017615971814445,0.001610305958132,0.0017621145374449,0.003220611916264,0.0649855763864001,-0.0265689418231791,-0.0330834924217696,0.0,0.0,0.0728310603704855,False,train/val only,test,170207,1863,0.0017006802721088,0.001610305958132
dgraphfin,inductive_isolated,sage,2,temperature_graph,temperature_graph,0.0273007485689123,0.0200443338323521,0.7050032036362218,0.0199530516431924,0.0091250670960815,0.0199647680563711,0.0182501341921631,0.0226138032305433,0.0413311862587224,0.0682815630379479,-0.0267083590591328,-0.0293628503698228,0.0196270853778213,0.0139860139860139,0.0738972058104926,False,train/val only,test,170207,1863,0.0231429637924598,0.0332796564680622
dgraphfin,inductive_isolated,gcn,3,temperature_graph,temperature_graph,0.0008449514152936,0.0079247271589224,0.3762798251536632,0.0023474178403755,0.0010735373054213,0.003523194362889,0.003220611916264,0.0035242290748898,0.0064412238325281,0.0576533280064862,-0.658594778411584,-0.6750175438708172,0.0,0.0023310023310023,0.0640353604904269,False,train/val only,test,170207,1863,0.0019841269841269,0.0005367686527106
dgraphfin,inductive_isolated,sage,3,temperature_graph,temperature_graph,0.0,0.0181167086995099,0.6730038171207289,0.0082159624413145,0.0037573805689747,0.0099823840281855,0.0091250670960815,0.0126284875183553,0.0230810520665593,0.0547451044904146,-0.6612275120666959,-0.677877485116655,0.0,0.0069930069930069,0.0610368264404069,False,train/val only,test,170207,1863,0.0,0.0
dgraphfin,inductive_isolated,gcn,4,temperature_graph,temperature_graph,0.0,0.015917088523135,0.6520176196357284,0.0199530516431924,0.0091250670960815,0.0158543746330005,0.0144927536231884,0.0155653450807635,0.0284487385936661,0.0547274788933475,-0.1484196060467247,-0.1629422883447233,0.0,0.012891344383057,0.0609701923504064,False,train/val only,test,170207,1863,0.0,0.0
dgraphfin,inductive_isolated,sage,4,temperature_graph,temperature_graph,0.0176013098649201,0.0175976178721989,0.6825000298445718,0.0093896713615023,0.0042941492216854,0.0123311802701115,0.0112721417069243,0.0161527165932452,0.0295222758990874,0.0709724041901919,-0.1342587982234261,-0.1464736872939362,0.0120793787748058,0.0109289617486338,0.076362667140509,False,train/val only,test,170207,1863,0.0142242805160436,0.0230810520665593
dgraphfin,inductive_isolated,gcn,5,temperature_graph,temperature_graph,0.0129432691215986,0.0082168269456016,0.3765554936599544,0.0011737089201877,0.0005367686527106,0.0005871990604815,0.0005367686527106,0.0035242290748898,0.0064412238325281,0.1929944126857297,-0.7548753942516992,-0.7677327065726365,0.0079270709472849,0.0,0.2046645023800513,False,train/val only,test,170207,1863,0.0069625407166123,0.0917874396135265
dgraphfin,inductive_isolated,sage,5,temperature_graph,temperature_graph,0.0302013422818791,0.0181759700067814,0.6883377938851738,0.0164319248826291,0.0075147611379495,0.0193775689958896,0.0177133655394524,0.019676945668135,0.0359634997316156,0.0788099196860293,-0.2978988050286526,-0.3115854847368081,0.0218878248974008,0.0116550116550116,0.0846697170272311,False,train/val only,test,170207,1863,0.0210952482420626,0.0531400966183574
dgraphfin,inductive_isolated,gcn,6,temperature_graph,temperature_graph,0.0103191286069176,0.0084318875507683,0.4163617610021695,0.0011737089201877,0.0005367686527106,0.0005871990604815,0.0005367686527106,0.0005873715124816,0.0010735373054213,0.2523339228116352,-0.1134778552707564,-0.1379818797981939,0.0093702135327506,0.0,0.2679356758917862,False,train/val only,test,170207,1863,0.0054360331339162,0.1014492753623188
dgraphfin,inductive_isolated,sage,6,temperature_graph,temperature_graph,0.0242914979757085,0.0189247226626229,0.7029296898365892,0.0176056338028169,0.0080515297906602,0.0146799765120375,0.013419216317767,0.0170337738619676,0.0311325818572195,0.0908717032789485,-0.2439696148549598,-0.2566759758628671,0.0222588623248145,0.0093240093240093,0.0961974145973079,False,train/val only,test,170207,1863,0.0154821586552639,0.0563607085346215
dgraphfin,inductive_isolated,gcn,7,temperature_graph,temperature_graph,0.019588638589618,0.0179647666815936,0.6817005492472549,0.0258215962441314,0.0118089103596349,0.0217263652378156,0.0198604401502952,0.0187958883994126,0.0343531937734836,0.0607201818961617,-0.091310914663942,-0.096402437362478,0.0142348754448398,0.0147329650092081,0.0663231309137755,False,train/val only,test,170207,1863,0.025,0.0161030595813204
dgraphfin,inductive_isolated,sage,7,temperature_graph,temperature_graph,0.0252718798549974,0.0178925430135819,0.696467370738377,0.0070422535211267,0.003220611916264,0.014092777451556,0.0128824476650563,0.0143906020558002,0.0263016639828234,0.1486307848678374,-0.0047444054409828,-0.007729930618678,0.0207440811724915,0.0087719298245614,0.1535105941005401,False,train/val only,test,170207,1863,0.0139852123574253,0.1309715512614063
dgraphfin,inductive_isolated,gcn,8,temperature_graph,temperature_graph,0.0018679950186799,0.0105264160712298,0.518146478510161,0.0011737089201877,0.0005367686527106,0.0005871990604815,0.0005367686527106,0.0005873715124816,0.0010735373054213,0.1000781401469974,-0.2701790235884678,-0.2928937046071661,0.0,0.0,0.1131446848207543,False,train/val only,test,170207,1863,0.001157854110382,0.0048309178743961
dgraphfin,inductive_isolated,sage,8,temperature_graph,temperature_graph,0.0,0.0074472581194795,0.3266974486003138,0.0,0.0,0.0029359953024075,0.0026838432635534,0.0052863436123348,0.0096618357487922,0.0547274788933475,-0.3223535160588157,-0.3369074233369467,0.0,0.0,0.0609701923504064,False,train/val only,test,170207,1863,0.0,0.0
dgraphfin,inductive_isolated,gcn,9,temperature_graph,temperature_graph,0.0006704659738518,0.0126650824374719,0.5699705108209657,0.0011737089201877,0.0005367686527106,0.0017615971814445,0.001610305958132,0.0049926578560939,0.0091250670960815,0.0612724506042642,-0.1924854590776901,-0.206851302397224,0.0,0.0,0.0686775354271245,False,train/val only,test,170207,1863,0.0008928571428571,0.0005367686527106
dgraphfin,inductive_isolated,sage,9,temperature_graph,temperature_graph,0.0046707146193367,0.0185316209560952,0.6914215336849943,0.0152582159624413,0.0069779924852388,0.0146799765120375,0.013419216317767,0.0161527165932452,0.0295222758990874,0.0561845282508945,-0.2773532939451823,-0.2907627476308094,0.0,0.0046620046620046,0.0622806627870818,False,train/val only,test,170207,1863,0.0179856115107913,0.0026838432635534
dgraphfin,inductive_isolated,gcn,10,temperature_graph,temperature_graph,0.0,0.0101485902235179,0.4760659926231871,0.0105633802816901,0.0048309178743961,0.01174398120963,0.0107353730542136,0.0108663729809104,0.0198604401502952,0.0547274788933475,-0.8260183910088401,-0.8313403338031908,0.0,0.0058479532163742,0.0609701923504064,False,train/val only,test,170207,1863,0.0,0.0
dgraphfin,inductive_isolated,sage,10,temperature_graph,temperature_graph,0.0045955882352941,0.0194218491952988,0.7026363058985959,0.022300469483568,0.0101986044015029,0.0211391661773341,0.0193236714975845,0.0190895741556534,0.0348899624261943,0.0563901602166773,-0.2797965439118653,-0.2944593822648297,0.0,0.0023310023310023,0.0626804673270845,False,train/val only,test,170207,1863,0.0159744408945686,0.0026838432635534
dgraphfin,transductive,gcn,1,temperature_graph,temperature_graph,0.0,0.0124146286913797,0.5690477603447216,0.0082159624413145,0.0037573805689747,0.0076335877862595,0.0069779924852388,0.0085168869309838,0.0155662909286097,0.0547274788933475,-0.4953520980473619,-0.5106181881622394,0.0,0.0018214936247723,0.0609701923504064,False,train/val only,test,170207,1863,0.0,0.0
dgraphfin,transductive,sage,1,temperature_graph,temperature_graph,0.0,0.0285081527587063,0.7343435009835572,0.0469483568075117,0.0214707461084272,0.0440399295361127,0.0402576489533011,0.0414096916299559,0.0756843800322061,0.0547274788933475,-0.0474416937202493,-0.0526042520904944,0.0,0.0255009107468123,0.0609701923504064,False,train/val only,test,170207,1863,0.0,0.0
dgraphfin,transductive,gcn,2,temperature_graph,temperature_graph,0.0009675858732462,0.0101177409987025,0.5023405956144957,0.0035211267605633,0.001610305958132,0.0029359953024075,0.0026838432635534,0.0055800293685756,0.0101986044015029,0.0558907682997761,-0.0788725511971925,-0.0828394870725112,0.0,0.0,0.0623695082404157,False,train/val only,test,170207,1863,0.0049019607843137,0.0005367686527106
dgraphfin,transductive,sage,2,temperature_graph,temperature_graph,0.0064516129032258,0.0263419609614635,0.7266004735109146,0.0293427230046948,0.013419216317767,0.0328831473869641,0.0300590445517981,0.0390602055800293,0.0713902308105206,0.0562844066342747,-0.0543727220219482,-0.0604298487550081,0.0031897926634768,0.0276243093922651,0.0623250855137488,False,train/val only,test,170207,1863,0.022801302931596,0.0037573805689747
dgraphfin,transductive,gcn,3,temperature_graph,temperature_graph,0.0,0.0093943409126611,0.4710628817729737,0.0,0.0,0.0,0.0,0.0017621145374449,0.003220611916264,0.0547333540923698,-0.66150175515577,-0.6781671952088226,0.0,0.0,0.0609701923504064,False,train/val only,test,170207,1863,0.0,0.0
dgraphfin,transductive,sage,3,temperature_graph,temperature_graph,0.0,0.0285042258863174,0.7329574709240535,0.0422535211267605,0.0193236714975845,0.0416911332941867,0.0381105743424584,0.0408223201174743,0.0746108427267847,0.0547274788933475,-0.0619806813460739,-0.0655327225059291,0.0,0.0263157894736842,0.0609701923504064,False,train/val only,test,170207,1863,0.0,0.0
dgraphfin,transductive,gcn,4,temperature_graph,temperature_graph,0.0,0.0141791792025952,0.6159952773133376,0.0129107981220657,0.0059044551798174,0.01174398120963,0.0107353730542136,0.0143906020558002,0.0263016639828234,0.0547274788933475,-0.0705052878965922,-0.0716769795228574,0.0,0.007366482504604,0.0609701923504064,False,train/val only,test,170207,1863,0.0,0.0
dgraphfin,transductive,sage,4,temperature_graph,temperature_graph,0.0382892057026476,0.023359769202803,0.7303226974294309,0.0234741784037558,0.0107353730542136,0.0270111567821491,0.0246913580246913,0.0255506607929515,0.0466988727858293,0.0820824055414877,-0.0415264195662132,-0.0444171205324721,0.0325699745547073,0.0145719489981785,0.0866687397272444,False,train/val only,test,170207,1863,0.0256270447110141,0.0756843800322061
dgraphfin,transductive,gcn,5,temperature_graph,temperature_graph,0.0017929179740026,0.0102977020167087,0.4864972954058312,0.0046948356807511,0.0021470746108427,0.004697592483852,0.0042941492216854,0.006461086637298,0.0118089103596349,0.0568190497453101,-0.8428966918281583,-0.8512579722877058,0.0,0.0023310023310023,0.0632135400470881,False,train/val only,test,170207,1863,0.0054347826086956,0.0010735373054213
dgraphfin,transductive,sage,5,temperature_graph,temperature_graph,0.0383233532934131,0.0241054315230427,0.7293806898707957,0.0246478873239436,0.0112721417069243,0.0258367586611861,0.0236178207192699,0.0249632892804698,0.0456253354804079,0.0828579318124401,-0.0822960027086777,-0.0862752202006778,0.0306122448979591,0.0184162062615101,0.0879125760739194,False,train/val only,test,170207,1863,0.0254777070063694,0.0772946859903381
dgraphfin,transductive,gcn,6,temperature_graph,temperature_graph,0.0216539780321961,0.0086784894099883,0.4270520068956775,0.0011737089201877,0.0005367686527106,0.001174398120963,0.0010735373054213,0.0020558002936857,0.0037573805689747,0.9890545042213305,0.6065701212740437,0.600357708291811,0.0185839265337173,0.0,0.990620886353664,False,train/val only,test,170207,1863,0.0109454957786695,1.0
dgraphfin,transductive,sage,6,temperature_graph,temperature_graph,0.0,0.0247038593199773,0.7282415423353286,0.0269953051643192,0.0123456790123456,0.0287727539635936,0.0263016639828234,0.029662261380323,0.0542136339237788,0.0550036132473987,-0.1166723097452648,-0.1242181601800948,0.0,0.0204678362573099,0.0614810537070765,False,train/val only,test,170207,1863,0.0,0.0
dgraphfin,transductive,gcn,7,temperature_graph,temperature_graph,0.0018198362147406,0.0121317688242283,0.5698555199410332,0.0058685446009389,0.0026838432635534,0.0064591896652965,0.0059044551798174,0.0085168869309838,0.0155662909286097,0.056625168177572,-0.0948647327972991,-0.1007987367130464,0.0,0.0,0.0630358491404202,False,train/val only,test,170207,1863,0.0059701492537313,0.0010735373054213
dgraphfin,transductive,sage,7,temperature_graph,temperature_graph,0.0367362106492541,0.0205544492244505,0.7183105633917963,0.0129107981220657,0.0059044551798174,0.0146799765120375,0.013419216317767,0.0167400881057268,0.0305958132045088,0.1422561939285693,-0.0093242650285212,-0.0142844914970943,0.0320758978992545,0.0109289617486338,0.147241114523914,False,train/val only,test,170207,1863,0.0203841168846471,0.1857219538378958
dgraphfin,transductive,gcn,8,temperature_graph,temperature_graph,0.0006367398917542,0.010088270132455,0.4853475970489994,0.0011737089201877,0.0005367686527106,0.001174398120963,0.0010735373054213,0.0017621145374449,0.003220611916264,0.0622007320497981,-0.305206343565368,-0.3211064339290783,0.0,0.0,0.0700990626804673,False,train/val only,test,170207,1863,0.0007824726134585,0.0005367686527106
dgraphfin,transductive,sage,8,temperature_graph,temperature_graph,0.0,0.0074261056755623,0.3290008309672582,0.0035211267605633,0.001610305958132,0.0029359953024075,0.0026838432635534,0.0044052863436123,0.0080515297906602,0.0547274788933475,-0.3143352138954289,-0.3284125483488708,0.0,0.0,0.0609701923504064,False,train/val only,test,170207,1863,0.0,0.0
dgraphfin,transductive,gcn,9,temperature_graph,temperature_graph,0.0,0.0146395692144689,0.6022653394658062,0.0035211267605633,0.001610305958132,0.0064591896652965,0.0059044551798174,0.0123348017621145,0.0225442834138486,0.0555030051642999,-0.1024096385542168,-0.1137239934116033,0.0,0.0018214936247723,0.0617698014304117,False,train/val only,test,170207,1863,0.0,0.0
dgraphfin,transductive,sage,9,temperature_graph,temperature_graph,0.0055427251732101,0.0231461776026712,0.7202461385141673,0.028169014084507,0.0128824476650563,0.0281855549031121,0.0257648953301127,0.0273127753303964,0.0499194847020934,0.0562902818332971,-0.0856619331195602,-0.0903917039734522,0.0,0.0182149362477231,0.0624805650570832,False,train/val only,test,170207,1863,0.0198675496688741,0.003220611916264
dgraphfin,transductive,gcn,10,temperature_graph,temperature_graph,0.0,0.0144603531533645,0.572923490902214,0.022300469483568,0.0101986044015029,0.0275983558426306,0.025228126677402,0.0223201174743024,0.0407944176060118,0.0547274788933475,-0.0462666055886394,-0.0512324270202697,0.0,0.0116959064327485,0.0609701923504064,False,train/val only,test,170207,1863,0.0,0.0
dgraphfin,transductive,sage,10,temperature_graph,temperature_graph,0.0046468401486988,0.024907873770522,0.7308477275360993,0.0258215962441314,0.0118089103596349,0.0246623605402231,0.0225442834138486,0.0287812041116005,0.0526033279656468,0.0562491554401405,-0.0632357514104215,-0.0665930170941853,0.0,0.0069930069930069,0.0624583536937497,False,train/val only,test,170207,1863,0.0173010380622837,0.0026838432635534
elliptic,strict_inductive,gcn,1,prior_ratio_graph,prior_ratio_graph,0.5131826741996234,0.4816810104146862,0.8752808307180718,0.7261904761904762,0.0563250230840258,0.8083832335329342,0.1246537396121883,0.7395209580838323,0.2280701754385964,0.191121775644871,0.0850111856823266,0.0177086433215067,0.0,0.0,0.5903361344537815,False,train/val only,test,16670,1083,0.5235350624399616,0.5032317636195752
elliptic,strict_inductive,sage,1,prior_ratio_graph,prior_ratio_graph,0.5688888888888888,0.56803585336822,0.8810975846351586,0.988095238095238,0.0766389658356417,0.9461077844311376,0.1458910433979686,0.8353293413173652,0.2576177285318559,0.1740251949610078,0.0181668042939719,0.003855157129584,0.0,0.0,0.5840336134453782,False,train/val only,test,16670,1083,0.6114649681528662,0.5318559556786704
elliptic,strict_inductive,gcn,2,prior_ratio_graph,prior_ratio_graph,0.5266977708657335,0.4935263741909961,0.8741762866645328,0.6785714285714286,0.0526315789473684,0.7904191616766467,0.1218836565096952,0.7904191616766467,0.2437673130193905,0.192741451709658,0.1043997017151379,0.0188170353234167,0.0,0.0,0.5882352941176471,False,train/val only,test,16670,1083,0.6004728132387707,0.469067405355494
elliptic,strict_inductive,sage,2,prior_ratio_graph,prior_ratio_graph,0.6179196704428424,0.6405174121102664,0.8873239478337448,1.0,0.077562326869806,1.0,0.1542012927054478,0.940119760479042,0.2899353647276085,0.1604079184163167,0.0265017667844522,0.0043662551570913,0.0,0.0,0.5945378151260504,False,train/val only,test,16670,1083,0.6984866123399301,0.554016620498615
elliptic,strict_inductive,gcn,3,prior_ratio_graph,prior_ratio_graph,0.4686109738012852,0.432769782078392,0.8666790061869988,0.7023809523809523,0.0544783010156971,0.7425149700598802,0.1144967682363804,0.6646706586826348,0.2049861495844875,0.210617876424715,0.1970899470899471,0.0323813404449408,0.0,0.0,0.5882352941176471,False,train/val only,test,16670,1083,0.5042553191489362,0.4376731301939058
elliptic,strict_inductive,sage,3,prior_ratio_graph,prior_ratio_graph,0.6144265697976129,0.6446810258958481,0.8874801319209055,0.988095238095238,0.0766389658356417,0.994011976047904,0.1532779316712834,0.9550898203592816,0.2945521698984303,0.1623875224955009,0.0335689045936395,0.0042488127765814,0.0,0.0,0.5945378151260504,False,train/val only,test,16670,1083,0.7014218009478673,0.5466297322253001
elliptic,strict_inductive,gcn,4,prior_ratio_graph,prior_ratio_graph,0.4811416921508665,0.4511469583508604,0.8707889609691435,0.6904761904761905,0.0535549399815327,0.7604790419161677,0.1172668513388735,0.6616766467065869,0.2040627885503231,0.2076784643071385,0.1666666666666666,0.0307830663974243,0.0,0.0,0.592436974789916,False,train/val only,test,16670,1083,0.5369738339021616,0.4358264081255771
elliptic,strict_inductive,sage,4,prior_ratio_graph,prior_ratio_graph,0.6233766233766234,0.646021729826782,0.8941999870740118,1.0,0.077562326869806,0.9880239520958084,0.1523545706371191,0.9730538922155688,0.3000923361034164,0.155368926214757,0.0264244426094137,0.0047256929219191,0.0,0.0,0.592436974789916,False,train/val only,test,16670,1083,0.6789989118607181,0.5761772853185596
elliptic,strict_inductive,gcn,5,prior_ratio_graph,prior_ratio_graph,0.4941833410888785,0.4696522678136782,0.873968979168603,0.7976190476190477,0.061865189289012,0.7964071856287425,0.1228070175438596,0.7215568862275449,0.2225300092336103,0.1976604679064187,0.1097883597883598,0.0221662624203277,0.0,0.0,0.5903361344537815,False,train/val only,test,16670,1083,0.4981238273921201,0.4903047091412742
elliptic,strict_inductive,sage,5,prior_ratio_graph,prior_ratio_graph,0.5798981009726726,0.5963565204280525,0.8791092809365192,1.0,0.077562326869806,0.9820359281437124,0.1514312096029547,0.8832335329341318,0.2723915050784857,0.1640671865626874,0.01193139448173,0.0008099774382219,0.0,0.0,0.5903361344537815,False,train/val only,test,16670,1083,0.5817843866171004,0.5780240073868883
elliptic,strict_inductive,gcn,6,prior_ratio_graph,prior_ratio_graph,0.477319587628866,0.47867241820764,0.8752533733600597,0.7857142857142857,0.0609418282548476,0.8323353293413174,0.1283471837488458,0.7514970059880239,0.2317636195752539,0.2095980803839232,0.1587301587301587,0.0295937051480993,0.0,0.0,0.5903361344537815,False,train/val only,test,16670,1083,0.5402567094515752,0.4275161588180979
elliptic,strict_inductive,sage,6,prior_ratio_graph,prior_ratio_graph,0.5910780669144982,0.6163644243786824,0.8906525971254426,0.988095238095238,0.0766389658356417,0.9820359281437124,0.1514312096029547,0.9041916167664672,0.2788550323176362,0.1600479904019196,0.0361445783132529,0.0041165331227626,0.0,0.0,0.5882352941176471,False,train/val only,test,16670,1083,0.5949485500467727,0.5872576177285319
elliptic,strict_inductive,gcn,7,prior_ratio_graph,prior_ratio_graph,0.4856887298747763,0.4489936330030597,0.8676102460315528,0.7261904761904762,0.0563250230840258,0.7784431137724551,0.1200369344413665,0.7005988023952096,0.2160664819944598,0.1985602879424115,0.1081282624906786,0.0224566852085786,0.0,0.0,0.5945378151260504,False,train/val only,test,16670,1083,0.4709453599306157,0.5013850415512465
elliptic,strict_inductive,sage,7,prior_ratio_graph,prior_ratio_graph,0.583756345177665,0.5988955599647827,0.8804367716284156,0.988095238095238,0.0766389658356417,0.9880239520958084,0.1523545706371191,0.8832335329341318,0.2723915050784857,0.1710857828434313,0.0361445783132529,0.0059736516868559,0.0,0.0,0.5945378151260504,False,train/val only,test,16670,1083,0.6482525366403608,0.530932594644506
elliptic,strict_inductive,gcn,8,prior_ratio_graph,prior_ratio_graph,0.4886877828054298,0.4370588107803391,0.8680368569565245,0.7619047619047619,0.0590951061865189,0.7425149700598802,0.1144967682363804,0.6616766467065869,0.2040627885503231,0.1980803839232153,0.1088739746457867,0.0219543748814888,0.0,0.0,0.5945378151260504,False,train/val only,test,16670,1083,0.479148181011535,0.4986149584487535
elliptic,strict_inductive,sage,8,prior_ratio_graph,prior_ratio_graph,0.5824665676077266,0.5592367001310002,0.885956233741438,0.9523809523809524,0.0738688827331486,0.8562874251497006,0.1320406278855032,0.8023952095808383,0.247460757156048,0.1693461307738452,0.0461847389558233,0.0059062350509287,0.0,0.0,0.5966386554621849,False,train/val only,test,16670,1083,0.6282051282051282,0.5429362880886427
elliptic,strict_inductive,gcn,9,prior_ratio_graph,prior_ratio_graph,0.4809741248097411,0.46550796175937,0.8741708366603536,0.7976190476190477,0.061865189289012,0.7904191616766467,0.1218836565096952,0.7005988023952096,0.2160664819944598,0.20749850029994,0.1534391534391535,0.0296097358387179,0.0,0.0,0.5882352941176471,False,train/val only,test,16670,1083,0.5337837837837838,0.4376731301939058
elliptic,strict_inductive,sage,9,prior_ratio_graph,prior_ratio_graph,0.6011080332409973,0.622940149376294,0.8951871190809919,1.0,0.077562326869806,0.9880239520958084,0.1523545706371191,0.9041916167664672,0.2788550323176362,0.155488902219556,0.0106157112526539,0.0019535881655472,0.0,0.0,0.5861344537815126,False,train/val only,test,16670,1083,0.6011080332409973,0.6011080332409973
elliptic,strict_inductive,gcn,10,prior_ratio_graph,prior_ratio_graph,0.517936117936118,0.5086791611075305,0.8761300539236446,0.7857142857142857,0.0609418282548476,0.8323353293413174,0.1283471837488458,0.7994011976047904,0.2465373961218836,0.1922615476904619,0.123015873015873,0.0175356528647265,0.0,0.0,0.5903361344537815,False,train/val only,test,16670,1083,0.5535714285714286,0.4866112650046168
elliptic,strict_inductive,sage,10,prior_ratio_graph,prior_ratio_graph,0.596248766041461,0.6209115473432685,0.8928605596881792,1.0,0.077562326869806,0.9880239520958084,0.1523545706371191,0.9101796407185628,0.2807017543859649,0.1640071985602879,0.0185512367491166,0.0031484055794159,0.0,0.0,0.5945378151260504,False,train/val only,test,16670,1083,0.6405090137857901,0.5577100646352724
elliptic,inductive_isolated,gcn,1,prior_ratio_graph,prior_ratio_graph,0.5544997205142537,0.5685927613329961,0.8651816767779054,0.9761904761904762,0.0757156048014773,0.9640718562874252,0.1486611265004616,0.9550898203592816,0.2945521698984303,0.1886622675464907,0.1208053691275167,0.0203053397070224,0.0,0.0,0.5882352941176471,False,train/val only,test,16670,1083,0.7025495750708215,0.4579870729455217
elliptic,inductive_isolated,sage,1,prior_ratio_graph,prior_ratio_graph,0.4803536345776031,0.4096704842375303,0.8597253636263522,0.7380952380952381,0.0572483841181902,0.6107784431137725,0.0941828254847645,0.5179640718562875,0.1597414589104339,0.205998800239952,0.0903614457831325,0.024213963765171,0.0,0.0,0.5882352941176471,False,train/val only,test,16670,1083,0.5131164742917104,0.4515235457063712
elliptic,inductive_isolated,gcn,2,prior_ratio_graph,prior_ratio_graph,0.5821042281219272,0.570643710623662,0.8762460146103949,0.8571428571428571,0.0664819944598338,0.874251497005988,0.1348107109879963,0.8922155688622755,0.2751615881809787,0.1688062387522495,0.0559284116331096,0.0087370709941322,0.0,0.0,0.5882352941176471,False,train/val only,test,16670,1083,0.6225026288117771,0.5466297322253001
elliptic,inductive_isolated,sage,2,prior_ratio_graph,prior_ratio_graph,0.529441884280594,0.5093634052738258,0.8667715970188714,0.9404761904761904,0.0729455216989843,0.7604790419161677,0.1172668513388735,0.6826347305389222,0.2105263157894736,0.1909418116376724,0.0622489959839357,0.0176703882417432,0.0,0.0,0.5987394957983193,False,train/val only,test,16670,1083,0.5942528735632184,0.4773776546629732
elliptic,inductive_isolated,gcn,3,prior_ratio_graph,prior_ratio_graph,0.5154457193292146,0.5073366209608553,0.8663115159595375,0.7619047619047619,0.0590951061865189,0.8383233532934131,0.1292705447830101,0.8383233532934131,0.2585410895660203,0.1856028794241151,0.058165548098434,0.013257654547995,0.0,0.0,0.5966386554621849,False,train/val only,test,16670,1083,0.4936601859678782,0.5392428439519852
elliptic,inductive_isolated,sage,3,prior_ratio_graph,prior_ratio_graph,0.5586107091172213,0.5195174043407335,0.8720410698097552,0.9404761904761904,0.0729455216989843,0.7604790419161677,0.1172668513388735,0.7215568862275449,0.2225300092336103,0.1758248350329934,0.0321285140562249,0.0066745759418617,0.0,0.0,0.5945378151260504,False,train/val only,test,16670,1083,0.5848484848484848,0.5346260387811634
elliptic,inductive_isolated,gcn,4,prior_ratio_graph,prior_ratio_graph,0.5488647581441264,0.5695411778627925,0.8720788051647794,0.9642857142857144,0.074792243767313,0.9580838323353292,0.1477377654662973,0.9191616766467066,0.283471837488458,0.1812837432513497,0.0656226696495153,0.010821152372122,0.0,0.0,0.5966386554621849,False,train/val only,test,16670,1083,0.5896076352067868,0.5133887349953832
elliptic,inductive_isolated,sage,4,prior_ratio_graph,prior_ratio_graph,0.5522174535050072,0.5231032139358937,0.8713728815256173,0.9642857142857144,0.074792243767313,0.8083832335329342,0.1246537396121883,0.718562874251497,0.2216066481994459,0.1772645470905818,0.0522088353413654,0.0111308735555132,0.0,0.0,0.5966386554621849,False,train/val only,test,16670,1083,0.5710059171597633,0.5346260387811634
elliptic,inductive_isolated,gcn,5,prior_ratio_graph,prior_ratio_graph,0.4695304695304695,0.5173405512422833,0.8515145176559697,0.9761904761904762,0.0757156048014773,0.9700598802395208,0.149584487534626,0.940119760479042,0.2899353647276085,0.2107978404319136,0.1455026455026455,0.0329188778683803,0.0,0.0,0.5903361344537815,False,train/val only,test,16670,1083,0.5114254624591947,0.4339796860572484
elliptic,inductive_isolated,sage,5,prior_ratio_graph,prior_ratio_graph,0.4982767109798129,0.4394341512121472,0.8573348259236083,0.7976190476190477,0.061865189289012,0.6467065868263473,0.0997229916897507,0.562874251497006,0.1735918744228993,0.1995800839832033,0.0843373493975903,0.0165319653016577,0.0,0.0,0.5903361344537815,False,train/val only,test,16670,1083,0.5337552742616034,0.4672206832871652
elliptic,inductive_isolated,gcn,6,prior_ratio_graph,prior_ratio_graph,0.5199378560331435,0.5640624154813241,0.8712707235668429,0.9761904761904762,0.0757156048014773,0.9760479041916168,0.1505078485687904,0.9491017964071856,0.2927054478301015,0.1950209958008398,0.1322751322751322,0.0180270918251439,0.0,0.0,0.5903361344537815,False,train/val only,test,16670,1083,0.5919811320754716,0.4635272391505078
elliptic,inductive_isolated,sage,6,prior_ratio_graph,prior_ratio_graph,0.5423415085608516,0.4790914529103473,0.8695284697851472,0.8452380952380952,0.0655586334256694,0.7125748502994012,0.1098799630655586,0.6227544910179641,0.1920590951061865,0.1785842831433713,0.0522088353413654,0.0083465804191748,0.0,0.0,0.5966386554621849,False,train/val only,test,16670,1083,0.5435992578849722,0.541089566020314
elliptic,inductive_isolated,gcn,7,prior_ratio_graph,prior_ratio_graph,0.536476868327402,0.5705061088366749,0.8730329113312162,0.9642857142857144,0.074792243767313,0.9520958083832336,0.1468144044321329,0.9311377245508982,0.2871652816251154,0.1776844631073785,0.0820283370618941,0.0116227804567781,0.0,0.0,0.5987394957983193,False,train/val only,test,16670,1083,0.5175965665236052,0.556786703601108
elliptic,inductive_isolated,sage,7,prior_ratio_graph,prior_ratio_graph,0.5399725902238465,0.4832341833317303,0.8597428095636437,0.9047619047619048,0.0701754385964912,0.7245508982035929,0.1117266851338873,0.6317365269461078,0.1948291782086796,0.1784643071385722,0.0843373493975903,0.0089177819636221,0.0,0.0,0.5987394957983193,False,train/val only,test,16670,1083,0.5343580470162749,0.5457063711911357
elliptic,inductive_isolated,gcn,8,prior_ratio_graph,prior_ratio_graph,0.5498547918683446,0.567433840129463,0.873419535812481,0.9523809523809524,0.0738688827331486,0.9580838323353292,0.1477377654662973,0.8802395209580839,0.2714681440443213,0.1793641271745651,0.0708426547352721,0.0097657454910922,0.0,0.0,0.5945378151260504,False,train/val only,test,16670,1083,0.5778229908443541,0.5244690674053555
elliptic,inductive_isolated,sage,8,prior_ratio_graph,prior_ratio_graph,0.4709051724137931,0.430174449962092,0.862181716053479,0.6428571428571429,0.0498614958448753,0.592814371257485,0.0914127423822714,0.5299401197604791,0.1634349030470914,0.2139172165566886,0.110441767068273,0.0333791120357497,0.0,0.0,0.5987394957983193,False,train/val only,test,16670,1083,0.5653298835705045,0.4035087719298245
elliptic,inductive_isolated,gcn,9,prior_ratio_graph,prior_ratio_graph,0.5202738283307003,0.5664332057118506,0.8737382129590318,0.9523809523809524,0.0738688827331486,0.9640718562874252,0.1486611265004616,0.9131736526946108,0.2816251154201292,0.1959808038392321,0.1455026455026454,0.0233878159578225,0.0,0.0,0.5882352941176471,False,train/val only,test,16670,1083,0.6053921568627451,0.4561403508771929
elliptic,inductive_isolated,sage,9,prior_ratio_graph,prior_ratio_graph,0.5523906408952187,0.5230466225969194,0.8807770118349803,0.9047619047619048,0.0701754385964912,0.7544910179640718,0.1163434903047091,0.7065868263473054,0.2179132040627885,0.182363527294541,0.0371402042711234,0.0070645850468931,0.0,0.0,0.5882352941176471,False,train/val only,test,16670,1083,0.6149490373725934,0.5013850415512465
elliptic,inductive_isolated,gcn,10,prior_ratio_graph,prior_ratio_graph,0.5883008356545961,0.603230273982329,0.8770997399933332,0.9642857142857144,0.074792243767313,0.9580838323353292,0.1477377654662973,0.9550898203592816,0.2945521698984303,0.1775044991001799,0.0536912751677852,0.0084480781790928,0.0,0.0,0.5903361344537815,False,train/val only,test,16670,1083,0.7415730337078652,0.4875346260387811
elliptic,inductive_isolated,sage,10,prior_ratio_graph,prior_ratio_graph,0.528,0.4802705003490153,0.8742740313047055,0.9047619047619048,0.0701754385964912,0.7365269461077845,0.113573407202216,0.6467065868263473,0.1994459833795014,0.1854229154169166,0.0401606425702811,0.01141322547488,0.0,0.0,0.5903361344537815,False,train/val only,test,16670,1083,0.5383877159309021,0.518005540166205
elliptic,transductive,gcn,1,prior_ratio_graph,prior_ratio_graph,0.5057142857142856,0.4822521633666838,0.8746775093315031,0.7380952380952381,0.0572483841181902,0.8263473053892215,0.1274238227146814,0.7574850299401198,0.2336103416435826,0.1947210557888422,0.2566137566137565,0.0432012198268561,0.0,0.0,0.5903361344537815,False,train/val only,test,16670,1083,0.5221238938053098,0.4903047091412742
elliptic,transductive,sage,1,prior_ratio_graph,prior_ratio_graph,0.3191037280278154,0.447093399390547,0.8537938041864445,0.9523809523809524,0.0738688827331486,0.7005988023952096,0.1080332409972299,0.5508982035928144,0.1698984302862419,0.273125374925015,0.2226890756302521,0.1131140550606539,0.0099999999999999,0.0,0.819327731092437,False,train/val only,test,16670,1083,0.2017586712261846,0.76269621421976
elliptic,transductive,gcn,2,prior_ratio_graph,prior_ratio_graph,0.5305912596401029,0.4990946330207322,0.8766626437342339,0.6666666666666666,0.051708217913204,0.7904191616766467,0.1218836565096952,0.7844311377245509,0.2419205909510618,0.1908218356328734,0.1693121693121693,0.0350346289786248,0.0,0.0,0.5882352941176471,False,train/val only,test,16670,1083,0.5986078886310905,0.4764542936288088
elliptic,transductive,sage,2,prior_ratio_graph,prior_ratio_graph,0.547556881760537,0.5440721956998189,0.871110303878608,0.8928571428571429,0.0692520775623268,0.844311377245509,0.1301939058171745,0.7544910179640718,0.2326869806094182,0.1565086982603479,0.0321285140562249,0.0080525560736933,0.0,0.0,0.6197478991596639,False,train/val only,test,16670,1083,0.4593241551939925,0.6777469990766389
elliptic,transductive,gcn,3,prior_ratio_graph,prior_ratio_graph,0.4703433922996878,0.439852854993233,0.867548637288656,0.6785714285714286,0.0526315789473684,0.7425149700598802,0.1144967682363804,0.6706586826347305,0.2068328716528162,0.2124775044991002,0.335978835978836,0.060102728874009,0.0,0.0,0.5882352941176471,False,train/val only,test,16670,1083,0.5387365911799762,0.4173591874422899
elliptic,transductive,sage,3,prior_ratio_graph,prior_ratio_graph,0.4501293475136533,0.555314980492425,0.8681089510335489,0.988095238095238,0.0766389658356417,0.9520958083832336,0.1468144044321329,0.7604790419161677,0.234533702677747,0.186742651469706,0.0722627737226277,0.0360828839370464,0.0,0.0,0.6680672268907563,False,train/val only,test,16670,1083,0.3267946577629382,0.7229916897506925
elliptic,transductive,gcn,4,prior_ratio_graph,prior_ratio_graph,0.4796380090497738,0.4532002794037235,0.8709796222566559,0.7023809523809523,0.0544783010156971,0.7664670658682635,0.1181902123730378,0.6766467065868264,0.2086795937211449,0.20749850029994,0.2962962962962963,0.0584565207069156,0.0,0.0,0.592436974789916,False,train/val only,test,16670,1083,0.5264900662251656,0.4404432132963989
elliptic,transductive,sage,4,prior_ratio_graph,prior_ratio_graph,0.4451882845188285,0.5369115042180055,0.8736427194075419,1.0,0.077562326869806,0.9221556886227544,0.1421975992613111,0.7544910179640718,0.2326869806094182,0.1877024595080983,0.074438202247191,0.037099749903022,0.0,0.0,0.6407563025210085,False,train/val only,test,16670,1083,0.3189448441247002,0.7368421052631579
elliptic,transductive,gcn,5,prior_ratio_graph,prior_ratio_graph,0.4928909952606635,0.4646663112708202,0.8732696903171375,0.7738095238095238,0.0600184672206832,0.7844311377245509,0.1209602954755309,0.7155688622754491,0.2206832871652816,0.1992801439712057,0.2896825396825396,0.0508555511316773,0.0,0.0,0.5903361344537815,False,train/val only,test,16670,1083,0.5063291139240507,0.4801477377654663
elliptic,transductive,sage,5,prior_ratio_graph,prior_ratio_graph,0.4527753560011624,0.4336331027760166,0.8633385386797163,0.8333333333333334,0.064635272391505,0.6407185628742516,0.0987996306555863,0.5089820359281437,0.1569713758079409,0.1859028194361127,0.0662650602409638,0.0386989855898923,0.0,0.0,0.6533613445378151,False,train/val only,test,16670,1083,0.330364715860899,0.7192982456140351
elliptic,transductive,gcn,6,prior_ratio_graph,prior_ratio_graph,0.4727463312368973,0.4717925236819081,0.8753719701901358,0.7857142857142857,0.0609418282548476,0.8203592814371258,0.1265004616805171,0.7455089820359282,0.2299168975069252,0.211997600479904,0.3082010582010582,0.0555534739652379,0.0,0.0,0.5903361344537815,False,train/val only,test,16670,1083,0.5466666666666666,0.4164358264081256
elliptic,transductive,sage,6,prior_ratio_graph,prior_ratio_graph,0.48120764017252,0.5631574012144592,0.8699020024085464,0.9761904761904762,0.0757156048014773,0.9461077844311376,0.1458910433979686,0.8173652694610778,0.2520775623268698,0.1734853029394121,0.0588235294117647,0.0218290316508511,0.0,0.0,0.6533613445378151,False,train/val only,test,16670,1083,0.3610725843735552,0.7211449676823638
elliptic,transductive,gcn,7,prior_ratio_graph,prior_ratio_graph,0.4858807709547288,0.4512524683035832,0.8678211671172102,0.7380952380952381,0.0572483841181902,0.7844311377245509,0.1209602954755309,0.7035928143712575,0.2169898430286242,0.198620275944811,0.2142857142857142,0.0496129005107518,0.0,0.0,0.5945378151260504,False,train/val only,test,16670,1083,0.4721254355400697,0.5004616805170822
elliptic,transductive,sage,7,prior_ratio_graph,prior_ratio_graph,0.4714459295261239,0.5003291546629858,0.8710303902303699,0.9523809523809524,0.0738688827331486,0.8023952095808383,0.123730378578024,0.6676646706586826,0.2059095106186519,0.1780443911217756,0.0682730923694779,0.030218114133742,0.0,0.0,0.634453781512605,False,train/val only,test,16670,1083,0.3512901765504753,0.716528162511542
elliptic,transductive,gcn,8,prior_ratio_graph,prior_ratio_graph,0.4903225806451613,0.4345971290657176,0.8670288431400531,0.75,0.0581717451523545,0.7245508982035929,0.1117266851338873,0.6586826347305389,0.2031394275161588,0.1941811637672465,0.1944444444444444,0.0350402651097819,0.0,0.0,0.5945378151260504,False,train/val only,test,16670,1083,0.4589371980676328,0.5263157894736842
elliptic,transductive,sage,8,prior_ratio_graph,prior_ratio_graph,0.5,0.4526179073985875,0.8716851312215871,0.75,0.0581717451523545,0.6766467065868264,0.1043397968605724,0.6137724550898204,0.1892890120036934,0.1749250149970006,0.0644876325088339,0.0184579016712326,0.0,0.0,0.6596638655462185,False,train/val only,test,16670,1083,0.4048027444253859,0.6537396121883656
elliptic,transductive,gcn,9,prior_ratio_graph,prior_ratio_graph,0.4515393386545039,0.4724335648293699,0.875016801711254,0.8095238095238095,0.0627885503231763,0.8083832335329342,0.1246537396121883,0.7155688622754491,0.2206832871652816,0.2225554889022195,0.2962962962962963,0.0660457771331483,0.0,0.0,0.5882352941176471,False,train/val only,test,16670,1083,0.5901639344262295,0.3656509695290859
elliptic,transductive,sage,9,prior_ratio_graph,prior_ratio_graph,0.4410859221942345,0.5038806709480083,0.8653814312789128,0.9523809523809524,0.0738688827331486,0.8323353293413174,0.1283471837488458,0.6856287425149701,0.211449676823638,0.1905818836232753,0.0945378151260504,0.0383122227690136,0.0,0.0,0.6890756302521008,False,train/val only,test,16670,1083,0.3164658634538153,0.7276084949215144
elliptic,transductive,gcn,10,prior_ratio_graph,prior_ratio_graph,0.521050024764735,0.5102664229118324,0.8757108775152436,0.7619047619047619,0.0590951061865189,0.8383233532934131,0.1292705447830101,0.8023952095808383,0.247460757156048,0.1916616676664667,0.2314814814814814,0.0413325006252974,0.0,0.0,0.5903361344537815,False,train/val only,test,16670,1083,0.561965811965812,0.4856879039704525
elliptic,transductive,sage,10,prior_ratio_graph,prior_ratio_graph,0.5229455709711845,0.5151870678433143,0.8720586934645742,0.9166666666666666,0.0710987996306555,0.8083832335329342,0.1246537396121883,0.7275449101796407,0.224376731301939,0.1639472105578884,0.0702811244979919,0.0186805612295628,0.0,0.0,0.6428571428571429,False,train/val only,test,16670,1083,0.4253472222222222,0.6786703601108033
dgraphfin,strict_inductive,gcn,1,prior_ratio_graph,prior_ratio_graph,0.0216539780321961,0.0124055140776757,0.5688201667883024,0.0082159624413145,0.0037573805689747,0.0076335877862595,0.0069779924852388,0.0085168869309838,0.0155662909286097,0.9890545042213305,0.4376298296634815,0.4239391405228195,0.0185839265337173,0.0018214936247723,0.990620886353664,False,train/val only,test,170207,1863,0.0109454957786695,1.0
dgraphfin,strict_inductive,sage,1,prior_ratio_graph,prior_ratio_graph,0.0216669477283432,0.027914514496628,0.7329447263991231,0.0434272300469483,0.0198604401502952,0.0428655314151497,0.0391841116478797,0.0405286343612334,0.074074074074074,0.9884493587220268,0.8916528909159712,0.8872807673460199,0.0185889770627242,0.0255009107468123,0.9903466432645898,False,train/val only,test,170207,1863,0.0109521234068569,1.0
dgraphfin,strict_inductive,gcn,2,prior_ratio_graph,prior_ratio_graph,0.0216539780321961,0.0101158252743173,0.5022681970197823,0.0035211267605633,0.001610305958132,0.0029359953024075,0.0026838432635534,0.0055800293685756,0.0101986044015029,0.9890545042213305,0.8968845985081175,0.8916896180986527,0.0185839265337173,0.0,0.990620886353664,False,train/val only,test,170207,1863,0.0109454957786695,1.0
dgraphfin,strict_inductive,sage,2,prior_ratio_graph,prior_ratio_graph,0.0216572504708097,0.0258534936958973,0.7237534910815364,0.0293427230046948,0.013419216317767,0.0340575455079271,0.0311325818572195,0.0372980910425844,0.0681696188942565,0.988901749046749,0.8968023255813953,0.8915405005697697,0.0185854414042333,0.0276243093922651,0.9905386134269416,False,train/val only,test,170207,1863,0.0109471680152308,1.0
dgraphfin,strict_inductive,gcn,3,prior_ratio_graph,prior_ratio_graph,0.0216539780321961,0.0094002675819448,0.4713454199512595,0.0,0.0,0.0,0.0,0.0017621145374449,0.003220611916264,0.9890545042213305,0.2824978060552874,0.2568148592555339,0.0185839265337173,0.0,0.990620886353664,False,train/val only,test,170207,1863,0.0109454957786695,1.0
dgraphfin,strict_inductive,sage,3,prior_ratio_graph,prior_ratio_graph,0.0216655618741932,0.0279465111095142,0.7331816766751841,0.0363849765258215,0.0166398282340311,0.0428655314151497,0.0391841116478797,0.0399412628487518,0.0730005367686527,0.9885139859112728,0.8744027835479851,0.8719623416495027,0.0185889770627242,0.023391812865497,0.9903466432645898,False,train/val only,test,170207,1863,0.0109514152191164,1.0
dgraphfin,strict_inductive,gcn,4,prior_ratio_graph,prior_ratio_graph,0.0216539780321961,0.014175335267758,0.6159317810737919,0.0129107981220657,0.0059044551798174,0.01174398120963,0.0107353730542136,0.0143906020558002,0.0263016639828234,0.9890545042213305,0.8708040807371654,0.8623009602111128,0.0185839265337173,0.007366482504604,0.990620886353664,False,train/val only,test,170207,1863,0.0109454957786695,1.0
dgraphfin,strict_inductive,sage,4,prior_ratio_graph,prior_ratio_graph,0.0216603979792929,0.0228606717799804,0.7291494885010268,0.022300469483568,0.0101986044015029,0.0240751614797416,0.0220075147611379,0.0261380323054331,0.0477724100912506,0.9887548690711898,0.8546874066402438,0.8497606571827218,0.0185864514551235,0.0145719489981785,0.9904837648091268,False,train/val only,test,170207,1863,0.010948776416935,1.0
dgraphfin,strict_inductive,gcn,5,prior_ratio_graph,prior_ratio_graph,0.021654103876933,0.0103075248707999,0.4867603947559363,0.0058685446009389,0.0026838432635534,0.004697592483852,0.0042941492216854,0.0067547723935389,0.0123456790123456,0.9890486290223082,0.0898245334501781,0.0805514119737704,0.0185839265337173,0.0023310023310023,0.990620886353664,False,train/val only,test,170207,1863,0.0109455600860134,1.0
dgraphfin,strict_inductive,sage,5,prior_ratio_graph,prior_ratio_graph,0.0216671997208734,0.0237047320531338,0.7291617483705183,0.0246478873239436,0.0112721417069243,0.0252495596007046,0.0230810520665593,0.0255506607929515,0.0466988727858293,0.988437608323982,0.7989205122587584,0.7904405989455612,0.0185889770627242,0.0127504553734061,0.9903466432645898,False,train/val only,test,170207,1863,0.0109522521781049,1.0
dgraphfin,strict_inductive,gcn,6,prior_ratio_graph,prior_ratio_graph,0.0216539780321961,0.0086874184437913,0.4275147252989552,0.0011737089201877,0.0005367686527106,0.001174398120963,0.0010735373054213,0.0020558002936857,0.0037573805689747,0.9890545042213305,0.606392430367376,0.6002700628827531,0.0185839265337173,0.0,0.990620886353664,False,train/val only,test,170207,1863,0.0109454957786695,1.0
dgraphfin,strict_inductive,sage,6,prior_ratio_graph,prior_ratio_graph,0.0216629166448642,0.0240303179020403,0.726154826457769,0.0269953051643192,0.0123456790123456,0.0328831473869641,0.0300590445517981,0.0290748898678414,0.0531400966183574,0.9886373650907424,0.8187775100081659,0.8126611875704048,0.0185864514551235,0.0175438596491228,0.9904837648091268,False,train/val only,test,170207,1863,0.0109500634786288,1.0
dgraphfin,strict_inductive,gcn,7,prior_ratio_graph,prior_ratio_graph,0.0216539780321961,0.0121304508028999,0.569830493226953,0.0058685446009389,0.0026838432635534,0.0064591896652965,0.0059044551798174,0.0085168869309838,0.0155662909286097,0.9890545042213305,0.8372204186500427,0.8322228445224366,0.0185839265337173,0.0,0.990620886353664,False,train/val only,test,170207,1863,0.0109454957786695,1.0
dgraphfin,strict_inductive,sage,7,prior_ratio_graph,prior_ratio_graph,0.0216544814199202,0.0205414712956222,0.7187158851993091,0.0129107981220657,0.0059044551798174,0.0158543746330005,0.0144927536231884,0.0173274596182085,0.0316693505099302,0.9890310034252412,0.8372005019020494,0.8322012068129382,0.0185839265337173,0.0116550116550116,0.990620886353664,False,train/val only,test,170207,1863,0.010945753012579,1.0
dgraphfin,strict_inductive,gcn,8,prior_ratio_graph,prior_ratio_graph,0.0216539780321961,0.0101215768283299,0.4865570531025996,0.0011737089201877,0.0005367686527106,0.001174398120963,0.0010735373054213,0.0020558002936857,0.0037573805689747,0.9890545042213305,0.6044822531206966,0.5978015795577423,0.0185839265337173,0.0,0.990620886353664,False,train/val only,test,170207,1863,0.0109454957786695,1.0
dgraphfin,strict_inductive,sage,8,prior_ratio_graph,prior_ratio_graph,0.021654103876933,0.0074055799377374,0.3270841430586538,0.0023474178403755,0.0010735373054213,0.0029359953024075,0.0026838432635534,0.0044052863436123,0.0080515297906602,0.9890486290223082,0.6044600417573631,0.5977960267169089,0.0185839265337173,0.0,0.990620886353664,False,train/val only,test,170207,1863,0.0109455600860134,1.0
dgraphfin,strict_inductive,gcn,9,prior_ratio_graph,prior_ratio_graph,0.0216539780321961,0.0146457734493615,0.6023535132762047,0.0035211267605633,0.001610305958132,0.0064591896652965,0.0059044551798174,0.0123348017621145,0.0225442834138486,0.9890545042213305,0.8298971749065227,0.8201575389937016,0.0185839265337173,0.0018214936247723,0.990620886353664,False,train/val only,test,170207,1863,0.0109454957786695,1.0
dgraphfin,strict_inductive,sage,9,prior_ratio_graph,prior_ratio_graph,0.0216553624047565,0.022999765001212,0.7204263697555212,0.0293427230046948,0.013419216317767,0.0287727539635936,0.0263016639828234,0.0276064610866372,0.050456253354804,0.9889898770320844,0.8435738612599335,0.8391602511566447,0.0185844314631164,0.0127504553734061,0.9905934620447564,False,train/val only,test,170207,1863,0.0109462032010153,1.0
dgraphfin,strict_inductive,gcn,10,prior_ratio_graph,prior_ratio_graph,0.0216539780321961,0.0144974566077533,0.5735070830096664,0.0234741784037558,0.0107353730542136,0.0281855549031121,0.0257648953301127,0.0223201174743024,0.0407944176060118,0.9890545042213305,0.8891509433962264,0.8833426829397513,0.0185839265337173,0.0116959064327485,0.990620886353664,False,train/val only,test,170207,1863,0.0109454957786695,1.0
dgraphfin,strict_inductive,sage,10,prior_ratio_graph,prior_ratio_graph,0.0216554882655848,0.0237878505748987,0.7281958555889024,0.0258215962441314,0.0118089103596349,0.0234879624192601,0.0214707461084272,0.0276064610866372,0.050456253354804,0.988984001833062,0.8629607283896445,0.8608682365027851,0.0185839265337173,0.0069930069930069,0.990620886353664,False,train/val only,test,170207,1863,0.010946267516672,1.0
dgraphfin,inductive_isolated,gcn,1,prior_ratio_graph,prior_ratio_graph,0.0216539780321961,0.0135745812837729,0.6036546983429298,0.0058685446009389,0.0026838432635534,0.0099823840281855,0.0091250670960815,0.0117474302496328,0.0214707461084272,0.9890545042213305,0.40748967171605,0.3955741763977479,0.0185839265337173,0.0054644808743169,0.990620886353664,False,train/val only,test,170207,1863,0.0109454957786695,1.0
dgraphfin,inductive_isolated,sage,1,prior_ratio_graph,prior_ratio_graph,0.0216603979792929,0.0206581228610096,0.7100041478853119,0.0199530516431924,0.0091250670960815,0.0211391661773341,0.0193236714975845,0.0176211453744493,0.0322061191626409,0.9887548690711898,0.6220070187908133,0.6165171763557828,0.0185879667373226,0.0182149362477231,0.9904014918824046,False,train/val only,test,170207,1863,0.010948776416935,1.0
dgraphfin,inductive_isolated,gcn,2,prior_ratio_graph,prior_ratio_graph,0.0216539780321961,0.0108106103201065,0.5381999342832733,0.0023474178403755,0.0010735373054213,0.0017615971814445,0.001610305958132,0.0017621145374449,0.003220611916264,0.9890545042213305,0.8968845985081175,0.8916896180986527,0.0185839265337173,0.0,0.990620886353664,False,train/val only,test,170207,1863,0.0109454957786695,1.0
dgraphfin,inductive_isolated,sage,2,prior_ratio_graph,prior_ratio_graph,0.0216559917235286,0.0200443338323521,0.7050032036362218,0.0199530516431924,0.0091250670960815,0.0199647680563711,0.0182501341921631,0.0226138032305433,0.0413311862587224,0.9889605010369726,0.8968297498903027,0.8915987921685197,0.0185849364199543,0.0139860139860139,0.9905660377358492,False,train/val only,test,170207,1863,0.0109465247868571,1.0
dgraphfin,inductive_isolated,gcn,3,prior_ratio_graph,prior_ratio_graph,0.0216539780321961,0.0079247271589224,0.3762798251536632,0.0023474178403755,0.0010735373054213,0.003523194362889,0.003220611916264,0.0035242290748898,0.0064412238325281,0.9890545042213305,0.2824978060552874,0.2568148592555339,0.0185839265337173,0.0023310023310023,0.990620886353664,False,train/val only,test,170207,1863,0.0109454957786695,1.0
dgraphfin,inductive_isolated,sage,3,prior_ratio_graph,prior_ratio_graph,0.0216539780321961,0.0181167086995099,0.6730038171207289,0.0082159624413145,0.0037573805689747,0.0099823840281855,0.0091250670960815,0.0126284875183553,0.0230810520665593,0.9890545042213305,0.2824978060552874,0.2568148592555339,0.0185839265337173,0.0069930069930069,0.990620886353664,False,train/val only,test,170207,1863,0.0109454957786695,1.0
dgraphfin,inductive_isolated,gcn,4,prior_ratio_graph,prior_ratio_graph,0.0216539780321961,0.015917088523135,0.6520176196357284,0.0199530516431924,0.0091250670960815,0.0158543746330005,0.0144927536231884,0.0155653450807635,0.0284487385936661,0.9890545042213305,0.7866916289908183,0.7717667145499658,0.0185839265337173,0.012891344383057,0.990620886353664,False,train/val only,test,170207,1863,0.0109454957786695,1.0
dgraphfin,inductive_isolated,sage,4,prior_ratio_graph,prior_ratio_graph,0.021654103876933,0.0175976178721989,0.6825000298445718,0.0093896713615023,0.0042941492216854,0.0123311802701115,0.0112721417069243,0.0161527165932452,0.0295222758990874,0.9890486290223082,0.7866916289908183,0.771759858472739,0.0185844314631164,0.0109289617486338,0.9905934620447564,False,train/val only,test,170207,1863,0.0109455600860134,1.0
dgraphfin,inductive_isolated,gcn,5,prior_ratio_graph,prior_ratio_graph,0.021654103876933,0.0082168269456016,0.3765554936599544,0.0011737089201877,0.0005367686527106,0.0005871990604815,0.0005367686527106,0.0035242290748898,0.0064412238325281,0.9890486290223082,0.0314831066257129,0.0299261805112676,0.0185839265337173,0.0,0.990620886353664,False,train/val only,test,170207,1863,0.0109455600860134,1.0
dgraphfin,inductive_isolated,sage,5,prior_ratio_graph,prior_ratio_graph,0.0216563693323491,0.0181759700067814,0.6883377938851738,0.0164319248826291,0.0075147611379495,0.0193775689958896,0.0177133655394524,0.019676945668135,0.0359634997316156,0.9889428754399056,0.6050597485673671,0.5987874658704706,0.0185854414042333,0.0116550116550116,0.9905386134269416,False,train/val only,test,170207,1863,0.0109467177474322,1.0
dgraphfin,inductive_isolated,gcn,6,prior_ratio_graph,prior_ratio_graph,0.0216539780321961,0.0084318875507683,0.4163617610021695,0.0011737089201877,0.0005367686527106,0.0005871990604815,0.0005367686527106,0.0005873715124816,0.0010735373054213,0.9890545042213305,0.606392430367376,0.6002700628827531,0.0185839265337173,0.0,0.990620886353664,False,train/val only,test,170207,1863,0.0109454957786695,1.0
dgraphfin,inductive_isolated,sage,6,prior_ratio_graph,prior_ratio_graph,0.0216591388661214,0.0189247226626229,0.7029296898365892,0.0176056338028169,0.0080515297906602,0.0146799765120375,0.013419216317767,0.0170337738619676,0.0311325818572195,0.9888136210614136,0.6473946070809826,0.6414512472247563,0.0185859464159556,0.0093240093240093,0.9905111891180344,False,train/val only,test,170207,1863,0.0109481329995416,1.0
dgraphfin,inductive_isolated,gcn,7,prior_ratio_graph,prior_ratio_graph,0.0216539780321961,0.0179647666815936,0.6817005492472549,0.0258215962441314,0.0118089103596349,0.0217263652378156,0.0198604401502952,0.0187958883994126,0.0343531937734836,0.9890545042213305,0.8372204186500427,0.8322228445224366,0.0185839265337173,0.0147329650092081,0.990620886353664,False,train/val only,test,170207,1863,0.0109454957786695,1.0
dgraphfin,inductive_isolated,sage,7,prior_ratio_graph,prior_ratio_graph,0.021654733122559,0.0178925430135819,0.696467370738377,0.0070422535211267,0.003220611916264,0.014092777451556,0.0128824476650563,0.0143906020558002,0.0263016639828234,0.9890192530271964,0.8371606684060626,0.8321912484389414,0.0185839265337173,0.0087719298245614,0.990620886353664,False,train/val only,test,170207,1863,0.0109458816340679,1.0
dgraphfin,inductive_isolated,gcn,8,prior_ratio_graph,prior_ratio_graph,0.0216539780321961,0.0105264160712298,0.518146478510161,0.0011737089201877,0.0005367686527106,0.0005871990604815,0.0005367686527106,0.0005873715124816,0.0010735373054213,0.9890545042213305,0.6044822531206966,0.5978015795577423,0.0185839265337173,0.0,0.990620886353664,False,train/val only,test,170207,1863,0.0109454957786695,1.0
dgraphfin,inductive_isolated,sage,8,prior_ratio_graph,prior_ratio_graph,0.0216539780321961,0.0074472581194795,0.3266974486003138,0.0,0.0,0.0029359953024075,0.0026838432635534,0.0052863436123348,0.0096618357487922,0.9890545042213305,0.6044822531206966,0.5978015795577423,0.0185839265337173,0.0,0.990620886353664,False,train/val only,test,170207,1863,0.0109454957786695,1.0
dgraphfin,inductive_isolated,gcn,9,prior_ratio_graph,prior_ratio_graph,0.0216539780321961,0.0126650824374719,0.5699705108209657,0.0011737089201877,0.0005367686527106,0.0017615971814445,0.001610305958132,0.0049926578560939,0.0091250670960815,0.9890545042213305,0.7453104431768319,0.7214672486898728,0.0185839265337173,0.0,0.990620886353664,False,train/val only,test,170207,1863,0.0109454957786695,1.0
dgraphfin,inductive_isolated,sage,9,prior_ratio_graph,prior_ratio_graph,0.0216546072705082,0.0185316209560952,0.6914215336849943,0.0152582159624413,0.0069779924852388,0.0146799765120375,0.013419216317767,0.0161527165932452,0.0295222758990874,0.9890251282262188,0.648149793434321,0.6424276862324113,0.0185849364199543,0.0046620046620046,0.9905660377358492,False,train/val only,test,170207,1863,0.0109458173229456,1.0
dgraphfin,inductive_isolated,gcn,10,prior_ratio_graph,prior_ratio_graph,0.0216548589760727,0.0101485902235179,0.4760659926231871,0.0105633802816901,0.0048309178743961,0.01174398120963,0.0107353730542136,0.0108663729809104,0.0198604401502952,0.989013377828174,0.1104925405879772,0.1033305815248289,0.0185839265337173,0.0058479532163742,0.990620886353664,False,train/val only,test,170207,1863,0.0109459459459459,1.0
dgraphfin,inductive_isolated,sage,10,prior_ratio_graph,prior_ratio_graph,0.0216557399916306,0.0194218491952988,0.7026363058985959,0.022300469483568,0.0101986044015029,0.0211391661773341,0.0193236714975845,0.0190895741556534,0.0348899624261943,0.9889722514350172,0.6451956821109679,0.6385007041424513,0.0185844314631164,0.0023310023310023,0.9905934620447564,False,train/val only,test,170207,1863,0.0109463961502529,1.0
dgraphfin,transductive,gcn,1,prior_ratio_graph,prior_ratio_graph,0.0216539780321961,0.0124146286913797,0.5690477603447216,0.0082159624413145,0.0037573805689747,0.0076335877862595,0.0069779924852388,0.0085168869309838,0.0155662909286097,0.9890545042213305,0.4378115911923556,0.4240908147324496,0.0185839265337173,0.0018214936247723,0.990620886353664,False,train/val only,test,170207,1863,0.0109454957786695,1.0
dgraphfin,transductive,sage,1,prior_ratio_graph,prior_ratio_graph,0.0216727450398729,0.0285081527587063,0.7343435009835572,0.0469483568075117,0.0214707461084272,0.0440399295361127,0.0402576489533011,0.0414096916299559,0.0756843800322061,0.9881790995669978,0.8864546196896971,0.8812718071325083,0.0185920086980157,0.0255009107468123,0.9901820974111452,False,train/val only,test,170207,1863,0.0109550859118653,1.0
dgraphfin,transductive,gcn,2,prior_ratio_graph,prior_ratio_graph,0.0216539780321961,0.0101177409987025,0.5023405956144957,0.0035211267605633,0.001610305958132,0.0029359953024075,0.0026838432635534,0.0055800293685756,0.0101986044015029,0.9890545042213305,0.8548157086441421,0.8507236090041177,0.0185839265337173,0.0,0.990620886353664,False,train/val only,test,170207,1863,0.0109454957786695,1.0
dgraphfin,transductive,sage,2,prior_ratio_graph,prior_ratio_graph,0.0216598943164576,0.0263419609614635,0.7266004735109146,0.0293427230046948,0.013419216317767,0.0328831473869641,0.0300590445517981,0.0390602055800293,0.0713902308105206,0.9887783698672792,0.8787468382162561,0.8724495995157303,0.0185864514551235,0.0276243093922651,0.9904837648091268,False,train/val only,test,170207,1863,0.0109485190409026,1.0
dgraphfin,transductive,gcn,3,prior_ratio_graph,prior_ratio_graph,0.0216539780321961,0.0093943409126611,0.4710628817729737,0.0,0.0,0.0,0.0,0.0017621145374449,0.003220611916264,0.9890545042213305,0.2822235629662132,0.2565368284988681,0.0185839265337173,0.0,0.990620886353664,False,train/val only,test,170207,1863,0.0109454957786695,1.0
dgraphfin,transductive,sage,3,prior_ratio_graph,prior_ratio_graph,0.0216608598035166,0.0285042258863174,0.7329574709240535,0.0422535211267605,0.0193236714975845,0.0416911332941867,0.0381105743424584,0.0408223201174743,0.0746108427267847,0.9882261011591768,0.870533859576236,0.8683769150385753,0.0185945358162294,0.0263157894736842,0.990044975866608,False,train/val only,test,170207,1863,0.0109490767964247,0.9994632313472892
dgraphfin,transductive,gcn,4,prior_ratio_graph,prior_ratio_graph,0.0216539780321961,0.0141791792025952,0.6159952773133376,0.0129107981220657,0.0059044551798174,0.01174398120963,0.0107353730542136,0.0143906020558002,0.0263016639828234,0.9890545042213305,0.8714622641509434,0.8630320233718316,0.0185839265337173,0.007366482504604,0.990620886353664,False,train/val only,test,170207,1863,0.0109454957786695,1.0
dgraphfin,transductive,sage,4,prior_ratio_graph,prior_ratio_graph,0.0216620350452891,0.023359769202803,0.7303226974294309,0.0234741784037558,0.0107353730542136,0.0270111567821491,0.0246913580246913,0.0255506607929515,0.0466988727858293,0.988678491483899,0.868469796251668,0.8622226018604872,0.0185869565217391,0.0145719489981785,0.9904563405002194,False,train/val only,test,170207,1863,0.0109496129726171,1.0
dgraphfin,transductive,gcn,5,prior_ratio_graph,prior_ratio_graph,0.021654103876933,0.0102977020167087,0.4864972954058312,0.0046948356807511,0.0021470746108427,0.004697592483852,0.0042941492216854,0.006461086637298,0.0118089103596349,0.9890486290223082,0.0905415363779401,0.0813224382644428,0.0185839265337173,0.0023310023310023,0.990620886353664,False,train/val only,test,170207,1863,0.0109455600860134,1.0
dgraphfin,transductive,sage,5,prior_ratio_graph,prior_ratio_graph,0.0216752665778558,0.0241054315230427,0.7293806898707957,0.0246478873239436,0.0112721417069243,0.0258367586611861,0.0236178207192699,0.0249632892804698,0.0456253354804079,0.9880615955865504,0.8267242924575275,0.818982987487271,0.0185915033567992,0.0184162062615101,0.9902095217200526,False,train/val only,test,170207,1863,0.0109563744574742,1.0
dgraphfin,transductive,gcn,6,prior_ratio_graph,prior_ratio_graph,0.0216539780321961,0.0086784894099883,0.4270520068956775,0.0011737089201877,0.0005367686527106,0.001174398120963,0.0010735373054213,0.0020558002936857,0.0037573805689747,0.9890545042213305,0.6065701212740437,0.600357708291811,0.0185839265337173,0.0,0.990620886353664,False,train/val only,test,170207,1863,0.0109454957786695,1.0
dgraphfin,transductive,sage,6,prior_ratio_graph,prior_ratio_graph,0.0216666957416743,0.0247038593199773,0.7282415423353286,0.0269953051643192,0.0123456790123456,0.0287727539635936,0.0263016639828234,0.029662261380323,0.0542136339237788,0.9884611091200716,0.8173235874046486,0.8096495836751303,0.0185899874979616,0.0204678362573099,0.9902917946467747,False,train/val only,test,170207,1863,0.010951994638637,1.0
dgraphfin,transductive,gcn,7,prior_ratio_graph,prior_ratio_graph,0.0216539780321961,0.0121317688242283,0.5698555199410332,0.0058685446009389,0.0026838432635534,0.0064591896652965,0.0059044551798174,0.0085168869309838,0.0155662909286097,0.9890545042213305,0.8371407516580692,0.8320486230567048,0.0185839265337173,0.0,0.990620886353664,False,train/val only,test,170207,1863,0.0109454957786695,1.0
dgraphfin,transductive,sage,7,prior_ratio_graph,prior_ratio_graph,0.0216558658568481,0.0205544492244505,0.7183105633917963,0.0129107981220657,0.0059044551798174,0.0146799765120375,0.013419216317767,0.0167400881057268,0.0305958132045088,0.988966376235995,0.8370013344221156,0.8319674687363681,0.0185839265337173,0.0109289617486338,0.990620886353664,False,train/val only,test,170207,1863,0.0109464604681771,1.0
dgraphfin,transductive,gcn,8,prior_ratio_graph,prior_ratio_graph,0.0216539780321961,0.010088270132455,0.4853475970489994,0.0011737089201877,0.0005367686527106,0.001174398120963,0.0010735373054213,0.0017621145374449,0.003220611916264,0.9890545042213305,0.6125005552840834,0.6062964545458183,0.0185839265337173,0.0,0.990620886353664,False,train/val only,test,170207,1863,0.0109454957786695,1.0
dgraphfin,transductive,sage,8,prior_ratio_graph,prior_ratio_graph,0.021654103876933,0.0074261056755623,0.3290008309672582,0.0035211267605633,0.001610305958132,0.0029359953024075,0.0026838432635534,0.0044052863436123,0.0080515297906602,0.9890486290223082,0.61247834392075,0.6062909017049849,0.0185839265337173,0.0,0.990620886353664,False,train/val only,test,170207,1863,0.0109455600860134,1.0
dgraphfin,transductive,gcn,9,prior_ratio_graph,prior_ratio_graph,0.0216539780321961,0.0146395692144689,0.6022653394658062,0.0035211267605633,0.001610305958132,0.0064591896652965,0.0059044551798174,0.0123348017621145,0.0225442834138486,0.9890545042213305,0.8298971749065227,0.8202215385731024,0.0185839265337173,0.0018214936247723,0.990620886353664,False,train/val only,test,170207,1863,0.0109454957786695,1.0
dgraphfin,transductive,sage,9,prior_ratio_graph,prior_ratio_graph,0.0216557399916306,0.0231461776026712,0.7202461385141673,0.028169014084507,0.0128824476650563,0.0281855549031121,0.0257648953301127,0.0273127753303964,0.0499194847020934,0.9889722514350172,0.8479356290704854,0.8426587112311863,0.0185844314631164,0.0182149362477231,0.9905934620447564,False,train/val only,test,170207,1863,0.0109463961502529,1.0
dgraphfin,transductive,gcn,10,prior_ratio_graph,prior_ratio_graph,0.0216539780321961,0.0144603531533645,0.572923490902214,0.022300469483568,0.0101986044015029,0.0275983558426306,0.025228126677402,0.0223201174743024,0.0407944176060118,0.9890545042213305,0.8894251864853006,0.8834765758744193,0.0185839265337173,0.0116959064327485,0.990620886353664,False,train/val only,test,170207,1863,0.0109454957786695,1.0
dgraphfin,transductive,sage,10,prior_ratio_graph,prior_ratio_graph,0.0216559917235286,0.024907873770522,0.7308477275360993,0.0258215962441314,0.0118089103596349,0.0246623605402231,0.0225442834138486,0.0287812041116005,0.0526033279656468,0.9889605010369726,0.8702623035710729,0.8664651452792649,0.0185839265337173,0.0069930069930069,0.990620886353664,False,train/val only,test,170207,1863,0.0109465247868571,1.0
elliptic,strict_inductive,gcn,1,threshold_tta_graph,threshold_tta_graph,0.5100478468899522,0.481679561624901,0.8752629108673735,0.7261904761904762,0.0563250230840258,0.8083832335329342,0.1246537396121883,0.7395209580838323,0.2280701754385964,0.1934013197360528,0.0992063492063491,0.0198907437505769,0.0,0.0,0.5903361344537815,False,train/val only,test,16670,1083,0.5292949354518371,0.492151431209603
elliptic,strict_inductive,sage,1,threshold_tta_graph,threshold_tta_graph,0.567829457364341,0.56803585336822,0.8810975846351586,0.988095238095238,0.0766389658356417,0.9461077844311376,0.1458910433979686,0.8353293413173652,0.2576177285318559,0.1727654469106178,0.0125348189415041,0.00270868614972,0.0,0.0,0.5861344537815126,False,train/val only,test,16670,1083,0.5973496432212029,0.541089566020314
elliptic,strict_inductive,gcn,2,threshold_tta_graph,threshold_tta_graph,0.5266393442622951,0.4935268867717903,0.8742041883163639,0.6785714285714286,0.0526315789473684,0.7904191616766467,0.1218836565096952,0.7904191616766467,0.2437673130193905,0.1919616076784643,0.093214019388516,0.0184547026084877,0.0,0.0,0.5882352941176471,False,train/val only,test,16670,1083,0.5914844649021864,0.4746075715604801
elliptic,strict_inductive,sage,2,threshold_tta_graph,threshold_tta_graph,0.6213106553276638,0.6405174121102664,0.8873239478337448,1.0,0.077562326869806,1.0,0.1542012927054478,0.940119760479042,0.2899353647276085,0.1562687462507498,0.0061837455830388,0.0012900619179769,0.0,0.0,0.5945378151260504,False,train/val only,test,16670,1083,0.6779475982532751,0.5734072022160664
elliptic,strict_inductive,gcn,3,threshold_tta_graph,threshold_tta_graph,0.4673642252117588,0.432777011581731,0.8667883913252283,0.7023809523809523,0.0544783010156971,0.7425149700598802,0.1144967682363804,0.6646706586826348,0.2049861495844875,0.2114577084583083,0.1944444444444444,0.0332126542135334,0.0,0.0,0.5882352941176471,False,train/val only,test,16670,1083,0.5075757575757576,0.433056325023084
elliptic,strict_inductive,sage,3,threshold_tta_graph,threshold_tta_graph,0.614314115308151,0.6446810258958481,0.8874801319209055,0.988095238095238,0.0766389658356417,0.994011976047904,0.1532779316712834,0.9550898203592816,0.2945521698984303,0.1581283743251349,0.007607776838546,0.0004642553575491,0.0,0.0,0.5840336134453782,False,train/val only,test,16670,1083,0.6652314316469322,0.5706371191135734
elliptic,strict_inductive,gcn,4,threshold_tta_graph,threshold_tta_graph,0.481064483111566,0.4511486903745949,0.8708399362799729,0.6904761904761905,0.0535549399815327,0.7604790419161677,0.1172668513388735,0.6616766467065869,0.2040627885503231,0.2079184163167366,0.1785714285714285,0.0311493638163455,0.0,0.0,0.592436974789916,False,train/val only,test,16670,1083,0.539609644087256,0.4339796860572484
elliptic,strict_inductive,sage,4,threshold_tta_graph,threshold_tta_graph,0.6238442822384428,0.646021729826782,0.8941999870740118,1.0,0.077562326869806,0.9880239520958084,0.1523545706371191,0.9730538922155688,0.3000923361034164,0.1524295140971805,0.0180722891566265,0.0028252583943765,0.0,0.0,0.592436974789916,False,train/val only,test,16670,1083,0.6594650205761317,0.5918744228993537
elliptic,strict_inductive,gcn,5,threshold_tta_graph,threshold_tta_graph,0.4943396226415094,0.4696562131563378,0.8740593189117929,0.7976190476190477,0.061865189289012,0.7964071856287425,0.1228070175438596,0.7215568862275449,0.2225300092336103,0.1984403119376124,0.126984126984127,0.0230691871152858,0.0,0.0,0.5882352941176471,False,train/val only,test,16670,1083,0.5053037608486017,0.4838411819021237
elliptic,strict_inductive,sage,5,threshold_tta_graph,threshold_tta_graph,0.5760073260073261,0.5963565204280525,0.8791092809365192,1.0,0.077562326869806,0.9820359281437124,0.1514312096029547,0.8832335329341318,0.2723915050784857,0.1644871025794841,0.0082028337061894,0.0013642025066126,0.0,0.0,0.5903361344537815,False,train/val only,test,16670,1083,0.5712988192552225,0.5807940904893814
elliptic,strict_inductive,gcn,6,threshold_tta_graph,threshold_tta_graph,0.4779033915724563,0.4786862306781212,0.8754373702402877,0.7857142857142857,0.0609418282548476,0.8323353293413174,0.1283471837488458,0.7514970059880239,0.2317636195752539,0.2092381523695261,0.16005291005291,0.0292396224760283,0.0,0.0,0.5903361344537815,False,train/val only,test,16670,1083,0.5388180764774044,0.4293628808864266
elliptic,strict_inductive,sage,6,threshold_tta_graph,threshold_tta_graph,0.5872146118721461,0.6163644243786824,0.8906525971254426,0.988095238095238,0.0766389658356417,0.9820359281437124,0.1514312096029547,0.9041916167664672,0.2788550323176362,0.1598080383923215,0.0301204819277108,0.0039752764587806,0.0,0.0,0.5903361344537815,False,train/val only,test,16670,1083,0.5808491418247516,0.5937211449676824
elliptic,strict_inductive,gcn,7,threshold_tta_graph,threshold_tta_graph,0.4873188405797101,0.448992850773499,0.8676157256553201,0.7261904761904762,0.0563250230840258,0.7784431137724551,0.1200369344413665,0.7005988023952096,0.2160664819944598,0.1986802639472105,0.1193139448173005,0.0221980416186199,0.0,0.0,0.5945378151260504,False,train/val only,test,16670,1083,0.4782222222222222,0.4967682363804247
elliptic,strict_inductive,sage,7,threshold_tta_graph,threshold_tta_graph,0.5848126232741617,0.5988955599647827,0.8804367716284156,0.988095238095238,0.0766389658356417,0.9880239520958084,0.1523545706371191,0.8832335329341318,0.2723915050784857,0.1680863827234553,0.038152610441767,0.0037232975466067,0.0,0.0,0.5945378151260504,False,train/val only,test,16670,1083,0.6275132275132275,0.5475530932594644
elliptic,strict_inductive,gcn,8,threshold_tta_graph,threshold_tta_graph,0.4855004677268475,0.4370640356134435,0.8681197621831437,0.7619047619047619,0.0590951061865189,0.7425149700598802,0.1144967682363804,0.6616766467065869,0.2040627885503231,0.2013197360527894,0.1140939597315436,0.0245465458119171,0.0,0.0,0.592436974789916,False,train/val only,test,16670,1083,0.4919431279620853,0.4792243767313019
elliptic,strict_inductive,sage,8,threshold_tta_graph,threshold_tta_graph,0.5792245093346099,0.5592367001310002,0.885956233741438,0.9523809523809524,0.0738688827331486,0.8562874251497006,0.1320406278855032,0.8023952095808383,0.247460757156048,0.1674265146970605,0.0321285140562249,0.0035575830392852,0.0,0.0,0.5987394957983193,False,train/val only,test,16670,1083,0.6013916500994035,0.5586334256694367
elliptic,strict_inductive,gcn,9,threshold_tta_graph,threshold_tta_graph,0.4809741248097411,0.4655094564194458,0.8742185538165106,0.7976190476190477,0.061865189289012,0.7904191616766467,0.1218836565096952,0.7005988023952096,0.2160664819944598,0.20749850029994,0.1534391534391535,0.0296097358387179,0.0,0.0,0.5882352941176471,False,train/val only,test,16670,1083,0.5337837837837838,0.4376731301939058
elliptic,strict_inductive,sage,9,threshold_tta_graph,threshold_tta_graph,0.6018264840182648,0.622940149376294,0.8951871190809919,1.0,0.077562326869806,0.9880239520958084,0.1523545706371191,0.9041916167664672,0.2788550323176362,0.1540491901619676,0.0050282840980515,0.0005276052545065,0.0,0.0,0.5861344537815126,False,train/val only,test,16670,1083,0.5953026196928636,0.6084949215143121
elliptic,strict_inductive,gcn,10,threshold_tta_graph,threshold_tta_graph,0.5219941348973607,0.5086957549239188,0.876334103264902,0.7857142857142857,0.0609418282548476,0.8323353293413174,0.1283471837488458,0.7994011976047904,0.2465373961218836,0.1904019196160767,0.1111111111111111,0.0156208779525866,0.0,0.0,0.5903361344537815,False,train/val only,test,16670,1083,0.5545171339563862,0.4930747922437673
elliptic,strict_inductive,sage,10,threshold_tta_graph,threshold_tta_graph,0.5978886756238004,0.6209115473432685,0.8928605596881792,1.0,0.077562326869806,0.9880239520958084,0.1523545706371191,0.9101796407185628,0.2807017543859649,0.1606478704259148,0.0070257611241217,0.0008735385521624,0.0,0.0,0.5945378151260504,False,train/val only,test,16670,1083,0.6223776223776224,0.5752539242843951
elliptic,inductive_isolated,gcn,1,threshold_tta_graph,threshold_tta_graph,0.5539853024307518,0.5686123415822131,0.8653480203837265,0.9761904761904762,0.0757156048014773,0.9640718562874252,0.1486611265004616,0.9550898203592816,0.2945521698984303,0.189622075584883,0.1178225205070842,0.0221145717091816,0.0,0.0,0.5882352941176471,False,train/val only,test,16670,1083,0.7142857142857143,0.4524469067405355
elliptic,inductive_isolated,sage,1,threshold_tta_graph,threshold_tta_graph,0.4882408278457196,0.4096704842375303,0.8597253636263522,0.7380952380952381,0.0572483841181902,0.6107784431137725,0.0941828254847645,0.5179640718562875,0.1597414589104339,0.2005998800239952,0.0863453815261043,0.0200884758582584,0.0,0.0,0.592436974789916,False,train/val only,test,16670,1083,0.4976030680728667,0.4792243767313019
elliptic,inductive_isolated,gcn,2,threshold_tta_graph,threshold_tta_graph,0.5783836416747808,0.5706221387042654,0.8760053850780426,0.8571428571428571,0.0664819944598338,0.874251497005988,0.1348107109879963,0.8922155688622755,0.2751615881809787,0.1692861427714457,0.052945563012677,0.0090989104458034,0.0,0.0,0.5882352941176471,False,train/val only,test,16670,1083,0.611740473738414,0.5484764542936288
elliptic,inductive_isolated,sage,2,threshold_tta_graph,threshold_tta_graph,0.5435203094777563,0.5093634052738258,0.8667715970188714,0.9404761904761904,0.0729455216989843,0.7604790419161677,0.1172668513388735,0.6826347305389222,0.2105263157894736,0.1816436712657468,0.0461847389558232,0.0094378097308162,0.0,0.0,0.5903361344537815,False,train/val only,test,16670,1083,0.5705583756345177,0.5189289012003694
elliptic,inductive_isolated,gcn,3,threshold_tta_graph,threshold_tta_graph,0.5194456861868574,0.5073025743058239,0.8659467211145779,0.7619047619047619,0.0590951061865189,0.8383233532934131,0.1292705447830101,0.8383233532934131,0.2585410895660203,0.1849430113977204,0.0566741237882177,0.0124190195082618,0.0,0.0,0.592436974789916,False,train/val only,test,16670,1083,0.5034662045060658,0.5364727608494921
elliptic,inductive_isolated,sage,3,threshold_tta_graph,threshold_tta_graph,0.5566166439290587,0.5195174043407335,0.8720410698097552,0.9404761904761904,0.0729455216989843,0.7604790419161677,0.1172668513388735,0.7215568862275449,0.2225300092336103,0.1715056988602279,0.0200803212851405,0.0027003333106813,0.0,0.0,0.5903361344537815,False,train/val only,test,16670,1083,0.5483870967741935,0.5650969529085873
elliptic,inductive_isolated,gcn,4,threshold_tta_graph,threshold_tta_graph,0.5463274123859817,0.5695107945675797,0.8717358103365371,0.9642857142857144,0.074792243767313,0.9580838323353292,0.1477377654662973,0.9191616766467066,0.283471837488458,0.1800239952009598,0.0611483967188665,0.0100160789947186,0.0,0.0,0.5966386554621849,False,train/val only,test,16670,1083,0.569,0.5253924284395198
elliptic,inductive_isolated,sage,4,threshold_tta_graph,threshold_tta_graph,0.5565610859728507,0.5231032139358937,0.8713728815256173,0.9642857142857144,0.074792243767313,0.8083832335329342,0.1246537396121883,0.718562874251497,0.2216066481994459,0.1710857828434313,0.0562248995983935,0.0059931347895758,0.0,0.0,0.5966386554621849,False,train/val only,test,16670,1083,0.5456965394853593,0.5678670360110804
elliptic,inductive_isolated,gcn,5,threshold_tta_graph,threshold_tta_graph,0.4767263427109974,0.5173518159830944,0.8516340326932718,0.9761904761904762,0.0757156048014773,0.9700598802395208,0.149584487534626,0.940119760479042,0.2899353647276085,0.2094181163767246,0.1349206349206349,0.0312087783920345,0.0,0.0,0.5903361344537815,False,train/val only,test,16670,1083,0.5344036697247706,0.4302862419205909
elliptic,inductive_isolated,sage,5,threshold_tta_graph,threshold_tta_graph,0.5058329444703688,0.4394341512121472,0.8573348259236083,0.7976190476190477,0.061865189289012,0.6467065868263473,0.0997229916897507,0.562874251497006,0.1735918744228993,0.1933413317336532,0.0903614457831325,0.0128791101654283,0.0,0.0,0.5903361344537815,False,train/val only,test,16670,1083,0.5113207547169811,0.5004616805170822
elliptic,inductive_isolated,gcn,6,threshold_tta_graph,threshold_tta_graph,0.5153617443012884,0.5640232881796149,0.8708459786759108,0.9761904761904762,0.0757156048014773,0.9760479041916168,0.1505078485687904,0.9491017964071856,0.2927054478301015,0.1937612477504499,0.1044973544973544,0.0168949465592331,0.0,0.0,0.5945378151260504,False,train/val only,test,16670,1083,0.5561497326203209,0.4801477377654663
elliptic,inductive_isolated,sage,6,threshold_tta_graph,threshold_tta_graph,0.5352237483385024,0.4790914529103473,0.8695284697851472,0.8452380952380952,0.0655586334256694,0.7125748502994012,0.1098799630655586,0.6227544910179641,0.1920590951061865,0.1778644271145771,0.0542168674698795,0.0086555758733513,0.0,0.0,0.6008403361344538,False,train/val only,test,16670,1083,0.514480408858603,0.5577100646352724
elliptic,inductive_isolated,gcn,7,threshold_tta_graph,threshold_tta_graph,0.5395390872119294,0.5704771387663157,0.8727063849938637,0.9642857142857144,0.074792243767313,0.9520958083832336,0.1468144044321329,0.9311377245508982,0.2871652816251154,0.177744451109778,0.0790454884414616,0.0115048408670846,0.0,0.0,0.5987394957983193,False,train/val only,test,16670,1083,0.5283185840707965,0.5512465373961218
elliptic,inductive_isolated,sage,7,threshold_tta_graph,threshold_tta_graph,0.5340453938584779,0.4832341833317303,0.8597428095636437,0.9047619047619048,0.0701754385964912,0.7245508982035929,0.1117266851338873,0.6317365269461078,0.1948291782086796,0.1787042591481703,0.0843373493975903,0.0093719250204721,0.0,0.0,0.5987394957983193,False,train/val only,test,16670,1083,0.5154639175257731,0.554016620498615
elliptic,inductive_isolated,gcn,8,threshold_tta_graph,threshold_tta_graph,0.5498084291187739,0.5674026829237082,0.873066114889287,0.9523809523809524,0.0738688827331486,0.9580838323353292,0.1477377654662973,0.8802395209580839,0.2714681440443213,0.1785242951409718,0.0723340790454884,0.0095269453095598,0.0,0.0,0.5945378151260504,False,train/val only,test,16670,1083,0.5711442786069652,0.5300092336103417
elliptic,inductive_isolated,sage,8,threshold_tta_graph,threshold_tta_graph,0.5123053741838273,0.430174449962092,0.862181716053479,0.6428571428571429,0.0498614958448753,0.592814371257485,0.0914127423822714,0.5299401197604791,0.1634349030470914,0.195740851829634,0.0983935742971887,0.0168944421947968,0.0,0.0,0.6008403361344538,False,train/val only,test,16670,1083,0.5616740088105727,0.4709141274238227
elliptic,inductive_isolated,gcn,9,threshold_tta_graph,threshold_tta_graph,0.5302564102564103,0.5664018538904563,0.873397202643181,0.9523809523809524,0.0738688827331486,0.9640718562874252,0.1486611265004616,0.9131736526946108,0.2816251154201292,0.1907618476304739,0.0965608465608465,0.0181828071901157,0.0,0.0,0.5882352941176471,False,train/val only,test,16670,1083,0.5963091118800461,0.4773776546629732
elliptic,inductive_isolated,sage,9,threshold_tta_graph,threshold_tta_graph,0.5565899069083783,0.5230466225969194,0.8807770118349803,0.9047619047619048,0.0701754385964912,0.7544910179640718,0.1163434903047091,0.7065868263473054,0.2179132040627885,0.1778644271145771,0.0281124497991967,0.0043081070774832,0.0,0.0,0.5882352941176471,False,train/val only,test,16670,1083,0.592901878914405,0.5244690674053555
elliptic,inductive_isolated,gcn,10,threshold_tta_graph,threshold_tta_graph,0.5830687830687831,0.6031915327231392,0.8766627918321735,0.9642857142857144,0.074792243767313,0.9580838323353292,0.1477377654662973,0.9550898203592816,0.2945521698984303,0.1749250149970006,0.0372856077554064,0.0068047402127794,0.0,0.0,0.5903361344537815,False,train/val only,test,16670,1083,0.6827757125154895,0.5087719298245614
elliptic,inductive_isolated,sage,10,threshold_tta_graph,threshold_tta_graph,0.533215234720992,0.4802705003490153,0.8742740313047055,0.9047619047619048,0.0701754385964912,0.7365269461077845,0.113573407202216,0.6467065868263473,0.1994459833795014,0.1786442711457708,0.036144578313253,0.0057090971501083,0.0,0.0,0.592436974789916,False,train/val only,test,16670,1083,0.512340425531915,0.5558633425669437
elliptic,transductive,gcn,1,threshold_tta_graph,threshold_tta_graph,0.5055582406959884,0.482251264241691,0.8746814783562858,0.7380952380952381,0.0572483841181902,0.8263473053892215,0.1274238227146814,0.7574850299401198,0.2336103416435826,0.195740851829634,0.2632275132275132,0.0441290400508969,0.0,0.0,0.5903361344537815,False,train/val only,test,16670,1083,0.5304259634888439,0.4829178208679593
elliptic,transductive,sage,1,threshold_tta_graph,threshold_tta_graph,0.5012267788293026,0.447093399390547,0.8537938041864445,0.9523809523809524,0.0738688827331486,0.7005988023952096,0.1080332409972299,0.5508982035928144,0.1698984302862419,0.1736652669466107,0.1113445378151261,0.0204415754540222,0.0,0.0,0.707983193277311,False,train/val only,test,16670,1083,0.403954802259887,0.6602031394275162
elliptic,transductive,gcn,2,threshold_tta_graph,threshold_tta_graph,0.5332650972364381,0.499095180879988,0.8766894198417235,0.6666666666666666,0.051708217913204,0.7904191616766467,0.1218836565096952,0.7844311377245509,0.2419205909510618,0.1895620875824835,0.1706349206349206,0.0340159870069796,0.0,0.0,0.5882352941176471,False,train/val only,test,16670,1083,0.5981630309988519,0.4810710987996306
elliptic,transductive,sage,2,threshold_tta_graph,threshold_tta_graph,0.5818847209515097,0.5440721956998189,0.871110303878608,0.8928571428571429,0.0692520775623268,0.844311377245509,0.1301939058171745,0.7544910179640718,0.2326869806094182,0.1620875824835033,0.0608622147083685,0.0111923891522765,0.0,0.0,0.5966386554621849,False,train/val only,test,16670,1083,0.5766092475067996,0.5872576177285319
elliptic,transductive,gcn,3,threshold_tta_graph,threshold_tta_graph,0.4700364773319437,0.4398606953682042,0.8676698702620581,0.6785714285714286,0.0526315789473684,0.7425149700598802,0.1144967682363804,0.6706586826347305,0.2068328716528162,0.2126574685062987,0.335978835978836,0.0603191289369015,0.0,0.0,0.5882352941176471,False,train/val only,test,16670,1083,0.5394736842105263,0.4164358264081256
elliptic,transductive,sage,3,threshold_tta_graph,threshold_tta_graph,0.5509554140127388,0.555314980492425,0.8681089510335489,0.988095238095238,0.0766389658356417,0.9520958083832336,0.1468144044321329,0.7604790419161677,0.234533702677747,0.1614877024595081,0.0247349823321554,0.008995314751884,0.0,0.0,0.615546218487395,False,train/val only,test,16670,1083,0.4842547235829251,0.6389658356417359
elliptic,transductive,gcn,4,threshold_tta_graph,threshold_tta_graph,0.4816700610997963,0.4532014874373191,0.871022215224101,0.7023809523809523,0.0544783010156971,0.7664670658682635,0.1181902123730378,0.6766467065868264,0.2086795937211449,0.2074385122975404,0.2989417989417989,0.0585124306582127,0.0,0.0,0.592436974789916,False,train/val only,test,16670,1083,0.5368898978433598,0.4367497691597414
elliptic,transductive,sage,4,threshold_tta_graph,threshold_tta_graph,0.5526729559748429,0.5369115042180055,0.8736427194075419,1.0,0.077562326869806,0.9221556886227544,0.1421975992613111,0.7544910179640718,0.2326869806094182,0.1594481103779244,0.0401606425702811,0.0079170425262441,0.0,0.0,0.6092436974789915,False,train/val only,test,16670,1083,0.4811772758384668,0.6491228070175439
elliptic,transductive,gcn,5,threshold_tta_graph,threshold_tta_graph,0.4938271604938271,0.464669787104384,0.873339977599298,0.7738095238095238,0.0600184672206832,0.7844311377245509,0.1209602954755309,0.7155688622754491,0.2206832871652816,0.1990401919616077,0.2896825396825396,0.0506522680941291,0.0,0.0,0.5903361344537815,False,train/val only,test,16670,1083,0.5083088954056696,0.4801477377654663
elliptic,transductive,sage,5,threshold_tta_graph,threshold_tta_graph,0.5367088607594936,0.4336331027760166,0.8633385386797163,0.8333333333333334,0.064635272391505,0.6407185628742516,0.0987996306555863,0.5089820359281437,0.1569713758079409,0.173125374925015,0.0859788359788359,0.0250875534617645,0.0,0.0,0.6071428571428571,False,train/val only,test,16670,1083,0.4941724941724941,0.5872576177285319
elliptic,transductive,gcn,6,threshold_tta_graph,threshold_tta_graph,0.4761410788381742,0.4718034512507146,0.8755256069927345,0.7857142857142857,0.0609418282548476,0.8203592814371258,0.1265004616805171,0.7455089820359282,0.2299168975069252,0.2103179364127174,0.2896825396825397,0.0536450443596187,0.0,0.0,0.5903361344537815,False,train/val only,test,16670,1083,0.5431952662721894,0.4238227146814404
elliptic,transductive,sage,6,threshold_tta_graph,threshold_tta_graph,0.5667947076397781,0.5631574012144592,0.8699020024085464,0.9761904761904762,0.0757156048014773,0.9461077844311376,0.1458910433979686,0.8173652694610778,0.2520775623268698,0.1614277144571085,0.0305532617671346,0.0066972633817299,0.0,0.0,0.6029411764705882,False,train/val only,test,16670,1083,0.526984126984127,0.6131117266851339
elliptic,transductive,gcn,7,threshold_tta_graph,threshold_tta_graph,0.4852874603893164,0.4512580281102715,0.8679062049541604,0.7380952380952381,0.0572483841181902,0.7844311377245509,0.1209602954755309,0.7035928143712575,0.2169898430286242,0.1994601079784043,0.2129629629629629,0.0500068868555991,0.0,0.0,0.5945378151260504,False,train/val only,test,16670,1083,0.4760213143872113,0.494921514312096
elliptic,transductive,sage,7,threshold_tta_graph,threshold_tta_graph,0.5444983818770226,0.5003291546629858,0.8710303902303699,0.9523809523809524,0.0738688827331486,0.8023952095808383,0.123730378578024,0.6676646706586826,0.2059095106186519,0.1659268146370726,0.0568783068783068,0.0169757442791329,0.0,0.0,0.6050420168067226,False,train/val only,test,16670,1083,0.4845212383009359,0.6214219759926131
elliptic,transductive,gcn,8,threshold_tta_graph,threshold_tta_graph,0.4871447902571042,0.4346027737112781,0.8671162801636257,0.75,0.0581717451523545,0.7245508982035929,0.1117266851338873,0.6586826347305389,0.2031394275161588,0.198500299940012,0.2142857142857143,0.0396147848588976,0.0,0.0,0.5945378151260504,False,train/val only,test,16670,1083,0.4761904761904761,0.4986149584487535
elliptic,transductive,sage,8,threshold_tta_graph,threshold_tta_graph,0.5125673249551167,0.4526179073985875,0.8716851312215871,0.75,0.0581717451523545,0.6766467065868264,0.1043397968605724,0.6137724550898204,0.1892890120036934,0.1880023995200959,0.1033568904593639,0.0260599165315612,0.0,0.0,0.6050420168067226,False,train/val only,test,16670,1083,0.4986899563318777,0.5272391505078485
elliptic,transductive,gcn,9,threshold_tta_graph,threshold_tta_graph,0.4584495259341885,0.4724347516943559,0.8750596908745781,0.8095238095238095,0.0627885503231763,0.8083832335329342,0.1246537396121883,0.7155688622754491,0.2206832871652816,0.219496100779844,0.2923280423280423,0.063957173856936,0.0,0.0,0.5882352941176471,False,train/val only,test,16670,1083,0.5788732394366197,0.3795013850415512
elliptic,transductive,sage,9,threshold_tta_graph,threshold_tta_graph,0.548227535037098,0.5038806709480083,0.8653814312789128,0.9523809523809524,0.0738688827331486,0.8323353293413174,0.1283471837488458,0.6856287425149701,0.211449676823638,0.1660467906418716,0.0502008032128513,0.011973817817863,0.0,0.0,0.6197478991596639,False,train/val only,test,16670,1083,0.4951600893521966,0.6140350877192983
elliptic,transductive,gcn,10,threshold_tta_graph,threshold_tta_graph,0.522671867381765,0.5102768545410091,0.875831932771118,0.7619047619047619,0.0590951061865189,0.8383233532934131,0.1292705447830101,0.8023952095808383,0.247460757156048,0.1899820035992801,0.2142857142857143,0.0397633824881611,0.0,0.0,0.5903361344537815,False,train/val only,test,16670,1083,0.5537190082644629,0.494921514312096
elliptic,transductive,sage,10,threshold_tta_graph,threshold_tta_graph,0.5451263537906137,0.5151870678433143,0.8720586934645742,0.9166666666666666,0.0710987996306555,0.8083832335329342,0.1246537396121883,0.7275449101796407,0.224376731301939,0.1754049190161967,0.1022823330515638,0.0247391527761224,0.0,0.0,0.5966386554621849,False,train/val only,test,16670,1083,0.5330979699911739,0.5577100646352724
dgraphfin,strict_inductive,gcn,1,threshold_tta_graph,threshold_tta_graph,0.0261981559651106,0.0124055140776757,0.5688201667883024,0.0082159624413145,0.0037573805689747,0.0076335877862595,0.0069779924852388,0.0085168869309838,0.0155662909286097,0.5657405394607742,0.0,0.0,0.0220359281437125,0.0018214936247723,0.5776056085562349,False,train/val only,test,170207,1863,0.0133571640086298,0.677938808373591
dgraphfin,strict_inductive,sage,1,threshold_tta_graph,threshold_tta_graph,0.0638808440215142,0.027914514496628,0.7329447263991231,0.0434272300469483,0.0198604401502952,0.0428655314151497,0.0391841116478797,0.0405286343612334,0.074074074074074,0.10117680236418,0.0,0.0,0.0579920260964117,0.0255009107468123,0.106858868997379,False,train/val only,test,170207,1863,0.0377616904715319,0.2071926999463231
dgraphfin,strict_inductive,gcn,2,threshold_tta_graph,threshold_tta_graph,0.023470175556376,0.0101158252743173,0.5022681970197823,0.0035211267605633,0.001610305958132,0.0029359953024075,0.0026838432635534,0.0055800293685756,0.0101986044015029,0.8573031661447531,0.7801191021530004,0.758649702952016,0.0201382532117041,0.0,0.8737278177219223,False,train/val only,test,170207,1863,0.0118837190329861,0.9382716049382716
dgraphfin,strict_inductive,sage,2,threshold_tta_graph,threshold_tta_graph,0.0614545193481226,0.0258534936958973,0.7237534910815364,0.0293427230046948,0.013419216317767,0.0340575455079271,0.0311325818572195,0.0372980910425844,0.0681696188942565,0.1105301192077881,0.0181274681878016,0.0133887939170248,0.055367579206398,0.0276243093922651,0.1145884234374305,False,train/val only,test,170207,1863,0.0354715730150837,0.2297369833601717
dgraphfin,strict_inductive,gcn,3,threshold_tta_graph,threshold_tta_graph,0.0225829763072317,0.0094002675819448,0.4713454199512595,0.0,0.0,0.0,0.0,0.0017621145374449,0.003220611916264,0.8926542386623347,0.1972904782799474,0.16153455030003,0.0193469655028722,0.0,0.9054135585783238,False,train/val only,test,170207,1863,0.0114288699786443,0.9393451422436928
dgraphfin,strict_inductive,sage,3,threshold_tta_graph,threshold_tta_graph,0.0648718780408692,0.0279465111095142,0.7331816766751841,0.0363849765258215,0.0166398282340311,0.0428655314151497,0.0391841116478797,0.0399412628487518,0.0730005367686527,0.1167225789773628,0.0,0.0,0.0567129629629629,0.023391812865497,0.1210963528941406,False,train/val only,test,170207,1863,0.0368949232585596,0.2683843263553409
dgraphfin,strict_inductive,gcn,4,threshold_tta_graph,threshold_tta_graph,0.0289992618369714,0.014175335267758,0.6159317810737919,0.0129107981220657,0.0059044551798174,0.01174398120963,0.0107353730542136,0.0143906020558002,0.0263016639828234,0.3489868219285928,0.2316805616498464,0.2223622273615889,0.0247432683755154,0.007366482504604,0.3514973672663449,False,train/val only,test,170207,1863,0.0149904606159716,0.4428341384863124
dgraphfin,strict_inductive,sage,4,threshold_tta_graph,threshold_tta_graph,0.0476278043398308,0.0228606717799804,0.7291494885010268,0.022300469483568,0.0101986044015029,0.0240751614797416,0.0220075147611379,0.0261380323054331,0.0477724100912506,0.1533191936876861,0.0156318560772268,0.0145346262117286,0.043601130399677,0.0145719489981785,0.156456843321043,False,train/val only,test,170207,1863,0.0260445472371662,0.2780461621041331
dgraphfin,strict_inductive,gcn,5,threshold_tta_graph,threshold_tta_graph,0.0221536664635384,0.0103075248707999,0.4867603947559363,0.0058685446009389,0.0026838432635534,0.004697592483852,0.0042941492216854,0.0067547723935389,0.0123456790123456,0.907824002538086,0.0,0.0,0.0191520080143787,0.0023310023310023,0.91479267222466,False,train/val only,test,170207,1863,0.0112093940503491,0.9366612989801396
dgraphfin,strict_inductive,sage,5,threshold_tta_graph,threshold_tta_graph,0.0520470102027637,0.0237047320531338,0.7291617483705183,0.0246478873239436,0.0112721417069243,0.0252495596007046,0.0230810520665593,0.0255506607929515,0.0466988727858293,0.1973361847632588,0.0,0.0,0.0446304044630404,0.0127504553734061,0.2078214129003949,False,train/val only,test,170207,1863,0.027689030883919,0.4326355340848094
dgraphfin,strict_inductive,gcn,6,threshold_tta_graph,threshold_tta_graph,0.0216539780321961,0.0086874184437913,0.4275147252989552,0.0011737089201877,0.0005367686527106,0.001174398120963,0.0010735373054213,0.0020558002936857,0.0037573805689747,0.9890545042213305,0.606392430367376,0.6002700628827531,0.0185839265337173,0.0,0.990620886353664,False,train/val only,test,170207,1863,0.0109454957786695,1.0
dgraphfin,strict_inductive,sage,6,threshold_tta_graph,threshold_tta_graph,0.0532564323433579,0.0240303179020403,0.726154826457769,0.0269953051643192,0.0123456790123456,0.0328831473869641,0.0300590445517981,0.0290748898678414,0.0531400966183574,0.175592073181479,0.0,0.0,0.0478048780487804,0.0175438596491228,0.1819877139096094,False,train/val only,test,170207,1863,0.0286254931959094,0.3816425120772946
dgraphfin,strict_inductive,gcn,7,threshold_tta_graph,threshold_tta_graph,0.0256089541076195,0.0121304508028999,0.569830493226953,0.0058685446009389,0.0026838432635534,0.0064591896652965,0.0059044551798174,0.0085168869309838,0.0155662909286097,0.4644051067229902,0.3174331295186122,0.3071469734534646,0.020566811532105,0.0,0.4693979167081599,False,train/val only,test,170207,1863,0.0131196490857203,0.533011272141707
dgraphfin,strict_inductive,sage,7,threshold_tta_graph,threshold_tta_graph,0.0487069777454858,0.0205414712956222,0.7187158851993091,0.0129107981220657,0.0059044551798174,0.0158543746330005,0.0144927536231884,0.0173274596182085,0.0316693505099302,0.2302079232934015,0.0891838525669153,0.0743455215637065,0.0441546556851979,0.0116550116550116,0.2455024133391838,False,train/val only,test,170207,1863,0.0256388463935633,0.4857756307031669
dgraphfin,strict_inductive,gcn,8,threshold_tta_graph,threshold_tta_graph,0.0217555752326556,0.0101215768283299,0.4865570531025996,0.0011737089201877,0.0005367686527106,0.001174398120963,0.0010735373054213,0.0020558002936857,0.0037573805689747,0.9802945824789816,0.5962862600506419,0.5888358729571468,0.0187470793589708,0.0,0.9823338445298652,False,train/val only,test,170207,1863,0.0109979367752033,0.9957058507783144
dgraphfin,strict_inductive,sage,8,threshold_tta_graph,threshold_tta_graph,0.021638025254052,0.0074055799377374,0.3270841430586538,0.0023474178403755,0.0010735373054213,0.0029359953024075,0.0026838432635534,0.0044052863436123,0.0080515297906602,0.9887842450663016,0.6040824485806939,0.5975283732427102,0.0185396618278693,0.0,0.99023694602896,False,train/val only,test,170207,1863,0.0109374724506168,0.9989264626945786
dgraphfin,strict_inductive,gcn,9,threshold_tta_graph,threshold_tta_graph,0.0309356774575268,0.0146457734493615,0.6023535132762047,0.0035211267605633,0.001610305958132,0.0064591896652965,0.0059044551798174,0.0123348017621145,0.0225442834138486,0.1698990053288055,0.0,0.0,0.0293879751954704,0.0018214936247723,0.1779760600689119,False,train/val only,test,170207,1863,0.0167897609982109,0.1964573268921095
dgraphfin,strict_inductive,sage,9,threshold_tta_graph,threshold_tta_graph,0.0476394237626586,0.022999765001212,0.7204263697555212,0.0293427230046948,0.013419216317767,0.0287727539635936,0.0263016639828234,0.0276064610866372,0.050456253354804,0.1496941958908858,0.0,0.0,0.0424369747899159,0.0127504553734061,0.152947447914353,False,train/val only,test,170207,1863,0.0261345852895148,0.2689210950080515
dgraphfin,strict_inductive,gcn,10,threshold_tta_graph,threshold_tta_graph,0.032282991328239,0.0144974566077533,0.5735070830096664,0.0234741784037558,0.0107353730542136,0.0281855549031121,0.0257648953301127,0.0223201174743024,0.0407944176060118,0.1055832016309552,0.0,0.0,0.0268741159830268,0.0116959064327485,0.1120689655172413,False,train/val only,test,170207,1863,0.0192150449713818,0.1009125067096081
dgraphfin,strict_inductive,sage,10,threshold_tta_graph,threshold_tta_graph,0.0507225007372456,0.0237878505748987,0.7281958555889024,0.0258215962441314,0.0118089103596349,0.0234879624192601,0.0214707461084272,0.0276064610866372,0.050456253354804,0.1282379690612019,0.0,0.0,0.0461336828309305,0.0069930069930069,0.1310692550308738,False,train/val only,test,170207,1863,0.0284919162470182,0.2308105206655931
dgraphfin,inductive_isolated,gcn,1,threshold_tta_graph,threshold_tta_graph,0.0286860385480872,0.0135745812837729,0.6036546983429298,0.0058685446009389,0.0026838432635534,0.0099823840281855,0.0091250670960815,0.0117474302496328,0.0214707461084272,0.592607824590058,0.0,0.0,0.0243913177475454,0.0054644808743169,0.6148255813953488,False,train/val only,test,170207,1863,0.0146093057091891,0.7869028448738594
dgraphfin,inductive_isolated,sage,1,threshold_tta_graph,threshold_tta_graph,0.041684296303261,0.0206581228610096,0.7100041478853119,0.0199530516431924,0.0091250670960815,0.0211391661773341,0.0193236714975845,0.0176211453744493,0.0322061191626409,0.3718119701304881,0.0,0.0,0.0368202017352049,0.0182149362477231,0.3833644142167617,False,train/val only,test,170207,1863,0.0214689265536723,0.7139023081052066
dgraphfin,inductive_isolated,gcn,2,threshold_tta_graph,threshold_tta_graph,0.0252138539330114,0.0108106103201065,0.5381999342832733,0.0023474178403755,0.0010735373054213,0.0017615971814445,0.001610305958132,0.0017621145374449,0.003220611916264,0.7580123026667528,0.6810531976338903,0.6592615347898522,0.0222723529201131,0.0,0.7746619132028122,False,train/val only,test,170207,1863,0.0127880788572486,0.8899624261943102
dgraphfin,inductive_isolated,sage,2,threshold_tta_graph,threshold_tta_graph,0.0416035008205048,0.0200443338323521,0.7050032036362218,0.0199530516431924,0.0091250670960815,0.0199647680563711,0.0182501341921631,0.0226138032305433,0.0413311862587224,0.372787253168201,0.2931384379113647,0.2760381699699839,0.0372358970783069,0.0139860139860139,0.3868747257569109,False,train/val only,test,170207,1863,0.0214255819194488,0.7144390767579173
dgraphfin,inductive_isolated,gcn,3,threshold_tta_graph,threshold_tta_graph,0.0216980856349554,0.0079247271589224,0.3762798251536632,0.0023474178403755,0.0010735373054213,0.003523194362889,0.003220611916264,0.0035242290748898,0.0064412238325281,0.9834554395530148,0.2778905221588416,0.2512602142972185,0.0185660459782668,0.0023310023310023,0.986013602457218,False,train/val only,test,170207,1863,0.0109684892324421,0.9962426194310252
dgraphfin,inductive_isolated,sage,3,threshold_tta_graph,threshold_tta_graph,0.0251928853289357,0.0181167086995099,0.6730038171207289,0.0082159624413145,0.0037573805689747,0.0099823840281855,0.0091250670960815,0.0126284875183553,0.0230810520665593,0.781507223557198,0.0933797718297498,0.0504267363014288,0.0218689206413094,0.0069930069930069,0.8015028521281263,False,train/val only,test,170207,1863,0.0127716113429226,0.9184111647879764
dgraphfin,inductive_isolated,gcn,4,threshold_tta_graph,threshold_tta_graph,0.0327919911012235,0.015917088523135,0.6520176196357284,0.0199530516431924,0.0091250670960815,0.0158543746330005,0.0144927536231884,0.0155653450807635,0.0284487385936661,0.5200021150716481,0.3218745643211377,0.3026549003291632,0.029722250691811,0.012891344383057,0.5249561211057482,False,train/val only,test,170207,1863,0.016742960346218,0.7911969940955448
dgraphfin,inductive_isolated,sage,4,threshold_tta_graph,threshold_tta_graph,0.0406263982102908,0.0175976178721989,0.6825000298445718,0.0093896713615023,0.0042941492216854,0.0123311802701115,0.0112721417069243,0.0161527165932452,0.0295222758990874,0.3897019511535953,0.1852655898344918,0.1729619304209651,0.0362735912193816,0.0109289617486338,0.4026985519964897,False,train/val only,test,170207,1863,0.0208937364812002,0.7310789049919485
dgraphfin,inductive_isolated,gcn,5,threshold_tta_graph,threshold_tta_graph,0.0215864478407549,0.0082168269456016,0.3765554936599544,0.0011737089201877,0.0005367686527106,0.0005871990604815,0.0005367686527106,0.0035242290748898,0.0064412238325281,0.9591262404013936,0.0,0.0,0.0187587756248244,0.0,0.9611289987536352,False,train/val only,test,170207,1863,0.0109152941604997,0.9651100375738056
dgraphfin,inductive_isolated,sage,5,threshold_tta_graph,threshold_tta_graph,0.0408613367111243,0.0181759700067814,0.6883377938851738,0.0164319248826291,0.0075147611379495,0.0193775689958896,0.0177133655394524,0.019676945668135,0.0359634997316156,0.3897078263526177,0.0,0.0,0.0365345869711215,0.0116550116550116,0.4011079420798596,False,train/val only,test,170207,1863,0.0210140706906593,0.7359098228663447
dgraphfin,inductive_isolated,gcn,6,threshold_tta_graph,threshold_tta_graph,0.021667035153659,0.0084318875507683,0.4163617610021695,0.0011737089201877,0.0005367686527106,0.0005871990604815,0.0005367686527106,0.0005873715124816,0.0010735373054213,0.9879382164070808,0.6050375372040336,0.5991511076887508,0.0186011095398672,0.0,0.9896884598508118,False,train/val only,test,170207,1863,0.0109522325026027,0.9994632313472892
dgraphfin,inductive_isolated,sage,6,threshold_tta_graph,threshold_tta_graph,0.0430597771023302,0.0189247226626229,0.7029296898365892,0.0176056338028169,0.0080515297906602,0.0146799765120375,0.013419216317767,0.0170337738619676,0.0311325818572195,0.3467659966981381,0.0,0.0,0.0377955127239873,0.0093240093240093,0.3604651162790697,False,train/val only,test,170207,1863,0.0222291960876614,0.6843800322061192
dgraphfin,inductive_isolated,gcn,7,threshold_tta_graph,threshold_tta_graph,0.0364175448773727,0.0179647666815936,0.6817005492472549,0.0258215962441314,0.0118089103596349,0.0217263652378156,0.0198604401502952,0.0187958883994126,0.0343531937734836,0.2061666088938762,0.0577555945590171,0.0501290004252441,0.0309946463792617,0.0147329650092081,0.2140741553312856,False,train/val only,test,170207,1863,0.0193718713570595,0.3032742887815352
dgraphfin,inductive_isolated,sage,7,threshold_tta_graph,threshold_tta_graph,0.04233801851217,0.0178925430135819,0.696467370738377,0.0070422535211267,0.003220611916264,0.014092777451556,0.0128824476650563,0.0143906020558002,0.0263016639828234,0.3430058693238233,0.2008830627468187,0.1868329530330887,0.0367854689765702,0.0087719298245614,0.3572016235190873,False,train/val only,test,170207,1863,0.0218673088159781,0.6629092860976918
dgraphfin,inductive_isolated,gcn,8,threshold_tta_graph,threshold_tta_graph,0.0239633840849842,0.0105264160712298,0.518146478510161,0.0011737089201877,0.0005367686527106,0.0005871990604815,0.0005367686527106,0.0005873715124816,0.0010735373054213,0.6859236106623112,0.3211575613933757,0.2916272237465963,0.0226836794262363,0.0,0.7128204106833437,False,train/val only,test,170207,1863,0.012174288179465,0.7573805689747719
dgraphfin,inductive_isolated,sage,8,threshold_tta_graph,threshold_tta_graph,0.0216636723587587,0.0074472581194795,0.3266974486003138,0.0,0.0,0.0029359953024075,0.0026838432635534,0.0052863436123348,0.0096618357487922,0.9886021138966082,0.6039047576740261,0.5973547247673414,0.0185925140667047,0.0,0.9901546731022378,False,train/val only,test,170207,1863,0.0109504496561453,1.0
dgraphfin,inductive_isolated,gcn,9,threshold_tta_graph,threshold_tta_graph,0.0270515267175572,0.0126650824374719,0.5699705108209657,0.0011737089201877,0.0005367686527106,0.0017615971814445,0.001610305958132,0.0049926578560939,0.0091250670960815,0.2700828990582056,0.0,0.0,0.0268249780123131,0.0,0.2931346969666792,False,train/val only,test,170207,1863,0.0141548293681503,0.3043478260869565
dgraphfin,inductive_isolated,sage,9,threshold_tta_graph,threshold_tta_graph,0.0431501286043048,0.0185316209560952,0.6914215336849943,0.0152582159624413,0.0069779924852388,0.0146799765120375,0.013419216317767,0.0161527165932452,0.0295222758990874,0.3460374720193646,0.0,0.0,0.0385749943272067,0.0046620046620046,0.3581340500219394,False,train/val only,test,170207,1863,0.0222773574685932,0.6843800322061192
dgraphfin,inductive_isolated,gcn,10,threshold_tta_graph,threshold_tta_graph,0.0226310552704996,0.0101485902235179,0.4760659926231871,0.0105633802816901,0.0048309178743961,0.01174398120963,0.0107353730542136,0.0108663729809104,0.0198604401502952,0.8858801341895457,0.0,0.0,0.0195471674990042,0.0058479532163742,0.8899044453676777,False,train/val only,test,170207,1863,0.0114543012876214,0.9339774557165862
dgraphfin,inductive_isolated,sage,10,threshold_tta_graph,threshold_tta_graph,0.0428306334319674,0.0194218491952988,0.7026363058985959,0.022300469483568,0.0101986044015029,0.0211391661773341,0.0193236714975845,0.0190895741556534,0.0348899624261943,0.3500619833496859,0.0,0.0,0.0386545808674807,0.0023310023310023,0.3611507240017551,False,train/val only,test,170207,1863,0.0221037374469406,0.6876006441223832
dgraphfin,transductive,gcn,1,threshold_tta_graph,threshold_tta_graph,0.0262057660984946,0.0124146286913797,0.5690477603447216,0.0082159624413145,0.0037573805689747,0.0076335877862595,0.0069779924852388,0.0085168869309838,0.0155662909286097,0.5655760338881479,0.0,0.0,0.0220317064993534,0.0018214936247723,0.5774263578242944,False,train/val only,test,170207,1863,0.0133611205145565,0.677938808373591
dgraphfin,transductive,sage,1,threshold_tta_graph,threshold_tta_graph,0.0654681647940074,0.0285081527587063,0.7343435009835572,0.0469483568075117,0.0214707461084272,0.0440399295361127,0.0402576489533011,0.0414096916299559,0.0756843800322061,0.1068111182266299,0.0,0.0,0.0591069707677481,0.0255009107468123,0.1118342143840789,False,train/val only,test,170207,1863,0.0380430051362409,0.2345679012345679
dgraphfin,transductive,gcn,2,threshold_tta_graph,threshold_tta_graph,0.0234836024302641,0.0101177409987025,0.5023405956144957,0.0035211267605633,0.001610305958132,0.0029359953024075,0.0026838432635534,0.0055800293685756,0.0101986044015029,0.8572679149506189,0.7383536816108667,0.7176453729266891,0.0201414319989897,0.0,0.873707900973929,False,train/val only,test,170207,1863,0.0118905174992521,0.9388083735909822
dgraphfin,transductive,sage,2,threshold_tta_graph,threshold_tta_graph,0.0641648077680094,0.0263419609614635,0.7266004735109146,0.0293427230046948,0.013419216317767,0.0328831473869641,0.0300590445517981,0.0390602055800293,0.0713902308105206,0.1160939326819696,0.0,0.0,0.0580281690140845,0.0276243093922651,0.1202967438141353,False,train/val only,test,170207,1863,0.0365498168771956,0.2624798711755233
dgraphfin,transductive,gcn,3,threshold_tta_graph,threshold_tta_graph,0.022598723973652,0.0093943409126611,0.4710628817729737,0.0,0.0,0.0,0.0,0.0017621145374449,0.003220611916264,0.8910503093292286,0.1955353225098727,0.1596732473393708,0.0193219429287056,0.0,0.9039326458973234,False,train/val only,test,170207,1863,0.0114370959721531,0.9382716049382716
dgraphfin,transductive,sage,3,threshold_tta_graph,threshold_tta_graph,0.0661637397971803,0.0285042258863174,0.7329574709240535,0.0422535211267605,0.0193236714975845,0.0416911332941867,0.0381105743424584,0.0408223201174743,0.0746108427267847,0.1199363128425975,0.0,0.0,0.060327868852459,0.0263157894736842,0.1236728710408244,False,train/val only,test,170207,1863,0.0373890558389824,0.2871712292002147
dgraphfin,transductive,gcn,4,threshold_tta_graph,threshold_tta_graph,0.028998865570051,0.0141791792025952,0.6159952773133376,0.0129107981220657,0.0059044551798174,0.01174398120963,0.0107353730542136,0.0143906020558002,0.0263016639828234,0.3464017343587514,0.2296785870996051,0.2205192000474969,0.0249388753056234,0.007366482504604,0.348904237640216,False,train/val only,test,170207,1863,0.0149945924147159,0.4390767579173376
dgraphfin,transductive,sage,4,threshold_tta_graph,threshold_tta_graph,0.0458540783084393,0.023359769202803,0.7303226974294309,0.0234741784037558,0.0107353730542136,0.0270111567821491,0.0246913580246913,0.0255506607929515,0.0466988727858293,0.1262169005975077,0.0,0.0,0.0444743935309973,0.0145719489981785,0.1298254186841988,False,train/val only,test,170207,1863,0.0258919894488407,0.2002147074610842
dgraphfin,transductive,gcn,5,threshold_tta_graph,threshold_tta_graph,0.0221601016518424,0.0102977020167087,0.4864972954058312,0.0046948356807511,0.0021470746108427,0.004697592483852,0.0042941492216854,0.006461086637298,0.0118089103596349,0.9070602266651784,0.0,0.0,0.0191729101527933,0.0023310023310023,0.9137779727950855,False,train/val only,test,170207,1863,0.0112127660942412,0.9361245303274288
dgraphfin,transductive,sage,5,threshold_tta_graph,threshold_tta_graph,0.0553462081959491,0.0241054315230427,0.7293806898707957,0.0246478873239436,0.0112721417069243,0.0258367586611861,0.0236178207192699,0.0249632892804698,0.0456253354804079,0.1686064615438848,0.0,0.0,0.0487392113724826,0.0184162062615101,0.1758720930232558,False,train/val only,test,170207,1863,0.0298564350146105,0.3784219001610306
dgraphfin,transductive,gcn,6,threshold_tta_graph,threshold_tta_graph,0.0216539780321961,0.0086784894099883,0.4270520068956775,0.0011737089201877,0.0005367686527106,0.001174398120963,0.0010735373054213,0.0020558002936857,0.0037573805689747,0.9890545042213305,0.6065701212740437,0.600357708291811,0.0185839265337173,0.0,0.990620886353664,False,train/val only,test,170207,1863,0.0109454957786695,1.0
dgraphfin,transductive,sage,6,threshold_tta_graph,threshold_tta_graph,0.0545202075568223,0.0247038593199773,0.7282415423353286,0.0269953051643192,0.0123456790123456,0.0287727539635936,0.0263016639828234,0.029662261380323,0.0542136339237788,0.1782652887366559,0.0,0.0,0.0487881157154026,0.0204678362573099,0.1872257569109258,False,train/val only,test,170207,1863,0.0292514606124769,0.4004294149221685
dgraphfin,transductive,gcn,7,threshold_tta_graph,threshold_tta_graph,0.0256168818605131,0.0121317688242283,0.5698555199410332,0.0058685446009389,0.0026838432635534,0.0064591896652965,0.0059044551798174,0.0085168869309838,0.0155662909286097,0.4642641019464534,0.3171542950467048,0.3068287980068372,0.020578147966683,0.0,0.469198749228226,False,train/val only,test,170207,1863,0.0131238105307676,0.533011272141707
dgraphfin,transductive,sage,7,threshold_tta_graph,threshold_tta_graph,0.0482357712586183,0.0205544492244505,0.7183105633917963,0.0129107981220657,0.0059044551798174,0.0146799765120375,0.013419216317767,0.0167400881057268,0.0305958132045088,0.2296321537892096,0.0892935498025449,0.0736750424830763,0.0436920965343703,0.0109289617486338,0.2458589293549802,False,train/val only,test,170207,1863,0.0253971869483514,0.4787976382179281
dgraphfin,transductive,gcn,8,threshold_tta_graph,threshold_tta_graph,0.0217581270416571,0.010088270132455,0.4853475970489994,0.0011737089201877,0.0005367686527106,0.001174398120963,0.0010735373054213,0.0017621145374449,0.003220611916264,0.9801770784985342,0.6042379281240282,0.5972128619057824,0.0187491408934707,0.0,0.9821944272939116,False,train/val only,test,170207,1863,0.0109992410227218,0.9957058507783144
dgraphfin,transductive,sage,8,threshold_tta_graph,threshold_tta_graph,0.021638025254052,0.0074261056755623,0.3290008309672582,0.0035211267605633,0.001610305958132,0.0029359953024075,0.0026838432635534,0.0044052863436123,0.0080515297906602,0.9887842450663016,0.6121007507440808,0.6060232482307861,0.0185396618278693,0.0,0.99023694602896,False,train/val only,test,170207,1863,0.0109374724506168,0.9989264626945786
dgraphfin,transductive,gcn,9,threshold_tta_graph,threshold_tta_graph,0.0308733347430746,0.0146395692144689,0.6022653394658062,0.0035211267605633,0.001610305958132,0.0064591896652965,0.0059044551798174,0.0123348017621145,0.0225442834138486,0.1698343781395594,0.0,0.0,0.0294038305907742,0.0018214936247723,0.1778963930769383,False,train/val only,test,170207,1863,0.0167569552841795,0.1959205582393988
dgraphfin,transductive,sage,9,threshold_tta_graph,threshold_tta_graph,0.0484551250613045,0.0231461776026712,0.7202461385141673,0.028169014084507,0.0128824476650563,0.0281855549031121,0.0257648953301127,0.0273127753303964,0.0499194847020934,0.1461632012784433,0.0,0.0,0.0454642933733647,0.0182149362477231,0.1505930434010039,False,train/val only,test,170207,1863,0.0266637879851028,0.2651637144390767
dgraphfin,transductive,gcn,10,threshold_tta_graph,threshold_tta_graph,0.0318718235851494,0.0144603531533645,0.572923490902214,0.022300469483568,0.0101986044015029,0.0275983558426306,0.025228126677402,0.0223201174743024,0.0407944176060118,0.1054656976505079,0.0,0.0,0.026950354609929,0.0116959064327485,0.1118612380556709,False,train/val only,test,170207,1863,0.0189821465216499,0.0993022007514761
dgraphfin,transductive,sage,10,threshold_tta_graph,threshold_tta_graph,0.0559562297935836,0.024907873770522,0.7308477275360993,0.0258215962441314,0.0118089103596349,0.0246623605402231,0.0225442834138486,0.0287812041116005,0.0526033279656468,0.1224156468300363,0.0,0.0,0.0513109670143783,0.0069930069930069,0.1256941051041712,False,train/val only,test,170207,1863,0.031643344349905,0.2415458937198067
elliptic,strict_inductive,gcn,1,tpc_tta_graph,tpc_tta_graph,0.4575960951799878,0.4816810104146862,0.8752808307180718,0.7261904761904762,0.0563250230840258,0.8083832335329342,0.1246537396121883,0.7395209580838323,0.2280701754385964,0.2232153569286142,0.2229679343773303,0.0459840190267037,0.0,0.0,0.5882352941176471,False,train/val only,test,16670,1083,0.6744604316546763,0.3462603878116344
elliptic,strict_inductive,sage,1,tpc_tta_graph,tpc_tta_graph,0.5571725571725572,0.56803585336822,0.8810975846351586,0.988095238095238,0.0766389658356417,0.9461077844311376,0.1458910433979686,0.8353293413173652,0.2576177285318559,0.182363527294541,0.0496750232126276,0.0101037010832645,0.0,0.0,0.5945378151260504,False,train/val only,test,16670,1083,0.6373365041617123,0.494921514312096
elliptic,strict_inductive,gcn,2,tpc_tta_graph,tpc_tta_graph,0.4591391141609482,0.4935263741909961,0.8741762866645328,0.6785714285714286,0.0526315789473684,0.7904191616766467,0.1218836565096952,0.7904191616766467,0.2437673130193905,0.2235752849430114,0.2356450410141685,0.0464428319123083,0.0,0.0,0.5882352941176471,False,train/val only,test,16670,1083,0.7076923076923077,0.3397968605724838
elliptic,strict_inductive,sage,2,tpc_tta_graph,tpc_tta_graph,0.6023958927552767,0.6405174121102664,0.8873239478337448,1.0,0.077562326869806,1.0,0.1542012927054478,0.940119760479042,0.2899353647276085,0.1749850029994001,0.0856890459363957,0.0165107464815716,0.0,0.0,0.592436974789916,False,train/val only,test,16670,1083,0.7880597014925373,0.4875346260387811
elliptic,strict_inductive,gcn,3,tpc_tta_graph,tpc_tta_graph,0.3584656084656085,0.432769782078392,0.8666790061869988,0.7023809523809523,0.0544783010156971,0.7425149700598802,0.1144967682363804,0.6646706586826348,0.2049861495844875,0.2530293941211757,0.2870991797166293,0.0703996299060216,0.0,0.0,0.6203703703703703,False,train/val only,test,16670,1083,0.6317016317016317,0.2502308402585411
elliptic,strict_inductive,sage,3,tpc_tta_graph,tpc_tta_graph,0.6228020419739082,0.6446810258958481,0.8874801319209055,0.988095238095238,0.0766389658356417,0.994011976047904,0.1532779316712834,0.9550898203592816,0.2945521698984303,0.1680263947210558,0.0521201413427561,0.0077200666842793,0.0,0.0,0.5903361344537815,False,train/val only,test,16670,1083,0.8073529411764706,0.5069252077562327
elliptic,strict_inductive,gcn,4,tpc_tta_graph,tpc_tta_graph,0.3951406649616368,0.4511469583508604,0.8707889609691435,0.6904761904761905,0.0535549399815327,0.7604790419161677,0.1172668513388735,0.6616766467065869,0.2040627885503231,0.2424715056988602,0.244593586875466,0.0602495481406047,0.0,0.0,0.6177248677248677,False,train/val only,test,16670,1083,0.6424116424116424,0.2853185595567867
elliptic,strict_inductive,sage,4,tpc_tta_graph,tpc_tta_graph,0.620021528525296,0.646021729826782,0.8941999870740118,1.0,0.077562326869806,0.9880239520958084,0.1523545706371191,0.9730538922155688,0.3000923361034164,0.1640071985602879,0.060280759702725,0.0118444214817513,0.0,0.0,0.592436974789916,False,train/val only,test,16670,1083,0.743225806451613,0.5318559556786704
elliptic,strict_inductive,gcn,5,tpc_tta_graph,tpc_tta_graph,0.4300677757239679,0.4696522678136782,0.873968979168603,0.7976190476190477,0.061865189289012,0.7964071856287425,0.1228070175438596,0.7215568862275449,0.2225300092336103,0.2316136772645471,0.2102908277404921,0.051083318236781,0.0,0.0,0.5882352941176471,False,train/val only,test,16670,1083,0.6462962962962963,0.322253000923361
elliptic,strict_inductive,sage,5,tpc_tta_graph,tpc_tta_graph,0.5806117159149818,0.5963565204280525,0.8791092809365192,1.0,0.077562326869806,0.9820359281437124,0.1514312096029547,0.8832335329341318,0.2723915050784857,0.1740251949610078,0.0644876325088338,0.008239671241222,0.0,0.0,0.592436974789916,False,train/val only,test,16670,1083,0.6619385342789598,0.5170821791320406
elliptic,strict_inductive,gcn,6,tpc_tta_graph,tpc_tta_graph,0.4432166973603437,0.47867241820764,0.8752533733600597,0.7857142857142857,0.0609418282548476,0.8323353293413174,0.1283471837488458,0.7514970059880239,0.2317636195752539,0.2276544691061787,0.2005965697240865,0.0451273548174173,0.0,0.0,0.5882352941176471,False,train/val only,test,16670,1083,0.6611721611721612,0.3333333333333333
elliptic,strict_inductive,sage,6,tpc_tta_graph,tpc_tta_graph,0.6044125192406362,0.6163644243786824,0.8906525971254426,0.988095238095238,0.0766389658356417,0.9820359281437124,0.1514312096029547,0.9041916167664672,0.2788550323176362,0.1647870425914817,0.0371024734982332,0.0077998064982091,0.0,0.0,0.5945378151260504,False,train/val only,test,16670,1083,0.6801385681293303,0.543859649122807
elliptic,strict_inductive,gcn,7,tpc_tta_graph,tpc_tta_graph,0.4503605102606766,0.4489936330030597,0.8676102460315528,0.7261904761904762,0.0563250230840258,0.7784431137724551,0.1200369344413665,0.7005988023952096,0.2160664819944598,0.2218956208758248,0.226696495152871,0.0404991644041563,0.0,0.0,0.5882352941176471,False,train/val only,test,16670,1083,0.5638888888888889,0.3748845798707294
elliptic,strict_inductive,sage,7,tpc_tta_graph,tpc_tta_graph,0.5750262329485835,0.5988955599647827,0.8804367716284156,0.988095238095238,0.0766389658356417,0.9880239520958084,0.1523545706371191,0.8832335329341318,0.2723915050784857,0.1769646070785842,0.0503533568904593,0.0103919284297456,0.0,0.0,0.592436974789916,False,train/val only,test,16670,1083,0.6658566221142163,0.5060018467220684
elliptic,strict_inductive,gcn,8,tpc_tta_graph,tpc_tta_graph,0.4182553437319469,0.4370588107803391,0.8680368569565245,0.7619047619047619,0.0590951061865189,0.7425149700598802,0.1144967682363804,0.6616766467065869,0.2040627885503231,0.2334133173365327,0.2304250559284116,0.0516841209084882,0.0,0.0,0.5882352941176471,False,train/val only,test,16670,1083,0.558641975308642,0.3342566943674976
elliptic,strict_inductive,sage,8,tpc_tta_graph,tpc_tta_graph,0.5705394190871369,0.5592367001310002,0.885956233741438,0.9523809523809524,0.0738688827331486,0.8562874251497006,0.1320406278855032,0.8023952095808383,0.247460757156048,0.1775644871025795,0.0562248995983936,0.0126282335542163,0.0,0.0,0.5945378151260504,False,train/val only,test,16670,1083,0.650887573964497,0.5078485687903971
elliptic,strict_inductive,gcn,9,tpc_tta_graph,tpc_tta_graph,0.3948553054662379,0.46550796175937,0.8741708366603536,0.7976190476190477,0.061865189289012,0.7904191616766467,0.1218836565096952,0.7005988023952096,0.2160664819944598,0.2426514697060587,0.2550335570469798,0.0588197464312172,0.0,0.0,0.5882352941176471,False,train/val only,test,16670,1083,0.6504237288135594,0.283471837488458
elliptic,strict_inductive,sage,9,tpc_tta_graph,tpc_tta_graph,0.6015424164524421,0.622940149376294,0.8951871190809919,1.0,0.077562326869806,0.9880239520958084,0.1523545706371191,0.9041916167664672,0.2788550323176362,0.1659868026394721,0.0536746490503715,0.009300064021175,0.0,0.0,0.5945378151260504,False,train/val only,test,16670,1083,0.6786542923433875,0.5401662049861495
elliptic,strict_inductive,gcn,10,tpc_tta_graph,tpc_tta_graph,0.4641509433962265,0.5086791611075305,0.8761300539236446,0.7857142857142857,0.0609418282548476,0.8323353293413174,0.1283471837488458,0.7994011976047904,0.2465373961218836,0.2224355128974205,0.1834451901565995,0.0427544293076825,0.0,0.0,0.5903361344537815,False,train/val only,test,16670,1083,0.727810650887574,0.3407202216066482
elliptic,strict_inductive,sage,10,tpc_tta_graph,tpc_tta_graph,0.5890633459664321,0.6209115473432685,0.8928605596881792,1.0,0.077562326869806,0.9880239520958084,0.1523545706371191,0.9101796407185628,0.2807017543859649,0.174865026994601,0.0565371024734982,0.0113514238197738,0.0,0.0,0.5945378151260504,False,train/val only,test,16670,1083,0.7120418848167539,0.5023084025854109
elliptic,inductive_isolated,gcn,1,tpc_tta_graph,tpc_tta_graph,0.4902093180283593,0.5685927613329961,0.8651816767779054,0.9761904761904762,0.0757156048014773,0.9640718562874252,0.1486611265004616,0.9550898203592816,0.2945521698984303,0.2180563887222555,0.2147651006711409,0.0480424358986929,0.0,0.0,0.5882352941176471,False,train/val only,test,16670,1083,0.9120603015075376,0.335180055401662
elliptic,inductive_isolated,sage,1,tpc_tta_graph,tpc_tta_graph,0.4177285318559557,0.4096704842375303,0.8597253636263522,0.7380952380952381,0.0572483841181902,0.6107784431137725,0.0941828254847645,0.5179640718562875,0.1597414589104339,0.2324535092981403,0.1849366144668158,0.0451039028662056,0.0,0.0,0.5987394957983193,False,train/val only,test,16670,1083,0.5221606648199446,0.3481071098799631
elliptic,inductive_isolated,gcn,2,tpc_tta_graph,tpc_tta_graph,0.5338299193047796,0.570643710623662,0.8762460146103949,0.8571428571428571,0.0664819944598338,0.874251497005988,0.1348107109879963,0.8922155688622755,0.2751615881809787,0.201739652069586,0.1789709172259508,0.038764113857113,0.0,0.0,0.5882352941176471,False,train/val only,test,16670,1083,0.8143939393939394,0.397045244690674
elliptic,inductive_isolated,sage,2,tpc_tta_graph,tpc_tta_graph,0.5045045045045046,0.5093634052738258,0.8667715970188714,0.9404761904761904,0.0729455216989843,0.7604790419161677,0.1172668513388735,0.6826347305389222,0.2105263157894736,0.2051589682063587,0.1007428040854224,0.0284520971781718,0.0,0.0,0.5945378151260504,False,train/val only,test,16670,1083,0.6464646464646465,0.4136657433056325
elliptic,inductive_isolated,gcn,3,tpc_tta_graph,tpc_tta_graph,0.5178470254957507,0.5073366209608553,0.8663115159595375,0.7619047619047619,0.0590951061865189,0.8383233532934131,0.1292705447830101,0.8383233532934131,0.2585410895660203,0.2012597480503899,0.1372110365398955,0.0278088203235843,0.0,0.0,0.5882352941176471,False,train/val only,test,16670,1083,0.6700879765395894,0.4219759926131117
elliptic,inductive_isolated,sage,3,tpc_tta_graph,tpc_tta_graph,0.5331213566507684,0.5195174043407335,0.8720410698097552,0.9404761904761904,0.0729455216989843,0.7604790419161677,0.1172668513388735,0.7215568862275449,0.2225300092336103,0.1920215956808638,0.088339222614841,0.0212321907147564,0.0,0.0,0.5882352941176471,False,train/val only,test,16670,1083,0.6256218905472637,0.4644506001846722
elliptic,inductive_isolated,gcn,4,tpc_tta_graph,tpc_tta_graph,0.5123674911660777,0.5695411778627925,0.8720788051647794,0.9642857142857144,0.074792243767313,0.9580838323353292,0.1477377654662973,0.9191616766467066,0.283471837488458,0.2051589682063587,0.1507936507936507,0.0347917749345186,0.0,0.0,0.5882352941176471,False,train/val only,test,16670,1083,0.7073170731707317,0.4016620498614958
elliptic,inductive_isolated,sage,4,tpc_tta_graph,tpc_tta_graph,0.5346215780998389,0.5231032139358937,0.8713728815256173,0.9642857142857144,0.074792243767313,0.8083832335329342,0.1246537396121883,0.718562874251497,0.2216066481994459,0.1923815236952609,0.0971731448763251,0.0230963884728351,0.0,0.0,0.5882352941176471,False,train/val only,test,16670,1083,0.6384615384615384,0.4598337950138504
elliptic,inductive_isolated,gcn,5,tpc_tta_graph,tpc_tta_graph,0.4424157303370786,0.5173405512422833,0.8515145176559697,0.9761904761904762,0.0757156048014773,0.9700598802395208,0.149584487534626,0.940119760479042,0.2899353647276085,0.2319136172765447,0.2252050708426547,0.0495674917613379,0.0,0.0,0.5882352941176471,False,train/val only,test,16670,1083,0.9237536656891496,0.2908587257617728
elliptic,inductive_isolated,sage,5,tpc_tta_graph,tpc_tta_graph,0.4846625766871165,0.4394341512121472,0.8573348259236083,0.7976190476190477,0.061865189289012,0.6467065868263473,0.0997229916897507,0.562874251497006,0.1735918744228993,0.2065986802639472,0.0883534136546184,0.0228666879810455,0.0,0.0,0.5987394957983193,False,train/val only,test,16670,1083,0.5429553264604811,0.4376731301939058
elliptic,inductive_isolated,gcn,6,tpc_tta_graph,tpc_tta_graph,0.5151898734177215,0.5640624154813241,0.8712707235668429,0.9761904761904762,0.0757156048014773,0.9760479041916168,0.1505078485687904,0.9491017964071856,0.2927054478301015,0.2081583683263347,0.1394481730052199,0.0276546696040098,0.0,0.0,0.5882352941176471,False,train/val only,test,16670,1083,0.8189134808853119,0.3758079409048938
elliptic,inductive_isolated,sage,6,tpc_tta_graph,tpc_tta_graph,0.5398406374501993,0.4790914529103473,0.8695284697851472,0.8452380952380952,0.0655586334256694,0.7125748502994012,0.1098799630655586,0.6227544910179641,0.1920590951061865,0.185242951409718,0.0602409638554216,0.0149756624894825,0.0,0.0,0.592436974789916,False,train/val only,test,16670,1083,0.585945945945946,0.5004616805170822
elliptic,inductive_isolated,gcn,7,tpc_tta_graph,tpc_tta_graph,0.5299049748462827,0.5705061088366749,0.8730329113312162,0.9642857142857144,0.074792243767313,0.9520958083832336,0.1468144044321329,0.9311377245508982,0.2871652816251154,0.1965806838632273,0.1312453392990305,0.0278020821415603,0.0,0.0,0.5882352941176471,False,train/val only,test,16670,1083,0.6713881019830028,0.4376731301939058
elliptic,inductive_isolated,sage,7,tpc_tta_graph,tpc_tta_graph,0.5314823996033713,0.4832341833317303,0.8597428095636437,0.9047619047619048,0.0701754385964912,0.7245508982035929,0.1117266851338873,0.6317365269461078,0.1948291782086796,0.1879424115176964,0.0863453815261044,0.0168961603065559,0.0,0.0,0.5987394957983193,False,train/val only,test,16670,1083,0.5738758029978587,0.494921514312096
elliptic,inductive_isolated,gcn,8,tpc_tta_graph,tpc_tta_graph,0.5002963841138115,0.567433840129463,0.873419535812481,0.9523809523809524,0.0738688827331486,0.9580838323353292,0.1477377654662973,0.8802395209580839,0.2714681440443213,0.2091781643671265,0.1613756613756613,0.0397872571266396,0.0,0.0,0.5882352941176471,False,train/val only,test,16670,1083,0.6986754966887417,0.3896583564173592
elliptic,inductive_isolated,sage,8,tpc_tta_graph,tpc_tta_graph,0.4937369519832986,0.430174449962092,0.862181716053479,0.6428571428571429,0.0498614958448753,0.592814371257485,0.0914127423822714,0.5299401197604791,0.1634349030470914,0.2045590881823635,0.1064257028112449,0.0243549759299373,0.0,0.0,0.6008403361344538,False,train/val only,test,16670,1083,0.5678271308523409,0.4367497691597414
elliptic,inductive_isolated,gcn,9,tpc_tta_graph,tpc_tta_graph,0.5021916092673764,0.5664332057118506,0.8737382129590318,0.9523809523809524,0.0738688827331486,0.9640718562874252,0.1486611265004616,0.9131736526946108,0.2816251154201292,0.2113377324535092,0.1551081282624906,0.0353056355797237,0.0,0.0,0.5882352941176471,False,train/val only,test,16670,1083,0.7801556420233463,0.3702677746999077
elliptic,inductive_isolated,sage,9,tpc_tta_graph,tpc_tta_graph,0.5391680172879525,0.5230466225969194,0.8807770118349803,0.9047619047619048,0.0701754385964912,0.7544910179640718,0.1163434903047091,0.7065868263473054,0.2179132040627885,0.1913017396520696,0.0724233983286908,0.0136689281885611,0.0,0.0,0.592436974789916,False,train/val only,test,16670,1083,0.6497395833333334,0.4607571560480147
elliptic,inductive_isolated,gcn,10,tpc_tta_graph,tpc_tta_graph,0.5294871794871795,0.603230273982329,0.8770997399933332,0.9642857142857144,0.074792243767313,0.9580838323353292,0.1477377654662973,0.9550898203592816,0.2945521698984303,0.2047990401919616,0.1342281879194631,0.0348285214167863,0.0,0.0,0.5882352941176471,False,train/val only,test,16670,1083,0.8658280922431866,0.38134810710988
elliptic,inductive_isolated,sage,10,tpc_tta_graph,tpc_tta_graph,0.5156723963599595,0.4802705003490153,0.8742740313047055,0.9047619047619048,0.0701754385964912,0.7365269461077845,0.113573407202216,0.6467065868263473,0.1994459833795014,0.1949610077984403,0.070096942580164,0.0194232415293024,0.0,0.0,0.6008403361344538,False,train/val only,test,16670,1083,0.5698324022346368,0.4709141274238227
elliptic,transductive,gcn,1,tpc_tta_graph,tpc_tta_graph,0.4379288833437305,0.4822521633666838,0.8746775093315031,0.7380952380952381,0.0572483841181902,0.8263473053892215,0.1274238227146814,0.7574850299401198,0.2336103416435826,0.2296940611877624,0.2923280423280422,0.0729989744626214,0.0,0.0,0.5882352941176471,False,train/val only,test,16670,1083,0.675,0.3240997229916897
elliptic,transductive,sage,1,tpc_tta_graph,tpc_tta_graph,0.4453559917960738,0.447093399390547,0.8537938041864445,0.9523809523809524,0.0738688827331486,0.7005988023952096,0.1080332409972299,0.5508982035928144,0.1698984302862419,0.1910617876424715,0.1617647058823529,0.0378625885425083,0.0,0.0,0.7584033613445378,False,train/val only,test,16670,1083,0.3261802575107296,0.7017543859649122
elliptic,transductive,gcn,2,tpc_tta_graph,tpc_tta_graph,0.456096020214782,0.4990946330207322,0.8766626437342339,0.6666666666666666,0.051708217913204,0.7904191616766467,0.1218836565096952,0.7844311377245509,0.2419205909510618,0.2248950209958008,0.2499999999999999,0.0663758166182592,0.0,0.0,0.5882352941176471,False,train/val only,test,16670,1083,0.722,0.3333333333333333
elliptic,transductive,sage,2,tpc_tta_graph,tpc_tta_graph,0.5873015873015873,0.5440721956998189,0.871110303878608,0.8928571428571429,0.0692520775623268,0.844311377245509,0.1301939058171745,0.7544910179640718,0.2326869806094182,0.1562087582483503,0.0473372781065088,0.0060409764579743,0.0,0.0,0.6029411764705882,False,train/val only,test,16670,1083,0.5620253164556962,0.6149584487534626
elliptic,transductive,gcn,3,tpc_tta_graph,tpc_tta_graph,0.3603723404255319,0.439852854993233,0.867548637288656,0.6785714285714286,0.0526315789473684,0.7425149700598802,0.1144967682363804,0.6706586826347305,0.2068328716528162,0.2525494901019796,0.3677248677248677,0.0954856013239126,0.0,0.0,0.6124338624338624,False,train/val only,test,16670,1083,0.6437054631828979,0.2502308402585411
elliptic,transductive,sage,3,tpc_tta_graph,tpc_tta_graph,0.5278174037089871,0.555314980492425,0.8681089510335489,0.988095238095238,0.0766389658356417,0.9520958083832336,0.1468144044321329,0.7604790419161677,0.234533702677747,0.1617276544691061,0.0357142857142857,0.0101094613715712,0.0,0.0,0.634453781512605,False,train/val only,test,16670,1083,0.4299825682742591,0.6832871652816251
elliptic,transductive,gcn,4,tpc_tta_graph,tpc_tta_graph,0.3974603174603175,0.4532002794037235,0.8709796222566559,0.7023809523809523,0.0544783010156971,0.7664670658682635,0.1181902123730378,0.6766467065868264,0.2086795937211449,0.2416916616676664,0.3478835978835979,0.0875264886840048,0.0,0.0,0.6005291005291006,False,train/val only,test,16670,1083,0.6361788617886179,0.2890120036934441
elliptic,transductive,sage,4,tpc_tta_graph,tpc_tta_graph,0.5235087719298246,0.5369115042180055,0.8736427194075419,1.0,0.077562326869806,0.9221556886227544,0.1421975992613111,0.7544910179640718,0.2326869806094182,0.1623275344931014,0.0441767068273092,0.0112723308016846,0.0,0.0,0.6218487394957983,False,train/val only,test,16670,1083,0.422184493491794,0.6888273314866112
elliptic,transductive,gcn,5,tpc_tta_graph,tpc_tta_graph,0.4246153846153847,0.4646663112708202,0.8732696903171375,0.7738095238095238,0.0600184672206832,0.7844311377245509,0.1209602954755309,0.7155688622754491,0.2206832871652816,0.2331733653269346,0.3492063492063492,0.0791298662062918,0.0,0.0,0.5882352941176471,False,train/val only,test,16670,1083,0.6365313653136532,0.3185595567867036
elliptic,transductive,sage,5,tpc_tta_graph,tpc_tta_graph,0.5090277777777777,0.4336331027760166,0.8633385386797163,0.8333333333333334,0.064635272391505,0.6407185628742516,0.0987996306555863,0.5089820359281437,0.1569713758079409,0.1688062387522495,0.0702811244979919,0.0227424457809944,0.0,0.0,0.6239495798319328,False,train/val only,test,16670,1083,0.4079020589872009,0.6768236380424746
elliptic,transductive,gcn,6,tpc_tta_graph,tpc_tta_graph,0.3965744400527009,0.4717925236819081,0.8753719701901358,0.7857142857142857,0.0609418282548476,0.8203592814371258,0.1265004616805171,0.7455089820359282,0.2299168975069252,0.2425914817036592,0.3148148148148148,0.0818548503167741,0.0,0.0,0.5882352941176471,False,train/val only,test,16670,1083,0.6919540229885057,0.2779316712834718
elliptic,transductive,sage,6,tpc_tta_graph,tpc_tta_graph,0.5525502318392581,0.5631574012144592,0.8699020024085464,0.9761904761904762,0.0757156048014773,0.9461077844311376,0.1458910433979686,0.8173652694610778,0.2520775623268698,0.1577684463107378,0.0522088353413655,0.0050649385761845,0.0,0.0,0.6092436974789915,False,train/val only,test,16670,1083,0.4750830564784053,0.6602031394275162
elliptic,transductive,gcn,7,tpc_tta_graph,tpc_tta_graph,0.4524336283185841,0.4512524683035832,0.8678211671172102,0.7380952380952381,0.0572483841181902,0.7844311377245509,0.1209602954755309,0.7035928143712575,0.2169898430286242,0.221115776844631,0.2632275132275132,0.0664055730545072,0.0,0.0,0.5882352941176471,False,train/val only,test,16670,1083,0.5641379310344827,0.3776546629732225
elliptic,transductive,sage,7,tpc_tta_graph,tpc_tta_graph,0.5433808553971486,0.5003291546629858,0.8710303902303699,0.9523809523809524,0.0738688827331486,0.8023952095808383,0.123730378578024,0.6676646706586826,0.2059095106186519,0.1670665866826634,0.0621693121693121,0.0178451516559815,0.0,0.0,0.6029411764705882,False,train/val only,test,16670,1083,0.4861516034985422,0.615881809787627
elliptic,transductive,gcn,8,tpc_tta_graph,tpc_tta_graph,0.4302653867871259,0.4345971290657176,0.8670288431400531,0.75,0.0581717451523545,0.7245508982035929,0.1117266851338873,0.6586826347305389,0.2031394275161588,0.2289742051589682,0.2698412698412699,0.0653459551145395,0.0,0.0,0.5882352941176471,False,train/val only,test,16670,1083,0.5537790697674418,0.3518005540166205
elliptic,transductive,sage,8,tpc_tta_graph,tpc_tta_graph,0.5187419215855235,0.4526179073985875,0.8716851312215871,0.75,0.0581717451523545,0.6766467065868264,0.1043397968605724,0.6137724550898204,0.1892890120036934,0.1824235152969406,0.0936395759717314,0.0222499722148166,0.0,0.0,0.6134453781512605,False,train/val only,test,16670,1083,0.4862681744749596,0.5558633425669437
elliptic,transductive,gcn,9,tpc_tta_graph,tpc_tta_graph,0.3463687150837988,0.4724335648293699,0.875016801711254,0.8095238095238095,0.0627885503231763,0.8083832335329342,0.1246537396121883,0.7155688622754491,0.2206832871652816,0.2565086982603479,0.3465608465608465,0.0960616433676246,0.0,0.0,0.6071428571428571,False,train/val only,test,16670,1083,0.7106017191977078,0.2289935364727608
elliptic,transductive,sage,9,tpc_tta_graph,tpc_tta_graph,0.5290227773695813,0.5038806709480083,0.8653814312789128,0.9523809523809524,0.0738688827331486,0.8323353293413174,0.1283471837488458,0.6856287425149701,0.211449676823638,0.1640071985602879,0.0702811244979919,0.0128025187402009,0.0,0.0,0.6386554621848739,False,train/val only,test,16670,1083,0.4392922513727882,0.6648199445983379
elliptic,transductive,gcn,10,tpc_tta_graph,tpc_tta_graph,0.4425476034143138,0.5102664229118324,0.8757108775152436,0.7619047619047619,0.0590951061865189,0.8383233532934131,0.1292705447830101,0.8023952095808383,0.247460757156048,0.2299340131973605,0.2579365079365079,0.0749407850112982,0.0,0.0,0.5882352941176471,False,train/val only,test,16670,1083,0.7659090909090909,0.3111726685133887
elliptic,transductive,sage,10,tpc_tta_graph,tpc_tta_graph,0.5448275862068965,0.5151870678433143,0.8720586934645742,0.9166666666666666,0.0710987996306555,0.8083832335329342,0.1246537396121883,0.7275449101796407,0.224376731301939,0.1715656868626274,0.1039729501267962,0.0226112559758866,0.0,0.0,0.6008403361344538,False,train/val only,test,16670,1083,0.5109135004042037,0.5835641735918744
dgraphfin,strict_inductive,gcn,1,tpc_tta_graph,tpc_tta_graph,0.026144205935899,0.0124055140776757,0.5688201667883024,0.0082159624413145,0.0037573805689747,0.0076335877862595,0.0069779924852388,0.0085168869309838,0.0155662909286097,0.555312061196073,-0.00997091815538,-0.0104127254010341,0.0222558445995412,0.0018214936247723,0.5674879005755941,False,train/val only,test,170207,1863,0.013335060952566,0.6629092860976918
dgraphfin,strict_inductive,sage,1,tpc_tta_graph,tpc_tta_graph,0.062676822633297,0.027914514496628,0.7329447263991231,0.0434272300469483,0.0198604401502952,0.0428655314151497,0.0391841116478797,0.0405286343612334,0.074074074074074,0.1095430857720305,0.009241992101799,0.0084082662492852,0.0586011342155009,0.0255009107468123,0.1150104393407667,False,train/val only,test,170207,1863,0.0362355309511826,0.2318840579710145
dgraphfin,strict_inductive,gcn,2,tpc_tta_graph,tpc_tta_graph,0.0234692052661264,0.0101158252743173,0.5022681970197823,0.0035211267605633,0.001610305958132,0.0029359953024075,0.0026838432635534,0.0055800293685756,0.0101986044015029,0.8377916301914727,0.7623533629428987,0.7389641888994235,0.0204610204610204,0.0,0.8559620785118206,False,train/val only,test,170207,1863,0.0118869278632097,0.9157273215244228
dgraphfin,strict_inductive,sage,2,tpc_tta_graph,tpc_tta_graph,0.061530009614064,0.0258534936958973,0.7237534910815364,0.0293427230046948,0.013419216317767,0.0340575455079271,0.0311325818572195,0.0372980910425844,0.0681696188942565,0.1135440963062623,0.0212812637121544,0.0164115678400855,0.0549645390070922,0.0276243093922651,0.1173426324907822,False,train/val only,test,170207,1863,0.0352783683754626,0.2404723564143854
dgraphfin,strict_inductive,gcn,3,tpc_tta_graph,tpc_tta_graph,0.0227759139287366,0.0094002675819448,0.4713454199512595,0.0,0.0,0.0,0.0,0.0017621145374449,0.003220611916264,0.8008248779427403,0.1110136024572181,0.0703463667231303,0.0193661389999669,0.0,0.8191366827555946,False,train/val only,test,170207,1863,0.0115434510154572,0.8454106280193237
dgraphfin,strict_inductive,sage,3,tpc_tta_graph,tpc_tta_graph,0.0646273708410498,0.0279465111095142,0.7331816766751841,0.0363849765258215,0.0166398282340311,0.0428655314151497,0.0391841116478797,0.0399412628487518,0.0730005367686527,0.1179446203740151,0.0013437911364633,0.0012185340171383,0.0559201141226818,0.023391812865497,0.1222735551508151,False,train/val only,test,170207,1863,0.0366772977674688,0.2716049382716049
dgraphfin,strict_inductive,gcn,4,tpc_tta_graph,tpc_tta_graph,0.028049739464065,0.014175335267758,0.6159317810737919,0.0129107981220657,0.0059044551798174,0.01174398120963,0.0107353730542136,0.0143906020558002,0.0263016639828234,0.6664649515002321,0.5528466432645898,0.539410794828111,0.0235917188252286,0.007366482504604,0.675177756975841,False,train/val only,test,170207,1863,0.0142543474442297,0.8711755233494364
dgraphfin,strict_inductive,sage,4,tpc_tta_graph,tpc_tta_graph,0.0481512669371507,0.0228606717799804,0.7291494885010268,0.022300469483568,0.0101986044015029,0.0240751614797416,0.0220075147611379,0.0261380323054331,0.0477724100912506,0.1751044316626225,0.0383117595436595,0.0363828793435207,0.0442642338232809,0.0145719489981785,0.1782854322071083,False,train/val only,test,170207,1863,0.0259242467955322,0.3376274825550188
dgraphfin,strict_inductive,gcn,5,tpc_tta_graph,tpc_tta_graph,0.0221106174747279,0.0103075248707999,0.4867603947559363,0.0058685446009389,0.0026838432635534,0.004697592483852,0.0042941492216854,0.0067547723935389,0.0123456790123456,0.895732842950055,-0.0114166407534094,-0.0121508485936182,0.0191945465961072,0.0023310023310023,0.9019580956559896,False,train/val only,test,170207,1863,0.011189531238799,0.9216317767042403
dgraphfin,strict_inductive,sage,5,tpc_tta_graph,tpc_tta_graph,0.0536642506772091,0.0237047320531338,0.7291617483705183,0.0246478873239436,0.0112721417069243,0.0252495596007046,0.0230810520665593,0.0255506607929515,0.0466988727858293,0.1784415447073269,-0.0178357247567855,-0.0190208652960169,0.046100410483107,0.0127504553734061,0.1871983326020184,False,train/val only,test,170207,1863,0.0287959143586721,0.3934514224369297
dgraphfin,strict_inductive,gcn,6,tpc_tta_graph,tpc_tta_graph,0.0216539780321961,0.0086874184437913,0.4275147252989552,0.0011737089201877,0.0005367686527106,0.001174398120963,0.0010735373054213,0.0020558002936857,0.0037573805689747,0.9890545042213305,0.606392430367376,0.6002700628827531,0.0185839265337173,0.0,0.990620886353664,False,train/val only,test,170207,1863,0.0109454957786695,1.0
dgraphfin,strict_inductive,sage,6,tpc_tta_graph,tpc_tta_graph,0.0527692978630614,0.0240303179020403,0.726154826457769,0.0269953051643192,0.0123456790123456,0.0328831473869641,0.0300590445517981,0.0290748898678414,0.0531400966183574,0.179851592472695,0.0045798595875383,0.0042670640242072,0.047626557325343,0.0175438596491228,0.1865675734971478,False,train/val only,test,170207,1863,0.0283007835340895,0.3896940418679549
dgraphfin,strict_inductive,gcn,7,tpc_tta_graph,tpc_tta_graph,0.0260349231899779,0.0121304508028999,0.569830493226953,0.0058685446009389,0.0026838432635534,0.0064591896652965,0.0059044551798174,0.0085168869309838,0.0155662909286097,0.5081283378474446,0.3626242307156087,0.350828759386405,0.0213083080320176,0.0,0.5145890179051564,False,train/val only,test,170207,1863,0.0133066246959507,0.5990338164251208
dgraphfin,strict_inductive,sage,7,tpc_tta_graph,tpc_tta_graph,0.0480477493160905,0.0205414712956222,0.7187158851993091,0.0129107981220657,0.0059044551798174,0.0158543746330005,0.0144927536231884,0.0173274596182085,0.0316693505099302,0.2459710822704119,0.1051722246599385,0.0901105546194433,0.0430749546860006,0.0116550116550116,0.2614907854322071,False,train/val only,test,170207,1863,0.0251910188541476,0.5185185185185185
dgraphfin,strict_inductive,gcn,8,tpc_tta_graph,tpc_tta_graph,0.0217679123081143,0.0101215768283299,0.4865570531025996,0.0011737089201877,0.0005367686527106,0.001174398120963,0.0010735373054213,0.0020558002936857,0.0037573805689747,0.9645901754921948,0.5811825329838746,0.5728548648588232,0.0187732914903751,0.0,0.9695472923181104,False,train/val only,test,170207,1863,0.011006241896089,0.979602791196994
dgraphfin,strict_inductive,sage,8,tpc_tta_graph,tpc_tta_graph,0.0216426806221834,0.0074055799377374,0.3270841430586538,0.0023474178403755,0.0010735373054213,0.0029359953024075,0.0026838432635534,0.0044052863436123,0.0080515297906602,0.988566862702474,0.6038159122206921,0.5973026384256033,0.0185457116440963,0.0,0.9899078543220712,False,train/val only,test,170207,1863,0.010939851392024,0.9989264626945786
dgraphfin,strict_inductive,gcn,9,tpc_tta_graph,tpc_tta_graph,0.0321631024499428,0.0146457734493615,0.6023535132762047,0.0035211267605633,0.001610305958132,0.0064591896652965,0.0059044551798174,0.0123348017621145,0.0225442834138486,0.2619692492083169,0.0957931110136024,0.0919248718421006,0.030159801935629,0.0018214936247723,0.2732577824692784,False,train/val only,test,170207,1863,0.0168450560652395,0.3548040794417606
dgraphfin,strict_inductive,sage,9,tpc_tta_graph,tpc_tta_graph,0.0475901788420733,0.022999765001212,0.7204263697555212,0.0293427230046948,0.013419216317767,0.0287727539635936,0.0263016639828234,0.0276064610866372,0.050456253354804,0.1434723601261992,-0.0056638976500377,-0.0062264884715647,0.043613707165109,0.0127504553734061,0.1472835502643152,False,train/val only,test,170207,1863,0.026267358206458,0.2528180354267311
dgraphfin,strict_inductive,gcn,10,tpc_tta_graph,tpc_tta_graph,0.0324675324675324,0.0144974566077533,0.5735070830096664,0.0234741784037558,0.0107353730542136,0.0281855549031121,0.0257648953301127,0.0223201174743024,0.0407944176060118,0.1058475855869617,0.0003839403247038,0.0002619169358485,0.0274744628390278,0.0116959064327485,0.1121987951807228,False,train/val only,test,170207,1863,0.019306980997866,0.1019860440150295
dgraphfin,strict_inductive,sage,10,tpc_tta_graph,tpc_tta_graph,0.050529921849909,0.0237878505748987,0.7281958555889024,0.0258215962441314,0.0118089103596349,0.0234879624192601,0.0214707461084272,0.0276064610866372,0.050456253354804,0.1369038876191931,0.0093791136463361,0.0086848349144193,0.0444232147122044,0.0069930069930069,0.1392652481009284,False,train/val only,test,170207,1863,0.0280634996135323,0.2533548040794418
dgraphfin,inductive_isolated,gcn,1,tpc_tta_graph,tpc_tta_graph,0.0288072503641365,0.0135745812837729,0.6036546983429298,0.0058685446009389,0.0026838432635534,0.0099823840281855,0.0091250670960815,0.0117474302496328,0.0214707461084272,0.5412644603335938,-0.0483777808759385,-0.0516928213187788,0.0239509298023561,0.0054644808743169,0.560388328214129,False,train/val only,test,170207,1863,0.014699081720288,0.71658615136876
dgraphfin,inductive_isolated,sage,1,tpc_tta_graph,tpc_tta_graph,0.0440021441722795,0.0206581228610096,0.7100041478853119,0.0199530516431924,0.0091250670960815,0.0211391661773341,0.0193236714975845,0.0176211453744493,0.0322061191626409,0.2625920203046878,-0.1044378303940296,-0.1097966399650156,0.0396666315012132,0.0182149362477231,0.2665368582711716,False,train/val only,test,170207,1863,0.0229997076308352,0.5067096081588836
dgraphfin,inductive_isolated,gcn,2,tpc_tta_graph,tpc_tta_graph,0.0268443012426576,0.0108106103201065,0.5381999342832733,0.0023474178403755,0.0010735373054213,0.0017615971814445,0.001610305958132,0.0017621145374449,0.003220611916264,0.640649326995952,0.5626680475611942,0.5421599127020212,0.0231928220755036,0.0,0.6562767631301161,False,train/val only,test,170207,1863,0.0136523484248706,0.7960279119699409
dgraphfin,inductive_isolated,sage,2,tpc_tta_graph,tpc_tta_graph,0.0375327907446021,0.0200443338323521,0.7050032036362218,0.0199530516431924,0.0091250670960815,0.0199647680563711,0.0182501341921631,0.0226138032305433,0.0413311862587224,0.1212934838167642,0.0245378063980058,0.0239246971293109,0.0297549591598599,0.0139860139860139,0.1256231823847112,False,train/val only,test,170207,1863,0.0214549369424792,0.1497584541062802
dgraphfin,inductive_isolated,gcn,3,tpc_tta_graph,tpc_tta_graph,0.0216380725048485,0.0079247271589224,0.3762798251536632,0.0023474178403755,0.0010735373054213,0.003523194362889,0.003220611916264,0.0035242290748898,0.0064412238325281,0.9644080443225014,0.2550460728389645,0.2320747785090782,0.0186288495426701,0.0023310023310023,0.9653354798504362,False,train/val only,test,170207,1863,0.0109406681471468,0.973161567364466
dgraphfin,inductive_isolated,sage,3,tpc_tta_graph,tpc_tta_graph,0.0289029106452269,0.0181167086995099,0.6730038171207289,0.0082159624413145,0.0037573805689747,0.0099823840281855,0.0091250670960815,0.0126284875183553,0.0230810520665593,0.6237463794086024,-0.0674912242211496,-0.1073899089762863,0.0263025632434243,0.0069930069930069,0.6406318560772268,False,train/val only,test,170207,1863,0.0147049132485431,0.8384326355340848
dgraphfin,inductive_isolated,gcn,4,tpc_tta_graph,tpc_tta_graph,0.0332224399580731,0.015917088523135,0.6520176196357284,0.0199530516431924,0.0091250670960815,0.0158543746330005,0.0144927536231884,0.0155653450807635,0.0284487385936661,0.5080637106581986,0.3092075125973431,0.2907895539740265,0.0300397739166841,0.012891344383057,0.5143154892496709,False,train/val only,test,170207,1863,0.0169714465306312,0.782608695652174
dgraphfin,inductive_isolated,sage,4,tpc_tta_graph,tpc_tta_graph,0.0406110832571445,0.0175976178721989,0.6825000298445718,0.0093896713615023,0.0042941492216854,0.0123311802701115,0.0112721417069243,0.0161527165932452,0.0295222758990874,0.3936618352946706,0.189129438945209,0.1769512898258793,0.0365393526179916,0.0109289617486338,0.4064008336989907,False,train/val only,test,170207,1863,0.020879137541508,0.7391304347826086
dgraphfin,inductive_isolated,gcn,5,tpc_tta_graph,tpc_tta_graph,0.0217421749177228,0.0082168269456016,0.3765554936599544,0.0011737089201877,0.0005367686527106,0.0005871990604815,0.0005367686527106,0.0035242290748898,0.0064412238325281,0.9849536153037184,0.0288777972795085,0.0259027971966813,0.0186320176513851,0.0,0.9880155770074596,False,train/val only,test,170207,1863,0.0109905668725554,1.0
dgraphfin,inductive_isolated,sage,5,tpc_tta_graph,tpc_tta_graph,0.0408886752489822,0.0181759700067814,0.6883377938851738,0.0164319248826291,0.0075147611379495,0.0193775689958896,0.0177133655394524,0.019676945668135,0.0359634997316156,0.3869229820160157,-0.0024298432551932,-0.0028230108516686,0.0367890714817069,0.0116550116550116,0.3982832382623958,False,train/val only,test,170207,1863,0.0210329480126104,0.7305421363392378
dgraphfin,inductive_isolated,gcn,6,tpc_tta_graph,tpc_tta_graph,0.0216539780321961,0.0084318875507683,0.4163617610021695,0.0011737089201877,0.0005367686527106,0.0005871990604815,0.0005367686527106,0.0005873715124816,0.0010735373054213,0.9890545042213305,0.606392430367376,0.6002700628827531,0.0185839265337173,0.0,0.990620886353664,False,train/val only,test,170207,1863,0.0109454957786695,1.0
dgraphfin,inductive_isolated,sage,6,tpc_tta_graph,tpc_tta_graph,0.043044849629767,0.0189247226626229,0.7029296898365892,0.0176056338028169,0.0080515297906602,0.0146799765120375,0.013419216317767,0.0170337738619676,0.0311325818572195,0.3471243838385025,0.0006033347959631,0.0003725043305717,0.0377330126277811,0.0093240093240093,0.3610684510750329,False,train/val only,test,170207,1863,0.0222206742825299,0.6849168008588299
dgraphfin,inductive_isolated,gcn,7,tpc_tta_graph,tpc_tta_graph,0.0357056694813027,0.0179647666815936,0.6817005492472549,0.0258215962441314,0.0118089103596349,0.0217263652378156,0.0198604401502952,0.0187958883994126,0.0343531937734836,0.2177348757689166,0.0688624396665203,0.0616923832681204,0.0312541385246987,0.0147329650092081,0.2251810004387889,False,train/val only,test,170207,1863,0.018915551011279,0.3177670424047236
dgraphfin,inductive_isolated,sage,7,tpc_tta_graph,tpc_tta_graph,0.0421217937532716,0.0178925430135819,0.696467370738377,0.0070422535211267,0.003220611916264,0.014092777451556,0.0128824476650563,0.0143906020558002,0.0263016639828234,0.3379414477665431,0.1956998683633172,0.181719899769411,0.0363579863269111,0.0087719298245614,0.3520184291355858,False,train/val only,test,170207,1863,0.0217685357187945,0.6478797638217928
dgraphfin,inductive_isolated,gcn,8,tpc_tta_graph,tpc_tta_graph,0.024220311006863,0.0105264160712298,0.518146478510161,0.0011737089201877,0.0005367686527106,0.0005871990604815,0.0005367686527106,0.0005873715124816,0.0010735373054213,0.6709359779562533,0.3081320082057001,0.2764565101935489,0.0229904535954358,0.0,0.699794857495668,False,train/val only,test,170207,1863,0.0123093768488348,0.7482555018786903
dgraphfin,inductive_isolated,sage,8,tpc_tta_graph,tpc_tta_graph,0.0216595573815329,0.0074472581194795,0.3266974486003138,0.0,0.0,0.0029359953024075,0.0026838432635534,0.0052863436123348,0.0096618357487922,0.9877795860334768,0.6029718804140198,0.5965367710169547,0.0185558034499646,0.0,0.9893593681439228,False,train/val only,test,170207,1863,0.0109484756850886,0.9989264626945786
dgraphfin,inductive_isolated,gcn,9,tpc_tta_graph,tpc_tta_graph,0.0257975615286668,0.0126650824374719,0.5699705108209657,0.0011737089201877,0.0005367686527106,0.0017615971814445,0.001610305958132,0.0049926578560939,0.0091250670960815,0.6653075372928258,0.4025340061430452,0.3954602965715005,0.0233966993941926,0.0,0.6883626441474636,False,train/val only,test,170207,1863,0.0131118183671841,0.7938808373590982
dgraphfin,inductive_isolated,sage,9,tpc_tta_graph,tpc_tta_graph,0.0435486397577149,0.0185316209560952,0.6914215336849943,0.0152582159624413,0.0069779924852388,0.0146799765120375,0.013419216317767,0.0161527165932452,0.0295222758990874,0.3372305486848367,-0.0079294567100528,-0.0088161383101142,0.0383808561883303,0.0046620046620046,0.3498519087319,False,train/val only,test,170207,1863,0.0225040474905558,0.6714975845410628
dgraphfin,inductive_isolated,gcn,10,tpc_tta_graph,tpc_tta_graph,0.022520070289081,0.0101485902235179,0.4760659926231871,0.0105633802816901,0.0048309178743961,0.01174398120963,0.0107353730542136,0.0108663729809104,0.0198604401502952,0.8387610380301632,-0.0443757789779809,-0.0471433027473091,0.0196206244703735,0.0058479532163742,0.8455286663896967,False,train/val only,test,170207,1863,0.0114064725099824,0.8770799785292539
dgraphfin,inductive_isolated,sage,10,tpc_tta_graph,tpc_tta_graph,0.0426559888809835,0.0194218491952988,0.7026363058985959,0.022300469483568,0.0101986044015029,0.0211391661773341,0.0193236714975845,0.0190895741556534,0.0348899624261943,0.3534225971904798,0.0035053476468362,0.0033389735588523,0.0387384044526901,0.0023310023310023,0.364112549363756,False,train/val only,test,170207,1863,0.0220063509406904,0.6918947933440687
dgraphfin,transductive,gcn,1,tpc_tta_graph,tpc_tta_graph,0.0261360387169195,0.0124146286913797,0.5690477603447216,0.0082159624413145,0.0037573805689747,0.0076335877862595,0.0069779924852388,0.0085168869309838,0.0155662909286097,0.555071178036156,-0.0099709181553802,-0.010503051773712,0.0222699746044149,0.0018214936247723,0.5671692326076998,False,train/val only,test,170207,1863,0.0133310286714344,0.6623725174449813
dgraphfin,transductive,sage,1,tpc_tta_graph,tpc_tta_graph,0.0628067892838133,0.0285081527587063,0.7343435009835572,0.0469483568075117,0.0214707461084272,0.0440399295361127,0.0402576489533011,0.0414096916299559,0.0756843800322061,0.1244073392986187,0.0191970162351908,0.017671011063939,0.0590461771385314,0.0255009107468123,0.1294700368708631,False,train/val only,test,170207,1863,0.0352917718995081,0.2850241545893719
dgraphfin,transductive,gcn,2,tpc_tta_graph,tpc_tta_graph,0.0235020376693468,0.0101177409987025,0.5023405956144957,0.0035211267605633,0.001610305958132,0.0029359953024075,0.0026838432635534,0.0055800293685756,0.0101986044015029,0.8370631055126992,0.7200501902049434,0.6972593721292463,0.0204809125672435,0.0,0.8554044095680058,False,train/val only,test,170207,1863,0.011903682680037,0.9162640901771336
dgraphfin,transductive,sage,2,tpc_tta_graph,tpc_tta_graph,0.061198470038249,0.0263419609614635,0.7266004735109146,0.0293427230046948,0.013419216317767,0.0328831473869641,0.0300590445517981,0.0390602055800293,0.0713902308105206,0.1340720416904122,0.0202939885914874,0.0180848044475761,0.055025011368804,0.0276243093922651,0.1382185168933742,False,train/val only,test,170207,1863,0.0339602617770178,0.3091787439613526
dgraphfin,transductive,gcn,3,tpc_tta_graph,tpc_tta_graph,0.0226871398362049,0.0093943409126611,0.4710628817729737,0.0,0.0,0.0,0.0,0.0017621145374449,0.003220611916264,0.7972468817381189,0.1067079859587538,0.0664706301389153,0.0194606801275239,0.0,0.8151053093462045,False,train/val only,test,170207,1863,0.0114992486077142,0.8378958668813741
dgraphfin,transductive,sage,3,tpc_tta_graph,tpc_tta_graph,0.0664275466284074,0.0285042258863174,0.7329574709240535,0.0422535211267605,0.0193236714975845,0.0416911332941867,0.0381105743424584,0.0408223201174743,0.0746108427267847,0.1093609546023371,-0.0093791136463361,-0.0104919542008025,0.0563293098112039,0.0263157894736842,0.1127893030074186,False,train/val only,test,170207,1863,0.0383373354309845,0.2485238862050456
dgraphfin,transductive,gcn,4,tpc_tta_graph,tpc_tta_graph,0.028051777247084,0.0141791792025952,0.6159952773133376,0.0129107981220657,0.0059044551798174,0.01174398120963,0.0107353730542136,0.0143906020558002,0.0263016639828234,0.6656482988361231,0.5527369460289601,0.5393190792769228,0.0236182519280205,0.007366482504604,0.6744408373000856,False,train/val only,test,170207,1863,0.014255687764381,0.870101986044015
dgraphfin,transductive,sage,4,tpc_tta_graph,tpc_tta_graph,0.0492632504948317,0.023359769202803,0.7303226974294309,0.0234741784037558,0.0107353730542136,0.0270111567821491,0.0246913580246913,0.0255506607929515,0.0466988727858293,0.1576139641730363,0.0340884159719175,0.0315170160559872,0.0452540747842761,0.0145719489981785,0.1613211318910754,False,train/val only,test,170207,1863,0.0268302031429666,0.3005904455179817
dgraphfin,transductive,gcn,5,tpc_tta_graph,tpc_tta_graph,0.0221278570001739,0.0102977020167087,0.4864972954058312,0.0046948356807511,0.0021470746108427,0.004697592483852,0.0042941492216854,0.006461086637298,0.0118089103596349,0.8950219438683485,-0.0114388521167428,-0.0120927960647276,0.0192083295933937,0.0023310023310023,0.9012999122422116,False,train/val only,test,170207,1863,0.011198361660775,0.9216317767042403
dgraphfin,transductive,sage,5,tpc_tta_graph,tpc_tta_graph,0.05649436713055,0.0241054315230427,0.7293806898707957,0.0246478873239436,0.0112721417069243,0.0258367586611861,0.0236178207192699,0.0249632892804698,0.0456253354804079,0.1615914739111787,-0.0063335258618972,-0.0070910349178014,0.0500625782227784,0.0184162062615101,0.1678641948222904,False,train/val only,test,170207,1863,0.0306090390916027,0.3660762211486849
dgraphfin,transductive,gcn,6,tpc_tta_graph,tpc_tta_graph,0.0216539780321961,0.0086784894099883,0.4270520068956775,0.0011737089201877,0.0005367686527106,0.001174398120963,0.0010735373054213,0.0020558002936857,0.0037573805689747,0.9890545042213305,0.6065701212740437,0.600357708291811,0.0185839265337173,0.0,0.990620886353664,False,train/val only,test,170207,1863,0.0109454957786695,1.0
dgraphfin,transductive,sage,6,tpc_tta_graph,tpc_tta_graph,0.0558743223457718,0.0247038593199773,0.7282415423353286,0.0269953051643192,0.0123456790123456,0.0287727539635936,0.0263016639828234,0.029662261380323,0.0542136339237788,0.1673667945501654,-0.0105957099324822,-0.010933279033501,0.0492827004219409,0.0204678362573099,0.1759817902588854,False,train/val only,test,170207,1863,0.0301606288448393,0.3789586688137413
dgraphfin,transductive,gcn,7,tpc_tta_graph,tpc_tta_graph,0.0260473800910257,0.0121317688242283,0.5698555199410332,0.0058685446009389,0.0026838432635534,0.0064591896652965,0.0059044551798174,0.0085168869309838,0.0155662909286097,0.5078874546875275,0.3621860622597542,0.3504165005730573,0.0213236106507568,0.0,0.5142305164412755,False,train/val only,test,170207,1863,0.0133131330001073,0.5990338164251208
dgraphfin,transductive,sage,7,tpc_tta_graph,tpc_tta_graph,0.0480373456480273,0.0205544492244505,0.7183105633917963,0.0129107981220657,0.0059044551798174,0.0146799765120375,0.013419216317767,0.0167400881057268,0.0305958132045088,0.2441380201754334,0.1034993418165862,0.0881253926866813,0.0433151066795325,0.0109289617486338,0.2600647213690215,False,train/val only,test,170207,1863,0.0251968089307811,0.5136876006441223
dgraphfin,transductive,gcn,8,tpc_tta_graph,tpc_tta_graph,0.0217835018322013,0.010088270132455,0.4853475970489994,0.0011737089201877,0.0005367686527106,0.001174398120963,0.0010735373054213,0.0017621145374449,0.003220611916264,0.9638851516095108,0.588578916973924,0.58063528261566,0.0187901393835712,0.0,0.9688900396343284,False,train/val only,test,170207,1863,0.0110142128609795,0.979602791196994
dgraphfin,transductive,sage,8,tpc_tta_graph,tpc_tta_graph,0.0216426806221834,0.0074261056755623,0.3290008309672582,0.0035211267605633,0.001610305958132,0.0029359953024075,0.0026838432635534,0.0044052863436123,0.0080515297906602,0.988566862702474,0.6118120030207455,0.6057988166500726,0.0185452073419442,0.0,0.9899352786309784,False,train/val only,test,170207,1863,0.010939851392024,0.9989264626945786
dgraphfin,transductive,gcn,9,tpc_tta_graph,tpc_tta_graph,0.0320472172089166,0.0146395692144689,0.6022653394658062,0.0035211267605633,0.001610305958132,0.0064591896652965,0.0059044551798174,0.0123348017621145,0.0225442834138486,0.2615168588835946,0.0956011408512505,0.091545195179911,0.0297867539207943,0.0018214936247723,0.2727001135254636,False,train/val only,test,170207,1863,0.0167863256598277,0.3526570048309179
dgraphfin,transductive,sage,9,tpc_tta_graph,tpc_tta_graph,0.0478177150192554,0.0231461776026712,0.7202461385141673,0.028169014084507,0.0128824476650563,0.0281855549031121,0.0257648953301127,0.0273127753303964,0.0499194847020934,0.1378674202588612,-0.0077378479434981,-0.0082824540276312,0.043559718969555,0.0182149362477231,0.1424636844209497,False,train/val only,test,170207,1863,0.0265549812867581,0.2399355877616747
dgraphfin,transductive,gcn,10,tpc_tta_graph,tpc_tta_graph,0.0317761851308177,0.0144603531533645,0.572923490902214,0.022300469483568,0.0101986044015029,0.0275983558426306,0.025228126677402,0.0223201174743024,0.0407944176060118,0.1053364432720158,2.5965932696311863e-05,-0.0001257572800676,0.0262877442273534,0.0116959064327485,0.1118872039883672,False,train/val only,test,170207,1863,0.018933937024079,0.0987654320987654
dgraphfin,transductive,sage,10,tpc_tta_graph,tpc_tta_graph,0.0549126389834354,0.024907873770522,0.7308477275360993,0.0258215962441314,0.0118089103596349,0.0246623605402231,0.0225442834138486,0.0287812041116005,0.0526033279656468,0.1086618059186755,-0.0119443290402991,-0.0137301416377105,0.0449438202247191,0.0069930069930069,0.1115010439340766,False,train/val only,test,170207,1863,0.0319598520866349,0.1948470209339774
elliptic,strict_inductive,gcn,1,graphsafe_tta_full,graphsafe_tta_full,0.5148430873621713,0.4717374611402775,0.8773528689917924,0.7380952380952381,0.0572483841181902,0.7305389221556886,0.1126500461680517,0.6676646706586826,0.2059095106186519,0.1828434313137372,0.0733215547703179,0.0122504963625754,0.0,0.0,0.5966386554621849,False,train/val only,test,16670,1083,0.476078431372549,0.5604801477377654
elliptic,strict_inductive,sage,1,graphsafe_tta_full,graphsafe_tta_full,0.567829457364341,0.56803585336822,0.8810975846351586,0.988095238095238,0.0766389658356417,0.9461077844311376,0.1458910433979686,0.8353293413173652,0.2576177285318559,0.1727654469106178,0.0125348189415041,0.00270868614972,0.0,0.0,0.5861344537815126,False,train/val only,test,16670,1083,0.5973496432212029,0.541089566020314
elliptic,strict_inductive,gcn,2,graphsafe_tta_full,graphsafe_tta_full,0.5213903743315508,0.487640453428764,0.8739454612157858,0.8452380952380952,0.0655586334256694,0.8143712574850299,0.1255771006463527,0.7005988023952096,0.2160664819944598,0.1839232153569286,0.081149619611158,0.014887271538009,0.0,0.0,0.5945378151260504,False,train/val only,test,16670,1083,0.5038759689922481,0.5401662049861495
elliptic,strict_inductive,sage,2,graphsafe_tta_full,graphsafe_tta_full,0.5234234234234234,0.5722964995044744,0.8788807361960428,0.9523809523809524,0.0738688827331486,0.9640718562874252,0.1486611265004616,0.9221556886227544,0.2843951985226223,0.1839232153569286,0.1245583038869257,0.0277063895335254,0.0,0.0,0.6050420168067226,False,train/val only,test,16670,1083,0.5109938434476693,0.5364727608494921
elliptic,strict_inductive,gcn,3,graphsafe_tta_full,graphsafe_tta_full,0.4961739830849778,0.4753493633786706,0.8799293584675678,0.8333333333333334,0.064635272391505,0.7844311377245509,0.1209602954755309,0.7155688622754491,0.2206832871652816,0.1871025794841032,0.0409500409500409,0.0110484035074297,0.0,0.0,0.5987394957983193,False,train/val only,test,16670,1083,0.44,0.5687903970452447
elliptic,strict_inductive,sage,3,graphsafe_tta_full,graphsafe_tta_full,0.5028854080791427,0.5849091446974057,0.8869266306812369,0.988095238095238,0.0766389658356417,0.9880239520958084,0.1523545706371191,0.9461077844311376,0.2917820867959372,0.1858428314337132,0.1216931216931216,0.0296614395804887,0.0,0.0,0.5966386554621849,False,train/val only,test,16670,1083,0.4542069992553983,0.5632502308402585
elliptic,strict_inductive,gcn,4,graphsafe_tta_full,graphsafe_tta_full,0.5141552511415525,0.4175909681713168,0.8668608408373079,0.6666666666666666,0.051708217913204,0.6167664670658682,0.0951061865189289,0.5568862275449101,0.1717451523545706,0.1886022795440911,0.0718512256973795,0.0114654956988838,0.0,0.0,0.5945378151260504,False,train/val only,test,16670,1083,0.5085817524841915,0.5198522622345337
elliptic,strict_inductive,sage,4,graphsafe_tta_full,graphsafe_tta_full,0.5090403337969404,0.543665184201978,0.8688962693003457,0.9523809523809524,0.0738688827331486,0.9640718562874252,0.1486611265004616,0.9131736526946108,0.2816251154201292,0.1916616676664667,0.1678445229681978,0.0379811950735852,0.0,0.0,0.5945378151260504,False,train/val only,test,16670,1083,0.5111731843575419,0.5069252077562327
elliptic,strict_inductive,gcn,5,graphsafe_tta_full,graphsafe_tta_full,0.5085371481310568,0.4253381300624997,0.8697485433234753,0.7142857142857143,0.0554016620498614,0.6467065868263473,0.0997229916897507,0.592814371257485,0.1828254847645429,0.1915416916616676,0.0954063604240282,0.0149089932374826,0.0,0.0,0.5945378151260504,False,train/val only,test,16670,1083,0.5083025830258303,0.5087719298245614
elliptic,strict_inductive,sage,5,graphsafe_tta_full,graphsafe_tta_full,0.5150291610587707,0.5511069749796288,0.8722275843549574,0.988095238095238,0.0766389658356417,0.9760479041916168,0.1505078485687904,0.8712574850299402,0.2686980609418282,0.1869826034793041,0.1166077738515901,0.0230064767665764,0.0,0.0,0.6050420168067226,False,train/val only,test,16670,1083,0.5008726003490401,0.5300092336103417
elliptic,strict_inductive,gcn,6,graphsafe_tta_full,graphsafe_tta_full,0.5151237396883593,0.4253954387991079,0.8719350909241377,0.8214285714285714,0.0637119113573407,0.6526946107784432,0.100646352723915,0.5508982035928144,0.1698984302862419,0.1884823035392921,0.0481825866441251,0.0096515270037368,0.0,0.0,0.5945378151260504,False,train/val only,test,16670,1083,0.5113739763421292,0.5189289012003694
elliptic,strict_inductive,sage,6,graphsafe_tta_full,graphsafe_tta_full,0.5191768007483629,0.550669959261281,0.8760646834930806,0.9642857142857144,0.074792243767313,0.9580838323353292,0.1477377654662973,0.9011976047904192,0.2779316712834718,0.1883623275344931,0.1545936395759717,0.0305062463630374,0.0,0.0,0.6050420168067226,False,train/val only,test,16670,1083,0.5260663507109005,0.5124653739612188
elliptic,strict_inductive,gcn,7,graphsafe_tta_full,graphsafe_tta_full,0.5205479452054794,0.4373507060829475,0.8716250034580869,0.7976190476190477,0.061865189289012,0.6706586826347305,0.1034164358264081,0.5688622754491018,0.175438596491228,0.183623275344931,0.0608622147083685,0.0084125880256439,0.0,0.0,0.5966386554621849,False,train/val only,test,16670,1083,0.4991525423728813,0.543859649122807
elliptic,strict_inductive,sage,7,graphsafe_tta_full,graphsafe_tta_full,0.5848126232741617,0.5988955599647827,0.8804367716284156,0.988095238095238,0.0766389658356417,0.9880239520958084,0.1523545706371191,0.8832335329341318,0.2723915050784857,0.1680863827234553,0.038152610441767,0.0037232975466067,0.0,0.0,0.5945378151260504,False,train/val only,test,16670,1083,0.6275132275132275,0.5475530932594644
elliptic,strict_inductive,gcn,8,graphsafe_tta_full,graphsafe_tta_full,0.5229649840836744,0.4239494324048817,0.8734364189776017,0.6547619047619048,0.0507848568790397,0.6347305389221557,0.0978762696214219,0.5419161676646707,0.1671283471837488,0.1848230353929214,0.0667793744716821,0.0090103550365763,0.0,0.0,0.5903361344537815,False,train/val only,test,16670,1083,0.5152329749103942,0.530932594644506
elliptic,strict_inductive,sage,8,graphsafe_tta_full,graphsafe_tta_full,0.5792245093346099,0.5592367001310002,0.885956233741438,0.9523809523809524,0.0738688827331486,0.8562874251497006,0.1320406278855032,0.8023952095808383,0.247460757156048,0.1674265146970605,0.0321285140562249,0.0035575830392852,0.0,0.0,0.5987394957983193,False,train/val only,test,16670,1083,0.6013916500994035,0.5586334256694367
elliptic,strict_inductive,gcn,9,graphsafe_tta_full,graphsafe_tta_full,0.513229735405292,0.4528462353463413,0.8774826916456945,0.8571428571428571,0.0664819944598338,0.718562874251497,0.1108033240997229,0.6227544910179641,0.1920590951061865,0.1827834433113377,0.0481825866441251,0.0073839108926501,0.0,0.0,0.5861344537815126,False,train/val only,test,16670,1083,0.4707241910631741,0.564173591874423
elliptic,strict_inductive,sage,9,graphsafe_tta_full,graphsafe_tta_full,0.6018264840182648,0.622940149376294,0.8951871190809919,1.0,0.077562326869806,0.9880239520958084,0.1523545706371191,0.9041916167664672,0.2788550323176362,0.1540491901619676,0.0050282840980515,0.0005276052545065,0.0,0.0,0.5861344537815126,False,train/val only,test,16670,1083,0.5953026196928636,0.6084949215143121
elliptic,strict_inductive,gcn,10,graphsafe_tta_full,graphsafe_tta_full,0.5089328826653791,0.4782420541914655,0.8760944807985394,0.8333333333333334,0.064635272391505,0.8263473053892215,0.1274238227146814,0.7005988023952096,0.2160664819944598,0.1944211157768446,0.1342756183745583,0.0202977513282371,0.0,0.0,0.5945378151260504,False,train/val only,test,16670,1083,0.5334008097165992,0.4866112650046168
elliptic,strict_inductive,sage,10,graphsafe_tta_full,graphsafe_tta_full,0.5147842947164323,0.5552023075588478,0.8776331295327966,0.9761904761904762,0.0757156048014773,0.9640718562874252,0.1486611265004616,0.8982035928143712,0.2770083102493075,0.1925014997000599,0.1298586572438163,0.0301316793349645,0.0,0.0,0.5945378151260504,False,train/val only,test,16670,1083,0.5418367346938775,0.4903047091412742
elliptic,inductive_isolated,gcn,1,graphsafe_tta_full,graphsafe_tta_full,0.5148430873621713,0.4710412324809423,0.8774715546806324,0.7619047619047619,0.0590951061865189,0.7305389221556886,0.1126500461680517,0.6676646706586826,0.2059095106186519,0.1828434313137372,0.1139575971731448,0.0196742573599846,0.0,0.0,0.5966386554621849,False,train/val only,test,16670,1083,0.476078431372549,0.5604801477377654
elliptic,inductive_isolated,sage,1,graphsafe_tta_full,graphsafe_tta_full,0.5110647181628393,0.4299465513698834,0.8729945539648455,0.7619047619047619,0.0590951061865189,0.6167664670658682,0.0951061865189289,0.5449101796407185,0.1680517082179132,0.1832633473305339,0.0233576642335766,0.0047783276130826,0.0,0.0,0.5966386554621849,False,train/val only,test,16670,1083,0.4664634146341463,0.5650969529085873
elliptic,inductive_isolated,gcn,2,graphsafe_tta_full,graphsafe_tta_full,0.5213903743315508,0.4875784544813856,0.8743075606782436,0.8333333333333334,0.064635272391505,0.8203592814371258,0.1265004616805171,0.7005988023952096,0.2160664819944598,0.1839232153569286,0.1572438162544169,0.0262057098062929,0.0,0.0,0.5945378151260504,False,train/val only,test,16670,1083,0.5038759689922481,0.5401662049861495
elliptic,inductive_isolated,sage,2,graphsafe_tta_full,graphsafe_tta_full,0.5213903743315508,0.4866874001766001,0.8738670581665321,0.8333333333333334,0.064635272391505,0.8143712574850299,0.1255771006463527,0.7005988023952096,0.2160664819944598,0.1839232153569286,0.0806878306878307,0.012131724834178,0.0,0.0,0.5945378151260504,False,train/val only,test,16670,1083,0.5038759689922481,0.5401662049861495
elliptic,inductive_isolated,gcn,3,graphsafe_tta_full,graphsafe_tta_full,0.5012305168170631,0.505346890529644,0.8824088437928688,0.8333333333333334,0.064635272391505,0.8562874251497006,0.1320406278855032,0.7425149700598802,0.2289935364727608,0.1862027594481103,0.1457597173144876,0.0165471247971474,0.0,0.0,0.5987394957983193,False,train/val only,test,16670,1083,0.4509225092250922,0.564173591874423
elliptic,inductive_isolated,sage,3,graphsafe_tta_full,graphsafe_tta_full,0.497564935064935,0.470685271804942,0.8795020662920736,0.9047619047619048,0.0701754385964912,0.7724550898203593,0.1191135734072022,0.6347305389221557,0.1957525392428439,0.1870425914817036,0.0848056537102473,0.0193917143243031,0.0,0.0,0.5987394957983193,False,train/val only,test,16670,1083,0.443881245474294,0.5660203139427517
elliptic,inductive_isolated,gcn,4,graphsafe_tta_full,graphsafe_tta_full,0.5137111517367459,0.5093601202941178,0.8703977454517494,0.9047619047619048,0.0701754385964912,0.8922155688622755,0.1375807940904893,0.8143712574850299,0.2511542012927054,0.1888422315536892,0.1731448763250883,0.0184642778348353,0.0,0.0,0.5945378151260504,False,train/val only,test,16670,1083,0.5085972850678733,0.5189289012003694
elliptic,inductive_isolated,sage,4,graphsafe_tta_full,graphsafe_tta_full,0.5141552511415525,0.4164331473721743,0.8667293594864817,0.6666666666666666,0.051708217913204,0.6167664670658682,0.0951061865189289,0.5568862275449101,0.1717451523545706,0.1886022795440911,0.1068904593639575,0.0206827540081774,0.0,0.0,0.5945378151260504,False,train/val only,test,16670,1083,0.5085817524841915,0.5198522622345337
elliptic,inductive_isolated,gcn,5,graphsafe_tta_full,graphsafe_tta_full,0.5144144144144144,0.4389269650306302,0.8703979527888649,0.7261904761904762,0.0563250230840258,0.6946107784431138,0.1071098799630655,0.6227544910179641,0.1920590951061865,0.1875224955008998,0.0971731448763251,0.0093166602700367,0.0,0.0,0.5945378151260504,False,train/val only,test,16670,1083,0.5021987686895338,0.5272391505078485
elliptic,inductive_isolated,sage,5,graphsafe_tta_full,graphsafe_tta_full,0.5080500894454383,0.4253039757655208,0.8665500721207346,0.8333333333333334,0.064635272391505,0.6586826347305389,0.1015697137580794,0.5568862275449101,0.1717451523545706,0.1895620875824835,0.0256183745583038,0.0078239008043882,0.0,0.0,0.5945378151260504,False,train/val only,test,16670,1083,0.4926279271465741,0.5244690674053555
elliptic,inductive_isolated,gcn,6,graphsafe_tta_full,graphsafe_tta_full,0.5141811527904849,0.4259116181074172,0.8725301188260857,0.7619047619047619,0.0590951061865189,0.6347305389221557,0.0978762696214219,0.5598802395209581,0.1726685133887349,0.1887222555488902,0.1307420494699646,0.0118078692743926,0.0,0.0,0.5945378151260504,False,train/val only,test,16670,1083,0.5095194922937444,0.5189289012003694
elliptic,inductive_isolated,sage,6,graphsafe_tta_full,graphsafe_tta_full,0.507366482504604,0.4349252925163062,0.8689611065783268,0.8571428571428571,0.0664819944598338,0.7664670658682635,0.1181902123730378,0.5718562874251497,0.1763619575253924,0.1918416316736652,0.1139575971731448,0.0197982215198583,0.0,0.0,0.5945378151260504,False,train/val only,test,16670,1083,0.5059687786960514,0.5087719298245614
elliptic,inductive_isolated,gcn,7,graphsafe_tta_full,graphsafe_tta_full,0.5190771960958297,0.5125100369955375,0.8728673082150934,0.8809523809523809,0.0683287165281625,0.9221556886227544,0.1421975992613111,0.8143712574850299,0.2511542012927054,0.1845230953809238,0.1289752650176678,0.0193413626180901,0.0,0.0,0.5966386554621849,False,train/val only,test,16670,1083,0.4995730145175064,0.5401662049861495
elliptic,inductive_isolated,sage,7,graphsafe_tta_full,graphsafe_tta_full,0.512866015971606,0.4544835780038768,0.8692695649670414,0.9047619047619048,0.0701754385964912,0.7664670658682635,0.1181902123730378,0.6137724550898204,0.1892890120036934,0.1870425914817036,0.0759717314487632,0.0145519968946764,0.0,0.0,0.5966386554621849,False,train/val only,test,16670,1083,0.4935952177625961,0.5337026777469991
elliptic,inductive_isolated,gcn,8,graphsafe_tta_full,graphsafe_tta_full,0.5229649840836744,0.4300265747739024,0.8734368928910087,0.6785714285714286,0.0526315789473684,0.6347305389221557,0.0978762696214219,0.5419161676646707,0.1671283471837488,0.1848230353929214,0.1351590106007067,0.0178260404974534,0.0,0.0,0.5903361344537815,False,train/val only,test,16670,1083,0.5152329749103942,0.530932594644506
elliptic,inductive_isolated,sage,8,graphsafe_tta_full,graphsafe_tta_full,0.5196211096075778,0.4136188536268113,0.8657819769665052,0.7023809523809523,0.0544783010156971,0.6047904191616766,0.0932594644506001,0.5359281437125748,0.1652816251154201,0.1855428914217156,0.0163800163800163,0.0041556976095293,0.0,0.0,0.592436974789916,False,train/val only,test,16670,1083,0.5079365079365079,0.5318559556786704
elliptic,inductive_isolated,gcn,9,graphsafe_tta_full,graphsafe_tta_full,0.5137693631669534,0.5280269451190285,0.879992951722856,0.8928571428571429,0.0692520775623268,0.9281437125748504,0.1431209602954755,0.8383233532934131,0.2585410895660203,0.1844031193761247,0.1148409893992933,0.0117946994401683,0.0,0.0,0.5861344537815126,False,train/val only,test,16670,1083,0.4810636583400483,0.5512465373961218
elliptic,inductive_isolated,sage,9,graphsafe_tta_full,graphsafe_tta_full,0.5150360016941974,0.4694736419663315,0.8784370347688348,0.9047619047619048,0.0701754385964912,0.7664670658682635,0.1181902123730378,0.6437125748502994,0.198522622345337,0.1826634673065386,0.044973544973545,0.0089065747655779,0.0,0.0,0.5861344537815126,False,train/val only,test,16670,1083,0.4757433489827856,0.5614035087719298
elliptic,inductive_isolated,gcn,10,graphsafe_tta_full,graphsafe_tta_full,0.5089328826653791,0.4822164257785733,0.8764570245548161,0.8333333333333334,0.064635272391505,0.8263473053892215,0.1274238227146814,0.7005988023952096,0.2160664819944598,0.1944211157768446,0.2040636042402826,0.0280353204970229,0.0,0.0,0.5945378151260504,False,train/val only,test,16670,1083,0.5334008097165992,0.4866112650046168
elliptic,inductive_isolated,sage,10,graphsafe_tta_full,graphsafe_tta_full,0.5089328826653791,0.47758836237046,0.8758015134543128,0.8452380952380952,0.0655586334256694,0.8263473053892215,0.1274238227146814,0.7005988023952096,0.2160664819944598,0.1944211157768446,0.0954063604240282,0.019928591170236,0.0,0.0,0.5945378151260504,False,train/val only,test,16670,1083,0.5334008097165992,0.4866112650046168
elliptic,transductive,gcn,1,graphsafe_tta_full,graphsafe_tta_full,0.5273997793306362,0.3696964689832989,0.8654326731660336,0.3095238095238095,0.0240073868882733,0.4251497005988024,0.0655586334256694,0.3982035928143712,0.1228070175438596,0.1649070185962807,0.1072992700729927,0.0127555136285644,0.0,0.0,0.5966386554621849,False,train/val only,test,16670,1083,0.4382640586797066,0.6620498614958449
elliptic,transductive,sage,1,graphsafe_tta_full,graphsafe_tta_full,0.5012267788293026,0.447093399390547,0.8537938041864445,0.9523809523809524,0.0738688827331486,0.7005988023952096,0.1080332409972299,0.5508982035928144,0.1698984302862419,0.1736652669466107,0.1113445378151261,0.0204415754540222,0.0,0.0,0.707983193277311,False,train/val only,test,16670,1083,0.403954802259887,0.6602031394275162
elliptic,transductive,gcn,2,graphsafe_tta_full,graphsafe_tta_full,0.5250368188512519,0.4344620932444881,0.8607342660304617,0.5119047619047619,0.0397045244690674,0.5988023952095808,0.0923361034164358,0.6347305389221557,0.1957525392428439,0.1661667666466706,0.0700729927007299,0.0141492139526662,0.0,0.0,0.5966386554621849,False,train/val only,test,16670,1083,0.4366197183098591,0.6583564173591875
elliptic,transductive,sage,2,graphsafe_tta_full,graphsafe_tta_full,0.5818847209515097,0.5440721956998189,0.871110303878608,0.8928571428571429,0.0692520775623268,0.844311377245509,0.1301939058171745,0.7544910179640718,0.2326869806094182,0.1620875824835033,0.0608622147083685,0.0111923891522765,0.0,0.0,0.5966386554621849,False,train/val only,test,16670,1083,0.5766092475067996,0.5872576177285319
elliptic,transductive,gcn,3,graphsafe_tta_full,graphsafe_tta_full,0.563130294473578,0.3824422186226234,0.8699940304682484,0.4404761904761904,0.0341643582640812,0.4011976047904191,0.061865189289012,0.3622754491017964,0.1117266851338873,0.1573485302939412,0.0386861313868613,0.0066737795155595,0.0,0.0,0.5966386554621849,False,train/val only,test,16670,1083,0.5,0.644506001846722
elliptic,transductive,sage,3,graphsafe_tta_full,graphsafe_tta_full,0.5509554140127388,0.555314980492425,0.8681089510335489,0.988095238095238,0.0766389658356417,0.9520958083832336,0.1468144044321329,0.7604790419161677,0.234533702677747,0.1614877024595081,0.0247349823321554,0.008995314751884,0.0,0.0,0.615546218487395,False,train/val only,test,16670,1083,0.4842547235829251,0.6389658356417359
elliptic,transductive,gcn,4,graphsafe_tta_full,graphsafe_tta_full,0.5278276481149012,0.460924243120203,0.8639892514069748,0.7023809523809523,0.0544783010156971,0.7005988023952096,0.1080332409972299,0.6227544910179641,0.1920590951061865,0.1623875224955009,0.0737226277372262,0.0143627649618637,0.0,0.0,0.6050420168067226,False,train/val only,test,16670,1083,0.4318448883666275,0.6786703601108033
elliptic,transductive,sage,4,graphsafe_tta_full,graphsafe_tta_full,0.5526729559748429,0.5369115042180055,0.8736427194075419,1.0,0.077562326869806,0.9221556886227544,0.1421975992613111,0.7544910179640718,0.2326869806094182,0.1594481103779244,0.0401606425702811,0.0079170425262441,0.0,0.0,0.6092436974789915,False,train/val only,test,16670,1083,0.4811772758384668,0.6491228070175439
elliptic,transductive,gcn,5,graphsafe_tta_full,graphsafe_tta_full,0.5333817126269956,0.4480937300621227,0.8666104072213503,0.5833333333333334,0.0452446906740535,0.6287425149700598,0.0969529085872576,0.6287425149700598,0.1939058171745152,0.1606478704259148,0.0897810218978102,0.0111089065330771,0.0,0.0,0.5945378151260504,False,train/val only,test,16670,1083,0.4393305439330544,0.6786703601108033
elliptic,transductive,sage,5,graphsafe_tta_full,graphsafe_tta_full,0.5367088607594936,0.4336331027760166,0.8633385386797163,0.8333333333333334,0.064635272391505,0.6407185628742516,0.0987996306555863,0.5089820359281437,0.1569713758079409,0.173125374925015,0.0859788359788359,0.0250875534617645,0.0,0.0,0.6071428571428571,False,train/val only,test,16670,1083,0.4941724941724941,0.5872576177285319
elliptic,transductive,gcn,6,graphsafe_tta_full,graphsafe_tta_full,0.5369496855345911,0.368571759798725,0.8643571859282551,0.5476190476190477,0.0424746075715604,0.4311377245508982,0.0664819944598338,0.3323353293413174,0.1024930747922437,0.1666466706658668,0.0759124087591241,0.0100688036659994,0.0,0.0,0.5945378151260504,False,train/val only,test,16670,1083,0.4674880219028063,0.6306555863342567
elliptic,transductive,sage,6,graphsafe_tta_full,graphsafe_tta_full,0.5667947076397781,0.5631574012144592,0.8699020024085464,0.9761904761904762,0.0757156048014773,0.9461077844311376,0.1458910433979686,0.8173652694610778,0.2520775623268698,0.1614277144571085,0.0305532617671346,0.0066972633817299,0.0,0.0,0.6029411764705882,False,train/val only,test,16670,1083,0.526984126984127,0.6131117266851339
elliptic,transductive,gcn,7,graphsafe_tta_full,graphsafe_tta_full,0.523109243697479,0.4561742304600689,0.8714444720696468,0.5833333333333334,0.0452446906740535,0.6227544910179641,0.0960295475530932,0.6377245508982036,0.1966759002770083,0.1623275344931014,0.1043795620437956,0.0148521903100339,0.0,0.0,0.6008403361344538,False,train/val only,test,16670,1083,0.4213197969543147,0.6897506925207756
elliptic,transductive,sage,7,graphsafe_tta_full,graphsafe_tta_full,0.5444983818770226,0.5003291546629858,0.8710303902303699,0.9523809523809524,0.0738688827331486,0.8023952095808383,0.123730378578024,0.6676646706586826,0.2059095106186519,0.1659268146370726,0.0568783068783068,0.0169757442791329,0.0,0.0,0.6050420168067226,False,train/val only,test,16670,1083,0.4845212383009359,0.6214219759926131
elliptic,transductive,gcn,8,graphsafe_tta_full,graphsafe_tta_full,0.5170517051705171,0.3421880218425089,0.8498224986954053,0.4047619047619047,0.0313942751615881,0.3712574850299401,0.0572483841181902,0.3383233532934132,0.1043397968605724,0.1697060587882423,0.0671532846715328,0.0131554474997078,0.0,0.0,0.6365546218487395,False,train/val only,test,16670,1083,0.4288321167883211,0.6509695290858726
elliptic,transductive,sage,8,graphsafe_tta_full,graphsafe_tta_full,0.5125673249551167,0.4526179073985875,0.8716851312215871,0.75,0.0581717451523545,0.6766467065868264,0.1043397968605724,0.6137724550898204,0.1892890120036934,0.1880023995200959,0.1033568904593639,0.0260599165315612,0.0,0.0,0.6050420168067226,False,train/val only,test,16670,1083,0.4986899563318777,0.5272391505078485
elliptic,transductive,gcn,9,graphsafe_tta_full,graphsafe_tta_full,0.531441717791411,0.4184292319938977,0.859749947884335,0.5833333333333334,0.0452446906740535,0.6167664670658682,0.0951061865189289,0.5808383233532934,0.1791320406278855,0.1668866226754649,0.0737226277372262,0.0107749559412711,0.0,0.0,0.5945378151260504,False,train/val only,test,16670,1083,0.4544262295081967,0.6398891966759003
elliptic,transductive,sage,9,graphsafe_tta_full,graphsafe_tta_full,0.548227535037098,0.5038806709480083,0.8653814312789128,0.9523809523809524,0.0738688827331486,0.8323353293413174,0.1283471837488458,0.6856287425149701,0.211449676823638,0.1660467906418716,0.0502008032128513,0.011973817817863,0.0,0.0,0.6197478991596639,False,train/val only,test,16670,1083,0.4951600893521966,0.6140350877192983
elliptic,transductive,gcn,10,graphsafe_tta_full,graphsafe_tta_full,0.5171075837742505,0.3665060708337991,0.8534285058084901,0.3333333333333333,0.025854108956602,0.4491017964071856,0.0692520775623268,0.4341317365269461,0.1338873499538319,0.1661067786442711,0.1321167883211678,0.0163655876290389,0.0,0.0,0.6071428571428571,False,train/val only,test,16670,1083,0.41837899543379,0.6768236380424746
elliptic,transductive,sage,10,graphsafe_tta_full,graphsafe_tta_full,0.5451263537906137,0.5151870678433143,0.8720586934645742,0.9166666666666666,0.0710987996306555,0.8083832335329342,0.1246537396121883,0.7275449101796407,0.224376731301939,0.1754049190161967,0.1022823330515638,0.0247391527761224,0.0,0.0,0.5966386554621849,False,train/val only,test,16670,1083,0.5330979699911739,0.5577100646352724
dgraphfin,strict_inductive,gcn,1,graphsafe_tta_full,graphsafe_tta_full,0.0261981559651106,0.0124055140776757,0.5688201667883024,0.0082159624413145,0.0037573805689747,0.0076335877862595,0.0069779924852388,0.0085168869309838,0.0155662909286097,0.5657405394607742,0.0,0.0,0.0220359281437125,0.0018214936247723,0.5776056085562349,False,train/val only,test,170207,1863,0.0133571640086298,0.677938808373591
dgraphfin,strict_inductive,sage,1,graphsafe_tta_full,graphsafe_tta_full,0.0638808440215142,0.027914514496628,0.7329447263991231,0.0434272300469483,0.0198604401502952,0.0428655314151497,0.0391841116478797,0.0405286343612334,0.074074074074074,0.10117680236418,0.0,0.0,0.0579920260964117,0.0255009107468123,0.106858868997379,False,train/val only,test,170207,1863,0.0377616904715319,0.2071926999463231
dgraphfin,strict_inductive,gcn,2,graphsafe_tta_full,graphsafe_tta_full,0.0525495088102292,0.017968435285027,0.6152330721397632,0.0375586854460093,0.0171765968867418,0.0322959483264826,0.0295222758990874,0.0314243759177679,0.0574342458400429,0.1072576333523298,0.0107503290917068,0.0099942609275795,0.0459540459540459,0.0186480186480186,0.111783340257582,False,train/val only,test,170207,1863,0.0307397610143208,0.1808910359634997
dgraphfin,strict_inductive,sage,2,graphsafe_tta_full,graphsafe_tta_full,0.060895368339569,0.025521005115949,0.7133239228552001,0.0305164319248826,0.0139559849704777,0.0334703464474456,0.0305958132045088,0.0361233480176211,0.0660225442834138,0.1182207547280664,0.0271500658183413,0.0212052652330853,0.056768558951965,0.0256410256410256,0.1214073119808093,False,train/val only,test,170207,1863,0.0346066427157416,0.2533548040794418
dgraphfin,strict_inductive,gcn,3,graphsafe_tta_full,graphsafe_tta_full,0.0255420302803082,0.0111828373798766,0.5386288017361072,0.0164319248826291,0.0075147611379495,0.0146799765120375,0.013419216317767,0.0093979441997063,0.0171765968867418,0.7238715211477789,-0.0078982009653356,-0.0105025720138068,0.0231797004351006,0.0093240093240093,0.7445079567408234,False,train/val only,test,170207,1863,0.0129636677220058,0.8593666129898014
dgraphfin,strict_inductive,sage,3,graphsafe_tta_full,graphsafe_tta_full,0.0648718780408692,0.0279465111095142,0.7331816766751841,0.0363849765258215,0.0166398282340311,0.0428655314151497,0.0391841116478797,0.0399412628487518,0.0730005367686527,0.1167225789773628,0.0,0.0,0.0567129629629629,0.023391812865497,0.1210963528941406,False,train/val only,test,170207,1863,0.0368949232585596,0.2683843263553409
dgraphfin,strict_inductive,gcn,4,graphsafe_tta_full,graphsafe_tta_full,0.0367081113084665,0.0174888957659542,0.6504283292302149,0.0152582159624413,0.0069779924852388,0.017615971814445,0.0161030595813204,0.0220264317180616,0.0402576489533011,0.1938991933351742,0.0820809565598947,0.0682141898069422,0.0322483423749246,0.0146198830409356,0.2047154133776485,False,train/val only,test,170207,1863,0.0196275605214152,0.2828770799785292
dgraphfin,strict_inductive,sage,4,graphsafe_tta_full,graphsafe_tta_full,0.0476278043398308,0.0228606717799804,0.7291494885010268,0.022300469483568,0.0101986044015029,0.0240751614797416,0.0220075147611379,0.0261380323054331,0.0477724100912506,0.1533191936876861,0.0156318560772268,0.0145346262117286,0.043601130399677,0.0145719489981785,0.156456843321043,False,train/val only,test,170207,1863,0.0260445472371662,0.2780461621041331
dgraphfin,strict_inductive,gcn,5,graphsafe_tta_full,graphsafe_tta_full,0.0221536664635384,0.0103075248707999,0.4867603947559363,0.0058685446009389,0.0026838432635534,0.004697592483852,0.0042941492216854,0.0067547723935389,0.0123456790123456,0.907824002538086,0.0,0.0,0.0191520080143787,0.0023310023310023,0.91479267222466,False,train/val only,test,170207,1863,0.0112093940503491,0.9366612989801396
dgraphfin,strict_inductive,sage,5,graphsafe_tta_full,graphsafe_tta_full,0.0520470102027637,0.0237047320531338,0.7291617483705183,0.0246478873239436,0.0112721417069243,0.0252495596007046,0.0230810520665593,0.0255506607929515,0.0466988727858293,0.1973361847632588,0.0,0.0,0.0446304044630404,0.0127504553734061,0.2078214129003949,False,train/val only,test,170207,1863,0.027689030883919,0.4326355340848094
dgraphfin,strict_inductive,gcn,6,graphsafe_tta_full,graphsafe_tta_full,0.0440078390513755,0.0180069612588202,0.6651610813570934,0.0152582159624413,0.0069779924852388,0.0229007633587786,0.0209339774557165,0.0155653450807635,0.0284487385936661,0.2493493217082728,-0.1333350643955131,-0.1388077626539692,0.0401712216002634,0.0147329650092081,0.2572674418604651,False,train/val only,test,170207,1863,0.0230701206824802,0.4761137949543746
dgraphfin,strict_inductive,sage,6,graphsafe_tta_full,graphsafe_tta_full,0.0532564323433579,0.0240303179020403,0.726154826457769,0.0269953051643192,0.0123456790123456,0.0328831473869641,0.0300590445517981,0.0290748898678414,0.0531400966183574,0.175592073181479,0.0,0.0,0.0478048780487804,0.0175438596491228,0.1819877139096094,False,train/val only,test,170207,1863,0.0286254931959094,0.3816425120772946
dgraphfin,strict_inductive,gcn,7,graphsafe_tta_full,graphsafe_tta_full,0.0441799052688938,0.0214931107643518,0.704747661084737,0.0187793427230046,0.0085882984433709,0.0246623605402231,0.0225442834138486,0.0293685756240822,0.0536768652710681,0.1653692268825606,0.0094888108819657,0.0088378961287477,0.0396158463385354,0.0147329650092081,0.1707519734108849,False,train/val only,test,170207,1863,0.0239610802946258,0.2828770799785292
dgraphfin,strict_inductive,sage,7,graphsafe_tta_full,graphsafe_tta_full,0.0578709033694067,0.0243058913240437,0.7145232266527637,0.0293427230046948,0.013419216317767,0.0311215502055196,0.0284487385936661,0.0358296622613803,0.0654857756307031,0.1070402509885022,-0.0474616104682427,-0.0496912505334175,0.0483736447039199,0.0239410681399631,0.1100955546323223,False,train/val only,test,170207,1863,0.0337632097438653,0.202361782071927
dgraphfin,strict_inductive,gcn,8,graphsafe_tta_full,graphsafe_tta_full,0.0389239143203978,0.0182671448933582,0.6762776582336876,0.022300469483568,0.0101986044015029,0.0217263652378156,0.0198604401502952,0.0161527165932452,0.0295222758990874,0.176297097064163,-0.2050775176580338,-0.2147349089824052,0.0355196061192192,0.0165745856353591,0.1796582883257166,False,train/val only,test,170207,1863,0.0209934949733885,0.2667740203972088
dgraphfin,strict_inductive,sage,8,graphsafe_tta_full,graphsafe_tta_full,0.0490116340747551,0.0160103456683777,0.5660429795249147,0.022300469483568,0.0101986044015029,0.0211391661773341,0.0193236714975845,0.016446402349486,0.0300590445517981,0.1854976587331895,-0.1967179061071873,-0.2049058067179659,0.0453369846341092,0.0165745856353591,0.1932591048705572,False,train/val only,test,170207,1863,0.0262341005451241,0.3719806763285024
dgraphfin,strict_inductive,gcn,9,graphsafe_tta_full,graphsafe_tta_full,0.0309356774575268,0.0146457734493615,0.6023535132762047,0.0035211267605633,0.001610305958132,0.0064591896652965,0.0059044551798174,0.0123348017621145,0.0225442834138486,0.1698990053288055,0.0,0.0,0.0293879751954704,0.0018214936247723,0.1779760600689119,False,train/val only,test,170207,1863,0.0167897609982109,0.1964573268921095
dgraphfin,strict_inductive,sage,9,graphsafe_tta_full,graphsafe_tta_full,0.0476394237626586,0.022999765001212,0.7204263697555212,0.0293427230046948,0.013419216317767,0.0287727539635936,0.0263016639828234,0.0276064610866372,0.050456253354804,0.1496941958908858,0.0,0.0,0.0424369747899159,0.0127504553734061,0.152947447914353,False,train/val only,test,170207,1863,0.0261345852895148,0.2689210950080515
dgraphfin,strict_inductive,gcn,10,graphsafe_tta_full,graphsafe_tta_full,0.032282991328239,0.0144974566077533,0.5735070830096664,0.0234741784037558,0.0107353730542136,0.0281855549031121,0.0257648953301127,0.0223201174743024,0.0407944176060118,0.1055832016309552,0.0,0.0,0.0268741159830268,0.0116959064327485,0.1120689655172413,False,train/val only,test,170207,1863,0.0192150449713818,0.1009125067096081
dgraphfin,strict_inductive,sage,10,graphsafe_tta_full,graphsafe_tta_full,0.0464019473604138,0.021032236526903,0.6775715734688287,0.0246478873239436,0.0112721417069243,0.0322959483264826,0.0295222758990874,0.0317180616740088,0.0579710144927536,0.1102657352517816,-0.0127492729538845,-0.0175802529693622,0.0423590746171391,0.0175438596491228,0.1140423764021603,False,train/val only,test,170207,1863,0.0270318177789594,0.1637144390767579
dgraphfin,inductive_isolated,gcn,1,graphsafe_tta_full,graphsafe_tta_full,0.0286860385480872,0.0135745812837729,0.6036546983429298,0.0058685446009389,0.0026838432635534,0.0099823840281855,0.0091250670960815,0.0117474302496328,0.0214707461084272,0.592607824590058,0.0,0.0,0.0243913177475454,0.0054644808743169,0.6148255813953488,False,train/val only,test,170207,1863,0.0146093057091891,0.7869028448738594
dgraphfin,inductive_isolated,sage,1,graphsafe_tta_full,graphsafe_tta_full,0.041684296303261,0.0206581228610096,0.7100041478853119,0.0199530516431924,0.0091250670960815,0.0211391661773341,0.0193236714975845,0.0176211453744493,0.0322061191626409,0.3718119701304881,0.0,0.0,0.0368202017352049,0.0182149362477231,0.3833644142167617,False,train/val only,test,170207,1863,0.0214689265536723,0.7139023081052066
dgraphfin,inductive_isolated,gcn,2,graphsafe_tta_full,graphsafe_tta_full,0.0461291237357028,0.0233204386765956,0.7093610180891521,0.0305164319248826,0.0139559849704777,0.0369935408103347,0.0338164251207729,0.0325991189427312,0.0595813204508856,0.0973344222035521,2.596593269629799e-05,-2.9665793188700385e-05,0.0415368639667705,0.0209790209790209,0.1012838168006752,False,train/val only,test,170207,1863,0.0279944928866452,0.1309715512614063
dgraphfin,inductive_isolated,sage,2,graphsafe_tta_full,graphsafe_tta_full,0.0467433644351843,0.0229202821652106,0.7017250420751069,0.028169014084507,0.0128824476650563,0.0381679389312977,0.0348899624261943,0.0302496328928047,0.0552871712292002,0.099543497035962,0.0028562525965932,0.0022193487661425,0.0433624952453404,0.0209790209790209,0.1039416285832987,False,train/val only,test,170207,1863,0.0281168265039232,0.1384863123993558
dgraphfin,inductive_isolated,gcn,3,graphsafe_tta_full,graphsafe_tta_full,0.0250766011801675,0.0103761889713805,0.508251512335412,0.0152582159624413,0.0069779924852388,0.0135055783910745,0.0123456790123456,0.0091042584434654,0.0166398282340311,0.7371083445451715,0.0030671791909817,0.0026761542308799,0.0226996659580929,0.009208103130755,0.756099504072975,False,train/val only,test,170207,1863,0.0127240627932498,0.8588298443370908
dgraphfin,inductive_isolated,sage,3,graphsafe_tta_full,graphsafe_tta_full,0.0251928853289357,0.0181167086995099,0.6730038171207289,0.0082159624413145,0.0037573805689747,0.0099823840281855,0.0091250670960815,0.0126284875183553,0.0230810520665593,0.781507223557198,0.0933797718297498,0.0504267363014288,0.0218689206413094,0.0069930069930069,0.8015028521281263,False,train/val only,test,170207,1863,0.0127716113429226,0.9184111647879764
dgraphfin,inductive_isolated,gcn,4,graphsafe_tta_full,graphsafe_tta_full,0.0388590897580515,0.0179527287695615,0.6541301290670595,0.0105633802816901,0.0048309178743961,0.0317087492660011,0.0289855072463768,0.0237885462555066,0.0434782608695652,0.2692427455980071,0.0577555945590171,0.0534223581436869,0.0349336261103902,0.0233100233100233,0.2834850811759544,False,train/val only,test,170207,1863,0.0203001731768327,0.4530327428878153
dgraphfin,inductive_isolated,sage,4,graphsafe_tta_full,graphsafe_tta_full,0.0337370242214532,0.01791801998392,0.6525040032539255,0.022300469483568,0.0101986044015029,0.0229007633587786,0.0209339774557165,0.02143906020558,0.0391841116478797,0.0804079738201131,-0.1249377601625206,-0.1369458895515678,0.0286624203821656,0.0165745856353591,0.0842334856668051,False,train/val only,test,170207,1863,0.0230632761679479,0.0628019323671497
dgraphfin,inductive_isolated,gcn,5,graphsafe_tta_full,graphsafe_tta_full,0.0215864478407549,0.0082168269456016,0.3765554936599544,0.0011737089201877,0.0005367686527106,0.0005871990604815,0.0005367686527106,0.0035242290748898,0.0064412238325281,0.9591262404013936,0.0,0.0,0.0187587756248244,0.0,0.9611289987536352,False,train/val only,test,170207,1863,0.0109152941604997,0.9651100375738056
dgraphfin,inductive_isolated,sage,5,graphsafe_tta_full,graphsafe_tta_full,0.0408613367111243,0.0181759700067814,0.6883377938851738,0.0164319248826291,0.0075147611379495,0.0193775689958896,0.0177133655394524,0.019676945668135,0.0359634997316156,0.3897078263526177,0.0,0.0,0.0365345869711215,0.0116550116550116,0.4011079420798596,False,train/val only,test,170207,1863,0.0210140706906593,0.7359098228663447
dgraphfin,inductive_isolated,gcn,6,graphsafe_tta_full,graphsafe_tta_full,0.0401742145052511,0.0177426451267855,0.6682664600657054,0.0199530516431924,0.0091250670960815,0.017615971814445,0.0161030595813204,0.0161527165932452,0.0295222758990874,0.3985088744881233,0.0122860903905221,0.0103389804105097,0.0364420062695924,0.0163170163170163,0.4115291794646775,False,train/val only,test,170207,1863,0.0206474216925196,0.74020397208803
dgraphfin,inductive_isolated,sage,6,graphsafe_tta_full,graphsafe_tta_full,0.0430597771023302,0.0189247226626229,0.7029296898365892,0.0176056338028169,0.0080515297906602,0.0146799765120375,0.013419216317767,0.0170337738619676,0.0311325818572195,0.3467659966981381,0.0,0.0,0.0377955127239873,0.0093240093240093,0.3604651162790697,False,train/val only,test,170207,1863,0.0222291960876614,0.6843800322061192
dgraphfin,inductive_isolated,gcn,7,graphsafe_tta_full,graphsafe_tta_full,0.0462530575939515,0.0223212357057519,0.7096084570103866,0.022300469483568,0.0101986044015029,0.0340575455079271,0.0311325818572195,0.0293685756240822,0.0536768652710681,0.1575552121828126,0.0012340939008336,0.0009763495937281,0.0402620226873302,0.0233100233100233,0.1625727046115496,False,train/val only,test,170207,1863,0.0252157889632431,0.2791196994095545
dgraphfin,inductive_isolated,sage,7,graphsafe_tta_full,graphsafe_tta_full,0.0463614760346141,0.0222310170681056,0.7060629936263474,0.0234741784037558,0.0107353730542136,0.0305343511450381,0.0279119699409554,0.0299559471365638,0.0547504025764895,0.1565916795431445,0.0,0.0,0.0405535886707434,0.012891344383057,0.161663896967179,False,train/val only,test,170207,1863,0.0252935420743639,0.2775093934514224
dgraphfin,inductive_isolated,gcn,8,graphsafe_tta_full,graphsafe_tta_full,0.0410235098551412,0.0181567303941186,0.6914555871066246,0.022300469483568,0.0101986044015029,0.0217263652378156,0.0198604401502952,0.016446402349486,0.0300590445517981,0.3909122421522029,0.0,0.0,0.0375718678967776,0.0165745856353591,0.4014918824045634,False,train/val only,test,170207,1863,0.0210950498374368,0.7418142780461621
dgraphfin,inductive_isolated,sage,8,graphsafe_tta_full,graphsafe_tta_full,0.0427893577359769,0.0168003459436168,0.6146857733910849,0.022300469483568,0.0101986044015029,0.0217263652378156,0.0198604401502952,0.0170337738619676,0.0311325818572195,0.2855346724870305,-0.1007997507270461,-0.1049920084663305,0.0365554927454305,0.0165745856353591,0.2966761737604212,False,train/val only,test,170207,1863,0.0222736795677582,0.5421363392377885
dgraphfin,inductive_isolated,gcn,9,graphsafe_tta_full,graphsafe_tta_full,0.0270515267175572,0.0126650824374719,0.5699705108209657,0.0011737089201877,0.0005367686527106,0.0017615971814445,0.001610305958132,0.0049926578560939,0.0091250670960815,0.2700828990582056,0.0,0.0,0.0268249780123131,0.0,0.2931346969666792,False,train/val only,test,170207,1863,0.0141548293681503,0.3043478260869565
dgraphfin,inductive_isolated,sage,9,graphsafe_tta_full,graphsafe_tta_full,0.0431501286043048,0.0185316209560952,0.6914215336849943,0.0152582159624413,0.0069779924852388,0.0146799765120375,0.013419216317767,0.0161527165932452,0.0295222758990874,0.3460374720193646,0.0,0.0,0.0385749943272067,0.0046620046620046,0.3581340500219394,False,train/val only,test,170207,1863,0.0222773574685932,0.6843800322061192
dgraphfin,inductive_isolated,gcn,10,graphsafe_tta_full,graphsafe_tta_full,0.0226310552704996,0.0101485902235179,0.4760659926231871,0.0105633802816901,0.0048309178743961,0.01174398120963,0.0107353730542136,0.0108663729809104,0.0198604401502952,0.8858801341895457,0.0,0.0,0.0195471674990042,0.0058479532163742,0.8899044453676777,False,train/val only,test,170207,1863,0.0114543012876214,0.9339774557165862
dgraphfin,inductive_isolated,sage,10,graphsafe_tta_full,graphsafe_tta_full,0.0428306334319674,0.0194218491952988,0.7026363058985959,0.022300469483568,0.0101986044015029,0.0211391661773341,0.0193236714975845,0.0190895741556534,0.0348899624261943,0.3500619833496859,0.0,0.0,0.0386545808674807,0.0023310023310023,0.3611507240017551,False,train/val only,test,170207,1863,0.0221037374469406,0.6876006441223832
dgraphfin,transductive,gcn,1,graphsafe_tta_full,graphsafe_tta_full,0.0262057660984946,0.0124146286913797,0.5690477603447216,0.0082159624413145,0.0037573805689747,0.0076335877862595,0.0069779924852388,0.0085168869309838,0.0155662909286097,0.5655760338881479,0.0,0.0,0.0220317064993534,0.0018214936247723,0.5774263578242944,False,train/val only,test,170207,1863,0.0133611205145565,0.677938808373591
dgraphfin,transductive,sage,1,graphsafe_tta_full,graphsafe_tta_full,0.0654681647940074,0.0285081527587063,0.7343435009835572,0.0469483568075117,0.0214707461084272,0.0440399295361127,0.0402576489533011,0.0414096916299559,0.0756843800322061,0.1068111182266299,0.0,0.0,0.0591069707677481,0.0255009107468123,0.1118342143840789,False,train/val only,test,170207,1863,0.0380430051362409,0.2345679012345679
dgraphfin,transductive,gcn,2,graphsafe_tta_full,graphsafe_tta_full,0.0523956723338485,0.0179908304951097,0.6157505709559923,0.0375586854460093,0.0171765968867418,0.0322959483264826,0.0295222758990874,0.0314243759177679,0.0574342458400429,0.1078569036526112,-0.0289260490236809,-0.0303846146827917,0.0462504129501156,0.0186480186480186,0.1122507270461155,False,train/val only,test,170207,1863,0.0306039541392073,0.1819645732689211
dgraphfin,transductive,sage,2,graphsafe_tta_full,graphsafe_tta_full,0.0641648077680094,0.0263419609614635,0.7266004735109146,0.0293427230046948,0.013419216317767,0.0328831473869641,0.0300590445517981,0.0390602055800293,0.0713902308105206,0.1160939326819696,0.0,0.0,0.0580281690140845,0.0276243093922651,0.1202967438141353,False,train/val only,test,170207,1863,0.0365498168771956,0.2624798711755233
dgraphfin,transductive,gcn,3,graphsafe_tta_full,graphsafe_tta_full,0.0255792045218668,0.0111620570080789,0.5380018935487999,0.0152582159624413,0.0069779924852388,0.0146799765120375,0.013419216317767,0.0091042584434654,0.0166398282340311,0.7232252492553185,-0.0088032031592804,-0.0114278024658366,0.0232002466471404,0.0093240093240093,0.7438507040570416,False,train/val only,test,170207,1863,0.012982697840269,0.8599033816425121
dgraphfin,transductive,sage,3,graphsafe_tta_full,graphsafe_tta_full,0.0661637397971803,0.0285042258863174,0.7329574709240535,0.0422535211267605,0.0193236714975845,0.0416911332941867,0.0381105743424584,0.0408223201174743,0.0746108427267847,0.1199363128425975,0.0,0.0,0.060327868852459,0.0263157894736842,0.1236728710408244,False,train/val only,test,170207,1863,0.0373890558389824,0.2871712292002147
dgraphfin,transductive,gcn,4,graphsafe_tta_full,graphsafe_tta_full,0.0366563294888323,0.0175561875976628,0.6516130136515448,0.0140845070422535,0.0064412238325281,0.016441573693482,0.015029522275899,0.0217327459618208,0.0397208803005904,0.1938521917429952,0.0822729267222466,0.0688872269843945,0.0323311678501284,0.0139860139860139,0.2050789364353967,False,train/val only,test,170207,1863,0.0196005365926367,0.2823403113258185
dgraphfin,transductive,sage,4,graphsafe_tta_full,graphsafe_tta_full,0.0458540783084393,0.023359769202803,0.7303226974294309,0.0234741784037558,0.0107353730542136,0.0270111567821491,0.0246913580246913,0.0255506607929515,0.0466988727858293,0.1262169005975077,0.0,0.0,0.0444743935309973,0.0145719489981785,0.1298254186841988,False,train/val only,test,170207,1863,0.0258919894488407,0.2002147074610842
dgraphfin,transductive,gcn,5,graphsafe_tta_full,graphsafe_tta_full,0.0221601016518424,0.0102977020167087,0.4864972954058312,0.0046948356807511,0.0021470746108427,0.004697592483852,0.0042941492216854,0.006461086637298,0.0118089103596349,0.9070602266651784,0.0,0.0,0.0191729101527933,0.0023310023310023,0.9137779727950855,False,train/val only,test,170207,1863,0.0112127660942412,0.9361245303274288
dgraphfin,transductive,sage,5,graphsafe_tta_full,graphsafe_tta_full,0.0553462081959491,0.0241054315230427,0.7293806898707957,0.0246478873239436,0.0112721417069243,0.0258367586611861,0.0236178207192699,0.0249632892804698,0.0456253354804079,0.1686064615438848,0.0,0.0,0.0487392113724826,0.0184162062615101,0.1758720930232558,False,train/val only,test,170207,1863,0.0298564350146105,0.3784219001610306
dgraphfin,transductive,gcn,6,graphsafe_tta_full,graphsafe_tta_full,0.0430765896345263,0.0175239464486973,0.6556383433135367,0.0140845070422535,0.0064412238325281,0.0223135642982971,0.0203972088030059,0.0161527165932452,0.0295222758990874,0.232616754892572,-0.149860068410999,-0.1555560611231537,0.0394784065079555,0.012891344383057,0.2396061869240895,False,train/val only,test,170207,1863,0.0226831773567678,0.4267310789049919
dgraphfin,transductive,sage,6,graphsafe_tta_full,graphsafe_tta_full,0.0545202075568223,0.0247038593199773,0.7282415423353286,0.0269953051643192,0.0123456790123456,0.0287727539635936,0.0263016639828234,0.029662261380323,0.0542136339237788,0.1782652887366559,0.0,0.0,0.0487881157154026,0.0204678362573099,0.1872257569109258,False,train/val only,test,170207,1863,0.0292514606124769,0.4004294149221685
dgraphfin,transductive,gcn,7,graphsafe_tta_full,graphsafe_tta_full,0.0440638510142999,0.0215821071426632,0.7053605126700538,0.0187793427230046,0.0085882984433709,0.0258367586611861,0.0236178207192699,0.0293685756240822,0.0536768652710681,0.166432637905609,0.0104123390112172,0.0097369328461099,0.0396600566572237,0.012891344383057,0.1721800997091815,False,train/val only,test,170207,1863,0.0238814040463209,0.2844873859366613
dgraphfin,transductive,sage,7,graphsafe_tta_full,graphsafe_tta_full,0.0564533201608919,0.0246111338129976,0.7154292341967062,0.0375586854460093,0.0171765968867418,0.0311215502055196,0.0284487385936661,0.0320117474302496,0.0585077831454643,0.1129389508069585,-0.0425620904618693,-0.0438628368611061,0.0483414759578297,0.0204678362573099,0.1163014125467386,False,train/val only,test,170207,1863,0.0324991875203119,0.2147074610842727
dgraphfin,transductive,gcn,8,graphsafe_tta_full,graphsafe_tta_full,0.0430054721481689,0.0182970595462996,0.6763337220269954,0.022300469483568,0.0101986044015029,0.0217263652378156,0.0198604401502952,0.0161527165932452,0.0295222758990874,0.1896631748400477,-0.1835991293145573,-0.192831943074237,0.0387706855791962,0.0165745856353591,0.1924594931449937,False,train/val only,test,170207,1863,0.0230061925314317,0.3290391841116479
dgraphfin,transductive,sage,8,graphsafe_tta_full,graphsafe_tta_full,0.0488197800658401,0.0160132235444178,0.5674523543528142,0.022300469483568,0.0101986044015029,0.0211391661773341,0.0193236714975845,0.016446402349486,0.0300590445517981,0.1869723336878036,-0.1873701703365184,-0.1949545719170691,0.045153521974714,0.0165745856353591,0.1950416849495392,False,train/val only,test,170207,1863,0.0261136712749615,0.3741277509393451
dgraphfin,transductive,gcn,9,graphsafe_tta_full,graphsafe_tta_full,0.0308733347430746,0.0146395692144689,0.6022653394658062,0.0035211267605633,0.001610305958132,0.0064591896652965,0.0059044551798174,0.0123348017621145,0.0225442834138486,0.1698343781395594,0.0,0.0,0.0294038305907742,0.0018214936247723,0.1778963930769383,False,train/val only,test,170207,1863,0.0167569552841795,0.1959205582393988
dgraphfin,transductive,sage,9,graphsafe_tta_full,graphsafe_tta_full,0.0484551250613045,0.0231461776026712,0.7202461385141673,0.028169014084507,0.0128824476650563,0.0281855549031121,0.0257648953301127,0.0273127753303964,0.0499194847020934,0.1461632012784433,0.0,0.0,0.0454642933733647,0.0182149362477231,0.1505930434010039,False,train/val only,test,170207,1863,0.0266637879851028,0.2651637144390767
dgraphfin,transductive,gcn,10,graphsafe_tta_full,graphsafe_tta_full,0.0318718235851494,0.0144603531533645,0.572923490902214,0.022300469483568,0.0101986044015029,0.0275983558426306,0.025228126677402,0.0223201174743024,0.0407944176060118,0.1054656976505079,0.0,0.0,0.026950354609929,0.0116959064327485,0.1118612380556709,False,train/val only,test,170207,1863,0.0189821465216499,0.0993022007514761
dgraphfin,transductive,sage,10,graphsafe_tta_full,graphsafe_tta_full,0.0492596175310662,0.0213343065384094,0.6783388802786023,0.0246478873239436,0.0112721417069243,0.0311215502055196,0.0284487385936661,0.0358296622613803,0.0654857756307031,0.1110706375178459,-0.0068809721645201,-0.0110873032774564,0.0465408805031446,0.023391812865497,0.1156003323639385,False,train/val only,test,170207,1863,0.0285936420179682,0.1776704240472356
elliptic,strict_inductive,gcn,1,best_val_branch_threshold_only_tta,feature_only,0.5101281521289789,0.467131898960503,0.8774880231715221,0.7261904761904762,0.0563250230840258,0.7305389221556886,0.1126500461680517,0.6676646706586826,0.2059095106186519,0.1829034193161367,0.0636042402826854,0.0120055283318362,0.0,0.0,0.5987394957983193,False,train/val only,test,16670,1083,0.4618263473053892,0.569713758079409
elliptic,strict_inductive,sage,1,best_val_branch_threshold_only_tta,threshold_tta_graph,0.567829457364341,0.56803585336822,0.8810975846351586,0.988095238095238,0.0766389658356417,0.9461077844311376,0.1458910433979686,0.8353293413173652,0.2576177285318559,0.1727654469106178,0.0125348189415041,0.00270868614972,0.0,0.0,0.5861344537815126,False,train/val only,test,16670,1083,0.5973496432212029,0.541089566020314
elliptic,strict_inductive,gcn,2,best_val_branch_threshold_only_tta,feature_only,0.5185185185185185,0.4866035313533174,0.8740354455239204,0.8333333333333334,0.064635272391505,0.8143712574850299,0.1255771006463527,0.7005988023952096,0.2160664819944598,0.1833833233353329,0.0760777683854607,0.0148426035882362,0.0,0.0,0.5945378151260504,False,train/val only,test,16670,1083,0.4909240924092409,0.5493998153277931
elliptic,strict_inductive,sage,2,best_val_branch_threshold_only_tta,threshold_tta_graph,0.6213106553276638,0.6405174121102664,0.8873239478337448,1.0,0.077562326869806,1.0,0.1542012927054478,0.940119760479042,0.2899353647276085,0.1562687462507498,0.0061837455830388,0.0012900619179769,0.0,0.0,0.5945378151260504,False,train/val only,test,16670,1083,0.6779475982532751,0.5734072022160664
elliptic,strict_inductive,gcn,3,best_val_branch_threshold_only_tta,feature_only,0.4929971988795518,0.5053356997294912,0.8823085222485462,0.8333333333333334,0.064635272391505,0.8562874251497006,0.1320406278855032,0.7425149700598802,0.2289935364727608,0.1880623875224955,0.0417690417690417,0.0117689686504087,0.0,0.0,0.5987394957983193,False,train/val only,test,16670,1083,0.4350282485875706,0.5687903970452447
elliptic,strict_inductive,sage,3,best_val_branch_threshold_only_tta,threshold_tta_graph,0.614314115308151,0.6446810258958481,0.8874801319209055,0.988095238095238,0.0766389658356417,0.994011976047904,0.1532779316712834,0.9550898203592816,0.2945521698984303,0.1581283743251349,0.007607776838546,0.0004642553575491,0.0,0.0,0.5840336134453782,False,train/val only,test,16670,1083,0.6652314316469322,0.5706371191135734
elliptic,strict_inductive,gcn,4,best_val_branch_threshold_only_tta,feature_only,0.51319381255687,0.4147945177968485,0.8668361084813854,0.6666666666666666,0.051708217913204,0.6167664670658682,0.0951061865189289,0.5568862275449101,0.1717451523545706,0.1887222555488902,0.0718512256973795,0.0115846652022522,0.0,0.0,0.5945378151260504,False,train/val only,test,16670,1083,0.5058295964125561,0.5207756232686981
elliptic,strict_inductive,sage,4,best_val_branch_threshold_only_tta,threshold_tta_graph,0.6238442822384428,0.646021729826782,0.8941999870740118,1.0,0.077562326869806,0.9880239520958084,0.1523545706371191,0.9730538922155688,0.3000923361034164,0.1524295140971805,0.0180722891566265,0.0028252583943765,0.0,0.0,0.592436974789916,False,train/val only,test,16670,1083,0.6594650205761317,0.5918744228993537
elliptic,strict_inductive,gcn,5,best_val_branch_threshold_only_tta,feature_only,0.509392747924858,0.4213167919742409,0.8710705543916045,0.6309523809523809,0.0489381348107109,0.6047904191616766,0.0932594644506001,0.5508982035928144,0.1698984302862419,0.1873425314937012,0.0856890459363957,0.0123406809497482,0.0,0.0,0.5945378151260504,False,train/val only,test,16670,1083,0.4834162520729685,0.5383194829178208
elliptic,strict_inductive,sage,5,best_val_branch_threshold_only_tta,threshold_tta_graph,0.5760073260073261,0.5963565204280525,0.8791092809365192,1.0,0.077562326869806,0.9820359281437124,0.1514312096029547,0.8832335329341318,0.2723915050784857,0.1644871025794841,0.0082028337061894,0.0013642025066126,0.0,0.0,0.5903361344537815,False,train/val only,test,16670,1083,0.5712988192552225,0.5807940904893814
elliptic,strict_inductive,gcn,6,best_val_branch_threshold_only_tta,feature_only,0.5151237396883593,0.4212600055731494,0.8722414167025212,0.75,0.0581717451523545,0.6347305389221557,0.0978762696214219,0.5598802395209581,0.1726685133887349,0.1884823035392921,0.0481825866441251,0.0096515270037368,0.0,0.0,0.5945378151260504,False,train/val only,test,16670,1083,0.5113739763421292,0.5189289012003694
elliptic,strict_inductive,sage,6,best_val_branch_threshold_only_tta,threshold_tta_graph,0.5872146118721461,0.6163644243786824,0.8906525971254426,0.988095238095238,0.0766389658356417,0.9820359281437124,0.1514312096029547,0.9041916167664672,0.2788550323176362,0.1598080383923215,0.0301204819277108,0.0039752764587806,0.0,0.0,0.5903361344537815,False,train/val only,test,16670,1083,0.5808491418247516,0.5937211449676824
elliptic,strict_inductive,gcn,7,best_val_branch_threshold_only_tta,feature_only,0.5194238323876036,0.4374685787819405,0.8717252065240578,0.7857142857142857,0.0609418282548476,0.6706586826347305,0.1034164358264081,0.5688622754491018,0.175438596491228,0.1831433713257348,0.0574809805579036,0.0081093030411139,0.0,0.0,0.5966386554621849,False,train/val only,test,16670,1083,0.4925496688741722,0.5493998153277931
elliptic,strict_inductive,sage,7,best_val_branch_threshold_only_tta,threshold_tta_graph,0.5848126232741617,0.5988955599647827,0.8804367716284156,0.988095238095238,0.0766389658356417,0.9880239520958084,0.1523545706371191,0.8832335329341318,0.2723915050784857,0.1680863827234553,0.038152610441767,0.0037232975466067,0.0,0.0,0.5945378151260504,False,train/val only,test,16670,1083,0.6275132275132275,0.5475530932594644
elliptic,strict_inductive,gcn,8,best_val_branch_threshold_only_tta,feature_only,0.5206463195691202,0.4252363349738167,0.8732587903087788,0.6428571428571429,0.0498614958448753,0.6347305389221557,0.0978762696214219,0.5419161676646707,0.1671283471837488,0.1847630473905219,0.0676246830092983,0.0088316679599579,0.0,0.0,0.592436974789916,False,train/val only,test,16670,1083,0.5065502183406113,0.5355493998153278
elliptic,strict_inductive,sage,8,best_val_branch_threshold_only_tta,threshold_tta_graph,0.5792245093346099,0.5592367001310002,0.885956233741438,0.9523809523809524,0.0738688827331486,0.8562874251497006,0.1320406278855032,0.8023952095808383,0.247460757156048,0.1674265146970605,0.0321285140562249,0.0035575830392852,0.0,0.0,0.5987394957983193,False,train/val only,test,16670,1083,0.6013916500994035,0.5586334256694367
elliptic,strict_inductive,gcn,9,best_val_branch_threshold_only_tta,feature_only,0.5140631761142361,0.4655862956078047,0.8801913733424064,0.7619047619047619,0.0590951061865189,0.7425149700598802,0.1144967682363804,0.6497005988023952,0.2003693444136657,0.1847030593881223,0.0532544378698224,0.0086088342021202,0.0,0.0,0.5861344537815126,False,train/val only,test,16670,1083,0.4837133550488599,0.5484764542936288
elliptic,strict_inductive,sage,9,best_val_branch_threshold_only_tta,threshold_tta_graph,0.6018264840182648,0.622940149376294,0.8951871190809919,1.0,0.077562326869806,0.9880239520958084,0.1523545706371191,0.9041916167664672,0.2788550323176362,0.1540491901619676,0.0050282840980515,0.0005276052545065,0.0,0.0,0.5861344537815126,False,train/val only,test,16670,1083,0.5953026196928636,0.6084949215143121
elliptic,strict_inductive,gcn,10,best_val_branch_threshold_only_tta,feature_only,0.5128205128205128,0.4769079036422319,0.8763385165835037,0.8333333333333334,0.064635272391505,0.8263473053892215,0.1274238227146814,0.7005988023952096,0.2160664819944598,0.1918416316736652,0.1254416961130742,0.0176946756619483,0.0,0.0,0.5945378151260504,False,train/val only,test,16670,1083,0.5278592375366569,0.4986149584487535
elliptic,strict_inductive,sage,10,best_val_branch_threshold_only_tta,threshold_tta_graph,0.5978886756238004,0.6209115473432685,0.8928605596881792,1.0,0.077562326869806,0.9880239520958084,0.1523545706371191,0.9101796407185628,0.2807017543859649,0.1606478704259148,0.0070257611241217,0.0008735385521624,0.0,0.0,0.5945378151260504,False,train/val only,test,16670,1083,0.6223776223776224,0.5752539242843951
elliptic,inductive_isolated,gcn,1,best_val_branch_threshold_only_tta,feature_only,0.5101281521289789,0.467131898960503,0.8774880231715221,0.7261904761904762,0.0563250230840258,0.7305389221556886,0.1126500461680517,0.6676646706586826,0.2059095106186519,0.1829034193161367,0.1042402826855123,0.0194292893292453,0.0,0.0,0.5987394957983193,False,train/val only,test,16670,1083,0.4618263473053892,0.569713758079409
elliptic,inductive_isolated,sage,1,best_val_branch_threshold_only_tta,threshold_tta_graph,0.4882408278457196,0.4096704842375303,0.8597253636263522,0.7380952380952381,0.0572483841181902,0.6107784431137725,0.0941828254847645,0.5179640718562875,0.1597414589104339,0.2005998800239952,0.0863453815261043,0.0200884758582584,0.0,0.0,0.592436974789916,False,train/val only,test,16670,1083,0.4976030680728667,0.4792243767313019
elliptic,inductive_isolated,gcn,2,best_val_branch_threshold_only_tta,feature_only,0.5185185185185185,0.4866035313533174,0.8740354455239204,0.8333333333333334,0.064635272391505,0.8143712574850299,0.1255771006463527,0.7005988023952096,0.2160664819944598,0.1833833233353329,0.161660777385159,0.0261610418565201,0.0,0.0,0.5945378151260504,False,train/val only,test,16670,1083,0.4909240924092409,0.5493998153277931
elliptic,inductive_isolated,sage,2,best_val_branch_threshold_only_tta,threshold_tta_graph,0.5435203094777563,0.5093634052738258,0.8667715970188714,0.9404761904761904,0.0729455216989843,0.7604790419161677,0.1172668513388735,0.6826347305389222,0.2105263157894736,0.1816436712657468,0.0461847389558232,0.0094378097308162,0.0,0.0,0.5903361344537815,False,train/val only,test,16670,1083,0.5705583756345177,0.5189289012003694
elliptic,inductive_isolated,gcn,3,best_val_branch_threshold_only_tta,feature_only,0.4929971988795518,0.5053356997294912,0.8823085222485462,0.8333333333333334,0.064635272391505,0.8562874251497006,0.1320406278855032,0.7425149700598802,0.2289935364727608,0.1880623875224955,0.1395759717314487,0.0173862625034825,0.0,0.0,0.5987394957983193,False,train/val only,test,16670,1083,0.4350282485875706,0.5687903970452447
elliptic,inductive_isolated,sage,3,best_val_branch_threshold_only_tta,threshold_tta_graph,0.5566166439290587,0.5195174043407335,0.8720410698097552,0.9404761904761904,0.0729455216989843,0.7604790419161677,0.1172668513388735,0.7215568862275449,0.2225300092336103,0.1715056988602279,0.0200803212851405,0.0027003333106813,0.0,0.0,0.5903361344537815,False,train/val only,test,16670,1083,0.5483870967741935,0.5650969529085873
elliptic,inductive_isolated,gcn,4,best_val_branch_threshold_only_tta,feature_only,0.51319381255687,0.4147945177968485,0.8668361084813854,0.6666666666666666,0.051708217913204,0.6167664670658682,0.0951061865189289,0.5568862275449101,0.1717451523545706,0.1887222555488902,0.1704946996466431,0.0182145345896276,0.0,0.0,0.5945378151260504,False,train/val only,test,16670,1083,0.5058295964125561,0.5207756232686981
elliptic,inductive_isolated,sage,4,best_val_branch_threshold_only_tta,threshold_tta_graph,0.5565610859728507,0.5231032139358937,0.8713728815256173,0.9642857142857144,0.074792243767313,0.8083832335329342,0.1246537396121883,0.718562874251497,0.2216066481994459,0.1710857828434313,0.0562248995983935,0.0059931347895758,0.0,0.0,0.5966386554621849,False,train/val only,test,16670,1083,0.5456965394853593,0.5678670360110804
elliptic,inductive_isolated,gcn,5,best_val_branch_threshold_only_tta,feature_only,0.509392747924858,0.4213167919742409,0.8710705543916045,0.6309523809523809,0.0489381348107109,0.6047904191616766,0.0932594644506001,0.5508982035928144,0.1698984302862419,0.1873425314937012,0.0945229681978798,0.0096717273820613,0.0,0.0,0.5945378151260504,False,train/val only,test,16670,1083,0.4834162520729685,0.5383194829178208
elliptic,inductive_isolated,sage,5,best_val_branch_threshold_only_tta,threshold_tta_graph,0.5058329444703688,0.4394341512121472,0.8573348259236083,0.7976190476190477,0.061865189289012,0.6467065868263473,0.0997229916897507,0.562874251497006,0.1735918744228993,0.1933413317336532,0.0903614457831325,0.0128791101654283,0.0,0.0,0.5903361344537815,False,train/val only,test,16670,1083,0.5113207547169811,0.5004616805170822
elliptic,inductive_isolated,gcn,6,best_val_branch_threshold_only_tta,feature_only,0.5151237396883593,0.4212600055731494,0.8722414167025212,0.75,0.0581717451523545,0.6347305389221557,0.0978762696214219,0.5598802395209581,0.1726685133887349,0.1884823035392921,0.1307420494699646,0.011450281718023,0.0,0.0,0.5945378151260504,False,train/val only,test,16670,1083,0.5113739763421292,0.5189289012003694
elliptic,inductive_isolated,sage,6,best_val_branch_threshold_only_tta,feature_only,0.5151237396883593,0.4212600055731494,0.8722414167025212,0.75,0.0581717451523545,0.6347305389221557,0.0978762696214219,0.5598802395209581,0.1726685133887349,0.1884823035392921,0.097173144876325,0.0170807111952953,0.0,0.0,0.5945378151260504,False,train/val only,test,16670,1083,0.5113739763421292,0.5189289012003694
elliptic,inductive_isolated,gcn,7,best_val_branch_threshold_only_tta,feature_only,0.5194238323876036,0.4374685787819405,0.8717252065240578,0.7857142857142857,0.0609418282548476,0.6706586826347305,0.1034164358264081,0.5688622754491018,0.175438596491228,0.1831433713257348,0.1227915194346289,0.0182589754769519,0.0,0.0,0.5966386554621849,False,train/val only,test,16670,1083,0.4925496688741722,0.5493998153277931
elliptic,inductive_isolated,sage,7,best_val_branch_threshold_only_tta,threshold_tta_graph,0.5340453938584779,0.4832341833317303,0.8597428095636437,0.9047619047619048,0.0701754385964912,0.7245508982035929,0.1117266851338873,0.6317365269461078,0.1948291782086796,0.1787042591481703,0.0843373493975903,0.0093719250204721,0.0,0.0,0.5987394957983193,False,train/val only,test,16670,1083,0.5154639175257731,0.554016620498615
elliptic,inductive_isolated,gcn,8,best_val_branch_threshold_only_tta,feature_only,0.5206463195691202,0.4252363349738167,0.8732587903087788,0.6428571428571429,0.0498614958448753,0.6347305389221557,0.0978762696214219,0.5419161676646707,0.1671283471837488,0.1847630473905219,0.1245583038869258,0.017647353420835,0.0,0.0,0.592436974789916,False,train/val only,test,16670,1083,0.5065502183406113,0.5355493998153278
elliptic,inductive_isolated,sage,8,best_val_branch_threshold_only_tta,feature_only,0.5206463195691202,0.4252363349738167,0.8732587903087788,0.6428571428571429,0.0498614958448753,0.6347305389221557,0.0978762696214219,0.5419161676646707,0.1671283471837488,0.1847630473905219,0.0163800163800163,0.0032552668690626,0.0,0.0,0.592436974789916,False,train/val only,test,16670,1083,0.5065502183406113,0.5355493998153278
elliptic,inductive_isolated,gcn,9,best_val_branch_threshold_only_tta,feature_only,0.5140631761142361,0.4655862956078047,0.8801913733424064,0.7619047619047619,0.0590951061865189,0.7425149700598802,0.1144967682363804,0.6497005988023952,0.2003693444136657,0.1847030593881223,0.1130742049469964,0.0120956640984107,0.0,0.0,0.5861344537815126,False,train/val only,test,16670,1083,0.4837133550488599,0.5484764542936288
elliptic,inductive_isolated,sage,9,best_val_branch_threshold_only_tta,threshold_tta_graph,0.5565899069083783,0.5230466225969194,0.8807770118349803,0.9047619047619048,0.0701754385964912,0.7544910179640718,0.1163434903047091,0.7065868263473054,0.2179132040627885,0.1778644271145771,0.0281124497991967,0.0043081070774832,0.0,0.0,0.5882352941176471,False,train/val only,test,16670,1083,0.592901878914405,0.5244690674053555
elliptic,inductive_isolated,gcn,10,best_val_branch_threshold_only_tta,feature_only,0.5128205128205128,0.4769079036422319,0.8763385165835037,0.8333333333333334,0.064635272391505,0.8263473053892215,0.1274238227146814,0.7005988023952096,0.2160664819944598,0.1918416316736652,0.1952296819787985,0.0254322448307341,0.0,0.0,0.5945378151260504,False,train/val only,test,16670,1083,0.5278592375366569,0.4986149584487535
elliptic,inductive_isolated,sage,10,best_val_branch_threshold_only_tta,threshold_tta_graph,0.533215234720992,0.4802705003490153,0.8742740313047055,0.9047619047619048,0.0701754385964912,0.7365269461077845,0.113573407202216,0.6467065868263473,0.1994459833795014,0.1786442711457708,0.036144578313253,0.0057090971501083,0.0,0.0,0.592436974789916,False,train/val only,test,16670,1083,0.512340425531915,0.5558633425669437
elliptic,transductive,gcn,1,best_val_branch_threshold_only_tta,threshold_tta_graph,0.5055582406959884,0.482251264241691,0.8746814783562858,0.7380952380952381,0.0572483841181902,0.8263473053892215,0.1274238227146814,0.7574850299401198,0.2336103416435826,0.195740851829634,0.2632275132275132,0.0441290400508969,0.0,0.0,0.5903361344537815,False,train/val only,test,16670,1083,0.5304259634888439,0.4829178208679593
elliptic,transductive,sage,1,best_val_branch_threshold_only_tta,threshold_tta_graph,0.5012267788293026,0.447093399390547,0.8537938041864445,0.9523809523809524,0.0738688827331486,0.7005988023952096,0.1080332409972299,0.5508982035928144,0.1698984302862419,0.1736652669466107,0.1113445378151261,0.0204415754540222,0.0,0.0,0.707983193277311,False,train/val only,test,16670,1083,0.403954802259887,0.6602031394275162
elliptic,transductive,gcn,2,best_val_branch_threshold_only_tta,threshold_tta_graph,0.5332650972364381,0.499095180879988,0.8766894198417235,0.6666666666666666,0.051708217913204,0.7904191616766467,0.1218836565096952,0.7844311377245509,0.2419205909510618,0.1895620875824835,0.1706349206349206,0.0340159870069796,0.0,0.0,0.5882352941176471,False,train/val only,test,16670,1083,0.5981630309988519,0.4810710987996306
elliptic,transductive,sage,2,best_val_branch_threshold_only_tta,threshold_tta_graph,0.5818847209515097,0.5440721956998189,0.871110303878608,0.8928571428571429,0.0692520775623268,0.844311377245509,0.1301939058171745,0.7544910179640718,0.2326869806094182,0.1620875824835033,0.0608622147083685,0.0111923891522765,0.0,0.0,0.5966386554621849,False,train/val only,test,16670,1083,0.5766092475067996,0.5872576177285319
elliptic,transductive,gcn,3,best_val_branch_threshold_only_tta,feature_only,0.560897435897436,0.3856411705101192,0.8699049051281637,0.4880952380952381,0.0378578024007386,0.3952095808383233,0.0609418282548476,0.3622754491017964,0.1117266851338873,0.1576484703059388,0.0401459854014598,0.0069863045312316,0.0,0.0,0.5987394957983193,False,train/val only,test,16670,1083,0.4953998584571833,0.6463527239150508
elliptic,transductive,sage,3,best_val_branch_threshold_only_tta,threshold_tta_graph,0.5509554140127388,0.555314980492425,0.8681089510335489,0.988095238095238,0.0766389658356417,0.9520958083832336,0.1468144044321329,0.7604790419161677,0.234533702677747,0.1614877024595081,0.0247349823321554,0.008995314751884,0.0,0.0,0.615546218487395,False,train/val only,test,16670,1083,0.4842547235829251,0.6389658356417359
elliptic,transductive,gcn,4,best_val_branch_threshold_only_tta,threshold_tta_graph,0.4816700610997963,0.4532014874373191,0.871022215224101,0.7023809523809523,0.0544783010156971,0.7664670658682635,0.1181902123730378,0.6766467065868264,0.2086795937211449,0.2074385122975404,0.2989417989417989,0.0585124306582127,0.0,0.0,0.592436974789916,False,train/val only,test,16670,1083,0.5368898978433598,0.4367497691597414
elliptic,transductive,sage,4,best_val_branch_threshold_only_tta,threshold_tta_graph,0.5526729559748429,0.5369115042180055,0.8736427194075419,1.0,0.077562326869806,0.9221556886227544,0.1421975992613111,0.7544910179640718,0.2326869806094182,0.1594481103779244,0.0401606425702811,0.0079170425262441,0.0,0.0,0.6092436974789915,False,train/val only,test,16670,1083,0.4811772758384668,0.6491228070175439
elliptic,transductive,gcn,5,best_val_branch_threshold_only_tta,threshold_tta_graph,0.4938271604938271,0.464669787104384,0.873339977599298,0.7738095238095238,0.0600184672206832,0.7844311377245509,0.1209602954755309,0.7155688622754491,0.2206832871652816,0.1990401919616077,0.2896825396825396,0.0506522680941291,0.0,0.0,0.5903361344537815,False,train/val only,test,16670,1083,0.5083088954056696,0.4801477377654663
elliptic,transductive,sage,5,best_val_branch_threshold_only_tta,threshold_tta_graph,0.5367088607594936,0.4336331027760166,0.8633385386797163,0.8333333333333334,0.064635272391505,0.6407185628742516,0.0987996306555863,0.5089820359281437,0.1569713758079409,0.173125374925015,0.0859788359788359,0.0250875534617645,0.0,0.0,0.6071428571428571,False,train/val only,test,16670,1083,0.4941724941724941,0.5872576177285319
elliptic,transductive,gcn,6,best_val_branch_threshold_only_tta,threshold_tta_graph,0.4761410788381742,0.4718034512507146,0.8755256069927345,0.7857142857142857,0.0609418282548476,0.8203592814371258,0.1265004616805171,0.7455089820359282,0.2299168975069252,0.2103179364127174,0.2896825396825397,0.0536450443596187,0.0,0.0,0.5903361344537815,False,train/val only,test,16670,1083,0.5431952662721894,0.4238227146814404
elliptic,transductive,sage,6,best_val_branch_threshold_only_tta,threshold_tta_graph,0.5667947076397781,0.5631574012144592,0.8699020024085464,0.9761904761904762,0.0757156048014773,0.9461077844311376,0.1458910433979686,0.8173652694610778,0.2520775623268698,0.1614277144571085,0.0305532617671346,0.0066972633817299,0.0,0.0,0.6029411764705882,False,train/val only,test,16670,1083,0.526984126984127,0.6131117266851339
elliptic,transductive,gcn,7,best_val_branch_threshold_only_tta,threshold_tta_graph,0.4852874603893164,0.4512580281102715,0.8679062049541604,0.7380952380952381,0.0572483841181902,0.7844311377245509,0.1209602954755309,0.7035928143712575,0.2169898430286242,0.1994601079784043,0.2129629629629629,0.0500068868555991,0.0,0.0,0.5945378151260504,False,train/val only,test,16670,1083,0.4760213143872113,0.494921514312096
elliptic,transductive,sage,7,best_val_branch_threshold_only_tta,threshold_tta_graph,0.5444983818770226,0.5003291546629858,0.8710303902303699,0.9523809523809524,0.0738688827331486,0.8023952095808383,0.123730378578024,0.6676646706586826,0.2059095106186519,0.1659268146370726,0.0568783068783068,0.0169757442791329,0.0,0.0,0.6050420168067226,False,train/val only,test,16670,1083,0.4845212383009359,0.6214219759926131
elliptic,transductive,gcn,8,best_val_branch_threshold_only_tta,threshold_tta_graph,0.4871447902571042,0.4346027737112781,0.8671162801636257,0.75,0.0581717451523545,0.7245508982035929,0.1117266851338873,0.6586826347305389,0.2031394275161588,0.198500299940012,0.2142857142857143,0.0396147848588976,0.0,0.0,0.5945378151260504,False,train/val only,test,16670,1083,0.4761904761904761,0.4986149584487535
elliptic,transductive,sage,8,best_val_branch_threshold_only_tta,threshold_tta_graph,0.5125673249551167,0.4526179073985875,0.8716851312215871,0.75,0.0581717451523545,0.6766467065868264,0.1043397968605724,0.6137724550898204,0.1892890120036934,0.1880023995200959,0.1033568904593639,0.0260599165315612,0.0,0.0,0.6050420168067226,False,train/val only,test,16670,1083,0.4986899563318777,0.5272391505078485
elliptic,transductive,gcn,9,best_val_branch_threshold_only_tta,threshold_tta_graph,0.4584495259341885,0.4724347516943559,0.8750596908745781,0.8095238095238095,0.0627885503231763,0.8083832335329342,0.1246537396121883,0.7155688622754491,0.2206832871652816,0.219496100779844,0.2923280423280423,0.063957173856936,0.0,0.0,0.5882352941176471,False,train/val only,test,16670,1083,0.5788732394366197,0.3795013850415512
elliptic,transductive,sage,9,best_val_branch_threshold_only_tta,threshold_tta_graph,0.548227535037098,0.5038806709480083,0.8653814312789128,0.9523809523809524,0.0738688827331486,0.8323353293413174,0.1283471837488458,0.6856287425149701,0.211449676823638,0.1660467906418716,0.0502008032128513,0.011973817817863,0.0,0.0,0.6197478991596639,False,train/val only,test,16670,1083,0.4951600893521966,0.6140350877192983
elliptic,transductive,gcn,10,best_val_branch_threshold_only_tta,threshold_tta_graph,0.522671867381765,0.5102768545410091,0.875831932771118,0.7619047619047619,0.0590951061865189,0.8383233532934131,0.1292705447830101,0.8023952095808383,0.247460757156048,0.1899820035992801,0.2142857142857143,0.0397633824881611,0.0,0.0,0.5903361344537815,False,train/val only,test,16670,1083,0.5537190082644629,0.494921514312096
elliptic,transductive,sage,10,best_val_branch_threshold_only_tta,threshold_tta_graph,0.5451263537906137,0.5151870678433143,0.8720586934645742,0.9166666666666666,0.0710987996306555,0.8083832335329342,0.1246537396121883,0.7275449101796407,0.224376731301939,0.1754049190161967,0.1022823330515638,0.0247391527761224,0.0,0.0,0.5966386554621849,False,train/val only,test,16670,1083,0.5330979699911739,0.5577100646352724
dgraphfin,strict_inductive,gcn,1,best_val_branch_threshold_only_tta,threshold_tta_graph,0.0261981559651106,0.0124055140776757,0.5688201667883024,0.0082159624413145,0.0037573805689747,0.0076335877862595,0.0069779924852388,0.0085168869309838,0.0155662909286097,0.5657405394607742,0.0,0.0,0.0220359281437125,0.0018214936247723,0.5776056085562349,False,train/val only,test,170207,1863,0.0133571640086298,0.677938808373591
dgraphfin,strict_inductive,sage,1,best_val_branch_threshold_only_tta,threshold_tta_graph,0.0638808440215142,0.027914514496628,0.7329447263991231,0.0434272300469483,0.0198604401502952,0.0428655314151497,0.0391841116478797,0.0405286343612334,0.074074074074074,0.10117680236418,0.0,0.0,0.0579920260964117,0.0255009107468123,0.106858868997379,False,train/val only,test,170207,1863,0.0377616904715319,0.2071926999463231
dgraphfin,strict_inductive,gcn,2,best_val_branch_threshold_only_tta,threshold_tta_graph,0.023470175556376,0.0101158252743173,0.5022681970197823,0.0035211267605633,0.001610305958132,0.0029359953024075,0.0026838432635534,0.0055800293685756,0.0101986044015029,0.8573031661447531,0.7801191021530004,0.758649702952016,0.0201382532117041,0.0,0.8737278177219223,False,train/val only,test,170207,1863,0.0118837190329861,0.9382716049382716
dgraphfin,strict_inductive,sage,2,best_val_branch_threshold_only_tta,threshold_tta_graph,0.0614545193481226,0.0258534936958973,0.7237534910815364,0.0293427230046948,0.013419216317767,0.0340575455079271,0.0311325818572195,0.0372980910425844,0.0681696188942565,0.1105301192077881,0.0181274681878016,0.0133887939170248,0.055367579206398,0.0276243093922651,0.1145884234374305,False,train/val only,test,170207,1863,0.0354715730150837,0.2297369833601717
dgraphfin,strict_inductive,gcn,3,best_val_branch_threshold_only_tta,threshold_tta_graph,0.0225829763072317,0.0094002675819448,0.4713454199512595,0.0,0.0,0.0,0.0,0.0017621145374449,0.003220611916264,0.8926542386623347,0.1972904782799474,0.16153455030003,0.0193469655028722,0.0,0.9054135585783238,False,train/val only,test,170207,1863,0.0114288699786443,0.9393451422436928
dgraphfin,strict_inductive,sage,3,best_val_branch_threshold_only_tta,threshold_tta_graph,0.0648718780408692,0.0279465111095142,0.7331816766751841,0.0363849765258215,0.0166398282340311,0.0428655314151497,0.0391841116478797,0.0399412628487518,0.0730005367686527,0.1167225789773628,0.0,0.0,0.0567129629629629,0.023391812865497,0.1210963528941406,False,train/val only,test,170207,1863,0.0368949232585596,0.2683843263553409
dgraphfin,strict_inductive,gcn,4,best_val_branch_threshold_only_tta,threshold_tta_graph,0.0289992618369714,0.014175335267758,0.6159317810737919,0.0129107981220657,0.0059044551798174,0.01174398120963,0.0107353730542136,0.0143906020558002,0.0263016639828234,0.3489868219285928,0.2316805616498464,0.2223622273615889,0.0247432683755154,0.007366482504604,0.3514973672663449,False,train/val only,test,170207,1863,0.0149904606159716,0.4428341384863124
dgraphfin,strict_inductive,sage,4,best_val_branch_threshold_only_tta,threshold_tta_graph,0.0476278043398308,0.0228606717799804,0.7291494885010268,0.022300469483568,0.0101986044015029,0.0240751614797416,0.0220075147611379,0.0261380323054331,0.0477724100912506,0.1533191936876861,0.0156318560772268,0.0145346262117286,0.043601130399677,0.0145719489981785,0.156456843321043,False,train/val only,test,170207,1863,0.0260445472371662,0.2780461621041331
dgraphfin,strict_inductive,gcn,5,best_val_branch_threshold_only_tta,threshold_tta_graph,0.0221536664635384,0.0103075248707999,0.4867603947559363,0.0058685446009389,0.0026838432635534,0.004697592483852,0.0042941492216854,0.0067547723935389,0.0123456790123456,0.907824002538086,0.0,0.0,0.0191520080143787,0.0023310023310023,0.91479267222466,False,train/val only,test,170207,1863,0.0112093940503491,0.9366612989801396
dgraphfin,strict_inductive,sage,5,best_val_branch_threshold_only_tta,threshold_tta_graph,0.0520470102027637,0.0237047320531338,0.7291617483705183,0.0246478873239436,0.0112721417069243,0.0252495596007046,0.0230810520665593,0.0255506607929515,0.0466988727858293,0.1973361847632588,0.0,0.0,0.0446304044630404,0.0127504553734061,0.2078214129003949,False,train/val only,test,170207,1863,0.027689030883919,0.4326355340848094
dgraphfin,strict_inductive,gcn,6,best_val_branch_threshold_only_tta,threshold_tta_graph,0.0216539780321961,0.0086874184437913,0.4275147252989552,0.0011737089201877,0.0005367686527106,0.001174398120963,0.0010735373054213,0.0020558002936857,0.0037573805689747,0.9890545042213305,0.606392430367376,0.6002700628827531,0.0185839265337173,0.0,0.990620886353664,False,train/val only,test,170207,1863,0.0109454957786695,1.0
dgraphfin,strict_inductive,sage,6,best_val_branch_threshold_only_tta,threshold_tta_graph,0.0532564323433579,0.0240303179020403,0.726154826457769,0.0269953051643192,0.0123456790123456,0.0328831473869641,0.0300590445517981,0.0290748898678414,0.0531400966183574,0.175592073181479,0.0,0.0,0.0478048780487804,0.0175438596491228,0.1819877139096094,False,train/val only,test,170207,1863,0.0286254931959094,0.3816425120772946
dgraphfin,strict_inductive,gcn,7,best_val_branch_threshold_only_tta,threshold_tta_graph,0.0256089541076195,0.0121304508028999,0.569830493226953,0.0058685446009389,0.0026838432635534,0.0064591896652965,0.0059044551798174,0.0085168869309838,0.0155662909286097,0.4644051067229902,0.3174331295186122,0.3071469734534646,0.020566811532105,0.0,0.4693979167081599,False,train/val only,test,170207,1863,0.0131196490857203,0.533011272141707
dgraphfin,strict_inductive,sage,7,best_val_branch_threshold_only_tta,threshold_tta_graph,0.0487069777454858,0.0205414712956222,0.7187158851993091,0.0129107981220657,0.0059044551798174,0.0158543746330005,0.0144927536231884,0.0173274596182085,0.0316693505099302,0.2302079232934015,0.0891838525669153,0.0743455215637065,0.0441546556851979,0.0116550116550116,0.2455024133391838,False,train/val only,test,170207,1863,0.0256388463935633,0.4857756307031669
dgraphfin,strict_inductive,gcn,8,best_val_branch_threshold_only_tta,threshold_tta_graph,0.0217555752326556,0.0101215768283299,0.4865570531025996,0.0011737089201877,0.0005367686527106,0.001174398120963,0.0010735373054213,0.0020558002936857,0.0037573805689747,0.9802945824789816,0.5962862600506419,0.5888358729571468,0.0187470793589708,0.0,0.9823338445298652,False,train/val only,test,170207,1863,0.0109979367752033,0.9957058507783144
dgraphfin,strict_inductive,sage,8,best_val_branch_threshold_only_tta,threshold_tta_graph,0.021638025254052,0.0074055799377374,0.3270841430586538,0.0023474178403755,0.0010735373054213,0.0029359953024075,0.0026838432635534,0.0044052863436123,0.0080515297906602,0.9887842450663016,0.6040824485806939,0.5975283732427102,0.0185396618278693,0.0,0.99023694602896,False,train/val only,test,170207,1863,0.0109374724506168,0.9989264626945786
dgraphfin,strict_inductive,gcn,9,best_val_branch_threshold_only_tta,threshold_tta_graph,0.0309356774575268,0.0146457734493615,0.6023535132762047,0.0035211267605633,0.001610305958132,0.0064591896652965,0.0059044551798174,0.0123348017621145,0.0225442834138486,0.1698990053288055,0.0,0.0,0.0293879751954704,0.0018214936247723,0.1779760600689119,False,train/val only,test,170207,1863,0.0167897609982109,0.1964573268921095
dgraphfin,strict_inductive,sage,9,best_val_branch_threshold_only_tta,threshold_tta_graph,0.0476394237626586,0.022999765001212,0.7204263697555212,0.0293427230046948,0.013419216317767,0.0287727539635936,0.0263016639828234,0.0276064610866372,0.050456253354804,0.1496941958908858,0.0,0.0,0.0424369747899159,0.0127504553734061,0.152947447914353,False,train/val only,test,170207,1863,0.0261345852895148,0.2689210950080515
dgraphfin,strict_inductive,gcn,10,best_val_branch_threshold_only_tta,threshold_tta_graph,0.032282991328239,0.0144974566077533,0.5735070830096664,0.0234741784037558,0.0107353730542136,0.0281855549031121,0.0257648953301127,0.0223201174743024,0.0407944176060118,0.1055832016309552,0.0,0.0,0.0268741159830268,0.0116959064327485,0.1120689655172413,False,train/val only,test,170207,1863,0.0192150449713818,0.1009125067096081
dgraphfin,strict_inductive,sage,10,best_val_branch_threshold_only_tta,threshold_tta_graph,0.0507225007372456,0.0237878505748987,0.7281958555889024,0.0258215962441314,0.0118089103596349,0.0234879624192601,0.0214707461084272,0.0276064610866372,0.050456253354804,0.1282379690612019,0.0,0.0,0.0461336828309305,0.0069930069930069,0.1310692550308738,False,train/val only,test,170207,1863,0.0284919162470182,0.2308105206655931
dgraphfin,inductive_isolated,gcn,1,best_val_branch_threshold_only_tta,threshold_tta_graph,0.0286860385480872,0.0135745812837729,0.6036546983429298,0.0058685446009389,0.0026838432635534,0.0099823840281855,0.0091250670960815,0.0117474302496328,0.0214707461084272,0.592607824590058,0.0,0.0,0.0243913177475454,0.0054644808743169,0.6148255813953488,False,train/val only,test,170207,1863,0.0146093057091891,0.7869028448738594
dgraphfin,inductive_isolated,sage,1,best_val_branch_threshold_only_tta,threshold_tta_graph,0.041684296303261,0.0206581228610096,0.7100041478853119,0.0199530516431924,0.0091250670960815,0.0211391661773341,0.0193236714975845,0.0176211453744493,0.0322061191626409,0.3718119701304881,0.0,0.0,0.0368202017352049,0.0182149362477231,0.3833644142167617,False,train/val only,test,170207,1863,0.0214689265536723,0.7139023081052066
dgraphfin,inductive_isolated,gcn,2,best_val_branch_threshold_only_tta,threshold_tta_graph,0.0252138539330114,0.0108106103201065,0.5381999342832733,0.0023474178403755,0.0010735373054213,0.0017615971814445,0.001610305958132,0.0017621145374449,0.003220611916264,0.7580123026667528,0.6810531976338903,0.6592615347898522,0.0222723529201131,0.0,0.7746619132028122,False,train/val only,test,170207,1863,0.0127880788572486,0.8899624261943102
dgraphfin,inductive_isolated,sage,2,best_val_branch_threshold_only_tta,threshold_tta_graph,0.0416035008205048,0.0200443338323521,0.7050032036362218,0.0199530516431924,0.0091250670960815,0.0199647680563711,0.0182501341921631,0.0226138032305433,0.0413311862587224,0.372787253168201,0.2931384379113647,0.2760381699699839,0.0372358970783069,0.0139860139860139,0.3868747257569109,False,train/val only,test,170207,1863,0.0214255819194488,0.7144390767579173
dgraphfin,inductive_isolated,gcn,3,best_val_branch_threshold_only_tta,threshold_tta_graph,0.0216980856349554,0.0079247271589224,0.3762798251536632,0.0023474178403755,0.0010735373054213,0.003523194362889,0.003220611916264,0.0035242290748898,0.0064412238325281,0.9834554395530148,0.2778905221588416,0.2512602142972185,0.0185660459782668,0.0023310023310023,0.986013602457218,False,train/val only,test,170207,1863,0.0109684892324421,0.9962426194310252
dgraphfin,inductive_isolated,sage,3,best_val_branch_threshold_only_tta,threshold_tta_graph,0.0251928853289357,0.0181167086995099,0.6730038171207289,0.0082159624413145,0.0037573805689747,0.0099823840281855,0.0091250670960815,0.0126284875183553,0.0230810520665593,0.781507223557198,0.0933797718297498,0.0504267363014288,0.0218689206413094,0.0069930069930069,0.8015028521281263,False,train/val only,test,170207,1863,0.0127716113429226,0.9184111647879764
dgraphfin,inductive_isolated,gcn,4,best_val_branch_threshold_only_tta,threshold_tta_graph,0.0327919911012235,0.015917088523135,0.6520176196357284,0.0199530516431924,0.0091250670960815,0.0158543746330005,0.0144927536231884,0.0155653450807635,0.0284487385936661,0.5200021150716481,0.3218745643211377,0.3026549003291632,0.029722250691811,0.012891344383057,0.5249561211057482,False,train/val only,test,170207,1863,0.016742960346218,0.7911969940955448
dgraphfin,inductive_isolated,sage,4,best_val_branch_threshold_only_tta,threshold_tta_graph,0.0406263982102908,0.0175976178721989,0.6825000298445718,0.0093896713615023,0.0042941492216854,0.0123311802701115,0.0112721417069243,0.0161527165932452,0.0295222758990874,0.3897019511535953,0.1852655898344918,0.1729619304209651,0.0362735912193816,0.0109289617486338,0.4026985519964897,False,train/val only,test,170207,1863,0.0208937364812002,0.7310789049919485
dgraphfin,inductive_isolated,gcn,5,best_val_branch_threshold_only_tta,threshold_tta_graph,0.0215864478407549,0.0082168269456016,0.3765554936599544,0.0011737089201877,0.0005367686527106,0.0005871990604815,0.0005367686527106,0.0035242290748898,0.0064412238325281,0.9591262404013936,0.0,0.0,0.0187587756248244,0.0,0.9611289987536352,False,train/val only,test,170207,1863,0.0109152941604997,0.9651100375738056
dgraphfin,inductive_isolated,sage,5,best_val_branch_threshold_only_tta,threshold_tta_graph,0.0408613367111243,0.0181759700067814,0.6883377938851738,0.0164319248826291,0.0075147611379495,0.0193775689958896,0.0177133655394524,0.019676945668135,0.0359634997316156,0.3897078263526177,0.0,0.0,0.0365345869711215,0.0116550116550116,0.4011079420798596,False,train/val only,test,170207,1863,0.0210140706906593,0.7359098228663447
dgraphfin,inductive_isolated,gcn,6,best_val_branch_threshold_only_tta,threshold_tta_graph,0.021667035153659,0.0084318875507683,0.4163617610021695,0.0011737089201877,0.0005367686527106,0.0005871990604815,0.0005367686527106,0.0005873715124816,0.0010735373054213,0.9879382164070808,0.6050375372040336,0.5991511076887508,0.0186011095398672,0.0,0.9896884598508118,False,train/val only,test,170207,1863,0.0109522325026027,0.9994632313472892
dgraphfin,inductive_isolated,sage,6,best_val_branch_threshold_only_tta,threshold_tta_graph,0.0430597771023302,0.0189247226626229,0.7029296898365892,0.0176056338028169,0.0080515297906602,0.0146799765120375,0.013419216317767,0.0170337738619676,0.0311325818572195,0.3467659966981381,0.0,0.0,0.0377955127239873,0.0093240093240093,0.3604651162790697,False,train/val only,test,170207,1863,0.0222291960876614,0.6843800322061192
dgraphfin,inductive_isolated,gcn,7,best_val_branch_threshold_only_tta,threshold_tta_graph,0.0364175448773727,0.0179647666815936,0.6817005492472549,0.0258215962441314,0.0118089103596349,0.0217263652378156,0.0198604401502952,0.0187958883994126,0.0343531937734836,0.2061666088938762,0.0577555945590171,0.0501290004252441,0.0309946463792617,0.0147329650092081,0.2140741553312856,False,train/val only,test,170207,1863,0.0193718713570595,0.3032742887815352
dgraphfin,inductive_isolated,sage,7,best_val_branch_threshold_only_tta,threshold_tta_graph,0.04233801851217,0.0178925430135819,0.696467370738377,0.0070422535211267,0.003220611916264,0.014092777451556,0.0128824476650563,0.0143906020558002,0.0263016639828234,0.3430058693238233,0.2008830627468187,0.1868329530330887,0.0367854689765702,0.0087719298245614,0.3572016235190873,False,train/val only,test,170207,1863,0.0218673088159781,0.6629092860976918
dgraphfin,inductive_isolated,gcn,8,best_val_branch_threshold_only_tta,threshold_tta_graph,0.0239633840849842,0.0105264160712298,0.518146478510161,0.0011737089201877,0.0005367686527106,0.0005871990604815,0.0005367686527106,0.0005873715124816,0.0010735373054213,0.6859236106623112,0.3211575613933757,0.2916272237465963,0.0226836794262363,0.0,0.7128204106833437,False,train/val only,test,170207,1863,0.012174288179465,0.7573805689747719
dgraphfin,inductive_isolated,sage,8,best_val_branch_threshold_only_tta,threshold_tta_graph,0.0216636723587587,0.0074472581194795,0.3266974486003138,0.0,0.0,0.0029359953024075,0.0026838432635534,0.0052863436123348,0.0096618357487922,0.9886021138966082,0.6039047576740261,0.5973547247673414,0.0185925140667047,0.0,0.9901546731022378,False,train/val only,test,170207,1863,0.0109504496561453,1.0
dgraphfin,inductive_isolated,gcn,9,best_val_branch_threshold_only_tta,threshold_tta_graph,0.0270515267175572,0.0126650824374719,0.5699705108209657,0.0011737089201877,0.0005367686527106,0.0017615971814445,0.001610305958132,0.0049926578560939,0.0091250670960815,0.2700828990582056,0.0,0.0,0.0268249780123131,0.0,0.2931346969666792,False,train/val only,test,170207,1863,0.0141548293681503,0.3043478260869565
dgraphfin,inductive_isolated,sage,9,best_val_branch_threshold_only_tta,threshold_tta_graph,0.0431501286043048,0.0185316209560952,0.6914215336849943,0.0152582159624413,0.0069779924852388,0.0146799765120375,0.013419216317767,0.0161527165932452,0.0295222758990874,0.3460374720193646,0.0,0.0,0.0385749943272067,0.0046620046620046,0.3581340500219394,False,train/val only,test,170207,1863,0.0222773574685932,0.6843800322061192
dgraphfin,inductive_isolated,gcn,10,best_val_branch_threshold_only_tta,threshold_tta_graph,0.0226310552704996,0.0101485902235179,0.4760659926231871,0.0105633802816901,0.0048309178743961,0.01174398120963,0.0107353730542136,0.0108663729809104,0.0198604401502952,0.8858801341895457,0.0,0.0,0.0195471674990042,0.0058479532163742,0.8899044453676777,False,train/val only,test,170207,1863,0.0114543012876214,0.9339774557165862
dgraphfin,inductive_isolated,sage,10,best_val_branch_threshold_only_tta,threshold_tta_graph,0.0428306334319674,0.0194218491952988,0.7026363058985959,0.022300469483568,0.0101986044015029,0.0211391661773341,0.0193236714975845,0.0190895741556534,0.0348899624261943,0.3500619833496859,0.0,0.0,0.0386545808674807,0.0023310023310023,0.3611507240017551,False,train/val only,test,170207,1863,0.0221037374469406,0.6876006441223832
dgraphfin,transductive,gcn,1,best_val_branch_threshold_only_tta,threshold_tta_graph,0.0262057660984946,0.0124146286913797,0.5690477603447216,0.0082159624413145,0.0037573805689747,0.0076335877862595,0.0069779924852388,0.0085168869309838,0.0155662909286097,0.5655760338881479,0.0,0.0,0.0220317064993534,0.0018214936247723,0.5774263578242944,False,train/val only,test,170207,1863,0.0133611205145565,0.677938808373591
dgraphfin,transductive,sage,1,best_val_branch_threshold_only_tta,threshold_tta_graph,0.0654681647940074,0.0285081527587063,0.7343435009835572,0.0469483568075117,0.0214707461084272,0.0440399295361127,0.0402576489533011,0.0414096916299559,0.0756843800322061,0.1068111182266299,0.0,0.0,0.0591069707677481,0.0255009107468123,0.1118342143840789,False,train/val only,test,170207,1863,0.0380430051362409,0.2345679012345679
dgraphfin,transductive,gcn,2,best_val_branch_threshold_only_tta,threshold_tta_graph,0.0234836024302641,0.0101177409987025,0.5023405956144957,0.0035211267605633,0.001610305958132,0.0029359953024075,0.0026838432635534,0.0055800293685756,0.0101986044015029,0.8572679149506189,0.7383536816108667,0.7176453729266891,0.0201414319989897,0.0,0.873707900973929,False,train/val only,test,170207,1863,0.0118905174992521,0.9388083735909822
dgraphfin,transductive,sage,2,best_val_branch_threshold_only_tta,threshold_tta_graph,0.0641648077680094,0.0263419609614635,0.7266004735109146,0.0293427230046948,0.013419216317767,0.0328831473869641,0.0300590445517981,0.0390602055800293,0.0713902308105206,0.1160939326819696,0.0,0.0,0.0580281690140845,0.0276243093922651,0.1202967438141353,False,train/val only,test,170207,1863,0.0365498168771956,0.2624798711755233
dgraphfin,transductive,gcn,3,best_val_branch_threshold_only_tta,threshold_tta_graph,0.022598723973652,0.0093943409126611,0.4710628817729737,0.0,0.0,0.0,0.0,0.0017621145374449,0.003220611916264,0.8910503093292286,0.1955353225098727,0.1596732473393708,0.0193219429287056,0.0,0.9039326458973234,False,train/val only,test,170207,1863,0.0114370959721531,0.9382716049382716
dgraphfin,transductive,sage,3,best_val_branch_threshold_only_tta,threshold_tta_graph,0.0661637397971803,0.0285042258863174,0.7329574709240535,0.0422535211267605,0.0193236714975845,0.0416911332941867,0.0381105743424584,0.0408223201174743,0.0746108427267847,0.1199363128425975,0.0,0.0,0.060327868852459,0.0263157894736842,0.1236728710408244,False,train/val only,test,170207,1863,0.0373890558389824,0.2871712292002147
dgraphfin,transductive,gcn,4,best_val_branch_threshold_only_tta,threshold_tta_graph,0.028998865570051,0.0141791792025952,0.6159952773133376,0.0129107981220657,0.0059044551798174,0.01174398120963,0.0107353730542136,0.0143906020558002,0.0263016639828234,0.3464017343587514,0.2296785870996051,0.2205192000474969,0.0249388753056234,0.007366482504604,0.348904237640216,False,train/val only,test,170207,1863,0.0149945924147159,0.4390767579173376
dgraphfin,transductive,sage,4,best_val_branch_threshold_only_tta,threshold_tta_graph,0.0458540783084393,0.023359769202803,0.7303226974294309,0.0234741784037558,0.0107353730542136,0.0270111567821491,0.0246913580246913,0.0255506607929515,0.0466988727858293,0.1262169005975077,0.0,0.0,0.0444743935309973,0.0145719489981785,0.1298254186841988,False,train/val only,test,170207,1863,0.0258919894488407,0.2002147074610842
dgraphfin,transductive,gcn,5,best_val_branch_threshold_only_tta,threshold_tta_graph,0.0221601016518424,0.0102977020167087,0.4864972954058312,0.0046948356807511,0.0021470746108427,0.004697592483852,0.0042941492216854,0.006461086637298,0.0118089103596349,0.9070602266651784,0.0,0.0,0.0191729101527933,0.0023310023310023,0.9137779727950855,False,train/val only,test,170207,1863,0.0112127660942412,0.9361245303274288
dgraphfin,transductive,sage,5,best_val_branch_threshold_only_tta,threshold_tta_graph,0.0553462081959491,0.0241054315230427,0.7293806898707957,0.0246478873239436,0.0112721417069243,0.0258367586611861,0.0236178207192699,0.0249632892804698,0.0456253354804079,0.1686064615438848,0.0,0.0,0.0487392113724826,0.0184162062615101,0.1758720930232558,False,train/val only,test,170207,1863,0.0298564350146105,0.3784219001610306
dgraphfin,transductive,gcn,6,best_val_branch_threshold_only_tta,threshold_tta_graph,0.0216539780321961,0.0086784894099883,0.4270520068956775,0.0011737089201877,0.0005367686527106,0.001174398120963,0.0010735373054213,0.0020558002936857,0.0037573805689747,0.9890545042213305,0.6065701212740437,0.600357708291811,0.0185839265337173,0.0,0.990620886353664,False,train/val only,test,170207,1863,0.0109454957786695,1.0
dgraphfin,transductive,sage,6,best_val_branch_threshold_only_tta,threshold_tta_graph,0.0545202075568223,0.0247038593199773,0.7282415423353286,0.0269953051643192,0.0123456790123456,0.0287727539635936,0.0263016639828234,0.029662261380323,0.0542136339237788,0.1782652887366559,0.0,0.0,0.0487881157154026,0.0204678362573099,0.1872257569109258,False,train/val only,test,170207,1863,0.0292514606124769,0.4004294149221685
dgraphfin,transductive,gcn,7,best_val_branch_threshold_only_tta,threshold_tta_graph,0.0256168818605131,0.0121317688242283,0.5698555199410332,0.0058685446009389,0.0026838432635534,0.0064591896652965,0.0059044551798174,0.0085168869309838,0.0155662909286097,0.4642641019464534,0.3171542950467048,0.3068287980068372,0.020578147966683,0.0,0.469198749228226,False,train/val only,test,170207,1863,0.0131238105307676,0.533011272141707
dgraphfin,transductive,sage,7,best_val_branch_threshold_only_tta,threshold_tta_graph,0.0482357712586183,0.0205544492244505,0.7183105633917963,0.0129107981220657,0.0059044551798174,0.0146799765120375,0.013419216317767,0.0167400881057268,0.0305958132045088,0.2296321537892096,0.0892935498025449,0.0736750424830763,0.0436920965343703,0.0109289617486338,0.2458589293549802,False,train/val only,test,170207,1863,0.0253971869483514,0.4787976382179281
dgraphfin,transductive,gcn,8,best_val_branch_threshold_only_tta,threshold_tta_graph,0.0217581270416571,0.010088270132455,0.4853475970489994,0.0011737089201877,0.0005367686527106,0.001174398120963,0.0010735373054213,0.0017621145374449,0.003220611916264,0.9801770784985342,0.6042379281240282,0.5972128619057824,0.0187491408934707,0.0,0.9821944272939116,False,train/val only,test,170207,1863,0.0109992410227218,0.9957058507783144
dgraphfin,transductive,sage,8,best_val_branch_threshold_only_tta,threshold_tta_graph,0.021638025254052,0.0074261056755623,0.3290008309672582,0.0035211267605633,0.001610305958132,0.0029359953024075,0.0026838432635534,0.0044052863436123,0.0080515297906602,0.9887842450663016,0.6121007507440808,0.6060232482307861,0.0185396618278693,0.0,0.99023694602896,False,train/val only,test,170207,1863,0.0109374724506168,0.9989264626945786
dgraphfin,transductive,gcn,9,best_val_branch_threshold_only_tta,threshold_tta_graph,0.0308733347430746,0.0146395692144689,0.6022653394658062,0.0035211267605633,0.001610305958132,0.0064591896652965,0.0059044551798174,0.0123348017621145,0.0225442834138486,0.1698343781395594,0.0,0.0,0.0294038305907742,0.0018214936247723,0.1778963930769383,False,train/val only,test,170207,1863,0.0167569552841795,0.1959205582393988
dgraphfin,transductive,sage,9,best_val_branch_threshold_only_tta,threshold_tta_graph,0.0484551250613045,0.0231461776026712,0.7202461385141673,0.028169014084507,0.0128824476650563,0.0281855549031121,0.0257648953301127,0.0273127753303964,0.0499194847020934,0.1461632012784433,0.0,0.0,0.0454642933733647,0.0182149362477231,0.1505930434010039,False,train/val only,test,170207,1863,0.0266637879851028,0.2651637144390767
dgraphfin,transductive,gcn,10,best_val_branch_threshold_only_tta,threshold_tta_graph,0.0318718235851494,0.0144603531533645,0.572923490902214,0.022300469483568,0.0101986044015029,0.0275983558426306,0.025228126677402,0.0223201174743024,0.0407944176060118,0.1054656976505079,0.0,0.0,0.026950354609929,0.0116959064327485,0.1118612380556709,False,train/val only,test,170207,1863,0.0189821465216499,0.0993022007514761
dgraphfin,transductive,sage,10,best_val_branch_threshold_only_tta,threshold_tta_graph,0.0559562297935836,0.024907873770522,0.7308477275360993,0.0258215962441314,0.0118089103596349,0.0246623605402231,0.0225442834138486,0.0287812041116005,0.0526033279656468,0.1224156468300363,0.0,0.0,0.0513109670143783,0.0069930069930069,0.1256941051041712,False,train/val only,test,170207,1863,0.031643344349905,0.2415458937198067
elliptic,strict_inductive,gcn,1,best_val_branch_review_budget,best_val_branch,0.5101281521289789,0.467131898960503,0.8774880231715221,0.7261904761904762,0.0563250230840258,0.7305389221556886,0.1126500461680517,0.6676646706586826,0.2059095106186519,0.1829034193161367,0.0636042402826854,0.0120055283318362,0.0,0.0,0.5987394957983193,False,train/val only,test,16670,1083,0.4618263473053892,0.569713758079409
elliptic,strict_inductive,sage,1,best_val_branch_review_budget,best_val_branch,0.5656565656565657,0.56803585336822,0.8810975846351586,0.988095238095238,0.0766389658356417,0.9461077844311376,0.1458910433979686,0.8353293413173652,0.2576177285318559,0.1729454109178164,0.0106157112526539,0.0033924471783759,0.0,0.0,0.5882352941176471,False,train/val only,test,16670,1083,0.5903614457831325,0.5429362880886427
elliptic,strict_inductive,gcn,2,best_val_branch_review_budget,best_val_branch,0.5185185185185185,0.4866035313533174,0.8740354455239204,0.8333333333333334,0.064635272391505,0.8143712574850299,0.1255771006463527,0.7005988023952096,0.2160664819944598,0.1833833233353329,0.0760777683854607,0.0148426035882362,0.0,0.0,0.5945378151260504,False,train/val only,test,16670,1083,0.4909240924092409,0.5493998153277931
elliptic,strict_inductive,sage,2,best_val_branch_review_budget,best_val_branch,0.6198714780029659,0.6405174121102664,0.8873239478337448,1.0,0.077562326869806,1.0,0.1542012927054478,0.940119760479042,0.2899353647276085,0.1555488902219556,0.0100401606425702,0.0008094000652469,0.0,0.0,0.5966386554621849,False,train/val only,test,16670,1083,0.6670212765957447,0.5789473684210527
elliptic,strict_inductive,gcn,3,best_val_branch_review_budget,best_val_branch,0.4929971988795518,0.5053356997294912,0.8823085222485462,0.8333333333333334,0.064635272391505,0.8562874251497006,0.1320406278855032,0.7425149700598802,0.2289935364727608,0.1880623875224955,0.0417690417690417,0.0117689686504087,0.0,0.0,0.5987394957983193,False,train/val only,test,16670,1083,0.4350282485875706,0.5687903970452447
elliptic,strict_inductive,sage,3,best_val_branch_review_budget,best_val_branch,0.6131889763779528,0.6446810258958481,0.8874801319209055,0.988095238095238,0.0766389658356417,0.994011976047904,0.1532779316712834,0.9550898203592816,0.2945521698984303,0.1575284943011397,0.0,0.0,0.0,0.0,0.5840336134453782,False,train/val only,test,16670,1083,0.6564805057955743,0.5752539242843951
elliptic,strict_inductive,gcn,4,best_val_branch_review_budget,best_val_branch,0.51319381255687,0.4147945177968485,0.8668361084813854,0.6666666666666666,0.051708217913204,0.6167664670658682,0.0951061865189289,0.5568862275449101,0.1717451523545706,0.1887222555488902,0.0718512256973795,0.0115846652022522,0.0,0.0,0.5945378151260504,False,train/val only,test,16670,1083,0.5058295964125561,0.5207756232686981
elliptic,strict_inductive,sage,4,best_val_branch_review_budget,best_val_branch,0.620821394460363,0.646021729826782,0.8941999870740118,1.0,0.077562326869806,0.9880239520958084,0.1523545706371191,0.9730538922155688,0.3000923361034164,0.1515296940611877,0.0220883534136546,0.0020343546470526,0.0,0.0,0.5819327731092437,False,train/val only,test,16670,1083,0.6429277942631059,0.6001846722068329
elliptic,strict_inductive,gcn,5,best_val_branch_review_budget,best_val_branch,0.509392747924858,0.4213167919742409,0.8710705543916045,0.6309523809523809,0.0489381348107109,0.6047904191616766,0.0932594644506001,0.5508982035928144,0.1698984302862419,0.1873425314937012,0.0856890459363957,0.0123406809497482,0.0,0.0,0.5945378151260504,False,train/val only,test,16670,1083,0.4834162520729685,0.5383194829178208
elliptic,strict_inductive,sage,5,best_val_branch_review_budget,best_val_branch,0.5742663656884875,0.5963565204280525,0.8791092809365192,1.0,0.077562326869806,0.9820359281437124,0.1514312096029547,0.8832335329341318,0.2723915050784857,0.1638272345530894,0.0070224719101123,0.0008611218156121,0.0,0.0,0.5903361344537815,False,train/val only,test,16670,1083,0.5618374558303887,0.5872576177285319
elliptic,strict_inductive,gcn,6,best_val_branch_review_budget,best_val_branch,0.5151237396883593,0.4212600055731494,0.8722414167025212,0.75,0.0581717451523545,0.6347305389221557,0.0978762696214219,0.5598802395209581,0.1726685133887349,0.1884823035392921,0.0481825866441251,0.0096515270037368,0.0,0.0,0.5945378151260504,False,train/val only,test,16670,1083,0.5113739763421292,0.5189289012003694
elliptic,strict_inductive,sage,6,best_val_branch_review_budget,best_val_branch,0.5869175627240144,0.6163644243786824,0.8906525971254426,0.988095238095238,0.0766389658356417,0.9820359281437124,0.1514312096029547,0.9041916167664672,0.2788550323176362,0.1580083983203359,0.0220883534136546,0.0024363113463701,0.0,0.0,0.5903361344537815,False,train/val only,test,16670,1083,0.5700609225413403,0.6048014773776547
elliptic,strict_inductive,gcn,7,best_val_branch_review_budget,best_val_branch,0.5194238323876036,0.4374685787819405,0.8717252065240578,0.7857142857142857,0.0609418282548476,0.6706586826347305,0.1034164358264081,0.5688622754491018,0.175438596491228,0.1831433713257348,0.0574809805579036,0.0081093030411139,0.0,0.0,0.5966386554621849,False,train/val only,test,16670,1083,0.4925496688741722,0.5493998153277931
elliptic,strict_inductive,sage,7,best_val_branch_review_budget,best_val_branch,0.5855588526211671,0.5988955599647827,0.8804367716284156,0.988095238095238,0.0766389658356417,0.9880239520958084,0.1523545706371191,0.8832335329341318,0.2723915050784857,0.1680863827234553,0.0361445783132529,0.0036215248780595,0.0,0.0,0.5945378151260504,False,train/val only,test,16670,1083,0.630457933972311,0.5466297322253001
elliptic,strict_inductive,gcn,8,best_val_branch_review_budget,best_val_branch,0.5206463195691202,0.4252363349738167,0.8732587903087788,0.6428571428571429,0.0498614958448753,0.6347305389221557,0.0978762696214219,0.5419161676646707,0.1671283471837488,0.1847630473905219,0.0676246830092983,0.0088316679599579,0.0,0.0,0.592436974789916,False,train/val only,test,16670,1083,0.5065502183406113,0.5355493998153278
elliptic,strict_inductive,sage,8,best_val_branch_review_budget,best_val_branch,0.5792245093346099,0.5592367001310002,0.885956233741438,0.9523809523809524,0.0738688827331486,0.8562874251497006,0.1320406278855032,0.8023952095808383,0.247460757156048,0.1674265146970605,0.0321285140562249,0.0035575830392852,0.0,0.0,0.5987394957983193,False,train/val only,test,16670,1083,0.6013916500994035,0.5586334256694367
elliptic,strict_inductive,gcn,9,best_val_branch_review_budget,best_val_branch,0.5140631761142361,0.4655862956078047,0.8801913733424064,0.7619047619047619,0.0590951061865189,0.7425149700598802,0.1144967682363804,0.6497005988023952,0.2003693444136657,0.1847030593881223,0.0532544378698224,0.0086088342021202,0.0,0.0,0.5861344537815126,False,train/val only,test,16670,1083,0.4837133550488599,0.5484764542936288
elliptic,strict_inductive,sage,9,best_val_branch_review_budget,best_val_branch,0.5965858041329739,0.622940149376294,0.8951871190809919,1.0,0.077562326869806,0.9880239520958084,0.1523545706371191,0.9041916167664672,0.2788550323176362,0.1544091181763647,0.0087994971715901,0.0008203221259831,0.0,0.0,0.5882352941176471,False,train/val only,test,16670,1083,0.5809273840769904,0.6131117266851339
elliptic,strict_inductive,gcn,10,best_val_branch_review_budget,best_val_branch,0.5128205128205128,0.4769079036422319,0.8763385165835037,0.8333333333333334,0.064635272391505,0.8263473053892215,0.1274238227146814,0.7005988023952096,0.2160664819944598,0.1918416316736652,0.1254416961130742,0.0176946756619483,0.0,0.0,0.5945378151260504,False,train/val only,test,16670,1083,0.5278592375366569,0.4986149584487535
elliptic,strict_inductive,sage,10,best_val_branch_review_budget,best_val_branch,0.5977011494252874,0.6209115473432685,0.8928605596881792,1.0,0.077562326869806,0.9880239520958084,0.1523545706371191,0.9101796407185628,0.2807017543859649,0.1605278944211157,0.0070257611241217,0.0008117647209278,0.0,0.0,0.5945378151260504,False,train/val only,test,16670,1083,0.6208955223880597,0.5761772853185596
elliptic,inductive_isolated,gcn,1,best_val_branch_review_budget,best_val_branch,0.5101281521289789,0.467131898960503,0.8774880231715221,0.7261904761904762,0.0563250230840258,0.7305389221556886,0.1126500461680517,0.6676646706586826,0.2059095106186519,0.1829034193161367,0.1042402826855123,0.0194292893292453,0.0,0.0,0.5987394957983193,False,train/val only,test,16670,1083,0.4618263473053892,0.569713758079409
elliptic,inductive_isolated,sage,1,best_val_branch_review_budget,best_val_branch,0.4873949579831932,0.4096704842375303,0.8597253636263522,0.7380952380952381,0.0572483841181902,0.6107784431137725,0.0941828254847645,0.5179640718562875,0.1597414589104339,0.2004799040191961,0.0863453815261043,0.0199706527388852,0.0,0.0,0.592436974789916,False,train/val only,test,16670,1083,0.4929178470254957,0.481994459833795
elliptic,inductive_isolated,gcn,2,best_val_branch_review_budget,best_val_branch,0.5185185185185185,0.4866035313533174,0.8740354455239204,0.8333333333333334,0.064635272391505,0.8143712574850299,0.1255771006463527,0.7005988023952096,0.2160664819944598,0.1833833233353329,0.161660777385159,0.0261610418565201,0.0,0.0,0.5945378151260504,False,train/val only,test,16670,1083,0.4909240924092409,0.5493998153277931
elliptic,inductive_isolated,sage,2,best_val_branch_review_budget,best_val_branch,0.5477099236641222,0.5093634052738258,0.8667715970188714,0.9404761904761904,0.0729455216989843,0.7604790419161677,0.1172668513388735,0.6826347305389222,0.2105263157894736,0.1790041991601679,0.037159372419488,0.0064154816525995,0.0,0.0,0.592436974789916,False,train/val only,test,16670,1083,0.5666337611056268,0.5300092336103417
elliptic,inductive_isolated,gcn,3,best_val_branch_review_budget,best_val_branch,0.4929971988795518,0.5053356997294912,0.8823085222485462,0.8333333333333334,0.064635272391505,0.8562874251497006,0.1320406278855032,0.7425149700598802,0.2289935364727608,0.1880623875224955,0.1395759717314487,0.0173862625034825,0.0,0.0,0.5987394957983193,False,train/val only,test,16670,1083,0.4350282485875706,0.5687903970452447
elliptic,inductive_isolated,sage,3,best_val_branch_review_budget,best_val_branch,0.5552536231884059,0.5195174043407335,0.8720410698097552,0.9404761904761904,0.0729455216989843,0.7604790419161677,0.1172668513388735,0.7215568862275449,0.2225300092336103,0.1716856628674265,0.0220883534136546,0.0031032807269736,0.0,0.0,0.5903361344537815,False,train/val only,test,16670,1083,0.5448888888888889,0.5660203139427517
elliptic,inductive_isolated,gcn,4,best_val_branch_review_budget,best_val_branch,0.51319381255687,0.4147945177968485,0.8668361084813854,0.6666666666666666,0.051708217913204,0.6167664670658682,0.0951061865189289,0.5568862275449101,0.1717451523545706,0.1887222555488902,0.1704946996466431,0.0182145345896276,0.0,0.0,0.5945378151260504,False,train/val only,test,16670,1083,0.5058295964125561,0.5207756232686981
elliptic,inductive_isolated,sage,4,best_val_branch_review_budget,best_val_branch,0.5529463890119627,0.5231032139358937,0.8713728815256173,0.9642857142857144,0.074792243767313,0.8083832335329342,0.1246537396121883,0.718562874251497,0.2216066481994459,0.1706658668266346,0.0562248995983935,0.0051039204075576,0.0,0.0,0.5861344537815126,False,train/val only,test,16670,1083,0.5315161839863713,0.5761772853185596
elliptic,inductive_isolated,gcn,5,best_val_branch_review_budget,best_val_branch,0.509392747924858,0.4213167919742409,0.8710705543916045,0.6309523809523809,0.0489381348107109,0.6047904191616766,0.0932594644506001,0.5508982035928144,0.1698984302862419,0.1873425314937012,0.0945229681978798,0.0096717273820613,0.0,0.0,0.5945378151260504,False,train/val only,test,16670,1083,0.4834162520729685,0.5383194829178208
elliptic,inductive_isolated,sage,5,best_val_branch_review_budget,best_val_branch,0.5073937153419594,0.4394341512121472,0.8573348259236083,0.7976190476190477,0.061865189289012,0.6467065868263473,0.0997229916897507,0.562874251497006,0.1735918744228993,0.1920815836832633,0.0903614457831325,0.011983092990622,0.0,0.0,0.5903361344537815,False,train/val only,test,16670,1083,0.5078630897317299,0.5069252077562327
elliptic,inductive_isolated,gcn,6,best_val_branch_review_budget,best_val_branch,0.5151237396883593,0.4212600055731494,0.8722414167025212,0.75,0.0581717451523545,0.6347305389221557,0.0978762696214219,0.5598802395209581,0.1726685133887349,0.1884823035392921,0.1307420494699646,0.011450281718023,0.0,0.0,0.5945378151260504,False,train/val only,test,16670,1083,0.5113739763421292,0.5189289012003694
elliptic,inductive_isolated,sage,6,best_val_branch_review_budget,best_val_branch,0.5151237396883593,0.4212600055731494,0.8722414167025212,0.75,0.0581717451523545,0.6347305389221557,0.0978762696214219,0.5598802395209581,0.1726685133887349,0.1884823035392921,0.097173144876325,0.0170807111952953,0.0,0.0,0.5945378151260504,False,train/val only,test,16670,1083,0.5113739763421292,0.5189289012003694
elliptic,inductive_isolated,gcn,7,best_val_branch_review_budget,best_val_branch,0.5194238323876036,0.4374685787819405,0.8717252065240578,0.7857142857142857,0.0609418282548476,0.6706586826347305,0.1034164358264081,0.5688622754491018,0.175438596491228,0.1831433713257348,0.1227915194346289,0.0182589754769519,0.0,0.0,0.5966386554621849,False,train/val only,test,16670,1083,0.4925496688741722,0.5493998153277931
elliptic,inductive_isolated,sage,7,best_val_branch_review_budget,best_val_branch,0.5290266259275426,0.4832341833317303,0.8597428095636437,0.9047619047619048,0.0701754385964912,0.7245508982035929,0.1117266851338873,0.6317365269461078,0.1948291782086796,0.1791841631673665,0.0843373493975903,0.0100289130046953,0.0,0.0,0.6029411764705882,False,train/val only,test,16670,1083,0.5016556291390728,0.5595567867036011
elliptic,inductive_isolated,gcn,8,best_val_branch_review_budget,best_val_branch,0.5206463195691202,0.4252363349738167,0.8732587903087788,0.6428571428571429,0.0498614958448753,0.6347305389221557,0.0978762696214219,0.5419161676646707,0.1671283471837488,0.1847630473905219,0.1245583038869258,0.017647353420835,0.0,0.0,0.592436974789916,False,train/val only,test,16670,1083,0.5065502183406113,0.5355493998153278
elliptic,inductive_isolated,sage,8,best_val_branch_review_budget,best_val_branch,0.5206463195691202,0.4252363349738167,0.8732587903087788,0.6428571428571429,0.0498614958448753,0.6347305389221557,0.0978762696214219,0.5419161676646707,0.1671283471837488,0.1847630473905219,0.0163800163800163,0.0032552668690626,0.0,0.0,0.592436974789916,False,train/val only,test,16670,1083,0.5065502183406113,0.5355493998153278
elliptic,inductive_isolated,gcn,9,best_val_branch_review_budget,best_val_branch,0.5140631761142361,0.4655862956078047,0.8801913733424064,0.7619047619047619,0.0590951061865189,0.7425149700598802,0.1144967682363804,0.6497005988023952,0.2003693444136657,0.1847030593881223,0.1130742049469964,0.0120956640984107,0.0,0.0,0.5861344537815126,False,train/val only,test,16670,1083,0.4837133550488599,0.5484764542936288
elliptic,inductive_isolated,sage,9,best_val_branch_review_budget,best_val_branch,0.5588803088803089,0.5230466225969194,0.8807770118349803,0.9047619047619048,0.0701754385964912,0.7544910179640718,0.1163434903047091,0.7065868263473054,0.2179132040627885,0.1757648470305939,0.0261044176706827,0.0029682204212275,0.0,0.0,0.5882352941176471,False,train/val only,test,16670,1083,0.5854398382204247,0.5346260387811634
elliptic,inductive_isolated,gcn,10,best_val_branch_review_budget,best_val_branch,0.5128205128205128,0.4769079036422319,0.8763385165835037,0.8333333333333334,0.064635272391505,0.8263473053892215,0.1274238227146814,0.7005988023952096,0.2160664819944598,0.1918416316736652,0.1952296819787985,0.0254322448307341,0.0,0.0,0.5945378151260504,False,train/val only,test,16670,1083,0.5278592375366569,0.4986149584487535
elliptic,inductive_isolated,sage,10,best_val_branch_review_budget,best_val_branch,0.5333919156414764,0.4802705003490153,0.8742740313047055,0.9047619047619048,0.0701754385964912,0.7365269461077845,0.113573407202216,0.6467065868263473,0.1994459833795014,0.1779244151169766,0.036144578313253,0.0049645299196305,0.0,0.0,0.592436974789916,False,train/val only,test,16670,1083,0.5088013411567477,0.5604801477377654
elliptic,transductive,gcn,1,best_val_branch_review_budget,best_val_branch,0.504881450488145,0.482251264241691,0.8746814783562858,0.7380952380952381,0.0572483841181902,0.8263473053892215,0.1274238227146814,0.7574850299401198,0.2336103416435826,0.1934613077384523,0.2473544973544973,0.0423439026596296,0.0,0.0,0.5903361344537815,False,train/val only,test,16670,1083,0.5084269662921348,0.5013850415512465
elliptic,transductive,sage,1,best_val_branch_review_budget,best_val_branch,0.4951923076923076,0.447093399390547,0.8537938041864445,0.9523809523809524,0.0738688827331486,0.7005988023952096,0.1080332409972299,0.5508982035928144,0.1698984302862419,0.1750449910017996,0.1197478991596638,0.02184183744135,0.0,0.0,0.7163865546218487,False,train/val only,test,16670,1083,0.3942044833242208,0.6657433056325023
elliptic,transductive,gcn,2,best_val_branch_review_budget,best_val_branch,0.5306930693069307,0.499095180879988,0.8766894198417235,0.6666666666666666,0.051708217913204,0.7904191616766467,0.1218836565096952,0.7844311377245509,0.2419205909510618,0.188122375524895,0.1653439153439153,0.0335310579905573,0.0,0.0,0.5882352941176471,False,train/val only,test,16670,1083,0.5720384204909285,0.494921514312096
elliptic,transductive,sage,2,best_val_branch_review_budget,best_val_branch,0.5818847209515097,0.5440721956998189,0.871110303878608,0.8928571428571429,0.0692520775623268,0.844311377245509,0.1301939058171745,0.7544910179640718,0.2326869806094182,0.1620875824835033,0.0608622147083685,0.0111923891522765,0.0,0.0,0.5966386554621849,False,train/val only,test,16670,1083,0.5766092475067996,0.5872576177285319
elliptic,transductive,gcn,3,best_val_branch_review_budget,best_val_branch,0.560897435897436,0.3856411705101192,0.8699049051281637,0.4880952380952381,0.0378578024007386,0.3952095808383233,0.0609418282548476,0.3622754491017964,0.1117266851338873,0.1576484703059388,0.0401459854014598,0.0069863045312316,0.0,0.0,0.5987394957983193,False,train/val only,test,16670,1083,0.4953998584571833,0.6463527239150508
elliptic,transductive,sage,3,best_val_branch_review_budget,best_val_branch,0.5494071146245059,0.555314980492425,0.8681089510335489,0.988095238095238,0.0766389658356417,0.9520958083832336,0.1468144044321329,0.7604790419161677,0.234533702677747,0.1614877024595081,0.0247349823321554,0.0089466331392547,0.0,0.0,0.615546218487395,False,train/val only,test,16670,1083,0.4803040774015203,0.641735918744229
elliptic,transductive,gcn,4,best_val_branch_review_budget,best_val_branch,0.482486433152442,0.4532014874373191,0.871022215224101,0.7023809523809523,0.0544783010156971,0.7664670658682635,0.1181902123730378,0.6766467065868264,0.2086795937211449,0.2054589082183563,0.3029100529100529,0.05746929663628,0.0,0.0,0.592436974789916,False,train/val only,test,16670,1083,0.5180084745762712,0.4515235457063712
elliptic,transductive,sage,4,best_val_branch_review_budget,best_val_branch,0.5527442584663292,0.5369115042180055,0.8736427194075419,1.0,0.077562326869806,0.9221556886227544,0.1421975992613111,0.7544910179640718,0.2326869806094182,0.1584283143371326,0.0401606425702811,0.0069448311892077,0.0,0.0,0.6113445378151261,False,train/val only,test,16670,1083,0.477792732166891,0.6555863342566943
elliptic,transductive,gcn,5,best_val_branch_review_budget,best_val_branch,0.4990892531876139,0.464669787104384,0.873339977599298,0.7738095238095238,0.0600184672206832,0.7844311377245509,0.1209602954755309,0.7155688622754491,0.2206832871652816,0.1943611277744451,0.2526455026455027,0.0466385015663042,0.0,0.0,0.592436974789916,False,train/val only,test,16670,1083,0.4923629829290206,0.5060018467220684
elliptic,transductive,sage,5,best_val_branch_review_budget,best_val_branch,0.5383647798742138,0.4336331027760166,0.8633385386797163,0.8333333333333334,0.064635272391505,0.6407185628742516,0.0987996306555863,0.5089820359281437,0.1569713758079409,0.1718656268746251,0.0859788359788359,0.0238646036286081,0.0,0.0,0.6071428571428571,False,train/val only,test,16670,1083,0.4930875576036866,0.592797783933518
elliptic,transductive,gcn,6,best_val_branch_review_budget,best_val_branch,0.4774455144450076,0.4718034512507146,0.8755256069927345,0.7857142857142857,0.0609418282548476,0.8203592814371258,0.1265004616805171,0.7455089820359282,0.2299168975069252,0.2086982603479304,0.2791005291005291,0.0522713983719349,0.0,0.0,0.592436974789916,False,train/val only,test,16670,1083,0.5292134831460674,0.4349030470914127
elliptic,transductive,sage,6,best_val_branch_review_budget,best_val_branch,0.566213921901528,0.5631574012144592,0.8699020024085464,0.9761904761904762,0.0757156048014773,0.9461077844311376,0.1458910433979686,0.8173652694610778,0.2520775623268698,0.1611277744451109,0.0305532617671346,0.0066872774598369,0.0,0.0,0.6029411764705882,False,train/val only,test,16670,1083,0.5239591516103692,0.615881809787627
elliptic,transductive,gcn,7,best_val_branch_review_budget,best_val_branch,0.4839572192513369,0.4512580281102715,0.8679062049541604,0.7380952380952381,0.0572483841181902,0.7844311377245509,0.1209602954755309,0.7035928143712575,0.2169898430286242,0.1990401919616077,0.2142857142857142,0.0500811202332582,0.0,0.0,0.5945378151260504,False,train/val only,test,16670,1083,0.4677002583979328,0.5013850415512465
elliptic,transductive,sage,7,best_val_branch_review_budget,best_val_branch,0.5440826052422557,0.5003291546629858,0.8710303902303699,0.9523809523809524,0.0738688827331486,0.8023952095808383,0.123730378578024,0.6676646706586826,0.2059095106186519,0.164367126574685,0.0502008032128513,0.014936116786431,0.0,0.0,0.6071428571428571,False,train/val only,test,16670,1083,0.4773519163763066,0.6325023084025854
elliptic,transductive,gcn,8,best_val_branch_review_budget,best_val_branch,0.4903225806451613,0.4346027737112781,0.8671162801636257,0.75,0.0581717451523545,0.7245508982035929,0.1117266851338873,0.6586826347305389,0.2031394275161588,0.1941811637672465,0.1944444444444444,0.0350402651097819,0.0,0.0,0.5945378151260504,False,train/val only,test,16670,1083,0.4589371980676328,0.5263157894736842
elliptic,transductive,sage,8,best_val_branch_review_budget,best_val_branch,0.5157847932414407,0.4526179073985875,0.8716851312215871,0.75,0.0581717451523545,0.6766467065868264,0.1043397968605724,0.6137724550898204,0.1892890120036934,0.1860227954409118,0.0945229681978798,0.0247127465162725,0.0,0.0,0.6113445378151261,False,train/val only,test,16670,1083,0.4974271012006861,0.5355493998153278
elliptic,transductive,gcn,9,best_val_branch_review_budget,best_val_branch,0.4593406593406593,0.4724347516943559,0.8750596908745781,0.8095238095238095,0.0627885503231763,0.8083832335329342,0.1246537396121883,0.7155688622754491,0.2206832871652816,0.2185962807438512,0.2989417989417989,0.0633100161241391,0.0,0.0,0.5882352941176471,False,train/val only,test,16670,1083,0.5671641791044776,0.3859649122807017
elliptic,transductive,sage,9,best_val_branch_review_budget,best_val_branch,0.5473684210526316,0.5038806709480083,0.8653814312789128,0.9523809523809524,0.0738688827331486,0.8323353293413174,0.1283471837488458,0.6856287425149701,0.211449676823638,0.1647270545890821,0.0562248995983935,0.0113331204232766,0.0,0.0,0.6260504201680672,False,train/val only,test,16670,1083,0.487382840663302,0.6241920590951062
elliptic,transductive,gcn,10,best_val_branch_review_budget,best_val_branch,0.5240793201133145,0.5102768545410091,0.875831932771118,0.7619047619047619,0.0590951061865189,0.8383233532934131,0.1292705447830101,0.8023952095808383,0.247460757156048,0.1871625674865027,0.2116402116402116,0.037457690377885,0.0,0.0,0.5903361344537815,False,train/val only,test,16670,1083,0.5362318840579711,0.5124653739612188
elliptic,transductive,sage,10,best_val_branch_review_budget,best_val_branch,0.5439928539526574,0.5151870678433143,0.8720586934645742,0.9166666666666666,0.0710987996306555,0.8083832335329342,0.1246537396121883,0.7275449101796407,0.224376731301939,0.1749850029994001,0.0997464074387151,0.0246217318066065,0.0,0.0,0.5966386554621849,False,train/val only,test,16670,1083,0.5268166089965398,0.5623268698060941
dgraphfin,strict_inductive,gcn,1,best_val_branch_review_budget,best_val_branch,0.0261981559651106,0.0124055140776757,0.5688201667883024,0.0082159624413145,0.0037573805689747,0.0076335877862595,0.0069779924852388,0.0085168869309838,0.0155662909286097,0.5657405394607742,0.0,0.0,0.0220359281437125,0.0018214936247723,0.5776056085562349,False,train/val only,test,170207,1863,0.0133571640086298,0.677938808373591
dgraphfin,strict_inductive,sage,1,best_val_branch_review_budget,best_val_branch,0.0638808440215142,0.027914514496628,0.7329447263991231,0.0434272300469483,0.0198604401502952,0.0428655314151497,0.0391841116478797,0.0405286343612334,0.074074074074074,0.10117680236418,0.0,0.0,0.0579920260964117,0.0255009107468123,0.106858868997379,False,train/val only,test,170207,1863,0.0377616904715319,0.2071926999463231
dgraphfin,strict_inductive,gcn,2,best_val_branch_review_budget,best_val_branch,0.023470175556376,0.0101158252743173,0.5022681970197823,0.0035211267605633,0.001610305958132,0.0029359953024075,0.0026838432635534,0.0055800293685756,0.0101986044015029,0.8573031661447531,0.7801191021530004,0.758649702952016,0.0201382532117041,0.0,0.8737278177219223,False,train/val only,test,170207,1863,0.0118837190329861,0.9382716049382716
dgraphfin,strict_inductive,sage,2,best_val_branch_review_budget,best_val_branch,0.0614545193481226,0.0258534936958973,0.7237534910815364,0.0293427230046948,0.013419216317767,0.0340575455079271,0.0311325818572195,0.0372980910425844,0.0681696188942565,0.1105301192077881,0.0181274681878016,0.0133887939170248,0.055367579206398,0.0276243093922651,0.1145884234374305,False,train/val only,test,170207,1863,0.0354715730150837,0.2297369833601717
dgraphfin,strict_inductive,gcn,3,best_val_branch_review_budget,best_val_branch,0.022261175494125,0.0094002675819448,0.4713454199512595,0.0,0.0,0.0,0.0,0.0017621145374449,0.003220611916264,0.9289688438195844,0.2284444931987714,0.1973876371586752,0.0193108997384982,0.0,0.936567573497148,False,train/val only,test,170207,1863,0.011260527371165,0.964573268921095
dgraphfin,strict_inductive,sage,3,best_val_branch_review_budget,best_val_branch,0.0648718780408692,0.0279465111095142,0.7331816766751841,0.0363849765258215,0.0166398282340311,0.0428655314151497,0.0391841116478797,0.0399412628487518,0.0730005367686527,0.1167225789773628,0.0,0.0,0.0567129629629629,0.023391812865497,0.1210963528941406,False,train/val only,test,170207,1863,0.0368949232585596,0.2683843263553409
dgraphfin,strict_inductive,gcn,4,best_val_branch_review_budget,best_val_branch,0.0210206240084611,0.014175335267758,0.6159317810737919,0.0129107981220657,0.0059044551798174,0.01174398120963,0.0107353730542136,0.0143906020558002,0.0263016639828234,0.1270570540577062,0.0,0.0,0.0165479200183865,0.007366482504604,0.1330460663675536,False,train/val only,test,170207,1863,0.0119864304560874,0.0853462157809984
dgraphfin,strict_inductive,sage,4,best_val_branch_review_budget,best_val_branch,0.0455758352011954,0.0228606717799804,0.7291494885010268,0.022300469483568,0.0101986044015029,0.0240751614797416,0.0220075147611379,0.0261380323054331,0.0477724100912506,0.1388192025004847,0.0,0.0,0.0420954162768942,0.0145719489981785,0.1417751321576118,False,train/val only,test,170207,1863,0.0253037037037037,0.229200214707461
dgraphfin,strict_inductive,gcn,5,best_val_branch_review_budget,best_val_branch,0.0221536664635384,0.0103075248707999,0.4867603947559363,0.0058685446009389,0.0026838432635534,0.004697592483852,0.0042941492216854,0.0067547723935389,0.0123456790123456,0.907824002538086,0.0,0.0,0.0191520080143787,0.0023310023310023,0.91479267222466,False,train/val only,test,170207,1863,0.0112093940503491,0.9366612989801396
dgraphfin,strict_inductive,sage,5,best_val_branch_review_budget,best_val_branch,0.0520470102027637,0.0237047320531338,0.7291617483705183,0.0246478873239436,0.0112721417069243,0.0252495596007046,0.0230810520665593,0.0255506607929515,0.0466988727858293,0.1973361847632588,0.0,0.0,0.0446304044630404,0.0127504553734061,0.2078214129003949,False,train/val only,test,170207,1863,0.027689030883919,0.4326355340848094
dgraphfin,strict_inductive,gcn,6,best_val_branch_review_budget,best_val_branch,0.0216539780321961,0.0086874184437913,0.4275147252989552,0.0011737089201877,0.0005367686527106,0.001174398120963,0.0010735373054213,0.0020558002936857,0.0037573805689747,0.9890545042213305,0.606392430367376,0.6002700628827531,0.0185839265337173,0.0,0.990620886353664,False,train/val only,test,170207,1863,0.0109454957786695,1.0
dgraphfin,strict_inductive,sage,6,best_val_branch_review_budget,best_val_branch,0.0532564323433579,0.0240303179020403,0.726154826457769,0.0269953051643192,0.0123456790123456,0.0328831473869641,0.0300590445517981,0.0290748898678414,0.0531400966183574,0.175592073181479,0.0,0.0,0.0478048780487804,0.0175438596491228,0.1819877139096094,False,train/val only,test,170207,1863,0.0286254931959094,0.3816425120772946
dgraphfin,strict_inductive,gcn,7,best_val_branch_review_budget,best_val_branch,0.0256089541076195,0.0121304508028999,0.569830493226953,0.0058685446009389,0.0026838432635534,0.0064591896652965,0.0059044551798174,0.0085168869309838,0.0155662909286097,0.4644051067229902,0.3174331295186122,0.3071469734534646,0.020566811532105,0.0,0.4693979167081599,False,train/val only,test,170207,1863,0.0131196490857203,0.533011272141707
dgraphfin,strict_inductive,sage,7,best_val_branch_review_budget,best_val_branch,0.0487069777454858,0.0205414712956222,0.7187158851993091,0.0129107981220657,0.0059044551798174,0.0158543746330005,0.0144927536231884,0.0173274596182085,0.0316693505099302,0.2302079232934015,0.0891838525669153,0.0743455215637065,0.0441546556851979,0.0116550116550116,0.2455024133391838,False,train/val only,test,170207,1863,0.0256388463935633,0.4857756307031669
dgraphfin,strict_inductive,gcn,8,best_val_branch_review_budget,best_val_branch,0.0217555752326556,0.0101215768283299,0.4865570531025996,0.0011737089201877,0.0005367686527106,0.001174398120963,0.0010735373054213,0.0020558002936857,0.0037573805689747,0.9802945824789816,0.5962862600506419,0.5888358729571468,0.0187470793589708,0.0,0.9823338445298652,False,train/val only,test,170207,1863,0.0109979367752033,0.9957058507783144
dgraphfin,strict_inductive,sage,8,best_val_branch_review_budget,best_val_branch,0.021638025254052,0.0074055799377374,0.3270841430586538,0.0023474178403755,0.0010735373054213,0.0029359953024075,0.0026838432635534,0.0044052863436123,0.0080515297906602,0.9887842450663016,0.6040824485806939,0.5975283732427102,0.0185396618278693,0.0,0.99023694602896,False,train/val only,test,170207,1863,0.0109374724506168,0.9989264626945786
dgraphfin,strict_inductive,gcn,9,best_val_branch_review_budget,best_val_branch,0.0309356774575268,0.0146457734493615,0.6023535132762047,0.0035211267605633,0.001610305958132,0.0064591896652965,0.0059044551798174,0.0123348017621145,0.0225442834138486,0.1698990053288055,0.0,0.0,0.0293879751954704,0.0018214936247723,0.1779760600689119,False,train/val only,test,170207,1863,0.0167897609982109,0.1964573268921095
dgraphfin,strict_inductive,sage,9,best_val_branch_review_budget,best_val_branch,0.0476394237626586,0.022999765001212,0.7204263697555212,0.0293427230046948,0.013419216317767,0.0287727539635936,0.0263016639828234,0.0276064610866372,0.050456253354804,0.1496941958908858,0.0,0.0,0.0424369747899159,0.0127504553734061,0.152947447914353,False,train/val only,test,170207,1863,0.0261345852895148,0.2689210950080515
dgraphfin,strict_inductive,gcn,10,best_val_branch_review_budget,best_val_branch,0.032282991328239,0.0144974566077533,0.5735070830096664,0.0234741784037558,0.0107353730542136,0.0281855549031121,0.0257648953301127,0.0223201174743024,0.0407944176060118,0.1055832016309552,0.0,0.0,0.0268741159830268,0.0116959064327485,0.1120689655172413,False,train/val only,test,170207,1863,0.0192150449713818,0.1009125067096081
dgraphfin,strict_inductive,sage,10,best_val_branch_review_budget,best_val_branch,0.0507225007372456,0.0237878505748987,0.7281958555889024,0.0258215962441314,0.0118089103596349,0.0234879624192601,0.0214707461084272,0.0276064610866372,0.050456253354804,0.1282379690612019,0.0,0.0,0.0461336828309305,0.0069930069930069,0.1310692550308738,False,train/val only,test,170207,1863,0.0284919162470182,0.2308105206655931
dgraphfin,inductive_isolated,gcn,1,best_val_branch_review_budget,best_val_branch,0.0286860385480872,0.0135745812837729,0.6036546983429298,0.0058685446009389,0.0026838432635534,0.0099823840281855,0.0091250670960815,0.0117474302496328,0.0214707461084272,0.592607824590058,0.0,0.0,0.0243913177475454,0.0054644808743169,0.6148255813953488,False,train/val only,test,170207,1863,0.0146093057091891,0.7869028448738594
dgraphfin,inductive_isolated,sage,1,best_val_branch_review_budget,best_val_branch,0.041684296303261,0.0206581228610096,0.7100041478853119,0.0199530516431924,0.0091250670960815,0.0211391661773341,0.0193236714975845,0.0176211453744493,0.0322061191626409,0.3718119701304881,0.0,0.0,0.0368202017352049,0.0182149362477231,0.3833644142167617,False,train/val only,test,170207,1863,0.0214689265536723,0.7139023081052066
dgraphfin,inductive_isolated,gcn,2,best_val_branch_review_budget,best_val_branch,0.0252138539330114,0.0108106103201065,0.5381999342832733,0.0023474178403755,0.0010735373054213,0.0017615971814445,0.001610305958132,0.0017621145374449,0.003220611916264,0.7580123026667528,0.6810531976338903,0.6592615347898522,0.0222723529201131,0.0,0.7746619132028122,False,train/val only,test,170207,1863,0.0127880788572486,0.8899624261943102
dgraphfin,inductive_isolated,sage,2,best_val_branch_review_budget,best_val_branch,0.0416035008205048,0.0200443338323521,0.7050032036362218,0.0199530516431924,0.0091250670960815,0.0199647680563711,0.0182501341921631,0.0226138032305433,0.0413311862587224,0.372787253168201,0.2931384379113647,0.2760381699699839,0.0372358970783069,0.0139860139860139,0.3868747257569109,False,train/val only,test,170207,1863,0.0214255819194488,0.7144390767579173
dgraphfin,inductive_isolated,gcn,3,best_val_branch_review_budget,best_val_branch,0.0216986582782307,0.0079247271589224,0.3762798251536632,0.0023474178403755,0.0010735373054213,0.003523194362889,0.003220611916264,0.0035242290748898,0.0064412238325281,0.984947740104696,0.279563405002194,0.2527548753263403,0.0185866514049001,0.0023310023310023,0.9876864853005703,False,train/val only,test,170207,1863,0.010968587005263,0.9978529253891572
dgraphfin,inductive_isolated,sage,3,best_val_branch_review_budget,best_val_branch,0.0251928853289357,0.0181167086995099,0.6730038171207289,0.0082159624413145,0.0037573805689747,0.0099823840281855,0.0091250670960815,0.0126284875183553,0.0230810520665593,0.781507223557198,0.0933797718297498,0.0504267363014288,0.0218689206413094,0.0069930069930069,0.8015028521281263,False,train/val only,test,170207,1863,0.0127716113429226,0.9184111647879764
dgraphfin,inductive_isolated,gcn,4,best_val_branch_review_budget,best_val_branch,0.0327919911012235,0.015917088523135,0.6520176196357284,0.0199530516431924,0.0091250670960815,0.0158543746330005,0.0144927536231884,0.0155653450807635,0.0284487385936661,0.5200021150716481,0.3218745643211377,0.3026549003291632,0.029722250691811,0.012891344383057,0.5249561211057482,False,train/val only,test,170207,1863,0.016742960346218,0.7911969940955448
dgraphfin,inductive_isolated,sage,4,best_val_branch_review_budget,best_val_branch,0.0406263982102908,0.0175976178721989,0.6825000298445718,0.0093896713615023,0.0042941492216854,0.0123311802701115,0.0112721417069243,0.0161527165932452,0.0295222758990874,0.3897019511535953,0.1852655898344918,0.1729619304209651,0.0362735912193816,0.0109289617486338,0.4026985519964897,False,train/val only,test,170207,1863,0.0208937364812002,0.7310789049919485
dgraphfin,inductive_isolated,gcn,5,best_val_branch_review_budget,best_val_branch,0.0215864478407549,0.0082168269456016,0.3765554936599544,0.0011737089201877,0.0005367686527106,0.0005871990604815,0.0005367686527106,0.0035242290748898,0.0064412238325281,0.9591262404013936,0.0,0.0,0.0187587756248244,0.0,0.9611289987536352,False,train/val only,test,170207,1863,0.0109152941604997,0.9651100375738056
dgraphfin,inductive_isolated,sage,5,best_val_branch_review_budget,best_val_branch,0.0408613367111243,0.0181759700067814,0.6883377938851738,0.0164319248826291,0.0075147611379495,0.0193775689958896,0.0177133655394524,0.019676945668135,0.0359634997316156,0.3897078263526177,0.0,0.0,0.0365345869711215,0.0116550116550116,0.4011079420798596,False,train/val only,test,170207,1863,0.0210140706906593,0.7359098228663447
dgraphfin,inductive_isolated,gcn,6,best_val_branch_review_budget,best_val_branch,0.021667035153659,0.0084318875507683,0.4163617610021695,0.0011737089201877,0.0005367686527106,0.0005871990604815,0.0005367686527106,0.0005873715124816,0.0010735373054213,0.9879382164070808,0.6050375372040336,0.5991511076887508,0.0186011095398672,0.0,0.9896884598508118,False,train/val only,test,170207,1863,0.0109522325026027,0.9994632313472892
dgraphfin,inductive_isolated,sage,6,best_val_branch_review_budget,best_val_branch,0.0430597771023302,0.0189247226626229,0.7029296898365892,0.0176056338028169,0.0080515297906602,0.0146799765120375,0.013419216317767,0.0170337738619676,0.0311325818572195,0.3467659966981381,0.0,0.0,0.0377955127239873,0.0093240093240093,0.3604651162790697,False,train/val only,test,170207,1863,0.0222291960876614,0.6843800322061192
dgraphfin,inductive_isolated,gcn,7,best_val_branch_review_budget,best_val_branch,0.0364175448773727,0.0179647666815936,0.6817005492472549,0.0258215962441314,0.0118089103596349,0.0217263652378156,0.0198604401502952,0.0187958883994126,0.0343531937734836,0.2061666088938762,0.0577555945590171,0.0501290004252441,0.0309946463792617,0.0147329650092081,0.2140741553312856,False,train/val only,test,170207,1863,0.0193718713570595,0.3032742887815352
dgraphfin,inductive_isolated,sage,7,best_val_branch_review_budget,best_val_branch,0.04233801851217,0.0178925430135819,0.696467370738377,0.0070422535211267,0.003220611916264,0.014092777451556,0.0128824476650563,0.0143906020558002,0.0263016639828234,0.3430058693238233,0.2008830627468187,0.1868329530330887,0.0367854689765702,0.0087719298245614,0.3572016235190873,False,train/val only,test,170207,1863,0.0218673088159781,0.6629092860976918
dgraphfin,inductive_isolated,gcn,8,best_val_branch_review_budget,best_val_branch,0.0239633840849842,0.0105264160712298,0.518146478510161,0.0011737089201877,0.0005367686527106,0.0005871990604815,0.0005367686527106,0.0005873715124816,0.0010735373054213,0.6859236106623112,0.3211575613933757,0.2916272237465963,0.0226836794262363,0.0,0.7128204106833437,False,train/val only,test,170207,1863,0.012174288179465,0.7573805689747719
dgraphfin,inductive_isolated,sage,8,best_val_branch_review_budget,best_val_branch,0.0216636723587587,0.0074472581194795,0.3266974486003138,0.0,0.0,0.0029359953024075,0.0026838432635534,0.0052863436123348,0.0096618357487922,0.9886021138966082,0.6039047576740261,0.5973547247673414,0.0185925140667047,0.0,0.9901546731022378,False,train/val only,test,170207,1863,0.0109504496561453,1.0
dgraphfin,inductive_isolated,gcn,9,best_val_branch_review_budget,best_val_branch,0.0270515267175572,0.0126650824374719,0.5699705108209657,0.0011737089201877,0.0005367686527106,0.0017615971814445,0.001610305958132,0.0049926578560939,0.0091250670960815,0.2700828990582056,0.0,0.0,0.0268249780123131,0.0,0.2931346969666792,False,train/val only,test,170207,1863,0.0141548293681503,0.3043478260869565
dgraphfin,inductive_isolated,sage,9,best_val_branch_review_budget,best_val_branch,0.0431501286043048,0.0185316209560952,0.6914215336849943,0.0152582159624413,0.0069779924852388,0.0146799765120375,0.013419216317767,0.0161527165932452,0.0295222758990874,0.3460374720193646,0.0,0.0,0.0385749943272067,0.0046620046620046,0.3581340500219394,False,train/val only,test,170207,1863,0.0222773574685932,0.6843800322061192
dgraphfin,inductive_isolated,gcn,10,best_val_branch_review_budget,best_val_branch,0.0226310552704996,0.0101485902235179,0.4760659926231871,0.0105633802816901,0.0048309178743961,0.01174398120963,0.0107353730542136,0.0108663729809104,0.0198604401502952,0.8858801341895457,0.0,0.0,0.0195471674990042,0.0058479532163742,0.8899044453676777,False,train/val only,test,170207,1863,0.0114543012876214,0.9339774557165862
dgraphfin,inductive_isolated,sage,10,best_val_branch_review_budget,best_val_branch,0.0428306334319674,0.0194218491952988,0.7026363058985959,0.022300469483568,0.0101986044015029,0.0211391661773341,0.0193236714975845,0.0190895741556534,0.0348899624261943,0.3500619833496859,0.0,0.0,0.0386545808674807,0.0023310023310023,0.3611507240017551,False,train/val only,test,170207,1863,0.0221037374469406,0.6876006441223832
dgraphfin,transductive,gcn,1,best_val_branch_review_budget,best_val_branch,0.0262057660984946,0.0124146286913797,0.5690477603447216,0.0082159624413145,0.0037573805689747,0.0076335877862595,0.0069779924852388,0.0085168869309838,0.0155662909286097,0.5655760338881479,0.0,0.0,0.0220317064993534,0.0018214936247723,0.5774263578242944,False,train/val only,test,170207,1863,0.0133611205145565,0.677938808373591
dgraphfin,transductive,sage,1,best_val_branch_review_budget,best_val_branch,0.0654681647940074,0.0285081527587063,0.7343435009835572,0.0469483568075117,0.0214707461084272,0.0440399295361127,0.0402576489533011,0.0414096916299559,0.0756843800322061,0.1068111182266299,0.0,0.0,0.0591069707677481,0.0255009107468123,0.1118342143840789,False,train/val only,test,170207,1863,0.0380430051362409,0.2345679012345679
dgraphfin,transductive,gcn,2,best_val_branch_review_budget,best_val_branch,0.0234836024302641,0.0101177409987025,0.5023405956144957,0.0035211267605633,0.001610305958132,0.0029359953024075,0.0026838432635534,0.0055800293685756,0.0101986044015029,0.8572679149506189,0.7383536816108667,0.7176453729266891,0.0201414319989897,0.0,0.873707900973929,False,train/val only,test,170207,1863,0.0118905174992521,0.9388083735909822
dgraphfin,transductive,sage,2,best_val_branch_review_budget,best_val_branch,0.0641648077680094,0.0263419609614635,0.7266004735109146,0.0293427230046948,0.013419216317767,0.0328831473869641,0.0300590445517981,0.0390602055800293,0.0713902308105206,0.1160939326819696,0.0,0.0,0.0580281690140845,0.0276243093922651,0.1202967438141353,False,train/val only,test,170207,1863,0.0365498168771956,0.2624798711755233
dgraphfin,transductive,gcn,3,best_val_branch_review_budget,best_val_branch,0.0222876810021394,0.0093943409126611,0.4710628817729737,0.0,0.0,0.0,0.0,0.0017621145374449,0.003220611916264,0.92784080560729,0.2271829749890302,0.1959945652959802,0.0193308977936311,0.0,0.9355802983764808,False,train/val only,test,170207,1863,0.0112740915478819,0.964573268921095
dgraphfin,transductive,sage,3,best_val_branch_review_budget,best_val_branch,0.0661637397971803,0.0285042258863174,0.7329574709240535,0.0422535211267605,0.0193236714975845,0.0416911332941867,0.0381105743424584,0.0408223201174743,0.0746108427267847,0.1199363128425975,0.0,0.0,0.060327868852459,0.0263157894736842,0.1236728710408244,False,train/val only,test,170207,1863,0.0373890558389824,0.2871712292002147
dgraphfin,transductive,gcn,4,best_val_branch_review_budget,best_val_branch,0.0210736912304101,0.0141791792025952,0.6159952773133376,0.0129107981220657,0.0059044551798174,0.01174398120963,0.0107353730542136,0.0143906020558002,0.0263016639828234,0.1263109037818656,0.0,0.0,0.0167480809490579,0.007366482504604,0.1324907822842166,False,train/val only,test,170207,1863,0.0120316783429789,0.0848094471282877
dgraphfin,transductive,sage,4,best_val_branch_review_budget,best_val_branch,0.0458540783084393,0.023359769202803,0.7303226974294309,0.0234741784037558,0.0107353730542136,0.0270111567821491,0.0246913580246913,0.0255506607929515,0.0466988727858293,0.1262169005975077,0.0,0.0,0.0444743935309973,0.0145719489981785,0.1298254186841988,False,train/val only,test,170207,1863,0.0258919894488407,0.2002147074610842
dgraphfin,transductive,gcn,5,best_val_branch_review_budget,best_val_branch,0.0221601016518424,0.0102977020167087,0.4864972954058312,0.0046948356807511,0.0021470746108427,0.004697592483852,0.0042941492216854,0.006461086637298,0.0118089103596349,0.9070602266651784,0.0,0.0,0.0191729101527933,0.0023310023310023,0.9137779727950855,False,train/val only,test,170207,1863,0.0112127660942412,0.9361245303274288
dgraphfin,transductive,sage,5,best_val_branch_review_budget,best_val_branch,0.0553462081959491,0.0241054315230427,0.7293806898707957,0.0246478873239436,0.0112721417069243,0.0258367586611861,0.0236178207192699,0.0249632892804698,0.0456253354804079,0.1686064615438848,0.0,0.0,0.0487392113724826,0.0184162062615101,0.1758720930232558,False,train/val only,test,170207,1863,0.0298564350146105,0.3784219001610306
dgraphfin,transductive,gcn,6,best_val_branch_review_budget,best_val_branch,0.0216539780321961,0.0086784894099883,0.4270520068956775,0.0011737089201877,0.0005367686527106,0.001174398120963,0.0010735373054213,0.0020558002936857,0.0037573805689747,0.9890545042213305,0.6065701212740437,0.600357708291811,0.0185839265337173,0.0,0.990620886353664,False,train/val only,test,170207,1863,0.0109454957786695,1.0
dgraphfin,transductive,sage,6,best_val_branch_review_budget,best_val_branch,0.0545202075568223,0.0247038593199773,0.7282415423353286,0.0269953051643192,0.0123456790123456,0.0287727539635936,0.0263016639828234,0.029662261380323,0.0542136339237788,0.1782652887366559,0.0,0.0,0.0487881157154026,0.0204678362573099,0.1872257569109258,False,train/val only,test,170207,1863,0.0292514606124769,0.4004294149221685
dgraphfin,transductive,gcn,7,best_val_branch_review_budget,best_val_branch,0.0256168818605131,0.0121317688242283,0.5698555199410332,0.0058685446009389,0.0026838432635534,0.0064591896652965,0.0059044551798174,0.0085168869309838,0.0155662909286097,0.4642641019464534,0.3171542950467048,0.3068287980068372,0.020578147966683,0.0,0.469198749228226,False,train/val only,test,170207,1863,0.0131238105307676,0.533011272141707
dgraphfin,transductive,sage,7,best_val_branch_review_budget,best_val_branch,0.0482357712586183,0.0205544492244505,0.7183105633917963,0.0129107981220657,0.0059044551798174,0.0146799765120375,0.013419216317767,0.0167400881057268,0.0305958132045088,0.2296321537892096,0.0892935498025449,0.0736750424830763,0.0436920965343703,0.0109289617486338,0.2458589293549802,False,train/val only,test,170207,1863,0.0253971869483514,0.4787976382179281
dgraphfin,transductive,gcn,8,best_val_branch_review_budget,best_val_branch,0.0217581270416571,0.010088270132455,0.4853475970489994,0.0011737089201877,0.0005367686527106,0.001174398120963,0.0010735373054213,0.0017621145374449,0.003220611916264,0.9801770784985342,0.6042379281240282,0.5972128619057824,0.0187491408934707,0.0,0.9821944272939116,False,train/val only,test,170207,1863,0.0109992410227218,0.9957058507783144
dgraphfin,transductive,sage,8,best_val_branch_review_budget,best_val_branch,0.021638025254052,0.0074261056755623,0.3290008309672582,0.0035211267605633,0.001610305958132,0.0029359953024075,0.0026838432635534,0.0044052863436123,0.0080515297906602,0.9887842450663016,0.6121007507440808,0.6060232482307861,0.0185396618278693,0.0,0.99023694602896,False,train/val only,test,170207,1863,0.0109374724506168,0.9989264626945786
dgraphfin,transductive,gcn,9,best_val_branch_review_budget,best_val_branch,0.0308733347430746,0.0146395692144689,0.6022653394658062,0.0035211267605633,0.001610305958132,0.0064591896652965,0.0059044551798174,0.0123348017621145,0.0225442834138486,0.1698343781395594,0.0,0.0,0.0294038305907742,0.0018214936247723,0.1778963930769383,False,train/val only,test,170207,1863,0.0167569552841795,0.1959205582393988
dgraphfin,transductive,sage,9,best_val_branch_review_budget,best_val_branch,0.0484551250613045,0.0231461776026712,0.7202461385141673,0.028169014084507,0.0128824476650563,0.0281855549031121,0.0257648953301127,0.0273127753303964,0.0499194847020934,0.1461632012784433,0.0,0.0,0.0454642933733647,0.0182149362477231,0.1505930434010039,False,train/val only,test,170207,1863,0.0266637879851028,0.2651637144390767
dgraphfin,transductive,gcn,10,best_val_branch_review_budget,best_val_branch,0.0318718235851494,0.0144603531533645,0.572923490902214,0.022300469483568,0.0101986044015029,0.0275983558426306,0.025228126677402,0.0223201174743024,0.0407944176060118,0.1054656976505079,0.0,0.0,0.026950354609929,0.0116959064327485,0.1118612380556709,False,train/val only,test,170207,1863,0.0189821465216499,0.0993022007514761
dgraphfin,transductive,sage,10,best_val_branch_review_budget,best_val_branch,0.0559562297935836,0.024907873770522,0.7308477275360993,0.0258215962441314,0.0118089103596349,0.0246623605402231,0.0225442834138486,0.0287812041116005,0.0526033279656468,0.1224156468300363,0.0,0.0,0.0513109670143783,0.0069930069930069,0.1256941051041712,False,train/val only,test,170207,1863,0.031643344349905,0.2415458937198067
elliptic,strict_inductive,gcn,1,graphsafe_conservative,graphsafe_conservative,0.5101281521289789,0.467131898960503,0.8774880231715221,0.7261904761904762,0.0563250230840258,0.7305389221556886,0.1126500461680517,0.6676646706586826,0.2059095106186519,0.1829034193161367,0.0636042402826854,0.0120055283318362,0.0,0.0,0.5987394957983193,False,validation reliability only,test,16670,1083,0.4618263473053892,0.569713758079409
elliptic,strict_inductive,sage,1,graphsafe_conservative,graphsafe_conservative,0.5656565656565657,0.56803585336822,0.8810975846351586,0.988095238095238,0.0766389658356417,0.9461077844311376,0.1458910433979686,0.8353293413173652,0.2576177285318559,0.1729454109178164,0.0106157112526539,0.0033924471783759,0.0,0.0,0.5882352941176471,False,validation reliability only,test,16670,1083,0.5903614457831325,0.5429362880886427
elliptic,strict_inductive,gcn,2,graphsafe_conservative,graphsafe_conservative,0.5185185185185185,0.4866035313533174,0.8740354455239204,0.8333333333333334,0.064635272391505,0.8143712574850299,0.1255771006463527,0.7005988023952096,0.2160664819944598,0.1833833233353329,0.0760777683854607,0.0148426035882362,0.0,0.0,0.5945378151260504,False,validation reliability only,test,16670,1083,0.4909240924092409,0.5493998153277931
elliptic,strict_inductive,sage,2,graphsafe_conservative,graphsafe_conservative,0.6198714780029659,0.6405174121102664,0.8873239478337448,1.0,0.077562326869806,1.0,0.1542012927054478,0.940119760479042,0.2899353647276085,0.1555488902219556,0.0100401606425702,0.0008094000652469,0.0,0.0,0.5966386554621849,False,validation reliability only,test,16670,1083,0.6670212765957447,0.5789473684210527
elliptic,strict_inductive,gcn,3,graphsafe_conservative,graphsafe_conservative,0.4929971988795518,0.5053356997294912,0.8823085222485462,0.8333333333333334,0.064635272391505,0.8562874251497006,0.1320406278855032,0.7425149700598802,0.2289935364727608,0.1880623875224955,0.0417690417690417,0.0117689686504087,0.0,0.0,0.5987394957983193,False,validation reliability only,test,16670,1083,0.4350282485875706,0.5687903970452447
elliptic,strict_inductive,sage,3,graphsafe_conservative,graphsafe_conservative,0.6131889763779528,0.6446810258958481,0.8874801319209055,0.988095238095238,0.0766389658356417,0.994011976047904,0.1532779316712834,0.9550898203592816,0.2945521698984303,0.1575284943011397,0.0,0.0,0.0,0.0,0.5840336134453782,False,validation reliability only,test,16670,1083,0.6564805057955743,0.5752539242843951
elliptic,strict_inductive,gcn,4,graphsafe_conservative,graphsafe_conservative,0.51319381255687,0.4147945177968485,0.8668361084813854,0.6666666666666666,0.051708217913204,0.6167664670658682,0.0951061865189289,0.5568862275449101,0.1717451523545706,0.1887222555488902,0.0718512256973795,0.0115846652022522,0.0,0.0,0.5945378151260504,False,validation reliability only,test,16670,1083,0.5058295964125561,0.5207756232686981
elliptic,strict_inductive,sage,4,graphsafe_conservative,graphsafe_conservative,0.620821394460363,0.646021729826782,0.8941999870740118,1.0,0.077562326869806,0.9880239520958084,0.1523545706371191,0.9730538922155688,0.3000923361034164,0.1515296940611877,0.0220883534136546,0.0020343546470526,0.0,0.0,0.5819327731092437,False,validation reliability only,test,16670,1083,0.6429277942631059,0.6001846722068329
elliptic,strict_inductive,gcn,5,graphsafe_conservative,graphsafe_conservative,0.509392747924858,0.4213167919742409,0.8710705543916045,0.6309523809523809,0.0489381348107109,0.6047904191616766,0.0932594644506001,0.5508982035928144,0.1698984302862419,0.1873425314937012,0.0856890459363957,0.0123406809497482,0.0,0.0,0.5945378151260504,False,validation reliability only,test,16670,1083,0.4834162520729685,0.5383194829178208
elliptic,strict_inductive,sage,5,graphsafe_conservative,graphsafe_conservative,0.5742663656884875,0.5963565204280525,0.8791092809365192,1.0,0.077562326869806,0.9820359281437124,0.1514312096029547,0.8832335329341318,0.2723915050784857,0.1638272345530894,0.0070224719101123,0.0008611218156121,0.0,0.0,0.5903361344537815,False,validation reliability only,test,16670,1083,0.5618374558303887,0.5872576177285319
elliptic,strict_inductive,gcn,6,graphsafe_conservative,graphsafe_conservative,0.5151237396883593,0.4212600055731494,0.8722414167025212,0.75,0.0581717451523545,0.6347305389221557,0.0978762696214219,0.5598802395209581,0.1726685133887349,0.1884823035392921,0.0481825866441251,0.0096515270037368,0.0,0.0,0.5945378151260504,False,validation reliability only,test,16670,1083,0.5113739763421292,0.5189289012003694
elliptic,strict_inductive,sage,6,graphsafe_conservative,graphsafe_conservative,0.5869175627240144,0.6163644243786824,0.8906525971254426,0.988095238095238,0.0766389658356417,0.9820359281437124,0.1514312096029547,0.9041916167664672,0.2788550323176362,0.1580083983203359,0.0220883534136546,0.0024363113463701,0.0,0.0,0.5903361344537815,False,validation reliability only,test,16670,1083,0.5700609225413403,0.6048014773776547
elliptic,strict_inductive,gcn,7,graphsafe_conservative,graphsafe_conservative,0.5194238323876036,0.4374685787819405,0.8717252065240578,0.7857142857142857,0.0609418282548476,0.6706586826347305,0.1034164358264081,0.5688622754491018,0.175438596491228,0.1831433713257348,0.0574809805579036,0.0081093030411139,0.0,0.0,0.5966386554621849,False,validation reliability only,test,16670,1083,0.4925496688741722,0.5493998153277931
elliptic,strict_inductive,sage,7,graphsafe_conservative,graphsafe_conservative,0.5855588526211671,0.5988955599647827,0.8804367716284156,0.988095238095238,0.0766389658356417,0.9880239520958084,0.1523545706371191,0.8832335329341318,0.2723915050784857,0.1680863827234553,0.0361445783132529,0.0036215248780595,0.0,0.0,0.5945378151260504,False,validation reliability only,test,16670,1083,0.630457933972311,0.5466297322253001
elliptic,strict_inductive,gcn,8,graphsafe_conservative,graphsafe_conservative,0.5206463195691202,0.4252363349738167,0.8732587903087788,0.6428571428571429,0.0498614958448753,0.6347305389221557,0.0978762696214219,0.5419161676646707,0.1671283471837488,0.1847630473905219,0.0676246830092983,0.0088316679599579,0.0,0.0,0.592436974789916,False,validation reliability only,test,16670,1083,0.5065502183406113,0.5355493998153278
elliptic,strict_inductive,sage,8,graphsafe_conservative,graphsafe_conservative,0.5792245093346099,0.5592367001310002,0.885956233741438,0.9523809523809524,0.0738688827331486,0.8562874251497006,0.1320406278855032,0.8023952095808383,0.247460757156048,0.1674265146970605,0.0321285140562249,0.0035575830392852,0.0,0.0,0.5987394957983193,False,validation reliability only,test,16670,1083,0.6013916500994035,0.5586334256694367
elliptic,strict_inductive,gcn,9,graphsafe_conservative,graphsafe_conservative,0.5140631761142361,0.4655862956078047,0.8801913733424064,0.7619047619047619,0.0590951061865189,0.7425149700598802,0.1144967682363804,0.6497005988023952,0.2003693444136657,0.1847030593881223,0.0532544378698224,0.0086088342021202,0.0,0.0,0.5861344537815126,False,validation reliability only,test,16670,1083,0.4837133550488599,0.5484764542936288
elliptic,strict_inductive,sage,9,graphsafe_conservative,graphsafe_conservative,0.5965858041329739,0.622940149376294,0.8951871190809919,1.0,0.077562326869806,0.9880239520958084,0.1523545706371191,0.9041916167664672,0.2788550323176362,0.1544091181763647,0.0087994971715901,0.0008203221259831,0.0,0.0,0.5882352941176471,False,validation reliability only,test,16670,1083,0.5809273840769904,0.6131117266851339
elliptic,strict_inductive,gcn,10,graphsafe_conservative,graphsafe_conservative,0.5128205128205128,0.4769079036422319,0.8763385165835037,0.8333333333333334,0.064635272391505,0.8263473053892215,0.1274238227146814,0.7005988023952096,0.2160664819944598,0.1918416316736652,0.1254416961130742,0.0176946756619483,0.0,0.0,0.5945378151260504,False,validation reliability only,test,16670,1083,0.5278592375366569,0.4986149584487535
elliptic,strict_inductive,sage,10,graphsafe_conservative,graphsafe_conservative,0.5977011494252874,0.6209115473432685,0.8928605596881792,1.0,0.077562326869806,0.9880239520958084,0.1523545706371191,0.9101796407185628,0.2807017543859649,0.1605278944211157,0.0070257611241217,0.0008117647209278,0.0,0.0,0.5945378151260504,False,validation reliability only,test,16670,1083,0.6208955223880597,0.5761772853185596
elliptic,inductive_isolated,gcn,1,graphsafe_conservative,graphsafe_conservative,0.5101281521289789,0.467131898960503,0.8774880231715221,0.7261904761904762,0.0563250230840258,0.7305389221556886,0.1126500461680517,0.6676646706586826,0.2059095106186519,0.1829034193161367,0.1042402826855123,0.0194292893292453,0.0,0.0,0.5987394957983193,False,validation reliability only,test,16670,1083,0.4618263473053892,0.569713758079409
elliptic,inductive_isolated,sage,1,graphsafe_conservative,graphsafe_conservative,0.4873949579831932,0.4096704842375303,0.8597253636263522,0.7380952380952381,0.0572483841181902,0.6107784431137725,0.0941828254847645,0.5179640718562875,0.1597414589104339,0.2004799040191961,0.0863453815261043,0.0199706527388852,0.0,0.0,0.592436974789916,False,validation reliability only,test,16670,1083,0.4929178470254957,0.481994459833795
elliptic,inductive_isolated,gcn,2,graphsafe_conservative,graphsafe_conservative,0.5185185185185185,0.4866035313533174,0.8740354455239204,0.8333333333333334,0.064635272391505,0.8143712574850299,0.1255771006463527,0.7005988023952096,0.2160664819944598,0.1833833233353329,0.161660777385159,0.0261610418565201,0.0,0.0,0.5945378151260504,False,validation reliability only,test,16670,1083,0.4909240924092409,0.5493998153277931
elliptic,inductive_isolated,sage,2,graphsafe_conservative,graphsafe_conservative,0.5477099236641222,0.5093634052738258,0.8667715970188714,0.9404761904761904,0.0729455216989843,0.7604790419161677,0.1172668513388735,0.6826347305389222,0.2105263157894736,0.1790041991601679,0.037159372419488,0.0064154816525995,0.0,0.0,0.592436974789916,False,validation reliability only,test,16670,1083,0.5666337611056268,0.5300092336103417
elliptic,inductive_isolated,gcn,3,graphsafe_conservative,graphsafe_conservative,0.4929971988795518,0.5053356997294912,0.8823085222485462,0.8333333333333334,0.064635272391505,0.8562874251497006,0.1320406278855032,0.7425149700598802,0.2289935364727608,0.1880623875224955,0.1395759717314487,0.0173862625034825,0.0,0.0,0.5987394957983193,False,validation reliability only,test,16670,1083,0.4350282485875706,0.5687903970452447
elliptic,inductive_isolated,sage,3,graphsafe_conservative,graphsafe_conservative,0.5552536231884059,0.5195174043407335,0.8720410698097552,0.9404761904761904,0.0729455216989843,0.7604790419161677,0.1172668513388735,0.7215568862275449,0.2225300092336103,0.1716856628674265,0.0220883534136546,0.0031032807269736,0.0,0.0,0.5903361344537815,False,validation reliability only,test,16670,1083,0.5448888888888889,0.5660203139427517
elliptic,inductive_isolated,gcn,4,graphsafe_conservative,graphsafe_conservative,0.51319381255687,0.4147945177968485,0.8668361084813854,0.6666666666666666,0.051708217913204,0.6167664670658682,0.0951061865189289,0.5568862275449101,0.1717451523545706,0.1887222555488902,0.1704946996466431,0.0182145345896276,0.0,0.0,0.5945378151260504,False,validation reliability only,test,16670,1083,0.5058295964125561,0.5207756232686981
elliptic,inductive_isolated,sage,4,graphsafe_conservative,graphsafe_conservative,0.5529463890119627,0.5231032139358937,0.8713728815256173,0.9642857142857144,0.074792243767313,0.8083832335329342,0.1246537396121883,0.718562874251497,0.2216066481994459,0.1706658668266346,0.0562248995983935,0.0051039204075576,0.0,0.0,0.5861344537815126,False,validation reliability only,test,16670,1083,0.5315161839863713,0.5761772853185596
elliptic,inductive_isolated,gcn,5,graphsafe_conservative,graphsafe_conservative,0.509392747924858,0.4213167919742409,0.8710705543916045,0.6309523809523809,0.0489381348107109,0.6047904191616766,0.0932594644506001,0.5508982035928144,0.1698984302862419,0.1873425314937012,0.0945229681978798,0.0096717273820613,0.0,0.0,0.5945378151260504,False,validation reliability only,test,16670,1083,0.4834162520729685,0.5383194829178208
elliptic,inductive_isolated,sage,5,graphsafe_conservative,graphsafe_conservative,0.5073937153419594,0.4394341512121472,0.8573348259236083,0.7976190476190477,0.061865189289012,0.6467065868263473,0.0997229916897507,0.562874251497006,0.1735918744228993,0.1920815836832633,0.0903614457831325,0.011983092990622,0.0,0.0,0.5903361344537815,False,validation reliability only,test,16670,1083,0.5078630897317299,0.5069252077562327
elliptic,inductive_isolated,gcn,6,graphsafe_conservative,graphsafe_conservative,0.5151237396883593,0.4212600055731494,0.8722414167025212,0.75,0.0581717451523545,0.6347305389221557,0.0978762696214219,0.5598802395209581,0.1726685133887349,0.1884823035392921,0.1307420494699646,0.011450281718023,0.0,0.0,0.5945378151260504,False,validation reliability only,test,16670,1083,0.5113739763421292,0.5189289012003694
elliptic,inductive_isolated,sage,6,graphsafe_conservative,graphsafe_conservative,0.5151237396883593,0.4212600055731494,0.8722414167025212,0.75,0.0581717451523545,0.6347305389221557,0.0978762696214219,0.5598802395209581,0.1726685133887349,0.1884823035392921,0.097173144876325,0.0170807111952953,0.0,0.0,0.5945378151260504,False,validation reliability only,test,16670,1083,0.5113739763421292,0.5189289012003694
elliptic,inductive_isolated,gcn,7,graphsafe_conservative,graphsafe_conservative,0.5194238323876036,0.4374685787819405,0.8717252065240578,0.7857142857142857,0.0609418282548476,0.6706586826347305,0.1034164358264081,0.5688622754491018,0.175438596491228,0.1831433713257348,0.1227915194346289,0.0182589754769519,0.0,0.0,0.5966386554621849,False,validation reliability only,test,16670,1083,0.4925496688741722,0.5493998153277931
elliptic,inductive_isolated,sage,7,graphsafe_conservative,graphsafe_conservative,0.5290266259275426,0.4832341833317303,0.8597428095636437,0.9047619047619048,0.0701754385964912,0.7245508982035929,0.1117266851338873,0.6317365269461078,0.1948291782086796,0.1791841631673665,0.0843373493975903,0.0100289130046953,0.0,0.0,0.6029411764705882,False,validation reliability only,test,16670,1083,0.5016556291390728,0.5595567867036011
elliptic,inductive_isolated,gcn,8,graphsafe_conservative,graphsafe_conservative,0.5206463195691202,0.4252363349738167,0.8732587903087788,0.6428571428571429,0.0498614958448753,0.6347305389221557,0.0978762696214219,0.5419161676646707,0.1671283471837488,0.1847630473905219,0.1245583038869258,0.017647353420835,0.0,0.0,0.592436974789916,False,validation reliability only,test,16670,1083,0.5065502183406113,0.5355493998153278
elliptic,inductive_isolated,sage,8,graphsafe_conservative,graphsafe_conservative,0.5206463195691202,0.4252363349738167,0.8732587903087788,0.6428571428571429,0.0498614958448753,0.6347305389221557,0.0978762696214219,0.5419161676646707,0.1671283471837488,0.1847630473905219,0.0163800163800163,0.0032552668690626,0.0,0.0,0.592436974789916,False,validation reliability only,test,16670,1083,0.5065502183406113,0.5355493998153278
elliptic,inductive_isolated,gcn,9,graphsafe_conservative,graphsafe_conservative,0.5140631761142361,0.4655862956078047,0.8801913733424064,0.7619047619047619,0.0590951061865189,0.7425149700598802,0.1144967682363804,0.6497005988023952,0.2003693444136657,0.1847030593881223,0.1130742049469964,0.0120956640984107,0.0,0.0,0.5861344537815126,False,validation reliability only,test,16670,1083,0.4837133550488599,0.5484764542936288
elliptic,inductive_isolated,sage,9,graphsafe_conservative,graphsafe_conservative,0.5588803088803089,0.5230466225969194,0.8807770118349803,0.9047619047619048,0.0701754385964912,0.7544910179640718,0.1163434903047091,0.7065868263473054,0.2179132040627885,0.1757648470305939,0.0261044176706827,0.0029682204212275,0.0,0.0,0.5882352941176471,False,validation reliability only,test,16670,1083,0.5854398382204247,0.5346260387811634
elliptic,inductive_isolated,gcn,10,graphsafe_conservative,graphsafe_conservative,0.5128205128205128,0.4769079036422319,0.8763385165835037,0.8333333333333334,0.064635272391505,0.8263473053892215,0.1274238227146814,0.7005988023952096,0.2160664819944598,0.1918416316736652,0.1952296819787985,0.0254322448307341,0.0,0.0,0.5945378151260504,False,validation reliability only,test,16670,1083,0.5278592375366569,0.4986149584487535
elliptic,inductive_isolated,sage,10,graphsafe_conservative,graphsafe_conservative,0.5333919156414764,0.4802705003490153,0.8742740313047055,0.9047619047619048,0.0701754385964912,0.7365269461077845,0.113573407202216,0.6467065868263473,0.1994459833795014,0.1779244151169766,0.036144578313253,0.0049645299196305,0.0,0.0,0.592436974789916,False,validation reliability only,test,16670,1083,0.5088013411567477,0.5604801477377654
elliptic,transductive,gcn,1,graphsafe_conservative,graphsafe_conservative,0.504881450488145,0.482251264241691,0.8746814783562858,0.7380952380952381,0.0572483841181902,0.8263473053892215,0.1274238227146814,0.7574850299401198,0.2336103416435826,0.1934613077384523,0.2473544973544973,0.0423439026596296,0.0,0.0,0.5903361344537815,False,validation reliability only,test,16670,1083,0.5084269662921348,0.5013850415512465
elliptic,transductive,sage,1,graphsafe_conservative,graphsafe_conservative,0.4951923076923076,0.447093399390547,0.8537938041864445,0.9523809523809524,0.0738688827331486,0.7005988023952096,0.1080332409972299,0.5508982035928144,0.1698984302862419,0.1750449910017996,0.1197478991596638,0.02184183744135,0.0,0.0,0.7163865546218487,False,validation reliability only,test,16670,1083,0.3942044833242208,0.6657433056325023
elliptic,transductive,gcn,2,graphsafe_conservative,graphsafe_conservative,0.5250368188512519,0.4344620932444881,0.8607342660304617,0.5119047619047619,0.0397045244690674,0.5988023952095808,0.0923361034164358,0.6347305389221557,0.1957525392428439,0.1661667666466706,0.0700729927007299,0.0141492139526662,0.0,0.0,0.5966386554621849,False,validation reliability only,test,16670,1083,0.4366197183098591,0.6583564173591875
elliptic,transductive,sage,2,graphsafe_conservative,graphsafe_conservative,0.5818847209515097,0.5440721956998189,0.871110303878608,0.8928571428571429,0.0692520775623268,0.844311377245509,0.1301939058171745,0.7544910179640718,0.2326869806094182,0.1620875824835033,0.0608622147083685,0.0111923891522765,0.0,0.0,0.5966386554621849,False,validation reliability only,test,16670,1083,0.5766092475067996,0.5872576177285319
elliptic,transductive,gcn,3,graphsafe_conservative,graphsafe_conservative,0.560897435897436,0.3856411705101192,0.8699049051281637,0.4880952380952381,0.0378578024007386,0.3952095808383233,0.0609418282548476,0.3622754491017964,0.1117266851338873,0.1576484703059388,0.0401459854014598,0.0069863045312316,0.0,0.0,0.5987394957983193,False,validation reliability only,test,16670,1083,0.4953998584571833,0.6463527239150508
elliptic,transductive,sage,3,graphsafe_conservative,graphsafe_conservative,0.5494071146245059,0.555314980492425,0.8681089510335489,0.988095238095238,0.0766389658356417,0.9520958083832336,0.1468144044321329,0.7604790419161677,0.234533702677747,0.1614877024595081,0.0247349823321554,0.0089466331392547,0.0,0.0,0.615546218487395,False,validation reliability only,test,16670,1083,0.4803040774015203,0.641735918744229
elliptic,transductive,gcn,4,graphsafe_conservative,graphsafe_conservative,0.482486433152442,0.4532014874373191,0.871022215224101,0.7023809523809523,0.0544783010156971,0.7664670658682635,0.1181902123730378,0.6766467065868264,0.2086795937211449,0.2054589082183563,0.3029100529100529,0.05746929663628,0.0,0.0,0.592436974789916,False,validation reliability only,test,16670,1083,0.5180084745762712,0.4515235457063712
elliptic,transductive,sage,4,graphsafe_conservative,graphsafe_conservative,0.5527442584663292,0.5369115042180055,0.8736427194075419,1.0,0.077562326869806,0.9221556886227544,0.1421975992613111,0.7544910179640718,0.2326869806094182,0.1584283143371326,0.0401606425702811,0.0069448311892077,0.0,0.0,0.6113445378151261,False,validation reliability only,test,16670,1083,0.477792732166891,0.6555863342566943
elliptic,transductive,gcn,5,graphsafe_conservative,graphsafe_conservative,0.4990892531876139,0.464669787104384,0.873339977599298,0.7738095238095238,0.0600184672206832,0.7844311377245509,0.1209602954755309,0.7155688622754491,0.2206832871652816,0.1943611277744451,0.2526455026455027,0.0466385015663042,0.0,0.0,0.592436974789916,False,validation reliability only,test,16670,1083,0.4923629829290206,0.5060018467220684
elliptic,transductive,sage,5,graphsafe_conservative,graphsafe_conservative,0.5383647798742138,0.4336331027760166,0.8633385386797163,0.8333333333333334,0.064635272391505,0.6407185628742516,0.0987996306555863,0.5089820359281437,0.1569713758079409,0.1718656268746251,0.0859788359788359,0.0238646036286081,0.0,0.0,0.6071428571428571,False,validation reliability only,test,16670,1083,0.4930875576036866,0.592797783933518
elliptic,transductive,gcn,6,graphsafe_conservative,graphsafe_conservative,0.5369496855345911,0.368571759798725,0.8643571859282551,0.5476190476190477,0.0424746075715604,0.4311377245508982,0.0664819944598338,0.3323353293413174,0.1024930747922437,0.1666466706658668,0.0759124087591241,0.0100688036659994,0.0,0.0,0.5945378151260504,False,validation reliability only,test,16670,1083,0.4674880219028063,0.6306555863342567
elliptic,transductive,sage,6,graphsafe_conservative,graphsafe_conservative,0.566213921901528,0.5631574012144592,0.8699020024085464,0.9761904761904762,0.0757156048014773,0.9461077844311376,0.1458910433979686,0.8173652694610778,0.2520775623268698,0.1611277744451109,0.0305532617671346,0.0066872774598369,0.0,0.0,0.6029411764705882,False,validation reliability only,test,16670,1083,0.5239591516103692,0.615881809787627
elliptic,transductive,gcn,7,graphsafe_conservative,graphsafe_conservative,0.4839572192513369,0.4512580281102715,0.8679062049541604,0.7380952380952381,0.0572483841181902,0.7844311377245509,0.1209602954755309,0.7035928143712575,0.2169898430286242,0.1990401919616077,0.2142857142857142,0.0500811202332582,0.0,0.0,0.5945378151260504,False,validation reliability only,test,16670,1083,0.4677002583979328,0.5013850415512465
elliptic,transductive,sage,7,graphsafe_conservative,graphsafe_conservative,0.5440826052422557,0.5003291546629858,0.8710303902303699,0.9523809523809524,0.0738688827331486,0.8023952095808383,0.123730378578024,0.6676646706586826,0.2059095106186519,0.164367126574685,0.0502008032128513,0.014936116786431,0.0,0.0,0.6071428571428571,False,validation reliability only,test,16670,1083,0.4773519163763066,0.6325023084025854
elliptic,transductive,gcn,8,graphsafe_conservative,graphsafe_conservative,0.4903225806451613,0.4346027737112781,0.8671162801636257,0.75,0.0581717451523545,0.7245508982035929,0.1117266851338873,0.6586826347305389,0.2031394275161588,0.1941811637672465,0.1944444444444444,0.0350402651097819,0.0,0.0,0.5945378151260504,False,validation reliability only,test,16670,1083,0.4589371980676328,0.5263157894736842
elliptic,transductive,sage,8,graphsafe_conservative,graphsafe_conservative,0.5157847932414407,0.4526179073985875,0.8716851312215871,0.75,0.0581717451523545,0.6766467065868264,0.1043397968605724,0.6137724550898204,0.1892890120036934,0.1860227954409118,0.0945229681978798,0.0247127465162725,0.0,0.0,0.6113445378151261,False,validation reliability only,test,16670,1083,0.4974271012006861,0.5355493998153278
elliptic,transductive,gcn,9,graphsafe_conservative,graphsafe_conservative,0.4593406593406593,0.4724347516943559,0.8750596908745781,0.8095238095238095,0.0627885503231763,0.8083832335329342,0.1246537396121883,0.7155688622754491,0.2206832871652816,0.2185962807438512,0.2989417989417989,0.0633100161241391,0.0,0.0,0.5882352941176471,False,validation reliability only,test,16670,1083,0.5671641791044776,0.3859649122807017
elliptic,transductive,sage,9,graphsafe_conservative,graphsafe_conservative,0.5473684210526316,0.5038806709480083,0.8653814312789128,0.9523809523809524,0.0738688827331486,0.8323353293413174,0.1283471837488458,0.6856287425149701,0.211449676823638,0.1647270545890821,0.0562248995983935,0.0113331204232766,0.0,0.0,0.6260504201680672,False,validation reliability only,test,16670,1083,0.487382840663302,0.6241920590951062
elliptic,transductive,gcn,10,graphsafe_conservative,graphsafe_conservative,0.5171075837742505,0.3665060708337991,0.8534285058084901,0.3333333333333333,0.025854108956602,0.4491017964071856,0.0692520775623268,0.4341317365269461,0.1338873499538319,0.1661067786442711,0.1321167883211678,0.0163655876290389,0.0,0.0,0.6071428571428571,False,validation reliability only,test,16670,1083,0.41837899543379,0.6768236380424746
elliptic,transductive,sage,10,graphsafe_conservative,graphsafe_conservative,0.5439928539526574,0.5151870678433143,0.8720586934645742,0.9166666666666666,0.0710987996306555,0.8083832335329342,0.1246537396121883,0.7275449101796407,0.224376731301939,0.1749850029994001,0.0997464074387151,0.0246217318066065,0.0,0.0,0.5966386554621849,False,validation reliability only,test,16670,1083,0.5268166089965398,0.5623268698060941
dgraphfin,strict_inductive,gcn,1,graphsafe_conservative,graphsafe_conservative,0.0261981559651106,0.0124055140776757,0.5688201667883024,0.0082159624413145,0.0037573805689747,0.0076335877862595,0.0069779924852388,0.0085168869309838,0.0155662909286097,0.5657405394607742,0.0,0.0,0.0220359281437125,0.0018214936247723,0.5776056085562349,False,validation reliability only,test,170207,1863,0.0133571640086298,0.677938808373591
dgraphfin,strict_inductive,sage,1,graphsafe_conservative,graphsafe_conservative,0.0638808440215142,0.027914514496628,0.7329447263991231,0.0434272300469483,0.0198604401502952,0.0428655314151497,0.0391841116478797,0.0405286343612334,0.074074074074074,0.10117680236418,0.0,0.0,0.0579920260964117,0.0255009107468123,0.106858868997379,False,validation reliability only,test,170207,1863,0.0377616904715319,0.2071926999463231
dgraphfin,strict_inductive,gcn,2,graphsafe_conservative,graphsafe_conservative,0.0525495088102292,0.017968435285027,0.6152330721397632,0.0375586854460093,0.0171765968867418,0.0322959483264826,0.0295222758990874,0.0314243759177679,0.0574342458400429,0.1072576333523298,0.0107503290917068,0.0099942609275795,0.0459540459540459,0.0186480186480186,0.111783340257582,False,validation reliability only,test,170207,1863,0.0307397610143208,0.1808910359634997
dgraphfin,strict_inductive,sage,2,graphsafe_conservative,graphsafe_conservative,0.0614545193481226,0.0258534936958973,0.7237534910815364,0.0293427230046948,0.013419216317767,0.0340575455079271,0.0311325818572195,0.0372980910425844,0.0681696188942565,0.1105301192077881,0.0181274681878016,0.0133887939170248,0.055367579206398,0.0276243093922651,0.1145884234374305,False,validation reliability only,test,170207,1863,0.0354715730150837,0.2297369833601717
dgraphfin,strict_inductive,gcn,3,graphsafe_conservative,graphsafe_conservative,0.0255420302803082,0.0111828373798766,0.5386288017361072,0.0164319248826291,0.0075147611379495,0.0146799765120375,0.013419216317767,0.0093979441997063,0.0171765968867418,0.7238715211477789,-0.0078982009653356,-0.0105025720138068,0.0231797004351006,0.0093240093240093,0.7445079567408234,False,validation reliability only,test,170207,1863,0.0129636677220058,0.8593666129898014
dgraphfin,strict_inductive,sage,3,graphsafe_conservative,graphsafe_conservative,0.0648718780408692,0.0279465111095142,0.7331816766751841,0.0363849765258215,0.0166398282340311,0.0428655314151497,0.0391841116478797,0.0399412628487518,0.0730005367686527,0.1167225789773628,0.0,0.0,0.0567129629629629,0.023391812865497,0.1210963528941406,False,validation reliability only,test,170207,1863,0.0368949232585596,0.2683843263553409
dgraphfin,strict_inductive,gcn,4,graphsafe_conservative,graphsafe_conservative,0.0367081113084665,0.0174888957659542,0.6504283292302149,0.0152582159624413,0.0069779924852388,0.017615971814445,0.0161030595813204,0.0220264317180616,0.0402576489533011,0.1938991933351742,0.0820809565598947,0.0682141898069422,0.0322483423749246,0.0146198830409356,0.2047154133776485,False,validation reliability only,test,170207,1863,0.0196275605214152,0.2828770799785292
dgraphfin,strict_inductive,sage,4,graphsafe_conservative,graphsafe_conservative,0.0455758352011954,0.0228606717799804,0.7291494885010268,0.022300469483568,0.0101986044015029,0.0240751614797416,0.0220075147611379,0.0261380323054331,0.0477724100912506,0.1388192025004847,0.0,0.0,0.0420954162768942,0.0145719489981785,0.1417751321576118,False,validation reliability only,test,170207,1863,0.0253037037037037,0.229200214707461
dgraphfin,strict_inductive,gcn,5,graphsafe_conservative,graphsafe_conservative,0.0221536664635384,0.0103075248707999,0.4867603947559363,0.0058685446009389,0.0026838432635534,0.004697592483852,0.0042941492216854,0.0067547723935389,0.0123456790123456,0.907824002538086,0.0,0.0,0.0191520080143787,0.0023310023310023,0.91479267222466,False,validation reliability only,test,170207,1863,0.0112093940503491,0.9366612989801396
dgraphfin,strict_inductive,sage,5,graphsafe_conservative,graphsafe_conservative,0.0520470102027637,0.0237047320531338,0.7291617483705183,0.0246478873239436,0.0112721417069243,0.0252495596007046,0.0230810520665593,0.0255506607929515,0.0466988727858293,0.1973361847632588,0.0,0.0,0.0446304044630404,0.0127504553734061,0.2078214129003949,False,validation reliability only,test,170207,1863,0.027689030883919,0.4326355340848094
dgraphfin,strict_inductive,gcn,6,graphsafe_conservative,graphsafe_conservative,0.0440078390513755,0.0180069612588202,0.6651610813570934,0.0152582159624413,0.0069779924852388,0.0229007633587786,0.0209339774557165,0.0155653450807635,0.0284487385936661,0.2493493217082728,-0.1333350643955131,-0.1388077626539692,0.0401712216002634,0.0147329650092081,0.2572674418604651,False,validation reliability only,test,170207,1863,0.0230701206824802,0.4761137949543746
dgraphfin,strict_inductive,sage,6,graphsafe_conservative,graphsafe_conservative,0.0532564323433579,0.0240303179020403,0.726154826457769,0.0269953051643192,0.0123456790123456,0.0328831473869641,0.0300590445517981,0.0290748898678414,0.0531400966183574,0.175592073181479,0.0,0.0,0.0478048780487804,0.0175438596491228,0.1819877139096094,False,validation reliability only,test,170207,1863,0.0286254931959094,0.3816425120772946
dgraphfin,strict_inductive,gcn,7,graphsafe_conservative,graphsafe_conservative,0.0441799052688938,0.0214931107643518,0.704747661084737,0.0187793427230046,0.0085882984433709,0.0246623605402231,0.0225442834138486,0.0293685756240822,0.0536768652710681,0.1653692268825606,0.0094888108819657,0.0088378961287477,0.0396158463385354,0.0147329650092081,0.1707519734108849,False,validation reliability only,test,170207,1863,0.0239610802946258,0.2828770799785292
dgraphfin,strict_inductive,sage,7,graphsafe_conservative,graphsafe_conservative,0.0578709033694067,0.0243058913240437,0.7145232266527637,0.0293427230046948,0.013419216317767,0.0311215502055196,0.0284487385936661,0.0358296622613803,0.0654857756307031,0.1070402509885022,-0.0474616104682427,-0.0496912505334175,0.0483736447039199,0.0239410681399631,0.1100955546323223,False,validation reliability only,test,170207,1863,0.0337632097438653,0.202361782071927
dgraphfin,strict_inductive,gcn,8,graphsafe_conservative,graphsafe_conservative,0.0389239143203978,0.0182671448933582,0.6762776582336876,0.022300469483568,0.0101986044015029,0.0217263652378156,0.0198604401502952,0.0161527165932452,0.0295222758990874,0.176297097064163,-0.2050775176580338,-0.2147349089824052,0.0355196061192192,0.0165745856353591,0.1796582883257166,False,validation reliability only,test,170207,1863,0.0209934949733885,0.2667740203972088
dgraphfin,strict_inductive,sage,8,graphsafe_conservative,graphsafe_conservative,0.0490116340747551,0.0160103456683777,0.5660429795249147,0.022300469483568,0.0101986044015029,0.0211391661773341,0.0193236714975845,0.016446402349486,0.0300590445517981,0.1854976587331895,-0.1967179061071873,-0.2049058067179659,0.0453369846341092,0.0165745856353591,0.1932591048705572,False,validation reliability only,test,170207,1863,0.0262341005451241,0.3719806763285024
dgraphfin,strict_inductive,gcn,9,graphsafe_conservative,graphsafe_conservative,0.0309356774575268,0.0146457734493615,0.6023535132762047,0.0035211267605633,0.001610305958132,0.0064591896652965,0.0059044551798174,0.0123348017621145,0.0225442834138486,0.1698990053288055,0.0,0.0,0.0293879751954704,0.0018214936247723,0.1779760600689119,False,validation reliability only,test,170207,1863,0.0167897609982109,0.1964573268921095
dgraphfin,strict_inductive,sage,9,graphsafe_conservative,graphsafe_conservative,0.0476394237626586,0.022999765001212,0.7204263697555212,0.0293427230046948,0.013419216317767,0.0287727539635936,0.0263016639828234,0.0276064610866372,0.050456253354804,0.1496941958908858,0.0,0.0,0.0424369747899159,0.0127504553734061,0.152947447914353,False,validation reliability only,test,170207,1863,0.0261345852895148,0.2689210950080515
dgraphfin,strict_inductive,gcn,10,graphsafe_conservative,graphsafe_conservative,0.032282991328239,0.0144974566077533,0.5735070830096664,0.0234741784037558,0.0107353730542136,0.0281855549031121,0.0257648953301127,0.0223201174743024,0.0407944176060118,0.1055832016309552,0.0,0.0,0.0268741159830268,0.0116959064327485,0.1120689655172413,False,validation reliability only,test,170207,1863,0.0192150449713818,0.1009125067096081
dgraphfin,strict_inductive,sage,10,graphsafe_conservative,graphsafe_conservative,0.0507225007372456,0.0237878505748987,0.7281958555889024,0.0258215962441314,0.0118089103596349,0.0234879624192601,0.0214707461084272,0.0276064610866372,0.050456253354804,0.1282379690612019,0.0,0.0,0.0461336828309305,0.0069930069930069,0.1310692550308738,False,validation reliability only,test,170207,1863,0.0284919162470182,0.2308105206655931
dgraphfin,inductive_isolated,gcn,1,graphsafe_conservative,graphsafe_conservative,0.0286860385480872,0.0135745812837729,0.6036546983429298,0.0058685446009389,0.0026838432635534,0.0099823840281855,0.0091250670960815,0.0117474302496328,0.0214707461084272,0.592607824590058,0.0,0.0,0.0243913177475454,0.0054644808743169,0.6148255813953488,False,validation reliability only,test,170207,1863,0.0146093057091891,0.7869028448738594
dgraphfin,inductive_isolated,sage,1,graphsafe_conservative,graphsafe_conservative,0.041684296303261,0.0206581228610096,0.7100041478853119,0.0199530516431924,0.0091250670960815,0.0211391661773341,0.0193236714975845,0.0176211453744493,0.0322061191626409,0.3718119701304881,0.0,0.0,0.0368202017352049,0.0182149362477231,0.3833644142167617,False,validation reliability only,test,170207,1863,0.0214689265536723,0.7139023081052066
dgraphfin,inductive_isolated,gcn,2,graphsafe_conservative,graphsafe_conservative,0.0461291237357028,0.0233204386765956,0.7093610180891521,0.0305164319248826,0.0139559849704777,0.0369935408103347,0.0338164251207729,0.0325991189427312,0.0595813204508856,0.0973344222035521,2.596593269629799e-05,-2.9665793188700385e-05,0.0415368639667705,0.0209790209790209,0.1012838168006752,False,validation reliability only,test,170207,1863,0.0279944928866452,0.1309715512614063
dgraphfin,inductive_isolated,sage,2,graphsafe_conservative,graphsafe_conservative,0.0467433644351843,0.0229202821652106,0.7017250420751069,0.028169014084507,0.0128824476650563,0.0381679389312977,0.0348899624261943,0.0302496328928047,0.0552871712292002,0.099543497035962,0.0028562525965932,0.0022193487661425,0.0433624952453404,0.0209790209790209,0.1039416285832987,False,validation reliability only,test,170207,1863,0.0281168265039232,0.1384863123993558
dgraphfin,inductive_isolated,gcn,3,graphsafe_conservative,graphsafe_conservative,0.0250766011801675,0.0103761889713805,0.508251512335412,0.0152582159624413,0.0069779924852388,0.0135055783910745,0.0123456790123456,0.0091042584434654,0.0166398282340311,0.7371083445451715,0.0030671791909817,0.0026761542308799,0.0226996659580929,0.009208103130755,0.756099504072975,False,validation reliability only,test,170207,1863,0.0127240627932498,0.8588298443370908
dgraphfin,inductive_isolated,sage,3,graphsafe_conservative,graphsafe_conservative,0.0251928853289357,0.0181167086995099,0.6730038171207289,0.0082159624413145,0.0037573805689747,0.0099823840281855,0.0091250670960815,0.0126284875183553,0.0230810520665593,0.781507223557198,0.0933797718297498,0.0504267363014288,0.0218689206413094,0.0069930069930069,0.8015028521281263,False,validation reliability only,test,170207,1863,0.0127716113429226,0.9184111647879764
dgraphfin,inductive_isolated,gcn,4,graphsafe_conservative,graphsafe_conservative,0.0388590897580515,0.0179527287695615,0.6541301290670595,0.0105633802816901,0.0048309178743961,0.0317087492660011,0.0289855072463768,0.0237885462555066,0.0434782608695652,0.2692427455980071,0.0577555945590171,0.0534223581436869,0.0349336261103902,0.0233100233100233,0.2834850811759544,False,validation reliability only,test,170207,1863,0.0203001731768327,0.4530327428878153
dgraphfin,inductive_isolated,sage,4,graphsafe_conservative,graphsafe_conservative,0.0337370242214532,0.01791801998392,0.6525040032539255,0.022300469483568,0.0101986044015029,0.0229007633587786,0.0209339774557165,0.02143906020558,0.0391841116478797,0.0804079738201131,-0.1249377601625206,-0.1369458895515678,0.0286624203821656,0.0165745856353591,0.0842334856668051,False,validation reliability only,test,170207,1863,0.0230632761679479,0.0628019323671497
dgraphfin,inductive_isolated,gcn,5,graphsafe_conservative,graphsafe_conservative,0.0215864478407549,0.0082168269456016,0.3765554936599544,0.0011737089201877,0.0005367686527106,0.0005871990604815,0.0005367686527106,0.0035242290748898,0.0064412238325281,0.9591262404013936,0.0,0.0,0.0187587756248244,0.0,0.9611289987536352,False,validation reliability only,test,170207,1863,0.0109152941604997,0.9651100375738056
dgraphfin,inductive_isolated,sage,5,graphsafe_conservative,graphsafe_conservative,0.0408613367111243,0.0181759700067814,0.6883377938851738,0.0164319248826291,0.0075147611379495,0.0193775689958896,0.0177133655394524,0.019676945668135,0.0359634997316156,0.3897078263526177,0.0,0.0,0.0365345869711215,0.0116550116550116,0.4011079420798596,False,validation reliability only,test,170207,1863,0.0210140706906593,0.7359098228663447
dgraphfin,inductive_isolated,gcn,6,graphsafe_conservative,graphsafe_conservative,0.0401742145052511,0.0177426451267855,0.6682664600657054,0.0199530516431924,0.0091250670960815,0.017615971814445,0.0161030595813204,0.0161527165932452,0.0295222758990874,0.3985088744881233,0.0122860903905221,0.0103389804105097,0.0364420062695924,0.0163170163170163,0.4115291794646775,False,validation reliability only,test,170207,1863,0.0206474216925196,0.74020397208803
dgraphfin,inductive_isolated,sage,6,graphsafe_conservative,graphsafe_conservative,0.0430597771023302,0.0189247226626229,0.7029296898365892,0.0176056338028169,0.0080515297906602,0.0146799765120375,0.013419216317767,0.0170337738619676,0.0311325818572195,0.3467659966981381,0.0,0.0,0.0377955127239873,0.0093240093240093,0.3604651162790697,False,validation reliability only,test,170207,1863,0.0222291960876614,0.6843800322061192
dgraphfin,inductive_isolated,gcn,7,graphsafe_conservative,graphsafe_conservative,0.0462530575939515,0.0223212357057519,0.7096084570103866,0.022300469483568,0.0101986044015029,0.0340575455079271,0.0311325818572195,0.0293685756240822,0.0536768652710681,0.1575552121828126,0.0012340939008336,0.0009763495937281,0.0402620226873302,0.0233100233100233,0.1625727046115496,False,validation reliability only,test,170207,1863,0.0252157889632431,0.2791196994095545
dgraphfin,inductive_isolated,sage,7,graphsafe_conservative,graphsafe_conservative,0.0463614760346141,0.0222310170681056,0.7060629936263474,0.0234741784037558,0.0107353730542136,0.0305343511450381,0.0279119699409554,0.0299559471365638,0.0547504025764895,0.1565916795431445,0.0,0.0,0.0405535886707434,0.012891344383057,0.161663896967179,False,validation reliability only,test,170207,1863,0.0252935420743639,0.2775093934514224
dgraphfin,inductive_isolated,gcn,8,graphsafe_conservative,graphsafe_conservative,0.0410235098551412,0.0181567303941186,0.6914555871066246,0.022300469483568,0.0101986044015029,0.0217263652378156,0.0198604401502952,0.016446402349486,0.0300590445517981,0.3909122421522029,0.0,0.0,0.0375718678967776,0.0165745856353591,0.4014918824045634,False,validation reliability only,test,170207,1863,0.0210950498374368,0.7418142780461621
dgraphfin,inductive_isolated,sage,8,graphsafe_conservative,graphsafe_conservative,0.0427893577359769,0.0168003459436168,0.6146857733910849,0.022300469483568,0.0101986044015029,0.0217263652378156,0.0198604401502952,0.0170337738619676,0.0311325818572195,0.2855346724870305,-0.1007997507270461,-0.1049920084663305,0.0365554927454305,0.0165745856353591,0.2966761737604212,False,validation reliability only,test,170207,1863,0.0222736795677582,0.5421363392377885
dgraphfin,inductive_isolated,gcn,9,graphsafe_conservative,graphsafe_conservative,0.0270515267175572,0.0126650824374719,0.5699705108209657,0.0011737089201877,0.0005367686527106,0.0017615971814445,0.001610305958132,0.0049926578560939,0.0091250670960815,0.2700828990582056,0.0,0.0,0.0268249780123131,0.0,0.2931346969666792,False,validation reliability only,test,170207,1863,0.0141548293681503,0.3043478260869565
dgraphfin,inductive_isolated,sage,9,graphsafe_conservative,graphsafe_conservative,0.0431501286043048,0.0185316209560952,0.6914215336849943,0.0152582159624413,0.0069779924852388,0.0146799765120375,0.013419216317767,0.0161527165932452,0.0295222758990874,0.3460374720193646,0.0,0.0,0.0385749943272067,0.0046620046620046,0.3581340500219394,False,validation reliability only,test,170207,1863,0.0222773574685932,0.6843800322061192
dgraphfin,inductive_isolated,gcn,10,graphsafe_conservative,graphsafe_conservative,0.0226310552704996,0.0101485902235179,0.4760659926231871,0.0105633802816901,0.0048309178743961,0.01174398120963,0.0107353730542136,0.0108663729809104,0.0198604401502952,0.8858801341895457,0.0,0.0,0.0195471674990042,0.0058479532163742,0.8899044453676777,False,validation reliability only,test,170207,1863,0.0114543012876214,0.9339774557165862
dgraphfin,inductive_isolated,sage,10,graphsafe_conservative,graphsafe_conservative,0.0428306334319674,0.0194218491952988,0.7026363058985959,0.022300469483568,0.0101986044015029,0.0211391661773341,0.0193236714975845,0.0190895741556534,0.0348899624261943,0.3500619833496859,0.0,0.0,0.0386545808674807,0.0023310023310023,0.3611507240017551,False,validation reliability only,test,170207,1863,0.0221037374469406,0.6876006441223832
dgraphfin,transductive,gcn,1,graphsafe_conservative,graphsafe_conservative,0.0262057660984946,0.0124146286913797,0.5690477603447216,0.0082159624413145,0.0037573805689747,0.0076335877862595,0.0069779924852388,0.0085168869309838,0.0155662909286097,0.5655760338881479,0.0,0.0,0.0220317064993534,0.0018214936247723,0.5774263578242944,False,validation reliability only,test,170207,1863,0.0133611205145565,0.677938808373591
dgraphfin,transductive,sage,1,graphsafe_conservative,graphsafe_conservative,0.0654681647940074,0.0285081527587063,0.7343435009835572,0.0469483568075117,0.0214707461084272,0.0440399295361127,0.0402576489533011,0.0414096916299559,0.0756843800322061,0.1068111182266299,0.0,0.0,0.0591069707677481,0.0255009107468123,0.1118342143840789,False,validation reliability only,test,170207,1863,0.0380430051362409,0.2345679012345679
dgraphfin,transductive,gcn,2,graphsafe_conservative,graphsafe_conservative,0.0523956723338485,0.0179908304951097,0.6157505709559923,0.0375586854460093,0.0171765968867418,0.0322959483264826,0.0295222758990874,0.0314243759177679,0.0574342458400429,0.1078569036526112,-0.0289260490236809,-0.0303846146827917,0.0462504129501156,0.0186480186480186,0.1122507270461155,False,validation reliability only,test,170207,1863,0.0306039541392073,0.1819645732689211
dgraphfin,transductive,sage,2,graphsafe_conservative,graphsafe_conservative,0.0641648077680094,0.0263419609614635,0.7266004735109146,0.0293427230046948,0.013419216317767,0.0328831473869641,0.0300590445517981,0.0390602055800293,0.0713902308105206,0.1160939326819696,0.0,0.0,0.0580281690140845,0.0276243093922651,0.1202967438141353,False,validation reliability only,test,170207,1863,0.0365498168771956,0.2624798711755233
dgraphfin,transductive,gcn,3,graphsafe_conservative,graphsafe_conservative,0.0255792045218668,0.0111620570080789,0.5380018935487999,0.0152582159624413,0.0069779924852388,0.0146799765120375,0.013419216317767,0.0091042584434654,0.0166398282340311,0.7232252492553185,-0.0088032031592804,-0.0114278024658366,0.0232002466471404,0.0093240093240093,0.7438507040570416,False,validation reliability only,test,170207,1863,0.012982697840269,0.8599033816425121
dgraphfin,transductive,sage,3,graphsafe_conservative,graphsafe_conservative,0.0661637397971803,0.0285042258863174,0.7329574709240535,0.0422535211267605,0.0193236714975845,0.0416911332941867,0.0381105743424584,0.0408223201174743,0.0746108427267847,0.1199363128425975,0.0,0.0,0.060327868852459,0.0263157894736842,0.1236728710408244,False,validation reliability only,test,170207,1863,0.0373890558389824,0.2871712292002147
dgraphfin,transductive,gcn,4,graphsafe_conservative,graphsafe_conservative,0.0366563294888323,0.0175561875976628,0.6516130136515448,0.0140845070422535,0.0064412238325281,0.016441573693482,0.015029522275899,0.0217327459618208,0.0397208803005904,0.1938521917429952,0.0822729267222466,0.0688872269843945,0.0323311678501284,0.0139860139860139,0.2050789364353967,False,validation reliability only,test,170207,1863,0.0196005365926367,0.2823403113258185
dgraphfin,transductive,sage,4,graphsafe_conservative,graphsafe_conservative,0.0458540783084393,0.023359769202803,0.7303226974294309,0.0234741784037558,0.0107353730542136,0.0270111567821491,0.0246913580246913,0.0255506607929515,0.0466988727858293,0.1262169005975077,0.0,0.0,0.0444743935309973,0.0145719489981785,0.1298254186841988,False,validation reliability only,test,170207,1863,0.0258919894488407,0.2002147074610842
dgraphfin,transductive,gcn,5,graphsafe_conservative,graphsafe_conservative,0.0221601016518424,0.0102977020167087,0.4864972954058312,0.0046948356807511,0.0021470746108427,0.004697592483852,0.0042941492216854,0.006461086637298,0.0118089103596349,0.9070602266651784,0.0,0.0,0.0191729101527933,0.0023310023310023,0.9137779727950855,False,validation reliability only,test,170207,1863,0.0112127660942412,0.9361245303274288
dgraphfin,transductive,sage,5,graphsafe_conservative,graphsafe_conservative,0.0553462081959491,0.0241054315230427,0.7293806898707957,0.0246478873239436,0.0112721417069243,0.0258367586611861,0.0236178207192699,0.0249632892804698,0.0456253354804079,0.1686064615438848,0.0,0.0,0.0487392113724826,0.0184162062615101,0.1758720930232558,False,validation reliability only,test,170207,1863,0.0298564350146105,0.3784219001610306
dgraphfin,transductive,gcn,6,graphsafe_conservative,graphsafe_conservative,0.0430765896345263,0.0175239464486973,0.6556383433135367,0.0140845070422535,0.0064412238325281,0.0223135642982971,0.0203972088030059,0.0161527165932452,0.0295222758990874,0.232616754892572,-0.149860068410999,-0.1555560611231537,0.0394784065079555,0.012891344383057,0.2396061869240895,False,validation reliability only,test,170207,1863,0.0226831773567678,0.4267310789049919
dgraphfin,transductive,sage,6,graphsafe_conservative,graphsafe_conservative,0.0545202075568223,0.0247038593199773,0.7282415423353286,0.0269953051643192,0.0123456790123456,0.0287727539635936,0.0263016639828234,0.029662261380323,0.0542136339237788,0.1782652887366559,0.0,0.0,0.0487881157154026,0.0204678362573099,0.1872257569109258,False,validation reliability only,test,170207,1863,0.0292514606124769,0.4004294149221685
dgraphfin,transductive,gcn,7,graphsafe_conservative,graphsafe_conservative,0.0440638510142999,0.0215821071426632,0.7053605126700538,0.0187793427230046,0.0085882984433709,0.0258367586611861,0.0236178207192699,0.0293685756240822,0.0536768652710681,0.166432637905609,0.0104123390112172,0.0097369328461099,0.0396600566572237,0.012891344383057,0.1721800997091815,False,validation reliability only,test,170207,1863,0.0238814040463209,0.2844873859366613
dgraphfin,transductive,sage,7,graphsafe_conservative,graphsafe_conservative,0.0564533201608919,0.0246111338129976,0.7154292341967062,0.0375586854460093,0.0171765968867418,0.0311215502055196,0.0284487385936661,0.0320117474302496,0.0585077831454643,0.1129389508069585,-0.0425620904618693,-0.0438628368611061,0.0483414759578297,0.0204678362573099,0.1163014125467386,False,validation reliability only,test,170207,1863,0.0324991875203119,0.2147074610842727
dgraphfin,transductive,gcn,8,graphsafe_conservative,graphsafe_conservative,0.0430054721481689,0.0182970595462996,0.6763337220269954,0.022300469483568,0.0101986044015029,0.0217263652378156,0.0198604401502952,0.0161527165932452,0.0295222758990874,0.1896631748400477,-0.1835991293145573,-0.192831943074237,0.0387706855791962,0.0165745856353591,0.1924594931449937,False,validation reliability only,test,170207,1863,0.0230061925314317,0.3290391841116479
dgraphfin,transductive,sage,8,graphsafe_conservative,graphsafe_conservative,0.0488197800658401,0.0160132235444178,0.5674523543528142,0.022300469483568,0.0101986044015029,0.0211391661773341,0.0193236714975845,0.016446402349486,0.0300590445517981,0.1869723336878036,-0.1873701703365184,-0.1949545719170691,0.045153521974714,0.0165745856353591,0.1950416849495392,False,validation reliability only,test,170207,1863,0.0261136712749615,0.3741277509393451
dgraphfin,transductive,gcn,9,graphsafe_conservative,graphsafe_conservative,0.0308733347430746,0.0146395692144689,0.6022653394658062,0.0035211267605633,0.001610305958132,0.0064591896652965,0.0059044551798174,0.0123348017621145,0.0225442834138486,0.1698343781395594,0.0,0.0,0.0294038305907742,0.0018214936247723,0.1778963930769383,False,validation reliability only,test,170207,1863,0.0167569552841795,0.1959205582393988
dgraphfin,transductive,sage,9,graphsafe_conservative,graphsafe_conservative,0.0484551250613045,0.0231461776026712,0.7202461385141673,0.028169014084507,0.0128824476650563,0.0281855549031121,0.0257648953301127,0.0273127753303964,0.0499194847020934,0.1461632012784433,0.0,0.0,0.0454642933733647,0.0182149362477231,0.1505930434010039,False,validation reliability only,test,170207,1863,0.0266637879851028,0.2651637144390767
dgraphfin,transductive,gcn,10,graphsafe_conservative,graphsafe_conservative,0.0318718235851494,0.0144603531533645,0.572923490902214,0.022300469483568,0.0101986044015029,0.0275983558426306,0.025228126677402,0.0223201174743024,0.0407944176060118,0.1054656976505079,0.0,0.0,0.026950354609929,0.0116959064327485,0.1118612380556709,False,validation reliability only,test,170207,1863,0.0189821465216499,0.0993022007514761
dgraphfin,transductive,sage,10,graphsafe_conservative,graphsafe_conservative,0.0492596175310662,0.0213343065384094,0.6783388802786023,0.0246478873239436,0.0112721417069243,0.0311215502055196,0.0284487385936661,0.0358296622613803,0.0654857756307031,0.1110706375178459,-0.0068809721645201,-0.0110873032774564,0.0465408805031446,0.023391812865497,0.1156003323639385,False,validation reliability only,test,170207,1863,0.0285936420179682,0.1776704240472356
dgraphfin,inductive_isolated,gcn,1,graphsafe_high_risk_only,graphsafe_tta_full,0.0286860385480872,0.0135745812837729,0.6036546983429298,0.0058685446009389,0.0026838432635534,0.0099823840281855,0.0091250670960815,0.0117474302496328,0.0214707461084272,0.592607824590058,0.0,0.0,0.0243913177475454,0.0054644808743169,0.6148255813953488,False,train/val only,test,170207,1863,0.0146093057091891,0.7869028448738594
dgraphfin,inductive_isolated,gcn,2,graphsafe_high_risk_only,graphsafe_tta_full,0.0461291237357028,0.0233204386765956,0.7093610180891521,0.0305164319248826,0.0139559849704777,0.0369935408103347,0.0338164251207729,0.0325991189427312,0.0595813204508856,0.0973344222035521,2.596593269629799e-05,-2.9665793188700385e-05,0.0415368639667705,0.0209790209790209,0.1012838168006752,False,train/val only,test,170207,1863,0.0279944928866452,0.1309715512614063
dgraphfin,inductive_isolated,gcn,3,graphsafe_high_risk_only,graphsafe_tta_full,0.0250766011801675,0.0103761889713805,0.508251512335412,0.0152582159624413,0.0069779924852388,0.0135055783910745,0.0123456790123456,0.0091042584434654,0.0166398282340311,0.7371083445451715,0.0030671791909817,0.0026761542308799,0.0226996659580929,0.009208103130755,0.756099504072975,False,train/val only,test,170207,1863,0.0127240627932498,0.8588298443370908
dgraphfin,inductive_isolated,gcn,4,graphsafe_high_risk_only,graphsafe_tta_full,0.0388590897580515,0.0179527287695615,0.6541301290670595,0.0105633802816901,0.0048309178743961,0.0317087492660011,0.0289855072463768,0.0237885462555066,0.0434782608695652,0.2692427455980071,0.0577555945590171,0.0534223581436869,0.0349336261103902,0.0233100233100233,0.2834850811759544,False,train/val only,test,170207,1863,0.0203001731768327,0.4530327428878153
dgraphfin,inductive_isolated,gcn,5,graphsafe_high_risk_only,graphsafe_tta_full,0.0215864478407549,0.0082168269456016,0.3765554936599544,0.0011737089201877,0.0005367686527106,0.0005871990604815,0.0005367686527106,0.0035242290748898,0.0064412238325281,0.9591262404013936,0.0,0.0,0.0187587756248244,0.0,0.9611289987536352,False,train/val only,test,170207,1863,0.0109152941604997,0.9651100375738056
dgraphfin,inductive_isolated,gcn,6,graphsafe_high_risk_only,graphsafe_tta_full,0.0401742145052511,0.0177426451267855,0.6682664600657054,0.0199530516431924,0.0091250670960815,0.017615971814445,0.0161030595813204,0.0161527165932452,0.0295222758990874,0.3985088744881233,0.0122860903905221,0.0103389804105097,0.0364420062695924,0.0163170163170163,0.4115291794646775,False,train/val only,test,170207,1863,0.0206474216925196,0.74020397208803
dgraphfin,inductive_isolated,gcn,7,graphsafe_high_risk_only,graphsafe_tta_full,0.0462530575939515,0.0223212357057519,0.7096084570103866,0.022300469483568,0.0101986044015029,0.0340575455079271,0.0311325818572195,0.0293685756240822,0.0536768652710681,0.1575552121828126,0.0012340939008336,0.0009763495937281,0.0402620226873302,0.0233100233100233,0.1625727046115496,False,train/val only,test,170207,1863,0.0252157889632431,0.2791196994095545
dgraphfin,inductive_isolated,gcn,8,graphsafe_high_risk_only,graphsafe_tta_full,0.0410235098551412,0.0181567303941186,0.6914555871066246,0.022300469483568,0.0101986044015029,0.0217263652378156,0.0198604401502952,0.016446402349486,0.0300590445517981,0.3909122421522029,0.0,0.0,0.0375718678967776,0.0165745856353591,0.4014918824045634,False,train/val only,test,170207,1863,0.0210950498374368,0.7418142780461621
dgraphfin,inductive_isolated,gcn,9,graphsafe_high_risk_only,graphsafe_tta_full,0.0270515267175572,0.0126650824374719,0.5699705108209657,0.0011737089201877,0.0005367686527106,0.0017615971814445,0.001610305958132,0.0049926578560939,0.0091250670960815,0.2700828990582056,0.0,0.0,0.0268249780123131,0.0,0.2931346969666792,False,train/val only,test,170207,1863,0.0141548293681503,0.3043478260869565
dgraphfin,inductive_isolated,gcn,10,graphsafe_high_risk_only,graphsafe_tta_full,0.0226310552704996,0.0101485902235179,0.4760659926231871,0.0105633802816901,0.0048309178743961,0.01174398120963,0.0107353730542136,0.0108663729809104,0.0198604401502952,0.8858801341895457,0.0,0.0,0.0195471674990042,0.0058479532163742,0.8899044453676777,False,train/val only,test,170207,1863,0.0114543012876214,0.9339774557165862
dgraphfin,inductive_isolated,sage,1,graphsafe_high_risk_only,graphsafe_tta_full,0.041684296303261,0.0206581228610096,0.7100041478853119,0.0199530516431924,0.0091250670960815,0.0211391661773341,0.0193236714975845,0.0176211453744493,0.0322061191626409,0.3718119701304881,0.0,0.0,0.0368202017352049,0.0182149362477231,0.3833644142167617,False,train/val only,test,170207,1863,0.0214689265536723,0.7139023081052066
dgraphfin,inductive_isolated,sage,2,graphsafe_high_risk_only,graphsafe_tta_full,0.0467433644351843,0.0229202821652106,0.7017250420751069,0.028169014084507,0.0128824476650563,0.0381679389312977,0.0348899624261943,0.0302496328928047,0.0552871712292002,0.099543497035962,0.0028562525965932,0.0022193487661425,0.0433624952453404,0.0209790209790209,0.1039416285832987,False,train/val only,test,170207,1863,0.0281168265039232,0.1384863123993558
dgraphfin,inductive_isolated,sage,3,graphsafe_high_risk_only,graphsafe_tta_full,0.0251928853289357,0.0181167086995099,0.6730038171207289,0.0082159624413145,0.0037573805689747,0.0099823840281855,0.0091250670960815,0.0126284875183553,0.0230810520665593,0.781507223557198,0.0933797718297498,0.0504267363014288,0.0218689206413094,0.0069930069930069,0.8015028521281263,False,train/val only,test,170207,1863,0.0127716113429226,0.9184111647879764
dgraphfin,inductive_isolated,sage,4,graphsafe_high_risk_only,graphsafe_tta_full,0.0337370242214532,0.01791801998392,0.6525040032539255,0.022300469483568,0.0101986044015029,0.0229007633587786,0.0209339774557165,0.02143906020558,0.0391841116478797,0.0804079738201131,-0.1249377601625206,-0.1369458895515678,0.0286624203821656,0.0165745856353591,0.0842334856668051,False,train/val only,test,170207,1863,0.0230632761679479,0.0628019323671497
dgraphfin,inductive_isolated,sage,5,graphsafe_high_risk_only,graphsafe_tta_full,0.0408613367111243,0.0181759700067814,0.6883377938851738,0.0164319248826291,0.0075147611379495,0.0193775689958896,0.0177133655394524,0.019676945668135,0.0359634997316156,0.3897078263526177,0.0,0.0,0.0365345869711215,0.0116550116550116,0.4011079420798596,False,train/val only,test,170207,1863,0.0210140706906593,0.7359098228663447
dgraphfin,inductive_isolated,sage,6,graphsafe_high_risk_only,graphsafe_tta_full,0.0430597771023302,0.0189247226626229,0.7029296898365892,0.0176056338028169,0.0080515297906602,0.0146799765120375,0.013419216317767,0.0170337738619676,0.0311325818572195,0.3467659966981381,0.0,0.0,0.0377955127239873,0.0093240093240093,0.3604651162790697,False,train/val only,test,170207,1863,0.0222291960876614,0.6843800322061192
dgraphfin,inductive_isolated,sage,7,graphsafe_high_risk_only,graphsafe_tta_full,0.0463614760346141,0.0222310170681056,0.7060629936263474,0.0234741784037558,0.0107353730542136,0.0305343511450381,0.0279119699409554,0.0299559471365638,0.0547504025764895,0.1565916795431445,0.0,0.0,0.0405535886707434,0.012891344383057,0.161663896967179,False,train/val only,test,170207,1863,0.0252935420743639,0.2775093934514224
dgraphfin,inductive_isolated,sage,8,graphsafe_high_risk_only,graphsafe_tta_full,0.0427893577359769,0.0168003459436168,0.6146857733910849,0.022300469483568,0.0101986044015029,0.0217263652378156,0.0198604401502952,0.0170337738619676,0.0311325818572195,0.2855346724870305,-0.1007997507270461,-0.1049920084663305,0.0365554927454305,0.0165745856353591,0.2966761737604212,False,train/val only,test,170207,1863,0.0222736795677582,0.5421363392377885
dgraphfin,inductive_isolated,sage,9,graphsafe_high_risk_only,graphsafe_tta_full,0.0431501286043048,0.0185316209560952,0.6914215336849943,0.0152582159624413,0.0069779924852388,0.0146799765120375,0.013419216317767,0.0161527165932452,0.0295222758990874,0.3460374720193646,0.0,0.0,0.0385749943272067,0.0046620046620046,0.3581340500219394,False,train/val only,test,170207,1863,0.0222773574685932,0.6843800322061192
dgraphfin,inductive_isolated,sage,10,graphsafe_high_risk_only,graphsafe_tta_full,0.0428306334319674,0.0194218491952988,0.7026363058985959,0.022300469483568,0.0101986044015029,0.0211391661773341,0.0193236714975845,0.0190895741556534,0.0348899624261943,0.3500619833496859,0.0,0.0,0.0386545808674807,0.0023310023310023,0.3611507240017551,False,train/val only,test,170207,1863,0.0221037374469406,0.6876006441223832
dgraphfin,strict_inductive,gcn,1,graphsafe_high_risk_only,graphsafe_tta_full,0.0261981559651106,0.0124055140776757,0.5688201667883024,0.0082159624413145,0.0037573805689747,0.0076335877862595,0.0069779924852388,0.0085168869309838,0.0155662909286097,0.5657405394607742,0.0,0.0,0.0220359281437125,0.0018214936247723,0.5776056085562349,False,train/val only,test,170207,1863,0.0133571640086298,0.677938808373591
dgraphfin,strict_inductive,gcn,2,graphsafe_high_risk_only,graphsafe_tta_full,0.0525495088102292,0.017968435285027,0.6152330721397632,0.0375586854460093,0.0171765968867418,0.0322959483264826,0.0295222758990874,0.0314243759177679,0.0574342458400429,0.1072576333523298,0.0107503290917068,0.0099942609275795,0.0459540459540459,0.0186480186480186,0.111783340257582,False,train/val only,test,170207,1863,0.0307397610143208,0.1808910359634997
dgraphfin,strict_inductive,gcn,3,graphsafe_high_risk_only,graphsafe_tta_full,0.0255420302803082,0.0111828373798766,0.5386288017361072,0.0164319248826291,0.0075147611379495,0.0146799765120375,0.013419216317767,0.0093979441997063,0.0171765968867418,0.7238715211477789,-0.0078982009653356,-0.0105025720138068,0.0231797004351006,0.0093240093240093,0.7445079567408234,False,train/val only,test,170207,1863,0.0129636677220058,0.8593666129898014
dgraphfin,strict_inductive,gcn,4,graphsafe_high_risk_only,graphsafe_tta_full,0.0367081113084665,0.0174888957659542,0.6504283292302149,0.0152582159624413,0.0069779924852388,0.017615971814445,0.0161030595813204,0.0220264317180616,0.0402576489533011,0.1938991933351742,0.0820809565598947,0.0682141898069422,0.0322483423749246,0.0146198830409356,0.2047154133776485,False,train/val only,test,170207,1863,0.0196275605214152,0.2828770799785292
dgraphfin,strict_inductive,gcn,5,graphsafe_high_risk_only,graphsafe_tta_full,0.0221536664635384,0.0103075248707999,0.4867603947559363,0.0058685446009389,0.0026838432635534,0.004697592483852,0.0042941492216854,0.0067547723935389,0.0123456790123456,0.907824002538086,0.0,0.0,0.0191520080143787,0.0023310023310023,0.91479267222466,False,train/val only,test,170207,1863,0.0112093940503491,0.9366612989801396
dgraphfin,strict_inductive,gcn,6,graphsafe_high_risk_only,graphsafe_tta_full,0.0440078390513755,0.0180069612588202,0.6651610813570934,0.0152582159624413,0.0069779924852388,0.0229007633587786,0.0209339774557165,0.0155653450807635,0.0284487385936661,0.2493493217082728,-0.1333350643955131,-0.1388077626539692,0.0401712216002634,0.0147329650092081,0.2572674418604651,False,train/val only,test,170207,1863,0.0230701206824802,0.4761137949543746
dgraphfin,strict_inductive,gcn,7,graphsafe_high_risk_only,graphsafe_tta_full,0.0441799052688938,0.0214931107643518,0.704747661084737,0.0187793427230046,0.0085882984433709,0.0246623605402231,0.0225442834138486,0.0293685756240822,0.0536768652710681,0.1653692268825606,0.0094888108819657,0.0088378961287477,0.0396158463385354,0.0147329650092081,0.1707519734108849,False,train/val only,test,170207,1863,0.0239610802946258,0.2828770799785292
dgraphfin,strict_inductive,gcn,8,graphsafe_high_risk_only,graphsafe_tta_full,0.0389239143203978,0.0182671448933582,0.6762776582336876,0.022300469483568,0.0101986044015029,0.0217263652378156,0.0198604401502952,0.0161527165932452,0.0295222758990874,0.176297097064163,-0.2050775176580338,-0.2147349089824052,0.0355196061192192,0.0165745856353591,0.1796582883257166,False,train/val only,test,170207,1863,0.0209934949733885,0.2667740203972088
dgraphfin,strict_inductive,gcn,9,graphsafe_high_risk_only,graphsafe_tta_full,0.0309356774575268,0.0146457734493615,0.6023535132762047,0.0035211267605633,0.001610305958132,0.0064591896652965,0.0059044551798174,0.0123348017621145,0.0225442834138486,0.1698990053288055,0.0,0.0,0.0293879751954704,0.0018214936247723,0.1779760600689119,False,train/val only,test,170207,1863,0.0167897609982109,0.1964573268921095
dgraphfin,strict_inductive,gcn,10,graphsafe_high_risk_only,graphsafe_tta_full,0.032282991328239,0.0144974566077533,0.5735070830096664,0.0234741784037558,0.0107353730542136,0.0281855549031121,0.0257648953301127,0.0223201174743024,0.0407944176060118,0.1055832016309552,0.0,0.0,0.0268741159830268,0.0116959064327485,0.1120689655172413,False,train/val only,test,170207,1863,0.0192150449713818,0.1009125067096081
dgraphfin,strict_inductive,sage,1,graphsafe_high_risk_only,graphsafe_tta_full,0.0638808440215142,0.027914514496628,0.7329447263991231,0.0434272300469483,0.0198604401502952,0.0428655314151497,0.0391841116478797,0.0405286343612334,0.074074074074074,0.10117680236418,0.0,0.0,0.0579920260964117,0.0255009107468123,0.106858868997379,False,train/val only,test,170207,1863,0.0377616904715319,0.2071926999463231
dgraphfin,strict_inductive,sage,2,graphsafe_high_risk_only,graphsafe_tta_full,0.060895368339569,0.025521005115949,0.7133239228552001,0.0305164319248826,0.0139559849704777,0.0334703464474456,0.0305958132045088,0.0361233480176211,0.0660225442834138,0.1182207547280664,0.0271500658183413,0.0212052652330853,0.056768558951965,0.0256410256410256,0.1214073119808093,False,train/val only,test,170207,1863,0.0346066427157416,0.2533548040794418
dgraphfin,strict_inductive,sage,3,graphsafe_high_risk_only,graphsafe_tta_full,0.0648718780408692,0.0279465111095142,0.7331816766751841,0.0363849765258215,0.0166398282340311,0.0428655314151497,0.0391841116478797,0.0399412628487518,0.0730005367686527,0.1167225789773628,0.0,0.0,0.0567129629629629,0.023391812865497,0.1210963528941406,False,train/val only,test,170207,1863,0.0368949232585596,0.2683843263553409
dgraphfin,strict_inductive,sage,4,graphsafe_high_risk_only,graphsafe_tta_full,0.0476278043398308,0.0228606717799804,0.7291494885010268,0.022300469483568,0.0101986044015029,0.0240751614797416,0.0220075147611379,0.0261380323054331,0.0477724100912506,0.1533191936876861,0.0156318560772268,0.0145346262117286,0.043601130399677,0.0145719489981785,0.156456843321043,False,train/val only,test,170207,1863,0.0260445472371662,0.2780461621041331
dgraphfin,strict_inductive,sage,5,graphsafe_high_risk_only,graphsafe_tta_full,0.0520470102027637,0.0237047320531338,0.7291617483705183,0.0246478873239436,0.0112721417069243,0.0252495596007046,0.0230810520665593,0.0255506607929515,0.0466988727858293,0.1973361847632588,0.0,0.0,0.0446304044630404,0.0127504553734061,0.2078214129003949,False,train/val only,test,170207,1863,0.027689030883919,0.4326355340848094
dgraphfin,strict_inductive,sage,6,graphsafe_high_risk_only,graphsafe_tta_full,0.0532564323433579,0.0240303179020403,0.726154826457769,0.0269953051643192,0.0123456790123456,0.0328831473869641,0.0300590445517981,0.0290748898678414,0.0531400966183574,0.175592073181479,0.0,0.0,0.0478048780487804,0.0175438596491228,0.1819877139096094,False,train/val only,test,170207,1863,0.0286254931959094,0.3816425120772946
dgraphfin,strict_inductive,sage,7,graphsafe_high_risk_only,graphsafe_tta_full,0.0578709033694067,0.0243058913240437,0.7145232266527637,0.0293427230046948,0.013419216317767,0.0311215502055196,0.0284487385936661,0.0358296622613803,0.0654857756307031,0.1070402509885022,-0.0474616104682427,-0.0496912505334175,0.0483736447039199,0.0239410681399631,0.1100955546323223,False,train/val only,test,170207,1863,0.0337632097438653,0.202361782071927
dgraphfin,strict_inductive,sage,8,graphsafe_high_risk_only,graphsafe_tta_full,0.0490116340747551,0.0160103456683777,0.5660429795249147,0.022300469483568,0.0101986044015029,0.0211391661773341,0.0193236714975845,0.016446402349486,0.0300590445517981,0.1854976587331895,-0.1967179061071873,-0.2049058067179659,0.0453369846341092,0.0165745856353591,0.1932591048705572,False,train/val only,test,170207,1863,0.0262341005451241,0.3719806763285024
dgraphfin,strict_inductive,sage,9,graphsafe_high_risk_only,graphsafe_tta_full,0.0476394237626586,0.022999765001212,0.7204263697555212,0.0293427230046948,0.013419216317767,0.0287727539635936,0.0263016639828234,0.0276064610866372,0.050456253354804,0.1496941958908858,0.0,0.0,0.0424369747899159,0.0127504553734061,0.152947447914353,False,train/val only,test,170207,1863,0.0261345852895148,0.2689210950080515
dgraphfin,strict_inductive,sage,10,graphsafe_high_risk_only,graphsafe_tta_full,0.0464019473604138,0.021032236526903,0.6775715734688287,0.0246478873239436,0.0112721417069243,0.0322959483264826,0.0295222758990874,0.0317180616740088,0.0579710144927536,0.1102657352517816,-0.0127492729538845,-0.0175802529693622,0.0423590746171391,0.0175438596491228,0.1140423764021603,False,train/val only,test,170207,1863,0.0270318177789594,0.1637144390767579
dgraphfin,transductive,gcn,1,graphsafe_high_risk_only,graphsafe_tta_full,0.0262057660984946,0.0124146286913797,0.5690477603447216,0.0082159624413145,0.0037573805689747,0.0076335877862595,0.0069779924852388,0.0085168869309838,0.0155662909286097,0.5655760338881479,0.0,0.0,0.0220317064993534,0.0018214936247723,0.5774263578242944,False,train/val only,test,170207,1863,0.0133611205145565,0.677938808373591
dgraphfin,transductive,gcn,2,graphsafe_high_risk_only,graphsafe_tta_full,0.0523956723338485,0.0179908304951097,0.6157505709559923,0.0375586854460093,0.0171765968867418,0.0322959483264826,0.0295222758990874,0.0314243759177679,0.0574342458400429,0.1078569036526112,-0.0289260490236809,-0.0303846146827917,0.0462504129501156,0.0186480186480186,0.1122507270461155,False,train/val only,test,170207,1863,0.0306039541392073,0.1819645732689211
dgraphfin,transductive,gcn,3,graphsafe_high_risk_only,graphsafe_tta_full,0.0255792045218668,0.0111620570080789,0.5380018935487999,0.0152582159624413,0.0069779924852388,0.0146799765120375,0.013419216317767,0.0091042584434654,0.0166398282340311,0.7232252492553185,-0.0088032031592804,-0.0114278024658366,0.0232002466471404,0.0093240093240093,0.7438507040570416,False,train/val only,test,170207,1863,0.012982697840269,0.8599033816425121
dgraphfin,transductive,gcn,4,graphsafe_high_risk_only,graphsafe_tta_full,0.0366563294888323,0.0175561875976628,0.6516130136515448,0.0140845070422535,0.0064412238325281,0.016441573693482,0.015029522275899,0.0217327459618208,0.0397208803005904,0.1938521917429952,0.0822729267222466,0.0688872269843945,0.0323311678501284,0.0139860139860139,0.2050789364353967,False,train/val only,test,170207,1863,0.0196005365926367,0.2823403113258185
dgraphfin,transductive,gcn,5,graphsafe_high_risk_only,graphsafe_tta_full,0.0221601016518424,0.0102977020167087,0.4864972954058312,0.0046948356807511,0.0021470746108427,0.004697592483852,0.0042941492216854,0.006461086637298,0.0118089103596349,0.9070602266651784,0.0,0.0,0.0191729101527933,0.0023310023310023,0.9137779727950855,False,train/val only,test,170207,1863,0.0112127660942412,0.9361245303274288
dgraphfin,transductive,gcn,6,graphsafe_high_risk_only,graphsafe_tta_full,0.0430765896345263,0.0175239464486973,0.6556383433135367,0.0140845070422535,0.0064412238325281,0.0223135642982971,0.0203972088030059,0.0161527165932452,0.0295222758990874,0.232616754892572,-0.149860068410999,-0.1555560611231537,0.0394784065079555,0.012891344383057,0.2396061869240895,False,train/val only,test,170207,1863,0.0226831773567678,0.4267310789049919
dgraphfin,transductive,gcn,7,graphsafe_high_risk_only,graphsafe_tta_full,0.0440638510142999,0.0215821071426632,0.7053605126700538,0.0187793427230046,0.0085882984433709,0.0258367586611861,0.0236178207192699,0.0293685756240822,0.0536768652710681,0.166432637905609,0.0104123390112172,0.0097369328461099,0.0396600566572237,0.012891344383057,0.1721800997091815,False,train/val only,test,170207,1863,0.0238814040463209,0.2844873859366613
dgraphfin,transductive,gcn,8,graphsafe_high_risk_only,graphsafe_tta_full,0.0430054721481689,0.0182970595462996,0.6763337220269954,0.022300469483568,0.0101986044015029,0.0217263652378156,0.0198604401502952,0.0161527165932452,0.0295222758990874,0.1896631748400477,-0.1835991293145573,-0.192831943074237,0.0387706855791962,0.0165745856353591,0.1924594931449937,False,train/val only,test,170207,1863,0.0230061925314317,0.3290391841116479
dgraphfin,transductive,gcn,9,graphsafe_high_risk_only,graphsafe_tta_full,0.0308733347430746,0.0146395692144689,0.6022653394658062,0.0035211267605633,0.001610305958132,0.0064591896652965,0.0059044551798174,0.0123348017621145,0.0225442834138486,0.1698343781395594,0.0,0.0,0.0294038305907742,0.0018214936247723,0.1778963930769383,False,train/val only,test,170207,1863,0.0167569552841795,0.1959205582393988
dgraphfin,transductive,gcn,10,graphsafe_high_risk_only,graphsafe_tta_full,0.0318718235851494,0.0144603531533645,0.572923490902214,0.022300469483568,0.0101986044015029,0.0275983558426306,0.025228126677402,0.0223201174743024,0.0407944176060118,0.1054656976505079,0.0,0.0,0.026950354609929,0.0116959064327485,0.1118612380556709,False,train/val only,test,170207,1863,0.0189821465216499,0.0993022007514761
dgraphfin,transductive,sage,1,graphsafe_high_risk_only,graphsafe_tta_full,0.0654681647940074,0.0285081527587063,0.7343435009835572,0.0469483568075117,0.0214707461084272,0.0440399295361127,0.0402576489533011,0.0414096916299559,0.0756843800322061,0.1068111182266299,0.0,0.0,0.0591069707677481,0.0255009107468123,0.1118342143840789,False,train/val only,test,170207,1863,0.0380430051362409,0.2345679012345679
dgraphfin,transductive,sage,2,graphsafe_high_risk_only,graphsafe_tta_full,0.0641648077680094,0.0263419609614635,0.7266004735109146,0.0293427230046948,0.013419216317767,0.0328831473869641,0.0300590445517981,0.0390602055800293,0.0713902308105206,0.1160939326819696,0.0,0.0,0.0580281690140845,0.0276243093922651,0.1202967438141353,False,train/val only,test,170207,1863,0.0365498168771956,0.2624798711755233
dgraphfin,transductive,sage,3,graphsafe_high_risk_only,graphsafe_tta_full,0.0661637397971803,0.0285042258863174,0.7329574709240535,0.0422535211267605,0.0193236714975845,0.0416911332941867,0.0381105743424584,0.0408223201174743,0.0746108427267847,0.1199363128425975,0.0,0.0,0.060327868852459,0.0263157894736842,0.1236728710408244,False,train/val only,test,170207,1863,0.0373890558389824,0.2871712292002147
dgraphfin,transductive,sage,4,graphsafe_high_risk_only,graphsafe_tta_full,0.0458540783084393,0.023359769202803,0.7303226974294309,0.0234741784037558,0.0107353730542136,0.0270111567821491,0.0246913580246913,0.0255506607929515,0.0466988727858293,0.1262169005975077,0.0,0.0,0.0444743935309973,0.0145719489981785,0.1298254186841988,False,train/val only,test,170207,1863,0.0258919894488407,0.2002147074610842
dgraphfin,transductive,sage,5,graphsafe_high_risk_only,graphsafe_tta_full,0.0553462081959491,0.0241054315230427,0.7293806898707957,0.0246478873239436,0.0112721417069243,0.0258367586611861,0.0236178207192699,0.0249632892804698,0.0456253354804079,0.1686064615438848,0.0,0.0,0.0487392113724826,0.0184162062615101,0.1758720930232558,False,train/val only,test,170207,1863,0.0298564350146105,0.3784219001610306
dgraphfin,transductive,sage,6,graphsafe_high_risk_only,graphsafe_tta_full,0.0545202075568223,0.0247038593199773,0.7282415423353286,0.0269953051643192,0.0123456790123456,0.0287727539635936,0.0263016639828234,0.029662261380323,0.0542136339237788,0.1782652887366559,0.0,0.0,0.0487881157154026,0.0204678362573099,0.1872257569109258,False,train/val only,test,170207,1863,0.0292514606124769,0.4004294149221685
dgraphfin,transductive,sage,7,graphsafe_high_risk_only,graphsafe_tta_full,0.0564533201608919,0.0246111338129976,0.7154292341967062,0.0375586854460093,0.0171765968867418,0.0311215502055196,0.0284487385936661,0.0320117474302496,0.0585077831454643,0.1129389508069585,-0.0425620904618693,-0.0438628368611061,0.0483414759578297,0.0204678362573099,0.1163014125467386,False,train/val only,test,170207,1863,0.0324991875203119,0.2147074610842727
dgraphfin,transductive,sage,8,graphsafe_high_risk_only,graphsafe_tta_full,0.0488197800658401,0.0160132235444178,0.5674523543528142,0.022300469483568,0.0101986044015029,0.0211391661773341,0.0193236714975845,0.016446402349486,0.0300590445517981,0.1869723336878036,-0.1873701703365184,-0.1949545719170691,0.045153521974714,0.0165745856353591,0.1950416849495392,False,train/val only,test,170207,1863,0.0261136712749615,0.3741277509393451
dgraphfin,transductive,sage,9,graphsafe_high_risk_only,graphsafe_tta_full,0.0484551250613045,0.0231461776026712,0.7202461385141673,0.028169014084507,0.0128824476650563,0.0281855549031121,0.0257648953301127,0.0273127753303964,0.0499194847020934,0.1461632012784433,0.0,0.0,0.0454642933733647,0.0182149362477231,0.1505930434010039,False,train/val only,test,170207,1863,0.0266637879851028,0.2651637144390767
dgraphfin,transductive,sage,10,graphsafe_high_risk_only,graphsafe_tta_full,0.0492596175310662,0.0213343065384094,0.6783388802786023,0.0246478873239436,0.0112721417069243,0.0311215502055196,0.0284487385936661,0.0358296622613803,0.0654857756307031,0.1110706375178459,-0.0068809721645201,-0.0110873032774564,0.0465408805031446,0.023391812865497,0.1156003323639385,False,train/val only,test,170207,1863,0.0285936420179682,0.1776704240472356
elliptic,inductive_isolated,gcn,1,graphsafe_high_risk_only,best_val_branch,0.5101281521289789,0.467131898960503,0.8774880231715221,0.7261904761904762,0.0563250230840258,0.7305389221556886,0.1126500461680517,0.6676646706586826,0.2059095106186519,0.1829034193161367,0.1042402826855123,0.0194292893292453,0.0,0.0,0.5987394957983193,False,train/val only,test,16670,1083,0.4618263473053892,0.569713758079409
elliptic,inductive_isolated,gcn,2,graphsafe_high_risk_only,best_val_branch,0.5185185185185185,0.4866035313533174,0.8740354455239204,0.8333333333333334,0.064635272391505,0.8143712574850299,0.1255771006463527,0.7005988023952096,0.2160664819944598,0.1833833233353329,0.161660777385159,0.0261610418565201,0.0,0.0,0.5945378151260504,False,train/val only,test,16670,1083,0.4909240924092409,0.5493998153277931
elliptic,inductive_isolated,gcn,3,graphsafe_high_risk_only,best_val_branch,0.4929971988795518,0.5053356997294912,0.8823085222485462,0.8333333333333334,0.064635272391505,0.8562874251497006,0.1320406278855032,0.7425149700598802,0.2289935364727608,0.1880623875224955,0.1395759717314487,0.0173862625034825,0.0,0.0,0.5987394957983193,False,train/val only,test,16670,1083,0.4350282485875706,0.5687903970452447
elliptic,inductive_isolated,gcn,4,graphsafe_high_risk_only,best_val_branch,0.51319381255687,0.4147945177968485,0.8668361084813854,0.6666666666666666,0.051708217913204,0.6167664670658682,0.0951061865189289,0.5568862275449101,0.1717451523545706,0.1887222555488902,0.1704946996466431,0.0182145345896276,0.0,0.0,0.5945378151260504,False,train/val only,test,16670,1083,0.5058295964125561,0.5207756232686981
elliptic,inductive_isolated,gcn,5,graphsafe_high_risk_only,best_val_branch,0.509392747924858,0.4213167919742409,0.8710705543916045,0.6309523809523809,0.0489381348107109,0.6047904191616766,0.0932594644506001,0.5508982035928144,0.1698984302862419,0.1873425314937012,0.0945229681978798,0.0096717273820613,0.0,0.0,0.5945378151260504,False,train/val only,test,16670,1083,0.4834162520729685,0.5383194829178208
elliptic,inductive_isolated,gcn,6,graphsafe_high_risk_only,best_val_branch,0.5151237396883593,0.4212600055731494,0.8722414167025212,0.75,0.0581717451523545,0.6347305389221557,0.0978762696214219,0.5598802395209581,0.1726685133887349,0.1884823035392921,0.1307420494699646,0.011450281718023,0.0,0.0,0.5945378151260504,False,train/val only,test,16670,1083,0.5113739763421292,0.5189289012003694
elliptic,inductive_isolated,gcn,7,graphsafe_high_risk_only,best_val_branch,0.5194238323876036,0.4374685787819405,0.8717252065240578,0.7857142857142857,0.0609418282548476,0.6706586826347305,0.1034164358264081,0.5688622754491018,0.175438596491228,0.1831433713257348,0.1227915194346289,0.0182589754769519,0.0,0.0,0.5966386554621849,False,train/val only,test,16670,1083,0.4925496688741722,0.5493998153277931
elliptic,inductive_isolated,gcn,8,graphsafe_high_risk_only,best_val_branch,0.5206463195691202,0.4252363349738167,0.8732587903087788,0.6428571428571429,0.0498614958448753,0.6347305389221557,0.0978762696214219,0.5419161676646707,0.1671283471837488,0.1847630473905219,0.1245583038869258,0.017647353420835,0.0,0.0,0.592436974789916,False,train/val only,test,16670,1083,0.5065502183406113,0.5355493998153278
elliptic,inductive_isolated,gcn,9,graphsafe_high_risk_only,best_val_branch,0.5140631761142361,0.4655862956078047,0.8801913733424064,0.7619047619047619,0.0590951061865189,0.7425149700598802,0.1144967682363804,0.6497005988023952,0.2003693444136657,0.1847030593881223,0.1130742049469964,0.0120956640984107,0.0,0.0,0.5861344537815126,False,train/val only,test,16670,1083,0.4837133550488599,0.5484764542936288
elliptic,inductive_isolated,gcn,10,graphsafe_high_risk_only,best_val_branch,0.5128205128205128,0.4769079036422319,0.8763385165835037,0.8333333333333334,0.064635272391505,0.8263473053892215,0.1274238227146814,0.7005988023952096,0.2160664819944598,0.1918416316736652,0.1952296819787985,0.0254322448307341,0.0,0.0,0.5945378151260504,False,train/val only,test,16670,1083,0.5278592375366569,0.4986149584487535
elliptic,inductive_isolated,sage,1,graphsafe_high_risk_only,best_val_branch,0.4873949579831932,0.4096704842375303,0.8597253636263522,0.7380952380952381,0.0572483841181902,0.6107784431137725,0.0941828254847645,0.5179640718562875,0.1597414589104339,0.2004799040191961,0.0863453815261043,0.0199706527388852,0.0,0.0,0.592436974789916,False,train/val only,test,16670,1083,0.4929178470254957,0.481994459833795
elliptic,inductive_isolated,sage,2,graphsafe_high_risk_only,best_val_branch,0.5477099236641222,0.5093634052738258,0.8667715970188714,0.9404761904761904,0.0729455216989843,0.7604790419161677,0.1172668513388735,0.6826347305389222,0.2105263157894736,0.1790041991601679,0.037159372419488,0.0064154816525995,0.0,0.0,0.592436974789916,False,train/val only,test,16670,1083,0.5666337611056268,0.5300092336103417
elliptic,inductive_isolated,sage,3,graphsafe_high_risk_only,best_val_branch,0.5552536231884059,0.5195174043407335,0.8720410698097552,0.9404761904761904,0.0729455216989843,0.7604790419161677,0.1172668513388735,0.7215568862275449,0.2225300092336103,0.1716856628674265,0.0220883534136546,0.0031032807269736,0.0,0.0,0.5903361344537815,False,train/val only,test,16670,1083,0.5448888888888889,0.5660203139427517
elliptic,inductive_isolated,sage,4,graphsafe_high_risk_only,best_val_branch,0.5529463890119627,0.5231032139358937,0.8713728815256173,0.9642857142857144,0.074792243767313,0.8083832335329342,0.1246537396121883,0.718562874251497,0.2216066481994459,0.1706658668266346,0.0562248995983935,0.0051039204075576,0.0,0.0,0.5861344537815126,False,train/val only,test,16670,1083,0.5315161839863713,0.5761772853185596
elliptic,inductive_isolated,sage,5,graphsafe_high_risk_only,best_val_branch,0.5073937153419594,0.4394341512121472,0.8573348259236083,0.7976190476190477,0.061865189289012,0.6467065868263473,0.0997229916897507,0.562874251497006,0.1735918744228993,0.1920815836832633,0.0903614457831325,0.011983092990622,0.0,0.0,0.5903361344537815,False,train/val only,test,16670,1083,0.5078630897317299,0.5069252077562327
elliptic,inductive_isolated,sage,6,graphsafe_high_risk_only,best_val_branch,0.5151237396883593,0.4212600055731494,0.8722414167025212,0.75,0.0581717451523545,0.6347305389221557,0.0978762696214219,0.5598802395209581,0.1726685133887349,0.1884823035392921,0.097173144876325,0.0170807111952953,0.0,0.0,0.5945378151260504,False,train/val only,test,16670,1083,0.5113739763421292,0.5189289012003694
elliptic,inductive_isolated,sage,7,graphsafe_high_risk_only,best_val_branch,0.5290266259275426,0.4832341833317303,0.8597428095636437,0.9047619047619048,0.0701754385964912,0.7245508982035929,0.1117266851338873,0.6317365269461078,0.1948291782086796,0.1791841631673665,0.0843373493975903,0.0100289130046953,0.0,0.0,0.6029411764705882,False,train/val only,test,16670,1083,0.5016556291390728,0.5595567867036011
elliptic,inductive_isolated,sage,8,graphsafe_high_risk_only,best_val_branch,0.5206463195691202,0.4252363349738167,0.8732587903087788,0.6428571428571429,0.0498614958448753,0.6347305389221557,0.0978762696214219,0.5419161676646707,0.1671283471837488,0.1847630473905219,0.0163800163800163,0.0032552668690626,0.0,0.0,0.592436974789916,False,train/val only,test,16670,1083,0.5065502183406113,0.5355493998153278
elliptic,inductive_isolated,sage,9,graphsafe_high_risk_only,best_val_branch,0.5588803088803089,0.5230466225969194,0.8807770118349803,0.9047619047619048,0.0701754385964912,0.7544910179640718,0.1163434903047091,0.7065868263473054,0.2179132040627885,0.1757648470305939,0.0261044176706827,0.0029682204212275,0.0,0.0,0.5882352941176471,False,train/val only,test,16670,1083,0.5854398382204247,0.5346260387811634
elliptic,inductive_isolated,sage,10,graphsafe_high_risk_only,best_val_branch,0.5333919156414764,0.4802705003490153,0.8742740313047055,0.9047619047619048,0.0701754385964912,0.7365269461077845,0.113573407202216,0.6467065868263473,0.1994459833795014,0.1779244151169766,0.036144578313253,0.0049645299196305,0.0,0.0,0.592436974789916,False,train/val only,test,16670,1083,0.5088013411567477,0.5604801477377654
elliptic,strict_inductive,gcn,1,graphsafe_high_risk_only,best_val_branch,0.5101281521289789,0.467131898960503,0.8774880231715221,0.7261904761904762,0.0563250230840258,0.7305389221556886,0.1126500461680517,0.6676646706586826,0.2059095106186519,0.1829034193161367,0.0636042402826854,0.0120055283318362,0.0,0.0,0.5987394957983193,False,train/val only,test,16670,1083,0.4618263473053892,0.569713758079409
elliptic,strict_inductive,gcn,2,graphsafe_high_risk_only,best_val_branch,0.5185185185185185,0.4866035313533174,0.8740354455239204,0.8333333333333334,0.064635272391505,0.8143712574850299,0.1255771006463527,0.7005988023952096,0.2160664819944598,0.1833833233353329,0.0760777683854607,0.0148426035882362,0.0,0.0,0.5945378151260504,False,train/val only,test,16670,1083,0.4909240924092409,0.5493998153277931
elliptic,strict_inductive,gcn,3,graphsafe_high_risk_only,best_val_branch,0.4929971988795518,0.5053356997294912,0.8823085222485462,0.8333333333333334,0.064635272391505,0.8562874251497006,0.1320406278855032,0.7425149700598802,0.2289935364727608,0.1880623875224955,0.0417690417690417,0.0117689686504087,0.0,0.0,0.5987394957983193,False,train/val only,test,16670,1083,0.4350282485875706,0.5687903970452447
elliptic,strict_inductive,gcn,4,graphsafe_high_risk_only,best_val_branch,0.51319381255687,0.4147945177968485,0.8668361084813854,0.6666666666666666,0.051708217913204,0.6167664670658682,0.0951061865189289,0.5568862275449101,0.1717451523545706,0.1887222555488902,0.0718512256973795,0.0115846652022522,0.0,0.0,0.5945378151260504,False,train/val only,test,16670,1083,0.5058295964125561,0.5207756232686981
elliptic,strict_inductive,gcn,5,graphsafe_high_risk_only,best_val_branch,0.509392747924858,0.4213167919742409,0.8710705543916045,0.6309523809523809,0.0489381348107109,0.6047904191616766,0.0932594644506001,0.5508982035928144,0.1698984302862419,0.1873425314937012,0.0856890459363957,0.0123406809497482,0.0,0.0,0.5945378151260504,False,train/val only,test,16670,1083,0.4834162520729685,0.5383194829178208
elliptic,strict_inductive,gcn,6,graphsafe_high_risk_only,best_val_branch,0.5151237396883593,0.4212600055731494,0.8722414167025212,0.75,0.0581717451523545,0.6347305389221557,0.0978762696214219,0.5598802395209581,0.1726685133887349,0.1884823035392921,0.0481825866441251,0.0096515270037368,0.0,0.0,0.5945378151260504,False,train/val only,test,16670,1083,0.5113739763421292,0.5189289012003694
elliptic,strict_inductive,gcn,7,graphsafe_high_risk_only,best_val_branch,0.5194238323876036,0.4374685787819405,0.8717252065240578,0.7857142857142857,0.0609418282548476,0.6706586826347305,0.1034164358264081,0.5688622754491018,0.175438596491228,0.1831433713257348,0.0574809805579036,0.0081093030411139,0.0,0.0,0.5966386554621849,False,train/val only,test,16670,1083,0.4925496688741722,0.5493998153277931
elliptic,strict_inductive,gcn,8,graphsafe_high_risk_only,best_val_branch,0.5206463195691202,0.4252363349738167,0.8732587903087788,0.6428571428571429,0.0498614958448753,0.6347305389221557,0.0978762696214219,0.5419161676646707,0.1671283471837488,0.1847630473905219,0.0676246830092983,0.0088316679599579,0.0,0.0,0.592436974789916,False,train/val only,test,16670,1083,0.5065502183406113,0.5355493998153278
elliptic,strict_inductive,gcn,9,graphsafe_high_risk_only,best_val_branch,0.5140631761142361,0.4655862956078047,0.8801913733424064,0.7619047619047619,0.0590951061865189,0.7425149700598802,0.1144967682363804,0.6497005988023952,0.2003693444136657,0.1847030593881223,0.0532544378698224,0.0086088342021202,0.0,0.0,0.5861344537815126,False,train/val only,test,16670,1083,0.4837133550488599,0.5484764542936288
elliptic,strict_inductive,gcn,10,graphsafe_high_risk_only,best_val_branch,0.5128205128205128,0.4769079036422319,0.8763385165835037,0.8333333333333334,0.064635272391505,0.8263473053892215,0.1274238227146814,0.7005988023952096,0.2160664819944598,0.1918416316736652,0.1254416961130742,0.0176946756619483,0.0,0.0,0.5945378151260504,False,train/val only,test,16670,1083,0.5278592375366569,0.4986149584487535
elliptic,strict_inductive,sage,1,graphsafe_high_risk_only,best_val_branch,0.5656565656565657,0.56803585336822,0.8810975846351586,0.988095238095238,0.0766389658356417,0.9461077844311376,0.1458910433979686,0.8353293413173652,0.2576177285318559,0.1729454109178164,0.0106157112526539,0.0033924471783759,0.0,0.0,0.5882352941176471,False,train/val only,test,16670,1083,0.5903614457831325,0.5429362880886427
elliptic,strict_inductive,sage,2,graphsafe_high_risk_only,best_val_branch,0.6198714780029659,0.6405174121102664,0.8873239478337448,1.0,0.077562326869806,1.0,0.1542012927054478,0.940119760479042,0.2899353647276085,0.1555488902219556,0.0100401606425702,0.0008094000652469,0.0,0.0,0.5966386554621849,False,train/val only,test,16670,1083,0.6670212765957447,0.5789473684210527
elliptic,strict_inductive,sage,3,graphsafe_high_risk_only,best_val_branch,0.6131889763779528,0.6446810258958481,0.8874801319209055,0.988095238095238,0.0766389658356417,0.994011976047904,0.1532779316712834,0.9550898203592816,0.2945521698984303,0.1575284943011397,0.0,0.0,0.0,0.0,0.5840336134453782,False,train/val only,test,16670,1083,0.6564805057955743,0.5752539242843951
elliptic,strict_inductive,sage,4,graphsafe_high_risk_only,best_val_branch,0.620821394460363,0.646021729826782,0.8941999870740118,1.0,0.077562326869806,0.9880239520958084,0.1523545706371191,0.9730538922155688,0.3000923361034164,0.1515296940611877,0.0220883534136546,0.0020343546470526,0.0,0.0,0.5819327731092437,False,train/val only,test,16670,1083,0.6429277942631059,0.6001846722068329
elliptic,strict_inductive,sage,5,graphsafe_high_risk_only,best_val_branch,0.5742663656884875,0.5963565204280525,0.8791092809365192,1.0,0.077562326869806,0.9820359281437124,0.1514312096029547,0.8832335329341318,0.2723915050784857,0.1638272345530894,0.0070224719101123,0.0008611218156121,0.0,0.0,0.5903361344537815,False,train/val only,test,16670,1083,0.5618374558303887,0.5872576177285319
elliptic,strict_inductive,sage,6,graphsafe_high_risk_only,best_val_branch,0.5869175627240144,0.6163644243786824,0.8906525971254426,0.988095238095238,0.0766389658356417,0.9820359281437124,0.1514312096029547,0.9041916167664672,0.2788550323176362,0.1580083983203359,0.0220883534136546,0.0024363113463701,0.0,0.0,0.5903361344537815,False,train/val only,test,16670,1083,0.5700609225413403,0.6048014773776547
elliptic,strict_inductive,sage,7,graphsafe_high_risk_only,best_val_branch,0.5855588526211671,0.5988955599647827,0.8804367716284156,0.988095238095238,0.0766389658356417,0.9880239520958084,0.1523545706371191,0.8832335329341318,0.2723915050784857,0.1680863827234553,0.0361445783132529,0.0036215248780595,0.0,0.0,0.5945378151260504,False,train/val only,test,16670,1083,0.630457933972311,0.5466297322253001
elliptic,strict_inductive,sage,8,graphsafe_high_risk_only,best_val_branch,0.5792245093346099,0.5592367001310002,0.885956233741438,0.9523809523809524,0.0738688827331486,0.8562874251497006,0.1320406278855032,0.8023952095808383,0.247460757156048,0.1674265146970605,0.0321285140562249,0.0035575830392852,0.0,0.0,0.5987394957983193,False,train/val only,test,16670,1083,0.6013916500994035,0.5586334256694367
elliptic,strict_inductive,sage,9,graphsafe_high_risk_only,best_val_branch,0.5965858041329739,0.622940149376294,0.8951871190809919,1.0,0.077562326869806,0.9880239520958084,0.1523545706371191,0.9041916167664672,0.2788550323176362,0.1544091181763647,0.0087994971715901,0.0008203221259831,0.0,0.0,0.5882352941176471,False,train/val only,test,16670,1083,0.5809273840769904,0.6131117266851339
elliptic,strict_inductive,sage,10,graphsafe_high_risk_only,best_val_branch,0.5977011494252874,0.6209115473432685,0.8928605596881792,1.0,0.077562326869806,0.9880239520958084,0.1523545706371191,0.9101796407185628,0.2807017543859649,0.1605278944211157,0.0070257611241217,0.0008117647209278,0.0,0.0,0.5945378151260504,False,train/val only,test,16670,1083,0.6208955223880597,0.5761772853185596
elliptic,transductive,gcn,1,graphsafe_high_risk_only,best_val_branch,0.504881450488145,0.482251264241691,0.8746814783562858,0.7380952380952381,0.0572483841181902,0.8263473053892215,0.1274238227146814,0.7574850299401198,0.2336103416435826,0.1934613077384523,0.2473544973544973,0.0423439026596296,0.0,0.0,0.5903361344537815,False,train/val only,test,16670,1083,0.5084269662921348,0.5013850415512465
elliptic,transductive,gcn,2,graphsafe_high_risk_only,best_val_branch,0.5306930693069307,0.499095180879988,0.8766894198417235,0.6666666666666666,0.051708217913204,0.7904191616766467,0.1218836565096952,0.7844311377245509,0.2419205909510618,0.188122375524895,0.1653439153439153,0.0335310579905573,0.0,0.0,0.5882352941176471,False,train/val only,test,16670,1083,0.5720384204909285,0.494921514312096
elliptic,transductive,gcn,3,graphsafe_high_risk_only,best_val_branch,0.560897435897436,0.3856411705101192,0.8699049051281637,0.4880952380952381,0.0378578024007386,0.3952095808383233,0.0609418282548476,0.3622754491017964,0.1117266851338873,0.1576484703059388,0.0401459854014598,0.0069863045312316,0.0,0.0,0.5987394957983193,False,train/val only,test,16670,1083,0.4953998584571833,0.6463527239150508
elliptic,transductive,gcn,4,graphsafe_high_risk_only,best_val_branch,0.482486433152442,0.4532014874373191,0.871022215224101,0.7023809523809523,0.0544783010156971,0.7664670658682635,0.1181902123730378,0.6766467065868264,0.2086795937211449,0.2054589082183563,0.3029100529100529,0.05746929663628,0.0,0.0,0.592436974789916,False,train/val only,test,16670,1083,0.5180084745762712,0.4515235457063712
elliptic,transductive,gcn,5,graphsafe_high_risk_only,best_val_branch,0.4990892531876139,0.464669787104384,0.873339977599298,0.7738095238095238,0.0600184672206832,0.7844311377245509,0.1209602954755309,0.7155688622754491,0.2206832871652816,0.1943611277744451,0.2526455026455027,0.0466385015663042,0.0,0.0,0.592436974789916,False,train/val only,test,16670,1083,0.4923629829290206,0.5060018467220684
elliptic,transductive,gcn,6,graphsafe_high_risk_only,best_val_branch,0.4774455144450076,0.4718034512507146,0.8755256069927345,0.7857142857142857,0.0609418282548476,0.8203592814371258,0.1265004616805171,0.7455089820359282,0.2299168975069252,0.2086982603479304,0.2791005291005291,0.0522713983719349,0.0,0.0,0.592436974789916,False,train/val only,test,16670,1083,0.5292134831460674,0.4349030470914127
elliptic,transductive,gcn,7,graphsafe_high_risk_only,best_val_branch,0.4839572192513369,0.4512580281102715,0.8679062049541604,0.7380952380952381,0.0572483841181902,0.7844311377245509,0.1209602954755309,0.7035928143712575,0.2169898430286242,0.1990401919616077,0.2142857142857142,0.0500811202332582,0.0,0.0,0.5945378151260504,False,train/val only,test,16670,1083,0.4677002583979328,0.5013850415512465
elliptic,transductive,gcn,8,graphsafe_high_risk_only,best_val_branch,0.4903225806451613,0.4346027737112781,0.8671162801636257,0.75,0.0581717451523545,0.7245508982035929,0.1117266851338873,0.6586826347305389,0.2031394275161588,0.1941811637672465,0.1944444444444444,0.0350402651097819,0.0,0.0,0.5945378151260504,False,train/val only,test,16670,1083,0.4589371980676328,0.5263157894736842
elliptic,transductive,gcn,9,graphsafe_high_risk_only,best_val_branch,0.4593406593406593,0.4724347516943559,0.8750596908745781,0.8095238095238095,0.0627885503231763,0.8083832335329342,0.1246537396121883,0.7155688622754491,0.2206832871652816,0.2185962807438512,0.2989417989417989,0.0633100161241391,0.0,0.0,0.5882352941176471,False,train/val only,test,16670,1083,0.5671641791044776,0.3859649122807017
elliptic,transductive,gcn,10,graphsafe_high_risk_only,best_val_branch,0.5240793201133145,0.5102768545410091,0.875831932771118,0.7619047619047619,0.0590951061865189,0.8383233532934131,0.1292705447830101,0.8023952095808383,0.247460757156048,0.1871625674865027,0.2116402116402116,0.037457690377885,0.0,0.0,0.5903361344537815,False,train/val only,test,16670,1083,0.5362318840579711,0.5124653739612188
elliptic,transductive,sage,1,graphsafe_high_risk_only,best_val_branch,0.4951923076923076,0.447093399390547,0.8537938041864445,0.9523809523809524,0.0738688827331486,0.7005988023952096,0.1080332409972299,0.5508982035928144,0.1698984302862419,0.1750449910017996,0.1197478991596638,0.02184183744135,0.0,0.0,0.7163865546218487,False,train/val only,test,16670,1083,0.3942044833242208,0.6657433056325023
elliptic,transductive,sage,2,graphsafe_high_risk_only,best_val_branch,0.5818847209515097,0.5440721956998189,0.871110303878608,0.8928571428571429,0.0692520775623268,0.844311377245509,0.1301939058171745,0.7544910179640718,0.2326869806094182,0.1620875824835033,0.0608622147083685,0.0111923891522765,0.0,0.0,0.5966386554621849,False,train/val only,test,16670,1083,0.5766092475067996,0.5872576177285319
elliptic,transductive,sage,3,graphsafe_high_risk_only,best_val_branch,0.5494071146245059,0.555314980492425,0.8681089510335489,0.988095238095238,0.0766389658356417,0.9520958083832336,0.1468144044321329,0.7604790419161677,0.234533702677747,0.1614877024595081,0.0247349823321554,0.0089466331392547,0.0,0.0,0.615546218487395,False,train/val only,test,16670,1083,0.4803040774015203,0.641735918744229
elliptic,transductive,sage,4,graphsafe_high_risk_only,best_val_branch,0.5527442584663292,0.5369115042180055,0.8736427194075419,1.0,0.077562326869806,0.9221556886227544,0.1421975992613111,0.7544910179640718,0.2326869806094182,0.1584283143371326,0.0401606425702811,0.0069448311892077,0.0,0.0,0.6113445378151261,False,train/val only,test,16670,1083,0.477792732166891,0.6555863342566943
elliptic,transductive,sage,5,graphsafe_high_risk_only,best_val_branch,0.5383647798742138,0.4336331027760166,0.8633385386797163,0.8333333333333334,0.064635272391505,0.6407185628742516,0.0987996306555863,0.5089820359281437,0.1569713758079409,0.1718656268746251,0.0859788359788359,0.0238646036286081,0.0,0.0,0.6071428571428571,False,train/val only,test,16670,1083,0.4930875576036866,0.592797783933518
elliptic,transductive,sage,6,graphsafe_high_risk_only,best_val_branch,0.566213921901528,0.5631574012144592,0.8699020024085464,0.9761904761904762,0.0757156048014773,0.9461077844311376,0.1458910433979686,0.8173652694610778,0.2520775623268698,0.1611277744451109,0.0305532617671346,0.0066872774598369,0.0,0.0,0.6029411764705882,False,train/val only,test,16670,1083,0.5239591516103692,0.615881809787627
elliptic,transductive,sage,7,graphsafe_high_risk_only,best_val_branch,0.5440826052422557,0.5003291546629858,0.8710303902303699,0.9523809523809524,0.0738688827331486,0.8023952095808383,0.123730378578024,0.6676646706586826,0.2059095106186519,0.164367126574685,0.0502008032128513,0.014936116786431,0.0,0.0,0.6071428571428571,False,train/val only,test,16670,1083,0.4773519163763066,0.6325023084025854
elliptic,transductive,sage,8,graphsafe_high_risk_only,best_val_branch,0.5157847932414407,0.4526179073985875,0.8716851312215871,0.75,0.0581717451523545,0.6766467065868264,0.1043397968605724,0.6137724550898204,0.1892890120036934,0.1860227954409118,0.0945229681978798,0.0247127465162725,0.0,0.0,0.6113445378151261,False,train/val only,test,16670,1083,0.4974271012006861,0.5355493998153278
elliptic,transductive,sage,9,graphsafe_high_risk_only,best_val_branch,0.5473684210526316,0.5038806709480083,0.8653814312789128,0.9523809523809524,0.0738688827331486,0.8323353293413174,0.1283471837488458,0.6856287425149701,0.211449676823638,0.1647270545890821,0.0562248995983935,0.0113331204232766,0.0,0.0,0.6260504201680672,False,train/val only,test,16670,1083,0.487382840663302,0.6241920590951062
elliptic,transductive,sage,10,graphsafe_high_risk_only,best_val_branch,0.5439928539526574,0.5151870678433143,0.8720586934645742,0.9166666666666666,0.0710987996306555,0.8083832335329342,0.1246537396121883,0.7275449101796407,0.224376731301939,0.1749850029994001,0.0997464074387151,0.0246217318066065,0.0,0.0,0.5966386554621849,False,train/val only,test,16670,1083,0.5268166089965398,0.5623268698060941
dgraphfin,inductive_isolated,gcn,1,graphsafe_dgraphfin_risk_focused,graphsafe_tta_full,0.0286860385480872,0.0135745812837729,0.6036546983429298,0.0058685446009389,0.0026838432635534,0.0099823840281855,0.0091250670960815,0.0117474302496328,0.0214707461084272,0.592607824590058,0.0,0.0,0.0243913177475454,0.0054644808743169,0.6148255813953488,False,train/val only,test,170207,1863,0.0146093057091891,0.7869028448738594
dgraphfin,inductive_isolated,gcn,2,graphsafe_dgraphfin_risk_focused,graphsafe_tta_full,0.0461291237357028,0.0233204386765956,0.7093610180891521,0.0305164319248826,0.0139559849704777,0.0369935408103347,0.0338164251207729,0.0325991189427312,0.0595813204508856,0.0973344222035521,2.596593269629799e-05,-2.9665793188700385e-05,0.0415368639667705,0.0209790209790209,0.1012838168006752,False,train/val only,test,170207,1863,0.0279944928866452,0.1309715512614063
dgraphfin,inductive_isolated,gcn,3,graphsafe_dgraphfin_risk_focused,graphsafe_tta_full,0.0250766011801675,0.0103761889713805,0.508251512335412,0.0152582159624413,0.0069779924852388,0.0135055783910745,0.0123456790123456,0.0091042584434654,0.0166398282340311,0.7371083445451715,0.0030671791909817,0.0026761542308799,0.0226996659580929,0.009208103130755,0.756099504072975,False,train/val only,test,170207,1863,0.0127240627932498,0.8588298443370908
dgraphfin,inductive_isolated,gcn,4,graphsafe_dgraphfin_risk_focused,graphsafe_tta_full,0.0388590897580515,0.0179527287695615,0.6541301290670595,0.0105633802816901,0.0048309178743961,0.0317087492660011,0.0289855072463768,0.0237885462555066,0.0434782608695652,0.2692427455980071,0.0577555945590171,0.0534223581436869,0.0349336261103902,0.0233100233100233,0.2834850811759544,False,train/val only,test,170207,1863,0.0203001731768327,0.4530327428878153
dgraphfin,inductive_isolated,gcn,5,graphsafe_dgraphfin_risk_focused,graphsafe_tta_full,0.0215864478407549,0.0082168269456016,0.3765554936599544,0.0011737089201877,0.0005367686527106,0.0005871990604815,0.0005367686527106,0.0035242290748898,0.0064412238325281,0.9591262404013936,0.0,0.0,0.0187587756248244,0.0,0.9611289987536352,False,train/val only,test,170207,1863,0.0109152941604997,0.9651100375738056
dgraphfin,inductive_isolated,gcn,6,graphsafe_dgraphfin_risk_focused,graphsafe_tta_full,0.0401742145052511,0.0177426451267855,0.6682664600657054,0.0199530516431924,0.0091250670960815,0.017615971814445,0.0161030595813204,0.0161527165932452,0.0295222758990874,0.3985088744881233,0.0122860903905221,0.0103389804105097,0.0364420062695924,0.0163170163170163,0.4115291794646775,False,train/val only,test,170207,1863,0.0206474216925196,0.74020397208803
dgraphfin,inductive_isolated,gcn,7,graphsafe_dgraphfin_risk_focused,graphsafe_tta_full,0.0462530575939515,0.0223212357057519,0.7096084570103866,0.022300469483568,0.0101986044015029,0.0340575455079271,0.0311325818572195,0.0293685756240822,0.0536768652710681,0.1575552121828126,0.0012340939008336,0.0009763495937281,0.0402620226873302,0.0233100233100233,0.1625727046115496,False,train/val only,test,170207,1863,0.0252157889632431,0.2791196994095545
dgraphfin,inductive_isolated,gcn,8,graphsafe_dgraphfin_risk_focused,graphsafe_tta_full,0.0410235098551412,0.0181567303941186,0.6914555871066246,0.022300469483568,0.0101986044015029,0.0217263652378156,0.0198604401502952,0.016446402349486,0.0300590445517981,0.3909122421522029,0.0,0.0,0.0375718678967776,0.0165745856353591,0.4014918824045634,False,train/val only,test,170207,1863,0.0210950498374368,0.7418142780461621
dgraphfin,inductive_isolated,gcn,9,graphsafe_dgraphfin_risk_focused,graphsafe_tta_full,0.0270515267175572,0.0126650824374719,0.5699705108209657,0.0011737089201877,0.0005367686527106,0.0017615971814445,0.001610305958132,0.0049926578560939,0.0091250670960815,0.2700828990582056,0.0,0.0,0.0268249780123131,0.0,0.2931346969666792,False,train/val only,test,170207,1863,0.0141548293681503,0.3043478260869565
dgraphfin,inductive_isolated,gcn,10,graphsafe_dgraphfin_risk_focused,graphsafe_tta_full,0.0226310552704996,0.0101485902235179,0.4760659926231871,0.0105633802816901,0.0048309178743961,0.01174398120963,0.0107353730542136,0.0108663729809104,0.0198604401502952,0.8858801341895457,0.0,0.0,0.0195471674990042,0.0058479532163742,0.8899044453676777,False,train/val only,test,170207,1863,0.0114543012876214,0.9339774557165862
dgraphfin,inductive_isolated,sage,1,graphsafe_dgraphfin_risk_focused,graphsafe_tta_full,0.041684296303261,0.0206581228610096,0.7100041478853119,0.0199530516431924,0.0091250670960815,0.0211391661773341,0.0193236714975845,0.0176211453744493,0.0322061191626409,0.3718119701304881,0.0,0.0,0.0368202017352049,0.0182149362477231,0.3833644142167617,False,train/val only,test,170207,1863,0.0214689265536723,0.7139023081052066
dgraphfin,inductive_isolated,sage,2,graphsafe_dgraphfin_risk_focused,graphsafe_tta_full,0.0467433644351843,0.0229202821652106,0.7017250420751069,0.028169014084507,0.0128824476650563,0.0381679389312977,0.0348899624261943,0.0302496328928047,0.0552871712292002,0.099543497035962,0.0028562525965932,0.0022193487661425,0.0433624952453404,0.0209790209790209,0.1039416285832987,False,train/val only,test,170207,1863,0.0281168265039232,0.1384863123993558
dgraphfin,inductive_isolated,sage,3,graphsafe_dgraphfin_risk_focused,graphsafe_tta_full,0.0251928853289357,0.0181167086995099,0.6730038171207289,0.0082159624413145,0.0037573805689747,0.0099823840281855,0.0091250670960815,0.0126284875183553,0.0230810520665593,0.781507223557198,0.0933797718297498,0.0504267363014288,0.0218689206413094,0.0069930069930069,0.8015028521281263,False,train/val only,test,170207,1863,0.0127716113429226,0.9184111647879764
dgraphfin,inductive_isolated,sage,4,graphsafe_dgraphfin_risk_focused,graphsafe_tta_full,0.0337370242214532,0.01791801998392,0.6525040032539255,0.022300469483568,0.0101986044015029,0.0229007633587786,0.0209339774557165,0.02143906020558,0.0391841116478797,0.0804079738201131,-0.1249377601625206,-0.1369458895515678,0.0286624203821656,0.0165745856353591,0.0842334856668051,False,train/val only,test,170207,1863,0.0230632761679479,0.0628019323671497
dgraphfin,inductive_isolated,sage,5,graphsafe_dgraphfin_risk_focused,graphsafe_tta_full,0.0408613367111243,0.0181759700067814,0.6883377938851738,0.0164319248826291,0.0075147611379495,0.0193775689958896,0.0177133655394524,0.019676945668135,0.0359634997316156,0.3897078263526177,0.0,0.0,0.0365345869711215,0.0116550116550116,0.4011079420798596,False,train/val only,test,170207,1863,0.0210140706906593,0.7359098228663447
dgraphfin,inductive_isolated,sage,6,graphsafe_dgraphfin_risk_focused,graphsafe_tta_full,0.0430597771023302,0.0189247226626229,0.7029296898365892,0.0176056338028169,0.0080515297906602,0.0146799765120375,0.013419216317767,0.0170337738619676,0.0311325818572195,0.3467659966981381,0.0,0.0,0.0377955127239873,0.0093240093240093,0.3604651162790697,False,train/val only,test,170207,1863,0.0222291960876614,0.6843800322061192
dgraphfin,inductive_isolated,sage,7,graphsafe_dgraphfin_risk_focused,graphsafe_tta_full,0.0463614760346141,0.0222310170681056,0.7060629936263474,0.0234741784037558,0.0107353730542136,0.0305343511450381,0.0279119699409554,0.0299559471365638,0.0547504025764895,0.1565916795431445,0.0,0.0,0.0405535886707434,0.012891344383057,0.161663896967179,False,train/val only,test,170207,1863,0.0252935420743639,0.2775093934514224
dgraphfin,inductive_isolated,sage,8,graphsafe_dgraphfin_risk_focused,graphsafe_tta_full,0.0427893577359769,0.0168003459436168,0.6146857733910849,0.022300469483568,0.0101986044015029,0.0217263652378156,0.0198604401502952,0.0170337738619676,0.0311325818572195,0.2855346724870305,-0.1007997507270461,-0.1049920084663305,0.0365554927454305,0.0165745856353591,0.2966761737604212,False,train/val only,test,170207,1863,0.0222736795677582,0.5421363392377885
dgraphfin,inductive_isolated,sage,9,graphsafe_dgraphfin_risk_focused,graphsafe_tta_full,0.0431501286043048,0.0185316209560952,0.6914215336849943,0.0152582159624413,0.0069779924852388,0.0146799765120375,0.013419216317767,0.0161527165932452,0.0295222758990874,0.3460374720193646,0.0,0.0,0.0385749943272067,0.0046620046620046,0.3581340500219394,False,train/val only,test,170207,1863,0.0222773574685932,0.6843800322061192
dgraphfin,inductive_isolated,sage,10,graphsafe_dgraphfin_risk_focused,graphsafe_tta_full,0.0428306334319674,0.0194218491952988,0.7026363058985959,0.022300469483568,0.0101986044015029,0.0211391661773341,0.0193236714975845,0.0190895741556534,0.0348899624261943,0.3500619833496859,0.0,0.0,0.0386545808674807,0.0023310023310023,0.3611507240017551,False,train/val only,test,170207,1863,0.0221037374469406,0.6876006441223832
dgraphfin,strict_inductive,gcn,1,graphsafe_dgraphfin_risk_focused,graphsafe_tta_full,0.0261981559651106,0.0124055140776757,0.5688201667883024,0.0082159624413145,0.0037573805689747,0.0076335877862595,0.0069779924852388,0.0085168869309838,0.0155662909286097,0.5657405394607742,0.0,0.0,0.0220359281437125,0.0018214936247723,0.5776056085562349,False,train/val only,test,170207,1863,0.0133571640086298,0.677938808373591
dgraphfin,strict_inductive,gcn,2,graphsafe_dgraphfin_risk_focused,graphsafe_tta_full,0.0525495088102292,0.017968435285027,0.6152330721397632,0.0375586854460093,0.0171765968867418,0.0322959483264826,0.0295222758990874,0.0314243759177679,0.0574342458400429,0.1072576333523298,0.0107503290917068,0.0099942609275795,0.0459540459540459,0.0186480186480186,0.111783340257582,False,train/val only,test,170207,1863,0.0307397610143208,0.1808910359634997
dgraphfin,strict_inductive,gcn,3,graphsafe_dgraphfin_risk_focused,graphsafe_tta_full,0.0255420302803082,0.0111828373798766,0.5386288017361072,0.0164319248826291,0.0075147611379495,0.0146799765120375,0.013419216317767,0.0093979441997063,0.0171765968867418,0.7238715211477789,-0.0078982009653356,-0.0105025720138068,0.0231797004351006,0.0093240093240093,0.7445079567408234,False,train/val only,test,170207,1863,0.0129636677220058,0.8593666129898014
dgraphfin,strict_inductive,gcn,4,graphsafe_dgraphfin_risk_focused,graphsafe_tta_full,0.0367081113084665,0.0174888957659542,0.6504283292302149,0.0152582159624413,0.0069779924852388,0.017615971814445,0.0161030595813204,0.0220264317180616,0.0402576489533011,0.1938991933351742,0.0820809565598947,0.0682141898069422,0.0322483423749246,0.0146198830409356,0.2047154133776485,False,train/val only,test,170207,1863,0.0196275605214152,0.2828770799785292
dgraphfin,strict_inductive,gcn,5,graphsafe_dgraphfin_risk_focused,graphsafe_tta_full,0.0221536664635384,0.0103075248707999,0.4867603947559363,0.0058685446009389,0.0026838432635534,0.004697592483852,0.0042941492216854,0.0067547723935389,0.0123456790123456,0.907824002538086,0.0,0.0,0.0191520080143787,0.0023310023310023,0.91479267222466,False,train/val only,test,170207,1863,0.0112093940503491,0.9366612989801396
dgraphfin,strict_inductive,gcn,6,graphsafe_dgraphfin_risk_focused,graphsafe_tta_full,0.0440078390513755,0.0180069612588202,0.6651610813570934,0.0152582159624413,0.0069779924852388,0.0229007633587786,0.0209339774557165,0.0155653450807635,0.0284487385936661,0.2493493217082728,-0.1333350643955131,-0.1388077626539692,0.0401712216002634,0.0147329650092081,0.2572674418604651,False,train/val only,test,170207,1863,0.0230701206824802,0.4761137949543746
dgraphfin,strict_inductive,gcn,7,graphsafe_dgraphfin_risk_focused,graphsafe_tta_full,0.0441799052688938,0.0214931107643518,0.704747661084737,0.0187793427230046,0.0085882984433709,0.0246623605402231,0.0225442834138486,0.0293685756240822,0.0536768652710681,0.1653692268825606,0.0094888108819657,0.0088378961287477,0.0396158463385354,0.0147329650092081,0.1707519734108849,False,train/val only,test,170207,1863,0.0239610802946258,0.2828770799785292
dgraphfin,strict_inductive,gcn,8,graphsafe_dgraphfin_risk_focused,graphsafe_tta_full,0.0389239143203978,0.0182671448933582,0.6762776582336876,0.022300469483568,0.0101986044015029,0.0217263652378156,0.0198604401502952,0.0161527165932452,0.0295222758990874,0.176297097064163,-0.2050775176580338,-0.2147349089824052,0.0355196061192192,0.0165745856353591,0.1796582883257166,False,train/val only,test,170207,1863,0.0209934949733885,0.2667740203972088
dgraphfin,strict_inductive,gcn,9,graphsafe_dgraphfin_risk_focused,graphsafe_tta_full,0.0309356774575268,0.0146457734493615,0.6023535132762047,0.0035211267605633,0.001610305958132,0.0064591896652965,0.0059044551798174,0.0123348017621145,0.0225442834138486,0.1698990053288055,0.0,0.0,0.0293879751954704,0.0018214936247723,0.1779760600689119,False,train/val only,test,170207,1863,0.0167897609982109,0.1964573268921095
dgraphfin,strict_inductive,gcn,10,graphsafe_dgraphfin_risk_focused,graphsafe_tta_full,0.032282991328239,0.0144974566077533,0.5735070830096664,0.0234741784037558,0.0107353730542136,0.0281855549031121,0.0257648953301127,0.0223201174743024,0.0407944176060118,0.1055832016309552,0.0,0.0,0.0268741159830268,0.0116959064327485,0.1120689655172413,False,train/val only,test,170207,1863,0.0192150449713818,0.1009125067096081
dgraphfin,strict_inductive,sage,1,graphsafe_dgraphfin_risk_focused,graphsafe_tta_full,0.0638808440215142,0.027914514496628,0.7329447263991231,0.0434272300469483,0.0198604401502952,0.0428655314151497,0.0391841116478797,0.0405286343612334,0.074074074074074,0.10117680236418,0.0,0.0,0.0579920260964117,0.0255009107468123,0.106858868997379,False,train/val only,test,170207,1863,0.0377616904715319,0.2071926999463231
dgraphfin,strict_inductive,sage,2,graphsafe_dgraphfin_risk_focused,graphsafe_tta_full,0.060895368339569,0.025521005115949,0.7133239228552001,0.0305164319248826,0.0139559849704777,0.0334703464474456,0.0305958132045088,0.0361233480176211,0.0660225442834138,0.1182207547280664,0.0271500658183413,0.0212052652330853,0.056768558951965,0.0256410256410256,0.1214073119808093,False,train/val only,test,170207,1863,0.0346066427157416,0.2533548040794418
dgraphfin,strict_inductive,sage,3,graphsafe_dgraphfin_risk_focused,graphsafe_tta_full,0.0648718780408692,0.0279465111095142,0.7331816766751841,0.0363849765258215,0.0166398282340311,0.0428655314151497,0.0391841116478797,0.0399412628487518,0.0730005367686527,0.1167225789773628,0.0,0.0,0.0567129629629629,0.023391812865497,0.1210963528941406,False,train/val only,test,170207,1863,0.0368949232585596,0.2683843263553409
dgraphfin,strict_inductive,sage,4,graphsafe_dgraphfin_risk_focused,graphsafe_tta_full,0.0476278043398308,0.0228606717799804,0.7291494885010268,0.022300469483568,0.0101986044015029,0.0240751614797416,0.0220075147611379,0.0261380323054331,0.0477724100912506,0.1533191936876861,0.0156318560772268,0.0145346262117286,0.043601130399677,0.0145719489981785,0.156456843321043,False,train/val only,test,170207,1863,0.0260445472371662,0.2780461621041331
dgraphfin,strict_inductive,sage,5,graphsafe_dgraphfin_risk_focused,graphsafe_tta_full,0.0520470102027637,0.0237047320531338,0.7291617483705183,0.0246478873239436,0.0112721417069243,0.0252495596007046,0.0230810520665593,0.0255506607929515,0.0466988727858293,0.1973361847632588,0.0,0.0,0.0446304044630404,0.0127504553734061,0.2078214129003949,False,train/val only,test,170207,1863,0.027689030883919,0.4326355340848094
dgraphfin,strict_inductive,sage,6,graphsafe_dgraphfin_risk_focused,graphsafe_tta_full,0.0532564323433579,0.0240303179020403,0.726154826457769,0.0269953051643192,0.0123456790123456,0.0328831473869641,0.0300590445517981,0.0290748898678414,0.0531400966183574,0.175592073181479,0.0,0.0,0.0478048780487804,0.0175438596491228,0.1819877139096094,False,train/val only,test,170207,1863,0.0286254931959094,0.3816425120772946
dgraphfin,strict_inductive,sage,7,graphsafe_dgraphfin_risk_focused,graphsafe_tta_full,0.0578709033694067,0.0243058913240437,0.7145232266527637,0.0293427230046948,0.013419216317767,0.0311215502055196,0.0284487385936661,0.0358296622613803,0.0654857756307031,0.1070402509885022,-0.0474616104682427,-0.0496912505334175,0.0483736447039199,0.0239410681399631,0.1100955546323223,False,train/val only,test,170207,1863,0.0337632097438653,0.202361782071927
dgraphfin,strict_inductive,sage,8,graphsafe_dgraphfin_risk_focused,graphsafe_tta_full,0.0490116340747551,0.0160103456683777,0.5660429795249147,0.022300469483568,0.0101986044015029,0.0211391661773341,0.0193236714975845,0.016446402349486,0.0300590445517981,0.1854976587331895,-0.1967179061071873,-0.2049058067179659,0.0453369846341092,0.0165745856353591,0.1932591048705572,False,train/val only,test,170207,1863,0.0262341005451241,0.3719806763285024
dgraphfin,strict_inductive,sage,9,graphsafe_dgraphfin_risk_focused,graphsafe_tta_full,0.0476394237626586,0.022999765001212,0.7204263697555212,0.0293427230046948,0.013419216317767,0.0287727539635936,0.0263016639828234,0.0276064610866372,0.050456253354804,0.1496941958908858,0.0,0.0,0.0424369747899159,0.0127504553734061,0.152947447914353,False,train/val only,test,170207,1863,0.0261345852895148,0.2689210950080515
dgraphfin,strict_inductive,sage,10,graphsafe_dgraphfin_risk_focused,graphsafe_tta_full,0.0464019473604138,0.021032236526903,0.6775715734688287,0.0246478873239436,0.0112721417069243,0.0322959483264826,0.0295222758990874,0.0317180616740088,0.0579710144927536,0.1102657352517816,-0.0127492729538845,-0.0175802529693622,0.0423590746171391,0.0175438596491228,0.1140423764021603,False,train/val only,test,170207,1863,0.0270318177789594,0.1637144390767579
dgraphfin,transductive,gcn,1,graphsafe_dgraphfin_risk_focused,graphsafe_tta_full,0.0262057660984946,0.0124146286913797,0.5690477603447216,0.0082159624413145,0.0037573805689747,0.0076335877862595,0.0069779924852388,0.0085168869309838,0.0155662909286097,0.5655760338881479,0.0,0.0,0.0220317064993534,0.0018214936247723,0.5774263578242944,False,train/val only,test,170207,1863,0.0133611205145565,0.677938808373591
dgraphfin,transductive,gcn,2,graphsafe_dgraphfin_risk_focused,graphsafe_tta_full,0.0523956723338485,0.0179908304951097,0.6157505709559923,0.0375586854460093,0.0171765968867418,0.0322959483264826,0.0295222758990874,0.0314243759177679,0.0574342458400429,0.1078569036526112,-0.0289260490236809,-0.0303846146827917,0.0462504129501156,0.0186480186480186,0.1122507270461155,False,train/val only,test,170207,1863,0.0306039541392073,0.1819645732689211
dgraphfin,transductive,gcn,3,graphsafe_dgraphfin_risk_focused,graphsafe_tta_full,0.0255792045218668,0.0111620570080789,0.5380018935487999,0.0152582159624413,0.0069779924852388,0.0146799765120375,0.013419216317767,0.0091042584434654,0.0166398282340311,0.7232252492553185,-0.0088032031592804,-0.0114278024658366,0.0232002466471404,0.0093240093240093,0.7438507040570416,False,train/val only,test,170207,1863,0.012982697840269,0.8599033816425121
dgraphfin,transductive,gcn,4,graphsafe_dgraphfin_risk_focused,graphsafe_tta_full,0.0366563294888323,0.0175561875976628,0.6516130136515448,0.0140845070422535,0.0064412238325281,0.016441573693482,0.015029522275899,0.0217327459618208,0.0397208803005904,0.1938521917429952,0.0822729267222466,0.0688872269843945,0.0323311678501284,0.0139860139860139,0.2050789364353967,False,train/val only,test,170207,1863,0.0196005365926367,0.2823403113258185
dgraphfin,transductive,gcn,5,graphsafe_dgraphfin_risk_focused,graphsafe_tta_full,0.0221601016518424,0.0102977020167087,0.4864972954058312,0.0046948356807511,0.0021470746108427,0.004697592483852,0.0042941492216854,0.006461086637298,0.0118089103596349,0.9070602266651784,0.0,0.0,0.0191729101527933,0.0023310023310023,0.9137779727950855,False,train/val only,test,170207,1863,0.0112127660942412,0.9361245303274288
dgraphfin,transductive,gcn,6,graphsafe_dgraphfin_risk_focused,graphsafe_tta_full,0.0430765896345263,0.0175239464486973,0.6556383433135367,0.0140845070422535,0.0064412238325281,0.0223135642982971,0.0203972088030059,0.0161527165932452,0.0295222758990874,0.232616754892572,-0.149860068410999,-0.1555560611231537,0.0394784065079555,0.012891344383057,0.2396061869240895,False,train/val only,test,170207,1863,0.0226831773567678,0.4267310789049919
dgraphfin,transductive,gcn,7,graphsafe_dgraphfin_risk_focused,graphsafe_tta_full,0.0440638510142999,0.0215821071426632,0.7053605126700538,0.0187793427230046,0.0085882984433709,0.0258367586611861,0.0236178207192699,0.0293685756240822,0.0536768652710681,0.166432637905609,0.0104123390112172,0.0097369328461099,0.0396600566572237,0.012891344383057,0.1721800997091815,False,train/val only,test,170207,1863,0.0238814040463209,0.2844873859366613
dgraphfin,transductive,gcn,8,graphsafe_dgraphfin_risk_focused,graphsafe_tta_full,0.0430054721481689,0.0182970595462996,0.6763337220269954,0.022300469483568,0.0101986044015029,0.0217263652378156,0.0198604401502952,0.0161527165932452,0.0295222758990874,0.1896631748400477,-0.1835991293145573,-0.192831943074237,0.0387706855791962,0.0165745856353591,0.1924594931449937,False,train/val only,test,170207,1863,0.0230061925314317,0.3290391841116479
dgraphfin,transductive,gcn,9,graphsafe_dgraphfin_risk_focused,graphsafe_tta_full,0.0308733347430746,0.0146395692144689,0.6022653394658062,0.0035211267605633,0.001610305958132,0.0064591896652965,0.0059044551798174,0.0123348017621145,0.0225442834138486,0.1698343781395594,0.0,0.0,0.0294038305907742,0.0018214936247723,0.1778963930769383,False,train/val only,test,170207,1863,0.0167569552841795,0.1959205582393988
dgraphfin,transductive,gcn,10,graphsafe_dgraphfin_risk_focused,graphsafe_tta_full,0.0318718235851494,0.0144603531533645,0.572923490902214,0.022300469483568,0.0101986044015029,0.0275983558426306,0.025228126677402,0.0223201174743024,0.0407944176060118,0.1054656976505079,0.0,0.0,0.026950354609929,0.0116959064327485,0.1118612380556709,False,train/val only,test,170207,1863,0.0189821465216499,0.0993022007514761
dgraphfin,transductive,sage,1,graphsafe_dgraphfin_risk_focused,graphsafe_tta_full,0.0654681647940074,0.0285081527587063,0.7343435009835572,0.0469483568075117,0.0214707461084272,0.0440399295361127,0.0402576489533011,0.0414096916299559,0.0756843800322061,0.1068111182266299,0.0,0.0,0.0591069707677481,0.0255009107468123,0.1118342143840789,False,train/val only,test,170207,1863,0.0380430051362409,0.2345679012345679
dgraphfin,transductive,sage,2,graphsafe_dgraphfin_risk_focused,graphsafe_tta_full,0.0641648077680094,0.0263419609614635,0.7266004735109146,0.0293427230046948,0.013419216317767,0.0328831473869641,0.0300590445517981,0.0390602055800293,0.0713902308105206,0.1160939326819696,0.0,0.0,0.0580281690140845,0.0276243093922651,0.1202967438141353,False,train/val only,test,170207,1863,0.0365498168771956,0.2624798711755233
dgraphfin,transductive,sage,3,graphsafe_dgraphfin_risk_focused,graphsafe_tta_full,0.0661637397971803,0.0285042258863174,0.7329574709240535,0.0422535211267605,0.0193236714975845,0.0416911332941867,0.0381105743424584,0.0408223201174743,0.0746108427267847,0.1199363128425975,0.0,0.0,0.060327868852459,0.0263157894736842,0.1236728710408244,False,train/val only,test,170207,1863,0.0373890558389824,0.2871712292002147
dgraphfin,transductive,sage,4,graphsafe_dgraphfin_risk_focused,graphsafe_tta_full,0.0458540783084393,0.023359769202803,0.7303226974294309,0.0234741784037558,0.0107353730542136,0.0270111567821491,0.0246913580246913,0.0255506607929515,0.0466988727858293,0.1262169005975077,0.0,0.0,0.0444743935309973,0.0145719489981785,0.1298254186841988,False,train/val only,test,170207,1863,0.0258919894488407,0.2002147074610842
dgraphfin,transductive,sage,5,graphsafe_dgraphfin_risk_focused,graphsafe_tta_full,0.0553462081959491,0.0241054315230427,0.7293806898707957,0.0246478873239436,0.0112721417069243,0.0258367586611861,0.0236178207192699,0.0249632892804698,0.0456253354804079,0.1686064615438848,0.0,0.0,0.0487392113724826,0.0184162062615101,0.1758720930232558,False,train/val only,test,170207,1863,0.0298564350146105,0.3784219001610306
dgraphfin,transductive,sage,6,graphsafe_dgraphfin_risk_focused,graphsafe_tta_full,0.0545202075568223,0.0247038593199773,0.7282415423353286,0.0269953051643192,0.0123456790123456,0.0287727539635936,0.0263016639828234,0.029662261380323,0.0542136339237788,0.1782652887366559,0.0,0.0,0.0487881157154026,0.0204678362573099,0.1872257569109258,False,train/val only,test,170207,1863,0.0292514606124769,0.4004294149221685
dgraphfin,transductive,sage,7,graphsafe_dgraphfin_risk_focused,graphsafe_tta_full,0.0564533201608919,0.0246111338129976,0.7154292341967062,0.0375586854460093,0.0171765968867418,0.0311215502055196,0.0284487385936661,0.0320117474302496,0.0585077831454643,0.1129389508069585,-0.0425620904618693,-0.0438628368611061,0.0483414759578297,0.0204678362573099,0.1163014125467386,False,train/val only,test,170207,1863,0.0324991875203119,0.2147074610842727
dgraphfin,transductive,sage,8,graphsafe_dgraphfin_risk_focused,graphsafe_tta_full,0.0488197800658401,0.0160132235444178,0.5674523543528142,0.022300469483568,0.0101986044015029,0.0211391661773341,0.0193236714975845,0.016446402349486,0.0300590445517981,0.1869723336878036,-0.1873701703365184,-0.1949545719170691,0.045153521974714,0.0165745856353591,0.1950416849495392,False,train/val only,test,170207,1863,0.0261136712749615,0.3741277509393451
dgraphfin,transductive,sage,9,graphsafe_dgraphfin_risk_focused,graphsafe_tta_full,0.0484551250613045,0.0231461776026712,0.7202461385141673,0.028169014084507,0.0128824476650563,0.0281855549031121,0.0257648953301127,0.0273127753303964,0.0499194847020934,0.1461632012784433,0.0,0.0,0.0454642933733647,0.0182149362477231,0.1505930434010039,False,train/val only,test,170207,1863,0.0266637879851028,0.2651637144390767
dgraphfin,transductive,sage,10,graphsafe_dgraphfin_risk_focused,graphsafe_tta_full,0.0492596175310662,0.0213343065384094,0.6783388802786023,0.0246478873239436,0.0112721417069243,0.0311215502055196,0.0284487385936661,0.0358296622613803,0.0654857756307031,0.1110706375178459,-0.0068809721645201,-0.0110873032774564,0.0465408805031446,0.023391812865497,0.1156003323639385,False,train/val only,test,170207,1863,0.0285936420179682,0.1776704240472356
elliptic,inductive_isolated,gcn,1,graphsafe_dgraphfin_risk_focused,best_val_branch,0.5101281521289789,0.467131898960503,0.8774880231715221,0.7261904761904762,0.0563250230840258,0.7305389221556886,0.1126500461680517,0.6676646706586826,0.2059095106186519,0.1829034193161367,0.1042402826855123,0.0194292893292453,0.0,0.0,0.5987394957983193,False,train/val only,test,16670,1083,0.4618263473053892,0.569713758079409
elliptic,inductive_isolated,gcn,2,graphsafe_dgraphfin_risk_focused,best_val_branch,0.5185185185185185,0.4866035313533174,0.8740354455239204,0.8333333333333334,0.064635272391505,0.8143712574850299,0.1255771006463527,0.7005988023952096,0.2160664819944598,0.1833833233353329,0.161660777385159,0.0261610418565201,0.0,0.0,0.5945378151260504,False,train/val only,test,16670,1083,0.4909240924092409,0.5493998153277931
elliptic,inductive_isolated,gcn,3,graphsafe_dgraphfin_risk_focused,best_val_branch,0.4929971988795518,0.5053356997294912,0.8823085222485462,0.8333333333333334,0.064635272391505,0.8562874251497006,0.1320406278855032,0.7425149700598802,0.2289935364727608,0.1880623875224955,0.1395759717314487,0.0173862625034825,0.0,0.0,0.5987394957983193,False,train/val only,test,16670,1083,0.4350282485875706,0.5687903970452447
elliptic,inductive_isolated,gcn,4,graphsafe_dgraphfin_risk_focused,best_val_branch,0.51319381255687,0.4147945177968485,0.8668361084813854,0.6666666666666666,0.051708217913204,0.6167664670658682,0.0951061865189289,0.5568862275449101,0.1717451523545706,0.1887222555488902,0.1704946996466431,0.0182145345896276,0.0,0.0,0.5945378151260504,False,train/val only,test,16670,1083,0.5058295964125561,0.5207756232686981
elliptic,inductive_isolated,gcn,5,graphsafe_dgraphfin_risk_focused,best_val_branch,0.509392747924858,0.4213167919742409,0.8710705543916045,0.6309523809523809,0.0489381348107109,0.6047904191616766,0.0932594644506001,0.5508982035928144,0.1698984302862419,0.1873425314937012,0.0945229681978798,0.0096717273820613,0.0,0.0,0.5945378151260504,False,train/val only,test,16670,1083,0.4834162520729685,0.5383194829178208
elliptic,inductive_isolated,gcn,6,graphsafe_dgraphfin_risk_focused,best_val_branch,0.5151237396883593,0.4212600055731494,0.8722414167025212,0.75,0.0581717451523545,0.6347305389221557,0.0978762696214219,0.5598802395209581,0.1726685133887349,0.1884823035392921,0.1307420494699646,0.011450281718023,0.0,0.0,0.5945378151260504,False,train/val only,test,16670,1083,0.5113739763421292,0.5189289012003694
elliptic,inductive_isolated,gcn,7,graphsafe_dgraphfin_risk_focused,best_val_branch,0.5194238323876036,0.4374685787819405,0.8717252065240578,0.7857142857142857,0.0609418282548476,0.6706586826347305,0.1034164358264081,0.5688622754491018,0.175438596491228,0.1831433713257348,0.1227915194346289,0.0182589754769519,0.0,0.0,0.5966386554621849,False,train/val only,test,16670,1083,0.4925496688741722,0.5493998153277931
elliptic,inductive_isolated,gcn,8,graphsafe_dgraphfin_risk_focused,best_val_branch,0.5206463195691202,0.4252363349738167,0.8732587903087788,0.6428571428571429,0.0498614958448753,0.6347305389221557,0.0978762696214219,0.5419161676646707,0.1671283471837488,0.1847630473905219,0.1245583038869258,0.017647353420835,0.0,0.0,0.592436974789916,False,train/val only,test,16670,1083,0.5065502183406113,0.5355493998153278
elliptic,inductive_isolated,gcn,9,graphsafe_dgraphfin_risk_focused,best_val_branch,0.5140631761142361,0.4655862956078047,0.8801913733424064,0.7619047619047619,0.0590951061865189,0.7425149700598802,0.1144967682363804,0.6497005988023952,0.2003693444136657,0.1847030593881223,0.1130742049469964,0.0120956640984107,0.0,0.0,0.5861344537815126,False,train/val only,test,16670,1083,0.4837133550488599,0.5484764542936288
elliptic,inductive_isolated,gcn,10,graphsafe_dgraphfin_risk_focused,best_val_branch,0.5128205128205128,0.4769079036422319,0.8763385165835037,0.8333333333333334,0.064635272391505,0.8263473053892215,0.1274238227146814,0.7005988023952096,0.2160664819944598,0.1918416316736652,0.1952296819787985,0.0254322448307341,0.0,0.0,0.5945378151260504,False,train/val only,test,16670,1083,0.5278592375366569,0.4986149584487535
elliptic,inductive_isolated,sage,1,graphsafe_dgraphfin_risk_focused,best_val_branch,0.4873949579831932,0.4096704842375303,0.8597253636263522,0.7380952380952381,0.0572483841181902,0.6107784431137725,0.0941828254847645,0.5179640718562875,0.1597414589104339,0.2004799040191961,0.0863453815261043,0.0199706527388852,0.0,0.0,0.592436974789916,False,train/val only,test,16670,1083,0.4929178470254957,0.481994459833795
elliptic,inductive_isolated,sage,2,graphsafe_dgraphfin_risk_focused,best_val_branch,0.5477099236641222,0.5093634052738258,0.8667715970188714,0.9404761904761904,0.0729455216989843,0.7604790419161677,0.1172668513388735,0.6826347305389222,0.2105263157894736,0.1790041991601679,0.037159372419488,0.0064154816525995,0.0,0.0,0.592436974789916,False,train/val only,test,16670,1083,0.5666337611056268,0.5300092336103417
elliptic,inductive_isolated,sage,3,graphsafe_dgraphfin_risk_focused,best_val_branch,0.5552536231884059,0.5195174043407335,0.8720410698097552,0.9404761904761904,0.0729455216989843,0.7604790419161677,0.1172668513388735,0.7215568862275449,0.2225300092336103,0.1716856628674265,0.0220883534136546,0.0031032807269736,0.0,0.0,0.5903361344537815,False,train/val only,test,16670,1083,0.5448888888888889,0.5660203139427517
elliptic,inductive_isolated,sage,4,graphsafe_dgraphfin_risk_focused,best_val_branch,0.5529463890119627,0.5231032139358937,0.8713728815256173,0.9642857142857144,0.074792243767313,0.8083832335329342,0.1246537396121883,0.718562874251497,0.2216066481994459,0.1706658668266346,0.0562248995983935,0.0051039204075576,0.0,0.0,0.5861344537815126,False,train/val only,test,16670,1083,0.5315161839863713,0.5761772853185596
elliptic,inductive_isolated,sage,5,graphsafe_dgraphfin_risk_focused,best_val_branch,0.5073937153419594,0.4394341512121472,0.8573348259236083,0.7976190476190477,0.061865189289012,0.6467065868263473,0.0997229916897507,0.562874251497006,0.1735918744228993,0.1920815836832633,0.0903614457831325,0.011983092990622,0.0,0.0,0.5903361344537815,False,train/val only,test,16670,1083,0.5078630897317299,0.5069252077562327
elliptic,inductive_isolated,sage,6,graphsafe_dgraphfin_risk_focused,best_val_branch,0.5151237396883593,0.4212600055731494,0.8722414167025212,0.75,0.0581717451523545,0.6347305389221557,0.0978762696214219,0.5598802395209581,0.1726685133887349,0.1884823035392921,0.097173144876325,0.0170807111952953,0.0,0.0,0.5945378151260504,False,train/val only,test,16670,1083,0.5113739763421292,0.5189289012003694
elliptic,inductive_isolated,sage,7,graphsafe_dgraphfin_risk_focused,best_val_branch,0.5290266259275426,0.4832341833317303,0.8597428095636437,0.9047619047619048,0.0701754385964912,0.7245508982035929,0.1117266851338873,0.6317365269461078,0.1948291782086796,0.1791841631673665,0.0843373493975903,0.0100289130046953,0.0,0.0,0.6029411764705882,False,train/val only,test,16670,1083,0.5016556291390728,0.5595567867036011
elliptic,inductive_isolated,sage,8,graphsafe_dgraphfin_risk_focused,best_val_branch,0.5206463195691202,0.4252363349738167,0.8732587903087788,0.6428571428571429,0.0498614958448753,0.6347305389221557,0.0978762696214219,0.5419161676646707,0.1671283471837488,0.1847630473905219,0.0163800163800163,0.0032552668690626,0.0,0.0,0.592436974789916,False,train/val only,test,16670,1083,0.5065502183406113,0.5355493998153278
elliptic,inductive_isolated,sage,9,graphsafe_dgraphfin_risk_focused,best_val_branch,0.5588803088803089,0.5230466225969194,0.8807770118349803,0.9047619047619048,0.0701754385964912,0.7544910179640718,0.1163434903047091,0.7065868263473054,0.2179132040627885,0.1757648470305939,0.0261044176706827,0.0029682204212275,0.0,0.0,0.5882352941176471,False,train/val only,test,16670,1083,0.5854398382204247,0.5346260387811634
elliptic,inductive_isolated,sage,10,graphsafe_dgraphfin_risk_focused,best_val_branch,0.5333919156414764,0.4802705003490153,0.8742740313047055,0.9047619047619048,0.0701754385964912,0.7365269461077845,0.113573407202216,0.6467065868263473,0.1994459833795014,0.1779244151169766,0.036144578313253,0.0049645299196305,0.0,0.0,0.592436974789916,False,train/val only,test,16670,1083,0.5088013411567477,0.5604801477377654
elliptic,strict_inductive,gcn,1,graphsafe_dgraphfin_risk_focused,best_val_branch,0.5101281521289789,0.467131898960503,0.8774880231715221,0.7261904761904762,0.0563250230840258,0.7305389221556886,0.1126500461680517,0.6676646706586826,0.2059095106186519,0.1829034193161367,0.0636042402826854,0.0120055283318362,0.0,0.0,0.5987394957983193,False,train/val only,test,16670,1083,0.4618263473053892,0.569713758079409
elliptic,strict_inductive,gcn,2,graphsafe_dgraphfin_risk_focused,best_val_branch,0.5185185185185185,0.4866035313533174,0.8740354455239204,0.8333333333333334,0.064635272391505,0.8143712574850299,0.1255771006463527,0.7005988023952096,0.2160664819944598,0.1833833233353329,0.0760777683854607,0.0148426035882362,0.0,0.0,0.5945378151260504,False,train/val only,test,16670,1083,0.4909240924092409,0.5493998153277931
elliptic,strict_inductive,gcn,3,graphsafe_dgraphfin_risk_focused,best_val_branch,0.4929971988795518,0.5053356997294912,0.8823085222485462,0.8333333333333334,0.064635272391505,0.8562874251497006,0.1320406278855032,0.7425149700598802,0.2289935364727608,0.1880623875224955,0.0417690417690417,0.0117689686504087,0.0,0.0,0.5987394957983193,False,train/val only,test,16670,1083,0.4350282485875706,0.5687903970452447
elliptic,strict_inductive,gcn,4,graphsafe_dgraphfin_risk_focused,best_val_branch,0.51319381255687,0.4147945177968485,0.8668361084813854,0.6666666666666666,0.051708217913204,0.6167664670658682,0.0951061865189289,0.5568862275449101,0.1717451523545706,0.1887222555488902,0.0718512256973795,0.0115846652022522,0.0,0.0,0.5945378151260504,False,train/val only,test,16670,1083,0.5058295964125561,0.5207756232686981
elliptic,strict_inductive,gcn,5,graphsafe_dgraphfin_risk_focused,best_val_branch,0.509392747924858,0.4213167919742409,0.8710705543916045,0.6309523809523809,0.0489381348107109,0.6047904191616766,0.0932594644506001,0.5508982035928144,0.1698984302862419,0.1873425314937012,0.0856890459363957,0.0123406809497482,0.0,0.0,0.5945378151260504,False,train/val only,test,16670,1083,0.4834162520729685,0.5383194829178208
elliptic,strict_inductive,gcn,6,graphsafe_dgraphfin_risk_focused,best_val_branch,0.5151237396883593,0.4212600055731494,0.8722414167025212,0.75,0.0581717451523545,0.6347305389221557,0.0978762696214219,0.5598802395209581,0.1726685133887349,0.1884823035392921,0.0481825866441251,0.0096515270037368,0.0,0.0,0.5945378151260504,False,train/val only,test,16670,1083,0.5113739763421292,0.5189289012003694
elliptic,strict_inductive,gcn,7,graphsafe_dgraphfin_risk_focused,best_val_branch,0.5194238323876036,0.4374685787819405,0.8717252065240578,0.7857142857142857,0.0609418282548476,0.6706586826347305,0.1034164358264081,0.5688622754491018,0.175438596491228,0.1831433713257348,0.0574809805579036,0.0081093030411139,0.0,0.0,0.5966386554621849,False,train/val only,test,16670,1083,0.4925496688741722,0.5493998153277931
elliptic,strict_inductive,gcn,8,graphsafe_dgraphfin_risk_focused,best_val_branch,0.5206463195691202,0.4252363349738167,0.8732587903087788,0.6428571428571429,0.0498614958448753,0.6347305389221557,0.0978762696214219,0.5419161676646707,0.1671283471837488,0.1847630473905219,0.0676246830092983,0.0088316679599579,0.0,0.0,0.592436974789916,False,train/val only,test,16670,1083,0.5065502183406113,0.5355493998153278
elliptic,strict_inductive,gcn,9,graphsafe_dgraphfin_risk_focused,best_val_branch,0.5140631761142361,0.4655862956078047,0.8801913733424064,0.7619047619047619,0.0590951061865189,0.7425149700598802,0.1144967682363804,0.6497005988023952,0.2003693444136657,0.1847030593881223,0.0532544378698224,0.0086088342021202,0.0,0.0,0.5861344537815126,False,train/val only,test,16670,1083,0.4837133550488599,0.5484764542936288
elliptic,strict_inductive,gcn,10,graphsafe_dgraphfin_risk_focused,best_val_branch,0.5128205128205128,0.4769079036422319,0.8763385165835037,0.8333333333333334,0.064635272391505,0.8263473053892215,0.1274238227146814,0.7005988023952096,0.2160664819944598,0.1918416316736652,0.1254416961130742,0.0176946756619483,0.0,0.0,0.5945378151260504,False,train/val only,test,16670,1083,0.5278592375366569,0.4986149584487535
elliptic,strict_inductive,sage,1,graphsafe_dgraphfin_risk_focused,best_val_branch,0.5656565656565657,0.56803585336822,0.8810975846351586,0.988095238095238,0.0766389658356417,0.9461077844311376,0.1458910433979686,0.8353293413173652,0.2576177285318559,0.1729454109178164,0.0106157112526539,0.0033924471783759,0.0,0.0,0.5882352941176471,False,train/val only,test,16670,1083,0.5903614457831325,0.5429362880886427
elliptic,strict_inductive,sage,2,graphsafe_dgraphfin_risk_focused,best_val_branch,0.6198714780029659,0.6405174121102664,0.8873239478337448,1.0,0.077562326869806,1.0,0.1542012927054478,0.940119760479042,0.2899353647276085,0.1555488902219556,0.0100401606425702,0.0008094000652469,0.0,0.0,0.5966386554621849,False,train/val only,test,16670,1083,0.6670212765957447,0.5789473684210527
elliptic,strict_inductive,sage,3,graphsafe_dgraphfin_risk_focused,best_val_branch,0.6131889763779528,0.6446810258958481,0.8874801319209055,0.988095238095238,0.0766389658356417,0.994011976047904,0.1532779316712834,0.9550898203592816,0.2945521698984303,0.1575284943011397,0.0,0.0,0.0,0.0,0.5840336134453782,False,train/val only,test,16670,1083,0.6564805057955743,0.5752539242843951
elliptic,strict_inductive,sage,4,graphsafe_dgraphfin_risk_focused,best_val_branch,0.620821394460363,0.646021729826782,0.8941999870740118,1.0,0.077562326869806,0.9880239520958084,0.1523545706371191,0.9730538922155688,0.3000923361034164,0.1515296940611877,0.0220883534136546,0.0020343546470526,0.0,0.0,0.5819327731092437,False,train/val only,test,16670,1083,0.6429277942631059,0.6001846722068329
elliptic,strict_inductive,sage,5,graphsafe_dgraphfin_risk_focused,best_val_branch,0.5742663656884875,0.5963565204280525,0.8791092809365192,1.0,0.077562326869806,0.9820359281437124,0.1514312096029547,0.8832335329341318,0.2723915050784857,0.1638272345530894,0.0070224719101123,0.0008611218156121,0.0,0.0,0.5903361344537815,False,train/val only,test,16670,1083,0.5618374558303887,0.5872576177285319
elliptic,strict_inductive,sage,6,graphsafe_dgraphfin_risk_focused,best_val_branch,0.5869175627240144,0.6163644243786824,0.8906525971254426,0.988095238095238,0.0766389658356417,0.9820359281437124,0.1514312096029547,0.9041916167664672,0.2788550323176362,0.1580083983203359,0.0220883534136546,0.0024363113463701,0.0,0.0,0.5903361344537815,False,train/val only,test,16670,1083,0.5700609225413403,0.6048014773776547
elliptic,strict_inductive,sage,7,graphsafe_dgraphfin_risk_focused,best_val_branch,0.5855588526211671,0.5988955599647827,0.8804367716284156,0.988095238095238,0.0766389658356417,0.9880239520958084,0.1523545706371191,0.8832335329341318,0.2723915050784857,0.1680863827234553,0.0361445783132529,0.0036215248780595,0.0,0.0,0.5945378151260504,False,train/val only,test,16670,1083,0.630457933972311,0.5466297322253001
elliptic,strict_inductive,sage,8,graphsafe_dgraphfin_risk_focused,best_val_branch,0.5792245093346099,0.5592367001310002,0.885956233741438,0.9523809523809524,0.0738688827331486,0.8562874251497006,0.1320406278855032,0.8023952095808383,0.247460757156048,0.1674265146970605,0.0321285140562249,0.0035575830392852,0.0,0.0,0.5987394957983193,False,train/val only,test,16670,1083,0.6013916500994035,0.5586334256694367
elliptic,strict_inductive,sage,9,graphsafe_dgraphfin_risk_focused,best_val_branch,0.5965858041329739,0.622940149376294,0.8951871190809919,1.0,0.077562326869806,0.9880239520958084,0.1523545706371191,0.9041916167664672,0.2788550323176362,0.1544091181763647,0.0087994971715901,0.0008203221259831,0.0,0.0,0.5882352941176471,False,train/val only,test,16670,1083,0.5809273840769904,0.6131117266851339
elliptic,strict_inductive,sage,10,graphsafe_dgraphfin_risk_focused,best_val_branch,0.5977011494252874,0.6209115473432685,0.8928605596881792,1.0,0.077562326869806,0.9880239520958084,0.1523545706371191,0.9101796407185628,0.2807017543859649,0.1605278944211157,0.0070257611241217,0.0008117647209278,0.0,0.0,0.5945378151260504,False,train/val only,test,16670,1083,0.6208955223880597,0.5761772853185596
elliptic,transductive,gcn,1,graphsafe_dgraphfin_risk_focused,best_val_branch,0.504881450488145,0.482251264241691,0.8746814783562858,0.7380952380952381,0.0572483841181902,0.8263473053892215,0.1274238227146814,0.7574850299401198,0.2336103416435826,0.1934613077384523,0.2473544973544973,0.0423439026596296,0.0,0.0,0.5903361344537815,False,train/val only,test,16670,1083,0.5084269662921348,0.5013850415512465
elliptic,transductive,gcn,2,graphsafe_dgraphfin_risk_focused,best_val_branch,0.5306930693069307,0.499095180879988,0.8766894198417235,0.6666666666666666,0.051708217913204,0.7904191616766467,0.1218836565096952,0.7844311377245509,0.2419205909510618,0.188122375524895,0.1653439153439153,0.0335310579905573,0.0,0.0,0.5882352941176471,False,train/val only,test,16670,1083,0.5720384204909285,0.494921514312096
elliptic,transductive,gcn,3,graphsafe_dgraphfin_risk_focused,best_val_branch,0.560897435897436,0.3856411705101192,0.8699049051281637,0.4880952380952381,0.0378578024007386,0.3952095808383233,0.0609418282548476,0.3622754491017964,0.1117266851338873,0.1576484703059388,0.0401459854014598,0.0069863045312316,0.0,0.0,0.5987394957983193,False,train/val only,test,16670,1083,0.4953998584571833,0.6463527239150508
elliptic,transductive,gcn,4,graphsafe_dgraphfin_risk_focused,best_val_branch,0.482486433152442,0.4532014874373191,0.871022215224101,0.7023809523809523,0.0544783010156971,0.7664670658682635,0.1181902123730378,0.6766467065868264,0.2086795937211449,0.2054589082183563,0.3029100529100529,0.05746929663628,0.0,0.0,0.592436974789916,False,train/val only,test,16670,1083,0.5180084745762712,0.4515235457063712
elliptic,transductive,gcn,5,graphsafe_dgraphfin_risk_focused,best_val_branch,0.4990892531876139,0.464669787104384,0.873339977599298,0.7738095238095238,0.0600184672206832,0.7844311377245509,0.1209602954755309,0.7155688622754491,0.2206832871652816,0.1943611277744451,0.2526455026455027,0.0466385015663042,0.0,0.0,0.592436974789916,False,train/val only,test,16670,1083,0.4923629829290206,0.5060018467220684
elliptic,transductive,gcn,6,graphsafe_dgraphfin_risk_focused,best_val_branch,0.4774455144450076,0.4718034512507146,0.8755256069927345,0.7857142857142857,0.0609418282548476,0.8203592814371258,0.1265004616805171,0.7455089820359282,0.2299168975069252,0.2086982603479304,0.2791005291005291,0.0522713983719349,0.0,0.0,0.592436974789916,False,train/val only,test,16670,1083,0.5292134831460674,0.4349030470914127
elliptic,transductive,gcn,7,graphsafe_dgraphfin_risk_focused,best_val_branch,0.4839572192513369,0.4512580281102715,0.8679062049541604,0.7380952380952381,0.0572483841181902,0.7844311377245509,0.1209602954755309,0.7035928143712575,0.2169898430286242,0.1990401919616077,0.2142857142857142,0.0500811202332582,0.0,0.0,0.5945378151260504,False,train/val only,test,16670,1083,0.4677002583979328,0.5013850415512465
elliptic,transductive,gcn,8,graphsafe_dgraphfin_risk_focused,best_val_branch,0.4903225806451613,0.4346027737112781,0.8671162801636257,0.75,0.0581717451523545,0.7245508982035929,0.1117266851338873,0.6586826347305389,0.2031394275161588,0.1941811637672465,0.1944444444444444,0.0350402651097819,0.0,0.0,0.5945378151260504,False,train/val only,test,16670,1083,0.4589371980676328,0.5263157894736842
elliptic,transductive,gcn,9,graphsafe_dgraphfin_risk_focused,best_val_branch,0.4593406593406593,0.4724347516943559,0.8750596908745781,0.8095238095238095,0.0627885503231763,0.8083832335329342,0.1246537396121883,0.7155688622754491,0.2206832871652816,0.2185962807438512,0.2989417989417989,0.0633100161241391,0.0,0.0,0.5882352941176471,False,train/val only,test,16670,1083,0.5671641791044776,0.3859649122807017
elliptic,transductive,gcn,10,graphsafe_dgraphfin_risk_focused,best_val_branch,0.5240793201133145,0.5102768545410091,0.875831932771118,0.7619047619047619,0.0590951061865189,0.8383233532934131,0.1292705447830101,0.8023952095808383,0.247460757156048,0.1871625674865027,0.2116402116402116,0.037457690377885,0.0,0.0,0.5903361344537815,False,train/val only,test,16670,1083,0.5362318840579711,0.5124653739612188
elliptic,transductive,sage,1,graphsafe_dgraphfin_risk_focused,best_val_branch,0.4951923076923076,0.447093399390547,0.8537938041864445,0.9523809523809524,0.0738688827331486,0.7005988023952096,0.1080332409972299,0.5508982035928144,0.1698984302862419,0.1750449910017996,0.1197478991596638,0.02184183744135,0.0,0.0,0.7163865546218487,False,train/val only,test,16670,1083,0.3942044833242208,0.6657433056325023
elliptic,transductive,sage,2,graphsafe_dgraphfin_risk_focused,best_val_branch,0.5818847209515097,0.5440721956998189,0.871110303878608,0.8928571428571429,0.0692520775623268,0.844311377245509,0.1301939058171745,0.7544910179640718,0.2326869806094182,0.1620875824835033,0.0608622147083685,0.0111923891522765,0.0,0.0,0.5966386554621849,False,train/val only,test,16670,1083,0.5766092475067996,0.5872576177285319
elliptic,transductive,sage,3,graphsafe_dgraphfin_risk_focused,best_val_branch,0.5494071146245059,0.555314980492425,0.8681089510335489,0.988095238095238,0.0766389658356417,0.9520958083832336,0.1468144044321329,0.7604790419161677,0.234533702677747,0.1614877024595081,0.0247349823321554,0.0089466331392547,0.0,0.0,0.615546218487395,False,train/val only,test,16670,1083,0.4803040774015203,0.641735918744229
elliptic,transductive,sage,4,graphsafe_dgraphfin_risk_focused,best_val_branch,0.5527442584663292,0.5369115042180055,0.8736427194075419,1.0,0.077562326869806,0.9221556886227544,0.1421975992613111,0.7544910179640718,0.2326869806094182,0.1584283143371326,0.0401606425702811,0.0069448311892077,0.0,0.0,0.6113445378151261,False,train/val only,test,16670,1083,0.477792732166891,0.6555863342566943
elliptic,transductive,sage,5,graphsafe_dgraphfin_risk_focused,best_val_branch,0.5383647798742138,0.4336331027760166,0.8633385386797163,0.8333333333333334,0.064635272391505,0.6407185628742516,0.0987996306555863,0.5089820359281437,0.1569713758079409,0.1718656268746251,0.0859788359788359,0.0238646036286081,0.0,0.0,0.6071428571428571,False,train/val only,test,16670,1083,0.4930875576036866,0.592797783933518
elliptic,transductive,sage,6,graphsafe_dgraphfin_risk_focused,best_val_branch,0.566213921901528,0.5631574012144592,0.8699020024085464,0.9761904761904762,0.0757156048014773,0.9461077844311376,0.1458910433979686,0.8173652694610778,0.2520775623268698,0.1611277744451109,0.0305532617671346,0.0066872774598369,0.0,0.0,0.6029411764705882,False,train/val only,test,16670,1083,0.5239591516103692,0.615881809787627
elliptic,transductive,sage,7,graphsafe_dgraphfin_risk_focused,best_val_branch,0.5440826052422557,0.5003291546629858,0.8710303902303699,0.9523809523809524,0.0738688827331486,0.8023952095808383,0.123730378578024,0.6676646706586826,0.2059095106186519,0.164367126574685,0.0502008032128513,0.014936116786431,0.0,0.0,0.6071428571428571,False,train/val only,test,16670,1083,0.4773519163763066,0.6325023084025854
elliptic,transductive,sage,8,graphsafe_dgraphfin_risk_focused,best_val_branch,0.5157847932414407,0.4526179073985875,0.8716851312215871,0.75,0.0581717451523545,0.6766467065868264,0.1043397968605724,0.6137724550898204,0.1892890120036934,0.1860227954409118,0.0945229681978798,0.0247127465162725,0.0,0.0,0.6113445378151261,False,train/val only,test,16670,1083,0.4974271012006861,0.5355493998153278
elliptic,transductive,sage,9,graphsafe_dgraphfin_risk_focused,best_val_branch,0.5473684210526316,0.5038806709480083,0.8653814312789128,0.9523809523809524,0.0738688827331486,0.8323353293413174,0.1283471837488458,0.6856287425149701,0.211449676823638,0.1647270545890821,0.0562248995983935,0.0113331204232766,0.0,0.0,0.6260504201680672,False,train/val only,test,16670,1083,0.487382840663302,0.6241920590951062
elliptic,transductive,sage,10,graphsafe_dgraphfin_risk_focused,best_val_branch,0.5439928539526574,0.5151870678433143,0.8720586934645742,0.9166666666666666,0.0710987996306555,0.8083832335329342,0.1246537396121883,0.7275449101796407,0.224376731301939,0.1749850029994001,0.0997464074387151,0.0246217318066065,0.0,0.0,0.5966386554621849,False,train/val only,test,16670,1083,0.5268166089965398,0.5623268698060941
dgraphfin,inductive_isolated,gcn,1,block_level_graphsafe,graphsafe_tta_full,0.0286860385480872,0.0135745812837729,0.6036546983429298,0.0058685446009389,0.0026838432635534,0.0099823840281855,0.0091250670960815,0.0117474302496328,0.0214707461084272,0.592607824590058,0.0,0.0,0.0243913177475454,0.0054644808743169,0.6148255813953488,True,train/val only,test,170207,1863,0.0146093057091891,0.7869028448738594
dgraphfin,inductive_isolated,gcn,2,block_level_graphsafe,graphsafe_tta_full,0.0461291237357028,0.0233204386765956,0.7093610180891521,0.0305164319248826,0.0139559849704777,0.0369935408103347,0.0338164251207729,0.0325991189427312,0.0595813204508856,0.0973344222035521,2.596593269629799e-05,-2.9665793188700385e-05,0.0415368639667705,0.0209790209790209,0.1012838168006752,True,train/val only,test,170207,1863,0.0279944928866452,0.1309715512614063
dgraphfin,inductive_isolated,gcn,3,block_level_graphsafe,best_val_branch,0.0216986582782307,0.0079247271589224,0.3762798251536632,0.0023474178403755,0.0010735373054213,0.003523194362889,0.003220611916264,0.0035242290748898,0.0064412238325281,0.984947740104696,0.279563405002194,0.2527548753263403,0.0185866514049001,0.0023310023310023,0.9876864853005703,True,train/val only,test,170207,1863,0.010968587005263,0.9978529253891572
dgraphfin,inductive_isolated,gcn,4,block_level_graphsafe,best_val_branch,0.0327919911012235,0.015917088523135,0.6520176196357284,0.0199530516431924,0.0091250670960815,0.0158543746330005,0.0144927536231884,0.0155653450807635,0.0284487385936661,0.5200021150716481,0.3218745643211377,0.3026549003291632,0.029722250691811,0.012891344383057,0.5249561211057482,True,train/val only,test,170207,1863,0.016742960346218,0.7911969940955448
dgraphfin,inductive_isolated,gcn,5,block_level_graphsafe,best_val_branch,0.0215864478407549,0.0082168269456016,0.3765554936599544,0.0011737089201877,0.0005367686527106,0.0005871990604815,0.0005367686527106,0.0035242290748898,0.0064412238325281,0.9591262404013936,0.0,0.0,0.0187587756248244,0.0,0.9611289987536352,True,train/val only,test,170207,1863,0.0109152941604997,0.9651100375738056
dgraphfin,inductive_isolated,gcn,6,block_level_graphsafe,graphsafe_tta_full,0.0401742145052511,0.0177426451267855,0.6682664600657054,0.0199530516431924,0.0091250670960815,0.017615971814445,0.0161030595813204,0.0161527165932452,0.0295222758990874,0.3985088744881233,0.0122860903905221,0.0103389804105097,0.0364420062695924,0.0163170163170163,0.4115291794646775,True,train/val only,test,170207,1863,0.0206474216925196,0.74020397208803
dgraphfin,inductive_isolated,gcn,7,block_level_graphsafe,graphsafe_tta_full,0.0462530575939515,0.0223212357057519,0.7096084570103866,0.022300469483568,0.0101986044015029,0.0340575455079271,0.0311325818572195,0.0293685756240822,0.0536768652710681,0.1575552121828126,0.0012340939008336,0.0009763495937281,0.0402620226873302,0.0233100233100233,0.1625727046115496,True,train/val only,test,170207,1863,0.0252157889632431,0.2791196994095545
dgraphfin,inductive_isolated,gcn,8,block_level_graphsafe,graphsafe_tta_full,0.0410235098551412,0.0181567303941186,0.6914555871066246,0.022300469483568,0.0101986044015029,0.0217263652378156,0.0198604401502952,0.016446402349486,0.0300590445517981,0.3909122421522029,0.0,0.0,0.0375718678967776,0.0165745856353591,0.4014918824045634,True,train/val only,test,170207,1863,0.0210950498374368,0.7418142780461621
dgraphfin,inductive_isolated,gcn,9,block_level_graphsafe,graphsafe_tta_full,0.0270515267175572,0.0126650824374719,0.5699705108209657,0.0011737089201877,0.0005367686527106,0.0017615971814445,0.001610305958132,0.0049926578560939,0.0091250670960815,0.2700828990582056,0.0,0.0,0.0268249780123131,0.0,0.2931346969666792,True,train/val only,test,170207,1863,0.0141548293681503,0.3043478260869565
dgraphfin,inductive_isolated,gcn,10,block_level_graphsafe,best_val_branch,0.0226310552704996,0.0101485902235179,0.4760659926231871,0.0105633802816901,0.0048309178743961,0.01174398120963,0.0107353730542136,0.0108663729809104,0.0198604401502952,0.8858801341895457,0.0,0.0,0.0195471674990042,0.0058479532163742,0.8899044453676777,True,train/val only,test,170207,1863,0.0114543012876214,0.9339774557165862
dgraphfin,inductive_isolated,sage,1,block_level_graphsafe,graphsafe_tta_full,0.041684296303261,0.0206581228610096,0.7100041478853119,0.0199530516431924,0.0091250670960815,0.0211391661773341,0.0193236714975845,0.0176211453744493,0.0322061191626409,0.3718119701304881,0.0,0.0,0.0368202017352049,0.0182149362477231,0.3833644142167617,True,train/val only,test,170207,1863,0.0214689265536723,0.7139023081052066
dgraphfin,inductive_isolated,sage,2,block_level_graphsafe,best_val_branch,0.0416035008205048,0.0200443338323521,0.7050032036362218,0.0199530516431924,0.0091250670960815,0.0199647680563711,0.0182501341921631,0.0226138032305433,0.0413311862587224,0.372787253168201,0.2931384379113647,0.2760381699699839,0.0372358970783069,0.0139860139860139,0.3868747257569109,True,train/val only,test,170207,1863,0.0214255819194488,0.7144390767579173
dgraphfin,inductive_isolated,sage,3,block_level_graphsafe,best_val_branch,0.0251928853289357,0.0181167086995099,0.6730038171207289,0.0082159624413145,0.0037573805689747,0.0099823840281855,0.0091250670960815,0.0126284875183553,0.0230810520665593,0.781507223557198,0.0933797718297498,0.0504267363014288,0.0218689206413094,0.0069930069930069,0.8015028521281263,True,train/val only,test,170207,1863,0.0127716113429226,0.9184111647879764
dgraphfin,inductive_isolated,sage,4,block_level_graphsafe,best_val_branch,0.0406263982102908,0.0175976178721989,0.6825000298445718,0.0093896713615023,0.0042941492216854,0.0123311802701115,0.0112721417069243,0.0161527165932452,0.0295222758990874,0.3897019511535953,0.1852655898344918,0.1729619304209651,0.0362735912193816,0.0109289617486338,0.4026985519964897,True,train/val only,test,170207,1863,0.0208937364812002,0.7310789049919485
dgraphfin,inductive_isolated,sage,5,block_level_graphsafe,graphsafe_tta_full,0.0408613367111243,0.0181759700067814,0.6883377938851738,0.0164319248826291,0.0075147611379495,0.0193775689958896,0.0177133655394524,0.019676945668135,0.0359634997316156,0.3897078263526177,0.0,0.0,0.0365345869711215,0.0116550116550116,0.4011079420798596,True,train/val only,test,170207,1863,0.0210140706906593,0.7359098228663447
dgraphfin,inductive_isolated,sage,6,block_level_graphsafe,best_val_branch,0.0430597771023302,0.0189247226626229,0.7029296898365892,0.0176056338028169,0.0080515297906602,0.0146799765120375,0.013419216317767,0.0170337738619676,0.0311325818572195,0.3467659966981381,0.0,0.0,0.0377955127239873,0.0093240093240093,0.3604651162790697,True,train/val only,test,170207,1863,0.0222291960876614,0.6843800322061192
dgraphfin,inductive_isolated,sage,7,block_level_graphsafe,graphsafe_tta_full,0.0463614760346141,0.0222310170681056,0.7060629936263474,0.0234741784037558,0.0107353730542136,0.0305343511450381,0.0279119699409554,0.0299559471365638,0.0547504025764895,0.1565916795431445,0.0,0.0,0.0405535886707434,0.012891344383057,0.161663896967179,True,train/val only,test,170207,1863,0.0252935420743639,0.2775093934514224
dgraphfin,inductive_isolated,sage,8,block_level_graphsafe,graphsafe_tta_full,0.0427893577359769,0.0168003459436168,0.6146857733910849,0.022300469483568,0.0101986044015029,0.0217263652378156,0.0198604401502952,0.0170337738619676,0.0311325818572195,0.2855346724870305,-0.1007997507270461,-0.1049920084663305,0.0365554927454305,0.0165745856353591,0.2966761737604212,True,train/val only,test,170207,1863,0.0222736795677582,0.5421363392377885
dgraphfin,inductive_isolated,sage,9,block_level_graphsafe,graphsafe_tta_full,0.0431501286043048,0.0185316209560952,0.6914215336849943,0.0152582159624413,0.0069779924852388,0.0146799765120375,0.013419216317767,0.0161527165932452,0.0295222758990874,0.3460374720193646,0.0,0.0,0.0385749943272067,0.0046620046620046,0.3581340500219394,True,train/val only,test,170207,1863,0.0222773574685932,0.6843800322061192
dgraphfin,inductive_isolated,sage,10,block_level_graphsafe,graphsafe_tta_full,0.0428306334319674,0.0194218491952988,0.7026363058985959,0.022300469483568,0.0101986044015029,0.0211391661773341,0.0193236714975845,0.0190895741556534,0.0348899624261943,0.3500619833496859,0.0,0.0,0.0386545808674807,0.0023310023310023,0.3611507240017551,True,train/val only,test,170207,1863,0.0221037374469406,0.6876006441223832
dgraphfin,strict_inductive,gcn,1,block_level_graphsafe,graphsafe_tta_full,0.0261981559651106,0.0124055140776757,0.5688201667883024,0.0082159624413145,0.0037573805689747,0.0076335877862595,0.0069779924852388,0.0085168869309838,0.0155662909286097,0.5657405394607742,0.0,0.0,0.0220359281437125,0.0018214936247723,0.5776056085562349,True,train/val only,test,170207,1863,0.0133571640086298,0.677938808373591
dgraphfin,strict_inductive,gcn,2,block_level_graphsafe,graphsafe_tta_full,0.0525495088102292,0.017968435285027,0.6152330721397632,0.0375586854460093,0.0171765968867418,0.0322959483264826,0.0295222758990874,0.0314243759177679,0.0574342458400429,0.1072576333523298,0.0107503290917068,0.0099942609275795,0.0459540459540459,0.0186480186480186,0.111783340257582,True,train/val only,test,170207,1863,0.0307397610143208,0.1808910359634997
dgraphfin,strict_inductive,gcn,3,block_level_graphsafe,best_val_branch,0.022261175494125,0.0094002675819448,0.4713454199512595,0.0,0.0,0.0,0.0,0.0017621145374449,0.003220611916264,0.9289688438195844,0.2284444931987714,0.1973876371586752,0.0193108997384982,0.0,0.936567573497148,True,train/val only,test,170207,1863,0.011260527371165,0.964573268921095
dgraphfin,strict_inductive,gcn,4,block_level_graphsafe,graphsafe_tta_full,0.0367081113084665,0.0174888957659542,0.6504283292302149,0.0152582159624413,0.0069779924852388,0.017615971814445,0.0161030595813204,0.0220264317180616,0.0402576489533011,0.1938991933351742,0.0820809565598947,0.0682141898069422,0.0322483423749246,0.0146198830409356,0.2047154133776485,True,train/val only,test,170207,1863,0.0196275605214152,0.2828770799785292
dgraphfin,strict_inductive,gcn,5,block_level_graphsafe,best_val_branch,0.0221536664635384,0.0103075248707999,0.4867603947559363,0.0058685446009389,0.0026838432635534,0.004697592483852,0.0042941492216854,0.0067547723935389,0.0123456790123456,0.907824002538086,0.0,0.0,0.0191520080143787,0.0023310023310023,0.91479267222466,True,train/val only,test,170207,1863,0.0112093940503491,0.9366612989801396
dgraphfin,strict_inductive,gcn,6,block_level_graphsafe,graphsafe_tta_full,0.0440078390513755,0.0180069612588202,0.6651610813570934,0.0152582159624413,0.0069779924852388,0.0229007633587786,0.0209339774557165,0.0155653450807635,0.0284487385936661,0.2493493217082728,-0.1333350643955131,-0.1388077626539692,0.0401712216002634,0.0147329650092081,0.2572674418604651,True,train/val only,test,170207,1863,0.0230701206824802,0.4761137949543746
dgraphfin,strict_inductive,gcn,7,block_level_graphsafe,graphsafe_tta_full,0.0441799052688938,0.0214931107643518,0.704747661084737,0.0187793427230046,0.0085882984433709,0.0246623605402231,0.0225442834138486,0.0293685756240822,0.0536768652710681,0.1653692268825606,0.0094888108819657,0.0088378961287477,0.0396158463385354,0.0147329650092081,0.1707519734108849,True,train/val only,test,170207,1863,0.0239610802946258,0.2828770799785292
dgraphfin,strict_inductive,gcn,8,block_level_graphsafe,best_val_branch,0.0217555752326556,0.0101215768283299,0.4865570531025996,0.0011737089201877,0.0005367686527106,0.001174398120963,0.0010735373054213,0.0020558002936857,0.0037573805689747,0.9802945824789816,0.5962862600506419,0.5888358729571468,0.0187470793589708,0.0,0.9823338445298652,True,train/val only,test,170207,1863,0.0109979367752033,0.9957058507783144
dgraphfin,strict_inductive,gcn,9,block_level_graphsafe,graphsafe_tta_full,0.0309356774575268,0.0146457734493615,0.6023535132762047,0.0035211267605633,0.001610305958132,0.0064591896652965,0.0059044551798174,0.0123348017621145,0.0225442834138486,0.1698990053288055,0.0,0.0,0.0293879751954704,0.0018214936247723,0.1779760600689119,True,train/val only,test,170207,1863,0.0167897609982109,0.1964573268921095
dgraphfin,strict_inductive,gcn,10,block_level_graphsafe,best_val_branch,0.032282991328239,0.0144974566077533,0.5735070830096664,0.0234741784037558,0.0107353730542136,0.0281855549031121,0.0257648953301127,0.0223201174743024,0.0407944176060118,0.1055832016309552,0.0,0.0,0.0268741159830268,0.0116959064327485,0.1120689655172413,True,train/val only,test,170207,1863,0.0192150449713818,0.1009125067096081
dgraphfin,strict_inductive,sage,1,block_level_graphsafe,graphsafe_tta_full,0.0638808440215142,0.027914514496628,0.7329447263991231,0.0434272300469483,0.0198604401502952,0.0428655314151497,0.0391841116478797,0.0405286343612334,0.074074074074074,0.10117680236418,0.0,0.0,0.0579920260964117,0.0255009107468123,0.106858868997379,True,train/val only,test,170207,1863,0.0377616904715319,0.2071926999463231
dgraphfin,strict_inductive,sage,2,block_level_graphsafe,graphsafe_tta_full,0.060895368339569,0.025521005115949,0.7133239228552001,0.0305164319248826,0.0139559849704777,0.0334703464474456,0.0305958132045088,0.0361233480176211,0.0660225442834138,0.1182207547280664,0.0271500658183413,0.0212052652330853,0.056768558951965,0.0256410256410256,0.1214073119808093,True,train/val only,test,170207,1863,0.0346066427157416,0.2533548040794418
dgraphfin,strict_inductive,sage,3,block_level_graphsafe,graphsafe_tta_full,0.0648718780408692,0.0279465111095142,0.7331816766751841,0.0363849765258215,0.0166398282340311,0.0428655314151497,0.0391841116478797,0.0399412628487518,0.0730005367686527,0.1167225789773628,0.0,0.0,0.0567129629629629,0.023391812865497,0.1210963528941406,True,train/val only,test,170207,1863,0.0368949232585596,0.2683843263553409
dgraphfin,strict_inductive,sage,4,block_level_graphsafe,best_val_branch,0.0455758352011954,0.0228606717799804,0.7291494885010268,0.022300469483568,0.0101986044015029,0.0240751614797416,0.0220075147611379,0.0261380323054331,0.0477724100912506,0.1388192025004847,0.0,0.0,0.0420954162768942,0.0145719489981785,0.1417751321576118,True,train/val only,test,170207,1863,0.0253037037037037,0.229200214707461
dgraphfin,strict_inductive,sage,5,block_level_graphsafe,graphsafe_tta_full,0.0520470102027637,0.0237047320531338,0.7291617483705183,0.0246478873239436,0.0112721417069243,0.0252495596007046,0.0230810520665593,0.0255506607929515,0.0466988727858293,0.1973361847632588,0.0,0.0,0.0446304044630404,0.0127504553734061,0.2078214129003949,True,train/val only,test,170207,1863,0.027689030883919,0.4326355340848094
dgraphfin,strict_inductive,sage,6,block_level_graphsafe,best_val_branch,0.0532564323433579,0.0240303179020403,0.726154826457769,0.0269953051643192,0.0123456790123456,0.0328831473869641,0.0300590445517981,0.0290748898678414,0.0531400966183574,0.175592073181479,0.0,0.0,0.0478048780487804,0.0175438596491228,0.1819877139096094,True,train/val only,test,170207,1863,0.0286254931959094,0.3816425120772946
dgraphfin,strict_inductive,sage,7,block_level_graphsafe,best_val_branch,0.0487069777454858,0.0205414712956222,0.7187158851993091,0.0129107981220657,0.0059044551798174,0.0158543746330005,0.0144927536231884,0.0173274596182085,0.0316693505099302,0.2302079232934015,0.0891838525669153,0.0743455215637065,0.0441546556851979,0.0116550116550116,0.2455024133391838,True,train/val only,test,170207,1863,0.0256388463935633,0.4857756307031669
dgraphfin,strict_inductive,sage,8,block_level_graphsafe,graphsafe_tta_full,0.0490116340747551,0.0160103456683777,0.5660429795249147,0.022300469483568,0.0101986044015029,0.0211391661773341,0.0193236714975845,0.016446402349486,0.0300590445517981,0.1854976587331895,-0.1967179061071873,-0.2049058067179659,0.0453369846341092,0.0165745856353591,0.1932591048705572,True,train/val only,test,170207,1863,0.0262341005451241,0.3719806763285024
dgraphfin,strict_inductive,sage,9,block_level_graphsafe,graphsafe_tta_full,0.0476394237626586,0.022999765001212,0.7204263697555212,0.0293427230046948,0.013419216317767,0.0287727539635936,0.0263016639828234,0.0276064610866372,0.050456253354804,0.1496941958908858,0.0,0.0,0.0424369747899159,0.0127504553734061,0.152947447914353,True,train/val only,test,170207,1863,0.0261345852895148,0.2689210950080515
dgraphfin,strict_inductive,sage,10,block_level_graphsafe,graphsafe_tta_full,0.0464019473604138,0.021032236526903,0.6775715734688287,0.0246478873239436,0.0112721417069243,0.0322959483264826,0.0295222758990874,0.0317180616740088,0.0579710144927536,0.1102657352517816,-0.0127492729538845,-0.0175802529693622,0.0423590746171391,0.0175438596491228,0.1140423764021603,True,train/val only,test,170207,1863,0.0270318177789594,0.1637144390767579
dgraphfin,transductive,gcn,1,block_level_graphsafe,graphsafe_tta_full,0.0262057660984946,0.0124146286913797,0.5690477603447216,0.0082159624413145,0.0037573805689747,0.0076335877862595,0.0069779924852388,0.0085168869309838,0.0155662909286097,0.5655760338881479,0.0,0.0,0.0220317064993534,0.0018214936247723,0.5774263578242944,True,train/val only,test,170207,1863,0.0133611205145565,0.677938808373591
dgraphfin,transductive,gcn,2,block_level_graphsafe,graphsafe_tta_full,0.0523956723338485,0.0179908304951097,0.6157505709559923,0.0375586854460093,0.0171765968867418,0.0322959483264826,0.0295222758990874,0.0314243759177679,0.0574342458400429,0.1078569036526112,-0.0289260490236809,-0.0303846146827917,0.0462504129501156,0.0186480186480186,0.1122507270461155,True,train/val only,test,170207,1863,0.0306039541392073,0.1819645732689211
dgraphfin,transductive,gcn,3,block_level_graphsafe,best_val_branch,0.0222876810021394,0.0093943409126611,0.4710628817729737,0.0,0.0,0.0,0.0,0.0017621145374449,0.003220611916264,0.92784080560729,0.2271829749890302,0.1959945652959802,0.0193308977936311,0.0,0.9355802983764808,True,train/val only,test,170207,1863,0.0112740915478819,0.964573268921095
dgraphfin,transductive,gcn,4,block_level_graphsafe,graphsafe_tta_full,0.0366563294888323,0.0175561875976628,0.6516130136515448,0.0140845070422535,0.0064412238325281,0.016441573693482,0.015029522275899,0.0217327459618208,0.0397208803005904,0.1938521917429952,0.0822729267222466,0.0688872269843945,0.0323311678501284,0.0139860139860139,0.2050789364353967,True,train/val only,test,170207,1863,0.0196005365926367,0.2823403113258185
dgraphfin,transductive,gcn,5,block_level_graphsafe,best_val_branch,0.0221601016518424,0.0102977020167087,0.4864972954058312,0.0046948356807511,0.0021470746108427,0.004697592483852,0.0042941492216854,0.006461086637298,0.0118089103596349,0.9070602266651784,0.0,0.0,0.0191729101527933,0.0023310023310023,0.9137779727950855,True,train/val only,test,170207,1863,0.0112127660942412,0.9361245303274288
dgraphfin,transductive,gcn,6,block_level_graphsafe,graphsafe_tta_full,0.0430765896345263,0.0175239464486973,0.6556383433135367,0.0140845070422535,0.0064412238325281,0.0223135642982971,0.0203972088030059,0.0161527165932452,0.0295222758990874,0.232616754892572,-0.149860068410999,-0.1555560611231537,0.0394784065079555,0.012891344383057,0.2396061869240895,True,train/val only,test,170207,1863,0.0226831773567678,0.4267310789049919
dgraphfin,transductive,gcn,7,block_level_graphsafe,graphsafe_tta_full,0.0440638510142999,0.0215821071426632,0.7053605126700538,0.0187793427230046,0.0085882984433709,0.0258367586611861,0.0236178207192699,0.0293685756240822,0.0536768652710681,0.166432637905609,0.0104123390112172,0.0097369328461099,0.0396600566572237,0.012891344383057,0.1721800997091815,True,train/val only,test,170207,1863,0.0238814040463209,0.2844873859366613
dgraphfin,transductive,gcn,8,block_level_graphsafe,best_val_branch,0.0217581270416571,0.010088270132455,0.4853475970489994,0.0011737089201877,0.0005367686527106,0.001174398120963,0.0010735373054213,0.0017621145374449,0.003220611916264,0.9801770784985342,0.6042379281240282,0.5972128619057824,0.0187491408934707,0.0,0.9821944272939116,True,train/val only,test,170207,1863,0.0109992410227218,0.9957058507783144
dgraphfin,transductive,gcn,9,block_level_graphsafe,graphsafe_tta_full,0.0308733347430746,0.0146395692144689,0.6022653394658062,0.0035211267605633,0.001610305958132,0.0064591896652965,0.0059044551798174,0.0123348017621145,0.0225442834138486,0.1698343781395594,0.0,0.0,0.0294038305907742,0.0018214936247723,0.1778963930769383,True,train/val only,test,170207,1863,0.0167569552841795,0.1959205582393988
dgraphfin,transductive,gcn,10,block_level_graphsafe,best_val_branch,0.0318718235851494,0.0144603531533645,0.572923490902214,0.022300469483568,0.0101986044015029,0.0275983558426306,0.025228126677402,0.0223201174743024,0.0407944176060118,0.1054656976505079,0.0,0.0,0.026950354609929,0.0116959064327485,0.1118612380556709,True,train/val only,test,170207,1863,0.0189821465216499,0.0993022007514761
dgraphfin,transductive,sage,1,block_level_graphsafe,graphsafe_tta_full,0.0654681647940074,0.0285081527587063,0.7343435009835572,0.0469483568075117,0.0214707461084272,0.0440399295361127,0.0402576489533011,0.0414096916299559,0.0756843800322061,0.1068111182266299,0.0,0.0,0.0591069707677481,0.0255009107468123,0.1118342143840789,True,train/val only,test,170207,1863,0.0380430051362409,0.2345679012345679
dgraphfin,transductive,sage,2,block_level_graphsafe,best_val_branch,0.0641648077680094,0.0263419609614635,0.7266004735109146,0.0293427230046948,0.013419216317767,0.0328831473869641,0.0300590445517981,0.0390602055800293,0.0713902308105206,0.1160939326819696,0.0,0.0,0.0580281690140845,0.0276243093922651,0.1202967438141353,True,train/val only,test,170207,1863,0.0365498168771956,0.2624798711755233
dgraphfin,transductive,sage,3,block_level_graphsafe,graphsafe_tta_full,0.0661637397971803,0.0285042258863174,0.7329574709240535,0.0422535211267605,0.0193236714975845,0.0416911332941867,0.0381105743424584,0.0408223201174743,0.0746108427267847,0.1199363128425975,0.0,0.0,0.060327868852459,0.0263157894736842,0.1236728710408244,True,train/val only,test,170207,1863,0.0373890558389824,0.2871712292002147
dgraphfin,transductive,sage,4,block_level_graphsafe,best_val_branch,0.0458540783084393,0.023359769202803,0.7303226974294309,0.0234741784037558,0.0107353730542136,0.0270111567821491,0.0246913580246913,0.0255506607929515,0.0466988727858293,0.1262169005975077,0.0,0.0,0.0444743935309973,0.0145719489981785,0.1298254186841988,True,train/val only,test,170207,1863,0.0258919894488407,0.2002147074610842
dgraphfin,transductive,sage,5,block_level_graphsafe,graphsafe_tta_full,0.0553462081959491,0.0241054315230427,0.7293806898707957,0.0246478873239436,0.0112721417069243,0.0258367586611861,0.0236178207192699,0.0249632892804698,0.0456253354804079,0.1686064615438848,0.0,0.0,0.0487392113724826,0.0184162062615101,0.1758720930232558,True,train/val only,test,170207,1863,0.0298564350146105,0.3784219001610306
dgraphfin,transductive,sage,6,block_level_graphsafe,best_val_branch,0.0545202075568223,0.0247038593199773,0.7282415423353286,0.0269953051643192,0.0123456790123456,0.0287727539635936,0.0263016639828234,0.029662261380323,0.0542136339237788,0.1782652887366559,0.0,0.0,0.0487881157154026,0.0204678362573099,0.1872257569109258,True,train/val only,test,170207,1863,0.0292514606124769,0.4004294149221685
dgraphfin,transductive,sage,7,block_level_graphsafe,best_val_branch,0.0482357712586183,0.0205544492244505,0.7183105633917963,0.0129107981220657,0.0059044551798174,0.0146799765120375,0.013419216317767,0.0167400881057268,0.0305958132045088,0.2296321537892096,0.0892935498025449,0.0736750424830763,0.0436920965343703,0.0109289617486338,0.2458589293549802,True,train/val only,test,170207,1863,0.0253971869483514,0.4787976382179281
dgraphfin,transductive,sage,8,block_level_graphsafe,graphsafe_tta_full,0.0488197800658401,0.0160132235444178,0.5674523543528142,0.022300469483568,0.0101986044015029,0.0211391661773341,0.0193236714975845,0.016446402349486,0.0300590445517981,0.1869723336878036,-0.1873701703365184,-0.1949545719170691,0.045153521974714,0.0165745856353591,0.1950416849495392,True,train/val only,test,170207,1863,0.0261136712749615,0.3741277509393451
dgraphfin,transductive,sage,9,block_level_graphsafe,graphsafe_tta_full,0.0484551250613045,0.0231461776026712,0.7202461385141673,0.028169014084507,0.0128824476650563,0.0281855549031121,0.0257648953301127,0.0273127753303964,0.0499194847020934,0.1461632012784433,0.0,0.0,0.0454642933733647,0.0182149362477231,0.1505930434010039,True,train/val only,test,170207,1863,0.0266637879851028,0.2651637144390767
dgraphfin,transductive,sage,10,block_level_graphsafe,graphsafe_tta_full,0.0492596175310662,0.0213343065384094,0.6783388802786023,0.0246478873239436,0.0112721417069243,0.0311215502055196,0.0284487385936661,0.0358296622613803,0.0654857756307031,0.1110706375178459,-0.0068809721645201,-0.0110873032774564,0.0465408805031446,0.023391812865497,0.1156003323639385,True,train/val only,test,170207,1863,0.0285936420179682,0.1776704240472356
elliptic,inductive_isolated,gcn,1,block_level_graphsafe,graphsafe_tta_full,0.5148430873621713,0.4710412324809423,0.8774715546806324,0.7619047619047619,0.0590951061865189,0.7305389221556886,0.1126500461680517,0.6676646706586826,0.2059095106186519,0.1828434313137372,0.1139575971731448,0.0196742573599846,0.0,0.0,0.5966386554621849,True,train/val only,test,16670,1083,0.476078431372549,0.5604801477377654
elliptic,inductive_isolated,gcn,2,block_level_graphsafe,graphsafe_tta_full,0.5213903743315508,0.4875784544813856,0.8743075606782436,0.8333333333333334,0.064635272391505,0.8203592814371258,0.1265004616805171,0.7005988023952096,0.2160664819944598,0.1839232153569286,0.1572438162544169,0.0262057098062929,0.0,0.0,0.5945378151260504,True,train/val only,test,16670,1083,0.5038759689922481,0.5401662049861495
elliptic,inductive_isolated,gcn,3,block_level_graphsafe,graphsafe_tta_full,0.5012305168170631,0.505346890529644,0.8824088437928688,0.8333333333333334,0.064635272391505,0.8562874251497006,0.1320406278855032,0.7425149700598802,0.2289935364727608,0.1862027594481103,0.1457597173144876,0.0165471247971474,0.0,0.0,0.5987394957983193,True,train/val only,test,16670,1083,0.4509225092250922,0.564173591874423
elliptic,inductive_isolated,gcn,4,block_level_graphsafe,best_val_branch,0.51319381255687,0.4147945177968485,0.8668361084813854,0.6666666666666666,0.051708217913204,0.6167664670658682,0.0951061865189289,0.5568862275449101,0.1717451523545706,0.1887222555488902,0.1704946996466431,0.0182145345896276,0.0,0.0,0.5945378151260504,True,train/val only,test,16670,1083,0.5058295964125561,0.5207756232686981
elliptic,inductive_isolated,gcn,5,block_level_graphsafe,best_val_branch,0.509392747924858,0.4213167919742409,0.8710705543916045,0.6309523809523809,0.0489381348107109,0.6047904191616766,0.0932594644506001,0.5508982035928144,0.1698984302862419,0.1873425314937012,0.0945229681978798,0.0096717273820613,0.0,0.0,0.5945378151260504,True,train/val only,test,16670,1083,0.4834162520729685,0.5383194829178208
elliptic,inductive_isolated,gcn,6,block_level_graphsafe,graphsafe_tta_full,0.5141811527904849,0.4259116181074172,0.8725301188260857,0.7619047619047619,0.0590951061865189,0.6347305389221557,0.0978762696214219,0.5598802395209581,0.1726685133887349,0.1887222555488902,0.1307420494699646,0.0118078692743926,0.0,0.0,0.5945378151260504,True,train/val only,test,16670,1083,0.5095194922937444,0.5189289012003694
elliptic,inductive_isolated,gcn,7,block_level_graphsafe,best_val_branch,0.5194238323876036,0.4374685787819405,0.8717252065240578,0.7857142857142857,0.0609418282548476,0.6706586826347305,0.1034164358264081,0.5688622754491018,0.175438596491228,0.1831433713257348,0.1227915194346289,0.0182589754769519,0.0,0.0,0.5966386554621849,True,train/val only,test,16670,1083,0.4925496688741722,0.5493998153277931
elliptic,inductive_isolated,gcn,8,block_level_graphsafe,graphsafe_tta_full,0.5229649840836744,0.4300265747739024,0.8734368928910087,0.6785714285714286,0.0526315789473684,0.6347305389221557,0.0978762696214219,0.5419161676646707,0.1671283471837488,0.1848230353929214,0.1351590106007067,0.0178260404974534,0.0,0.0,0.5903361344537815,True,train/val only,test,16670,1083,0.5152329749103942,0.530932594644506
elliptic,inductive_isolated,gcn,9,block_level_graphsafe,best_val_branch,0.5140631761142361,0.4655862956078047,0.8801913733424064,0.7619047619047619,0.0590951061865189,0.7425149700598802,0.1144967682363804,0.6497005988023952,0.2003693444136657,0.1847030593881223,0.1130742049469964,0.0120956640984107,0.0,0.0,0.5861344537815126,True,train/val only,test,16670,1083,0.4837133550488599,0.5484764542936288
elliptic,inductive_isolated,gcn,10,block_level_graphsafe,graphsafe_tta_full,0.5089328826653791,0.4822164257785733,0.8764570245548161,0.8333333333333334,0.064635272391505,0.8263473053892215,0.1274238227146814,0.7005988023952096,0.2160664819944598,0.1944211157768446,0.2040636042402826,0.0280353204970229,0.0,0.0,0.5945378151260504,True,train/val only,test,16670,1083,0.5334008097165992,0.4866112650046168
elliptic,inductive_isolated,sage,1,block_level_graphsafe,best_val_branch,0.4873949579831932,0.4096704842375303,0.8597253636263522,0.7380952380952381,0.0572483841181902,0.6107784431137725,0.0941828254847645,0.5179640718562875,0.1597414589104339,0.2004799040191961,0.0863453815261043,0.0199706527388852,0.0,0.0,0.592436974789916,True,train/val only,test,16670,1083,0.4929178470254957,0.481994459833795
elliptic,inductive_isolated,sage,2,block_level_graphsafe,best_val_branch,0.5477099236641222,0.5093634052738258,0.8667715970188714,0.9404761904761904,0.0729455216989843,0.7604790419161677,0.1172668513388735,0.6826347305389222,0.2105263157894736,0.1790041991601679,0.037159372419488,0.0064154816525995,0.0,0.0,0.592436974789916,True,train/val only,test,16670,1083,0.5666337611056268,0.5300092336103417
elliptic,inductive_isolated,sage,3,block_level_graphsafe,best_val_branch,0.5552536231884059,0.5195174043407335,0.8720410698097552,0.9404761904761904,0.0729455216989843,0.7604790419161677,0.1172668513388735,0.7215568862275449,0.2225300092336103,0.1716856628674265,0.0220883534136546,0.0031032807269736,0.0,0.0,0.5903361344537815,True,train/val only,test,16670,1083,0.5448888888888889,0.5660203139427517
elliptic,inductive_isolated,sage,4,block_level_graphsafe,best_val_branch,0.5529463890119627,0.5231032139358937,0.8713728815256173,0.9642857142857144,0.074792243767313,0.8083832335329342,0.1246537396121883,0.718562874251497,0.2216066481994459,0.1706658668266346,0.0562248995983935,0.0051039204075576,0.0,0.0,0.5861344537815126,True,train/val only,test,16670,1083,0.5315161839863713,0.5761772853185596
elliptic,inductive_isolated,sage,5,block_level_graphsafe,best_val_branch,0.5073937153419594,0.4394341512121472,0.8573348259236083,0.7976190476190477,0.061865189289012,0.6467065868263473,0.0997229916897507,0.562874251497006,0.1735918744228993,0.1920815836832633,0.0903614457831325,0.011983092990622,0.0,0.0,0.5903361344537815,True,train/val only,test,16670,1083,0.5078630897317299,0.5069252077562327
elliptic,inductive_isolated,sage,6,block_level_graphsafe,best_val_branch,0.5151237396883593,0.4212600055731494,0.8722414167025212,0.75,0.0581717451523545,0.6347305389221557,0.0978762696214219,0.5598802395209581,0.1726685133887349,0.1884823035392921,0.097173144876325,0.0170807111952953,0.0,0.0,0.5945378151260504,True,train/val only,test,16670,1083,0.5113739763421292,0.5189289012003694
elliptic,inductive_isolated,sage,7,block_level_graphsafe,best_val_branch,0.5290266259275426,0.4832341833317303,0.8597428095636437,0.9047619047619048,0.0701754385964912,0.7245508982035929,0.1117266851338873,0.6317365269461078,0.1948291782086796,0.1791841631673665,0.0843373493975903,0.0100289130046953,0.0,0.0,0.6029411764705882,True,train/val only,test,16670,1083,0.5016556291390728,0.5595567867036011
elliptic,inductive_isolated,sage,8,block_level_graphsafe,best_val_branch,0.5206463195691202,0.4252363349738167,0.8732587903087788,0.6428571428571429,0.0498614958448753,0.6347305389221557,0.0978762696214219,0.5419161676646707,0.1671283471837488,0.1847630473905219,0.0163800163800163,0.0032552668690626,0.0,0.0,0.592436974789916,True,train/val only,test,16670,1083,0.5065502183406113,0.5355493998153278
elliptic,inductive_isolated,sage,9,block_level_graphsafe,best_val_branch,0.5588803088803089,0.5230466225969194,0.8807770118349803,0.9047619047619048,0.0701754385964912,0.7544910179640718,0.1163434903047091,0.7065868263473054,0.2179132040627885,0.1757648470305939,0.0261044176706827,0.0029682204212275,0.0,0.0,0.5882352941176471,True,train/val only,test,16670,1083,0.5854398382204247,0.5346260387811634
elliptic,inductive_isolated,sage,10,block_level_graphsafe,best_val_branch,0.5333919156414764,0.4802705003490153,0.8742740313047055,0.9047619047619048,0.0701754385964912,0.7365269461077845,0.113573407202216,0.6467065868263473,0.1994459833795014,0.1779244151169766,0.036144578313253,0.0049645299196305,0.0,0.0,0.592436974789916,True,train/val only,test,16670,1083,0.5088013411567477,0.5604801477377654
elliptic,strict_inductive,gcn,1,block_level_graphsafe,graphsafe_tta_full,0.5148430873621713,0.4717374611402775,0.8773528689917924,0.7380952380952381,0.0572483841181902,0.7305389221556886,0.1126500461680517,0.6676646706586826,0.2059095106186519,0.1828434313137372,0.0733215547703179,0.0122504963625754,0.0,0.0,0.5966386554621849,True,train/val only,test,16670,1083,0.476078431372549,0.5604801477377654
elliptic,strict_inductive,gcn,2,block_level_graphsafe,graphsafe_tta_full,0.5213903743315508,0.487640453428764,0.8739454612157858,0.8452380952380952,0.0655586334256694,0.8143712574850299,0.1255771006463527,0.7005988023952096,0.2160664819944598,0.1839232153569286,0.081149619611158,0.014887271538009,0.0,0.0,0.5945378151260504,True,train/val only,test,16670,1083,0.5038759689922481,0.5401662049861495
elliptic,strict_inductive,gcn,3,block_level_graphsafe,best_val_branch,0.4929971988795518,0.5053356997294912,0.8823085222485462,0.8333333333333334,0.064635272391505,0.8562874251497006,0.1320406278855032,0.7425149700598802,0.2289935364727608,0.1880623875224955,0.0417690417690417,0.0117689686504087,0.0,0.0,0.5987394957983193,True,train/val only,test,16670,1083,0.4350282485875706,0.5687903970452447
elliptic,strict_inductive,gcn,4,block_level_graphsafe,best_val_branch,0.51319381255687,0.4147945177968485,0.8668361084813854,0.6666666666666666,0.051708217913204,0.6167664670658682,0.0951061865189289,0.5568862275449101,0.1717451523545706,0.1887222555488902,0.0718512256973795,0.0115846652022522,0.0,0.0,0.5945378151260504,True,train/val only,test,16670,1083,0.5058295964125561,0.5207756232686981
elliptic,strict_inductive,gcn,5,block_level_graphsafe,best_val_branch,0.509392747924858,0.4213167919742409,0.8710705543916045,0.6309523809523809,0.0489381348107109,0.6047904191616766,0.0932594644506001,0.5508982035928144,0.1698984302862419,0.1873425314937012,0.0856890459363957,0.0123406809497482,0.0,0.0,0.5945378151260504,True,train/val only,test,16670,1083,0.4834162520729685,0.5383194829178208
elliptic,strict_inductive,gcn,6,block_level_graphsafe,best_val_branch,0.5151237396883593,0.4212600055731494,0.8722414167025212,0.75,0.0581717451523545,0.6347305389221557,0.0978762696214219,0.5598802395209581,0.1726685133887349,0.1884823035392921,0.0481825866441251,0.0096515270037368,0.0,0.0,0.5945378151260504,True,train/val only,test,16670,1083,0.5113739763421292,0.5189289012003694
elliptic,strict_inductive,gcn,7,block_level_graphsafe,graphsafe_tta_full,0.5205479452054794,0.4373507060829475,0.8716250034580869,0.7976190476190477,0.061865189289012,0.6706586826347305,0.1034164358264081,0.5688622754491018,0.175438596491228,0.183623275344931,0.0608622147083685,0.0084125880256439,0.0,0.0,0.5966386554621849,True,train/val only,test,16670,1083,0.4991525423728813,0.543859649122807
elliptic,strict_inductive,gcn,8,block_level_graphsafe,graphsafe_tta_full,0.5229649840836744,0.4239494324048817,0.8734364189776017,0.6547619047619048,0.0507848568790397,0.6347305389221557,0.0978762696214219,0.5419161676646707,0.1671283471837488,0.1848230353929214,0.0667793744716821,0.0090103550365763,0.0,0.0,0.5903361344537815,True,train/val only,test,16670,1083,0.5152329749103942,0.530932594644506
elliptic,strict_inductive,gcn,9,block_level_graphsafe,best_val_branch,0.5140631761142361,0.4655862956078047,0.8801913733424064,0.7619047619047619,0.0590951061865189,0.7425149700598802,0.1144967682363804,0.6497005988023952,0.2003693444136657,0.1847030593881223,0.0532544378698224,0.0086088342021202,0.0,0.0,0.5861344537815126,True,train/val only,test,16670,1083,0.4837133550488599,0.5484764542936288
elliptic,strict_inductive,gcn,10,block_level_graphsafe,graphsafe_tta_full,0.5089328826653791,0.4782420541914655,0.8760944807985394,0.8333333333333334,0.064635272391505,0.8263473053892215,0.1274238227146814,0.7005988023952096,0.2160664819944598,0.1944211157768446,0.1342756183745583,0.0202977513282371,0.0,0.0,0.5945378151260504,True,train/val only,test,16670,1083,0.5334008097165992,0.4866112650046168
elliptic,strict_inductive,sage,1,block_level_graphsafe,best_val_branch,0.5656565656565657,0.56803585336822,0.8810975846351586,0.988095238095238,0.0766389658356417,0.9461077844311376,0.1458910433979686,0.8353293413173652,0.2576177285318559,0.1729454109178164,0.0106157112526539,0.0033924471783759,0.0,0.0,0.5882352941176471,True,train/val only,test,16670,1083,0.5903614457831325,0.5429362880886427
elliptic,strict_inductive,sage,2,block_level_graphsafe,best_val_branch,0.6198714780029659,0.6405174121102664,0.8873239478337448,1.0,0.077562326869806,1.0,0.1542012927054478,0.940119760479042,0.2899353647276085,0.1555488902219556,0.0100401606425702,0.0008094000652469,0.0,0.0,0.5966386554621849,True,train/val only,test,16670,1083,0.6670212765957447,0.5789473684210527
elliptic,strict_inductive,sage,3,block_level_graphsafe,best_val_branch,0.6131889763779528,0.6446810258958481,0.8874801319209055,0.988095238095238,0.0766389658356417,0.994011976047904,0.1532779316712834,0.9550898203592816,0.2945521698984303,0.1575284943011397,0.0,0.0,0.0,0.0,0.5840336134453782,True,train/val only,test,16670,1083,0.6564805057955743,0.5752539242843951
elliptic,strict_inductive,sage,4,block_level_graphsafe,best_val_branch,0.620821394460363,0.646021729826782,0.8941999870740118,1.0,0.077562326869806,0.9880239520958084,0.1523545706371191,0.9730538922155688,0.3000923361034164,0.1515296940611877,0.0220883534136546,0.0020343546470526,0.0,0.0,0.5819327731092437,True,train/val only,test,16670,1083,0.6429277942631059,0.6001846722068329
elliptic,strict_inductive,sage,5,block_level_graphsafe,best_val_branch,0.5742663656884875,0.5963565204280525,0.8791092809365192,1.0,0.077562326869806,0.9820359281437124,0.1514312096029547,0.8832335329341318,0.2723915050784857,0.1638272345530894,0.0070224719101123,0.0008611218156121,0.0,0.0,0.5903361344537815,True,train/val only,test,16670,1083,0.5618374558303887,0.5872576177285319
elliptic,strict_inductive,sage,6,block_level_graphsafe,best_val_branch,0.5869175627240144,0.6163644243786824,0.8906525971254426,0.988095238095238,0.0766389658356417,0.9820359281437124,0.1514312096029547,0.9041916167664672,0.2788550323176362,0.1580083983203359,0.0220883534136546,0.0024363113463701,0.0,0.0,0.5903361344537815,True,train/val only,test,16670,1083,0.5700609225413403,0.6048014773776547
elliptic,strict_inductive,sage,7,block_level_graphsafe,best_val_branch,0.5855588526211671,0.5988955599647827,0.8804367716284156,0.988095238095238,0.0766389658356417,0.9880239520958084,0.1523545706371191,0.8832335329341318,0.2723915050784857,0.1680863827234553,0.0361445783132529,0.0036215248780595,0.0,0.0,0.5945378151260504,True,train/val only,test,16670,1083,0.630457933972311,0.5466297322253001
elliptic,strict_inductive,sage,8,block_level_graphsafe,best_val_branch,0.5792245093346099,0.5592367001310002,0.885956233741438,0.9523809523809524,0.0738688827331486,0.8562874251497006,0.1320406278855032,0.8023952095808383,0.247460757156048,0.1674265146970605,0.0321285140562249,0.0035575830392852,0.0,0.0,0.5987394957983193,True,train/val only,test,16670,1083,0.6013916500994035,0.5586334256694367
elliptic,strict_inductive,sage,9,block_level_graphsafe,best_val_branch,0.5965858041329739,0.622940149376294,0.8951871190809919,1.0,0.077562326869806,0.9880239520958084,0.1523545706371191,0.9041916167664672,0.2788550323176362,0.1544091181763647,0.0087994971715901,0.0008203221259831,0.0,0.0,0.5882352941176471,True,train/val only,test,16670,1083,0.5809273840769904,0.6131117266851339
elliptic,strict_inductive,sage,10,block_level_graphsafe,best_val_branch,0.5977011494252874,0.6209115473432685,0.8928605596881792,1.0,0.077562326869806,0.9880239520958084,0.1523545706371191,0.9101796407185628,0.2807017543859649,0.1605278944211157,0.0070257611241217,0.0008117647209278,0.0,0.0,0.5945378151260504,True,train/val only,test,16670,1083,0.6208955223880597,0.5761772853185596
elliptic,transductive,gcn,1,block_level_graphsafe,graphsafe_tta_full,0.5273997793306362,0.3696964689832989,0.8654326731660336,0.3095238095238095,0.0240073868882733,0.4251497005988024,0.0655586334256694,0.3982035928143712,0.1228070175438596,0.1649070185962807,0.1072992700729927,0.0127555136285644,0.0,0.0,0.5966386554621849,True,train/val only,test,16670,1083,0.4382640586797066,0.6620498614958449
elliptic,transductive,gcn,2,block_level_graphsafe,graphsafe_tta_full,0.5250368188512519,0.4344620932444881,0.8607342660304617,0.5119047619047619,0.0397045244690674,0.5988023952095808,0.0923361034164358,0.6347305389221557,0.1957525392428439,0.1661667666466706,0.0700729927007299,0.0141492139526662,0.0,0.0,0.5966386554621849,True,train/val only,test,16670,1083,0.4366197183098591,0.6583564173591875
elliptic,transductive,gcn,3,block_level_graphsafe,graphsafe_tta_full,0.563130294473578,0.3824422186226234,0.8699940304682484,0.4404761904761904,0.0341643582640812,0.4011976047904191,0.061865189289012,0.3622754491017964,0.1117266851338873,0.1573485302939412,0.0386861313868613,0.0066737795155595,0.0,0.0,0.5966386554621849,True,train/val only,test,16670,1083,0.5,0.644506001846722
elliptic,transductive,gcn,4,block_level_graphsafe,graphsafe_tta_full,0.5278276481149012,0.460924243120203,0.8639892514069748,0.7023809523809523,0.0544783010156971,0.7005988023952096,0.1080332409972299,0.6227544910179641,0.1920590951061865,0.1623875224955009,0.0737226277372262,0.0143627649618637,0.0,0.0,0.6050420168067226,True,train/val only,test,16670,1083,0.4318448883666275,0.6786703601108033
elliptic,transductive,gcn,5,block_level_graphsafe,graphsafe_tta_full,0.5333817126269956,0.4480937300621227,0.8666104072213503,0.5833333333333334,0.0452446906740535,0.6287425149700598,0.0969529085872576,0.6287425149700598,0.1939058171745152,0.1606478704259148,0.0897810218978102,0.0111089065330771,0.0,0.0,0.5945378151260504,True,train/val only,test,16670,1083,0.4393305439330544,0.6786703601108033
elliptic,transductive,gcn,6,block_level_graphsafe,graphsafe_tta_full,0.5369496855345911,0.368571759798725,0.8643571859282551,0.5476190476190477,0.0424746075715604,0.4311377245508982,0.0664819944598338,0.3323353293413174,0.1024930747922437,0.1666466706658668,0.0759124087591241,0.0100688036659994,0.0,0.0,0.5945378151260504,True,train/val only,test,16670,1083,0.4674880219028063,0.6306555863342567
elliptic,transductive,gcn,7,block_level_graphsafe,graphsafe_tta_full,0.523109243697479,0.4561742304600689,0.8714444720696468,0.5833333333333334,0.0452446906740535,0.6227544910179641,0.0960295475530932,0.6377245508982036,0.1966759002770083,0.1623275344931014,0.1043795620437956,0.0148521903100339,0.0,0.0,0.6008403361344538,True,train/val only,test,16670,1083,0.4213197969543147,0.6897506925207756
elliptic,transductive,gcn,8,block_level_graphsafe,graphsafe_tta_full,0.5170517051705171,0.3421880218425089,0.8498224986954053,0.4047619047619047,0.0313942751615881,0.3712574850299401,0.0572483841181902,0.3383233532934132,0.1043397968605724,0.1697060587882423,0.0671532846715328,0.0131554474997078,0.0,0.0,0.6365546218487395,True,train/val only,test,16670,1083,0.4288321167883211,0.6509695290858726
elliptic,transductive,gcn,9,block_level_graphsafe,graphsafe_tta_full,0.531441717791411,0.4184292319938977,0.859749947884335,0.5833333333333334,0.0452446906740535,0.6167664670658682,0.0951061865189289,0.5808383233532934,0.1791320406278855,0.1668866226754649,0.0737226277372262,0.0107749559412711,0.0,0.0,0.5945378151260504,True,train/val only,test,16670,1083,0.4544262295081967,0.6398891966759003
elliptic,transductive,gcn,10,block_level_graphsafe,graphsafe_tta_full,0.5171075837742505,0.3665060708337991,0.8534285058084901,0.3333333333333333,0.025854108956602,0.4491017964071856,0.0692520775623268,0.4341317365269461,0.1338873499538319,0.1661067786442711,0.1321167883211678,0.0163655876290389,0.0,0.0,0.6071428571428571,True,train/val only,test,16670,1083,0.41837899543379,0.6768236380424746
elliptic,transductive,sage,1,block_level_graphsafe,best_val_branch,0.4951923076923076,0.447093399390547,0.8537938041864445,0.9523809523809524,0.0738688827331486,0.7005988023952096,0.1080332409972299,0.5508982035928144,0.1698984302862419,0.1750449910017996,0.1197478991596638,0.02184183744135,0.0,0.0,0.7163865546218487,True,train/val only,test,16670,1083,0.3942044833242208,0.6657433056325023
elliptic,transductive,sage,2,block_level_graphsafe,best_val_branch,0.5818847209515097,0.5440721956998189,0.871110303878608,0.8928571428571429,0.0692520775623268,0.844311377245509,0.1301939058171745,0.7544910179640718,0.2326869806094182,0.1620875824835033,0.0608622147083685,0.0111923891522765,0.0,0.0,0.5966386554621849,True,train/val only,test,16670,1083,0.5766092475067996,0.5872576177285319
elliptic,transductive,sage,3,block_level_graphsafe,best_val_branch,0.5494071146245059,0.555314980492425,0.8681089510335489,0.988095238095238,0.0766389658356417,0.9520958083832336,0.1468144044321329,0.7604790419161677,0.234533702677747,0.1614877024595081,0.0247349823321554,0.0089466331392547,0.0,0.0,0.615546218487395,True,train/val only,test,16670,1083,0.4803040774015203,0.641735918744229
elliptic,transductive,sage,4,block_level_graphsafe,best_val_branch,0.5527442584663292,0.5369115042180055,0.8736427194075419,1.0,0.077562326869806,0.9221556886227544,0.1421975992613111,0.7544910179640718,0.2326869806094182,0.1584283143371326,0.0401606425702811,0.0069448311892077,0.0,0.0,0.6113445378151261,True,train/val only,test,16670,1083,0.477792732166891,0.6555863342566943
elliptic,transductive,sage,5,block_level_graphsafe,best_val_branch,0.5383647798742138,0.4336331027760166,0.8633385386797163,0.8333333333333334,0.064635272391505,0.6407185628742516,0.0987996306555863,0.5089820359281437,0.1569713758079409,0.1718656268746251,0.0859788359788359,0.0238646036286081,0.0,0.0,0.6071428571428571,True,train/val only,test,16670,1083,0.4930875576036866,0.592797783933518
elliptic,transductive,sage,6,block_level_graphsafe,best_val_branch,0.566213921901528,0.5631574012144592,0.8699020024085464,0.9761904761904762,0.0757156048014773,0.9461077844311376,0.1458910433979686,0.8173652694610778,0.2520775623268698,0.1611277744451109,0.0305532617671346,0.0066872774598369,0.0,0.0,0.6029411764705882,True,train/val only,test,16670,1083,0.5239591516103692,0.615881809787627
elliptic,transductive,sage,7,block_level_graphsafe,best_val_branch,0.5440826052422557,0.5003291546629858,0.8710303902303699,0.9523809523809524,0.0738688827331486,0.8023952095808383,0.123730378578024,0.6676646706586826,0.2059095106186519,0.164367126574685,0.0502008032128513,0.014936116786431,0.0,0.0,0.6071428571428571,True,train/val only,test,16670,1083,0.4773519163763066,0.6325023084025854
elliptic,transductive,sage,8,block_level_graphsafe,best_val_branch,0.5157847932414407,0.4526179073985875,0.8716851312215871,0.75,0.0581717451523545,0.6766467065868264,0.1043397968605724,0.6137724550898204,0.1892890120036934,0.1860227954409118,0.0945229681978798,0.0247127465162725,0.0,0.0,0.6113445378151261,True,train/val only,test,16670,1083,0.4974271012006861,0.5355493998153278
elliptic,transductive,sage,9,block_level_graphsafe,best_val_branch,0.5473684210526316,0.5038806709480083,0.8653814312789128,0.9523809523809524,0.0738688827331486,0.8323353293413174,0.1283471837488458,0.6856287425149701,0.211449676823638,0.1647270545890821,0.0562248995983935,0.0113331204232766,0.0,0.0,0.6260504201680672,True,train/val only,test,16670,1083,0.487382840663302,0.6241920590951062
elliptic,transductive,sage,10,block_level_graphsafe,best_val_branch,0.5439928539526574,0.5151870678433143,0.8720586934645742,0.9166666666666666,0.0710987996306555,0.8083832335329342,0.1246537396121883,0.7275449101796407,0.224376731301939,0.1749850029994001,0.0997464074387151,0.0246217318066065,0.0,0.0,0.5966386554621849,True,train/val only,test,16670,1083,0.5268166089965398,0.5623268698060941
elliptic,strict_inductive,gcn,1,no_prior_graphsafe,graphsafe_no_tta,0.5101281521289789,0.4717374611402775,0.8773528689917924,0.7380952380952381,0.0572483841181902,0.7305389221556886,0.1126500461680517,0.6676646706586826,0.2059095106186519,0.1829034193161367,0.0636042402826854,0.0120055283318362,0.0,0.0,0.5987394957983193,False,train/val only,test,16670,1083,0.4618263473053892,0.569713758079409
elliptic,strict_inductive,sage,1,no_prior_graphsafe,graphsafe_no_tta,0.5656565656565657,0.56803585336822,0.8810975846351586,0.988095238095238,0.0766389658356417,0.9461077844311376,0.1458910433979686,0.8353293413173652,0.2576177285318559,0.1729454109178164,0.0106157112526539,0.0033924471783759,0.0,0.0,0.5882352941176471,False,train/val only,test,16670,1083,0.5903614457831325,0.5429362880886427
elliptic,strict_inductive,gcn,2,no_prior_graphsafe,graphsafe_no_tta,0.5185185185185185,0.487640453428764,0.8739454612157858,0.8452380952380952,0.0655586334256694,0.8143712574850299,0.1255771006463527,0.7005988023952096,0.2160664819944598,0.1833833233353329,0.0760777683854607,0.0148426035882362,0.0,0.0,0.5945378151260504,False,train/val only,test,16670,1083,0.4909240924092409,0.5493998153277931
elliptic,strict_inductive,sage,2,no_prior_graphsafe,graphsafe_no_tta,0.5210084033613446,0.5722964995044744,0.8788807361960428,0.9523809523809524,0.0738688827331486,0.9640718562874252,0.1486611265004616,0.9221556886227544,0.2843951985226223,0.183503299340132,0.1280918727915194,0.0274902018502074,0.0,0.0,0.6050420168067226,False,train/val only,test,16670,1083,0.5,0.543859649122807
elliptic,strict_inductive,gcn,3,no_prior_graphsafe,graphsafe_no_tta,0.48921991375931,0.4753493633786706,0.8799293584675678,0.8333333333333334,0.064635272391505,0.7844311377245509,0.1209602954755309,0.7155688622754491,0.2206832871652816,0.1883023395320935,0.0458640458640458,0.0110659145626379,0.0,0.0,0.5987394957983193,False,train/val only,test,16670,1083,0.4250681198910082,0.5761772853185596
elliptic,strict_inductive,sage,3,no_prior_graphsafe,graphsafe_no_tta,0.4931945556445156,0.5849091446974057,0.8869266306812369,0.988095238095238,0.0766389658356417,0.9880239520958084,0.1523545706371191,0.9461077844311376,0.2917820867959372,0.1880023995200959,0.1157243816254416,0.0306983301551454,0.0,0.0,0.5987394957983193,False,train/val only,test,16670,1083,0.4353356890459364,0.5687903970452447
elliptic,strict_inductive,gcn,4,no_prior_graphsafe,graphsafe_no_tta,0.51319381255687,0.4175909681713168,0.8668608408373079,0.6666666666666666,0.051708217913204,0.6167664670658682,0.0951061865189289,0.5568862275449101,0.1717451523545706,0.1887222555488902,0.0718512256973795,0.0115846652022522,0.0,0.0,0.5945378151260504,False,train/val only,test,16670,1083,0.5058295964125561,0.5207756232686981
elliptic,strict_inductive,sage,4,no_prior_graphsafe,graphsafe_no_tta,0.5096065873741995,0.543665184201978,0.8688962693003457,0.9523809523809524,0.0738688827331486,0.9640718562874252,0.1486611265004616,0.9131736526946108,0.2816251154201292,0.1905218956208758,0.1669611307420494,0.0363989090034654,0.0,0.0,0.5945378151260504,False,train/val only,test,16670,1083,0.5049864007252947,0.5143120960295475
elliptic,strict_inductive,gcn,5,no_prior_graphsafe,graphsafe_no_tta,0.513819664703217,0.4253381300624997,0.8697485433234753,0.7142857142857143,0.0554016620498614,0.6467065868263473,0.0997229916897507,0.592814371257485,0.1828254847645429,0.1881823635272945,0.097173144876325,0.0123964288496005,0.0,0.0,0.5945378151260504,False,train/val only,test,16670,1083,0.5044483985765125,0.5235457063711911
elliptic,strict_inductive,sage,5,no_prior_graphsafe,graphsafe_no_tta,0.5117903930131005,0.5511069749796288,0.8722275843549574,0.988095238095238,0.0766389658356417,0.9760479041916168,0.1505078485687904,0.8712574850299402,0.2686980609418282,0.1863227354529094,0.1174911660777385,0.0230145422124656,0.0,0.0,0.6050420168067226,False,train/val only,test,16670,1083,0.4855012427506214,0.541089566020314
elliptic,strict_inductive,gcn,6,no_prior_graphsafe,graphsafe_no_tta,0.5151237396883593,0.4253954387991079,0.8719350909241377,0.8214285714285714,0.0637119113573407,0.6526946107784432,0.100646352723915,0.5508982035928144,0.1698984302862419,0.1884823035392921,0.0481825866441251,0.0096515270037368,0.0,0.0,0.5945378151260504,False,train/val only,test,16670,1083,0.5113739763421292,0.5189289012003694
elliptic,strict_inductive,sage,6,no_prior_graphsafe,graphsafe_no_tta,0.5162187210379982,0.550669959261281,0.8760646834930806,0.9642857142857144,0.074792243767313,0.9580838323353292,0.1477377654662973,0.9011976047904192,0.2779316712834718,0.1888422315536892,0.1545936395759717,0.0311183800364245,0.0,0.0,0.6050420168067226,False,train/val only,test,16670,1083,0.5181395348837209,0.5143120960295475
elliptic,strict_inductive,gcn,7,no_prior_graphsafe,graphsafe_no_tta,0.5194238323876036,0.4373507060829475,0.8716250034580869,0.7976190476190477,0.061865189289012,0.6706586826347305,0.1034164358264081,0.5688622754491018,0.175438596491228,0.1831433713257348,0.0574809805579036,0.0081093030411139,0.0,0.0,0.5966386554621849,False,train/val only,test,16670,1083,0.4925496688741722,0.5493998153277931
elliptic,strict_inductive,sage,7,no_prior_graphsafe,graphsafe_no_tta,0.5855588526211671,0.5988955599647827,0.8804367716284156,0.988095238095238,0.0766389658356417,0.9880239520958084,0.1523545706371191,0.8832335329341318,0.2723915050784857,0.1680863827234553,0.0361445783132529,0.0036215248780595,0.0,0.0,0.5945378151260504,False,train/val only,test,16670,1083,0.630457933972311,0.5466297322253001
elliptic,strict_inductive,gcn,8,no_prior_graphsafe,graphsafe_no_tta,0.5206463195691202,0.4239494324048817,0.8734364189776017,0.6547619047619048,0.0507848568790397,0.6347305389221557,0.0978762696214219,0.5419161676646707,0.1671283471837488,0.1847630473905219,0.0676246830092983,0.0088316679599579,0.0,0.0,0.592436974789916,False,train/val only,test,16670,1083,0.5065502183406113,0.5355493998153278
elliptic,strict_inductive,sage,8,no_prior_graphsafe,graphsafe_no_tta,0.5792245093346099,0.5592367001310002,0.885956233741438,0.9523809523809524,0.0738688827331486,0.8562874251497006,0.1320406278855032,0.8023952095808383,0.247460757156048,0.1674265146970605,0.0321285140562249,0.0035575830392852,0.0,0.0,0.5987394957983193,False,train/val only,test,16670,1083,0.6013916500994035,0.5586334256694367
elliptic,strict_inductive,gcn,9,no_prior_graphsafe,graphsafe_no_tta,0.5095594347464673,0.4528462353463413,0.8774826916456945,0.8571428571428571,0.0664819944598338,0.718562874251497,0.1108033240997229,0.6227544910179641,0.1920590951061865,0.1835632873425315,0.0498732037193575,0.007853040794388,0.0,0.0,0.5861344537815126,False,train/val only,test,16670,1083,0.4633408919123205,0.5660203139427517
elliptic,strict_inductive,sage,9,no_prior_graphsafe,graphsafe_no_tta,0.5965858041329739,0.622940149376294,0.8951871190809919,1.0,0.077562326869806,0.9880239520958084,0.1523545706371191,0.9041916167664672,0.2788550323176362,0.1544091181763647,0.0087994971715901,0.0008203221259831,0.0,0.0,0.5882352941176471,False,train/val only,test,16670,1083,0.5809273840769904,0.6131117266851339
elliptic,strict_inductive,gcn,10,no_prior_graphsafe,graphsafe_no_tta,0.5128205128205128,0.4782420541914655,0.8760944807985394,0.8333333333333334,0.064635272391505,0.8263473053892215,0.1274238227146814,0.7005988023952096,0.2160664819944598,0.1918416316736652,0.1254416961130742,0.0176946756619483,0.0,0.0,0.5945378151260504,False,train/val only,test,16670,1083,0.5278592375366569,0.4986149584487535
elliptic,strict_inductive,sage,10,no_prior_graphsafe,graphsafe_no_tta,0.514121589277166,0.5552023075588478,0.8776331295327966,0.9761904761904762,0.0757156048014773,0.9640718562874252,0.1486611265004616,0.8982035928143712,0.2770083102493075,0.1919016196760647,0.131625441696113,0.0293840194241459,0.0,0.0,0.5945378151260504,False,train/val only,test,16670,1083,0.5337972166998012,0.4958448753462603
elliptic,inductive_isolated,gcn,1,no_prior_graphsafe,graphsafe_no_tta,0.5101281521289789,0.4710412324809423,0.8774715546806324,0.7619047619047619,0.0590951061865189,0.7305389221556886,0.1126500461680517,0.6676646706586826,0.2059095106186519,0.1829034193161367,0.1042402826855123,0.0194292893292453,0.0,0.0,0.5987394957983193,False,train/val only,test,16670,1083,0.4618263473053892,0.569713758079409
elliptic,inductive_isolated,sage,1,no_prior_graphsafe,graphsafe_no_tta,0.5111847555923779,0.4299465513698834,0.8729945539648455,0.7619047619047619,0.0590951061865189,0.6167664670658682,0.0951061865189289,0.5449101796407185,0.1680517082179132,0.1826034793041391,0.0248175182481751,0.0041194379346893,0.0,0.0,0.5987394957983193,False,train/val only,test,16670,1083,0.4635612321562735,0.569713758079409
elliptic,inductive_isolated,gcn,2,no_prior_graphsafe,graphsafe_no_tta,0.5185185185185185,0.4875784544813856,0.8743075606782436,0.8333333333333334,0.064635272391505,0.8203592814371258,0.1265004616805171,0.7005988023952096,0.2160664819944598,0.1833833233353329,0.161660777385159,0.0261610418565201,0.0,0.0,0.5945378151260504,False,train/val only,test,16670,1083,0.4909240924092409,0.5493998153277931
elliptic,inductive_isolated,sage,2,no_prior_graphsafe,graphsafe_no_tta,0.5185185185185185,0.4866874001766001,0.8738670581665321,0.8333333333333334,0.064635272391505,0.8143712574850299,0.1255771006463527,0.7005988023952096,0.2160664819944598,0.1833833233353329,0.0859788359788359,0.0120870568844051,0.0,0.0,0.5945378151260504,False,train/val only,test,16670,1083,0.4909240924092409,0.5493998153277931
elliptic,inductive_isolated,gcn,3,no_prior_graphsafe,graphsafe_no_tta,0.4929971988795518,0.505346890529644,0.8824088437928688,0.8333333333333334,0.064635272391505,0.8562874251497006,0.1320406278855032,0.7425149700598802,0.2289935364727608,0.1880623875224955,0.1395759717314487,0.0173862625034825,0.0,0.0,0.5987394957983193,False,train/val only,test,16670,1083,0.4350282485875706,0.5687903970452447
elliptic,inductive_isolated,sage,3,no_prior_graphsafe,graphsafe_no_tta,0.4923939151321057,0.470685271804942,0.8795020662920736,0.9047619047619048,0.0701754385964912,0.7724550898203593,0.1191135734072022,0.6347305389221557,0.1957525392428439,0.1883623275344931,0.0874558303886925,0.0201365968365166,0.0,0.0,0.5987394957983193,False,train/val only,test,16670,1083,0.4346289752650176,0.5678670360110804
elliptic,inductive_isolated,gcn,4,no_prior_graphsafe,graphsafe_no_tta,0.5125398996808026,0.5093601202941178,0.8703977454517494,0.9047619047619048,0.0701754385964912,0.8922155688622755,0.1375807940904893,0.8143712574850299,0.2511542012927054,0.1891421715656868,0.1740282685512367,0.0186951728345696,0.0,0.0,0.5945378151260504,False,train/val only,test,16670,1083,0.5063063063063064,0.5189289012003694
elliptic,inductive_isolated,sage,4,no_prior_graphsafe,graphsafe_no_tta,0.51319381255687,0.4164331473721743,0.8667293594864817,0.6666666666666666,0.051708217913204,0.6167664670658682,0.0951061865189289,0.5568862275449101,0.1717451523545706,0.1887222555488902,0.107773851590106,0.0208019235115457,0.0,0.0,0.5945378151260504,False,train/val only,test,16670,1083,0.5058295964125561,0.5207756232686981
elliptic,inductive_isolated,gcn,5,no_prior_graphsafe,graphsafe_no_tta,0.514209591474245,0.4389269650306302,0.8703979527888649,0.7261904761904762,0.0563250230840258,0.6946107784431138,0.1071098799630655,0.6227544910179641,0.1920590951061865,0.1865626874625075,0.0945229681978798,0.0086687323075482,0.0,0.0,0.5945378151260504,False,train/val only,test,16670,1083,0.495295124037639,0.5346260387811634
elliptic,inductive_isolated,sage,5,no_prior_graphsafe,graphsafe_no_tta,0.5046072838964458,0.4253039757655208,0.8665500721207346,0.8333333333333334,0.064635272391505,0.6586826347305389,0.1015697137580794,0.5568862275449101,0.1717451523545706,0.189622075584883,0.0317460317460317,0.0086235359275153,0.0,0.0,0.5945378151260504,False,train/val only,test,16670,1083,0.4807692307692308,0.530932594644506
elliptic,inductive_isolated,gcn,6,no_prior_graphsafe,graphsafe_no_tta,0.5151237396883593,0.4259116181074172,0.8725301188260857,0.7619047619047619,0.0590951061865189,0.6347305389221557,0.0978762696214219,0.5598802395209581,0.1726685133887349,0.1884823035392921,0.1307420494699646,0.011450281718023,0.0,0.0,0.5945378151260504,False,train/val only,test,16670,1083,0.5113739763421292,0.5189289012003694
elliptic,inductive_isolated,sage,6,no_prior_graphsafe,graphsafe_no_tta,0.508068234209313,0.4349252925163062,0.8689611065783268,0.8571428571428571,0.0664819944598338,0.7664670658682635,0.1181902123730378,0.5718562874251497,0.1763619575253924,0.1916616676664667,0.1139575971731448,0.0195745027720563,0.0,0.0,0.5945378151260504,False,train/val only,test,16670,1083,0.507366482504604,0.5087719298245614
elliptic,inductive_isolated,gcn,7,no_prior_graphsafe,graphsafe_no_tta,0.51984300043611,0.5125100369955375,0.8728673082150934,0.8809523809523809,0.0683287165281625,0.9221556886227544,0.1421975992613111,0.8143712574850299,0.2511542012927054,0.1829034193161367,0.127208480565371,0.0182936519937492,0.0,0.0,0.5966386554621849,False,train/val only,test,16670,1083,0.4925619834710744,0.5503231763619575
elliptic,inductive_isolated,sage,7,no_prior_graphsafe,graphsafe_no_tta,0.5148861646234676,0.4544835780038768,0.8692695649670414,0.9047619047619048,0.0701754385964912,0.7664670658682635,0.1181902123730378,0.6137724550898204,0.1892890120036934,0.185242951409718,0.0750883392226148,0.0131905179646612,0.0,0.0,0.5966386554621849,False,train/val only,test,16670,1083,0.4895920066611157,0.5429362880886427
elliptic,inductive_isolated,gcn,8,no_prior_graphsafe,graphsafe_no_tta,0.5206463195691202,0.4300265747739024,0.8734368928910087,0.6785714285714286,0.0526315789473684,0.6347305389221557,0.0978762696214219,0.5419161676646707,0.1671283471837488,0.1847630473905219,0.1245583038869258,0.017647353420835,0.0,0.0,0.592436974789916,False,train/val only,test,16670,1083,0.5065502183406113,0.5355493998153278
elliptic,inductive_isolated,sage,8,no_prior_graphsafe,graphsafe_no_tta,0.5208801077682982,0.4136188536268113,0.8657819769665052,0.7023809523809523,0.0544783010156971,0.6047904191616766,0.0932594644506001,0.5359281437125748,0.1652816251154201,0.1847030593881223,0.0163800163800163,0.0032133645015788,0.0,0.0,0.592436974789916,False,train/val only,test,16670,1083,0.506993006993007,0.5355493998153278
elliptic,inductive_isolated,gcn,9,no_prior_graphsafe,graphsafe_no_tta,0.5128637705609447,0.5280269451190285,0.879992951722856,0.8928571428571429,0.0692520775623268,0.9281437125748504,0.1431209602954755,0.8383233532934131,0.2585410895660203,0.1832633473305339,0.1139575971731449,0.0112700650718256,0.0,0.0,0.5861344537815126,False,train/val only,test,16670,1083,0.4720496894409938,0.5614035087719298
elliptic,inductive_isolated,sage,9,no_prior_graphsafe,graphsafe_no_tta,0.5128637705609447,0.4694736419663315,0.8784370347688348,0.9047619047619048,0.0701754385964912,0.7664670658682635,0.1181902123730378,0.6437125748502994,0.198522622345337,0.1832633473305339,0.0489417989417989,0.0095694462981905,0.0,0.0,0.5861344537815126,False,train/val only,test,16670,1083,0.4720496894409938,0.5614035087719298
elliptic,inductive_isolated,gcn,10,no_prior_graphsafe,graphsafe_no_tta,0.5128205128205128,0.4822164257785733,0.8764570245548161,0.8333333333333334,0.064635272391505,0.8263473053892215,0.1274238227146814,0.7005988023952096,0.2160664819944598,0.1918416316736652,0.1952296819787985,0.0254322448307341,0.0,0.0,0.5945378151260504,False,train/val only,test,16670,1083,0.5278592375366569,0.4986149584487535
elliptic,inductive_isolated,sage,10,no_prior_graphsafe,graphsafe_no_tta,0.5128205128205128,0.47758836237046,0.8758015134543128,0.8452380952380952,0.0655586334256694,0.8263473053892215,0.1274238227146814,0.7005988023952096,0.2160664819944598,0.1918416316736652,0.0865724381625441,0.0173255155039472,0.0,0.0,0.5945378151260504,False,train/val only,test,16670,1083,0.5278592375366569,0.4986149584487535
elliptic,transductive,gcn,1,no_prior_graphsafe,graphsafe_no_tta,0.5207057976233346,0.3696964689832989,0.8654326731660336,0.3095238095238095,0.0240073868882733,0.4251497005988024,0.0655586334256694,0.3982035928143712,0.1228070175438596,0.1662267546490702,0.1138686131386861,0.0146914908367993,0.0,0.0,0.5966386554621849,False,train/val only,test,16670,1083,0.4268004722550177,0.667590027700831
elliptic,transductive,sage,1,no_prior_graphsafe,graphsafe_no_tta,0.4951923076923076,0.447093399390547,0.8537938041864445,0.9523809523809524,0.0738688827331486,0.7005988023952096,0.1080332409972299,0.5508982035928144,0.1698984302862419,0.1750449910017996,0.1197478991596638,0.02184183744135,0.0,0.0,0.7163865546218487,False,train/val only,test,16670,1083,0.3942044833242208,0.6657433056325023
elliptic,transductive,gcn,2,no_prior_graphsafe,graphsafe_no_tta,0.5206671501087744,0.4344620932444881,0.8607342660304617,0.5119047619047619,0.0397045244690674,0.5988023952095808,0.0923361034164358,0.6347305389221557,0.1957525392428439,0.1668866226754649,0.0737226277372262,0.0148372096835563,0.0,0.0,0.5966386554621849,False,train/val only,test,16670,1083,0.4286567164179104,0.6629732225300092
elliptic,transductive,sage,2,no_prior_graphsafe,graphsafe_no_tta,0.5818847209515097,0.5440721956998189,0.871110303878608,0.8928571428571429,0.0692520775623268,0.844311377245509,0.1301939058171745,0.7544910179640718,0.2326869806094182,0.1620875824835033,0.0608622147083685,0.0111923891522765,0.0,0.0,0.5966386554621849,False,train/val only,test,16670,1083,0.5766092475067996,0.5872576177285319
elliptic,transductive,gcn,3,no_prior_graphsafe,graphsafe_no_tta,0.560897435897436,0.3824422186226234,0.8699940304682484,0.4404761904761904,0.0341643582640812,0.4011976047904191,0.061865189289012,0.3622754491017964,0.1117266851338873,0.1576484703059388,0.0401459854014598,0.0069863045312316,0.0,0.0,0.5987394957983193,False,train/val only,test,16670,1083,0.4953998584571833,0.6463527239150508
elliptic,transductive,sage,3,no_prior_graphsafe,graphsafe_no_tta,0.5494071146245059,0.555314980492425,0.8681089510335489,0.988095238095238,0.0766389658356417,0.9520958083832336,0.1468144044321329,0.7604790419161677,0.234533702677747,0.1614877024595081,0.0247349823321554,0.0089466331392547,0.0,0.0,0.615546218487395,False,train/val only,test,16670,1083,0.4803040774015203,0.641735918744229
elliptic,transductive,gcn,4,no_prior_graphsafe,graphsafe_no_tta,0.5197621545995103,0.460924243120203,0.8639892514069748,0.7023809523809523,0.0544783010156971,0.7005988023952096,0.1080332409972299,0.6227544910179641,0.1920590951061865,0.1639472105578884,0.0788321167883211,0.0162589874322115,0.0,0.0,0.6071428571428571,False,train/val only,test,16670,1083,0.4183558558558558,0.6860572483841182
elliptic,transductive,sage,4,no_prior_graphsafe,graphsafe_no_tta,0.5527442584663292,0.5369115042180055,0.8736427194075419,1.0,0.077562326869806,0.9221556886227544,0.1421975992613111,0.7544910179640718,0.2326869806094182,0.1584283143371326,0.0401606425702811,0.0069448311892077,0.0,0.0,0.6113445378151261,False,train/val only,test,16670,1083,0.477792732166891,0.6555863342566943
elliptic,transductive,gcn,5,no_prior_graphsafe,graphsafe_no_tta,0.5319379285456515,0.4480937300621227,0.8666104072213503,0.5833333333333334,0.0452446906740535,0.6287425149700598,0.0969529085872576,0.6287425149700598,0.1939058171745152,0.1608278344331133,0.0912408759124087,0.0111986833516124,0.0,0.0,0.5945378151260504,False,train/val only,test,16670,1083,0.4366113744075829,0.6805170821791321
elliptic,transductive,sage,5,no_prior_graphsafe,graphsafe_no_tta,0.5383647798742138,0.4336331027760166,0.8633385386797163,0.8333333333333334,0.064635272391505,0.6407185628742516,0.0987996306555863,0.5089820359281437,0.1569713758079409,0.1718656268746251,0.0859788359788359,0.0238646036286081,0.0,0.0,0.6071428571428571,False,train/val only,test,16670,1083,0.4930875576036866,0.592797783933518
elliptic,transductive,gcn,6,no_prior_graphsafe,graphsafe_no_tta,0.5347303065580132,0.368571759798725,0.8643571859282551,0.5476190476190477,0.0424746075715604,0.4311377245508982,0.0664819944598338,0.3323353293413174,0.1024930747922437,0.1664667066586682,0.0781021897810218,0.0100945662411151,0.0,0.0,0.5945378151260504,False,train/val only,test,16670,1083,0.4611780455153949,0.6361957525392429
elliptic,transductive,sage,6,no_prior_graphsafe,graphsafe_no_tta,0.566213921901528,0.5631574012144592,0.8699020024085464,0.9761904761904762,0.0757156048014773,0.9461077844311376,0.1458910433979686,0.8173652694610778,0.2520775623268698,0.1611277744451109,0.0305532617671346,0.0066872774598369,0.0,0.0,0.6029411764705882,False,train/val only,test,16670,1083,0.5239591516103692,0.615881809787627
elliptic,transductive,gcn,7,no_prior_graphsafe,graphsafe_no_tta,0.5163511187607573,0.4561742304600689,0.8714444720696468,0.5833333333333334,0.0452446906740535,0.6227544910179641,0.0960295475530932,0.6377245508982036,0.1966759002770083,0.1641871625674865,0.1094890510948905,0.0162373700699123,0.0,0.0,0.6008403361344538,False,train/val only,test,16670,1083,0.411635565312843,0.6925207756232687
elliptic,transductive,sage,7,no_prior_graphsafe,graphsafe_no_tta,0.5440826052422557,0.5003291546629858,0.8710303902303699,0.9523809523809524,0.0738688827331486,0.8023952095808383,0.123730378578024,0.6676646706586826,0.2059095106186519,0.164367126574685,0.0502008032128513,0.014936116786431,0.0,0.0,0.6071428571428571,False,train/val only,test,16670,1083,0.4773519163763066,0.6325023084025854
elliptic,transductive,gcn,8,no_prior_graphsafe,graphsafe_no_tta,0.5138282387190684,0.3421880218425089,0.8498224986954053,0.4047619047619047,0.0313942751615881,0.3712574850299401,0.0572483841181902,0.3383233532934132,0.1043397968605724,0.1706058788242351,0.0700729927007299,0.0144120638328059,0.0,0.0,0.6407563025210085,False,train/val only,test,16670,1083,0.424024024024024,0.6518928901200369
elliptic,transductive,sage,8,no_prior_graphsafe,graphsafe_no_tta,0.5157847932414407,0.4526179073985875,0.8716851312215871,0.75,0.0581717451523545,0.6766467065868264,0.1043397968605724,0.6137724550898204,0.1892890120036934,0.1860227954409118,0.0945229681978798,0.0247127465162725,0.0,0.0,0.6113445378151261,False,train/val only,test,16670,1083,0.4974271012006861,0.5355493998153278
elliptic,transductive,gcn,9,no_prior_graphsafe,graphsafe_no_tta,0.5290322580645161,0.4184292319938977,0.859749947884335,0.5833333333333334,0.0452446906740535,0.6167664670658682,0.0951061865189289,0.5808383233532934,0.1791320406278855,0.1670665866826634,0.0781021897810218,0.0112834528228758,0.0,0.0,0.5945378151260504,False,train/val only,test,16670,1083,0.4490979381443299,0.6435826408125577
elliptic,transductive,sage,9,no_prior_graphsafe,graphsafe_no_tta,0.5473684210526316,0.5038806709480083,0.8653814312789128,0.9523809523809524,0.0738688827331486,0.8323353293413174,0.1283471837488458,0.6856287425149701,0.211449676823638,0.1647270545890821,0.0562248995983935,0.0113331204232766,0.0,0.0,0.6260504201680672,False,train/val only,test,16670,1083,0.487382840663302,0.6241920590951062
elliptic,transductive,gcn,10,no_prior_graphsafe,graphsafe_no_tta,0.5095188646590516,0.3665060708337991,0.8534285058084901,0.3333333333333333,0.025854108956602,0.4491017964071856,0.0692520775623268,0.4341317365269461,0.1338873499538319,0.1682663467306538,0.1401459854014598,0.0184167838194197,0.0,0.0,0.6071428571428571,False,train/val only,test,16670,1083,0.4075304540420819,0.6795937211449676
elliptic,transductive,sage,10,no_prior_graphsafe,graphsafe_no_tta,0.5439928539526574,0.5151870678433143,0.8720586934645742,0.9166666666666666,0.0710987996306555,0.8083832335329342,0.1246537396121883,0.7275449101796407,0.224376731301939,0.1749850029994001,0.0997464074387151,0.0246217318066065,0.0,0.0,0.5966386554621849,False,train/val only,test,16670,1083,0.5268166089965398,0.5623268698060941
dgraphfin,strict_inductive,gcn,1,no_prior_graphsafe,graphsafe_no_tta,0.0261981559651106,0.0124055140776757,0.5688201667883024,0.0082159624413145,0.0037573805689747,0.0076335877862595,0.0069779924852388,0.0085168869309838,0.0155662909286097,0.5657405394607742,0.0,0.0,0.0220359281437125,0.0018214936247723,0.5776056085562349,False,train/val only,test,170207,1863,0.0133571640086298,0.677938808373591
dgraphfin,strict_inductive,sage,1,no_prior_graphsafe,graphsafe_no_tta,0.0638808440215142,0.027914514496628,0.7329447263991231,0.0434272300469483,0.0198604401502952,0.0428655314151497,0.0391841116478797,0.0405286343612334,0.074074074074074,0.10117680236418,0.0,0.0,0.0579920260964117,0.0255009107468123,0.106858868997379,False,train/val only,test,170207,1863,0.0377616904715319,0.2071926999463231
dgraphfin,strict_inductive,gcn,2,no_prior_graphsafe,graphsafe_no_tta,0.0525495088102292,0.017968435285027,0.6152330721397632,0.0375586854460093,0.0171765968867418,0.0322959483264826,0.0295222758990874,0.0314243759177679,0.0574342458400429,0.1072576333523298,0.0107503290917068,0.0099942609275795,0.0459540459540459,0.0186480186480186,0.111783340257582,False,train/val only,test,170207,1863,0.0307397610143208,0.1808910359634997
dgraphfin,strict_inductive,sage,2,no_prior_graphsafe,graphsafe_no_tta,0.060895368339569,0.025521005115949,0.7133239228552001,0.0305164319248826,0.0139559849704777,0.0334703464474456,0.0305958132045088,0.0361233480176211,0.0660225442834138,0.1182207547280664,0.0271500658183413,0.0212052652330853,0.056768558951965,0.0256410256410256,0.1214073119808093,False,train/val only,test,170207,1863,0.0346066427157416,0.2533548040794418
dgraphfin,strict_inductive,gcn,3,no_prior_graphsafe,graphsafe_no_tta,0.0255420302803082,0.0111828373798766,0.5386288017361072,0.0164319248826291,0.0075147611379495,0.0146799765120375,0.013419216317767,0.0093979441997063,0.0171765968867418,0.7238715211477789,-0.0078982009653356,-0.0105025720138068,0.0231797004351006,0.0093240093240093,0.7445079567408234,False,train/val only,test,170207,1863,0.0129636677220058,0.8593666129898014
dgraphfin,strict_inductive,sage,3,no_prior_graphsafe,graphsafe_no_tta,0.0648718780408692,0.0279465111095142,0.7331816766751841,0.0363849765258215,0.0166398282340311,0.0428655314151497,0.0391841116478797,0.0399412628487518,0.0730005367686527,0.1167225789773628,0.0,0.0,0.0567129629629629,0.023391812865497,0.1210963528941406,False,train/val only,test,170207,1863,0.0368949232585596,0.2683843263553409
dgraphfin,strict_inductive,gcn,4,no_prior_graphsafe,graphsafe_no_tta,0.0334161210205464,0.0174888957659542,0.6504283292302149,0.0152582159624413,0.0069779924852388,0.017615971814445,0.0161030595813204,0.0220264317180616,0.0402576489533011,0.114019987427074,-0.0063898639754278,-0.0123615081361877,0.0307429547395388,0.0146198830409356,0.1210791441628583,False,train/val only,test,170207,1863,0.0194327731092436,0.1191626409017713
dgraphfin,strict_inductive,sage,4,no_prior_graphsafe,graphsafe_no_tta,0.0455758352011954,0.0228606717799804,0.7291494885010268,0.022300469483568,0.0101986044015029,0.0240751614797416,0.0220075147611379,0.0261380323054331,0.0477724100912506,0.1388192025004847,0.0,0.0,0.0420954162768942,0.0145719489981785,0.1417751321576118,False,train/val only,test,170207,1863,0.0253037037037037,0.229200214707461
dgraphfin,strict_inductive,gcn,5,no_prior_graphsafe,graphsafe_no_tta,0.0221536664635384,0.0103075248707999,0.4867603947559363,0.0058685446009389,0.0026838432635534,0.004697592483852,0.0042941492216854,0.0067547723935389,0.0123456790123456,0.907824002538086,0.0,0.0,0.0191520080143787,0.0023310023310023,0.91479267222466,False,train/val only,test,170207,1863,0.0112093940503491,0.9366612989801396
dgraphfin,strict_inductive,sage,5,no_prior_graphsafe,graphsafe_no_tta,0.0520470102027637,0.0237047320531338,0.7291617483705183,0.0246478873239436,0.0112721417069243,0.0252495596007046,0.0230810520665593,0.0255506607929515,0.0466988727858293,0.1973361847632588,0.0,0.0,0.0446304044630404,0.0127504553734061,0.2078214129003949,False,train/val only,test,170207,1863,0.027689030883919,0.4326355340848094
dgraphfin,strict_inductive,gcn,6,no_prior_graphsafe,graphsafe_no_tta,0.0440078390513755,0.0180069612588202,0.6651610813570934,0.0152582159624413,0.0069779924852388,0.0229007633587786,0.0209339774557165,0.0155653450807635,0.0284487385936661,0.2493493217082728,-0.1333350643955131,-0.1388077626539692,0.0401712216002634,0.0147329650092081,0.2572674418604651,False,train/val only,test,170207,1863,0.0230701206824802,0.4761137949543746
dgraphfin,strict_inductive,sage,6,no_prior_graphsafe,graphsafe_no_tta,0.0532564323433579,0.0240303179020403,0.726154826457769,0.0269953051643192,0.0123456790123456,0.0328831473869641,0.0300590445517981,0.0290748898678414,0.0531400966183574,0.175592073181479,0.0,0.0,0.0478048780487804,0.0175438596491228,0.1819877139096094,False,train/val only,test,170207,1863,0.0286254931959094,0.3816425120772946
dgraphfin,strict_inductive,gcn,7,no_prior_graphsafe,graphsafe_no_tta,0.0441799052688938,0.0214931107643518,0.704747661084737,0.0187793427230046,0.0085882984433709,0.0246623605402231,0.0225442834138486,0.0293685756240822,0.0536768652710681,0.1653692268825606,0.0094888108819657,0.0088378961287477,0.0396158463385354,0.0147329650092081,0.1707519734108849,False,train/val only,test,170207,1863,0.0239610802946258,0.2828770799785292
dgraphfin,strict_inductive,sage,7,no_prior_graphsafe,graphsafe_no_tta,0.0578709033694067,0.0243058913240437,0.7145232266527637,0.0293427230046948,0.013419216317767,0.0311215502055196,0.0284487385936661,0.0358296622613803,0.0654857756307031,0.1070402509885022,-0.0474616104682427,-0.0496912505334175,0.0483736447039199,0.0239410681399631,0.1100955546323223,False,train/val only,test,170207,1863,0.0337632097438653,0.202361782071927
dgraphfin,strict_inductive,gcn,8,no_prior_graphsafe,graphsafe_no_tta,0.0389239143203978,0.0182671448933582,0.6762776582336876,0.022300469483568,0.0101986044015029,0.0217263652378156,0.0198604401502952,0.0161527165932452,0.0295222758990874,0.176297097064163,-0.2050775176580338,-0.2147349089824052,0.0355196061192192,0.0165745856353591,0.1796582883257166,False,train/val only,test,170207,1863,0.0209934949733885,0.2667740203972088
dgraphfin,strict_inductive,sage,8,no_prior_graphsafe,graphsafe_no_tta,0.0490116340747551,0.0160103456683777,0.5660429795249147,0.022300469483568,0.0101986044015029,0.0211391661773341,0.0193236714975845,0.016446402349486,0.0300590445517981,0.1854976587331895,-0.1967179061071873,-0.2049058067179659,0.0453369846341092,0.0165745856353591,0.1932591048705572,False,train/val only,test,170207,1863,0.0262341005451241,0.3719806763285024
dgraphfin,strict_inductive,gcn,9,no_prior_graphsafe,graphsafe_no_tta,0.0309356774575268,0.0146457734493615,0.6023535132762047,0.0035211267605633,0.001610305958132,0.0064591896652965,0.0059044551798174,0.0123348017621145,0.0225442834138486,0.1698990053288055,0.0,0.0,0.0293879751954704,0.0018214936247723,0.1779760600689119,False,train/val only,test,170207,1863,0.0167897609982109,0.1964573268921095
dgraphfin,strict_inductive,sage,9,no_prior_graphsafe,graphsafe_no_tta,0.0476394237626586,0.022999765001212,0.7204263697555212,0.0293427230046948,0.013419216317767,0.0287727539635936,0.0263016639828234,0.0276064610866372,0.050456253354804,0.1496941958908858,0.0,0.0,0.0424369747899159,0.0127504553734061,0.152947447914353,False,train/val only,test,170207,1863,0.0261345852895148,0.2689210950080515
dgraphfin,strict_inductive,gcn,10,no_prior_graphsafe,graphsafe_no_tta,0.032282991328239,0.0144974566077533,0.5735070830096664,0.0234741784037558,0.0107353730542136,0.0281855549031121,0.0257648953301127,0.0223201174743024,0.0407944176060118,0.1055832016309552,0.0,0.0,0.0268741159830268,0.0116959064327485,0.1120689655172413,False,train/val only,test,170207,1863,0.0192150449713818,0.1009125067096081
dgraphfin,strict_inductive,sage,10,no_prior_graphsafe,graphsafe_no_tta,0.0464019473604138,0.021032236526903,0.6775715734688287,0.0246478873239436,0.0112721417069243,0.0322959483264826,0.0295222758990874,0.0317180616740088,0.0579710144927536,0.1102657352517816,-0.0127492729538845,-0.0175802529693622,0.0423590746171391,0.0175438596491228,0.1140423764021603,False,train/val only,test,170207,1863,0.0270318177789594,0.1637144390767579
dgraphfin,inductive_isolated,gcn,1,no_prior_graphsafe,graphsafe_no_tta,0.0286860385480872,0.0135745812837729,0.6036546983429298,0.0058685446009389,0.0026838432635534,0.0099823840281855,0.0091250670960815,0.0117474302496328,0.0214707461084272,0.592607824590058,0.0,0.0,0.0243913177475454,0.0054644808743169,0.6148255813953488,False,train/val only,test,170207,1863,0.0146093057091891,0.7869028448738594
dgraphfin,inductive_isolated,sage,1,no_prior_graphsafe,graphsafe_no_tta,0.041684296303261,0.0206581228610096,0.7100041478853119,0.0199530516431924,0.0091250670960815,0.0211391661773341,0.0193236714975845,0.0176211453744493,0.0322061191626409,0.3718119701304881,0.0,0.0,0.0368202017352049,0.0182149362477231,0.3833644142167617,False,train/val only,test,170207,1863,0.0214689265536723,0.7139023081052066
dgraphfin,inductive_isolated,gcn,2,no_prior_graphsafe,graphsafe_no_tta,0.0461291237357028,0.0233204386765956,0.7093610180891521,0.0305164319248826,0.0139559849704777,0.0369935408103347,0.0338164251207729,0.0325991189427312,0.0595813204508856,0.0973344222035521,2.596593269629799e-05,-2.9665793188700385e-05,0.0415368639667705,0.0209790209790209,0.1012838168006752,False,train/val only,test,170207,1863,0.0279944928866452,0.1309715512614063
dgraphfin,inductive_isolated,sage,2,no_prior_graphsafe,graphsafe_no_tta,0.0467433644351843,0.0229202821652106,0.7017250420751069,0.028169014084507,0.0128824476650563,0.0381679389312977,0.0348899624261943,0.0302496328928047,0.0552871712292002,0.099543497035962,0.0028562525965932,0.0022193487661425,0.0433624952453404,0.0209790209790209,0.1039416285832987,False,train/val only,test,170207,1863,0.0281168265039232,0.1384863123993558
dgraphfin,inductive_isolated,gcn,3,no_prior_graphsafe,graphsafe_no_tta,0.0250766011801675,0.0103761889713805,0.508251512335412,0.0152582159624413,0.0069779924852388,0.0135055783910745,0.0123456790123456,0.0091042584434654,0.0166398282340311,0.7371083445451715,0.0030671791909817,0.0026761542308799,0.0226996659580929,0.009208103130755,0.756099504072975,False,train/val only,test,170207,1863,0.0127240627932498,0.8588298443370908
dgraphfin,inductive_isolated,sage,3,no_prior_graphsafe,graphsafe_no_tta,0.0251928853289357,0.0181167086995099,0.6730038171207289,0.0082159624413145,0.0037573805689747,0.0099823840281855,0.0091250670960815,0.0126284875183553,0.0230810520665593,0.781507223557198,0.0933797718297498,0.0504267363014288,0.0218689206413094,0.0069930069930069,0.8015028521281263,False,train/val only,test,170207,1863,0.0127716113429226,0.9184111647879764
dgraphfin,inductive_isolated,gcn,4,no_prior_graphsafe,graphsafe_no_tta,0.0388590897580515,0.0179527287695615,0.6541301290670595,0.0105633802816901,0.0048309178743961,0.0317087492660011,0.0289855072463768,0.0237885462555066,0.0434782608695652,0.2692427455980071,0.0577555945590171,0.0534223581436869,0.0349336261103902,0.0233100233100233,0.2834850811759544,False,train/val only,test,170207,1863,0.0203001731768327,0.4530327428878153
dgraphfin,inductive_isolated,sage,4,no_prior_graphsafe,graphsafe_no_tta,0.0337370242214532,0.01791801998392,0.6525040032539255,0.022300469483568,0.0101986044015029,0.0229007633587786,0.0209339774557165,0.02143906020558,0.0391841116478797,0.0804079738201131,-0.1249377601625206,-0.1369458895515678,0.0286624203821656,0.0165745856353591,0.0842334856668051,False,train/val only,test,170207,1863,0.0230632761679479,0.0628019323671497
dgraphfin,inductive_isolated,gcn,5,no_prior_graphsafe,graphsafe_no_tta,0.0215864478407549,0.0082168269456016,0.3765554936599544,0.0011737089201877,0.0005367686527106,0.0005871990604815,0.0005367686527106,0.0035242290748898,0.0064412238325281,0.9591262404013936,0.0,0.0,0.0187587756248244,0.0,0.9611289987536352,False,train/val only,test,170207,1863,0.0109152941604997,0.9651100375738056
dgraphfin,inductive_isolated,sage,5,no_prior_graphsafe,graphsafe_no_tta,0.0408613367111243,0.0181759700067814,0.6883377938851738,0.0164319248826291,0.0075147611379495,0.0193775689958896,0.0177133655394524,0.019676945668135,0.0359634997316156,0.3897078263526177,0.0,0.0,0.0365345869711215,0.0116550116550116,0.4011079420798596,False,train/val only,test,170207,1863,0.0210140706906593,0.7359098228663447
dgraphfin,inductive_isolated,gcn,6,no_prior_graphsafe,graphsafe_no_tta,0.0401742145052511,0.0177426451267855,0.6682664600657054,0.0199530516431924,0.0091250670960815,0.017615971814445,0.0161030595813204,0.0161527165932452,0.0295222758990874,0.3985088744881233,0.0122860903905221,0.0103389804105097,0.0364420062695924,0.0163170163170163,0.4115291794646775,False,train/val only,test,170207,1863,0.0206474216925196,0.74020397208803
dgraphfin,inductive_isolated,sage,6,no_prior_graphsafe,graphsafe_no_tta,0.0430597771023302,0.0189247226626229,0.7029296898365892,0.0176056338028169,0.0080515297906602,0.0146799765120375,0.013419216317767,0.0170337738619676,0.0311325818572195,0.3467659966981381,0.0,0.0,0.0377955127239873,0.0093240093240093,0.3604651162790697,False,train/val only,test,170207,1863,0.0222291960876614,0.6843800322061192
dgraphfin,inductive_isolated,gcn,7,no_prior_graphsafe,graphsafe_no_tta,0.0462530575939515,0.0223212357057519,0.7096084570103866,0.022300469483568,0.0101986044015029,0.0340575455079271,0.0311325818572195,0.0293685756240822,0.0536768652710681,0.1575552121828126,0.0012340939008336,0.0009763495937281,0.0402620226873302,0.0233100233100233,0.1625727046115496,False,train/val only,test,170207,1863,0.0252157889632431,0.2791196994095545
dgraphfin,inductive_isolated,sage,7,no_prior_graphsafe,graphsafe_no_tta,0.0463614760346141,0.0222310170681056,0.7060629936263474,0.0234741784037558,0.0107353730542136,0.0305343511450381,0.0279119699409554,0.0299559471365638,0.0547504025764895,0.1565916795431445,0.0,0.0,0.0405535886707434,0.012891344383057,0.161663896967179,False,train/val only,test,170207,1863,0.0252935420743639,0.2775093934514224
dgraphfin,inductive_isolated,gcn,8,no_prior_graphsafe,graphsafe_no_tta,0.0410235098551412,0.0181567303941186,0.6914555871066246,0.022300469483568,0.0101986044015029,0.0217263652378156,0.0198604401502952,0.016446402349486,0.0300590445517981,0.3909122421522029,0.0,0.0,0.0375718678967776,0.0165745856353591,0.4014918824045634,False,train/val only,test,170207,1863,0.0210950498374368,0.7418142780461621
dgraphfin,inductive_isolated,sage,8,no_prior_graphsafe,graphsafe_no_tta,0.0427893577359769,0.0168003459436168,0.6146857733910849,0.022300469483568,0.0101986044015029,0.0217263652378156,0.0198604401502952,0.0170337738619676,0.0311325818572195,0.2855346724870305,-0.1007997507270461,-0.1049920084663305,0.0365554927454305,0.0165745856353591,0.2966761737604212,False,train/val only,test,170207,1863,0.0222736795677582,0.5421363392377885
dgraphfin,inductive_isolated,gcn,9,no_prior_graphsafe,graphsafe_no_tta,0.0270515267175572,0.0126650824374719,0.5699705108209657,0.0011737089201877,0.0005367686527106,0.0017615971814445,0.001610305958132,0.0049926578560939,0.0091250670960815,0.2700828990582056,0.0,0.0,0.0268249780123131,0.0,0.2931346969666792,False,train/val only,test,170207,1863,0.0141548293681503,0.3043478260869565
dgraphfin,inductive_isolated,sage,9,no_prior_graphsafe,graphsafe_no_tta,0.0431501286043048,0.0185316209560952,0.6914215336849943,0.0152582159624413,0.0069779924852388,0.0146799765120375,0.013419216317767,0.0161527165932452,0.0295222758990874,0.3460374720193646,0.0,0.0,0.0385749943272067,0.0046620046620046,0.3581340500219394,False,train/val only,test,170207,1863,0.0222773574685932,0.6843800322061192
dgraphfin,inductive_isolated,gcn,10,no_prior_graphsafe,graphsafe_no_tta,0.0226310552704996,0.0101485902235179,0.4760659926231871,0.0105633802816901,0.0048309178743961,0.01174398120963,0.0107353730542136,0.0108663729809104,0.0198604401502952,0.8858801341895457,0.0,0.0,0.0195471674990042,0.0058479532163742,0.8899044453676777,False,train/val only,test,170207,1863,0.0114543012876214,0.9339774557165862
dgraphfin,inductive_isolated,sage,10,no_prior_graphsafe,graphsafe_no_tta,0.0428306334319674,0.0194218491952988,0.7026363058985959,0.022300469483568,0.0101986044015029,0.0211391661773341,0.0193236714975845,0.0190895741556534,0.0348899624261943,0.3500619833496859,0.0,0.0,0.0386545808674807,0.0023310023310023,0.3611507240017551,False,train/val only,test,170207,1863,0.0221037374469406,0.6876006441223832
dgraphfin,transductive,gcn,1,no_prior_graphsafe,graphsafe_no_tta,0.0262057660984946,0.0124146286913797,0.5690477603447216,0.0082159624413145,0.0037573805689747,0.0076335877862595,0.0069779924852388,0.0085168869309838,0.0155662909286097,0.5655760338881479,0.0,0.0,0.0220317064993534,0.0018214936247723,0.5774263578242944,False,train/val only,test,170207,1863,0.0133611205145565,0.677938808373591
dgraphfin,transductive,sage,1,no_prior_graphsafe,graphsafe_no_tta,0.0654681647940074,0.0285081527587063,0.7343435009835572,0.0469483568075117,0.0214707461084272,0.0440399295361127,0.0402576489533011,0.0414096916299559,0.0756843800322061,0.1068111182266299,0.0,0.0,0.0591069707677481,0.0255009107468123,0.1118342143840789,False,train/val only,test,170207,1863,0.0380430051362409,0.2345679012345679
dgraphfin,transductive,gcn,2,no_prior_graphsafe,graphsafe_no_tta,0.0523956723338485,0.0179908304951097,0.6157505709559923,0.0375586854460093,0.0171765968867418,0.0322959483264826,0.0295222758990874,0.0314243759177679,0.0574342458400429,0.1078569036526112,-0.0289260490236809,-0.0303846146827917,0.0462504129501156,0.0186480186480186,0.1122507270461155,False,train/val only,test,170207,1863,0.0306039541392073,0.1819645732689211
dgraphfin,transductive,sage,2,no_prior_graphsafe,graphsafe_no_tta,0.0641648077680094,0.0263419609614635,0.7266004735109146,0.0293427230046948,0.013419216317767,0.0328831473869641,0.0300590445517981,0.0390602055800293,0.0713902308105206,0.1160939326819696,0.0,0.0,0.0580281690140845,0.0276243093922651,0.1202967438141353,False,train/val only,test,170207,1863,0.0365498168771956,0.2624798711755233
dgraphfin,transductive,gcn,3,no_prior_graphsafe,graphsafe_no_tta,0.0255792045218668,0.0111620570080789,0.5380018935487999,0.0152582159624413,0.0069779924852388,0.0146799765120375,0.013419216317767,0.0091042584434654,0.0166398282340311,0.7232252492553185,-0.0088032031592804,-0.0114278024658366,0.0232002466471404,0.0093240093240093,0.7438507040570416,False,train/val only,test,170207,1863,0.012982697840269,0.8599033816425121
dgraphfin,transductive,sage,3,no_prior_graphsafe,graphsafe_no_tta,0.0661637397971803,0.0285042258863174,0.7329574709240535,0.0422535211267605,0.0193236714975845,0.0416911332941867,0.0381105743424584,0.0408223201174743,0.0746108427267847,0.1199363128425975,0.0,0.0,0.060327868852459,0.0263157894736842,0.1236728710408244,False,train/val only,test,170207,1863,0.0373890558389824,0.2871712292002147
dgraphfin,transductive,gcn,4,no_prior_graphsafe,graphsafe_no_tta,0.0333408765180659,0.0175561875976628,0.6516130136515448,0.0140845070422535,0.0064412238325281,0.016441573693482,0.015029522275899,0.0217327459618208,0.0397208803005904,0.1138789826505372,-0.0058962264150943,-0.0117691856163376,0.0308219178082191,0.0139860139860139,0.1210012463647694,False,train/val only,test,170207,1863,0.0193961734246094,0.1186258722490606
dgraphfin,transductive,sage,4,no_prior_graphsafe,graphsafe_no_tta,0.0458540783084393,0.023359769202803,0.7303226974294309,0.0234741784037558,0.0107353730542136,0.0270111567821491,0.0246913580246913,0.0255506607929515,0.0466988727858293,0.1262169005975077,0.0,0.0,0.0444743935309973,0.0145719489981785,0.1298254186841988,False,train/val only,test,170207,1863,0.0258919894488407,0.2002147074610842
dgraphfin,transductive,gcn,5,no_prior_graphsafe,graphsafe_no_tta,0.0221601016518424,0.0102977020167087,0.4864972954058312,0.0046948356807511,0.0021470746108427,0.004697592483852,0.0042941492216854,0.006461086637298,0.0118089103596349,0.9070602266651784,0.0,0.0,0.0191729101527933,0.0023310023310023,0.9137779727950855,False,train/val only,test,170207,1863,0.0112127660942412,0.9361245303274288
dgraphfin,transductive,sage,5,no_prior_graphsafe,graphsafe_no_tta,0.0553462081959491,0.0241054315230427,0.7293806898707957,0.0246478873239436,0.0112721417069243,0.0258367586611861,0.0236178207192699,0.0249632892804698,0.0456253354804079,0.1686064615438848,0.0,0.0,0.0487392113724826,0.0184162062615101,0.1758720930232558,False,train/val only,test,170207,1863,0.0298564350146105,0.3784219001610306
dgraphfin,transductive,gcn,6,no_prior_graphsafe,graphsafe_no_tta,0.0430765896345263,0.0175239464486973,0.6556383433135367,0.0140845070422535,0.0064412238325281,0.0223135642982971,0.0203972088030059,0.0161527165932452,0.0295222758990874,0.232616754892572,-0.149860068410999,-0.1555560611231537,0.0394784065079555,0.012891344383057,0.2396061869240895,False,train/val only,test,170207,1863,0.0226831773567678,0.4267310789049919
dgraphfin,transductive,sage,6,no_prior_graphsafe,graphsafe_no_tta,0.0545202075568223,0.0247038593199773,0.7282415423353286,0.0269953051643192,0.0123456790123456,0.0287727539635936,0.0263016639828234,0.029662261380323,0.0542136339237788,0.1782652887366559,0.0,0.0,0.0487881157154026,0.0204678362573099,0.1872257569109258,False,train/val only,test,170207,1863,0.0292514606124769,0.4004294149221685
dgraphfin,transductive,gcn,7,no_prior_graphsafe,graphsafe_no_tta,0.0440638510142999,0.0215821071426632,0.7053605126700538,0.0187793427230046,0.0085882984433709,0.0258367586611861,0.0236178207192699,0.0293685756240822,0.0536768652710681,0.166432637905609,0.0104123390112172,0.0097369328461099,0.0396600566572237,0.012891344383057,0.1721800997091815,False,train/val only,test,170207,1863,0.0238814040463209,0.2844873859366613
dgraphfin,transductive,sage,7,no_prior_graphsafe,graphsafe_no_tta,0.0564533201608919,0.0246111338129976,0.7154292341967062,0.0375586854460093,0.0171765968867418,0.0311215502055196,0.0284487385936661,0.0320117474302496,0.0585077831454643,0.1129389508069585,-0.0425620904618693,-0.0438628368611061,0.0483414759578297,0.0204678362573099,0.1163014125467386,False,train/val only,test,170207,1863,0.0324991875203119,0.2147074610842727
dgraphfin,transductive,gcn,8,no_prior_graphsafe,graphsafe_no_tta,0.0430054721481689,0.0182970595462996,0.6763337220269954,0.022300469483568,0.0101986044015029,0.0217263652378156,0.0198604401502952,0.0161527165932452,0.0295222758990874,0.1896631748400477,-0.1835991293145573,-0.192831943074237,0.0387706855791962,0.0165745856353591,0.1924594931449937,False,train/val only,test,170207,1863,0.0230061925314317,0.3290391841116479
dgraphfin,transductive,sage,8,no_prior_graphsafe,graphsafe_no_tta,0.0488197800658401,0.0160132235444178,0.5674523543528142,0.022300469483568,0.0101986044015029,0.0211391661773341,0.0193236714975845,0.016446402349486,0.0300590445517981,0.1869723336878036,-0.1873701703365184,-0.1949545719170691,0.045153521974714,0.0165745856353591,0.1950416849495392,False,train/val only,test,170207,1863,0.0261136712749615,0.3741277509393451
dgraphfin,transductive,gcn,9,no_prior_graphsafe,graphsafe_no_tta,0.0308733347430746,0.0146395692144689,0.6022653394658062,0.0035211267605633,0.001610305958132,0.0064591896652965,0.0059044551798174,0.0123348017621145,0.0225442834138486,0.1698343781395594,0.0,0.0,0.0294038305907742,0.0018214936247723,0.1778963930769383,False,train/val only,test,170207,1863,0.0167569552841795,0.1959205582393988
dgraphfin,transductive,sage,9,no_prior_graphsafe,graphsafe_no_tta,0.0484551250613045,0.0231461776026712,0.7202461385141673,0.028169014084507,0.0128824476650563,0.0281855549031121,0.0257648953301127,0.0273127753303964,0.0499194847020934,0.1461632012784433,0.0,0.0,0.0454642933733647,0.0182149362477231,0.1505930434010039,False,train/val only,test,170207,1863,0.0266637879851028,0.2651637144390767
dgraphfin,transductive,gcn,10,no_prior_graphsafe,graphsafe_no_tta,0.0318718235851494,0.0144603531533645,0.572923490902214,0.022300469483568,0.0101986044015029,0.0275983558426306,0.025228126677402,0.0223201174743024,0.0407944176060118,0.1054656976505079,0.0,0.0,0.026950354609929,0.0116959064327485,0.1118612380556709,False,train/val only,test,170207,1863,0.0189821465216499,0.0993022007514761
dgraphfin,transductive,sage,10,no_prior_graphsafe,graphsafe_no_tta,0.0492596175310662,0.0213343065384094,0.6783388802786023,0.0246478873239436,0.0112721417069243,0.0311215502055196,0.0284487385936661,0.0358296622613803,0.0654857756307031,0.1110706375178459,-0.0068809721645201,-0.0110873032774564,0.0465408805031446,0.023391812865497,0.1156003323639385,False,train/val only,test,170207,1863,0.0285936420179682,0.1776704240472356
elliptic,strict_inductive,gcn,1,no_rank_claim_graphsafe,graphsafe_conservative,0.5101281521289789,0.467131898960503,0.8774880231715221,0.7261904761904762,0.0563250230840258,0.7305389221556886,0.1126500461680517,0.6676646706586826,0.2059095106186519,0.1829034193161367,0.0636042402826854,0.0120055283318362,0.0,0.0,0.5987394957983193,False,validation reliability only,test,16670,1083,0.4618263473053892,0.569713758079409
elliptic,strict_inductive,sage,1,no_rank_claim_graphsafe,graphsafe_conservative,0.5656565656565657,0.56803585336822,0.8810975846351586,0.988095238095238,0.0766389658356417,0.9461077844311376,0.1458910433979686,0.8353293413173652,0.2576177285318559,0.1729454109178164,0.0106157112526539,0.0033924471783759,0.0,0.0,0.5882352941176471,False,validation reliability only,test,16670,1083,0.5903614457831325,0.5429362880886427
elliptic,strict_inductive,gcn,2,no_rank_claim_graphsafe,graphsafe_conservative,0.5185185185185185,0.4866035313533174,0.8740354455239204,0.8333333333333334,0.064635272391505,0.8143712574850299,0.1255771006463527,0.7005988023952096,0.2160664819944598,0.1833833233353329,0.0760777683854607,0.0148426035882362,0.0,0.0,0.5945378151260504,False,validation reliability only,test,16670,1083,0.4909240924092409,0.5493998153277931
elliptic,strict_inductive,sage,2,no_rank_claim_graphsafe,graphsafe_conservative,0.6198714780029659,0.6405174121102664,0.8873239478337448,1.0,0.077562326869806,1.0,0.1542012927054478,0.940119760479042,0.2899353647276085,0.1555488902219556,0.0100401606425702,0.0008094000652469,0.0,0.0,0.5966386554621849,False,validation reliability only,test,16670,1083,0.6670212765957447,0.5789473684210527
elliptic,strict_inductive,gcn,3,no_rank_claim_graphsafe,graphsafe_conservative,0.4929971988795518,0.5053356997294912,0.8823085222485462,0.8333333333333334,0.064635272391505,0.8562874251497006,0.1320406278855032,0.7425149700598802,0.2289935364727608,0.1880623875224955,0.0417690417690417,0.0117689686504087,0.0,0.0,0.5987394957983193,False,validation reliability only,test,16670,1083,0.4350282485875706,0.5687903970452447
elliptic,strict_inductive,sage,3,no_rank_claim_graphsafe,graphsafe_conservative,0.6131889763779528,0.6446810258958481,0.8874801319209055,0.988095238095238,0.0766389658356417,0.994011976047904,0.1532779316712834,0.9550898203592816,0.2945521698984303,0.1575284943011397,0.0,0.0,0.0,0.0,0.5840336134453782,False,validation reliability only,test,16670,1083,0.6564805057955743,0.5752539242843951
elliptic,strict_inductive,gcn,4,no_rank_claim_graphsafe,graphsafe_conservative,0.51319381255687,0.4147945177968485,0.8668361084813854,0.6666666666666666,0.051708217913204,0.6167664670658682,0.0951061865189289,0.5568862275449101,0.1717451523545706,0.1887222555488902,0.0718512256973795,0.0115846652022522,0.0,0.0,0.5945378151260504,False,validation reliability only,test,16670,1083,0.5058295964125561,0.5207756232686981
elliptic,strict_inductive,sage,4,no_rank_claim_graphsafe,graphsafe_conservative,0.620821394460363,0.646021729826782,0.8941999870740118,1.0,0.077562326869806,0.9880239520958084,0.1523545706371191,0.9730538922155688,0.3000923361034164,0.1515296940611877,0.0220883534136546,0.0020343546470526,0.0,0.0,0.5819327731092437,False,validation reliability only,test,16670,1083,0.6429277942631059,0.6001846722068329
elliptic,strict_inductive,gcn,5,no_rank_claim_graphsafe,graphsafe_conservative,0.509392747924858,0.4213167919742409,0.8710705543916045,0.6309523809523809,0.0489381348107109,0.6047904191616766,0.0932594644506001,0.5508982035928144,0.1698984302862419,0.1873425314937012,0.0856890459363957,0.0123406809497482,0.0,0.0,0.5945378151260504,False,validation reliability only,test,16670,1083,0.4834162520729685,0.5383194829178208
elliptic,strict_inductive,sage,5,no_rank_claim_graphsafe,graphsafe_conservative,0.5742663656884875,0.5963565204280525,0.8791092809365192,1.0,0.077562326869806,0.9820359281437124,0.1514312096029547,0.8832335329341318,0.2723915050784857,0.1638272345530894,0.0070224719101123,0.0008611218156121,0.0,0.0,0.5903361344537815,False,validation reliability only,test,16670,1083,0.5618374558303887,0.5872576177285319
elliptic,strict_inductive,gcn,6,no_rank_claim_graphsafe,graphsafe_conservative,0.5151237396883593,0.4212600055731494,0.8722414167025212,0.75,0.0581717451523545,0.6347305389221557,0.0978762696214219,0.5598802395209581,0.1726685133887349,0.1884823035392921,0.0481825866441251,0.0096515270037368,0.0,0.0,0.5945378151260504,False,validation reliability only,test,16670,1083,0.5113739763421292,0.5189289012003694
elliptic,strict_inductive,sage,6,no_rank_claim_graphsafe,graphsafe_conservative,0.5869175627240144,0.6163644243786824,0.8906525971254426,0.988095238095238,0.0766389658356417,0.9820359281437124,0.1514312096029547,0.9041916167664672,0.2788550323176362,0.1580083983203359,0.0220883534136546,0.0024363113463701,0.0,0.0,0.5903361344537815,False,validation reliability only,test,16670,1083,0.5700609225413403,0.6048014773776547
elliptic,strict_inductive,gcn,7,no_rank_claim_graphsafe,graphsafe_conservative,0.5194238323876036,0.4374685787819405,0.8717252065240578,0.7857142857142857,0.0609418282548476,0.6706586826347305,0.1034164358264081,0.5688622754491018,0.175438596491228,0.1831433713257348,0.0574809805579036,0.0081093030411139,0.0,0.0,0.5966386554621849,False,validation reliability only,test,16670,1083,0.4925496688741722,0.5493998153277931
elliptic,strict_inductive,sage,7,no_rank_claim_graphsafe,graphsafe_conservative,0.5855588526211671,0.5988955599647827,0.8804367716284156,0.988095238095238,0.0766389658356417,0.9880239520958084,0.1523545706371191,0.8832335329341318,0.2723915050784857,0.1680863827234553,0.0361445783132529,0.0036215248780595,0.0,0.0,0.5945378151260504,False,validation reliability only,test,16670,1083,0.630457933972311,0.5466297322253001
elliptic,strict_inductive,gcn,8,no_rank_claim_graphsafe,graphsafe_conservative,0.5206463195691202,0.4252363349738167,0.8732587903087788,0.6428571428571429,0.0498614958448753,0.6347305389221557,0.0978762696214219,0.5419161676646707,0.1671283471837488,0.1847630473905219,0.0676246830092983,0.0088316679599579,0.0,0.0,0.592436974789916,False,validation reliability only,test,16670,1083,0.5065502183406113,0.5355493998153278
elliptic,strict_inductive,sage,8,no_rank_claim_graphsafe,graphsafe_conservative,0.5792245093346099,0.5592367001310002,0.885956233741438,0.9523809523809524,0.0738688827331486,0.8562874251497006,0.1320406278855032,0.8023952095808383,0.247460757156048,0.1674265146970605,0.0321285140562249,0.0035575830392852,0.0,0.0,0.5987394957983193,False,validation reliability only,test,16670,1083,0.6013916500994035,0.5586334256694367
elliptic,strict_inductive,gcn,9,no_rank_claim_graphsafe,graphsafe_conservative,0.5140631761142361,0.4655862956078047,0.8801913733424064,0.7619047619047619,0.0590951061865189,0.7425149700598802,0.1144967682363804,0.6497005988023952,0.2003693444136657,0.1847030593881223,0.0532544378698224,0.0086088342021202,0.0,0.0,0.5861344537815126,False,validation reliability only,test,16670,1083,0.4837133550488599,0.5484764542936288
elliptic,strict_inductive,sage,9,no_rank_claim_graphsafe,graphsafe_conservative,0.5965858041329739,0.622940149376294,0.8951871190809919,1.0,0.077562326869806,0.9880239520958084,0.1523545706371191,0.9041916167664672,0.2788550323176362,0.1544091181763647,0.0087994971715901,0.0008203221259831,0.0,0.0,0.5882352941176471,False,validation reliability only,test,16670,1083,0.5809273840769904,0.6131117266851339
elliptic,strict_inductive,gcn,10,no_rank_claim_graphsafe,graphsafe_conservative,0.5128205128205128,0.4769079036422319,0.8763385165835037,0.8333333333333334,0.064635272391505,0.8263473053892215,0.1274238227146814,0.7005988023952096,0.2160664819944598,0.1918416316736652,0.1254416961130742,0.0176946756619483,0.0,0.0,0.5945378151260504,False,validation reliability only,test,16670,1083,0.5278592375366569,0.4986149584487535
elliptic,strict_inductive,sage,10,no_rank_claim_graphsafe,graphsafe_conservative,0.5977011494252874,0.6209115473432685,0.8928605596881792,1.0,0.077562326869806,0.9880239520958084,0.1523545706371191,0.9101796407185628,0.2807017543859649,0.1605278944211157,0.0070257611241217,0.0008117647209278,0.0,0.0,0.5945378151260504,False,validation reliability only,test,16670,1083,0.6208955223880597,0.5761772853185596
elliptic,inductive_isolated,gcn,1,no_rank_claim_graphsafe,graphsafe_conservative,0.5101281521289789,0.467131898960503,0.8774880231715221,0.7261904761904762,0.0563250230840258,0.7305389221556886,0.1126500461680517,0.6676646706586826,0.2059095106186519,0.1829034193161367,0.1042402826855123,0.0194292893292453,0.0,0.0,0.5987394957983193,False,validation reliability only,test,16670,1083,0.4618263473053892,0.569713758079409
elliptic,inductive_isolated,sage,1,no_rank_claim_graphsafe,graphsafe_conservative,0.4873949579831932,0.4096704842375303,0.8597253636263522,0.7380952380952381,0.0572483841181902,0.6107784431137725,0.0941828254847645,0.5179640718562875,0.1597414589104339,0.2004799040191961,0.0863453815261043,0.0199706527388852,0.0,0.0,0.592436974789916,False,validation reliability only,test,16670,1083,0.4929178470254957,0.481994459833795
elliptic,inductive_isolated,gcn,2,no_rank_claim_graphsafe,graphsafe_conservative,0.5185185185185185,0.4866035313533174,0.8740354455239204,0.8333333333333334,0.064635272391505,0.8143712574850299,0.1255771006463527,0.7005988023952096,0.2160664819944598,0.1833833233353329,0.161660777385159,0.0261610418565201,0.0,0.0,0.5945378151260504,False,validation reliability only,test,16670,1083,0.4909240924092409,0.5493998153277931
elliptic,inductive_isolated,sage,2,no_rank_claim_graphsafe,graphsafe_conservative,0.5477099236641222,0.5093634052738258,0.8667715970188714,0.9404761904761904,0.0729455216989843,0.7604790419161677,0.1172668513388735,0.6826347305389222,0.2105263157894736,0.1790041991601679,0.037159372419488,0.0064154816525995,0.0,0.0,0.592436974789916,False,validation reliability only,test,16670,1083,0.5666337611056268,0.5300092336103417
elliptic,inductive_isolated,gcn,3,no_rank_claim_graphsafe,graphsafe_conservative,0.4929971988795518,0.5053356997294912,0.8823085222485462,0.8333333333333334,0.064635272391505,0.8562874251497006,0.1320406278855032,0.7425149700598802,0.2289935364727608,0.1880623875224955,0.1395759717314487,0.0173862625034825,0.0,0.0,0.5987394957983193,False,validation reliability only,test,16670,1083,0.4350282485875706,0.5687903970452447
elliptic,inductive_isolated,sage,3,no_rank_claim_graphsafe,graphsafe_conservative,0.5552536231884059,0.5195174043407335,0.8720410698097552,0.9404761904761904,0.0729455216989843,0.7604790419161677,0.1172668513388735,0.7215568862275449,0.2225300092336103,0.1716856628674265,0.0220883534136546,0.0031032807269736,0.0,0.0,0.5903361344537815,False,validation reliability only,test,16670,1083,0.5448888888888889,0.5660203139427517
elliptic,inductive_isolated,gcn,4,no_rank_claim_graphsafe,graphsafe_conservative,0.51319381255687,0.4147945177968485,0.8668361084813854,0.6666666666666666,0.051708217913204,0.6167664670658682,0.0951061865189289,0.5568862275449101,0.1717451523545706,0.1887222555488902,0.1704946996466431,0.0182145345896276,0.0,0.0,0.5945378151260504,False,validation reliability only,test,16670,1083,0.5058295964125561,0.5207756232686981
elliptic,inductive_isolated,sage,4,no_rank_claim_graphsafe,graphsafe_conservative,0.5529463890119627,0.5231032139358937,0.8713728815256173,0.9642857142857144,0.074792243767313,0.8083832335329342,0.1246537396121883,0.718562874251497,0.2216066481994459,0.1706658668266346,0.0562248995983935,0.0051039204075576,0.0,0.0,0.5861344537815126,False,validation reliability only,test,16670,1083,0.5315161839863713,0.5761772853185596
elliptic,inductive_isolated,gcn,5,no_rank_claim_graphsafe,graphsafe_conservative,0.509392747924858,0.4213167919742409,0.8710705543916045,0.6309523809523809,0.0489381348107109,0.6047904191616766,0.0932594644506001,0.5508982035928144,0.1698984302862419,0.1873425314937012,0.0945229681978798,0.0096717273820613,0.0,0.0,0.5945378151260504,False,validation reliability only,test,16670,1083,0.4834162520729685,0.5383194829178208
elliptic,inductive_isolated,sage,5,no_rank_claim_graphsafe,graphsafe_conservative,0.5073937153419594,0.4394341512121472,0.8573348259236083,0.7976190476190477,0.061865189289012,0.6467065868263473,0.0997229916897507,0.562874251497006,0.1735918744228993,0.1920815836832633,0.0903614457831325,0.011983092990622,0.0,0.0,0.5903361344537815,False,validation reliability only,test,16670,1083,0.5078630897317299,0.5069252077562327
elliptic,inductive_isolated,gcn,6,no_rank_claim_graphsafe,graphsafe_conservative,0.5151237396883593,0.4212600055731494,0.8722414167025212,0.75,0.0581717451523545,0.6347305389221557,0.0978762696214219,0.5598802395209581,0.1726685133887349,0.1884823035392921,0.1307420494699646,0.011450281718023,0.0,0.0,0.5945378151260504,False,validation reliability only,test,16670,1083,0.5113739763421292,0.5189289012003694
elliptic,inductive_isolated,sage,6,no_rank_claim_graphsafe,graphsafe_conservative,0.5151237396883593,0.4212600055731494,0.8722414167025212,0.75,0.0581717451523545,0.6347305389221557,0.0978762696214219,0.5598802395209581,0.1726685133887349,0.1884823035392921,0.097173144876325,0.0170807111952953,0.0,0.0,0.5945378151260504,False,validation reliability only,test,16670,1083,0.5113739763421292,0.5189289012003694
elliptic,inductive_isolated,gcn,7,no_rank_claim_graphsafe,graphsafe_conservative,0.5194238323876036,0.4374685787819405,0.8717252065240578,0.7857142857142857,0.0609418282548476,0.6706586826347305,0.1034164358264081,0.5688622754491018,0.175438596491228,0.1831433713257348,0.1227915194346289,0.0182589754769519,0.0,0.0,0.5966386554621849,False,validation reliability only,test,16670,1083,0.4925496688741722,0.5493998153277931
elliptic,inductive_isolated,sage,7,no_rank_claim_graphsafe,graphsafe_conservative,0.5290266259275426,0.4832341833317303,0.8597428095636437,0.9047619047619048,0.0701754385964912,0.7245508982035929,0.1117266851338873,0.6317365269461078,0.1948291782086796,0.1791841631673665,0.0843373493975903,0.0100289130046953,0.0,0.0,0.6029411764705882,False,validation reliability only,test,16670,1083,0.5016556291390728,0.5595567867036011
elliptic,inductive_isolated,gcn,8,no_rank_claim_graphsafe,graphsafe_conservative,0.5206463195691202,0.4252363349738167,0.8732587903087788,0.6428571428571429,0.0498614958448753,0.6347305389221557,0.0978762696214219,0.5419161676646707,0.1671283471837488,0.1847630473905219,0.1245583038869258,0.017647353420835,0.0,0.0,0.592436974789916,False,validation reliability only,test,16670,1083,0.5065502183406113,0.5355493998153278
elliptic,inductive_isolated,sage,8,no_rank_claim_graphsafe,graphsafe_conservative,0.5206463195691202,0.4252363349738167,0.8732587903087788,0.6428571428571429,0.0498614958448753,0.6347305389221557,0.0978762696214219,0.5419161676646707,0.1671283471837488,0.1847630473905219,0.0163800163800163,0.0032552668690626,0.0,0.0,0.592436974789916,False,validation reliability only,test,16670,1083,0.5065502183406113,0.5355493998153278
elliptic,inductive_isolated,gcn,9,no_rank_claim_graphsafe,graphsafe_conservative,0.5140631761142361,0.4655862956078047,0.8801913733424064,0.7619047619047619,0.0590951061865189,0.7425149700598802,0.1144967682363804,0.6497005988023952,0.2003693444136657,0.1847030593881223,0.1130742049469964,0.0120956640984107,0.0,0.0,0.5861344537815126,False,validation reliability only,test,16670,1083,0.4837133550488599,0.5484764542936288
elliptic,inductive_isolated,sage,9,no_rank_claim_graphsafe,graphsafe_conservative,0.5588803088803089,0.5230466225969194,0.8807770118349803,0.9047619047619048,0.0701754385964912,0.7544910179640718,0.1163434903047091,0.7065868263473054,0.2179132040627885,0.1757648470305939,0.0261044176706827,0.0029682204212275,0.0,0.0,0.5882352941176471,False,validation reliability only,test,16670,1083,0.5854398382204247,0.5346260387811634
elliptic,inductive_isolated,gcn,10,no_rank_claim_graphsafe,graphsafe_conservative,0.5128205128205128,0.4769079036422319,0.8763385165835037,0.8333333333333334,0.064635272391505,0.8263473053892215,0.1274238227146814,0.7005988023952096,0.2160664819944598,0.1918416316736652,0.1952296819787985,0.0254322448307341,0.0,0.0,0.5945378151260504,False,validation reliability only,test,16670,1083,0.5278592375366569,0.4986149584487535
elliptic,inductive_isolated,sage,10,no_rank_claim_graphsafe,graphsafe_conservative,0.5333919156414764,0.4802705003490153,0.8742740313047055,0.9047619047619048,0.0701754385964912,0.7365269461077845,0.113573407202216,0.6467065868263473,0.1994459833795014,0.1779244151169766,0.036144578313253,0.0049645299196305,0.0,0.0,0.592436974789916,False,validation reliability only,test,16670,1083,0.5088013411567477,0.5604801477377654
elliptic,transductive,gcn,1,no_rank_claim_graphsafe,graphsafe_conservative,0.504881450488145,0.482251264241691,0.8746814783562858,0.7380952380952381,0.0572483841181902,0.8263473053892215,0.1274238227146814,0.7574850299401198,0.2336103416435826,0.1934613077384523,0.2473544973544973,0.0423439026596296,0.0,0.0,0.5903361344537815,False,validation reliability only,test,16670,1083,0.5084269662921348,0.5013850415512465
elliptic,transductive,sage,1,no_rank_claim_graphsafe,graphsafe_conservative,0.4951923076923076,0.447093399390547,0.8537938041864445,0.9523809523809524,0.0738688827331486,0.7005988023952096,0.1080332409972299,0.5508982035928144,0.1698984302862419,0.1750449910017996,0.1197478991596638,0.02184183744135,0.0,0.0,0.7163865546218487,False,validation reliability only,test,16670,1083,0.3942044833242208,0.6657433056325023
elliptic,transductive,gcn,2,no_rank_claim_graphsafe,graphsafe_conservative,0.5250368188512519,0.4344620932444881,0.8607342660304617,0.5119047619047619,0.0397045244690674,0.5988023952095808,0.0923361034164358,0.6347305389221557,0.1957525392428439,0.1661667666466706,0.0700729927007299,0.0141492139526662,0.0,0.0,0.5966386554621849,False,validation reliability only,test,16670,1083,0.4366197183098591,0.6583564173591875
elliptic,transductive,sage,2,no_rank_claim_graphsafe,graphsafe_conservative,0.5818847209515097,0.5440721956998189,0.871110303878608,0.8928571428571429,0.0692520775623268,0.844311377245509,0.1301939058171745,0.7544910179640718,0.2326869806094182,0.1620875824835033,0.0608622147083685,0.0111923891522765,0.0,0.0,0.5966386554621849,False,validation reliability only,test,16670,1083,0.5766092475067996,0.5872576177285319
elliptic,transductive,gcn,3,no_rank_claim_graphsafe,graphsafe_conservative,0.560897435897436,0.3856411705101192,0.8699049051281637,0.4880952380952381,0.0378578024007386,0.3952095808383233,0.0609418282548476,0.3622754491017964,0.1117266851338873,0.1576484703059388,0.0401459854014598,0.0069863045312316,0.0,0.0,0.5987394957983193,False,validation reliability only,test,16670,1083,0.4953998584571833,0.6463527239150508
elliptic,transductive,sage,3,no_rank_claim_graphsafe,graphsafe_conservative,0.5494071146245059,0.555314980492425,0.8681089510335489,0.988095238095238,0.0766389658356417,0.9520958083832336,0.1468144044321329,0.7604790419161677,0.234533702677747,0.1614877024595081,0.0247349823321554,0.0089466331392547,0.0,0.0,0.615546218487395,False,validation reliability only,test,16670,1083,0.4803040774015203,0.641735918744229
elliptic,transductive,gcn,4,no_rank_claim_graphsafe,graphsafe_conservative,0.482486433152442,0.4532014874373191,0.871022215224101,0.7023809523809523,0.0544783010156971,0.7664670658682635,0.1181902123730378,0.6766467065868264,0.2086795937211449,0.2054589082183563,0.3029100529100529,0.05746929663628,0.0,0.0,0.592436974789916,False,validation reliability only,test,16670,1083,0.5180084745762712,0.4515235457063712
elliptic,transductive,sage,4,no_rank_claim_graphsafe,graphsafe_conservative,0.5527442584663292,0.5369115042180055,0.8736427194075419,1.0,0.077562326869806,0.9221556886227544,0.1421975992613111,0.7544910179640718,0.2326869806094182,0.1584283143371326,0.0401606425702811,0.0069448311892077,0.0,0.0,0.6113445378151261,False,validation reliability only,test,16670,1083,0.477792732166891,0.6555863342566943
elliptic,transductive,gcn,5,no_rank_claim_graphsafe,graphsafe_conservative,0.4990892531876139,0.464669787104384,0.873339977599298,0.7738095238095238,0.0600184672206832,0.7844311377245509,0.1209602954755309,0.7155688622754491,0.2206832871652816,0.1943611277744451,0.2526455026455027,0.0466385015663042,0.0,0.0,0.592436974789916,False,validation reliability only,test,16670,1083,0.4923629829290206,0.5060018467220684
elliptic,transductive,sage,5,no_rank_claim_graphsafe,graphsafe_conservative,0.5383647798742138,0.4336331027760166,0.8633385386797163,0.8333333333333334,0.064635272391505,0.6407185628742516,0.0987996306555863,0.5089820359281437,0.1569713758079409,0.1718656268746251,0.0859788359788359,0.0238646036286081,0.0,0.0,0.6071428571428571,False,validation reliability only,test,16670,1083,0.4930875576036866,0.592797783933518
elliptic,transductive,gcn,6,no_rank_claim_graphsafe,graphsafe_conservative,0.5369496855345911,0.368571759798725,0.8643571859282551,0.5476190476190477,0.0424746075715604,0.4311377245508982,0.0664819944598338,0.3323353293413174,0.1024930747922437,0.1666466706658668,0.0759124087591241,0.0100688036659994,0.0,0.0,0.5945378151260504,False,validation reliability only,test,16670,1083,0.4674880219028063,0.6306555863342567
elliptic,transductive,sage,6,no_rank_claim_graphsafe,graphsafe_conservative,0.566213921901528,0.5631574012144592,0.8699020024085464,0.9761904761904762,0.0757156048014773,0.9461077844311376,0.1458910433979686,0.8173652694610778,0.2520775623268698,0.1611277744451109,0.0305532617671346,0.0066872774598369,0.0,0.0,0.6029411764705882,False,validation reliability only,test,16670,1083,0.5239591516103692,0.615881809787627
elliptic,transductive,gcn,7,no_rank_claim_graphsafe,graphsafe_conservative,0.4839572192513369,0.4512580281102715,0.8679062049541604,0.7380952380952381,0.0572483841181902,0.7844311377245509,0.1209602954755309,0.7035928143712575,0.2169898430286242,0.1990401919616077,0.2142857142857142,0.0500811202332582,0.0,0.0,0.5945378151260504,False,validation reliability only,test,16670,1083,0.4677002583979328,0.5013850415512465
elliptic,transductive,sage,7,no_rank_claim_graphsafe,graphsafe_conservative,0.5440826052422557,0.5003291546629858,0.8710303902303699,0.9523809523809524,0.0738688827331486,0.8023952095808383,0.123730378578024,0.6676646706586826,0.2059095106186519,0.164367126574685,0.0502008032128513,0.014936116786431,0.0,0.0,0.6071428571428571,False,validation reliability only,test,16670,1083,0.4773519163763066,0.6325023084025854
elliptic,transductive,gcn,8,no_rank_claim_graphsafe,graphsafe_conservative,0.4903225806451613,0.4346027737112781,0.8671162801636257,0.75,0.0581717451523545,0.7245508982035929,0.1117266851338873,0.6586826347305389,0.2031394275161588,0.1941811637672465,0.1944444444444444,0.0350402651097819,0.0,0.0,0.5945378151260504,False,validation reliability only,test,16670,1083,0.4589371980676328,0.5263157894736842
elliptic,transductive,sage,8,no_rank_claim_graphsafe,graphsafe_conservative,0.5157847932414407,0.4526179073985875,0.8716851312215871,0.75,0.0581717451523545,0.6766467065868264,0.1043397968605724,0.6137724550898204,0.1892890120036934,0.1860227954409118,0.0945229681978798,0.0247127465162725,0.0,0.0,0.6113445378151261,False,validation reliability only,test,16670,1083,0.4974271012006861,0.5355493998153278
elliptic,transductive,gcn,9,no_rank_claim_graphsafe,graphsafe_conservative,0.4593406593406593,0.4724347516943559,0.8750596908745781,0.8095238095238095,0.0627885503231763,0.8083832335329342,0.1246537396121883,0.7155688622754491,0.2206832871652816,0.2185962807438512,0.2989417989417989,0.0633100161241391,0.0,0.0,0.5882352941176471,False,validation reliability only,test,16670,1083,0.5671641791044776,0.3859649122807017
elliptic,transductive,sage,9,no_rank_claim_graphsafe,graphsafe_conservative,0.5473684210526316,0.5038806709480083,0.8653814312789128,0.9523809523809524,0.0738688827331486,0.8323353293413174,0.1283471837488458,0.6856287425149701,0.211449676823638,0.1647270545890821,0.0562248995983935,0.0113331204232766,0.0,0.0,0.6260504201680672,False,validation reliability only,test,16670,1083,0.487382840663302,0.6241920590951062
elliptic,transductive,gcn,10,no_rank_claim_graphsafe,graphsafe_conservative,0.5171075837742505,0.3665060708337991,0.8534285058084901,0.3333333333333333,0.025854108956602,0.4491017964071856,0.0692520775623268,0.4341317365269461,0.1338873499538319,0.1661067786442711,0.1321167883211678,0.0163655876290389,0.0,0.0,0.6071428571428571,False,validation reliability only,test,16670,1083,0.41837899543379,0.6768236380424746
elliptic,transductive,sage,10,no_rank_claim_graphsafe,graphsafe_conservative,0.5439928539526574,0.5151870678433143,0.8720586934645742,0.9166666666666666,0.0710987996306555,0.8083832335329342,0.1246537396121883,0.7275449101796407,0.224376731301939,0.1749850029994001,0.0997464074387151,0.0246217318066065,0.0,0.0,0.5966386554621849,False,validation reliability only,test,16670,1083,0.5268166089965398,0.5623268698060941
dgraphfin,strict_inductive,gcn,1,no_rank_claim_graphsafe,graphsafe_conservative,0.0261981559651106,0.0124055140776757,0.5688201667883024,0.0082159624413145,0.0037573805689747,0.0076335877862595,0.0069779924852388,0.0085168869309838,0.0155662909286097,0.5657405394607742,0.0,0.0,0.0220359281437125,0.0018214936247723,0.5776056085562349,False,validation reliability only,test,170207,1863,0.0133571640086298,0.677938808373591
dgraphfin,strict_inductive,sage,1,no_rank_claim_graphsafe,graphsafe_conservative,0.0638808440215142,0.027914514496628,0.7329447263991231,0.0434272300469483,0.0198604401502952,0.0428655314151497,0.0391841116478797,0.0405286343612334,0.074074074074074,0.10117680236418,0.0,0.0,0.0579920260964117,0.0255009107468123,0.106858868997379,False,validation reliability only,test,170207,1863,0.0377616904715319,0.2071926999463231
dgraphfin,strict_inductive,gcn,2,no_rank_claim_graphsafe,graphsafe_conservative,0.0525495088102292,0.017968435285027,0.6152330721397632,0.0375586854460093,0.0171765968867418,0.0322959483264826,0.0295222758990874,0.0314243759177679,0.0574342458400429,0.1072576333523298,0.0107503290917068,0.0099942609275795,0.0459540459540459,0.0186480186480186,0.111783340257582,False,validation reliability only,test,170207,1863,0.0307397610143208,0.1808910359634997
dgraphfin,strict_inductive,sage,2,no_rank_claim_graphsafe,graphsafe_conservative,0.0614545193481226,0.0258534936958973,0.7237534910815364,0.0293427230046948,0.013419216317767,0.0340575455079271,0.0311325818572195,0.0372980910425844,0.0681696188942565,0.1105301192077881,0.0181274681878016,0.0133887939170248,0.055367579206398,0.0276243093922651,0.1145884234374305,False,validation reliability only,test,170207,1863,0.0354715730150837,0.2297369833601717
dgraphfin,strict_inductive,gcn,3,no_rank_claim_graphsafe,graphsafe_conservative,0.0255420302803082,0.0111828373798766,0.5386288017361072,0.0164319248826291,0.0075147611379495,0.0146799765120375,0.013419216317767,0.0093979441997063,0.0171765968867418,0.7238715211477789,-0.0078982009653356,-0.0105025720138068,0.0231797004351006,0.0093240093240093,0.7445079567408234,False,validation reliability only,test,170207,1863,0.0129636677220058,0.8593666129898014
dgraphfin,strict_inductive,sage,3,no_rank_claim_graphsafe,graphsafe_conservative,0.0648718780408692,0.0279465111095142,0.7331816766751841,0.0363849765258215,0.0166398282340311,0.0428655314151497,0.0391841116478797,0.0399412628487518,0.0730005367686527,0.1167225789773628,0.0,0.0,0.0567129629629629,0.023391812865497,0.1210963528941406,False,validation reliability only,test,170207,1863,0.0368949232585596,0.2683843263553409
dgraphfin,strict_inductive,gcn,4,no_rank_claim_graphsafe,graphsafe_conservative,0.0367081113084665,0.0174888957659542,0.6504283292302149,0.0152582159624413,0.0069779924852388,0.017615971814445,0.0161030595813204,0.0220264317180616,0.0402576489533011,0.1938991933351742,0.0820809565598947,0.0682141898069422,0.0322483423749246,0.0146198830409356,0.2047154133776485,False,validation reliability only,test,170207,1863,0.0196275605214152,0.2828770799785292
dgraphfin,strict_inductive,sage,4,no_rank_claim_graphsafe,graphsafe_conservative,0.0455758352011954,0.0228606717799804,0.7291494885010268,0.022300469483568,0.0101986044015029,0.0240751614797416,0.0220075147611379,0.0261380323054331,0.0477724100912506,0.1388192025004847,0.0,0.0,0.0420954162768942,0.0145719489981785,0.1417751321576118,False,validation reliability only,test,170207,1863,0.0253037037037037,0.229200214707461
dgraphfin,strict_inductive,gcn,5,no_rank_claim_graphsafe,graphsafe_conservative,0.0221536664635384,0.0103075248707999,0.4867603947559363,0.0058685446009389,0.0026838432635534,0.004697592483852,0.0042941492216854,0.0067547723935389,0.0123456790123456,0.907824002538086,0.0,0.0,0.0191520080143787,0.0023310023310023,0.91479267222466,False,validation reliability only,test,170207,1863,0.0112093940503491,0.9366612989801396
dgraphfin,strict_inductive,sage,5,no_rank_claim_graphsafe,graphsafe_conservative,0.0520470102027637,0.0237047320531338,0.7291617483705183,0.0246478873239436,0.0112721417069243,0.0252495596007046,0.0230810520665593,0.0255506607929515,0.0466988727858293,0.1973361847632588,0.0,0.0,0.0446304044630404,0.0127504553734061,0.2078214129003949,False,validation reliability only,test,170207,1863,0.027689030883919,0.4326355340848094
dgraphfin,strict_inductive,gcn,6,no_rank_claim_graphsafe,graphsafe_conservative,0.0440078390513755,0.0180069612588202,0.6651610813570934,0.0152582159624413,0.0069779924852388,0.0229007633587786,0.0209339774557165,0.0155653450807635,0.0284487385936661,0.2493493217082728,-0.1333350643955131,-0.1388077626539692,0.0401712216002634,0.0147329650092081,0.2572674418604651,False,validation reliability only,test,170207,1863,0.0230701206824802,0.4761137949543746
dgraphfin,strict_inductive,sage,6,no_rank_claim_graphsafe,graphsafe_conservative,0.0532564323433579,0.0240303179020403,0.726154826457769,0.0269953051643192,0.0123456790123456,0.0328831473869641,0.0300590445517981,0.0290748898678414,0.0531400966183574,0.175592073181479,0.0,0.0,0.0478048780487804,0.0175438596491228,0.1819877139096094,False,validation reliability only,test,170207,1863,0.0286254931959094,0.3816425120772946
dgraphfin,strict_inductive,gcn,7,no_rank_claim_graphsafe,graphsafe_conservative,0.0441799052688938,0.0214931107643518,0.704747661084737,0.0187793427230046,0.0085882984433709,0.0246623605402231,0.0225442834138486,0.0293685756240822,0.0536768652710681,0.1653692268825606,0.0094888108819657,0.0088378961287477,0.0396158463385354,0.0147329650092081,0.1707519734108849,False,validation reliability only,test,170207,1863,0.0239610802946258,0.2828770799785292
dgraphfin,strict_inductive,sage,7,no_rank_claim_graphsafe,graphsafe_conservative,0.0578709033694067,0.0243058913240437,0.7145232266527637,0.0293427230046948,0.013419216317767,0.0311215502055196,0.0284487385936661,0.0358296622613803,0.0654857756307031,0.1070402509885022,-0.0474616104682427,-0.0496912505334175,0.0483736447039199,0.0239410681399631,0.1100955546323223,False,validation reliability only,test,170207,1863,0.0337632097438653,0.202361782071927
dgraphfin,strict_inductive,gcn,8,no_rank_claim_graphsafe,graphsafe_conservative,0.0389239143203978,0.0182671448933582,0.6762776582336876,0.022300469483568,0.0101986044015029,0.0217263652378156,0.0198604401502952,0.0161527165932452,0.0295222758990874,0.176297097064163,-0.2050775176580338,-0.2147349089824052,0.0355196061192192,0.0165745856353591,0.1796582883257166,False,validation reliability only,test,170207,1863,0.0209934949733885,0.2667740203972088
dgraphfin,strict_inductive,sage,8,no_rank_claim_graphsafe,graphsafe_conservative,0.0490116340747551,0.0160103456683777,0.5660429795249147,0.022300469483568,0.0101986044015029,0.0211391661773341,0.0193236714975845,0.016446402349486,0.0300590445517981,0.1854976587331895,-0.1967179061071873,-0.2049058067179659,0.0453369846341092,0.0165745856353591,0.1932591048705572,False,validation reliability only,test,170207,1863,0.0262341005451241,0.3719806763285024
dgraphfin,strict_inductive,gcn,9,no_rank_claim_graphsafe,graphsafe_conservative,0.0309356774575268,0.0146457734493615,0.6023535132762047,0.0035211267605633,0.001610305958132,0.0064591896652965,0.0059044551798174,0.0123348017621145,0.0225442834138486,0.1698990053288055,0.0,0.0,0.0293879751954704,0.0018214936247723,0.1779760600689119,False,validation reliability only,test,170207,1863,0.0167897609982109,0.1964573268921095
dgraphfin,strict_inductive,sage,9,no_rank_claim_graphsafe,graphsafe_conservative,0.0476394237626586,0.022999765001212,0.7204263697555212,0.0293427230046948,0.013419216317767,0.0287727539635936,0.0263016639828234,0.0276064610866372,0.050456253354804,0.1496941958908858,0.0,0.0,0.0424369747899159,0.0127504553734061,0.152947447914353,False,validation reliability only,test,170207,1863,0.0261345852895148,0.2689210950080515
dgraphfin,strict_inductive,gcn,10,no_rank_claim_graphsafe,graphsafe_conservative,0.032282991328239,0.0144974566077533,0.5735070830096664,0.0234741784037558,0.0107353730542136,0.0281855549031121,0.0257648953301127,0.0223201174743024,0.0407944176060118,0.1055832016309552,0.0,0.0,0.0268741159830268,0.0116959064327485,0.1120689655172413,False,validation reliability only,test,170207,1863,0.0192150449713818,0.1009125067096081
dgraphfin,strict_inductive,sage,10,no_rank_claim_graphsafe,graphsafe_conservative,0.0507225007372456,0.0237878505748987,0.7281958555889024,0.0258215962441314,0.0118089103596349,0.0234879624192601,0.0214707461084272,0.0276064610866372,0.050456253354804,0.1282379690612019,0.0,0.0,0.0461336828309305,0.0069930069930069,0.1310692550308738,False,validation reliability only,test,170207,1863,0.0284919162470182,0.2308105206655931
dgraphfin,inductive_isolated,gcn,1,no_rank_claim_graphsafe,graphsafe_conservative,0.0286860385480872,0.0135745812837729,0.6036546983429298,0.0058685446009389,0.0026838432635534,0.0099823840281855,0.0091250670960815,0.0117474302496328,0.0214707461084272,0.592607824590058,0.0,0.0,0.0243913177475454,0.0054644808743169,0.6148255813953488,False,validation reliability only,test,170207,1863,0.0146093057091891,0.7869028448738594
dgraphfin,inductive_isolated,sage,1,no_rank_claim_graphsafe,graphsafe_conservative,0.041684296303261,0.0206581228610096,0.7100041478853119,0.0199530516431924,0.0091250670960815,0.0211391661773341,0.0193236714975845,0.0176211453744493,0.0322061191626409,0.3718119701304881,0.0,0.0,0.0368202017352049,0.0182149362477231,0.3833644142167617,False,validation reliability only,test,170207,1863,0.0214689265536723,0.7139023081052066
dgraphfin,inductive_isolated,gcn,2,no_rank_claim_graphsafe,graphsafe_conservative,0.0461291237357028,0.0233204386765956,0.7093610180891521,0.0305164319248826,0.0139559849704777,0.0369935408103347,0.0338164251207729,0.0325991189427312,0.0595813204508856,0.0973344222035521,2.596593269629799e-05,-2.9665793188700385e-05,0.0415368639667705,0.0209790209790209,0.1012838168006752,False,validation reliability only,test,170207,1863,0.0279944928866452,0.1309715512614063
dgraphfin,inductive_isolated,sage,2,no_rank_claim_graphsafe,graphsafe_conservative,0.0467433644351843,0.0229202821652106,0.7017250420751069,0.028169014084507,0.0128824476650563,0.0381679389312977,0.0348899624261943,0.0302496328928047,0.0552871712292002,0.099543497035962,0.0028562525965932,0.0022193487661425,0.0433624952453404,0.0209790209790209,0.1039416285832987,False,validation reliability only,test,170207,1863,0.0281168265039232,0.1384863123993558
dgraphfin,inductive_isolated,gcn,3,no_rank_claim_graphsafe,graphsafe_conservative,0.0250766011801675,0.0103761889713805,0.508251512335412,0.0152582159624413,0.0069779924852388,0.0135055783910745,0.0123456790123456,0.0091042584434654,0.0166398282340311,0.7371083445451715,0.0030671791909817,0.0026761542308799,0.0226996659580929,0.009208103130755,0.756099504072975,False,validation reliability only,test,170207,1863,0.0127240627932498,0.8588298443370908
dgraphfin,inductive_isolated,sage,3,no_rank_claim_graphsafe,graphsafe_conservative,0.0251928853289357,0.0181167086995099,0.6730038171207289,0.0082159624413145,0.0037573805689747,0.0099823840281855,0.0091250670960815,0.0126284875183553,0.0230810520665593,0.781507223557198,0.0933797718297498,0.0504267363014288,0.0218689206413094,0.0069930069930069,0.8015028521281263,False,validation reliability only,test,170207,1863,0.0127716113429226,0.9184111647879764
dgraphfin,inductive_isolated,gcn,4,no_rank_claim_graphsafe,graphsafe_conservative,0.0388590897580515,0.0179527287695615,0.6541301290670595,0.0105633802816901,0.0048309178743961,0.0317087492660011,0.0289855072463768,0.0237885462555066,0.0434782608695652,0.2692427455980071,0.0577555945590171,0.0534223581436869,0.0349336261103902,0.0233100233100233,0.2834850811759544,False,validation reliability only,test,170207,1863,0.0203001731768327,0.4530327428878153
dgraphfin,inductive_isolated,sage,4,no_rank_claim_graphsafe,graphsafe_conservative,0.0337370242214532,0.01791801998392,0.6525040032539255,0.022300469483568,0.0101986044015029,0.0229007633587786,0.0209339774557165,0.02143906020558,0.0391841116478797,0.0804079738201131,-0.1249377601625206,-0.1369458895515678,0.0286624203821656,0.0165745856353591,0.0842334856668051,False,validation reliability only,test,170207,1863,0.0230632761679479,0.0628019323671497
dgraphfin,inductive_isolated,gcn,5,no_rank_claim_graphsafe,graphsafe_conservative,0.0215864478407549,0.0082168269456016,0.3765554936599544,0.0011737089201877,0.0005367686527106,0.0005871990604815,0.0005367686527106,0.0035242290748898,0.0064412238325281,0.9591262404013936,0.0,0.0,0.0187587756248244,0.0,0.9611289987536352,False,validation reliability only,test,170207,1863,0.0109152941604997,0.9651100375738056
dgraphfin,inductive_isolated,sage,5,no_rank_claim_graphsafe,graphsafe_conservative,0.0408613367111243,0.0181759700067814,0.6883377938851738,0.0164319248826291,0.0075147611379495,0.0193775689958896,0.0177133655394524,0.019676945668135,0.0359634997316156,0.3897078263526177,0.0,0.0,0.0365345869711215,0.0116550116550116,0.4011079420798596,False,validation reliability only,test,170207,1863,0.0210140706906593,0.7359098228663447
dgraphfin,inductive_isolated,gcn,6,no_rank_claim_graphsafe,graphsafe_conservative,0.0401742145052511,0.0177426451267855,0.6682664600657054,0.0199530516431924,0.0091250670960815,0.017615971814445,0.0161030595813204,0.0161527165932452,0.0295222758990874,0.3985088744881233,0.0122860903905221,0.0103389804105097,0.0364420062695924,0.0163170163170163,0.4115291794646775,False,validation reliability only,test,170207,1863,0.0206474216925196,0.74020397208803
dgraphfin,inductive_isolated,sage,6,no_rank_claim_graphsafe,graphsafe_conservative,0.0430597771023302,0.0189247226626229,0.7029296898365892,0.0176056338028169,0.0080515297906602,0.0146799765120375,0.013419216317767,0.0170337738619676,0.0311325818572195,0.3467659966981381,0.0,0.0,0.0377955127239873,0.0093240093240093,0.3604651162790697,False,validation reliability only,test,170207,1863,0.0222291960876614,0.6843800322061192
dgraphfin,inductive_isolated,gcn,7,no_rank_claim_graphsafe,graphsafe_conservative,0.0462530575939515,0.0223212357057519,0.7096084570103866,0.022300469483568,0.0101986044015029,0.0340575455079271,0.0311325818572195,0.0293685756240822,0.0536768652710681,0.1575552121828126,0.0012340939008336,0.0009763495937281,0.0402620226873302,0.0233100233100233,0.1625727046115496,False,validation reliability only,test,170207,1863,0.0252157889632431,0.2791196994095545
dgraphfin,inductive_isolated,sage,7,no_rank_claim_graphsafe,graphsafe_conservative,0.0463614760346141,0.0222310170681056,0.7060629936263474,0.0234741784037558,0.0107353730542136,0.0305343511450381,0.0279119699409554,0.0299559471365638,0.0547504025764895,0.1565916795431445,0.0,0.0,0.0405535886707434,0.012891344383057,0.161663896967179,False,validation reliability only,test,170207,1863,0.0252935420743639,0.2775093934514224
dgraphfin,inductive_isolated,gcn,8,no_rank_claim_graphsafe,graphsafe_conservative,0.0410235098551412,0.0181567303941186,0.6914555871066246,0.022300469483568,0.0101986044015029,0.0217263652378156,0.0198604401502952,0.016446402349486,0.0300590445517981,0.3909122421522029,0.0,0.0,0.0375718678967776,0.0165745856353591,0.4014918824045634,False,validation reliability only,test,170207,1863,0.0210950498374368,0.7418142780461621
dgraphfin,inductive_isolated,sage,8,no_rank_claim_graphsafe,graphsafe_conservative,0.0427893577359769,0.0168003459436168,0.6146857733910849,0.022300469483568,0.0101986044015029,0.0217263652378156,0.0198604401502952,0.0170337738619676,0.0311325818572195,0.2855346724870305,-0.1007997507270461,-0.1049920084663305,0.0365554927454305,0.0165745856353591,0.2966761737604212,False,validation reliability only,test,170207,1863,0.0222736795677582,0.5421363392377885
dgraphfin,inductive_isolated,gcn,9,no_rank_claim_graphsafe,graphsafe_conservative,0.0270515267175572,0.0126650824374719,0.5699705108209657,0.0011737089201877,0.0005367686527106,0.0017615971814445,0.001610305958132,0.0049926578560939,0.0091250670960815,0.2700828990582056,0.0,0.0,0.0268249780123131,0.0,0.2931346969666792,False,validation reliability only,test,170207,1863,0.0141548293681503,0.3043478260869565
dgraphfin,inductive_isolated,sage,9,no_rank_claim_graphsafe,graphsafe_conservative,0.0431501286043048,0.0185316209560952,0.6914215336849943,0.0152582159624413,0.0069779924852388,0.0146799765120375,0.013419216317767,0.0161527165932452,0.0295222758990874,0.3460374720193646,0.0,0.0,0.0385749943272067,0.0046620046620046,0.3581340500219394,False,validation reliability only,test,170207,1863,0.0222773574685932,0.6843800322061192
dgraphfin,inductive_isolated,gcn,10,no_rank_claim_graphsafe,graphsafe_conservative,0.0226310552704996,0.0101485902235179,0.4760659926231871,0.0105633802816901,0.0048309178743961,0.01174398120963,0.0107353730542136,0.0108663729809104,0.0198604401502952,0.8858801341895457,0.0,0.0,0.0195471674990042,0.0058479532163742,0.8899044453676777,False,validation reliability only,test,170207,1863,0.0114543012876214,0.9339774557165862
dgraphfin,inductive_isolated,sage,10,no_rank_claim_graphsafe,graphsafe_conservative,0.0428306334319674,0.0194218491952988,0.7026363058985959,0.022300469483568,0.0101986044015029,0.0211391661773341,0.0193236714975845,0.0190895741556534,0.0348899624261943,0.3500619833496859,0.0,0.0,0.0386545808674807,0.0023310023310023,0.3611507240017551,False,validation reliability only,test,170207,1863,0.0221037374469406,0.6876006441223832
dgraphfin,transductive,gcn,1,no_rank_claim_graphsafe,graphsafe_conservative,0.0262057660984946,0.0124146286913797,0.5690477603447216,0.0082159624413145,0.0037573805689747,0.0076335877862595,0.0069779924852388,0.0085168869309838,0.0155662909286097,0.5655760338881479,0.0,0.0,0.0220317064993534,0.0018214936247723,0.5774263578242944,False,validation reliability only,test,170207,1863,0.0133611205145565,0.677938808373591
dgraphfin,transductive,sage,1,no_rank_claim_graphsafe,graphsafe_conservative,0.0654681647940074,0.0285081527587063,0.7343435009835572,0.0469483568075117,0.0214707461084272,0.0440399295361127,0.0402576489533011,0.0414096916299559,0.0756843800322061,0.1068111182266299,0.0,0.0,0.0591069707677481,0.0255009107468123,0.1118342143840789,False,validation reliability only,test,170207,1863,0.0380430051362409,0.2345679012345679
dgraphfin,transductive,gcn,2,no_rank_claim_graphsafe,graphsafe_conservative,0.0523956723338485,0.0179908304951097,0.6157505709559923,0.0375586854460093,0.0171765968867418,0.0322959483264826,0.0295222758990874,0.0314243759177679,0.0574342458400429,0.1078569036526112,-0.0289260490236809,-0.0303846146827917,0.0462504129501156,0.0186480186480186,0.1122507270461155,False,validation reliability only,test,170207,1863,0.0306039541392073,0.1819645732689211
dgraphfin,transductive,sage,2,no_rank_claim_graphsafe,graphsafe_conservative,0.0641648077680094,0.0263419609614635,0.7266004735109146,0.0293427230046948,0.013419216317767,0.0328831473869641,0.0300590445517981,0.0390602055800293,0.0713902308105206,0.1160939326819696,0.0,0.0,0.0580281690140845,0.0276243093922651,0.1202967438141353,False,validation reliability only,test,170207,1863,0.0365498168771956,0.2624798711755233
dgraphfin,transductive,gcn,3,no_rank_claim_graphsafe,graphsafe_conservative,0.0255792045218668,0.0111620570080789,0.5380018935487999,0.0152582159624413,0.0069779924852388,0.0146799765120375,0.013419216317767,0.0091042584434654,0.0166398282340311,0.7232252492553185,-0.0088032031592804,-0.0114278024658366,0.0232002466471404,0.0093240093240093,0.7438507040570416,False,validation reliability only,test,170207,1863,0.012982697840269,0.8599033816425121
dgraphfin,transductive,sage,3,no_rank_claim_graphsafe,graphsafe_conservative,0.0661637397971803,0.0285042258863174,0.7329574709240535,0.0422535211267605,0.0193236714975845,0.0416911332941867,0.0381105743424584,0.0408223201174743,0.0746108427267847,0.1199363128425975,0.0,0.0,0.060327868852459,0.0263157894736842,0.1236728710408244,False,validation reliability only,test,170207,1863,0.0373890558389824,0.2871712292002147
dgraphfin,transductive,gcn,4,no_rank_claim_graphsafe,graphsafe_conservative,0.0366563294888323,0.0175561875976628,0.6516130136515448,0.0140845070422535,0.0064412238325281,0.016441573693482,0.015029522275899,0.0217327459618208,0.0397208803005904,0.1938521917429952,0.0822729267222466,0.0688872269843945,0.0323311678501284,0.0139860139860139,0.2050789364353967,False,validation reliability only,test,170207,1863,0.0196005365926367,0.2823403113258185
dgraphfin,transductive,sage,4,no_rank_claim_graphsafe,graphsafe_conservative,0.0458540783084393,0.023359769202803,0.7303226974294309,0.0234741784037558,0.0107353730542136,0.0270111567821491,0.0246913580246913,0.0255506607929515,0.0466988727858293,0.1262169005975077,0.0,0.0,0.0444743935309973,0.0145719489981785,0.1298254186841988,False,validation reliability only,test,170207,1863,0.0258919894488407,0.2002147074610842
dgraphfin,transductive,gcn,5,no_rank_claim_graphsafe,graphsafe_conservative,0.0221601016518424,0.0102977020167087,0.4864972954058312,0.0046948356807511,0.0021470746108427,0.004697592483852,0.0042941492216854,0.006461086637298,0.0118089103596349,0.9070602266651784,0.0,0.0,0.0191729101527933,0.0023310023310023,0.9137779727950855,False,validation reliability only,test,170207,1863,0.0112127660942412,0.9361245303274288
dgraphfin,transductive,sage,5,no_rank_claim_graphsafe,graphsafe_conservative,0.0553462081959491,0.0241054315230427,0.7293806898707957,0.0246478873239436,0.0112721417069243,0.0258367586611861,0.0236178207192699,0.0249632892804698,0.0456253354804079,0.1686064615438848,0.0,0.0,0.0487392113724826,0.0184162062615101,0.1758720930232558,False,validation reliability only,test,170207,1863,0.0298564350146105,0.3784219001610306
dgraphfin,transductive,gcn,6,no_rank_claim_graphsafe,graphsafe_conservative,0.0430765896345263,0.0175239464486973,0.6556383433135367,0.0140845070422535,0.0064412238325281,0.0223135642982971,0.0203972088030059,0.0161527165932452,0.0295222758990874,0.232616754892572,-0.149860068410999,-0.1555560611231537,0.0394784065079555,0.012891344383057,0.2396061869240895,False,validation reliability only,test,170207,1863,0.0226831773567678,0.4267310789049919
dgraphfin,transductive,sage,6,no_rank_claim_graphsafe,graphsafe_conservative,0.0545202075568223,0.0247038593199773,0.7282415423353286,0.0269953051643192,0.0123456790123456,0.0287727539635936,0.0263016639828234,0.029662261380323,0.0542136339237788,0.1782652887366559,0.0,0.0,0.0487881157154026,0.0204678362573099,0.1872257569109258,False,validation reliability only,test,170207,1863,0.0292514606124769,0.4004294149221685
dgraphfin,transductive,gcn,7,no_rank_claim_graphsafe,graphsafe_conservative,0.0440638510142999,0.0215821071426632,0.7053605126700538,0.0187793427230046,0.0085882984433709,0.0258367586611861,0.0236178207192699,0.0293685756240822,0.0536768652710681,0.166432637905609,0.0104123390112172,0.0097369328461099,0.0396600566572237,0.012891344383057,0.1721800997091815,False,validation reliability only,test,170207,1863,0.0238814040463209,0.2844873859366613
dgraphfin,transductive,sage,7,no_rank_claim_graphsafe,graphsafe_conservative,0.0564533201608919,0.0246111338129976,0.7154292341967062,0.0375586854460093,0.0171765968867418,0.0311215502055196,0.0284487385936661,0.0320117474302496,0.0585077831454643,0.1129389508069585,-0.0425620904618693,-0.0438628368611061,0.0483414759578297,0.0204678362573099,0.1163014125467386,False,validation reliability only,test,170207,1863,0.0324991875203119,0.2147074610842727
dgraphfin,transductive,gcn,8,no_rank_claim_graphsafe,graphsafe_conservative,0.0430054721481689,0.0182970595462996,0.6763337220269954,0.022300469483568,0.0101986044015029,0.0217263652378156,0.0198604401502952,0.0161527165932452,0.0295222758990874,0.1896631748400477,-0.1835991293145573,-0.192831943074237,0.0387706855791962,0.0165745856353591,0.1924594931449937,False,validation reliability only,test,170207,1863,0.0230061925314317,0.3290391841116479
dgraphfin,transductive,sage,8,no_rank_claim_graphsafe,graphsafe_conservative,0.0488197800658401,0.0160132235444178,0.5674523543528142,0.022300469483568,0.0101986044015029,0.0211391661773341,0.0193236714975845,0.016446402349486,0.0300590445517981,0.1869723336878036,-0.1873701703365184,-0.1949545719170691,0.045153521974714,0.0165745856353591,0.1950416849495392,False,validation reliability only,test,170207,1863,0.0261136712749615,0.3741277509393451
dgraphfin,transductive,gcn,9,no_rank_claim_graphsafe,graphsafe_conservative,0.0308733347430746,0.0146395692144689,0.6022653394658062,0.0035211267605633,0.001610305958132,0.0064591896652965,0.0059044551798174,0.0123348017621145,0.0225442834138486,0.1698343781395594,0.0,0.0,0.0294038305907742,0.0018214936247723,0.1778963930769383,False,validation reliability only,test,170207,1863,0.0167569552841795,0.1959205582393988
dgraphfin,transductive,sage,9,no_rank_claim_graphsafe,graphsafe_conservative,0.0484551250613045,0.0231461776026712,0.7202461385141673,0.028169014084507,0.0128824476650563,0.0281855549031121,0.0257648953301127,0.0273127753303964,0.0499194847020934,0.1461632012784433,0.0,0.0,0.0454642933733647,0.0182149362477231,0.1505930434010039,False,validation reliability only,test,170207,1863,0.0266637879851028,0.2651637144390767
dgraphfin,transductive,gcn,10,no_rank_claim_graphsafe,graphsafe_conservative,0.0318718235851494,0.0144603531533645,0.572923490902214,0.022300469483568,0.0101986044015029,0.0275983558426306,0.025228126677402,0.0223201174743024,0.0407944176060118,0.1054656976505079,0.0,0.0,0.026950354609929,0.0116959064327485,0.1118612380556709,False,validation reliability only,test,170207,1863,0.0189821465216499,0.0993022007514761
dgraphfin,transductive,sage,10,no_rank_claim_graphsafe,graphsafe_conservative,0.0492596175310662,0.0213343065384094,0.6783388802786023,0.0246478873239436,0.0112721417069243,0.0311215502055196,0.0284487385936661,0.0358296622613803,0.0654857756307031,0.1110706375178459,-0.0068809721645201,-0.0110873032774564,0.0465408805031446,0.023391812865497,0.1156003323639385,False,validation reliability only,test,170207,1863,0.0285936420179682,0.1776704240472356
elliptic,strict_inductive,gcn,1,reliability_weighted_branch_selector,validation_weighted_ensemble,0.550711743772242,0.5469780374658152,0.8901584831595759,0.9166666666666666,0.0710987996306555,0.8862275449101796,0.136657433056325,0.8203592814371258,0.2530009233610342,0.1719256148770246,0.047703180212014,0.0004265946354366,0.0,0.0,0.5945378151260504,False,train/val only,test,16670,1083,0.5313304721030043,0.5715604801477377
elliptic,strict_inductive,sage,1,reliability_weighted_branch_selector,validation_weighted_ensemble,0.5560450318159569,0.536128577404672,0.8890748801547043,0.8690476190476191,0.0674053554939981,0.7904191616766467,0.1218836565096952,0.781437125748503,0.2409972299168975,0.1779844031193761,0.0621693121693122,0.0090470923401587,0.0,0.0,0.5903361344537815,False,train/val only,test,16670,1083,0.5916666666666667,0.5244690674053555
elliptic,strict_inductive,gcn,2,reliability_weighted_branch_selector,validation_weighted_ensemble,0.5418427726120034,0.5735206650386042,0.8904322273912353,0.9285714285714286,0.0720221606648199,0.940119760479042,0.1449676823638042,0.8862275449101796,0.27331486611265,0.1710857828434313,0.0574809805579036,0.0024965086486817,0.0,0.0,0.5945378151260504,False,train/val only,test,16670,1083,0.4996102883865939,0.5918744228993537
elliptic,strict_inductive,sage,2,reliability_weighted_branch_selector,validation_weighted_ensemble,0.5513654096228869,0.5795898527591868,0.8889703822484833,0.988095238095238,0.0766389658356417,0.9161676646706588,0.1412742382271468,0.8502994011976048,0.2622345337026777,0.1693461307738452,0.1095406360424028,0.0139514246296168,0.0,0.0,0.5966386554621849,False,train/val only,test,16670,1083,0.5196078431372549,0.5872576177285319
elliptic,strict_inductive,gcn,3,reliability_weighted_branch_selector,validation_weighted_ensemble,0.5301310043668124,0.5233242499576927,0.8877032562767906,0.9047619047619048,0.0701754385964912,0.8383233532934131,0.1292705447830101,0.7874251497005988,0.2428439519852262,0.1787642471505698,0.0441696113074205,0.0032382438920628,0.0,0.0,0.5966386554621849,False,train/val only,test,16670,1083,0.5028997514498758,0.5604801477377654
elliptic,strict_inductive,sage,3,reliability_weighted_branch_selector,validation_weighted_ensemble,0.5823367065317386,0.617852428519988,0.8956347599133947,0.988095238095238,0.0766389658356417,0.9580838323353292,0.1477377654662973,0.9131736526946108,0.2816251154201292,0.1624475104979004,0.0742049469964664,0.0059533162600094,0.0,0.0,0.5882352941176471,False,train/val only,test,16670,1083,0.5802016498625114,0.5844875346260388
elliptic,strict_inductive,gcn,4,reliability_weighted_branch_selector,validation_weighted_ensemble,0.5244527247321845,0.4666429768420137,0.8795480951317186,0.7380952380952381,0.0572483841181902,0.7005988023952096,0.1080332409972299,0.6616766467065869,0.2040627885503231,0.1860227954409118,0.07773851590106,0.0099927340502229,0.0,0.0,0.5945378151260504,False,train/val only,test,16670,1083,0.5291353383458647,0.5198522622345337
elliptic,strict_inductive,sage,4,reliability_weighted_branch_selector,validation_weighted_ensemble,0.5803489439853077,0.5857971530110948,0.8877285217852958,0.9642857142857144,0.074792243767313,0.9101796407185628,0.1403508771929824,0.8502994011976048,0.2622345337026777,0.1630473905218956,0.0980565371024735,0.0126578017122368,0.0,0.0,0.5903361344537815,False,train/val only,test,16670,1083,0.5771689497716895,0.5835641735918744
elliptic,strict_inductive,gcn,5,reliability_weighted_branch_selector,validation_weighted_ensemble,0.5236091631603552,0.4949002665429741,0.8840757453428678,0.8452380952380952,0.0655586334256694,0.8023952095808383,0.123730378578024,0.718562874251497,0.2216066481994459,0.186622675464907,0.1086572438162544,0.0108226027581747,0.0,0.0,0.5945378151260504,False,train/val only,test,16670,1083,0.5303030303030303,0.5170821791320406
elliptic,strict_inductive,sage,5,reliability_weighted_branch_selector,validation_weighted_ensemble,0.5516304347826086,0.506494155968576,0.8819924516257333,0.8214285714285714,0.0637119113573407,0.7305389221556886,0.1126500461680517,0.7395209580838323,0.2280701754385964,0.173125374925015,0.1033568904593639,0.0109322454048974,0.0,0.0,0.5945378151260504,False,train/val only,test,16670,1083,0.5413333333333333,0.5623268698060941
elliptic,strict_inductive,gcn,6,reliability_weighted_branch_selector,validation_weighted_ensemble,0.5233137166138524,0.4993675747211051,0.8836593827953202,0.8928571428571429,0.0692520775623268,0.8083832335329342,0.1246537396121883,0.7425149700598802,0.2289935364727608,0.1843431313737252,0.0406360424028268,0.0066244678234247,0.0,0.0,0.5945378151260504,False,train/val only,test,16670,1083,0.5133214920071048,0.5337026777469991
elliptic,strict_inductive,sage,6,reliability_weighted_branch_selector,validation_weighted_ensemble,0.5521008403361344,0.5433528873374639,0.8859878674613484,0.8452380952380952,0.0655586334256694,0.7904191616766467,0.1218836565096952,0.7784431137724551,0.2400738688827331,0.1661667666466706,0.0795053003533569,0.0093940310645863,0.0,0.0,0.6008403361344538,False,train/val only,test,16670,1083,0.5065535851966075,0.6066481994459834
elliptic,strict_inductive,gcn,7,reliability_weighted_branch_selector,validation_weighted_ensemble,0.5301090564248458,0.4810443785874952,0.8802980038589584,0.8452380952380952,0.0655586334256694,0.7784431137724551,0.1200369344413665,0.688622754491018,0.2123730378578024,0.1851829634073185,0.0503533568904593,0.0092552748818145,0.0,0.0,0.5945378151260504,False,train/val only,test,16670,1083,0.5448343079922028,0.5161588180978762
elliptic,strict_inductive,sage,7,reliability_weighted_branch_selector,validation_weighted_ensemble,0.5716972261401034,0.5568331324617447,0.8875188151027436,0.9285714285714286,0.0720221606648199,0.8562874251497006,0.1320406278855032,0.8053892215568862,0.2483841181902123,0.1686262747450509,0.0618374558303886,0.0041639028615079,0.0,0.0,0.5882352941176471,False,train/val only,test,16670,1083,0.5823754789272031,0.5614035087719298
elliptic,strict_inductive,gcn,8,reliability_weighted_branch_selector,validation_weighted_ensemble,0.5293276108726752,0.4745315513013463,0.8849354835021561,0.7619047619047619,0.0590951061865189,0.7005988023952096,0.1080332409972299,0.6676646706586826,0.2059095106186519,0.1859028194361127,0.073321554770318,0.0100928323894775,0.0,0.0,0.5945378151260504,False,train/val only,test,16670,1083,0.5473372781065089,0.5124653739612188
elliptic,strict_inductive,sage,8,reliability_weighted_branch_selector,validation_weighted_ensemble,0.5638443935926772,0.4962713330006936,0.8875386602266574,0.7261904761904762,0.0563250230840258,0.6946107784431138,0.1071098799630655,0.6946107784431138,0.2142197599261311,0.1692261547690461,0.0591872791519434,0.0045037472450099,0.0,0.0,0.592436974789916,False,train/val only,test,16670,1083,0.558983666061706,0.5687903970452447
elliptic,strict_inductive,gcn,9,reliability_weighted_branch_selector,validation_weighted_ensemble,0.5239742956005932,0.5198663669612639,0.8892470291997598,0.8928571428571429,0.0692520775623268,0.8203592814371258,0.1265004616805171,0.7634730538922155,0.2354570637119113,0.1904619076184763,0.058303886925795,0.0142187571476543,0.0,0.0,0.6008403361344538,False,train/val only,test,16670,1083,0.5638297872340425,0.4893813481071098
elliptic,strict_inductive,sage,9,reliability_weighted_branch_selector,validation_weighted_ensemble,0.5897920604914935,0.5839541340687164,0.8922121869083672,0.9404761904761904,0.0729455216989843,0.9041916167664672,0.1394275161588181,0.8532934131736527,0.2631578947368421,0.1622075584883023,0.07773851590106,0.0079021945435128,0.0,0.0,0.5882352941176471,False,train/val only,test,16670,1083,0.6040658276863504,0.5761772853185596
elliptic,strict_inductive,gcn,10,reliability_weighted_branch_selector,validation_weighted_ensemble,0.5194931773879143,0.5317236289553641,0.8827687514058197,0.9285714285714286,0.0720221606648199,0.9281437125748504,0.1431209602954755,0.8173652694610778,0.2520775623268698,0.191121775644871,0.1254416961130742,0.0156319456774405,0.0,0.0,0.5945378151260504,False,train/val only,test,16670,1083,0.5500515995872033,0.492151431209603
elliptic,strict_inductive,sage,10,reliability_weighted_branch_selector,validation_weighted_ensemble,0.5287037037037037,0.524568211939684,0.8812134268435572,0.9404761904761904,0.0729455216989843,0.8622754491017964,0.1329639889196676,0.7784431137724551,0.2400738688827331,0.1839232153569286,0.1060070671378092,0.0221578182974351,0.0,0.0,0.5945378151260504,False,train/val only,test,16670,1083,0.5301764159702879,0.5272391505078485
elliptic,inductive_isolated,gcn,1,reliability_weighted_branch_selector,validation_weighted_ensemble,0.5500705218617771,0.5779169896515035,0.8856252644658957,1.0,0.077562326869806,0.9820359281437124,0.1514312096029547,0.8982035928143712,0.2770083102493075,0.1769046190761847,0.0918727915194346,0.0127792363689826,0.0,0.0,0.5945378151260504,False,train/val only,test,16670,1083,0.5603448275862069,0.5401662049861495
elliptic,inductive_isolated,sage,1,reliability_weighted_branch_selector,validation_weighted_ensemble,0.5331491712707183,0.4461810897513053,0.8812588336718556,0.5833333333333334,0.0452446906740535,0.6287425149700598,0.0969529085872576,0.6047904191616766,0.1865189289012003,0.1817636472705459,0.0401606425702811,0.0040987175105402,0.0,0.0,0.592436974789916,False,train/val only,test,16670,1083,0.5316804407713499,0.5346260387811634
elliptic,inductive_isolated,gcn,2,reliability_weighted_branch_selector,validation_weighted_ensemble,0.5438677078548462,0.5811708939719699,0.8843652768148943,0.9523809523809524,0.0738688827331486,0.9580838323353292,0.1477377654662973,0.9191616766467066,0.283471837488458,0.1773845230953809,0.1439929328621908,0.0208077855315934,0.0,0.0,0.5945378151260504,False,train/val only,test,16670,1083,0.5411334552102377,0.5466297322253001
elliptic,inductive_isolated,sage,2,reliability_weighted_branch_selector,validation_weighted_ensemble,0.5329695316052752,0.5089131278214345,0.8786292362749197,0.8690476190476191,0.0674053554939981,0.7784431137724551,0.1200369344413665,0.7455089820359282,0.2299168975069252,0.180863827234553,0.082010582010582,0.0102227684227341,0.0,0.0,0.5945378151260504,False,train/val only,test,16670,1083,0.525089605734767,0.541089566020314
elliptic,inductive_isolated,gcn,3,reliability_weighted_branch_selector,validation_weighted_ensemble,0.5293861558554638,0.557448356457032,0.8871714661950755,0.9523809523809524,0.0738688827331486,0.9221556886227544,0.1421975992613111,0.8353293413173652,0.2576177285318559,0.1788242351529694,0.1378091872791519,0.0088915781237268,0.0,0.0,0.5945378151260504,False,train/val only,test,16670,1083,0.500823723228995,0.5614035087719298
elliptic,inductive_isolated,sage,3,reliability_weighted_branch_selector,validation_weighted_ensemble,0.5468615649183147,0.5286450456781226,0.8886272689418894,0.8095238095238095,0.0627885503231763,0.7904191616766467,0.1218836565096952,0.7754491017964071,0.2391505078485687,0.1704859028194361,0.0397526501766784,0.0031276322121796,0.0,0.0,0.5966386554621849,False,train/val only,test,16670,1083,0.5116653258246179,0.5872576177285319
elliptic,inductive_isolated,gcn,4,reliability_weighted_branch_selector,validation_weighted_ensemble,0.5205104831358249,0.4694221129880411,0.8738124692659751,0.7976190476190477,0.061865189289012,0.7125748502994012,0.1098799630655586,0.6796407185628742,0.2096029547553093,0.1859628074385123,0.1563604240282685,0.0167201455452174,0.0,0.0,0.5945378151260504,False,train/val only,test,16670,1083,0.5139513951395139,0.5272391505078485
elliptic,inductive_isolated,sage,4,reliability_weighted_branch_selector,validation_weighted_ensemble,0.5355839416058396,0.4691913207031857,0.8740530691787395,0.7142857142857143,0.0554016620498614,0.688622754491018,0.1061865189289012,0.6826347305389222,0.2105263157894736,0.1800839832033593,0.0886243386243386,0.0145286471339636,0.0,0.0,0.5945378151260504,False,train/val only,test,16670,1083,0.5293056807935077,0.5420129270544783
elliptic,inductive_isolated,gcn,5,reliability_weighted_branch_selector,validation_weighted_ensemble,0.5272045028142589,0.5274791528143055,0.8790928420652174,0.9761904761904762,0.0757156048014773,0.9640718562874252,0.1486611265004616,0.8203592814371258,0.2530009233610342,0.1854829034193161,0.0848056537102473,0.009244868260045,0.0,0.0,0.6050420168067226,False,train/val only,test,16670,1083,0.5357483317445186,0.5189289012003694
elliptic,inductive_isolated,sage,5,reliability_weighted_branch_selector,validation_weighted_ensemble,0.5342592592592592,0.4305529767886537,0.8762083088749586,0.5,0.038781163434903,0.5389221556886228,0.0831024930747922,0.5808383233532934,0.1791320406278855,0.1817636472705459,0.0421686746987951,0.0032203362621529,0.0,0.0,0.5945378151260504,False,train/val only,test,16670,1083,0.5357474466109564,0.5327793167128347
elliptic,inductive_isolated,gcn,6,reliability_weighted_branch_selector,validation_weighted_ensemble,0.5225148683092609,0.5541833505566294,0.8832915371328037,1.0,0.077562326869806,0.9580838323353292,0.1477377654662973,0.8532934131736527,0.2631578947368421,0.1797240551889622,0.1042402826855123,0.0053832917049397,0.0,0.0,0.5945378151260504,False,train/val only,test,16670,1083,0.4838709677419355,0.5678670360110804
elliptic,inductive_isolated,sage,6,reliability_weighted_branch_selector,validation_weighted_ensemble,0.5356223175965665,0.4644975889628751,0.8790748925949312,0.5238095238095238,0.0406278855032317,0.6287425149700598,0.0969529085872576,0.6526946107784432,0.2012927054478301,0.1750449910017996,0.0494699646643109,0.0065455601315466,0.0,0.0,0.5966386554621849,False,train/val only,test,16670,1083,0.5004009623095429,0.5761772853185596
elliptic,inductive_isolated,gcn,7,reliability_weighted_branch_selector,validation_weighted_ensemble,0.5386374028349337,0.5151166506118389,0.880458542025545,0.9166666666666666,0.0710987996306555,0.844311377245509,0.1301939058171745,0.7604790419161677,0.234533702677747,0.1790641871625674,0.1104240282685512,0.0152570345213678,0.0,0.0,0.5945378151260504,False,train/val only,test,16670,1083,0.5335144927536232,0.543859649122807
elliptic,inductive_isolated,sage,7,reliability_weighted_branch_selector,validation_weighted_ensemble,0.5425867507886436,0.4628422974149594,0.8807269547313767,0.6071428571428571,0.0470914127423822,0.6227544910179641,0.0960295475530932,0.6407185628742516,0.1975992613111726,0.1763047390521895,0.0530035335689045,0.0072348979677481,0.0,0.0,0.592436974789916,False,train/val only,test,16670,1083,0.5299295774647887,0.5558633425669437
elliptic,inductive_isolated,gcn,8,reliability_weighted_branch_selector,validation_weighted_ensemble,0.5324852339845526,0.5044234301014054,0.8834767780357249,0.8809523809523809,0.0683287165281625,0.7724550898203593,0.1191135734072022,0.7574850299401198,0.2336103416435826,0.1809838032393521,0.1227915194346289,0.0153307088278671,0.0,0.0,0.5987394957983193,False,train/val only,test,16670,1083,0.5241502683363148,0.541089566020314
elliptic,inductive_isolated,sage,8,reliability_weighted_branch_selector,validation_weighted_ensemble,0.5380906460945034,0.4241256009035968,0.8799630655586335,0.4166666666666667,0.0323176361957525,0.4730538922155688,0.0729455216989843,0.5359281437125748,0.1652816251154201,0.1834433113377324,0.0401606425702811,0.0039387232799298,0.0,0.0,0.592436974789916,False,train/val only,test,16670,1083,0.5630676084762866,0.5152354570637119
elliptic,inductive_isolated,gcn,9,reliability_weighted_branch_selector,validation_weighted_ensemble,0.5497757847533633,0.5625657249008339,0.8883459420957197,0.9642857142857144,0.074792243767313,0.9580838323353292,0.1477377654662973,0.8473053892215568,0.2613111726685134,0.1730053989202159,0.0715547703180212,0.0006747440281855,0.0,0.0,0.5945378151260504,False,train/val only,test,16670,1083,0.5344376634699215,0.5660203139427517
elliptic,inductive_isolated,sage,9,reliability_weighted_branch_selector,validation_weighted_ensemble,0.5484287559190703,0.5121345058334846,0.8859509614547862,0.7857142857142857,0.0609418282548476,0.7485029940119761,0.1154201292705447,0.7335329341317365,0.2262234533702677,0.1699460107978404,0.0114660114660114,-0.0025358160313484,0.0,0.0,0.5945378151260504,False,train/val only,test,16670,1083,0.5137096774193548,0.5881809787626963
elliptic,inductive_isolated,gcn,10,reliability_weighted_branch_selector,validation_weighted_ensemble,0.532319391634981,0.5569208522975653,0.8819582410016729,0.9761904761904762,0.0757156048014773,0.9580838323353292,0.1477377654662973,0.8532934131736527,0.2631578947368421,0.1845230953809238,0.151060070671378,0.0177574725581067,0.0,0.0,0.5945378151260504,False,train/val only,test,16670,1083,0.5484818805093046,0.5170821791320406
elliptic,inductive_isolated,sage,10,reliability_weighted_branch_selector,validation_weighted_ensemble,0.5245597775718257,0.495311309414962,0.8772045933346093,0.9166666666666666,0.0710987996306555,0.8023952095808383,0.123730378578024,0.7095808383233533,0.2188365650969529,0.1856028794241151,0.0595238095238094,0.011641844104656,0.0,0.0,0.5945378151260504,False,train/val only,test,16670,1083,0.5265116279069767,0.5226223453370268
elliptic,transductive,gcn,1,reliability_weighted_branch_selector,validation_weighted_ensemble,0.5484387510008008,0.5166979312497637,0.87316371143152,0.8095238095238095,0.0627885503231763,0.7844311377245509,0.1209602954755309,0.7514970059880239,0.2317636195752539,0.1631673665266946,0.0832116788321167,0.0100895801300158,0.0,0.0,0.5945378151260504,False,train/val only,test,16670,1083,0.4840989399293286,0.6325023084025854
elliptic,transductive,sage,1,reliability_weighted_branch_selector,validation_weighted_ensemble,0.5238774055595153,0.4497678401983248,0.8581949195179519,0.75,0.0581717451523545,0.6586826347305389,0.1015697137580794,0.5778443113772455,0.1782086795937211,0.1636472705458908,0.0672268907563025,0.0088737683717013,0.0,0.0,0.6638655462184874,False,train/val only,test,16670,1083,0.4265815438189205,0.6786703601108033
elliptic,transductive,gcn,2,reliability_weighted_branch_selector,validation_weighted_ensemble,0.5807017543859649,0.5890558527190487,0.8737068754350007,0.8928571428571429,0.0692520775623268,0.9221556886227544,0.1421975992613111,0.8802395209580839,0.2714681440443213,0.158368326334733,0.0353356890459364,0.0061980939698314,0.0,0.0,0.592436974789916,False,train/val only,test,16670,1083,0.5530492898913951,0.6112650046168052
elliptic,transductive,sage,2,reliability_weighted_branch_selector,validation_weighted_ensemble,0.5876662636033857,0.5498635491808874,0.8761109196698411,0.9285714285714286,0.0720221606648199,0.8263473053892215,0.1274238227146814,0.7365269461077845,0.2271468144044321,0.1463107378524295,0.0139230139230139,-0.0016247883329209,0.0,0.0,0.6071428571428571,False,train/val only,test,16670,1083,0.5214592274678111,0.6731301939058172
elliptic,transductive,gcn,3,reliability_weighted_branch_selector,validation_weighted_ensemble,0.560897435897436,0.3856411705101192,0.8699049051281637,0.4880952380952381,0.0378578024007386,0.3952095808383233,0.0609418282548476,0.3622754491017964,0.1117266851338873,0.1576484703059388,0.0401459854014598,0.0069863045312316,0.0,0.0,0.5987394957983193,False,train/val only,test,16670,1083,0.4953998584571833,0.6463527239150508
elliptic,transductive,sage,3,reliability_weighted_branch_selector,validation_weighted_ensemble,0.5494071146245059,0.555314980492425,0.8681089510335489,0.988095238095238,0.0766389658356417,0.9520958083832336,0.1468144044321329,0.7604790419161677,0.234533702677747,0.1614877024595081,0.0247349823321554,0.0089466331392547,0.0,0.0,0.615546218487395,False,train/val only,test,16670,1083,0.4803040774015203,0.641735918744229
elliptic,transductive,gcn,4,reliability_weighted_branch_selector,validation_weighted_ensemble,0.5698005698005699,0.5341199941734387,0.8680643439341246,0.9047619047619048,0.0701754385964912,0.8502994011976048,0.1311172668513388,0.7514970059880239,0.2317636195752539,0.1553089382123575,0.0277372262773722,0.0064641947983542,0.0,0.0,0.5945378151260504,False,train/val only,test,16670,1083,0.5094614264919942,0.6463527239150508
elliptic,transductive,sage,4,reliability_weighted_branch_selector,validation_weighted_ensemble,0.5527442584663292,0.5369115042180055,0.8736427194075419,1.0,0.077562326869806,0.9221556886227544,0.1421975992613111,0.7544910179640718,0.2326869806094182,0.1584283143371326,0.0401606425702811,0.0069448311892077,0.0,0.0,0.6113445378151261,False,train/val only,test,16670,1083,0.477792732166891,0.6555863342566943
elliptic,transductive,gcn,5,reliability_weighted_branch_selector,validation_weighted_ensemble,0.5769739744155271,0.5521472499929798,0.8735038627793209,0.8690476190476191,0.0674053554939981,0.8802395209580839,0.1357340720221606,0.7934131736526946,0.2446906740535549,0.1604679064187162,0.0556537102473498,0.0121031788950191,0.0,0.0,0.6008403361344538,False,train/val only,test,16670,1083,0.5523648648648649,0.6038781163434903
elliptic,transductive,sage,5,reliability_weighted_branch_selector,validation_weighted_ensemble,0.5383647798742138,0.4336331027760166,0.8633385386797163,0.8333333333333334,0.064635272391505,0.6407185628742516,0.0987996306555863,0.5089820359281437,0.1569713758079409,0.1718656268746251,0.0859788359788359,0.0238646036286081,0.0,0.0,0.6071428571428571,False,train/val only,test,16670,1083,0.4930875576036866,0.592797783933518
elliptic,transductive,gcn,6,reliability_weighted_branch_selector,validation_weighted_ensemble,0.5347303065580132,0.3678331357124947,0.8642741326036962,0.5238095238095238,0.0406278855032317,0.3952095808383233,0.0609418282548476,0.3323353293413174,0.1024930747922437,0.1664667066586682,0.0781021897810218,0.0100945662411151,0.0,0.0,0.5945378151260504,False,train/val only,test,16670,1083,0.4611780455153949,0.6361957525392429
elliptic,transductive,sage,6,reliability_weighted_branch_selector,validation_weighted_ensemble,0.5721231766612641,0.5626269817463119,0.871852393034634,0.988095238095238,0.0766389658356417,0.9461077844311376,0.1458910433979686,0.811377245508982,0.2502308402585411,0.1538092381523695,0.0381526104417671,0.0010985130261928,0.0,0.0,0.6071428571428571,False,train/val only,test,16670,1083,0.5097472924187726,0.6518928901200369
elliptic,transductive,gcn,7,reliability_weighted_branch_selector,validation_weighted_ensemble,0.5592048401037165,0.5505416963310968,0.8768507577371843,0.9285714285714286,0.0720221606648199,0.9161676646706588,0.1412742382271468,0.8233532934131736,0.2539242843951985,0.1658068386322735,0.0680212014134275,0.0166407910656878,0.0,0.0,0.6008403361344538,False,train/val only,test,16670,1083,0.5255889520714866,0.5974145891043398
elliptic,transductive,sage,7,reliability_weighted_branch_selector,validation_weighted_ensemble,0.5539568345323742,0.5116886061882585,0.8741131377030638,0.9642857142857144,0.074792243767313,0.8203592814371258,0.1265004616805171,0.688622754491018,0.2123730378578024,0.1605278944211157,0.0441767068273092,0.0116187826254783,0.0,0.0,0.6050420168067226,False,train/val only,test,16670,1083,0.4883720930232558,0.6398891966759003
elliptic,transductive,gcn,8,reliability_weighted_branch_selector,validation_weighted_ensemble,0.5375586854460094,0.4604550608124519,0.8580497242979136,0.7142857142857143,0.0554016620498614,0.6526946107784432,0.100646352723915,0.6287425149700598,0.1939058171745152,0.1659268146370726,0.0430656934306569,0.0083173053880519,0.0,0.0,0.6281512605042017,False,train/val only,test,16670,1083,0.4663951120162933,0.6343490304709142
elliptic,transductive,sage,8,reliability_weighted_branch_selector,validation_weighted_ensemble,0.5402010050251257,0.4549595676626413,0.872221690056959,0.6785714285714286,0.0526315789473684,0.6526946107784432,0.100646352723915,0.6107784431137725,0.1883656509695291,0.1709658068386322,0.0742049469964664,0.0132799557888912,0.0,0.0,0.6281512605042017,False,train/val only,test,16670,1083,0.4942528735632184,0.5955678670360111
elliptic,transductive,gcn,9,reliability_weighted_branch_selector,validation_weighted_ensemble,0.5699721964782205,0.5408742734149746,0.8706427290635276,0.9285714285714286,0.0720221606648199,0.8622754491017964,0.1329639889196676,0.7694610778443114,0.23730378578024,0.1679664067186562,0.062720848056537,0.0132350114288767,0.0,0.0,0.5966386554621849,False,train/val only,test,16670,1083,0.5720930232558139,0.5678670360110804
elliptic,transductive,sage,9,reliability_weighted_branch_selector,validation_weighted_ensemble,0.5634987384356601,0.50531703566968,0.8669818072344185,0.9166666666666666,0.0710987996306555,0.7844311377245509,0.1209602954755309,0.6646706586826348,0.2049861495844875,0.161367726454709,0.0421686746987951,0.0073707967629413,0.0,0.0,0.6134453781512605,False,train/val only,test,16670,1083,0.5173745173745173,0.61865189289012
elliptic,transductive,gcn,10,reliability_weighted_branch_selector,validation_weighted_ensemble,0.5615848406546081,0.5617503023545425,0.8635400703559996,0.8809523809523809,0.0683287165281625,0.9041916167664672,0.1394275161588181,0.8532934131736527,0.2631578947368421,0.1644871025794841,0.0554744525547445,0.0135432611252431,0.0,0.0,0.6050420168067226,False,train/val only,test,16670,1083,0.5262308313155771,0.6020313942751616
elliptic,transductive,sage,10,reliability_weighted_branch_selector,validation_weighted_ensemble,0.5439928539526574,0.5151870678433143,0.8720586934645742,0.9166666666666666,0.0710987996306555,0.8083832335329342,0.1246537396121883,0.7275449101796407,0.224376731301939,0.1749850029994001,0.0997464074387151,0.0246217318066065,0.0,0.0,0.5966386554621849,False,train/val only,test,16670,1083,0.5268166089965398,0.5623268698060941
dgraphfin,strict_inductive,gcn,1,reliability_weighted_branch_selector,validation_weighted_ensemble,0.0261981559651106,0.0124055140776757,0.5688201667883024,0.0082159624413145,0.0037573805689747,0.0076335877862595,0.0069779924852388,0.0085168869309838,0.0155662909286097,0.5657405394607742,0.0,0.0,0.0220359281437125,0.0018214936247723,0.5776056085562349,False,train/val only,test,170207,1863,0.0133571640086298,0.677938808373591
dgraphfin,strict_inductive,sage,1,reliability_weighted_branch_selector,validation_weighted_ensemble,0.0638808440215142,0.027914514496628,0.7329447263991231,0.0434272300469483,0.0198604401502952,0.0428655314151497,0.0391841116478797,0.0405286343612334,0.074074074074074,0.10117680236418,0.0,0.0,0.0579920260964117,0.0255009107468123,0.106858868997379,False,train/val only,test,170207,1863,0.0377616904715319,0.2071926999463231
dgraphfin,strict_inductive,gcn,2,reliability_weighted_branch_selector,validation_weighted_ensemble,0.0484083136016837,0.0224235569694073,0.7067066909795343,0.022300469483568,0.0101986044015029,0.0317087492660011,0.0289855072463768,0.0287812041116005,0.0526033279656468,0.139224591233028,0.0430287406757349,0.0418549993980853,0.0428385174147886,0.0186480186480186,0.1420416685176136,False,train/val only,test,170207,1863,0.0268346750670866,0.2469135802469135
dgraphfin,strict_inductive,sage,2,reliability_weighted_branch_selector,validation_weighted_ensemble,0.0637497233084926,0.0279133018863117,0.7341230800087819,0.0481220657276995,0.0220075147611379,0.0458015267175572,0.0418679549114331,0.0443465491923641,0.0810520665593129,0.1081800395988414,0.0144251864853005,0.0109798344828933,0.0577663671373555,0.0303030303030303,0.1119896939274132,False,train/val only,test,170207,1863,0.0369546621043627,0.2318840579710145
dgraphfin,strict_inductive,gcn,3,reliability_weighted_branch_selector,validation_weighted_ensemble,0.0251230984630389,0.0101745848148334,0.4986822951975569,0.0152582159624413,0.0069779924852388,0.0135055783910745,0.0123456790123456,0.0091042584434654,0.0166398282340311,0.7344233785919498,0.0,0.0,0.0227835562159484,0.009208103130755,0.7530323248819932,False,train/val only,test,170207,1863,0.0127483615521549,0.8572195383789587
dgraphfin,strict_inductive,sage,3,reliability_weighted_branch_selector,validation_weighted_ensemble,0.0648718780408692,0.0279465111095142,0.7331816766751841,0.0363849765258215,0.0166398282340311,0.0428655314151497,0.0391841116478797,0.0399412628487518,0.0730005367686527,0.1167225789773628,0.0,0.0,0.0567129629629629,0.023391812865497,0.1210963528941406,False,train/val only,test,170207,1863,0.0368949232585596,0.2683843263553409
dgraphfin,strict_inductive,gcn,4,reliability_weighted_branch_selector,validation_weighted_ensemble,0.0357321756553681,0.0181117568398873,0.6615552002521025,0.022300469483568,0.0101986044015029,0.0193775689958896,0.0177133655394524,0.0205580029368575,0.0375738056897477,0.1066113614598694,-0.0133282141290039,-0.019770679532692,0.0323604060913705,0.0146198830409356,0.113497091815538,False,train/val only,test,170207,1863,0.0211566979733069,0.1148684916800858
dgraphfin,strict_inductive,sage,4,reliability_weighted_branch_selector,validation_weighted_ensemble,0.0486539886391701,0.0229018764115157,0.7282881027369539,0.0234741784037558,0.0107353730542136,0.0252495596007046,0.0230810520665593,0.0258443465491923,0.0472356414385399,0.165680612430746,0.0287406757349714,0.0269725543712545,0.0451752800867365,0.0163934426229508,0.1687143483984203,False,train/val only,test,170207,1863,0.0263474655610538,0.3172302737520129
dgraphfin,strict_inductive,gcn,5,reliability_weighted_branch_selector,validation_weighted_ensemble,0.0221536664635384,0.0103075248707999,0.4867603947559363,0.0058685446009389,0.0026838432635534,0.004697592483852,0.0042941492216854,0.0067547723935389,0.0123456790123456,0.907824002538086,0.0,0.0,0.0191520080143787,0.0023310023310023,0.91479267222466,False,train/val only,test,170207,1863,0.0112093940503491,0.9366612989801396
dgraphfin,strict_inductive,sage,5,reliability_weighted_branch_selector,validation_weighted_ensemble,0.0546347697591756,0.0235268802336368,0.7192912812093551,0.0246478873239436,0.0112721417069243,0.0252495596007046,0.0230810520665593,0.0249632892804698,0.0456253354804079,0.1667792746479287,-0.0288969836968593,-0.0307334046936628,0.0476516969489201,0.0163934426229508,0.1746379991224221,False,train/val only,test,170207,1863,0.0295132896099413,0.3671497584541063
dgraphfin,strict_inductive,gcn,6,reliability_weighted_branch_selector,validation_weighted_ensemble,0.0410756191985172,0.0175957790861461,0.6669996424900893,0.0117370892018779,0.0053676865271068,0.0223135642982971,0.0203972088030059,0.0143906020558002,0.0263016639828234,0.3884035321696522,0.0,0.0,0.0374209180239601,0.0147329650092081,0.3992430890741553,False,train/val only,test,170207,1863,0.0211261108890187,0.7375201288244766
dgraphfin,strict_inductive,sage,6,reliability_weighted_branch_selector,validation_weighted_ensemble,0.0532564323433579,0.0240303179020403,0.726154826457769,0.0269953051643192,0.0123456790123456,0.0328831473869641,0.0300590445517981,0.0290748898678414,0.0531400966183574,0.175592073181479,0.0,0.0,0.0478048780487804,0.0175438596491228,0.1819877139096094,False,train/val only,test,170207,1863,0.0286254931959094,0.3816425120772946
dgraphfin,strict_inductive,gcn,7,reliability_weighted_branch_selector,validation_weighted_ensemble,0.0462731811697574,0.02112942132325,0.703293603895038,0.0129107981220657,0.0059044551798174,0.0234879624192601,0.0214707461084272,0.0270190895741556,0.0493827160493827,0.1572790778287614,0.0012340939008336,0.0007134894931609,0.0403781445281204,0.0116550116550116,0.1622351474864977,False,train/val only,test,170207,1863,0.0252321454616169,0.2785829307568438
dgraphfin,strict_inductive,sage,7,reliability_weighted_branch_selector,validation_weighted_ensemble,0.0492926416941009,0.0229133080031003,0.716831973709024,0.0293427230046948,0.013419216317767,0.0281855549031121,0.0257648953301127,0.0305433186490455,0.0558239398819108,0.1000487641518856,-0.0544844742570299,-0.0566661157677769,0.0411549950215731,0.0202578268876611,0.1031495713206876,False,train/val only,test,170207,1863,0.0295435153583617,0.1486849168008588
dgraphfin,strict_inductive,gcn,8,reliability_weighted_branch_selector,validation_weighted_ensemble,0.0410380025592953,0.0176104727057477,0.6866175301300721,0.0234741784037558,0.0107353730542136,0.0211391661773341,0.0193236714975845,0.0158590308370044,0.0289855072463768,0.3900192119008031,-0.0007530120481927,-0.0008936577585355,0.0375460945357023,0.0175438596491228,0.400477182974989,False,train/val only,test,170207,1863,0.0211040203235235,0.74020397208803
dgraphfin,strict_inductive,sage,8,reliability_weighted_branch_selector,validation_weighted_ensemble,0.0410156547139097,0.0175053126404679,0.6843306116996997,0.0234741784037558,0.0107353730542136,0.0211391661773341,0.0193236714975845,0.0152716593245227,0.0279119699409554,0.3824460803609722,-0.0078936435396759,-0.0084371774029724,0.0369150542061204,0.0165745856353591,0.3929354980254497,False,train/val only,test,170207,1863,0.0211060311893279,0.7235641438539989
dgraphfin,strict_inductive,gcn,9,reliability_weighted_branch_selector,validation_weighted_ensemble,0.0309356774575268,0.0146457734493615,0.6023535132762047,0.0035211267605633,0.001610305958132,0.0064591896652965,0.0059044551798174,0.0123348017621145,0.0225442834138486,0.1698990053288055,0.0,0.0,0.0293879751954704,0.0018214936247723,0.1779760600689119,False,train/val only,test,170207,1863,0.0167897609982109,0.1964573268921095
dgraphfin,strict_inductive,sage,9,reliability_weighted_branch_selector,validation_weighted_ensemble,0.0476394237626586,0.022999765001212,0.7204263697555212,0.0293427230046948,0.013419216317767,0.0287727539635936,0.0263016639828234,0.0276064610866372,0.050456253354804,0.1496941958908858,0.0,0.0,0.0424369747899159,0.0127504553734061,0.152947447914353,False,train/val only,test,170207,1863,0.0261345852895148,0.2689210950080515
dgraphfin,strict_inductive,gcn,10,reliability_weighted_branch_selector,validation_weighted_ensemble,0.032282991328239,0.0144974566077533,0.5735070830096664,0.0234741784037558,0.0107353730542136,0.0281855549031121,0.0257648953301127,0.0223201174743024,0.0407944176060118,0.1055832016309552,0.0,0.0,0.0268741159830268,0.0116959064327485,0.1120689655172413,False,train/val only,test,170207,1863,0.0192150449713818,0.1009125067096081
dgraphfin,strict_inductive,sage,10,reliability_weighted_branch_selector,validation_weighted_ensemble,0.0507225007372456,0.0237878505748987,0.7281958555889024,0.0258215962441314,0.0118089103596349,0.0234879624192601,0.0214707461084272,0.0276064610866372,0.050456253354804,0.1282379690612019,0.0,0.0,0.0461336828309305,0.0069930069930069,0.1310692550308738,False,train/val only,test,170207,1863,0.0284919162470182,0.2308105206655931
dgraphfin,inductive_isolated,gcn,1,reliability_weighted_branch_selector,validation_weighted_ensemble,0.0286860385480872,0.0135745812837729,0.6036546983429298,0.0058685446009389,0.0026838432635534,0.0099823840281855,0.0091250670960815,0.0117474302496328,0.0214707461084272,0.592607824590058,0.0,0.0,0.0243913177475454,0.0054644808743169,0.6148255813953488,False,train/val only,test,170207,1863,0.0146093057091891,0.7869028448738594
dgraphfin,inductive_isolated,sage,1,reliability_weighted_branch_selector,validation_weighted_ensemble,0.0431843848500682,0.0198570530246959,0.7047383824838994,0.0152582159624413,0.0069779924852388,0.015267175572519,0.0139559849704777,0.0185022026431718,0.0338164251207729,0.3471831358287262,-0.0232135438304944,-0.0244854282078178,0.0380119164341202,0.0116550116550116,0.3596698113207547,False,train/val only,test,170207,1863,0.0222922177363218,0.6876006441223832
dgraphfin,inductive_isolated,gcn,2,reliability_weighted_branch_selector,validation_weighted_ensemble,0.0480165932071558,0.0228548542195028,0.7074272412935413,0.0246478873239436,0.0112721417069243,0.0311215502055196,0.0284487385936661,0.0340675477239353,0.062265163714439,0.1407638933768881,0.044752932741142,0.0433571158475157,0.0424054103454578,0.0209790209790209,0.1437297321309582,False,train/val only,test,170207,1863,0.026575594076455,0.2485238862050456
dgraphfin,inductive_isolated,sage,2,reliability_weighted_branch_selector,validation_weighted_ensemble,0.0491258912003125,0.0237047297483161,0.7174487918164858,0.034037558685446,0.0155662909286097,0.0381679389312977,0.0348899624261943,0.0314243759177679,0.0574342458400429,0.1463629580452037,0.0524352786309785,0.0491080415673009,0.0440742668748915,0.0303030303030303,0.1486289987536352,False,train/val only,test,170207,1863,0.0270212194466827,0.2699946323134728
dgraphfin,inductive_isolated,gcn,3,reliability_weighted_branch_selector,validation_weighted_ensemble,0.0251230984630389,0.0101745848148334,0.4986822951975569,0.0152582159624413,0.0069779924852388,0.0135055783910745,0.0123456790123456,0.0091042584434654,0.0166398282340311,0.7344233785919498,0.0,0.0,0.0227835562159484,0.009208103130755,0.7530323248819932,False,train/val only,test,170207,1863,0.0127483615521549,0.8572195383789587
dgraphfin,inductive_isolated,sage,3,reliability_weighted_branch_selector,validation_weighted_ensemble,0.0275081618106459,0.0155777424052784,0.6410275920335808,0.0082159624413145,0.0037573805689747,0.0076335877862595,0.0069779924852388,0.0105726872246696,0.0193236714975845,0.6563361083856716,-0.0612659060991662,-0.0767722059849549,0.0255952133626958,0.0054644808743169,0.6636658766356629,False,train/val only,test,170207,1863,0.013983323790438,0.8389694041867954
dgraphfin,inductive_isolated,gcn,4,reliability_weighted_branch_selector,validation_weighted_ensemble,0.0324445273168002,0.0180008296829289,0.6575119925437546,0.0211267605633802,0.0096618357487922,0.0211391661773341,0.0193236714975845,0.0252569750367107,0.0461621041331186,0.072223821581956,-0.1329442928558625,-0.1451788356361321,0.0256410256410256,0.0165745856353591,0.076407089867176,False,train/val only,test,170207,1863,0.0248571428571428,0.0466988727858293
dgraphfin,inductive_isolated,sage,4,reliability_weighted_branch_selector,validation_weighted_ensemble,0.0408997955010225,0.0176931537790019,0.6831432393537972,0.0093896713615023,0.0042941492216854,0.01174398120963,0.0107353730542136,0.0179148311306901,0.0327428878153515,0.3865645948756514,0.1821585771475233,0.169836672197591,0.0363979509301698,0.0087719298245614,0.3999561211057481,False,train/val only,test,170207,1863,0.0210392784765087,0.7300053676865271
dgraphfin,inductive_isolated,gcn,5,reliability_weighted_branch_selector,validation_weighted_ensemble,0.0215864478407549,0.0082168269456016,0.3765554936599544,0.0011737089201877,0.0005367686527106,0.0005871990604815,0.0005367686527106,0.0035242290748898,0.0064412238325281,0.9591262404013936,0.0,0.0,0.0187587756248244,0.0,0.9611289987536352,False,train/val only,test,170207,1863,0.0109152941604997,0.9651100375738056
dgraphfin,inductive_isolated,sage,5,reliability_weighted_branch_selector,validation_weighted_ensemble,0.0408613367111243,0.0181759700067814,0.6883377938851738,0.0164319248826291,0.0075147611379495,0.0193775689958896,0.0177133655394524,0.019676945668135,0.0359634997316156,0.3897078263526177,0.0,0.0,0.0365345869711215,0.0116550116550116,0.4011079420798596,False,train/val only,test,170207,1863,0.0210140706906593,0.7359098228663447
dgraphfin,inductive_isolated,gcn,6,reliability_weighted_branch_selector,validation_weighted_ensemble,0.0410756191985172,0.0175957790861461,0.6669996424900893,0.0117370892018779,0.0053676865271068,0.0223135642982971,0.0203972088030059,0.0143906020558002,0.0263016639828234,0.3884035321696522,0.0,0.0,0.0374209180239601,0.0147329650092081,0.3992430890741553,False,train/val only,test,170207,1863,0.0211261108890187,0.7375201288244766
dgraphfin,inductive_isolated,sage,6,reliability_weighted_branch_selector,validation_weighted_ensemble,0.0435168275502217,0.0190524134742272,0.7022879582076004,0.0211267605633802,0.0096618357487922,0.0182031708749266,0.0166398282340311,0.016446402349486,0.0300590445517981,0.3374773070437761,-0.0084845346451831,-0.0093499794949777,0.0380316671841043,0.0145719489981785,0.3505375164545853,False,train/val only,test,170207,1863,0.0224870578084555,0.6714975845410628
dgraphfin,inductive_isolated,gcn,7,reliability_weighted_branch_selector,validation_weighted_ensemble,0.0463614760346141,0.0222643111008754,0.7075452724297964,0.0234741784037558,0.0107353730542136,0.0305343511450381,0.0279119699409554,0.0299559471365638,0.0547504025764895,0.1565916795431445,0.0,0.0,0.0405535886707434,0.012891344383057,0.161663896967179,False,train/val only,test,170207,1863,0.0252935420743639,0.2775093934514224
dgraphfin,inductive_isolated,sage,7,reliability_weighted_branch_selector,validation_weighted_ensemble,0.0463614760346141,0.0222643111008754,0.7075452724297964,0.0234741784037558,0.0107353730542136,0.0305343511450381,0.0279119699409554,0.0299559471365638,0.0547504025764895,0.1565916795431445,0.0,0.0,0.0405535886707434,0.012891344383057,0.161663896967179,False,train/val only,test,170207,1863,0.0252935420743639,0.2775093934514224
dgraphfin,inductive_isolated,gcn,8,reliability_weighted_branch_selector,validation_weighted_ensemble,0.0409938256946093,0.0181330847601457,0.6915406313820671,0.022300469483568,0.0101986044015029,0.0217263652378156,0.0198604401502952,0.016446402349486,0.0300590445517981,0.3909474933463371,0.0003784182118743,1.4124980886084935e-05,0.0374456703443664,0.0165745856353591,0.4015741553312856,False,train/val only,test,170207,1863,0.0210797856913894,0.7412775093934514
dgraphfin,inductive_isolated,sage,8,reliability_weighted_branch_selector,validation_weighted_ensemble,0.0413369445158947,0.0178637128751055,0.6888259774243926,0.022300469483568,0.0101986044015029,0.0211391661773341,0.0193236714975845,0.0152716593245227,0.0279119699409554,0.3839266305146087,-0.0065544098288722,-0.006955869765422,0.0372162770090655,0.0165745856353591,0.3949374725756911,False,train/val only,test,170207,1863,0.0212679828112349,0.7332259796027912
dgraphfin,inductive_isolated,gcn,9,reliability_weighted_branch_selector,validation_weighted_ensemble,0.0270515267175572,0.0126650824374719,0.5699705108209657,0.0011737089201877,0.0005367686527106,0.0017615971814445,0.001610305958132,0.0049926578560939,0.0091250670960815,0.2700828990582056,0.0,0.0,0.0268249780123131,0.0,0.2931346969666792,False,train/val only,test,170207,1863,0.0141548293681503,0.3043478260869565
dgraphfin,inductive_isolated,sage,9,reliability_weighted_branch_selector,validation_weighted_ensemble,0.0433395742320227,0.0182768336244319,0.6892965077081004,0.0140845070422535,0.0064412238325281,0.0135055783910745,0.0123456790123456,0.0170337738619676,0.0311325818572195,0.3386229708531376,-0.006419084003376,-0.0074298986147586,0.0382264180143929,0.0023310023310023,0.3512779727950855,False,train/val only,test,170207,1863,0.0223930062162985,0.6709608158883521
dgraphfin,inductive_isolated,gcn,10,reliability_weighted_branch_selector,validation_weighted_ensemble,0.0226310552704996,0.0101485902235179,0.4760659926231871,0.0105633802816901,0.0048309178743961,0.01174398120963,0.0107353730542136,0.0108663729809104,0.0198604401502952,0.8858801341895457,0.0,0.0,0.0195471674990042,0.0058479532163742,0.8899044453676777,False,train/val only,test,170207,1863,0.0114543012876214,0.9339774557165862
dgraphfin,inductive_isolated,sage,10,reliability_weighted_branch_selector,validation_weighted_ensemble,0.0428306334319674,0.0194218491952988,0.7026363058985959,0.022300469483568,0.0101986044015029,0.0211391661773341,0.0193236714975845,0.0190895741556534,0.0348899624261943,0.3500619833496859,0.0,0.0,0.0386545808674807,0.0023310023310023,0.3611507240017551,False,train/val only,test,170207,1863,0.0221037374469406,0.6876006441223832
dgraphfin,transductive,gcn,1,reliability_weighted_branch_selector,validation_weighted_ensemble,0.0262057660984946,0.0124146286913797,0.5690477603447216,0.0082159624413145,0.0037573805689747,0.0076335877862595,0.0069779924852388,0.0085168869309838,0.0155662909286097,0.5655760338881479,0.0,0.0,0.0220317064993534,0.0018214936247723,0.5774263578242944,False,train/val only,test,170207,1863,0.0133611205145565,0.677938808373591
dgraphfin,transductive,sage,1,reliability_weighted_branch_selector,validation_weighted_ensemble,0.063041012476867,0.0279667925321491,0.7339930679987651,0.0399061032863849,0.0182501341921631,0.0405167351732237,0.037037037037037,0.0408223201174743,0.0746108427267847,0.1235848114354873,0.0181823168056165,0.016895978415931,0.0600203458799593,0.0255009107468123,0.1282039891608546,False,train/val only,test,170207,1863,0.0354648038688876,0.2834138486312399
dgraphfin,transductive,gcn,2,reliability_weighted_branch_selector,validation_weighted_ensemble,0.0487106017191977,0.023456423203623,0.7111465365540269,0.0305164319248826,0.0139559849704777,0.0369935408103347,0.0338164251207729,0.0325991189427312,0.0595813204508856,0.1383256857826058,0.0,0.0,0.0432818968761761,0.0209790209790209,0.1412420594376082,False,train/val only,test,170207,1863,0.027027027027027,0.2463768115942029
dgraphfin,transductive,sage,2,reliability_weighted_branch_selector,validation_weighted_ensemble,0.0639282015878495,0.0279400117524961,0.7346335465383625,0.0434272300469483,0.0198604401502952,0.0411039342337052,0.0375738056897477,0.0405286343612334,0.074074074074074,0.1125629380695271,-0.0032464299229221,-0.003555481538634,0.0558360558360558,0.0303030303030303,0.1168317711341122,False,train/val only,test,170207,1863,0.0366819838377436,0.2485238862050456
dgraphfin,transductive,gcn,3,reliability_weighted_branch_selector,validation_weighted_ensemble,0.0251138141703556,0.0101589994342219,0.4980438541239165,0.0152582159624413,0.0069779924852388,0.012918379330593,0.0118089103596349,0.0091042584434654,0.0166398282340311,0.734699512946001,0.0,0.0,0.0227748790798644,0.007366482504604,0.7532514091099205,False,train/val only,test,170207,1863,0.0127435803316363,0.8572195383789587
dgraphfin,transductive,sage,3,reliability_weighted_branch_selector,validation_weighted_ensemble,0.0661637397971803,0.0285042258863174,0.7329574709240535,0.0422535211267605,0.0193236714975845,0.0416911332941867,0.0381105743424584,0.0408223201174743,0.0746108427267847,0.1199363128425975,0.0,0.0,0.060327868852459,0.0263157894736842,0.1236728710408244,False,train/val only,test,170207,1863,0.0373890558389824,0.2871712292002147
dgraphfin,transductive,gcn,4,reliability_weighted_branch_selector,validation_weighted_ensemble,0.0360181743081371,0.018229300475631,0.6625266378745625,0.022300469483568,0.0101986044015029,0.0193775689958896,0.0177133655394524,0.02143906020558,0.0391841116478797,0.1072165069591732,-0.0120666959192628,-0.0184514149878032,0.031974921630094,0.0146198830409356,0.113756751142501,False,train/val only,test,170207,1863,0.0212849052919351,0.1170155662909286
dgraphfin,transductive,sage,4,reliability_weighted_branch_selector,validation_weighted_ensemble,0.0497556641492669,0.023397696411425,0.7223307930118501,0.0269953051643192,0.0123456790123456,0.0275983558426306,0.025228126677402,0.026431718061674,0.0483091787439613,0.1562920443930038,0.0322509872751206,0.030226462641117,0.0461777260380287,0.0184162062615101,0.1596385542168674,False,train/val only,test,170207,1863,0.0271225843948273,0.3005904455179817
dgraphfin,transductive,gcn,5,reliability_weighted_branch_selector,validation_weighted_ensemble,0.0221601016518424,0.0102977020167087,0.4864972954058312,0.0046948356807511,0.0021470746108427,0.004697592483852,0.0042941492216854,0.006461086637298,0.0118089103596349,0.9070602266651784,0.0,0.0,0.0191729101527933,0.0023310023310023,0.9137779727950855,False,train/val only,test,170207,1863,0.0112127660942412,0.9361245303274288
dgraphfin,transductive,sage,5,reliability_weighted_branch_selector,validation_weighted_ensemble,0.0556285250714672,0.0241589093437223,0.7282702087479848,0.0269953051643192,0.0123456790123456,0.0258367586611861,0.0236178207192699,0.0249632892804698,0.0456253354804079,0.1704865252310422,0.0026053093462044,0.0019314279006897,0.0491041804910418,0.0182149362477231,0.1784774023694603,False,train/val only,test,170207,1863,0.0299712775257045,0.3864734299516908
dgraphfin,transductive,gcn,6,reliability_weighted_branch_selector,validation_weighted_ensemble,0.0410854451670778,0.0175960995463082,0.66706704466985,0.0117370892018779,0.0053676865271068,0.0223135642982971,0.0203972088030059,0.0143906020558002,0.0263016639828234,0.3883095289852943,0.0,0.0,0.037423436763815,0.0147329650092081,0.3992156647652479,False,train/val only,test,170207,1863,0.0211313094029713,0.7375201288244766
dgraphfin,transductive,sage,6,reliability_weighted_branch_selector,validation_weighted_ensemble,0.0545202075568223,0.0247038593199773,0.7282415423353286,0.0269953051643192,0.0123456790123456,0.0287727539635936,0.0263016639828234,0.029662261380323,0.0542136339237788,0.1782652887366559,0.0,0.0,0.0487881157154026,0.0204678362573099,0.1872257569109258,False,train/val only,test,170207,1863,0.0292514606124769,0.4004294149221685
dgraphfin,transductive,gcn,7,reliability_weighted_branch_selector,validation_weighted_ensemble,0.0463783686990778,0.0222911503602169,0.7077119396959053,0.0234741784037558,0.0107353730542136,0.0305343511450381,0.0279119699409554,0.0299559471365638,0.0547504025764895,0.1567620603147931,0.0,0.0,0.0408097686375321,0.012891344383057,0.1617677606979642,False,train/val only,test,170207,1863,0.0252991452991453,0.2780461621041331
dgraphfin,transductive,sage,7,reliability_weighted_branch_selector,validation_weighted_ensemble,0.0487202699366307,0.0228706639745648,0.7180570614947911,0.0258215962441314,0.0118089103596349,0.0264239577216676,0.0241545893719806,0.0273127753303964,0.0499194847020934,0.1047371729717344,-0.0499533561369996,-0.0520838734076711,0.0429711479435236,0.0220994475138121,0.1079472258007196,False,train/val only,test,170207,1863,0.0287713841368584,0.1588835212023618
dgraphfin,transductive,gcn,8,reliability_weighted_branch_selector,validation_weighted_ensemble,0.0414754945155115,0.0180663849251255,0.6903647153979547,0.022300469483568,0.0101986044015029,0.0217263652378156,0.0198604401502952,0.0167400881057268,0.0305958132045088,0.3823814531717261,0.0,0.0,0.0373639909669472,0.0165745856353591,0.393346862659061,False,train/val only,test,170207,1863,0.0213417970887599,0.7326892109500805
dgraphfin,transductive,sage,8,reliability_weighted_branch_selector,validation_weighted_ensemble,0.0414754945155115,0.0180663849251255,0.6903647153979547,0.022300469483568,0.0101986044015029,0.0217263652378156,0.0198604401502952,0.0167400881057268,0.0305958132045088,0.3823814531717261,0.0,0.0,0.0373639909669472,0.0165745856353591,0.393346862659061,False,train/val only,test,170207,1863,0.0213417970887599,0.7326892109500805
dgraphfin,transductive,gcn,9,reliability_weighted_branch_selector,validation_weighted_ensemble,0.0308733347430746,0.0146395692144689,0.6022653394658062,0.0035211267605633,0.001610305958132,0.0064591896652965,0.0059044551798174,0.0123348017621145,0.0225442834138486,0.1698343781395594,0.0,0.0,0.0294038305907742,0.0018214936247723,0.1778963930769383,False,train/val only,test,170207,1863,0.0167569552841795,0.1959205582393988
dgraphfin,transductive,sage,9,reliability_weighted_branch_selector,validation_weighted_ensemble,0.0484551250613045,0.0231461776026712,0.7202461385141673,0.028169014084507,0.0128824476650563,0.0281855549031121,0.0257648953301127,0.0273127753303964,0.0499194847020934,0.1461632012784433,0.0,0.0,0.0454642933733647,0.0182149362477231,0.1505930434010039,False,train/val only,test,170207,1863,0.0266637879851028,0.2651637144390767
dgraphfin,transductive,gcn,10,reliability_weighted_branch_selector,validation_weighted_ensemble,0.0318718235851494,0.0144603531533645,0.572923490902214,0.022300469483568,0.0101986044015029,0.0275983558426306,0.025228126677402,0.0223201174743024,0.0407944176060118,0.1054656976505079,0.0,0.0,0.026950354609929,0.0116959064327485,0.1118612380556709,False,train/val only,test,170207,1863,0.0189821465216499,0.0993022007514761
dgraphfin,transductive,sage,10,reliability_weighted_branch_selector,validation_weighted_ensemble,0.0559562297935836,0.024907873770522,0.7308477275360993,0.0258215962441314,0.0118089103596349,0.0246623605402231,0.0225442834138486,0.0287812041116005,0.0526033279656468,0.1224156468300363,0.0,0.0,0.0513109670143783,0.0069930069930069,0.1256941051041712,False,train/val only,test,170207,1863,0.031643344349905,0.2415458937198067
