snapshot,path,bytes,sha256
coregraph_source_snapshot.zip,PROJECT_PATHS_AND_AUTHORITIES.json,1012,675d646e292276bda8b00e4db6d6c50bf5736bf9a7d4ecb22d069081b3b7b26b
coregraph_source_snapshot.zip,PROJECT_STATE_AND_AUTHORITY.md,2465,1dcb52039f91f5e76ae0c95c9617b4d11eabc0dafa682de722ee0d7f8e9b64d5
coregraph_source_snapshot.zip,config/local_paths.example.toml,305,1b7f489e1be33fc1b7048974965936578f706a179631902d4445da5ccfc99097
coregraph_source_snapshot.zip,configs/coregraph/analysis_families.yaml,2169,4de97b664bd037518b95de789c084c05637f55f39c82bed68ce030d95bb7d1b4
coregraph_source_snapshot.zip,configs/coregraph/datasets/MANIFEST_TEMPLATE.yaml,401,f0b457c165c6e3233886931c017d9fbc7558db54d59392868fe5790f338782a6
coregraph_source_snapshot.zip,configs/coregraph/level4/CLAIM_GATE_SPEC.json,3128,4b312b5d8a7852545bbd59958d1cb52e44e4a013b3ea0ad0e556d564ccb2b90e
coregraph_source_snapshot.zip,configs/coregraph/level4/STATISTICAL_GATE_SPEC.json,2608,a0a3b3dfd92a760ecda171a3beba79c9c55c4c416c14c5418d2a29e2f982819b
coregraph_source_snapshot.zip,configs/coregraph/level4/resource_profiles/all_experts_available.json,153,b48dd5a0defb35b094958bd08b679329e52bbaed5cdd23f7c0a5edf88d2bf886
coregraph_source_snapshot.zip,configs/coregraph/level4/resource_profiles/all_graph_experts_unavailable.json,178,cadefa8ce690d8c42049c98a17fee619cc4834ec9d74621321f0e5202d73bf9c
coregraph_source_snapshot.zip,configs/coregraph/level4/resource_profiles/combined_graph_resource_shift.json,225,476e5e1a827765074e27055d811144dba14dd0155ed023fa5a695e1cb0bcaffb
coregraph_source_snapshot.zip,configs/coregraph/level4/resource_profiles/dynamic_availability_change.json,193,25de143ed794f85f330ecfa014489b7d556199c532439d9d7a2a41ce81667117
coregraph_source_snapshot.zip,configs/coregraph/level4/resource_profiles/one_graph_expert_unavailable.json,165,3660a666dab29244621c23bb8ce5a08814a0960a5863fe51e0569ad9c49354c7
coregraph_source_snapshot.zip,configs/coregraph/level4/resource_profiles/tight_latency.json,199,81af6dffd8ecfc96b6e454606d4390c55c96a11e1568e90367659cd9b043baf4
coregraph_source_snapshot.zip,configs/coregraph/level4/resource_profiles/tight_memory.json,197,2d679d0e91a76f42ac46579bd536fdbb2169637b41f444ea4ccf741e61e9360a
coregraph_source_snapshot.zip,configs/coregraph/level4/resource_profiles/tight_review_budget.json,197,0d4d324c9995229a0ee5f7e0ec17fc4ecfba55e154e726dc04d08039a4f4a90d
coregraph_source_snapshot.zip,configs/coregraph/pilot/saved_output.yaml,579,e930fd1c6cecab3a83a2a676e2cf3b9eaa36917d28032cf9618c95a09341850d
coregraph_source_snapshot.zip,configs/coregraph/pilot/saved_output_v5_readiness.yaml,613,99f388207632601e1556e2beb344dce853d34271ea48104507bb55491d339b09
coregraph_source_snapshot.zip,configs/coregraph/run_matrices/ABLATION_GRID.csv,25588,50f41ef1f252df0250217b0344ccfd087c92373ed6b2d71eef9205332371f710
coregraph_source_snapshot.zip,configs/coregraph/run_matrices/FINAL_10SEED_GRID.csv,262173,8d3e5982ebfa2d58e1977ca1dfb9f81eb7adb12ab2123bad3be6248b3cdb4d2e
coregraph_source_snapshot.zip,configs/coregraph/run_matrices/FRAUD_GRID.csv,373643,1797615cefaa551e7196fa48901597915238f5b4403b1d3d366b02c7be664fad
coregraph_source_snapshot.zip,configs/coregraph/run_matrices/GOOD_GRID.csv,15643,35106669f85ec6013a7e568ec95b56e121bf1cf4f36e1dbf2e1bff532bb2fe59
coregraph_source_snapshot.zip,configs/coregraph/run_matrices/MASTER_EXPERIMENT_MATRIX.csv,429598,56a0131d7b32735801822294eba6b4f93e5434182fc0756304b7959d494af847
coregraph_source_snapshot.zip,configs/coregraph/run_matrices/MATRIX_MANIFEST.json,1053,76911902142c3ae6e4bff996b0d4bd94001ad2e523856cd57b54d9bd2079efee
coregraph_source_snapshot.zip,configs/coregraph/run_matrices/RESOURCE_GRID.csv,33888,73304908e786c4bed4c3e4633eb99d9eda1032cc8633755ad274e1bc1b08f639
coregraph_source_snapshot.zip,configs/coregraph/run_matrices/SCREENING_5SEED_GRID.csv,344253,48a6100b07e0580f0e741ef7494fe776d983168298096f6c6c0bf9af725fd224
coregraph_source_snapshot.zip,configs/coregraph/run_matrices/THEORY_SYNTHETIC_GRID.csv,36363,ed95fcbaa78e862e67d99fc795ad2111eddb8e4892001d89813afbd81d183b15
coregraph_source_snapshot.zip,configs/coregraph/run_template.yaml,801,1677fa15f116bbb7b55192f4aeda8f2053b7c3b591ba4221dc97010c4fb9edc6
coregraph_source_snapshot.zip,configs/coregraph/schemas/base_prediction_manifest_v5.schema.json,3758,af6ffee264934993e656c6604caa1f7668a1f01ae4c471dbe66e7e99ec48bf91
coregraph_source_snapshot.zip,configs/coregraph/schemas/prediction_manifest.schema.json,4224,b99d20e2b2fb8f1fbae483a1167e217a95f96d4e7cc7f45e1464195359f369c9
coregraph_source_snapshot.zip,configs/coregraph/schemas/scenario_binding_index_v5.schema.json,3766,5d4efbfbe7898c74ee2525b5b28462ade0b96297b42a25f5e8e46312a3aea2c7
coregraph_source_snapshot.zip,configs/coregraph/synthetic/all_experts_unavailable.yaml,153,a0a3944b37664b5823e51f913e8d95e0cbbdca1d57052049b50d50889b0a31c2
coregraph_source_snapshot.zip,configs/coregraph/synthetic/budget_changes_expert.yaml,144,2f1da9251c85e023d11d6ee87cdb3fafc3885a2c5e951ae0b4f64ead886f4c77
coregraph_source_snapshot.zip,configs/coregraph/synthetic/calibration_mismatch.yaml,106,170fdfa29ff3990aacd930fbf18aa6ce6d1ae686ac6fa52b6917458b7b87c177
coregraph_source_snapshot.zip,configs/coregraph/synthetic/factorised_generalisation.yaml,163,193a94fd157c9dd5f833de681c7a8fa97360706954cc572244025dcd91821140
coregraph_source_snapshot.zip,configs/coregraph/synthetic/feature_best.yaml,150,e4ad3333fb1ced391c960df08ea08da2976162977491cc20027521c6dbba008f
coregraph_source_snapshot.zip,configs/coregraph/synthetic/fixed_mixture_regret.yaml,163,eada85010c477a7a092dcc6ad92fca73f3eff29c3668f9ac8d316b234506ce9b
coregraph_source_snapshot.zip,configs/coregraph/synthetic/graph_best.yaml,149,833ac5d73598e16dd9e970649cce87bd0c30f6c943253d260e4946fec108be40
coregraph_source_snapshot.zip,configs/coregraph/synthetic/interaction_breaks_factorisation.yaml,189,565bc8fefa4c6cd29c6db84d721742f648828a07cbd02f956100d0d724d633c9
coregraph_source_snapshot.zip,configs/coregraph/synthetic/noisy_contract_metadata.yaml,101,e2b89b339ede243b85e01dc2d11d120593cd764535a7680a6e2ab5bdc5907ba0
coregraph_source_snapshot.zip,configs/coregraph/synthetic/ordering_crosses.yaml,159,3398641492f355839144a4daa54d9ba261d4110113c50eebeb13e49a02fa8915
coregraph_source_snapshot.zip,configs/coregraph/synthetic/resource_mask.yaml,166,e4931c3d47cf514a68ce7754b143d375615e347d8884fb06cfa7bbf2eda7c8f8
coregraph_source_snapshot.zip,coregraph/__init__.py,664,4e7178e3801aa7acd9dfe9d180dd4c9ce1164a5e81638159b489a927866338a1
coregraph_source_snapshot.zip,coregraph/baselines/__init__.py,76,45280c676a32b6577c85c3a5252f4c03006f1e1b1d74b5d95bd197a760d31a52
coregraph_source_snapshot.zip,coregraph/baselines/registry.py,4482,d332d21ff0c589246db8bcff88564b752565887a307898240ee387b701e8ceb6
coregraph_source_snapshot.zip,coregraph/baselines/simple.py,6574,9fdf5c1eac2aec9209df1a09a35140b5442755a802cefd7a161b69704bf13b69
coregraph_source_snapshot.zip,coregraph/benchmarks/__init__.py,75,1996c9d311cb8f8d42a9067be00723c8ea26c2e793f1ce3bed2173cbff60c41d
coregraph_source_snapshot.zip,coregraph/benchmarks/fraud_contracts.py,1352,173066a291b20b3898c6015971d5331d7e46b5ecf62556ed1b15224ec4df6381
coregraph_source_snapshot.zip,coregraph/benchmarks/graph_ood.py,2746,f7e0f295d798d905a83d227be3a1cebbda5d3ad62e82bbffeea17eeda2a57bbc
coregraph_source_snapshot.zip,coregraph/benchmarks/synthetic_mechanisms.py,7748,6e5e8821803206b527344b124da6056fc88776eecd779ee4e4a1b2716ecd4d3d
coregraph_source_snapshot.zip,coregraph/contracts/__init__.py,1125,98993db8c8ed4788f2760524b92bba4911ed0097e31442745ec7c11539ab12f4
coregraph_source_snapshot.zip,coregraph/contracts/axes.py,23116,7f0fd41f62680631491af518042657edb56beb3c19927d0319c30d57e0a78fb4
coregraph_source_snapshot.zip,coregraph/contracts/compatibility.py,2526,a15aabd5ee0c938629ad4507539dae63efd2de42742a371c3b67264c7b471128
coregraph_source_snapshot.zip,coregraph/contracts/contract.py,15404,66329169221afb77a31d5223f63e289ee1fe17bbb2a931fc4fba5a5ca434591c
coregraph_source_snapshot.zip,coregraph/contracts/discovery.py,2322,c7b0eecfd24735e65eae5a119f885a81983f21deba70282745d1aa2a771bda48
coregraph_source_snapshot.zip,coregraph/contracts/encoders.py,7387,3110afa9baa8d4b0c20169fba7c99ad206ca43c8d3512e4f5fbfabc2caf1b2d0
coregraph_source_snapshot.zip,coregraph/contracts/interactions.py,991,d7c558d8c136b3704eedf1cacc4b0d82f3d4a8b08380026347423fc21b268601
coregraph_source_snapshot.zip,coregraph/contracts/schema.py,2629,7ea3d33d8730ba9f6bf45ec3506f1daa6b1412b3676eef717c9a7fc5231f41c9
coregraph_source_snapshot.zip,coregraph/contracts/schemas.py,6674,b13834d1a2cd5aba03c065351db88455fda048cf3c129fd8cb333fd317c5b663
coregraph_source_snapshot.zip,coregraph/contracts/serialization.py,1850,690211475747332c85c51358e98cee2c82990662b977bc65c915cb4a9fda322a
coregraph_source_snapshot.zip,coregraph/contracts/uncertainty.py,1688,4e57c69533e394d4b30bb8461b019e3ba711772e110f00b48e22ee62c5adb305
coregraph_source_snapshot.zip,coregraph/data/__init__.py,319,e3826b408caa9ccc57ac5cdd7f15c59c511fe1731942b13478fba7d079476c10
coregraph_source_snapshot.zip,coregraph/data/contract_dataset.py,2525,2c7c510a665b63caf80b66d5901a8d0ab62eceb2e8e69d0c0ab7d2411803f7a7
coregraph_source_snapshot.zip,coregraph/data/dgraphfin_v2.py,9342,92dcade7b2e0d8e6bc9fd37eb1385df85800d99cea6f919cb3e623a40c1816b3
coregraph_source_snapshot.zip,coregraph/data/elliptic_v2.py,4835,c2d05d21982cae4be1eda82d666c1f02f66913ac21277de66f30426625684bc9
coregraph_source_snapshot.zip,coregraph/data/ellipticpp_v2.py,2344,36c7b5f1f988745d47056b94819e89cc7b21d70b424d80deb641e799844bf78a
coregraph_source_snapshot.zip,coregraph/data/good_adapter.py,2094,8760f8db4a1dc12e17933c5d78f7fe1c96cc867123d711b4658e1ffbaea6550c
coregraph_source_snapshot.zip,coregraph/data/graph_views.py,12351,414bec573bab06432d6ef0bea07789c7fc0162ffe6f39c90527f45c18fb15cbb
coregraph_source_snapshot.zip,coregraph/data/ibm_aml_adapter.py,3988,6a27e1a2a034b09d32ede1aa34d8d53a5670cabc16b559f85c07b70fb4bb062c
coregraph_source_snapshot.zip,coregraph/data/leakage.py,23031,035d682c41ac87ae762a054273fff6ba43e5819e7e3488143c59705aa02f5c44
coregraph_source_snapshot.zip,coregraph/data/synthetic.py,10204,143260b175ea2becb52fb17ad831fa0856e5b7bae782e36a1611c875f556127b
coregraph_source_snapshot.zip,coregraph/data/temporal_index.py,2477,71f9fa293f9df03b8d196b9e22427d8a3eee3a6cbd6912417510b3b40bb7b4b6
coregraph_source_snapshot.zip,coregraph/data/tfinance_v2.py,2934,881cff14372b53d80072651505fb0c56884a692955d7bb9da28524f9eb9c5acc
coregraph_source_snapshot.zip,coregraph/diagnostics/__init__.py,194,c297511ac699d2d132a45270ab09e968a5a3839dcccd55f5389c13772bc387cc
coregraph_source_snapshot.zip,coregraph/diagnostics/calibration.py,2128,eb7b28c4c3d2805b9719847f0135c596fc7df9c0aa3f62338233dfb5c316cab3
coregraph_source_snapshot.zip,coregraph/diagnostics/confidence.py,1146,459f0a7bca1c32544dc687b8a696f091c5d02bead5d54899bd0d720fad7c1a5d
coregraph_source_snapshot.zip,coregraph/diagnostics/disagreement.py,1086,7c74d9a7b1e4892dfd0205daa172db46d258ce04d9e085310b8a4e66a7ce7ac9
coregraph_source_snapshot.zip,coregraph/diagnostics/feature_shift.py,1420,8ab30fc7eec13debcfc0fc894209be96943eee0a0e0ae8e4e8a1ff2e621e8003
coregraph_source_snapshot.zip,coregraph/diagnostics/graph_shift.py,2082,34d1822317d775981fef32646cf87d1e73a2b16097bce609ae7f64aaea7b6715
coregraph_source_snapshot.zip,coregraph/diagnostics/resource.py,1161,1e8922a8b8cb14241e41c4f25e5f6cd5c9c0918c908504a52c6592c809173b4b
coregraph_source_snapshot.zip,coregraph/diagnostics/specification.py,723,a4e297c21699bd9be65363e274c87d6a5faed04b013c4c65752c2b0d59385606
coregraph_source_snapshot.zip,coregraph/evaluation/__init__.py,153,f3adb8522f0163b5796aeede7760f087b89b6339ba222bb5071809c3bdfbc6b4
coregraph_source_snapshot.zip,coregraph/evaluation/budgets.py,277,f7ca86b868b769dd38ba41bc038eaadda5165dcbdf66d530a0cce3889972a983
coregraph_source_snapshot.zip,coregraph/evaluation/calibration.py,5725,ff782bad7062ae31202cdb55e0235b8c79924c923031069f1059c38236029924
coregraph_source_snapshot.zip,coregraph/evaluation/corrections.py,3592,e5b61c399a57863f96807fd9f02a11e0a652f7034e53694668c2c67c0aa0bbbc
coregraph_source_snapshot.zip,coregraph/evaluation/counterfactual.py,969,bb6313108c3fd14d0a14d740556c4785609279bf10d218d45e1c95e6bfdfc74b
coregraph_source_snapshot.zip,coregraph/evaluation/metrics.py,6974,394c774b15d74a731fb9013b34c2a3675a2a1760700c895389870eb289a9cdaf
coregraph_source_snapshot.zip,coregraph/evaluation/regret.py,1537,bdb4c5fe3274dfb160a5bd3db35e0cb213e772c7589caebd6c718f340af09bc4
coregraph_source_snapshot.zip,coregraph/evaluation/reports.py,786,ec8d7441ea304e35f103c6f1c7d3f704e8ef980c837d27b4317a501c8360de40
coregraph_source_snapshot.zip,coregraph/evaluation/resources.py,1483,6183f6d1a1b3bc10d4f23a59660171c590225e516306068a22506f98a1ba6a1a
coregraph_source_snapshot.zip,coregraph/evaluation/selective.py,965,d9b447d92e0ba2d6ef9cd160991568ea6f8fb4ec1fd1e5ce25e9a08c00c5b5c4
coregraph_source_snapshot.zip,coregraph/evaluation/statistics.py,9117,388c024d7287c8549aa2b0207bfb67634708433ea5208702ecbb7078c967ea79
coregraph_source_snapshot.zip,coregraph/evidence/__init__.py,1386,a38672d37a9e40c59867ed3461c69a2b91af11e579a41109846596ab5fc5de8d
coregraph_source_snapshot.zip,coregraph/evidence/archive_store.py,5427,8e62a9bfcabdff258263a010055e0020fc087842f5dd11fc898ea7f03025162f
coregraph_source_snapshot.zip,coregraph/evidence/cache_validation.py,1542,8c6203bd28e7b7744252bc1902752675a7b0d1f5f6c054d9d1fcdcbbf038b803
coregraph_source_snapshot.zip,coregraph/evidence/member_index.py,3804,933639167504ce2873a5f5f5c272176a4edb4ee85407eaa835f51b859971d62f
coregraph_source_snapshot.zip,coregraph/evidence/prediction_reader.py,3646,d67d70918b4b63f6b6948212bc7e3c9b2c1aec00784b8e515a3861a6c643df76
coregraph_source_snapshot.zip,coregraph/evidence/support.py,19874,83349856da4306a5178068635f66df987e200ce629db77d42c1ebe7a65ec85fb
coregraph_source_snapshot.zip,coregraph/experiments/__init__.py,211,f85f9504938f9889121d4d281746627824e7c79e7f4128b066ce4f2881324bc9
coregraph_source_snapshot.zip,coregraph/experiments/canonical_recovery.py,49634,74996d4d2c6846227dc028445c9766370d00fe06bf2c242bb01ea5306e536185
coregraph_source_snapshot.zip,coregraph/experiments/config.py,4478,1f23a6e0ba15983fda32b0afadbd5a675e5463e7653ce51d9694ebc02a22563e
coregraph_source_snapshot.zip,coregraph/experiments/contract_splits.py,8792,e88eafca51424d4f83b10d6ff1d20e25ba0030a465984adfbf228212d1f7111f
coregraph_source_snapshot.zip,coregraph/experiments/hashing.py,1077,5995a3f51a5facf1ad77f93b83cf10536755e34adc636292a20be87b7f51736d
coregraph_source_snapshot.zip,coregraph/experiments/manifest_conversion.py,28912,6ac4d5c0999ce1c9faed25521493ad1a973afed8d9324527b140165b98a41911
coregraph_source_snapshot.zip,coregraph/experiments/manifests.py,1843,e6a1429b0b2e5e5493fa90b2be699d79c179163b931b209ff6de2a3f20be9c3d
coregraph_source_snapshot.zip,coregraph/experiments/pilot.py,92900,931e4f2d32cf432ec7f0c9658a2a9979e0f95e1b8bd46a5653218f725e636cec
coregraph_source_snapshot.zip,coregraph/experiments/prediction_export.py,1524,bed3f96da0bcd5373c6c4a9de8db7567af4f620e976c3fd03845a413d9402fea
coregraph_source_snapshot.zip,coregraph/experiments/protocol_registry.py,5787,5c97507b49b9af3e0b8839daf621cc156e06151e5624fdf6c913ef81203e62f7
coregraph_source_snapshot.zip,coregraph/experiments/resume.py,3214,84e6e7e2846ad4a815be62e6b94737a775eec94d6b4dec525acb796b3c1e020c
coregraph_source_snapshot.zip,coregraph/experiments/runner.py,7302,4085b880494876d47dfeeccfb53e4d32ef5fd50e1c701ead86886ad21d2e25cc
coregraph_source_snapshot.zip,coregraph/experiments/scenario_manifests.py,39518,ec8ff90e1a3723a0251ad71541195932b311ad4e06af815244ecdbf74267f434
coregraph_source_snapshot.zip,coregraph/experiments/telemetry.py,886,7461097ba61d0379a09aba441c93b6543b200d6d7980d34d8c950454bc2a7be7
coregraph_source_snapshot.zip,coregraph/experts/__init__.py,256,f09aaa179ae35f425b93d458c7b7d0db78455cdecf29b7bd5e9e5bc648d6c916
coregraph_source_snapshot.zip,coregraph/experts/availability.py,1042,210d30623da72090c055524f3921ae8a8062006226718ff7f852db0fbb622d7b
coregraph_source_snapshot.zip,coregraph/experts/base.py,9665,d5a43b3d0edfe760692d85f90599ce570f5f68534548f9a022067e8355fca593
coregraph_source_snapshot.zip,coregraph/experts/feature_experts.py,3205,2358eb6dcb7d32d3245ac107780215de24e5a17456cbb0790a7a068d691bcab7
coregraph_source_snapshot.zip,coregraph/experts/graph_experts.py,3571,2cd8de5d99851b9377243e7626be67f53b3927adae43a17a8c70a195ba0af6c2
coregraph_source_snapshot.zip,coregraph/experts/official_adapters/__init__.py,397,6e05faf5497d0209efdfe2d477691dead4bf8479c10aa4b5df2cc8ed522179ec
coregraph_source_snapshot.zip,coregraph/experts/official_adapters/external.py,2853,734106daf4f6aacfa0a807fd642c030ed20c7756ce2b5e6f09dd900b6766138e
coregraph_source_snapshot.zip,coregraph/experts/official_adapters/process.py,2459,6b143d03e385582aae47bfbaef170b528b59b235576605d7f1869e8377a3f905
coregraph_source_snapshot.zip,coregraph/experts/official_adapters/robust.py,1211,21aa4a969216064ab77185c0ee9906e7862a48beac3ab55e56452643855b4645
coregraph_source_snapshot.zip,coregraph/experts/registry.py,2738,d7630b99ba037a42396e20972c7f19ae3fde5c5a252743ea7a714091821dfe1a
coregraph_source_snapshot.zip,coregraph/experts/sampled_graph_expert.py,9387,152ef0d4b67cde6962a6e2ff4c315e92d874c24f837cbdf01f3bfb6c695af1ea
coregraph_source_snapshot.zip,coregraph/experts/sampling.py,2342,ed5c701bf5355e43d0f456be048375b309c2c56e4ad6e90a0703d000c79c0caa
coregraph_source_snapshot.zip,coregraph/experts/temporal_experts.py,1257,820668edc9ab3b3f62530baa9183ec315131146f3ba9f9d4d107955213513244
coregraph_source_snapshot.zip,coregraph/experts/tree_experts.py,2613,f85555b1e24aadbe5d08233dbae44b27ff7ba7cacd716a06191b830b6bae3380
coregraph_source_snapshot.zip,coregraph/io/__init__.py,216,8c3da43002599ce15e598a3689f2de1eaa736fd9c685708dffd0c76832c14462
coregraph_source_snapshot.zip,coregraph/io/path_resolution.py,6745,129f2b3b2ad6f80c76880eaa23215a5eed48db46a9230a3dcf1c6a2886e55543
coregraph_source_snapshot.zip,coregraph/method.py,3895,38c0623bb6174f37e985c143371e98776050bbff5ec9133d8ad2a76cc95f02b3
coregraph_source_snapshot.zip,coregraph/objectives/__init__.py,183,d93212f5e2dff8fcac433569f47c3b1c0410111c2e4af63836e4fedfd35c46f2
coregraph_source_snapshot.zip,coregraph/objectives/abstention.py,1215,68f0b0ba0cc10e9a8080e34466aa328c9d8a14e892eecab7c36479e88a52226c
coregraph_source_snapshot.zip,coregraph/objectives/budget.py,1835,d80dcb63114f71373b07446c0f8a80684468b04fec33022917a2c773b6aee262
coregraph_source_snapshot.zip,coregraph/objectives/calibration.py,398,8b9f11d3fed8e130442318dc0156bb3ab101324d095e436fc98cf8d92340988a
coregraph_source_snapshot.zip,coregraph/objectives/classification.py,3151,e740328c38fff166ce6b205adf5eb86b50267823b35929418f58eb4b04dd29da
coregraph_source_snapshot.zip,coregraph/objectives/composite.py,11910,04c01aa4c83343e50540c64d513529007a4f0822e230e708fedc0908235521ee
coregraph_source_snapshot.zip,coregraph/objectives/compute.py,1174,f8cdbaf8339682cac48a7a4904a6fb3416878aa41415a5a54ee384e296325b36
coregraph_source_snapshot.zip,coregraph/objectives/cvar.py,957,545aca1a124d99845b497d49552338b39ecda6bb7a314fa2cb8941e3a576f61a
coregraph_source_snapshot.zip,coregraph/objectives/ranking.py,1093,9e774f21117a991bf0dacc396940e7e73874979e99096118fcdcc67214aedb75
coregraph_source_snapshot.zip,coregraph/objectives/regret.py,1309,72d0d359164c9dbc0e7c94551bd8f0c92b520d4c082dbee8b6006b0130121398
coregraph_source_snapshot.zip,coregraph/objectives/scores.py,1775,e9e0306bab26a338bf866920278c0b241815cb85c64ae9e6aa2964e5ac368bcd
coregraph_source_snapshot.zip,coregraph/objectives/task.py,340,e7229f35e58c7aedf856c9d1c7c9db80433a9f2401e660aa62fb8512572d8136
coregraph_source_snapshot.zip,coregraph/resources/__init__.py,62,d6dca40c6e7caa769a36cc534ee05626f17aaefa1b2b72453dfe2d052730a87b
coregraph_source_snapshot.zip,coregraph/resources/profiles.py,1526,614285bc5643429f29e03e6f8ec8baf90c3154ce65e7eabbec1306f80c1bd883
coregraph_source_snapshot.zip,coregraph/routing/__init__.py,237,f8eff344d8d04bbce1582175804b4d5c562a796561d48c8588fdf95bce156fcf
coregraph_source_snapshot.zip,coregraph/routing/abstention.py,11155,ad2fda5a8d8c55b4b64da40967758fc1f97b4bb8d2b95d6a94a7b4da1d73aa7a
coregraph_source_snapshot.zip,coregraph/routing/contract_encoder.py,8783,79e18e7d8aa11ab983d8114ebd90e7ba8e24b5671f3d76982bd7c43f75d324cd
coregraph_source_snapshot.zip,coregraph/routing/contract_router.py,1340,2f432ba6af6dcff243389de58da086dfefec40e660f2fd59a24a366295febb2a
coregraph_source_snapshot.zip,coregraph/routing/diagnostics.py,5339,81921efdfd5c45e12f2711b8d1d89427612b240126aec0f6544b95d56460b216
coregraph_source_snapshot.zip,coregraph/routing/fallback.py,2096,d8a9c7166897ab94bede7868a60b008ba853d894687d89914b8af88455b868f7
coregraph_source_snapshot.zip,coregraph/routing/hierarchical_router.py,4024,740aea9f34f5ee64c853b753a1777e0575e703b424a0564c23169eae4304574b
coregraph_source_snapshot.zip,coregraph/routing/instance_router.py,1473,3b4bfa84ed2a74d9c2b204229bbc75e0fcf4891e7b29d31de0844dd0f7066570
coregraph_source_snapshot.zip,coregraph/routing/masks.py,3176,8e0f6ea9270131029d5d784d0e895e80981508ea539ce1d5374453555bf5e155
coregraph_source_snapshot.zip,coregraph/routing/router.py,12475,7fc9b225e8a950d3e65940feb6371a5a1b909e68bb8d0311e1f31234171b26e9
coregraph_source_snapshot.zip,coregraph/routing/stability.py,1430,01ac86b2db1faac0bb313e9e058ff7415354a89f77b25173ea8e8e7ab9077df2
coregraph_source_snapshot.zip,coregraph/tasks/__init__.py,180,7ab59983d46e0285570cb2a5a0c86bb9ebeba417a5f26f86a8751f6d6a3a34c3
coregraph_source_snapshot.zip,coregraph/tasks/adapters.py,602,d8252a3a71abff13333744db432c9ed3a3b48bfd61cf9ee5ec2dedf981af577c
coregraph_source_snapshot.zip,coregraph/tasks/base.py,7336,68065f25799198982b1c66e70c9490f0c70a04219a1118eb41a1dc9d0e7dd633
coregraph_source_snapshot.zip,coregraph/tasks/edge_task.py,1685,967a36927f7e9774a4ed9bbd0fc706bb3d10c4b6b232ba583c7ad3fc0fec0d84
coregraph_source_snapshot.zip,coregraph/tasks/node_task.py,1525,236edb9fca213c7f6931c3e9c4e1b4552df8a0cdbb66cb14810083281b51a644
coregraph_source_snapshot.zip,coregraph/tasks/transaction_task.py,1754,a7124de485e084f1ab353c7c9395306e4566d4c87b5973c3eabd955d1704b450
coregraph_source_snapshot.zip,coregraph/theory/__init__.py,166,159184faccc3af3333369fdc680bba168000ace085bf90d84f0e37746d9f8e59
coregraph_source_snapshot.zip,coregraph/theory/compositional_bound.py,2377,c6cc17f75bda4164fb759c477b97a677e7cdafd84de1f5cdf06e8e7596a3f9d1
coregraph_source_snapshot.zip,coregraph/theory/fixed_mixture.py,1479,ff6656a31231566489f1fed06e459c585c1da7f0c0a364d9c70250d863cd4b63
coregraph_source_snapshot.zip,coregraph/theory/numerical_checks.py,3510,3e9e765852d7182fda32961182848b137ab0f692af7e35d2e1179101f6ccc1b0
coregraph_source_snapshot.zip,coregraph/theory/regret_decomposition.py,1285,c9d180214878e0ce8ff80903e74912d075de65b41403761af23f370605966507
coregraph_source_snapshot.zip,coregraph/theory/resource_mask.py,879,bc89865d2d06276af61445823df6703a104d101cf9b0f8fcb3d0fa7b258db992
coregraph_source_snapshot.zip,coregraph/theory/selective_risk.py,1321,aee800a7a11db546ca667f3b25738ca4e0d535a245c3195d2dce279de5925825
coregraph_source_snapshot.zip,coregraph/theory_checks/__init__.py,180,ec1901fa3c5c39a1f7867c71a4c1cc1eeae3f34448654c3dff0d41a3ad1168b1
coregraph_source_snapshot.zip,coregraph/theory_checks/checks.py,2071,d6f2c79a89a187279d3c9fdcf5f47cab1e95496b6bf84cefb7abbc7c397a540b
coregraph_source_snapshot.zip,coregraph/utils/__init__.py,260,98b12566c283784410defb66deb19f8f6a671efe1acb82f131a64dfce5c3594d
coregraph_source_snapshot.zip,coregraph/utils/io.py,971,534a74e351bb0663e6b7a591cb4382c2aa3fc6c12a0ae6d08b75be597d474c08
coregraph_source_snapshot.zip,coregraph/utils/seeding.py,581,3f5e067f6fec9a7b7d2060d7bf751483b754dcfd5edddb25ad205380b6bdf966
coregraph_source_snapshot.zip,data/README.md,1156,6d304f641614903e51fb76634aefb5a0d2a33fc6e9d4249b9eb7985331d45768
coregraph_source_snapshot.zip,data/__init__.py,0,e3b0c44298fc1c149afbf4c8996fb92427ae41e4649b934ca495991b7852b855
coregraph_source_snapshot.zip,data/dataset.py,8893,a548d41073f7b957820751929e05f09d1f817be3d39b5bfc03bf0a0102191df2
coregraph_source_snapshot.zip,data/datasets/__init__.py,2522,93c99b3c2fa308a68d1358a6977971fd7292a5501a1bca77dd7310f073dd3df6
coregraph_source_snapshot.zip,data/datasets/base.py,6315,befcfe6a05fac7ea4acec241ed04ce7d166f24c8f69a158a5df30a20b38840ae
coregraph_source_snapshot.zip,data/datasets/dgraphfin.py,6131,22b6e8312d121252c75589873f6c89008ae7810ba594482fb345ca7edacdace7
coregraph_source_snapshot.zip,data/datasets/elliptic.py,2796,c3803d92c0e22df72681970adac1bd9e1843d6f806b0bc80b929113bd2e20b88
coregraph_source_snapshot.zip,data/datasets/ellipticpp.py,9286,9b54acfa318de877e049695cf8ab2b53bd00446e086ce7d05b47923cec5b5dfd
coregraph_source_snapshot.zip,data/datasets/tfinance.py,6112,0cf6799dfd1ef5eac4f9bdf749eff009caea58ac56fc68811dfb29d48a240fea
coregraph_source_snapshot.zip,data/feature_scaling.py,2370,dbbf7b824b39002ccf389c507415f91d8f97e3a658ed4a3191c03f6766b816df
coregraph_source_snapshot.zip,data/graph_builder.py,11467,5765017031ace6c9b8f0f3e16e853c61faa8c2df405b19de5ac853e421f78dc5
coregraph_source_snapshot.zip,docs/coregraph/ARCHITECTURE.md,918,c45649a2347927c271da20fd3c48126b681760ba9a5891993f67cfae39cc1bd1
coregraph_source_snapshot.zip,docs/coregraph/BASELINES.md,839,1be1c2c400d067e2201cfa22092a506d5e5f812519935743cfd361e901c6bf10
coregraph_source_snapshot.zip,docs/coregraph/CONTRACT_AND_SUPPORT_API.md,1623,671fc6bcac490e8d31145eda99aa9394b0023dd087c75cee16266e3e1e965a90
coregraph_source_snapshot.zip,docs/coregraph/DATA_AND_TASKS.md,829,285a321b8bd09c5be6e129b3ddf502f37986aa7595e7903fac9836cc7b4a0f6c
coregraph_source_snapshot.zip,docs/coregraph/DEVELOPER_HANDOFF.md,951,835b8a720ff8e6f650fd8edeab9cda4a8c2e1a4e82f4de2761ac600389cd4082
coregraph_source_snapshot.zip,docs/coregraph/EXPERIMENT_PROTOCOL.md,1380,910bf2bffc57983eb6d260f833d581572a76aaa4c69c54a9910cdeb2877f4c1c
coregraph_source_snapshot.zip,docs/coregraph/ICLR_GO_NO_GO_GATES.md,2208,b6a91521c15c8bbf9ce04c24c3b719453f0d9bfd5291be7f8ff4554bf8682878
coregraph_source_snapshot.zip,docs/coregraph/KNOWN_LIMITATIONS.md,828,9887b7c14192e3fdb1ce275180386b349b612fd46d13856f5e10901eebe826bb
coregraph_source_snapshot.zip,docs/coregraph/LEAKAGE_GUARANTEES.md,840,bf9295a751e573cf53276ec23fc489ce98410bd31c1df25750e2baaa2c9c224c
coregraph_source_snapshot.zip,docs/coregraph/LEVEL4_CLAIM_LEDGER.csv,2227,b887fcafa83b3b5a4d01824b60d252a741b27666023ad50809e2af30e27e9eb7
coregraph_source_snapshot.zip,docs/coregraph/LEVEL4_FAILURE_TAXONOMY.md,1725,aa8cc75eb80f6ef4ec0cd6ed08c28eb7a752f07f7b91c90baa86a00eec1d3bda
coregraph_source_snapshot.zip,docs/coregraph/LEVEL4_NOVELTY_LEDGER.md,1906,9680f1f09a61c91af466a1a37e9fe2029a64f28522b1745092d92f37258a3141
coregraph_source_snapshot.zip,docs/coregraph/LEVEL4_PROBLEM_FORMULATION.md,3104,45c1cd055d8303a960a25543cda62186cf3e5e78af207a587f30a514125e49a6
coregraph_source_snapshot.zip,docs/coregraph/LEVEL4_REPRODUCIBILITY_PLAN.md,1795,9d99eb293e788f1bcde0a4294a2f681984b4b167981f4fa18e1b09bed33eb9e8
coregraph_source_snapshot.zip,docs/coregraph/LEVEL4_SCENARIO_BROWSER.md,11612,bb05f143da495807d6dc25853fbc60762c74c51001cd5d64cfa06eab879ee1fd
coregraph_source_snapshot.zip,docs/coregraph/LEVEL4_SCIENTIFIC_SPECIFICATION.md,3190,e2626870b3360838d0a69ccac2c50ea226480d1bb6d005e86cc334f22a70bda0
coregraph_source_snapshot.zip,docs/coregraph/LEVEL4_STATISTICAL_ANALYSIS_PLAN.md,3131,ffb0db2a1fc1e6467fa7d7c98f25874639103a27281939c7a695395422692e95
coregraph_source_snapshot.zip,docs/coregraph/LEVEL4_TERMINOLOGY.md,1713,63c7f28fe5bd2ace9f7c71e44a28f83fe8e88bb2d3aaaca08fe72c523215f860
coregraph_source_snapshot.zip,docs/coregraph/LEVEL4_THREAT_MODEL.md,2472,0edb6181df930caa64687b27264e4b30695c0457440237f2d85f7e95e3517879
coregraph_source_snapshot.zip,docs/coregraph/METHOD_CARD.md,2711,6e01568731d70e29d8cae627cfe421e80e1ee72e956e8eea85f90cd4e2db67ce
coregraph_source_snapshot.zip,docs/coregraph/OBJECTIVE_SPECIFICATION.md,1330,8832c805942723ba24f9b7f42bbb8a912e359cdb1bba576c9262afae478cc1e4
coregraph_source_snapshot.zip,docs/coregraph/README.md,970,2e0900c3993d3d866bf5aaf191c9aa0fc67283d6300bb4536fbbb5444196787a
coregraph_source_snapshot.zip,docs/coregraph/RELATED_SUBMISSION_DISCLOSURE_TEMPLATE.md,900,eefb60c9b7b9afabf6fc71574c71691d8257610b3c94af81a1ee4f169f3fb8bd
coregraph_source_snapshot.zip,docs/coregraph/REPRODUCIBILITY.md,1566,39cf5de9800d34878ead27e21c45621142a7fbf690740781cd91e44f17ff4080
coregraph_source_snapshot.zip,docs/coregraph/RESEARCH_IDENTITY.md,860,4f5b968c4c6cc741f7042f51e7efaa988725df0670e465bd6aa4a9c1c3c7e0c9
coregraph_source_snapshot.zip,docs/coregraph/RESOURCE_MEASUREMENT_PROTOCOL.md,1539,8dd3903d4c77fe31833ee92adc1f07a6bd5d988d2cacc45a50a1cc43d32a4c04
coregraph_source_snapshot.zip,docs/coregraph/RESOURCE_MODEL.md,782,ee9af2fdbbb8a0c7c0d37266281cd108a41fa3ef43ea07ae18cf169cddb5a5e0
coregraph_source_snapshot.zip,docs/coregraph/RUNS_REQUIRED.md,727,6d0683d4325a89d9219aab449f0e7f99768afd80e56cec7e03344b148b51576b
coregraph_source_snapshot.zip,docs/coregraph/STATISTICAL_ANALYSIS_PLAN.md,2251,fd3ceb65a8016b1f6b523463acdf087d62405b0ba8f98fe9f829b1175cbd50c1
coregraph_source_snapshot.zip,docs/coregraph/SYNTHETIC_GENERATOR_CARD.md,881,34b9405f793a17e756c2bbaac8bd65f798f9dd0c605cdd2a39563a44549eb6a6
coregraph_source_snapshot.zip,docs/coregraph/TKDE_ICLR_DIFFERENTIATION_MATRIX.md,1322,18674ef584ecc4a5252d861c3fc64ca74d5f3e0a7d15513c6393c795f9fdb96c
coregraph_source_snapshot.zip,external_baselines/BASELINE_REGISTRY.yaml,5438,75e1225a761e72235ba6f6803574080c471791098748fff60c3ee8c905d917f3
coregraph_source_snapshot.zip,external_baselines/INTEGRATION_STATUS.md,1453,16bbe71e8a00f282b96162f85c0c467a9d35ea1765655d7200d29b09538b7bfe
coregraph_source_snapshot.zip,external_baselines/LICENCE_AUDIT.md,1527,8a46960ca79ee0bdac3e9168065f025cf683887e5e0fdfd1591fada34c22db24
coregraph_source_snapshot.zip,kaggle/coregraph/01_saved_output_pilot.ipynb,11443,717daa8d9b0201823eb194d22936ebd6127dc964f2b14b0da87712d41bfb2240
coregraph_source_snapshot.zip,kaggle/coregraph/02_fraud_full_training.ipynb,11446,e4f1196b5253349b591996606079c9e9d2072e0818c11a373ff8535aa8302ece
coregraph_source_snapshot.zip,kaggle/coregraph/03_fraud_baseline_waves.ipynb,11449,7b125f19f3782189219d85ec52098f9150fb5f38d5f0d8654e00ae2fe7a21e56
coregraph_source_snapshot.zip,kaggle/coregraph/04_synthetic_suite.ipynb,11445,98a2b6aea47ccb06a096c7a3f905134d1ae90dcaeaad21b551d835938cfe35d8
coregraph_source_snapshot.zip,kaggle/coregraph/05_graph_ood_benchmark.ipynb,11456,e92e51f8d56be19fdff66722b0c7383d5be0ec7957e5b17ce5a0e877d71afc67
coregraph_source_snapshot.zip,kaggle/coregraph/06_resource_profiling.ipynb,11443,1e8c8dd486ce2216768f89538d6d4a7c305951d0df38d46870fb75fd79efd1a8
coregraph_source_snapshot.zip,kaggle/coregraph/07_ablation_waves.ipynb,11431,6a1bef13a04c47137517c34ef16633dbf50e2e1e71a16f8b2ef73761d083c16e
coregraph_source_snapshot.zip,kaggle/coregraph/08_prediction_regeneration.ipynb,11458,88ba675778e19c755a4844bf4a11d5a83d5a6a0be994ee2d7f53a59b9558064a
coregraph_source_snapshot.zip,kaggle/coregraph/09_output_validation_packaging.ipynb,11474,5155afbad1ffd5bdf59bac8b8ddd7a12871ac6e50a83cc49a6d3c4e362895748
coregraph_source_snapshot.zip,models/__init__.py,0,e3b0c44298fc1c149afbf4c8996fb92427ae41e4649b934ca495991b7852b855
coregraph_source_snapshot.zip,models/gnn.py,17350,593356019645b47f95696df96453e2326e5cb988aa860cfcfba3e09147321aed
coregraph_source_snapshot.zip,models/graph_feature_gating.py,11105,80f480c41c1cb33d29f684ec1498c68c80f091994d90e249f0223c1933d8ab4e
coregraph_source_snapshot.zip,models/graph_harm_detector.py,15744,160baf13c854efff811af698a9feabf2679b9f82561d2250e63a9c14bbe0f8b0
coregraph_source_snapshot.zip,models/graphsafe_v2.py,6353,7c1c123dcdbcca2e30431ca0dcbbd96692e5609af87957e37dd70f4f0b86519a
coregraph_source_snapshot.zip,models/hybrid.py,7539,fa31f58d4ea461783e5272434f9f08457668d43c0c9c9a8372082b5d6ab11a94
coregraph_source_snapshot.zip,models/mlp_baseline.py,1485,8590f957277d1524e88cc57ac621a5ede853224dbc66387ef94a02c633e92044
coregraph_source_snapshot.zip,models/modern_gnn.py,21208,b922a26b697dce52a8745d1b1f178956bf87f63489eb91bfc680f858bac6f7b4
coregraph_source_snapshot.zip,models/protocol_mitigation.py,4691,94ab267fbba4bcff09bd202075188ef6764a78751d60c56be8785dee66dda147
coregraph_source_snapshot.zip,models/protocol_theory.py,105355,e7467175355445a2516c26a3cee11c2856267816824dfb4decdf91b63b860956
coregraph_source_snapshot.zip,models/registry.py,6038,51bfead859650525a845359799b55c371e6821220f5a23a795c80a3ae571d1d0
coregraph_source_snapshot.zip,models/rolling_validation.py,15982,5656dc3b50efc6ee680a15d9c0538c98a6c4bb7aea3d9b76b1a2ca7ee6a81365
coregraph_source_snapshot.zip,models/temporal_calibration.py,33835,6bfea2ecfde7faba4d4b350a42045d3519a5ffafd79940e621e967eaf96aec28
coregraph_source_snapshot.zip,models/temporal_gnn.py,8236,097f50d9e4871aa9f14ad34ac40480eb47bf42a7c203e04c2e929daa4d2057a9
coregraph_source_snapshot.zip,notebooks/coregraph/01_saved_output_pilot.ipynb,11310,c1a4086df4eb390d2a5706adb828359cadd13e8f1f1fd97586293810825b25bf
coregraph_source_snapshot.zip,notebooks/coregraph/02_synthetic_smoke.ipynb,11299,d45716c891775565e4b67fdb9501c03b398d0d394ea060bab467b5d03f453c65
coregraph_source_snapshot.zip,notebooks/coregraph/03_import_analysis.ipynb,11331,6d60c6f50d0417c2a16cf2b5b00de416a6d7a494cb1ef1bdea4c95d626d4eb9b
coregraph_source_snapshot.zip,paper_iclr/abstract.tex,1328,a30ebc100e7d88c9a786b0ee34baa71e8be6426399f7233df794cb3daed33534
coregraph_source_snapshot.zip,paper_iclr/appendix/appendix.tex,975,1cc081bc8f46cdbd20a846583d12b6699af47aa7d1aceb5d5405ad0180fb816e
coregraph_source_snapshot.zip,paper_iclr/claims/ICLR_CLAIM_LEDGER.csv,2262,f3f75d835255f889cc12feee469aded18e5618e0b35757274fe7fd6cf0707f63
coregraph_source_snapshot.zip,paper_iclr/claims/LEVEL4_ICLR_CLAIM_LEDGER.csv,1311,677839dc210e99ec77383daa9289002b443ab128bd4f37b0cd1d5b76b91b17ea
coregraph_source_snapshot.zip,paper_iclr/figures/01_problem_overview.pdf,12156,960a6565b94cee5d9fbe2a329b64776acd8d20608c35b4745b4b2662a57cf3ee
coregraph_source_snapshot.zip,paper_iclr/figures/01_problem_overview.png,69759,578b3fb5c92c484e5dde5f1667e3608fb72dcd5939dadfb643579602a45202e6
coregraph_source_snapshot.zip,paper_iclr/figures/02_contract_factorisation.pdf,11157,1376dac0025c3377cbec1bb808a5a10763c1898b97bc064a7b520d1c2ba56959
coregraph_source_snapshot.zip,paper_iclr/figures/02_contract_factorisation.png,66050,119ba299da00bf299d11ea3482578e749033adde64964cecbda9b60543e7dac9
coregraph_source_snapshot.zip,paper_iclr/figures/03_coregraph_architecture.pdf,18731,92152c5fa8afbe530602ab62cf9c878e7b6a1f39a20fd9327fdd0801dfdb59f1
coregraph_source_snapshot.zip,paper_iclr/figures/03_coregraph_architecture.png,87597,17938ca8f8d960af252a6b1bb31473c62e1ddc7ddf337cdc4167cac035b65050
coregraph_source_snapshot.zip,paper_iclr/figures/04_training_inference_flow.pdf,18512,2cb9908b983bf710d9e8050450c872aa91d9c4c149fc4f41d6b82ca5f4a68951
coregraph_source_snapshot.zip,paper_iclr/figures/04_training_inference_flow.png,45408,57d21d2103da9bfcf877aa4111494852a8fb84fd32a33d4e653374a84aa44ad5
coregraph_source_snapshot.zip,paper_iclr/figures/05_scenario_construction.pdf,20747,e67459d06917015b1f56abdc7430fd80dc3c6fd3a4af1e881a7585924469fdb3
coregraph_source_snapshot.zip,paper_iclr/figures/05_scenario_construction.png,90309,9c40e0fe7be7c1ff38131a995d03073c21846cc1555f979cc7864245934d71b2
coregraph_source_snapshot.zip,paper_iclr/figures/06_theory_intuition.pdf,12005,d9de40318d63a89e7970627958cd86c27216747d0a016b87d083daa1c6ee4688
coregraph_source_snapshot.zip,paper_iclr/figures/06_theory_intuition.png,67885,cf78bb1ddc6c3daad37b0f3b8de8a942ebfce0185bb7120860eed7960f24d407
coregraph_source_snapshot.zip,paper_iclr/figures/07_resource_feasible_masking.pdf,12149,794a3289508aecd3c6f731be2d75967284c7e781b019dfc5f0fe76b5222ad597
coregraph_source_snapshot.zip,paper_iclr/figures/07_resource_feasible_masking.png,60459,161f17a6c4531fc984cb61e00511fb763177be5f2fcbf6671a5ce722e2c89f77
coregraph_source_snapshot.zip,paper_iclr/figures/08_synthetic_mechanism_taxonomy.pdf,18063,8fc7dec3b4e9b7933b3e0581b59e43e226d2a93075f7686c3165c0940348b72d
coregraph_source_snapshot.zip,paper_iclr/figures/08_synthetic_mechanism_taxonomy.png,72126,32400302785f0a9079aa3d14af1001d2dd6568f53e912c0eb2c5df8fc82f067f
coregraph_source_snapshot.zip,paper_iclr/figures/README.md,424,5da9fb4b7cf3ad4007dc84456caba9c43c873c8f99e9c863de7dbebbda8dab1b
coregraph_source_snapshot.zip,paper_iclr/figures/figure_1_system_schematic.pdf,9596,e310f4adbcb7c2131dc8af9ece1a56232d9154413c1d3006d37b6544413480d7
coregraph_source_snapshot.zip,paper_iclr/figures/figure_1_system_schematic.png,19776,40f4d4dd5e3167d7831e2025eb1ea68d10222f766d53d2c40a3e6c0101038552
coregraph_source_snapshot.zip,paper_iclr/figures/figure_2_fixed_mixture_counterexample.pdf,14456,929c91cda69f0285d21add7162ea812f1f43c6deab517b105865a91bad377d0b
coregraph_source_snapshot.zip,paper_iclr/figures/figure_2_fixed_mixture_counterexample.png,54189,b3dd043c1fc205d697ac3e6d45b28ed26eb27990693f9e09e2f805cb76d3232c
coregraph_source_snapshot.zip,paper_iclr/figures/figure_3_resource_mask.pdf,11645,64fe076b22de84fc4ac1eb683c3c80d6c53e78c8daf2eba4f7bedf48975596bc
coregraph_source_snapshot.zip,paper_iclr/figures/figure_3_resource_mask.png,22467,10d46c2c249568d1f40705bc21aeca2b6c9f0fa7171fa11f683dcd835d522a69
coregraph_source_snapshot.zip,paper_iclr/figures/template_budget_frontier.pdf,16565,98aae8cdea7d57544a806db7461d118a61984e4f4885039f5122b3ae03455066
coregraph_source_snapshot.zip,paper_iclr/figures/template_budget_frontier.png,32017,7a494e132f47078c98cbf62525dec5b0834a10474502615d09fa5914e08209ef
coregraph_source_snapshot.zip,paper_iclr/figures/template_counterfactual.pdf,15476,bd39ef86d8bfc2599a95f1e400c99fb6cff899ef0c2c9d59619d08a98dfa6e0f
coregraph_source_snapshot.zip,paper_iclr/figures/template_counterfactual.png,35107,8852c79b5b36474c9688e2da8158bdda5d4e340a1f23ba797bb35b0aa344888f
coregraph_source_snapshot.zip,paper_iclr/figures/template_failure_taxonomy.pdf,14220,0c38be51a00fdd5326040a4bb4af02e94a5885b42ee606f95ad4a13261872500
coregraph_source_snapshot.zip,paper_iclr/figures/template_failure_taxonomy.png,28241,beb57b888fc2e878caaf35f22f26397453e9342a27c6e51da1b3869040512bf4
coregraph_source_snapshot.zip,paper_iclr/figures/template_latent_contract.pdf,15458,bda760c1f5d2cc0681fff5778f4c62c783876f5b1faecd8266d20018f77fa777
coregraph_source_snapshot.zip,paper_iclr/figures/template_latent_contract.png,33992,ceb0871dd0e42568d4945347a9a4afb4035c9b9e7c524447892f3e870f64fb4f
coregraph_source_snapshot.zip,paper_iclr/figures/template_regret_comparison.pdf,14886,913fcfc9cdf3824fd2f3da669df6c50411abae36ae59a113d6128b3862345ba5
coregraph_source_snapshot.zip,paper_iclr/figures/template_regret_comparison.png,30750,20fa7500d83bd4a62b48d8a74c5ac73e964bd4f95dc10800c227361acfd56b35
coregraph_source_snapshot.zip,paper_iclr/figures/template_routing_heatmap.pdf,15315,d630fac7241de526b3f708d90bcaea8feea713b40240c88f115360c89e4f0f4f
coregraph_source_snapshot.zip,paper_iclr/figures/template_routing_heatmap.png,28956,7e47f0524e790d00315cf98312fedfd44d56a26b9dec07b561c8cb7750711901
coregraph_source_snapshot.zip,paper_iclr/figures/template_worst_contract.pdf,15729,f7fce53bd340048516b4108c84bbb037bce5fba6e52c8185e5b20fac8b69ed28
coregraph_source_snapshot.zip,paper_iclr/figures/template_worst_contract.png,30677,d78af8987c8c51f4ad55799b76d115a14a3058a45dd5debfce246a5da2c530e7
coregraph_source_snapshot.zip,paper_iclr/generated/ablation_results.tex,190,c702a7c7d951fefef5af009c97b7c95093f0945f9471c65f549273249689731f
coregraph_source_snapshot.zip,paper_iclr/generated/calibration_results.tex,190,c702a7c7d951fefef5af009c97b7c95093f0945f9471c65f549273249689731f
coregraph_source_snapshot.zip,paper_iclr/generated/main_results.tex,190,c702a7c7d951fefef5af009c97b7c95093f0945f9471c65f549273249689731f
coregraph_source_snapshot.zip,paper_iclr/generated/resource_results.tex,190,c702a7c7d951fefef5af009c97b7c95093f0945f9471c65f549273249689731f
coregraph_source_snapshot.zip,paper_iclr/main.tex,1979,ae395055c13637a3588d1e2b0203ce616ba52fb945322521d834df1341a16b8c
coregraph_source_snapshot.zip,paper_iclr/references.bib,3377,dbf07d13e889a582fe59accbd1d0e6cf1754f67e8e1fc6e56f0b6052011e46a7
coregraph_source_snapshot.zip,paper_iclr/sections/01_abstract.tex,1154,425dac1579af511b2516199ff3185d50bb20a71a0eeed19196127eb471d2e869
coregraph_source_snapshot.zip,paper_iclr/sections/01_introduction.tex,4421,3cb38015cd39e9476c0e1eeda08b42359f5510bb716d2f10a038c4caef55009b
coregraph_source_snapshot.zip,paper_iclr/sections/02_introduction.tex,1753,751bab722c8220653791dabd9ce7bb2d7464a6430a9afdd26434fef8154ee538
coregraph_source_snapshot.zip,paper_iclr/sections/02_related_work.tex,3338,24597d191c1cffa91112eb5453ee11fbaaf777efedc6d086cc73296bbcd4a443
coregraph_source_snapshot.zip,paper_iclr/sections/03_problem_formulation.tex,2647,22177d32bd4c597caedaa6e6d7350a8d75c5a059e8888cb1285103f441a191d6
coregraph_source_snapshot.zip,paper_iclr/sections/03_related_work.tex,2084,66b43bc01bea2a99daf57c8b926f79b1daece252ebe107af738f3ddf80b3af57
coregraph_source_snapshot.zip,paper_iclr/sections/04_method.tex,6698,7d02f374b69e2ace95b932ce09981e5db873c4febbf5982a4118cc006f8655ed
coregraph_source_snapshot.zip,paper_iclr/sections/04_problem.tex,2142,b1e5790f7f45ff9c627c69497874abbb35579bbb1e5fa446da7050fa67cbbe2e
coregraph_source_snapshot.zip,paper_iclr/sections/05_method.tex,4267,c7232f7a37ef0ef9fdb17ba19b877781055168ea81d2d9927cb4b42578b55e56
coregraph_source_snapshot.zip,paper_iclr/sections/05_theory.tex,3266,78c5d548cc59ddc4609daf76172d10a3ca1709c057cd256d0ffc666723d224e4
coregraph_source_snapshot.zip,paper_iclr/sections/06_benchmark.tex,3295,5becd0a01d882180d0ce7a361e47cda27fd0717723b0c5f4a741e687bbe828c2
coregraph_source_snapshot.zip,paper_iclr/sections/06_theory.tex,668,4be071cbf486f7e6160d6ecbf06fdc343ca74b0e01bfe82cb7094e5a0f62a19d
coregraph_source_snapshot.zip,paper_iclr/sections/07_experimental_protocol.tex,3223,35ab11cab0413970b877ae01700de4dfb940b555f5bd32bae48d146a50e95687
coregraph_source_snapshot.zip,paper_iclr/sections/07_experiments.tex,3067,a91ec302174d846e733cd972d96e88e6bcb2fcbeb2c804038be28bf689dd0262
coregraph_source_snapshot.zip,paper_iclr/sections/08_results.tex,1534,b744544efaed14cf6879b3e953a8422819c409a6ddf6b68ec7e1d3383d305e0b
coregraph_source_snapshot.zip,paper_iclr/sections/08_results_placeholder.tex,938,b38e38509a78544eddb6ddcb594fe4f2ea797531c0d3a9749e2f718a7673da17
coregraph_source_snapshot.zip,paper_iclr/sections/09_failure_analysis.tex,1498,0564d5150cc437d3aa1e9cc688b26fab323f9b12de38c4718e4f1a41adde7e9d
coregraph_source_snapshot.zip,paper_iclr/sections/09_limitations.tex,963,0d2562835170ba8f5734f0e34a5defc8aaeb735ac258c375a0b9fec8a72dc699
coregraph_source_snapshot.zip,paper_iclr/sections/10_conclusion.tex,448,0389de484b0937ba8bfa154056645146c410a4238b7a01f4fb6633a760b8e226
coregraph_source_snapshot.zip,paper_iclr/sections/10_resource_tradeoffs.tex,1283,380e64f3296723d14019be6f6d822d4922becc7787e75e3ce006c0603f31dcb9
coregraph_source_snapshot.zip,paper_iclr/sections/11_limitations_ethics.tex,2513,6e237fd2781ecccd790bcebebdc1ee430c88ffec744584833248b2d0516f11d0
coregraph_source_snapshot.zip,paper_iclr/sections/12_conclusion.tex,983,4b57ea7224db72cf3a579b985851eae5dadb8542801398304cc4880710a33794
coregraph_source_snapshot.zip,paper_iclr/supplement.tex,1450,c038fc3099236c2a5847dc1ec864f03af5b0587e64006df1be05a0e36dd4dc05
coregraph_source_snapshot.zip,paper_iclr/supplement/additional_results.tex,1419,e84a91bcbf00d6ee9ac7d2ae9ed4e305b9d7dfcfab01fec9d25788b89fe29dd3
coregraph_source_snapshot.zip,paper_iclr/supplement/benchmark_details.tex,1489,f5f76bbc067a8ced89cf29f65d5d67b8fb2a0752e867bd5e157a8a9fede25154
coregraph_source_snapshot.zip,paper_iclr/supplement/checklist.tex,1199,0f4be696ffadc346700ffbe97ec890613c017ec8b59f07b236c4661b02d498f8
coregraph_source_snapshot.zip,paper_iclr/supplement/implementation_details.tex,1870,9fbd4dac39160bf1f586245fb64b442e72ca228e39fe1499287be9ef17d376b4
coregraph_source_snapshot.zip,paper_iclr/supplement/proofs.tex,3968,ff666a262eefa423262047b64c14715cd2475eb3e3993466ffd61919e0f7e0be
coregraph_source_snapshot.zip,paper_iclr/supplement/reproducibility.tex,1300,3f52c1123b78b44461ee7c2d4191ebbde742b34570dd0fc01bc973b21f074730
coregraph_source_snapshot.zip,paper_iclr/supplement/statistical_plan.tex,1182,4dee875336210027b7fbe4dbaac8951981b4b899b92da2bfb99596c641ae6593
coregraph_source_snapshot.zip,paper_iclr/tables/ablations.tex,545,46bd1f36d61295b4a96c8dbdcc5243d20c6c1718620bbc000e168eda3308e800
coregraph_source_snapshot.zip,paper_iclr/tables/baselines.tex,894,42bd69d1811c30bb3a960cad7d76823570f25ff7528f7af968099503713496c3
coregraph_source_snapshot.zip,paper_iclr/tables/contract_axes.tex,691,5787c9cb191f2edde8cdb2ab1c48bf05b7beb6146e5fb2810e7c4bf7521a184a
coregraph_source_snapshot.zip,paper_iclr/tables/datasets_shifts.tex,680,0c9944e45a54b6b13e9493f3febcd88036d001fab7c9c0d39ffe52583f1a1ef5
coregraph_source_snapshot.zip,paper_iclr/tables/expert_set.tex,558,a41b93c610ef071a6715969163e5ad3ae8426c4185df5092284a2aa4e020f944
coregraph_source_snapshot.zip,paper_iclr/tables/failure_cases.tex,506,aab850c176ee0a2834e09b5abdec94aedf51f3c944e992dac1e229d47e7b0f46
coregraph_source_snapshot.zip,paper_iclr/tables/noisy_contract_robustness.tex,495,d39801d9203a018ca44f4864171b1137f7baabb5b1a288f3fc32a909775a770b
coregraph_source_snapshot.zip,paper_iclr/tables/primary_results.tex,744,0d1343803d14f9ed3c5eb95ee2eef6d1309cd66e01b4f8f7a43a1f7d0735015f
coregraph_source_snapshot.zip,paper_iclr/tables/reproducibility_checklist.tex,643,83576c10dca624e9cf7f36f66edca8ea2882d085c28d7ebbf17333c1dea722c5
coregraph_source_snapshot.zip,paper_iclr/tables/resource_tradeoffs.tex,544,7be1af689ef69a4e60f1452ab916c5a4fd4e27f823b523fc12b81e8fa522b99a
coregraph_source_snapshot.zip,paper_iclr/tables/worst_contract_results.tex,366,9affbeb1c8dfc96d1f8ab1a3ae40a2f6d38db6d0ddc41a64ee7fbec0cd0d183d
coregraph_source_snapshot.zip,paper_iclr/theory/THEOREM_STATUS.yaml,1121,63211e74bce680b44257ec5533d0d8984febbb6349d4c7f68e736da161c36609
coregraph_source_snapshot.zip,paper_iclr/theory/proof_audit.md,1158,14b2a9bd1bfb7f602c7cc310bcad2e06f05e537320b3e354d4a14a751bcc6689
coregraph_source_snapshot.zip,paper_iclr/theory/theorem_compositional.tex,1431,ed06975ca65533110812975d67a798254b9862939a56bc69c6268564898ac191
coregraph_source_snapshot.zip,paper_iclr/theory/theorem_fixed_mixture.tex,1023,5bf87e5c33d8f8d11846889e93ace5e6214d072be816c3e33a0f2dcaaf94eefb
coregraph_source_snapshot.zip,pyproject.toml,874,3f451a8cb44558208e2c381d9f8fd5a1ad0e34be5b34e5a40c84b441d4fe9755
coregraph_source_snapshot.zip,requirements-coregraph-lock.txt,292,c89be4b6fae81a851ff3801f4fd97222169efd9492fdd70e937246dd98c92e4b
coregraph_source_snapshot.zip,requirements.txt,385,fc141b13a0b0ded9466996891c73b9208b3a77bb095394dc2fdb3ef102863ca5
coregraph_source_snapshot.zip,results/coregraph_build/ANALYSIS_PLAN_FREEZE.json,1479,290bf6754d054c1b3127c98deb933a3a36bada71cd17180bbee075b4f0edff93
coregraph_source_snapshot.zip,results/coregraph_build/ANONYMOUS_RELEASE_AUDIT.json,156,93d8e95b19149df553f700c3e53cd695f9ca19eb8303492d284e5c4239ea3e1a
coregraph_source_snapshot.zip,results/coregraph_build/ARCHIVE_MEMBER_VALIDATION.json,3834,c60b340e8766b533bac1296d1082fa626cc533d05bba5e7da2a1c24679bf6304
coregraph_source_snapshot.zip,results/coregraph_build/BASELINE_PARITY_PLAN.csv,3146,25761f33f80bb0003a3bcb0d0b78a6b9dc97dfe94dbb995958bd43c6b8e90dc3
coregraph_source_snapshot.zip,results/coregraph_build/BASELINE_REGISTRY_AUDIT.json,259,48ef0054d8fe0fce2c59b76141b6a649c37e58d7b1d441319c6267d5c72f6e26
coregraph_source_snapshot.zip,results/coregraph_build/BASE_ARTIFACT_COMPLETENESS_MATRIX.csv,66610,30096c3db30c1dba487b7cfd5a4f6c6865872f9c5f53a8c953a406855db4fd3d
coregraph_source_snapshot.zip,results/coregraph_build/CANONICAL_PREDICTION_EVIDENCE_PRECEDENCE.md,110543,674942ad31c90f6e84e350acec4d7026afe0cfd9f2ec684be837b444a65d5021
coregraph_source_snapshot.zip,results/coregraph_build/CANONICAL_RB09V3_ARTIFACT_INDEX.csv,439213,c8afeab053571f6b4116a19b376e9e6328694ab920a64624bd2302303ed9e950
coregraph_source_snapshot.zip,results/coregraph_build/CANONICAL_RB09V3_MISSING_INDEX_REFERENCES.csv,99755,83d826277ab88d524aa53a62f42ed19922d9dfcdd9b685e1d20b17d220b1d237
coregraph_source_snapshot.zip,results/coregraph_build/CANONICAL_RB09V3_RECONCILIATION.md,2790,b9c00bd4e5cdf9c730da3376b24468bb8cc0bf7642f099461a0fc97ac47c3327
coregraph_source_snapshot.zip,results/coregraph_build/CHATGPT_COREGRAPH_GITHUB_ANALYSIS_HANDOFF.md,1778,d2323e6a3845c97b0dcf546df217618cb3a2c20342aff51d2cd75ab55cc962c4
coregraph_source_snapshot.zip,results/coregraph_build/CLAIM_VALIDATION.json,152,a02bcdca3871492c750dab7600f103bf73419f4ab97fafd23cd99fed995e504a
coregraph_source_snapshot.zip,results/coregraph_build/COMMAND_LOG.md,4023,77d7bc47437d1e03975a6e757dbbf328564cff9eb6a3cb52ebba1d34f16997cd
coregraph_source_snapshot.zip,results/coregraph_build/CONTRACT_PROTOCOL_REGISTRY.schema.json,1500,2da4fbb5d51eb1d5d71ebc7e5fe2053acda9f33cb6ec58c751db49b0cab8ad81
coregraph_source_snapshot.zip,results/coregraph_build/CONTRACT_PROTOCOL_REGISTRY_V4.json,1155,64bd03a1cd9994833565f6be1d80e4e196da55810ca7236924cba048a4fd8de6
coregraph_source_snapshot.zip,results/coregraph_build/COVERAGE.json,199014,1a0d3ca82d13367e31a66f8b8d9f6efdfdd77c1725b6f6669998e099a8033e71
coregraph_source_snapshot.zip,results/coregraph_build/CPU_ONE_EPOCH_SMOKE.json,263,2af7178a27d5aa7f778102e13932a592d806498da81698c51e3803f018bc0e71
coregraph_source_snapshot.zip,results/coregraph_build/DATASET_MANIFEST_AUDIT.json,149,011aa0036f1d294caee985f1b50b60170455dee025632acc58c268e438220201
coregraph_source_snapshot.zip,results/coregraph_build/EVIDENCE_CACHE_BUILD_REPORT.md,1107,85ca3541e434659e405cd71f493dc97aefbe9e6ca4dabf7012ba4e8d004fdbe5
coregraph_source_snapshot.zip,results/coregraph_build/EVIDENCE_CACHE_CHECKSUMS.sha256,29194,c87febf26d27253557a9293759a74dc8f22228342ceb456280e9b90dbaedf9d3
coregraph_source_snapshot.zip,results/coregraph_build/EVIDENCE_CACHE_MANIFEST.csv,145929,4e498b040836e1389027a53dba92ba773a62a0650ebc745e91a2f759db6087a9
coregraph_source_snapshot.zip,results/coregraph_build/FIFTH_REVIEW_HANDOFF.md,4491,7df4ce5a3d1636725e346ced3159d3e1ebc8b88a150c35b6b729e9ac5e1e14a4
coregraph_source_snapshot.zip,results/coregraph_build/FINAL_COREGRAPH_BUILD_REPORT.md,5640,2c4da239894ea9377c5620669833a6423319d4446bd2baa1c424a6aa1f4d174f
coregraph_source_snapshot.zip,results/coregraph_build/FINAL_GATE_STATUS.json,5500,9fb79d288009b84912c7c9481cdda01bcb05e918d00ec8c0fd5ca4f76a3ba6d5
coregraph_source_snapshot.zip,results/coregraph_build/FOURTH_REVIEW_COMMAND_LOG.md,4910,11d68312e8b10e794b5cc0bff885cf39c8503ef7fe7d34c60e76f9628c7020c3
coregraph_source_snapshot.zip,results/coregraph_build/FOURTH_REVIEW_FINDINGS.csv,4460,3844aabdfb1c0c63ef1df2c22a31fa117f37d547b3a7c97fb236684285d747f2
coregraph_source_snapshot.zip,results/coregraph_build/FOURTH_REVIEW_HANDOFF.md,4417,5263f4954b900035127440e61f228245a8cba1011fd8985567d566a9026e49a8
coregraph_source_snapshot.zip,results/coregraph_build/FOURTH_REVIEW_REPAIR_PLAN.md,3130,a3200c8d7fba76bed82642ec7e7357a278b435cbcb78e3cf534752015389b789
coregraph_source_snapshot.zip,results/coregraph_build/FOURTH_REVIEW_REPAIR_REPORT.md,6236,62c3432cab3acbeeaa9d76548355e78808315afb231e65a8453cc753c117e134
coregraph_source_snapshot.zip,results/coregraph_build/FROZEN_TKDE_INPUT_HASHES.csv,47305,7a52fbcb328d84fc541ed34c70685eaac029487fde0db918cb2660f779f9800e
coregraph_source_snapshot.zip,results/coregraph_build/FUTURE_RUN_NECESSITY_REPORT.md,2677,516da22946c7f3cd82c7f62021560dfdeb5a3f4ee17fd694bdb75e754a751c3b
coregraph_source_snapshot.zip,results/coregraph_build/GITHUB_BUILD_PUSH_REPORT.md,4852,d221a5e11601e9f0e126f1b4fa477035b14817391ed6d0c92a15ac4669de7a19
coregraph_source_snapshot.zip,results/coregraph_build/HISTORICAL_FOLDER_RETENTION_DECISION.md,821,0e62dce736ac8dbc3734c31caebaf3d9dc4f16975a8920a3d6648d1bde659c72
coregraph_source_snapshot.zip,results/coregraph_build/ICLR_NOVELTY_MATRIX.csv,1771,0cf7e3ea5fa524d6e040e3858c1dc6775a1d5a74cc47744753b096200eaeedd2
coregraph_source_snapshot.zip,results/coregraph_build/ICLR_PAPER_STORYBOARD.md,1174,ad81fefc5f8b98392d3e83550f1f0e279c201628edaf2a672486c2b2537c560b
coregraph_source_snapshot.zip,results/coregraph_build/ICLR_RELATED_WORK_GAP.md,1787,7408f0000b1cc79e5cfc0d8243bc3e24fb2abca93807ff5c09c495ddaef5847e
coregraph_source_snapshot.zip,results/coregraph_build/INDEPENDENT_AUDIT_COMMAND_LOG.md,3889,7cf465e197133afab6887ecbb2f2e2e0ea3189974c30ecf9d68e73290f48c475
coregraph_source_snapshot.zip,results/coregraph_build/INDEPENDENT_AUDIT_FINDINGS.csv,7530,24e87fcbf2e5a7b8ff0a83d9cf933674d240b9e27daf3036125bd13ed01f9bb1
coregraph_source_snapshot.zip,results/coregraph_build/INDEPENDENT_AUDIT_REPAIR_PLAN.md,2119,e4de2e9e05d6a15de0d25935155f5fe386aece700692b3896a0cee82539a6681
coregraph_source_snapshot.zip,results/coregraph_build/INDEPENDENT_AUDIT_REPAIR_REPORT.md,3950,4938c68beddb1e313f5efa5fee2bd8ee9e59eab9cf301af25be3604bceb8c320
coregraph_source_snapshot.zip,results/coregraph_build/LEAKAGE_TEST_MATRIX.csv,2045,195551b8e9446c93c2599caad5869dcb223a29309e7aea114280778360e85186
coregraph_source_snapshot.zip,results/coregraph_build/LEAKAGE_THREAT_MODEL.md,1412,811e76aaa023bace650fd12f14ff03db7ef4b0c45be64f91db1cb1f5de03cadd
coregraph_source_snapshot.zip,results/coregraph_build/LEGACY_COMPATIBILITY_MAP.csv,4212,5ca8efb664bb68b989983b65e29b779ccf2c6fb5a5b490d25e2d02b5f95b88ab
coregraph_source_snapshot.zip,results/coregraph_build/LEVEL4_BASELINE_REGISTRY.csv,4040,9542aedadb89876ec9ff2b8c33f04f1a6cf28de0eacd71dcd62b12fa60cb1b1c
coregraph_source_snapshot.zip,results/coregraph_build/LEVEL4_COVERAGE_SUMMARY.json,928,5d028fde0222a0627a4a605891fac8c8d154ff433016b93981d600a6bd566060
coregraph_source_snapshot.zip,results/coregraph_build/LEVEL4_CPU_WAVE_PLAN.md,447,272c74e6e602a90c384597c16e7cb6b64469833e83154e2f0a00e7a1d91eab0f
coregraph_source_snapshot.zip,results/coregraph_build/LEVEL4_CROSS_PAPER_OVERLAP_AUDIT.json,1987,54400e35d3bff2e56c517a89fe2a4d22c1f1e73ac76f5840c1d093a006e358c5
coregraph_source_snapshot.zip,results/coregraph_build/LEVEL4_CROSS_PAPER_OVERLAP_AUDIT.md,640,7bef830243354588df827c9e4a5c0af8b735485d95af7e82be9c6aa6ea0fb217
coregraph_source_snapshot.zip,results/coregraph_build/LEVEL4_ESTIMATED_RUNTIME_TABLE.csv,469,d3b2ed1fcf7cb48a0b195aba487fb42c6c8366003dffa24303caf904bef842e2
coregraph_source_snapshot.zip,results/coregraph_build/LEVEL4_EVIDENCE_OFFLINE_SMOKE.json,4418,36fa0fe598632e0ff9b9d94eb2351132fd3bee38c2388de0ea53523e87b64e87
coregraph_source_snapshot.zip,results/coregraph_build/LEVEL4_FAILURE_LABELS.json,419,a4e9889a8f248e9039ecd77504c56e974ac0677c032f68b47d2654d2f91ff4f8
coregraph_source_snapshot.zip,results/coregraph_build/LEVEL4_FULL_EXECUTION_PLAN.json,651,12f7f312ebf744b3bdd57c643dd59f3edfd097577af15b6f941561ea102b9224
coregraph_source_snapshot.zip,results/coregraph_build/LEVEL4_FULL_RUN_MATRIX.csv,695787,642bd53122d2bbddce327b1e5f4e572279f51043372711231f9e6478018042c4
coregraph_source_snapshot.zip,results/coregraph_build/LEVEL4_GPU_WAVE_PLAN.md,798,1907db38dc6cf70ccdd806a6f988885d46482df2f7cdcde63bc29b10ae99a1b8
coregraph_source_snapshot.zip,results/coregraph_build/LEVEL4_NEXT_EXECUTION_PROMPTS/01_saved_output_pilot_execution.md,3111,657b5af5cfb7c3caf19238ab95419367bf80b656c33a3eafcfcbdf47db86aa7a
coregraph_source_snapshot.zip,results/coregraph_build/LEVEL4_NEXT_EXECUTION_PROMPTS/02_fraud_full_gpu_execution.md,2802,3a1d41fe7574539f7f5114a89ea6252651d6f3b845f6cab31b6fc1aa2338c7b7
coregraph_source_snapshot.zip,results/coregraph_build/LEVEL4_NEXT_EXECUTION_PROMPTS/03_synthetic_mechanism_execution.md,2713,504130e5c6a4eca96a9fe84c0f38faa5ed463e1ab50f4ea7e5fe31adb84d7b0a
coregraph_source_snapshot.zip,results/coregraph_build/LEVEL4_NEXT_EXECUTION_PROMPTS/04_graph_ood_execution.md,2748,28c6810b73459815d0afb1ac0ece7780677831475b5f11bc0949edaf48886bbe
coregraph_source_snapshot.zip,results/coregraph_build/LEVEL4_NEXT_EXECUTION_PROMPTS/05_official_baseline_integration_execution.md,2728,6be7f096e741fd9500e317855f8e9715054f0e9abbf46dd11baf82dd754e5702
coregraph_source_snapshot.zip,results/coregraph_build/LEVEL4_NEXT_EXECUTION_PROMPTS/06_cpu_statistical_analysis.md,2723,2c7101427796af37da5c9f744061d74178457b93a0e1f5037813a284dd7ca373
coregraph_source_snapshot.zip,results/coregraph_build/LEVEL4_NEXT_EXECUTION_PROMPTS/07_result_driven_paper_population.md,2733,6e86eb3998228aab45ddc8bb3d239defaeca49efccf5fd7656c8d5a0c4d7d2b8
coregraph_source_snapshot.zip,results/coregraph_build/LEVEL4_NEXT_EXECUTION_PROMPTS/08_final_independent_reviewer_audit.md,2706,82377e041d7a19caf96cdbbaebe85486fad4c91bb3d82977ba64405ac7b0e82f
coregraph_source_snapshot.zip,results/coregraph_build/LEVEL4_NEXT_EXECUTION_PROMPTS/09_final_submission_packaging.md,2674,b96ad9a10e17dea0df323da2fed0f72e4375e72b7e53fb1e4bc3af34a49a199d
coregraph_source_snapshot.zip,results/coregraph_build/LEVEL4_OUTPUT_SIZE_ESTIMATE.csv,491,60693efbae7f293e2bef7ce63b7e1bc9275e3a629ca5238555443e5b5ea7fe4e
coregraph_source_snapshot.zip,results/coregraph_build/LEVEL4_PAPER_BUILD_REPORT.md,560,3a787aec9d4dc2f316f7c0a9839bb8eb1da8e9f70aab508c602f98bb7b80aea7
coregraph_source_snapshot.zip,results/coregraph_build/LEVEL4_PAPER_CLAIM_AUDIT.json,357,fd679b98f122c77d1717dfa599086b1b89c8f13d26bea4717128283bb411a779
coregraph_source_snapshot.zip,results/coregraph_build/LEVEL4_PAPER_TODO_LEDGER.csv,2817,fdad24ecd06165122d222492e5dba84a967d6aa6babbf0c6206e56dacc9a3386
coregraph_source_snapshot.zip,results/coregraph_build/LEVEL4_PAPER_VISUAL_QA.md,155,1d94dec11ccee9bb22689d5c9b0c7129872ff1fbe4e1dc9fc571fa53ac416b28
coregraph_source_snapshot.zip,results/coregraph_build/LEVEL4_PILOT_EXECUTION_PLAN.json,9186,1e6d317d0c7a16d8d6ae447d63e5634bd8caf30b8848c2e6691d980c65f584e6
coregraph_source_snapshot.zip,results/coregraph_build/LEVEL4_PILOT_INPUT_VALIDATION.json,312,21dfd6130bcbd0fe2fc1e0e34f1b5b060bbe5dc589bf4c54b57cec8c49ce6ab0
coregraph_source_snapshot.zip,results/coregraph_build/LEVEL4_PREREGISTRATION_HASH.txt,308,2d2a753eed5ae3ff22488b79f8c23bd1201ba61b3060907dc4f158d755041e4c
coregraph_source_snapshot.zip,results/coregraph_build/LEVEL4_RELEASE_MANIFEST.csv,2845,fc78a7d02a9527a58771429e9a04edbbab93c042d1932d3f7dfae01e0fa2bc4a
coregraph_source_snapshot.zip,results/coregraph_build/LEVEL4_RUN_COUNT_SUMMARY.md,475,6103fd73f4ddf29a2d0eaf0da4acd6ba382070b2ff5f76a80b59a7f0a6ac4968
coregraph_source_snapshot.zip,results/coregraph_build/LEVEL4_THEORY_STATUS.md,1029,a12fe5bea708b0133f2651e9e204c1c350648505a0e201055408b82fcb11abd9
coregraph_source_snapshot.zip,results/coregraph_build/LEVEL4_V2_COMMAND_LOG.md,620,6a788cfe55a95409ff8662e16f1a8aff922a90b7d0dff5729342d4ede43979c4
coregraph_source_snapshot.zip,results/coregraph_build/LEVEL4_V2_DECISION_LOG.md,1061,a5fae8476a39ba62b5be38518d92553bcfa92fa2b7cc3048ea1512567c660259
coregraph_source_snapshot.zip,results/coregraph_build/LEVEL4_V2_FINDINGS.csv,955,c3641caaaa01f612463a8b7e5171ffff42b306c5dd0ff85adc9ebddde901f82c
coregraph_source_snapshot.zip,results/coregraph_build/LEVEL4_V2_RISK_REGISTER.csv,1375,02a55c2d1c81558b4e908a05eff6984afaeaf5896d760dbcba4099297167f33f
coregraph_source_snapshot.zip,results/coregraph_build/LICENCE_AND_REUSE_AUDIT.md,1231,f4f343b8718daa2631aa03e533182743479750f830ac8e984fc49c05f71917f0
coregraph_source_snapshot.zip,results/coregraph_build/LOCAL_CLEANUP_DUPLICATES.csv,336,15f8e8beede833a80d0e2746286cd0b40db56e07668a55fcca6909e7592a74fc
coregraph_source_snapshot.zip,results/coregraph_build/LOCAL_CLEANUP_INVENTORY.csv,2070,c66e9fe9ed5c795b54b996fcc4261aa05996fed84a2e5cb9c4e900d1bf159e50
coregraph_source_snapshot.zip,results/coregraph_build/LOCAL_CLEANUP_PLAN.md,971,55047602382702935beaee5298cbe91b03a73a3a2410fad7a13974f8df4b4180
coregraph_source_snapshot.zip,results/coregraph_build/LOCAL_CLEANUP_REPORT.md,1167,2d466da14d1b44567eb37d33078ed26fb47b759ec519d1ed6e8249c0c3d90bc8
coregraph_source_snapshot.zip,results/coregraph_build/MANIFEST_COMPLETENESS_MATRIX.csv,39336,412e1dc5e053236876255c9e53f249267ab32abf60c28ad166ba423856bd440c
coregraph_source_snapshot.zip,results/coregraph_build/MANIFEST_CONVERSION_PLAN.md,1482,756e00a1a31e9c8233ef053903a7a0a7318aedeb902fdce2cd4b54558c9c91b9
coregraph_source_snapshot.zip,results/coregraph_build/MANIFEST_CONVERSION_REPORT.md,2603,e67406c475eb2e876e4574d9c7667271b7f13d7997e73ebc3c72c2e92fa7b8c1
coregraph_source_snapshot.zip,results/coregraph_build/MANIFEST_LEAKAGE_AUDIT.json,22008,cf97887c6722375d6ca4489b8ae080f6a45f65e5b1b29d36d0a2ce21f12fde79
coregraph_source_snapshot.zip,results/coregraph_build/NOTEBOOK_VALIDATION.json,417,a09970c3d31a790d1d89bea738b287363775bdc0d6da19e56190da2fa72fa079
coregraph_source_snapshot.zip,results/coregraph_build/PAPER_ASSET_REPORT.json,143,722fe231894d04e81359c12a2b760e437a9ec5de17d1dcbeea858cd34882a985
coregraph_source_snapshot.zip,results/coregraph_build/PAPER_BUILD_STATUS.json,85,e596e52d747375ec6db972357a7d218d3a596d89b0897f3692e9682d204bf47e
coregraph_source_snapshot.zip,results/coregraph_build/PAPER_SKELETON_AUDIT.json,357,fd679b98f122c77d1717dfa599086b1b89c8f13d26bea4717128283bb411a779
coregraph_source_snapshot.zip,results/coregraph_build/PAPER_VISUAL_QA.md,1773,36bcb7ac3b8a4dd56f91621bc9bd8a702397d65ecebab48c61bde3d2df8b5845
coregraph_source_snapshot.zip,results/coregraph_build/PILOT_EXECUTION_PLAN.md,1736,92cc4b2018e8c3e8aba849658390b912a4b11ef6c4694f30f900a8d771956ac7
coregraph_source_snapshot.zip,results/coregraph_build/PILOT_GATE_FROZEN_SPEC.json,4752,23c78e1ac95a464fe3732815a6238f8450541105a9c7fb0e3abec0b935b7713f
coregraph_source_snapshot.zip,results/coregraph_build/PILOT_GATE_FROZEN_SPEC_V4.json,5726,dcd676f38f0ee75bd9b57bc611989fc3285584da1c05b699a00528f312cb9a88
coregraph_source_snapshot.zip,results/coregraph_build/PILOT_GO_NO_GO_SCHEMA.json,225,ffb49ccfe0acf65d182a419f7cece3e413b11973952fbc25b02a15f59fa0cf16
coregraph_source_snapshot.zip,results/coregraph_build/PILOT_MANIFEST_READINESS_SPEC_V5.json,2724,fe1f3d8ef50e3587c57e1cd57c98383363f0f9956cb370c228e781c0a47963f0
coregraph_source_snapshot.zip,results/coregraph_build/PILOT_V2_SPECIFICATION.md,416,d8c651415ed7bacd7901efc92c60afa80d9de844b949c1d8bb856c1dd2826a6b
coregraph_source_snapshot.zip,results/coregraph_build/PILOT_V3_SPECIFICATION.md,5535,17ca1d45cecde3dbcabf1f9ae6cf008c4d66911c3f9d088ff96f1e4e0dc6a20e
coregraph_source_snapshot.zip,results/coregraph_build/PILOT_V4_SPECIFICATION.md,3297,1317577f5fea91a6a4407f38a0954eb17bcda62c16f6e1c92a4dfc2c71190201
coregraph_source_snapshot.zip,results/coregraph_build/POSTBUILD_RISK_CLOSURE.csv,3980,fbd128a6da25db33a17577d2c07a4a11e998b52eee1d93613ae6635cd2b9038d
coregraph_source_snapshot.zip,results/coregraph_build/PREBUILD_CODE_RISK_REGISTER.csv,6727,1058d4c4145ff78f915ee585603ce9bcb61bbf0fdf66976005027844107b1c6f
coregraph_source_snapshot.zip,results/coregraph_build/PREBUILD_REPOSITORY_AUDIT.md,7760,7ddbdd1cd96cb6b0fa38b2a5a6bdb252c06afae2b7867f0d83b74d3381515060
coregraph_source_snapshot.zip,results/coregraph_build/PREBUILD_RESEARCH_GAP.md,2716,9aaf538bda112fcb6383ee594fb971bb6474679902b45fab093798ed1ef446ae
coregraph_source_snapshot.zip,results/coregraph_build/REMOTE_BRANCH_PREFLIGHT.md,2190,b3fd22133f074a004803be0dd57c034694879a5b454094ed937ba48874bddf52
coregraph_source_snapshot.zip,results/coregraph_build/SCENARIO_BINDING_INDEX.json,447109,d1005bb03927b02d3cbc6b798486e906bddc1a9a59466e260dd1acea85ba19d0
coregraph_source_snapshot.zip,results/coregraph_build/SCENARIO_COMPLETENESS_MATRIX.csv,15432,1072ba3a9820c66090eb8efc0f45c8fbcae86597904036ec088d4c2931409635
coregraph_source_snapshot.zip,results/coregraph_build/SECOND_REVIEW_COMMAND_LOG.md,3414,05f1e2d54bb8b0178dfd96ea07dc6ff093c34ac73c9971ebd9926d750524d6ea
coregraph_source_snapshot.zip,results/coregraph_build/SECOND_REVIEW_FINDINGS.csv,4372,e102b99199c5583caf0605fab72514b7a213569e0f47a10ae8d982b0514d6e74
coregraph_source_snapshot.zip,results/coregraph_build/SECOND_REVIEW_HANDOFF.md,1848,2d81743956c36778c040172c85dc0f1afac49ed4c0f845fc429ff1515d9e780c
coregraph_source_snapshot.zip,results/coregraph_build/SECOND_REVIEW_REPAIR_PLAN.md,2032,50551d6038b573289778cead6767aae790ebceeb04e2d0ff489184fdf1686c64
coregraph_source_snapshot.zip,results/coregraph_build/SECOND_REVIEW_REPAIR_REPORT.md,3183,351942ee081b8eab42bcff25a0082f4a21f161fc91f35d879e6656554adf7a93
coregraph_source_snapshot.zip,results/coregraph_build/SSD_INDEPENDENCE_REPORT.md,700,46f0c329d505e980b4c45c516d36d1fd726558033931e38fe8096f0a3853199c
coregraph_source_snapshot.zip,results/coregraph_build/STATISTICAL_IMPLEMENTATION_AUDIT.md,1667,311891ebd1259c9ddd939e9f2cf7f85b5f8f1c5a33664ed69fc06af93cfab3b8
coregraph_source_snapshot.zip,results/coregraph_build/SUPPORT_ENGINE_VALIDATION.md,1174,061fd997c76f8c37e5fa2782efb1732848b556e6fd7af826311316632d5c5c7a
coregraph_source_snapshot.zip,results/coregraph_build/SYNTHETIC_METHOD_CHECKS.json,590,b8e266bd71ae9c84cae8148f4730938543f6c8187cc218f07e2f9d0d797d66e0
coregraph_source_snapshot.zip,results/coregraph_build/TEST_COVERAGE_REPORT.md,1655,97757e3d8a9e9c72e3fcdeadaf1b020c5d8412da0c135e0221e5dc439f272629
coregraph_source_snapshot.zip,results/coregraph_build/THEORY_NUMERICAL_CHECKS.json,697,1163eb4cbd033d893d6ead694223e81b3d3aa7418ec04be77eb34a5c7a115b26
coregraph_source_snapshot.zip,results/coregraph_build/THEORY_READINESS_REPORT.md,857,dd716c05a20738049edd5cb50bc8a07dbeff2c93d22f851ddccb4d95aecd2b4f
coregraph_source_snapshot.zip,results/coregraph_build/THEORY_STATUS_GATE.json,292,bf2d54009fd23395d942e538f937210099621a006930f52569972745877b2aaf
coregraph_source_snapshot.zip,results/coregraph_build/THEORY_STRENGTHENING_PLAN.md,2275,ebcacfff2a78256a662ca9d9e186139da026b807e1557f683a51a77f05b71fac
coregraph_source_snapshot.zip,results/coregraph_build/THIRD_REVIEW_COMMAND_LOG.md,2632,237980f1b194c632bb9438598dab5d6201db1415ec235d136f1fedaa48c29493
coregraph_source_snapshot.zip,results/coregraph_build/THIRD_REVIEW_FINDINGS.csv,3560,0bf466fe0134ac1eca8b97ff635c3a77f657f4fda99ba9207646ecbf20a6c23c
coregraph_source_snapshot.zip,results/coregraph_build/THIRD_REVIEW_HANDOFF.md,2052,9aa859d95129f811da5785a4548a93cbc47c7c2a793772779967f4dd1092f903
coregraph_source_snapshot.zip,results/coregraph_build/THIRD_REVIEW_REPAIR_PLAN.md,1763,ccd71ede40f04d2eb945d5cf626deb43657f0c30d6f055e59fb3c199dafb5ca3
coregraph_source_snapshot.zip,results/coregraph_build/THIRD_REVIEW_REPAIR_REPORT.md,2448,cf15973f1e3b1b301437bba4642ff4e14ed6ca342376ca2e8ff593dc828de91f
coregraph_source_snapshot.zip,results/coregraph_build/V5_BASE_ARTIFACTS.csv,110382,c9b78f5b20d29011ac6aa5f4a23d7539ccbfa2dfbc9eb4f9bb7e1fbb2adff9b9
coregraph_source_snapshot.zip,results/coregraph_build/V5_BINDINGS.csv,167424,8b62f26e1b1fdc047ef66c3b094ed04f2e5b661f98b73fc30c09d878f82e5b04
coregraph_source_snapshot.zip,results/coregraph_build/V5_LEAKAGE_AUDIT.json,816,d3da16163e8a3b9f56f4333c4cc4a8d4976167582cba166b4fe67c97d36daf71
coregraph_source_snapshot.zip,results/coregraph_build/V5_MATERIALISATION_REPORT.md,926,680f3f7c1cd6550fcbfb038117ed773b4288aaf81aabe9b21a234692deba36bd
coregraph_source_snapshot.zip,results/coregraph_build/V5_ROW_SCOPE_AUDIT.json,17977,ef66d5de0b840c55ab129e6adb40abb7dc379a02e3617cae0afedff46db0f82a
coregraph_source_snapshot.zip,results/coregraph_build/V5_SCENARIOS.csv,16960,43cdbac07150c35c2a10e993df76baeef7596faa509c27d9e673de01de247e11
coregraph_source_snapshot.zip,runbooks/coregraph/CPU_PILOT_RUNBOOK.md,384,44dfdfe889a8bc755acdf98fbbdbe580131d09e4a0c5012b9f55df88c9ff66a0
coregraph_source_snapshot.zip,runbooks/coregraph/EXECUTION_ORDER.md,2972,a95f58c7b26fa15625656c9dd7742bd2ede56977d81b274fe75b563578453e02
coregraph_source_snapshot.zip,runbooks/coregraph/KAGGLE_T4X2_RUNBOOK.md,822,49d3c42a8dbaee7f561dcba611acdb704500f417a887ad9e833d49ba2a6a0314
coregraph_source_snapshot.zip,runbooks/coregraph/PAPER_BUILD_RUNBOOK.md,616,34e419e6dd170349be8b7a862e4a349751ad53fc6137d2299c561688344b1f8a
coregraph_source_snapshot.zip,runbooks/coregraph/RESULT_IMPORT_RUNBOOK.md,537,89ae4f945a06d7ec511e297f250f78108c3ce37680a232e2046a5d162a2eb84d
coregraph_source_snapshot.zip,scripts/audit_cross_paper_overlap.py,9142,bf7dab943658eda1969da10ffe8a17c26c9ecd765a00bf99ccb6200f2789686e
coregraph_source_snapshot.zip,scripts/coregraph/audit_anonymous_release.py,3964,0f88853e4f4a245a63768f10d3c82bacc71617d826c2fef13af1af023a37280b
coregraph_source_snapshot.zip,scripts/coregraph/build_anonymous_release.py,3562,052c41bdff2e431090124cf04993d76a1922747df6e6f62df01ab69957dd9816
coregraph_source_snapshot.zip,scripts/coregraph/build_iclr_paper.sh,195,be5cfb1d988ac8a9f7845a6ab48e050528516d587065b24f042c066422c7d29f
coregraph_source_snapshot.zip,scripts/coregraph/build_level4_artifacts.py,47618,db29c85923972733457240ea6ed3827793781f04b3511ac6a9dfba63fe57f5c0
coregraph_source_snapshot.zip,scripts/coregraph/build_level4_handoff.py,25898,669cc54ee7c1ff850930768a7242c01007d9d55b3b803efbcc54d5996b803a9b
coregraph_source_snapshot.zip,scripts/coregraph/build_level4_paper.py,5660,b7448586e1c36095737e2ef20c5dcae75b5df465bf5c82398788c839099303d9
coregraph_source_snapshot.zip,scripts/coregraph/build_level4_release.py,17849,d79c80c69cc1848236c68564b71a2c904598a11eeafc3dcdfeeac637fe1d7bcc
coregraph_source_snapshot.zip,scripts/coregraph/check_level4_evidence_cache.py,3344,be64eefbfd260be0840812fd98cd2a167b011d6ba7b4a41f4a96d00873546cc7
coregraph_source_snapshot.zip,scripts/coregraph/check_theory_numerically.py,958,8298efb729b9dd2647b589b937a0e7810e1d637b3022ef51daa57fcbc15099b7
coregraph_source_snapshot.zip,scripts/coregraph/convert_prediction_manifests_v4.py,14037,5e55315be430aa8962f9bf41712cb1721e7539fa8911fb0df4919dc31047298b
coregraph_source_snapshot.zip,scripts/coregraph/evaluate_pilot_gate.py,61680,2e0060f059c6a0577e657adce8490c6a6e68445cc5c3dd0e6b5ee764d5eb4019
coregraph_source_snapshot.zip,scripts/coregraph/freeze_analysis_plan.py,1196,358ab8d7585c1ffb172a344759579a8cba5a243dd48cff0740bdfa2c86cfc445
coregraph_source_snapshot.zip,scripts/coregraph/generate_level4_figures.py,9868,4cd663cb31ba5f1e7776ddcf17905262691a57e334d9ed890ce2adfeda1a6eb2
coregraph_source_snapshot.zip,scripts/coregraph/generate_notebooks.py,14856,bebfd6769d1e36205f7983d59bc3e567ce6f6944277f7e4ef80fc03b92df5bcb
coregraph_source_snapshot.zip,scripts/coregraph/generate_paper_assets.py,3153,249dd760e7327fe188851610b2b12a352af50353a5f68af0cc518fbcf1227fcd
coregraph_source_snapshot.zip,scripts/coregraph/generate_run_matrices.py,8682,ca498588111557d128410e7da57d7927c2e85c43096a3df7dd9336ca8ceac881
coregraph_source_snapshot.zip,scripts/coregraph/hash_frozen_assets.py,3470,04078b3a3a5dff61dd2f111a57f3689942cff83a935d710f4e733221ad982c39
coregraph_source_snapshot.zip,scripts/coregraph/import_run_outputs.py,2958,dfd64a3fcbb0a45782d41925d7123e99e39f0209f60939ac73d02d12d7e1e6f6
coregraph_source_snapshot.zip,scripts/coregraph/install_official_baselines.sh,540,217ae0fec8406c671f3e20b7149949c759db0b92be4a0d1abbabdf077d09f693
coregraph_source_snapshot.zip,scripts/coregraph/orchestrate_level4.py,5085,c5a5fe90b4cfd428c3433a71778a214e61c2db5142e99ca86155983d1c8b78c4
coregraph_source_snapshot.zip,scripts/coregraph/plan_wave.py,1481,e4d81b6c212f137c9244cbaffdd3e7bad5d0662427398dd3ffeb4bb05d49d0e0
coregraph_source_snapshot.zip,scripts/coregraph/recover_canonical_manifests_v5.py,18080,31e8f4ceace5be42aca963017d46b53454c79fb99efbf3338214ad576e7e20a8
coregraph_source_snapshot.zip,scripts/coregraph/run_coregraph_smoke.py,5871,2dcffc220850121f4e3112cb4992451c928e1b2bd229d175e68e47e8031d0be8
coregraph_source_snapshot.zip,scripts/coregraph/run_saved_output_pilot.py,24410,b3badc4f5b1567163587ca576c95315ec9b043887c3b4ed1a0a65f211cb161ab
coregraph_source_snapshot.zip,scripts/coregraph/run_statistical_analysis.py,7618,48d670c583d38f213836cedccf50715ba569374614335585921c7ac075f3f109
coregraph_source_snapshot.zip,scripts/coregraph/run_synthetic_method_checks.py,4351,ded989efdd2658e2688db452ce9a7edcc98bdeea451d0707258daa6d39ae5b73
coregraph_source_snapshot.zip,scripts/coregraph/validate_baseline_registry.py,2111,99a3ceaead7fc4732b267f2c5d0426ece5a1621e04e96cbaea3f6f4cbc429961
coregraph_source_snapshot.zip,scripts/coregraph/validate_claims.py,1523,2b7622ffc190e620645797968f7ea465d7e7a9ba59592a329868cc7aacd8a907
coregraph_source_snapshot.zip,scripts/coregraph/validate_dataset_manifests.py,2226,499386fd77a1354edfdbaf1b0bf597d45cc07c49eadf05bba12441291ffee92c
coregraph_source_snapshot.zip,scripts/coregraph/validate_level4_evidence_cache.py,25912,d3801d906b0e1df0bbf95e90df27ea1f531009f6ef641d7e389ae63755f985e9
coregraph_source_snapshot.zip,scripts/coregraph/validate_level4_release.py,10725,05640d2c5fdf956d23cfa93e70bcc1ea4fb25600e738b95b062e2c12688cfede
coregraph_source_snapshot.zip,scripts/coregraph/validate_level4_row_scopes.py,5858,44aec6b655c08212efb6067a77d383938f52042e556850907e88501a9d084e1b
coregraph_source_snapshot.zip,scripts/coregraph/validate_notebooks.py,4992,0078215ff9fa735d1ca8ef4b10ed527a8612a8f79b09af523591fe814dfd845d
coregraph_source_snapshot.zip,scripts/coregraph/validate_paper_skeleton.py,4688,0a59f744ad7bd4410ebf0bcd6b9063cc0823ea58995162983e107836f8357880
coregraph_source_snapshot.zip,scripts/coregraph/validate_theory_status.py,1976,332bb69c6e3892920bb8ad7daf581a558b4c482d5085458c952f48c43df4c6a9
coregraph_source_snapshot.zip,scripts/github_publish/validate_public_tree.py,10300,c68d94b5d13e5d3ae20cbe6d77768e40d876d8c39bc805ff8e45d8673665bc80
coregraph_source_snapshot.zip,tests/coregraph/conftest.py,1359,c06d4e8f081c32fd8c538d1c395301290576ef79bb942c4eee75b6e75ec02819
coregraph_source_snapshot.zip,tests/coregraph/fixtures/typed_claims.yaml,609,3939dba802eb89f2dbf1f093fdce779aaeb673c0b61c5a0cb17591cacf0060c0
coregraph_source_snapshot.zip,tests/coregraph/test_calibration_objectives_theory.py,6003,8f4948a29f60a2624947b163d5d0801ed56b673c326ed45a76add980eb9c3f86
coregraph_source_snapshot.zip,tests/coregraph/test_contracts.py,3308,eda6bb436dae0206eb30ba5649b5dc59a480e647d0d87d9b811f48fe39983bb9
coregraph_source_snapshot.zip,tests/coregraph/test_evidence_support.py,5377,cfc93fdeb0949f81584ef1f4c89e4a86414e03a9d554261220ebc162b10af87f
coregraph_source_snapshot.zip,tests/coregraph/test_experiment_state.py,3496,a5ff3666a2e310051f8c766c66d25f3e85263919f75b938c40b6244010f9a9f8
coregraph_source_snapshot.zip,tests/coregraph/test_fourth_review_v5_scenarios.py,32638,c6f7d8e755871dff7bfb8802a5eb21e16fa261553c52c25f3aa7f9e93e93ec4c
coregraph_source_snapshot.zip,tests/coregraph/test_independent_audit_availability.py,9035,fcd4cb1ca1878b6b7d2915b5b9954d5b47470b8f6a7d1068b26ea4d7df8c68e8
coregraph_source_snapshot.zip,tests/coregraph/test_independent_audit_contracts.py,8304,aaf0718d265c45df46c027fdccffffbf0f31b45b232d41c224423dec3af67ac9
coregraph_source_snapshot.zip,tests/coregraph/test_independent_audit_coverage_guards.py,21360,eb02b1bc722f9dc40bcf6ffd36ab4883fadebd14252199acede7b005678b96f8
coregraph_source_snapshot.zip,tests/coregraph/test_independent_audit_manifests_pilot_statistics.py,14568,a64dcd4671587d68f439b1cb2fe470e49c0702378d30f68c142e6496084ab993
coregraph_source_snapshot.zip,tests/coregraph/test_independent_audit_router.py,5455,0ea8a5fb2e0f11f4443e5d2fe3bccec535e330830be1472abb5ddcb3debc5f93
coregraph_source_snapshot.zip,tests/coregraph/test_independent_audit_scores_abstention_objective.py,6501,650e71f6fc3a3d711505dc6619cc9b6de59c3cca3eba3469c2c7087a47576eb7
coregraph_source_snapshot.zip,tests/coregraph/test_independent_audit_statistics.py,7974,2bff303d0fd82f98180eb7000c77b0eab03707e63ca052e16adc29d539c344f7
coregraph_source_snapshot.zip,tests/coregraph/test_independent_audit_synthetic.py,4414,84974f7d8b29b65022a24200eb9405bcabf9b0d1762f936fa9f5d62d0c5ce15c
coregraph_source_snapshot.zip,tests/coregraph/test_independent_audit_theory_support.py,4526,b305efbc2cb01c7dcdf3488a2b40686d4327f62b84ad6dac7dd944de9e815258
coregraph_source_snapshot.zip,tests/coregraph/test_leakage_and_tasks.py,8936,48fa1017bccc3ca35f9d93fdd6d85a0f4c318101b01b56e2c7885e5e2fa6f3ea
coregraph_source_snapshot.zip,tests/coregraph/test_level4_benchmarks_theory.py,4397,a38c2a772bf41bafe54204ed64bbab72099d37610021720c7c318d889c7f8a23
coregraph_source_snapshot.zip,tests/coregraph/test_level4_contracts_routing.py,7501,83d768e338220a9ea7420ae9d3fc43c7f9646b7f31f0f08be97e0f66a4ab484e
coregraph_source_snapshot.zip,tests/coregraph/test_level4_edge_semantics.py,6556,f54d30b6ec203dbdd473c6a80a6e0193d74ad0944723240ae714a1da5cf8b9f0
coregraph_source_snapshot.zip,tests/coregraph/test_level4_evidence_archive.py,4872,61a59692cf24a59d2dd40910eecf11debf55bfd16b68dbd3aaca648b26ad916b
coregraph_source_snapshot.zip,tests/coregraph/test_level4_generated_artifacts.py,3084,e4449f8003b4e79a50e5c6d07efa9297adcd826cd7cd61d77d228d82d47e1f66
coregraph_source_snapshot.zip,tests/coregraph/test_level4_overlap_audit.py,1554,e1a2e3c45e3047c391d86eb2edcc403764461df9f08dc3fa2d6ba217e7d1aadd
coregraph_source_snapshot.zip,tests/coregraph/test_level4_public_tree.py,1420,e4c6c545830acb2e0e1a0e96ecdefd7d35132958d4211ff3bd6ed58f32614e68
coregraph_source_snapshot.zip,tests/coregraph/test_official_adapters.py,1828,ad5bb726062e35715f96036564cdc2c8a576db408ae6c65b66e79c54ccf53524
coregraph_source_snapshot.zip,tests/coregraph/test_router_objectives.py,4245,f9ed99c8eeac353d24687b2acb7cd5cc90e92f7e65e2f8d279f2d7d748daf5cc
coregraph_source_snapshot.zip,tests/coregraph/test_sampled_graph_expert.py,1316,b9e8516245261c28ffdb358a16b42f06e588116cbf9a55b25a75048769b9bf20
coregraph_source_snapshot.zip,tests/coregraph/test_second_review_documentation.py,1656,cef1d8f82ea0e3253b6dcfa91ce571a2ea6129580bc2f1f3d4a731c51829e2b5
coregraph_source_snapshot.zip,tests/coregraph/test_second_review_gate_semantics.py,13921,7eb94052472f59da9711c82d0c22dd1ec33da529ef3d52969cb339fb4b221cff
coregraph_source_snapshot.zip,tests/coregraph/test_second_review_pilot_semantics.py,13646,404cfb59d6c22e682582179d6f6a4d8cbac9b9fc57ca3764d6defcd83d80f0f7
coregraph_source_snapshot.zip,tests/coregraph/test_statistics_metrics.py,1796,bbf85ad4e1c40341dfb8a507c7462638ebd76a748f9f1ead05f2c50d71b0f9e0
coregraph_source_snapshot.zip,tests/coregraph/test_synthetic_sampling.py,1781,c011827d2e299819c247989863a57fa3a581eee69983e4cbac62fbf1ccc676d0
coregraph_source_snapshot.zip,tests/coregraph/test_third_review_v4_integration.py,34208,52a1b61885850c61f529f8a8b32872b6199e071510edab0eccff9ea897ddd856
coregraph_source_snapshot.zip,tests/test_path_resolution.py,2472,e84475cdf1f42d415773dd60398145d9e4e9e6f38bd7cc3b4a7389d74d50638b
coregraph_source_snapshot.zip,theory/coregraph_level4/assumptions.md,1209,19a1116d65d84b41b458d034b4c4f91065c170fbef8851974352d7906252243e
coregraph_source_snapshot.zip,theory/coregraph_level4/compositional_generalisation.md,1009,7908de548f2641e6f13eec14e20a8d43183805494ea497e104d66f057471bf26
coregraph_source_snapshot.zip,theory/coregraph_level4/counterexamples.md,1200,7b1ce2380828514fd5dd41be886158cc1fd337e60a03cf4c4e0998d610519491
coregraph_source_snapshot.zip,theory/coregraph_level4/executable_checks.py,597,c9ea28113b99d3b79a59e2307a9e8df53f152309ede9283b90af66138a823f07
coregraph_source_snapshot.zip,theory/coregraph_level4/fixed_mixture_impossibility.md,997,8c94dd9a58e6d96ed07a958880ae29b8fc7d8bf9ffc14f8ace3dbe8ee2510db3
coregraph_source_snapshot.zip,theory/coregraph_level4/notation.md,1058,8ecbe4b8e2486499a2a3013ba712da27698e85c1d902c9ef172acf650d1c060d
coregraph_source_snapshot.zip,theory/coregraph_level4/regret_decomposition.md,1272,2adec5f26eb8dcb7de35716e10b0d22b00358f775d880a3dea7f31614430cc7d
coregraph_source_snapshot.zip,theory/coregraph_level4/resource_mask_guarantee.md,875,9e164bb8a92ed04eec140df92b129583f5ef482f107ef323268a4060f659bd0b
coregraph_source_snapshot.zip,theory/coregraph_level4/selective_risk.md,763,0ad615aa41fb34223ad3974bd2fc3c776567be6e065fb9bfa970a08b45cee4de
coregraph_source_snapshot.zip,utils/__init__.py,0,e3b0c44298fc1c149afbf4c8996fb92427ae41e4649b934ca495991b7852b855
coregraph_source_snapshot.zip,utils/imbalance.py,5161,d9c3c63e19958a5731bef877d33b2617d65dcfdbe7045fa5bdbcee49c86c8d8e
coregraph_source_snapshot.zip,utils/metrics.py,20870,b7a8c3696c6739d65794f7fb17501de7169c3a08eedf88004fac7f93feeb88ed
coregraph_source_snapshot.zip,utils/reproducibility.py,5306,623ac6e71b85dc7605d485eef340092f7c8a42bc141ce1063c78823a2957cecc
coregraph_source_snapshot.zip,utils/scaling.py,3160,3b9f8376dae5da96d6c1a209905efb66d32cd1d274ed4f8611029e399f861da0
coregraph_source_snapshot.zip,utils/temporal.py,4695,79b21f979e2c057e287a87b7d82903b66feaa5abed3f00db216fe359d2fe728a
coregraph_source_snapshot.zip,utils/trainer.py,11776,8c138fbc8011b388c80530f26175d0afba17ed4c673a62b5e721bea06858eea5
coregraph_source_snapshot.zip,utils/trainer_minibatch.py,6853,e35a7770c0c47bbf19b254662fc756bc07335c6fd00dc48163d3d549376c15a5
coregraph_source_snapshot.zip,utils/visualise.py,14146,5ee64651a9395c33381c0609111921a356512ca6eee5bcdb83208cc1b14c5290
curated_source_snapshot.zip,.github/workflows/ci.yml,1650,b453a7f25a8005c40f183f2360bb9e0941d3021096bcbcb5848687aa10590f9e
curated_source_snapshot.zip,LICENSE_REVIEW_REQUIRED.md,973,d5f2ec186cb55697d97f92d16e82cdcb10c6e5c207dae967d86b2f19d3798ed0
curated_source_snapshot.zip,README.md,5286,9eeaa4b437731756bff5b165c952c026fcb7df10737062504e3cb6fffb822738
curated_source_snapshot.zip,README_BUILD.md,871,1d9cc904fa5a426c0fe40cc49b7fd2b6a5e95f45f451781c43e62d21ecfc8479
curated_source_snapshot.zip,colab_setup.sh,7504,ec64d2d851ce52b5a3b6f859860d5f4e3abe3da4a682d3ff5ddfe10b94eeba65
curated_source_snapshot.zip,config.py,3920,59e42c84af248f6fd78f701f3282b74b39b1e30797c04f36b1e00d8bc5a4a598
curated_source_snapshot.zip,data/README.md,1156,6d304f641614903e51fb76634aefb5a0d2a33fc6e9d4249b9eb7985331d45768
curated_source_snapshot.zip,data/__init__.py,0,e3b0c44298fc1c149afbf4c8996fb92427ae41e4649b934ca495991b7852b855
curated_source_snapshot.zip,data/dataset.py,8893,a548d41073f7b957820751929e05f09d1f817be3d39b5bfc03bf0a0102191df2
curated_source_snapshot.zip,data/datasets/__init__.py,2522,93c99b3c2fa308a68d1358a6977971fd7292a5501a1bca77dd7310f073dd3df6
curated_source_snapshot.zip,data/datasets/base.py,6315,befcfe6a05fac7ea4acec241ed04ce7d166f24c8f69a158a5df30a20b38840ae
curated_source_snapshot.zip,data/datasets/dgraphfin.py,6131,22b6e8312d121252c75589873f6c89008ae7810ba594482fb345ca7edacdace7
curated_source_snapshot.zip,data/datasets/elliptic.py,2796,c3803d92c0e22df72681970adac1bd9e1843d6f806b0bc80b929113bd2e20b88
curated_source_snapshot.zip,data/datasets/ellipticpp.py,9286,9b54acfa318de877e049695cf8ab2b53bd00446e086ce7d05b47923cec5b5dfd
curated_source_snapshot.zip,data/datasets/tfinance.py,6112,0cf6799dfd1ef5eac4f9bdf749eff009caea58ac56fc68811dfb29d48a240fea
curated_source_snapshot.zip,data/feature_scaling.py,2370,dbbf7b824b39002ccf389c507415f91d8f97e3a658ed4a3191c03f6766b816df
curated_source_snapshot.zip,data/graph_builder.py,11467,5765017031ace6c9b8f0f3e16e853c61faa8c2df405b19de5ac853e421f78dc5
curated_source_snapshot.zip,docs/CLEAN_REPOSITORY_VALIDATION.md,3932,31c5a468e19d27a60368675acc541fe35fcc157dc7e1cefed521044676e77619
curated_source_snapshot.zip,docs/DATA_ACCESS.md,829,f7169833d74a631e22c596b6850f28a90665c2e142ce14ca839f1547bf3b496e
curated_source_snapshot.zip,docs/EVIDENCE_AND_CLAIM_MAP.md,1313,22b37f16f55c7b4ef3a96f15dea808eb71b7ce0c765a4ad5dedae08d1c8e5571
curated_source_snapshot.zip,docs/GITHUB_ANALYSIS_ENTRYPOINT.md,2829,a10901be807a7b0d118845be7c1fdfdeee50c9327421a4bfbedb38f08553ec72
curated_source_snapshot.zip,docs/KNOWN_LIMITATIONS.md,1208,6548589dd35d286cad5bc0c4bb2aa8923835f1ca7bdad87c20ccc57a0febccce
curated_source_snapshot.zip,docs/PROJECT_OVERVIEW.md,1052,2ffd22f741e861d7658b4073ee28ee5b20c7f6a8248b1693317b5ff7ce717591
curated_source_snapshot.zip,docs/REPOSITORY_MAP.md,1672,0505742be85bbf4cadf7873a6f717dcc8ae389d326afc5c32252b42237e844ea
curated_source_snapshot.zip,docs/REPRODUCIBILITY.md,1519,7a8bd25b90441e35e10276477ec8b718926933283ed7a6c85671f3371feb44a2
curated_source_snapshot.zip,docs/RESOURCE_BOUNDARIES.md,713,ff25daf7b3c4bf81d921399643d27b0f8d07df4b65b41c6ce15dec15eb9b0de5
curated_source_snapshot.zip,docs/SOURCE_TO_GITHUB_PATH_MAP.csv,52432,442f27259e4630ca2932b8b59f6db0c50e61b9167de8cbd42e38cb31d59bc00d
curated_source_snapshot.zip,experiments/__init__.py,0,e3b0c44298fc1c149afbf4c8996fb92427ae41e4649b934ca495991b7852b855
curated_source_snapshot.zip,experiments/_leakage_gap_utils.py,14079,9df8317616b82d9dca28b6649b9498e18d4b7fb0e4993f08a32b28fcb9d8b609
curated_source_snapshot.zip,experiments/_multi_harness.py,18234,402a7584097b3f3e4b9d8fc3eee83ca1651841c9aa8814dcd533dface860ba1c
curated_source_snapshot.zip,experiments/aggregate_multi.py,9273,52e10d4c695afdf78a0de14ae5edb0a1d55eba3589eae970711ef79eedd2cb0f
curated_source_snapshot.zip,experiments/baselines.py,9261,aa85291a6b8cc0b621871b6de31ed4dbeba7950cb5e50dd34b09d2f167cd114b
curated_source_snapshot.zip,experiments/business_cost.py,16261,d62e4a8b4e26c2ed64ff5496801ef4bcd7fdf198afe15c01bb0097582588f5d3
curated_source_snapshot.zip,experiments/calibration_study.py,15295,f66e60e2189f58d5738a9904f5cbd8caa81cd6949416afebbb141f9e607715ac
curated_source_snapshot.zip,experiments/compare_leakage_gap.py,2331,18ef683a84361a7cb392efd45f41921000b1afeb4267638a95b1c5c38a0ca312
curated_source_snapshot.zip,experiments/distribution_shift.py,11786,df38e72ab7419b3f0d381fbbc4cd4a2c640cd703c952acbf1200bf9606090ee2
curated_source_snapshot.zip,experiments/embedding_viz.py,16075,e25e4a3b739a6d983a5cc9eb0cf6b9f5c88b472c80cf75b24638fab7dccd63c0
curated_source_snapshot.zip,experiments/graph_ablation_extended.py,14602,a600f8ff1bab9b03c8649f41b7da7862198a3b19d67be006ac6486c72a47193a
curated_source_snapshot.zip,experiments/graph_analysis.py,4367,337bfeab83a29e0a5c969275760db8e425ad9a073b188038f2917260e013b85b
curated_source_snapshot.zip,experiments/hybrid_ensemble.py,15682,fe7716a1df1ddb7fb046da1f673c94360bcf6bdbfb5f40806223c371f310dc30
curated_source_snapshot.zip,experiments/mlp_embedding_baseline.py,22600,01ed1728653e20e777162bb1e71b45eb40207c398ac5995b8c39972497662065
curated_source_snapshot.zip,experiments/pr_analysis.py,14074,fd726f3a98cbb82502e550482f588bebbf02f0d1570cc03f3f42bffececd34f2
curated_source_snapshot.zip,experiments/result_audit.py,13510,d3dc59e4e7841ccaf27ea0ac041bff83fd8d9a180bafdf153a27ec12f08cbccf
curated_source_snapshot.zip,experiments/run_inductive.py,3737,350e36f9997bb31f04bb69ddc7046daa4b870855af51044db8930eeb2afda7e6
curated_source_snapshot.zip,experiments/run_insights.py,30387,6f500b6f72c52b09abe09d9713dd26c5eb7a3aee638f0296fd8584e848989215
curated_source_snapshot.zip,experiments/run_l4.py,16149,5b0db18f31b657093e55a06212b931f76d7c2138796239388eab903e138cf7a9
curated_source_snapshot.zip,experiments/run_metadata.py,2101,319109e070fab07ff858bc15dfc82ba4b6d8fe2aed1e358c9592c91049fab2ae
curated_source_snapshot.zip,experiments/run_multi_dataset.py,5810,aeb6727bde7f254eaecf48ed43d9eb57f25d448932cec3923db1bd143cdea169
curated_source_snapshot.zip,experiments/run_phase_sensitivity.py,7590,f48f82c794b1d2299974e70ce5bea03465caa3689c124ade518b74fec8899696
curated_source_snapshot.zip,experiments/run_protocol_phase_diagram.py,34457,c4c17a96b6771907d42293a5885050a4b48b18e696a862d771e3615853950bb9
curated_source_snapshot.zip,experiments/run_seeds.py,5513,6f4b791a86c830af19ee089a3f97a883125064561b5b50ac23edda77df0ab703
curated_source_snapshot.zip,experiments/run_shuffle_ablation_multi.py,10962,b4e56b9d929ea1af90e671560f75df27170f01f38040dd0c0b85485dbd2f0522
curated_source_snapshot.zip,experiments/run_tpc_tta.py,9143,22bff64211acb0b76b160553e7707bf12ace5ba553f53dec5a9b9b3cc628d60b
curated_source_snapshot.zip,experiments/run_transductive.py,3140,ab9387238f0352c2e1b1d511ef9c3b0405998d0ab12bb0b3e753e63b7c286c24
curated_source_snapshot.zip,experiments/scaler_refit_check.py,5628,fd2bfe024059d33d7d85c3add7244638516103d1afa0363a4391d0e909c0de45
curated_source_snapshot.zip,experiments/significance_tests.py,15236,670fae0a20cf882cd02cdec81bca55044b429a4b579fc4b2e872d7c92a198e41
curated_source_snapshot.zip,experiments/sweep_manager.py,9780,d4347878bf2864f761824cfc6d8f0a0bb9982768408c562f910c2da97122cce5
curated_source_snapshot.zip,experiments/temporal_analysis.py,5207,9a7ed0edc3821774c633964567b6476c01d445ad7dd8620259d7e86c0f62553a
curated_source_snapshot.zip,experiments/temporal_deep.py,12176,87737c525f0be54607cabb5efba5cf655957bd73572549873ae9a1251c46b157
curated_source_snapshot.zip,fraudshiftbench/__init__.py,1212,db40ae831c7a1c8a3d4ed7b4916eb3dc9898eea3164e607afcfafe21d939f6ce
curated_source_snapshot.zip,fraudshiftbench/audit.py,1749,b6eb87569927e2d7a2c5824ab90efc91cceb7a9275954d83a39578159014f7cc
curated_source_snapshot.zip,fraudshiftbench/badges.py,2503,93e92f0267251e4826f2b5e3fd72ca4197c7f1880c75f51a49e345343f8ac233
curated_source_snapshot.zip,fraudshiftbench/cards.py,2284,54872911e969674ffc407942e50fdebbfacd0acdcc2815b181daf1c567d99233
curated_source_snapshot.zip,fraudshiftbench/claims.py,3280,be3db1661a7839954c0f87f9ce58202384d99cbb0cad4a671453dd2d89c19aa9
curated_source_snapshot.zip,fraudshiftbench/evidence.py,3153,bf9066725e6251747c9fc5df44b33c6066fb7e8137d0118bf6759ff75086e36c
curated_source_snapshot.zip,fraudshiftbench/io.py,641,143731ecfd7d3bcdbb9fe1f78e3556279d8f7674bb85e43fb87b451793e125d0
curated_source_snapshot.zip,fraudshiftbench/metrics.py,7117,f692377d9dd23ee30cf259507098e8449e60d1fb11280603279044d1a0eed5f3
curated_source_snapshot.zip,fraudshiftbench/model_api.py,609,546127986685bba7fbb22fb432abdf7ac7c908fbf52713134cd4b457f1f6a03a
curated_source_snapshot.zip,fraudshiftbench/model_contracts.py,1190,5ac7aa592d6b9234b177620f72bbb2696a5b78cea400cba33eee3e639301650e
curated_source_snapshot.zip,fraudshiftbench/model_registry.py,438,6e630e48209c44d36f17528e71c2490ec85e4276c7c83351bd588593a9056e65
curated_source_snapshot.zip,fraudshiftbench/protocols.py,4649,b0be618c9499c90331bb1634715964e3c2ca6627a0d574b02f868e264941ad50
curated_source_snapshot.zip,fraudshiftbench/result_analysis.py,10349,83a7645c7e5b3e210249d94217d3ed97a356b5d863aee21634e453eccc2f0e37
curated_source_snapshot.zip,fraudshiftbench/sensitivity.py,2064,788622d4e2dc54f97ba81573ff120659d7b021ba2e78f3a3aaae3d3d5aea8b59
curated_source_snapshot.zip,kaggle/MASTER_RUNBOOK.md,11037,f049a36ac89b8dea9fe33d6d0a701561c2d342a1bd5bc1da21b512b825698426
curated_source_snapshot.zip,kaggle/README.md,5263,6810757b1c6408a7f5fbd94cef0c9d2a174a5fec7e3f1b0fbeecdf0ef9964c52
curated_source_snapshot.zip,kaggle/datasets/dataset-metadata.json,120,2624ccbdc0c075ad4e0186a154316a7b0742ab30f0f4e37d315c78de4cad5d44
curated_source_snapshot.zip,kaggle/generate_dual_gpu_notebooks.py,13421,20a5917e8a2d7235796b4b47a59829c19a971be4ea2ad2bace7cc4aa34715b03
curated_source_snapshot.zip,kaggle/generate_notebooks.py,27813,8139eb4c9b9ed9c3b283cd201d60a07c60fd0fd86f9fd89388394e7260c77f44
curated_source_snapshot.zip,kaggle/kaggle_bootstrap.py,26505,900d453d4c2353488d4a32dc0682e21b6ad9199e9c84e4db5323fdf5020ad497
curated_source_snapshot.zip,kaggle_workspace/manifests/V22_FINAL_GPU_EVIDENCE_LOCK.json,40549,f63010e09a5f1303972fc01183e991d415d0f5d95b721bd03a1b6cce257e1d60
curated_source_snapshot.zip,manifests/README.md,450,c5105083dbbfe2897a28354955066191382b55f4b1a6c991ce06299081fb2516
curated_source_snapshot.zip,manuscript_assets/tables/V22_FULL10_MERGE_STATUS.csv,1556,6737a1b063d48910774ce7d3ce2a336692a69c32ff22729ce513e9984f94ef13
curated_source_snapshot.zip,manuscript_assets/tables/V22_GPU_EVIDENCE_STATUS_TABLE.csv,756,b86ffed555edca1b8b224ef54b9721616c69cca95c6a272c2a066e39a438e6ed
curated_source_snapshot.zip,manuscript_assets/tables/V22_IMPORTED_OUTPUTS_STATUS.csv,3063,68611d96527066dbe296cbf96224f380a293148b5525fe46cdf45291412e9502
curated_source_snapshot.zip,manuscript_assets/tables/V22_RB28_LOSS_ROBUSTNESS_FULL10.csv,12340,a3383ea5f13cadf554777e5869ba977cb3816ec9120cd421b607ccffdb9ae82d
curated_source_snapshot.zip,manuscript_assets/tables/V22_RB29_NEGATIVE_CONTROLS_FULL10.csv,6102,300209a053a3ae2e603f38b97808944241d19819516b6358e78eac61df2c904a
curated_source_snapshot.zip,manuscript_assets/tables/V22_RB30_EXTRA_ARCH_FULL10_OR_BLOCKED.csv,1828,606c5e1bb15b59ca8049185b0f2a4ffdc48a5af0b76e8bf4a00d397f373e8c05
curated_source_snapshot.zip,manuscript_assets/tables/V22_STAT_TESTS_FULL10.csv,28943,513f1fb5c2dbae2f63255fd384c62fe86394a15746c31792a92a1f287b8ddadd
curated_source_snapshot.zip,models/__init__.py,0,e3b0c44298fc1c149afbf4c8996fb92427ae41e4649b934ca495991b7852b855
curated_source_snapshot.zip,models/gnn.py,17333,0fd5ed8de9d855d9348c74e69fef012335a2426fdeda99ce3a73d421b0ada765
curated_source_snapshot.zip,models/graph_feature_gating.py,10960,61e68b42ca12d0584eed2a9e93a50d264060d0d84cbbf2bf7d1e42c2548825ab
curated_source_snapshot.zip,models/graph_harm_detector.py,15744,160baf13c854efff811af698a9feabf2679b9f82561d2250e63a9c14bbe0f8b0
curated_source_snapshot.zip,models/graphsafe_v2.py,5962,c485f7851854ed55f47c0a449dc519195400f5491fa99f10b95bd6273e5d81a8
curated_source_snapshot.zip,models/hybrid.py,7539,fa31f58d4ea461783e5272434f9f08457668d43c0c9c9a8372082b5d6ab11a94
curated_source_snapshot.zip,models/mlp_baseline.py,1485,8590f957277d1524e88cc57ac621a5ede853224dbc66387ef94a02c633e92044
curated_source_snapshot.zip,models/modern_gnn.py,21208,b922a26b697dce52a8745d1b1f178956bf87f63489eb91bfc680f858bac6f7b4
curated_source_snapshot.zip,models/protocol_mitigation.py,4691,94ab267fbba4bcff09bd202075188ef6764a78751d60c56be8785dee66dda147
curated_source_snapshot.zip,models/protocol_theory.py,105355,e7467175355445a2516c26a3cee11c2856267816824dfb4decdf91b63b860956
curated_source_snapshot.zip,models/registry.py,5913,bfbf4984cd5cc8424d0c267fafaac4ba2ba43a72ab9c15cfe06c66e6cbb1531b
curated_source_snapshot.zip,models/rolling_validation.py,15982,5656dc3b50efc6ee680a15d9c0538c98a6c4bb7aea3d9b76b1a2ca7ee6a81365
curated_source_snapshot.zip,models/temporal_calibration.py,33835,6bfea2ecfde7faba4d4b350a42045d3519a5ffafd79940e621e967eaf96aec28
curated_source_snapshot.zip,models/temporal_gnn.py,8236,097f50d9e4871aa9f14ad34ac40480eb47bf42a7c203e04c2e929daa4d2057a9
curated_source_snapshot.zip,notebooks/colab_transductive_vs_inductive.ipynb,5323,89b4014b87adf2c37357b7593141fbae121496431b50159d0cff6dea15ee2dfc
curated_source_snapshot.zip,paper_tkde/README_BUILD.md,1700,e5fa357f23fd049233076f272abafbde34774658d7486419643068d13cb4bbec
curated_source_snapshot.zip,paper_tkde/main.tex,1449,9490a4c0b1d60ec8ba1d1de2ffbfe0a21e9235b4e88b63846baaeb517e6d156e
curated_source_snapshot.zip,paper_tkde/references.bib,15373,f4c8f2e8625a77981f5180c0ee996115461707850ef6445e61a856df33b5da34
curated_source_snapshot.zip,paper_tkde/sections/01_abstract.tex,2112,56124273912e251cbb2cf4b7b357f5c33003891d2b9b8249450a8d0d88f76dcf
curated_source_snapshot.zip,paper_tkde/sections/02_introduction.tex,5856,aa9a07507a56f382187ff5f1814ff01755059f5809337368c057e63ad52647e5
curated_source_snapshot.zip,paper_tkde/sections/03_related_work.tex,7184,ec27af6cb89903db99a45d4acde63a0576529c43c0cea0e23589104d7c1b1be7
curated_source_snapshot.zip,paper_tkde/sections/04_deployment_claim_contracts.tex,6856,388cf0bd968c8a2aafddbb587fcb64982dada8e378da97f1a5efd305d021e503
curated_source_snapshot.zip,paper_tkde/sections/05_benchmark_instantiation.tex,6427,6db1638ae8065d698d34b6dd079a29d8c2eddb2297d57d697a36f46db1ad29a0
curated_source_snapshot.zip,paper_tkde/sections/06_experimental_design.tex,6970,f99e0ea01f840da4e17ad616913dc92a49b0ba85d9b9cc8d6ea62cdab7eb910a
curated_source_snapshot.zip,paper_tkde/sections/07_results_protocol_architecture.tex,2663,0d953c5ed78a4a752799c4219ba9008160f88e66def706a5ab79467c54c836d9
curated_source_snapshot.zip,paper_tkde/sections/08_results_construction_decisions.tex,6457,e1039283f7ba70edd3db13eda296c29615131789fed2317bd4e18fa6f83321cf
curated_source_snapshot.zip,paper_tkde/sections/09_framework_validation_graphsafe.tex,4596,3e59e2fafc2589528b67f991b7d9c2bdc1f6a3e692c395c95affc1ec10cf5ca3
curated_source_snapshot.zip,paper_tkde/sections/10_implications_validity_artifact.tex,6979,975640c11c6c6d46f46b023377f887cd7ca02847c18199abcf1e2b6b270aa832
curated_source_snapshot.zip,paper_tkde/sections/11_conclusion.tex,1515,7697c658cd50aa78332f2dcad035906ec6ce16fc724cab3ac76954c51fb2deec
curated_source_snapshot.zip,paper_tkde/supplement/sections/01_scope_navigation.tex,2734,791d93422429319879af1bbd5aa2356b6726782d4a97616c9de8f62648446485
curated_source_snapshot.zip,paper_tkde/supplement/sections/02_notation_definitions.tex,3212,76b89fcf94142be3423132062a7cb1add3ddce1e6ec8486b8d266bd77ea5d6e5
curated_source_snapshot.zip,paper_tkde/supplement/sections/03_support_validation.tex,3815,f0a4b1c4a8b67186157f698d21afcf42505abf572822eae081604b66c014b8a1
curated_source_snapshot.zip,paper_tkde/supplement/sections/04_dataset_cards.tex,2405,ff5006fdd10f30c2fd632200abcbbe9d7760a712aa670d3e9d5d0003f8b435a6
curated_source_snapshot.zip,paper_tkde/supplement/sections/05_temporal_visibility.tex,2103,d928cb10a2f2a4af9504dbb2087b89d3c2f7cae764b92d11d5c2baee87bdc917
curated_source_snapshot.zip,paper_tkde/supplement/sections/06_graph_constructions.tex,1817,47f53a73de9e1e27633c4aa44c2cf852f0f111ebb862a7410c2fa3ccc9bd884b
curated_source_snapshot.zip,paper_tkde/supplement/sections/07_model_cards.tex,2175,b49d84ad13bcffd4d0f5d084a3dff0dced4ff2dfd53e451fa5037498c99bd06b
curated_source_snapshot.zip,paper_tkde/supplement/sections/08_optimization_selection.tex,1898,2bbc0a03cee7a27b28888a0365784a1a6da3c4962284a9e5d596deea37cc1408
curated_source_snapshot.zip,paper_tkde/supplement/sections/09_metrics_statistics_v2.tex,2321,f1853ee5efe31a8499ae7915ee0e927bd62f1ef9d7490ca5b81f2ad162c05152
curated_source_snapshot.zip,paper_tkde/supplement/sections/10_protocol_results.tex,2368,d6b5067cef405796f64de4ce553895f8b618c3283be8febf5e9607eebd3b7810
curated_source_snapshot.zip,paper_tkde/supplement/sections/11_robustness_controls.tex,2325,4223bb3338a79821d9611099ecfbfcc6c6557f02ea5ee53c31e11b5ba9dfb3ce
curated_source_snapshot.zip,paper_tkde/supplement/sections/12_ibm_baselines.tex,1723,bf302438927f7e4ad1bf004cae7412b199e0ad284d0a7299fd3d1ad8aabed025
curated_source_snapshot.zip,paper_tkde/supplement/sections/13_ibm_graph_scale.tex,3389,2c51d7273e2b6e24590b41c876abe1e959fc173d9442d969dd81ac1b9dc1f42f
curated_source_snapshot.zip,paper_tkde/supplement/sections/14_rank_decision.tex,1745,97c0225a91796b82bcf9c96388e6d3e5473da56d67975e76f20073fcb0b4c9a0
curated_source_snapshot.zip,paper_tkde/supplement/sections/15_review_calibration.tex,1716,7da9e60d1923b0fe14e6d8a7b9046dd2c924d7659f04a19ae2ec8ca5b6357c51
curated_source_snapshot.zip,paper_tkde/supplement/sections/16_graphsafe_case_v2.tex,2571,381fcf054e2ff7a89e4d9aeeb8d6009d024f1c1bb5db6c4e8a1498134e1436eb
curated_source_snapshot.zip,paper_tkde/supplement/sections/17_resource_cases.tex,2949,2644f2e07a015dbdaea6937573a082de8d2c72ec6dc5decea3fd85d8fbb23d6d
curated_source_snapshot.zip,paper_tkde/supplement/sections/18_claim_provenance.tex,2643,e3b47a62b0f9366e0b8fbcb219eecd670b11bbacbf57a6dfa8a76630ff3554d1
curated_source_snapshot.zip,paper_tkde/supplement/sections/19_reproduction_artifact.tex,3376,d354e9f0fd68ace6125ac3e5d6f860c6f858b2a906bd5f13d8fa87a26ebfaad8
curated_source_snapshot.zip,paper_tkde/supplement/sections/20_limitations_ethics.tex,4063,d665f28041afdb18f2aa07840f2691aa9d7cf0bf7af4d3a09f57dd2ada2bbcba
curated_source_snapshot.zip,paper_tkde/supplement/supplement.tex,3292,f96bcff440c3fb686f90a2db477106dd1ccc73430493e69ce9795ceec724e301
curated_source_snapshot.zip,paper_tkde/supplement/tables/table_v2_calibration.tex,1445,6e470802817eabe4fd22bb8794bc78eac04c65cd3452fadb1c3349c4630bd71c
curated_source_snapshot.zip,paper_tkde/supplement/tables/table_v2_claims_decision.tex,1390,37d5456fc06de98175835e8decb890b21fdf7773abb7a157d1e07371f7498234
curated_source_snapshot.zip,paper_tkde/supplement/tables/table_v2_claims_graphsafe.tex,1323,f0d24c518a1004564c2d3efaffe8a9f11fd99a00b84a0a874ea8ea36aba23e51
curated_source_snapshot.zip,paper_tkde/supplement/tables/table_v2_claims_ibm.tex,2663,16f88ab084e4b792008db358a2317251d3d822d051f15c6be9fb171e5894f470
curated_source_snapshot.zip,paper_tkde/supplement/tables/table_v2_claims_integrity.tex,1248,8a4b9a77132d65c4617757145f0c3a6cdb24d539c669a99ff976067298ba4d94
curated_source_snapshot.zip,paper_tkde/supplement/tables/table_v2_claims_protocol.tex,1854,74fd30348c22a8b9177d78ce950d12dc50b47b196c57e9e782ca7f9da6bc660e
curated_source_snapshot.zip,paper_tkde/supplement/tables/table_v2_construction_cards.tex,1691,9ed2e0e1271f2bf9d096f2e5f0a6cea73ee7ac85dd3f5eced9a104a8e1bdd2aa
curated_source_snapshot.zip,paper_tkde/supplement/tables/table_v2_dataset_dgraphfin.tex,1450,d0e7db3ed125481b05fbcec55d4b3151de5224dd0433d6bde0dbf3dac4e27621
curated_source_snapshot.zip,paper_tkde/supplement/tables/table_v2_dataset_elliptic.tex,1411,4c3ceaf8d89052a6c6ad50b4d8965688396c39e19765bbe5bc7ca7feab10222b
curated_source_snapshot.zip,paper_tkde/supplement/tables/table_v2_dataset_ibm.tex,1426,02a984f69dd845bf559b8ca56b9a2650d00926f4ef0ee1ac87e35103b600370c
curated_source_snapshot.zip,paper_tkde/supplement/tables/table_v2_false_promotions.tex,2379,ec0e341ba1f3091ed94650154162a9badc565c3c37705bcc097d940fedc5d69f
curated_source_snapshot.zip,paper_tkde/supplement/tables/table_v2_graphsafe_paired.tex,2016,467da170be8a316d784ff19e3c0d4b6a7a996a1ff8350e0da569206d92305a42
curated_source_snapshot.zip,paper_tkde/supplement/tables/table_v2_graphsafe_summary.tex,1807,8cef50c7af5ecb324e05d55ba158cc37fea14522ee92e0e82afcbe84f63ead39
curated_source_snapshot.zip,paper_tkde/supplement/tables/table_v2_ibm_baselines.tex,1695,4c24864bfc05e0b3e945008a146e5494184286400737a10353f7f08ddb6e97fb
curated_source_snapshot.zip,paper_tkde/supplement/tables/table_v2_ibm_effect_auprc.tex,2651,e45cf4eb739565a057b7e7f05865d4a05b2c875264f7b7fd3bf1cabe404f9a28
curated_source_snapshot.zip,paper_tkde/supplement/tables/table_v2_ibm_effect_auroc.tex,2648,42004fec64d8149c6376a841c48f8edd0a3f2f8c0006780014a20450cf7ef5a7
curated_source_snapshot.zip,paper_tkde/supplement/tables/table_v2_ibm_effect_f1.tex,2634,1765be832daabccba82c1acace5e020d3bdfbbfe2fdc1a35645f6720e29f66c9
curated_source_snapshot.zip,paper_tkde/supplement/tables/table_v2_ibm_model_cards.tex,1436,594e46bf725743e1ca0784f89b124b8a61a8659fa094c01553766f7d3e3dec0a
curated_source_snapshot.zip,paper_tkde/supplement/tables/table_v2_ibm_runtime_medium.tex,4291,93d11087729f2fb9d9021cab46b59f1471204f970df7168d1291e3fd0ffb9037
curated_source_snapshot.zip,paper_tkde/supplement/tables/table_v2_ibm_runtime_small.tex,4356,e820c7651356a0edc16b91dbe4c344c27f7ac2206334992ad61dd1a155852349
curated_source_snapshot.zip,paper_tkde/supplement/tables/table_v2_ibm_windows.tex,1702,5896f4de1eb8dc0cb7a6e702f4e30615204931efaf14818e365fc0d966017e9e
curated_source_snapshot.zip,paper_tkde/supplement/tables/table_v2_metric_cards.tex,1769,c608667a5e9c9dfab9d25bab79d1d571962f5b48b0c020196029c4989bb0f308
curated_source_snapshot.zip,paper_tkde/supplement/tables/table_v2_navigation.tex,2949,861de3db9e114f9fab009c7c7971a154e846807b6d5c238022fcd1f89cc6785f
curated_source_snapshot.zip,paper_tkde/supplement/tables/table_v2_node_model_cards.tex,1109,9897dbc7987b975dd5d0483c0ab5c7ffa2d7737cfe83f0673d1e47844282a847
curated_source_snapshot.zip,paper_tkde/supplement/tables/table_v2_notation.tex,1846,6dee4eb352698ab9e5ac6bcc9c89545e2159c5e922ef4110cc978b3565539626
curated_source_snapshot.zip,paper_tkde/supplement/tables/table_v2_protocol_cards.tex,1800,f09e5880bfcd59b959d8cc788bae3e953245e62329984bc171527d036f7ccfc5
curated_source_snapshot.zip,paper_tkde/supplement/tables/table_v2_protocol_effect_auprc.tex,1419,849de8f197bb7a7b9a41f7e19a8b7d6d4730d152ffa41d16dcc3b6f50303d8d0
curated_source_snapshot.zip,paper_tkde/supplement/tables/table_v2_protocol_effect_auroc.tex,1422,e4acdc58008161e936caf8d95ae0fa385d733d226b005c31cdba2c881ba848fb
curated_source_snapshot.zip,paper_tkde/supplement/tables/table_v2_protocol_effect_f1.tex,1413,09d30cade8e5bdedd95ddadbd5d6252ad22a417ea520828d00eaa5c64ee70b95
curated_source_snapshot.zip,paper_tkde/supplement/tables/table_v2_provenance_map.tex,2223,0caa40957d0b9470dbe1a91821818626759f0c6b73eb09a0b1bd3c1a5b1c35fa
curated_source_snapshot.zip,paper_tkde/supplement/tables/table_v2_rank_baseline_grid.tex,1340,439da4cf8e75230ff21decc6f75eeca4fc5c3eff9760bafc5fb2a087c034bba2
curated_source_snapshot.zip,paper_tkde/supplement/tables/table_v2_rank_graph_grid.tex,1386,19370783c3d76db972b607be4892f61a40b833732a2bc092649d58fdd442c822
curated_source_snapshot.zip,paper_tkde/supplement/tables/table_v2_raw_artifact_index.tex,2417,b5eab84c235bc6e19d8bb989e357e0a1e7e5ac7df1e778b12f15356299293040
curated_source_snapshot.zip,paper_tkde/supplement/tables/table_v2_resource_cases.tex,2205,370076d60fe35c62e788df93421ae332d7c0b16dcd3dd52bf2273fcb5c6a3541
curated_source_snapshot.zip,paper_tkde/supplement/tables/table_v2_review_budget_1pct.tex,1443,88194b1d6a13c7f99a615d016faa2ca9012afaa8a31b2bbf094529af24f8d257
curated_source_snapshot.zip,paper_tkde/supplement/tables/table_v2_statistical_families.tex,1650,c1497e70954ae7c6ef9328e5e63f49b0015488c0d8d31cc89fa168b44bb98b05
curated_source_snapshot.zip,paper_tkde/supplement/tables/table_v2_support_properties.tex,1294,a045789dfe2057783fbe580c9b6b03550e64ffec58fd8b27f1aa34bd22c419f9
curated_source_snapshot.zip,paper_tkde/supplement/tables/table_v2_training_cards.tex,2050,8d12162af2906e72becee52cd84be5818416fb1783226e94ae7c674146f8c53d
curated_source_snapshot.zip,paper_tkde/supplement/tables/table_v2_v22_lanes.tex,1420,86fd7914738a46ad6b8758a63845ac2faf9bd4f95309edb1b1c40c7f3b07dfe7
curated_source_snapshot.zip,paper_tkde/supplement/tables/table_v2_v22_statistical_summary.tex,1585,162e813c26a4119d339588fd6c04c9c73dcfa92f60ab7265b6435e9bde0d87af
curated_source_snapshot.zip,paper_tkde/supplement/tables/table_v2_v24_construct_audit.tex,988,22290c44f95ab33434f9c4e022554670eb6106ca4f5aa069d17221d7817c5c81
curated_source_snapshot.zip,paper_tkde/supplement/tables/table_v2_validation_cases.tex,3900,0b0a0bc851b78c7300c188bd877de02177b1cf06bf5545a863cdab95fb61f587
curated_source_snapshot.zip,paper_tkde/supplement/tables/table_v2_visibility_matrix.tex,2156,7fc851f0a7e93430b9c088ea7c91a067e69018257c943f4845f50f1e497209a0
curated_source_snapshot.zip,paper_tkde/tables/table01_related_work.tex,1051,9f9296ef672863ba03c97429afedd06eb0233fc9ee4ecb3c77ae3853f17b77dc
curated_source_snapshot.zip,paper_tkde/tables/table02_dataset_tasks.tex,1609,9bcb014db94bd0b6c614fe7a4f8cec641e68fc1213b6234e0e9b697c4773b71e
curated_source_snapshot.zip,paper_tkde/tables/table03_protocol_visibility.tex,1340,ff717f202d071a6fa87410f37c3676c2ae795a109bb15b5b005b152eb3e72e1a
curated_source_snapshot.zip,paper_tkde/tables/table04_rb09_protocol_effects.tex,1082,e1e7724d2eea5343c1209f438bf78eeecf4ed16651a9c1a84cfeb28805d32b26
curated_source_snapshot.zip,paper_tkde/tables/table05_ibm_baselines.tex,968,e2260f713fc2a79cff3a4b63f01503dfbbaaa12d7f95042a9ce4ed4e5982534d
curated_source_snapshot.zip,paper_tkde/tables/table06_ibm_construction.tex,1333,07f1f68f1ed8f11e0092ca8656ba1b8cbda74819e784b4a634b42c5b4e957205
curated_source_snapshot.zip,paper_tkde/tables/table07_resource_boundaries.tex,1274,6a7880385a26f32db368d605296b81e15de3c39662c8bed421488aa8691eaac8
curated_source_snapshot.zip,paper_tkde/tables/table08_graphsafe_case.tex,685,38c98142afd8f90ba81681dce7fcbcc10ed257d8971e14ba19af9afc94b49182
curated_source_snapshot.zip,pyproject.toml,874,3f451a8cb44558208e2c381d9f8fd5a1ad0e34be5b34e5a40c84b441d4fe9755
curated_source_snapshot.zip,release_metadata/README.md,366,3e99180f81e29eb48971a01d5ddfbc4a281f645623ef01a7fef6e48db69872a3
curated_source_snapshot.zip,requirements-dev.txt,120,949bd9435f9665ba97fdbaf15dec6ce0c53339d7b0df5e9cf371e9332666cf14
curated_source_snapshot.zip,requirements-publication.txt,81,4853009312365b2c130635da79a31894f17cefe6d3168fca8b7d2b74c29c0ee3
curated_source_snapshot.zip,requirements.txt,385,fc141b13a0b0ded9466996891c73b9208b3a77bb095394dc2fdb3ef102863ca5
curated_source_snapshot.zip,results/github_publish/CANONICAL_SOURCE_MAP.csv,9668,de1072ab3890ee728f46442ae8333857bdbb598258d8eba5900b7abacf8fd67f
curated_source_snapshot.zip,results/github_publish/CANONICAL_SOURCE_MAP.md,1955,d54865434c80e3382ed88473ca3bfa39e021e655314c8afe37fb411f04915dd1
curated_source_snapshot.zip,results/github_publish/COMMAND_LOG.md,3390,ecaf8db13f24a4a2da2b7d8565abd57c8186e2cf560646a156c7e4ddd6da27d2
curated_source_snapshot.zip,results/github_publish/GITHUB_ALLOWLIST.txt,7069,4a1a13e2c3683cd2e4ce60fa439879942be04c8ab4dfa9d18378c09c26df3d4a
curated_source_snapshot.zip,results/github_publish/GITHUB_EXCLUDELIST.txt,2804,5089501e02bb17bad7bed4abdb638ea252f3e71310ec64072e1ab5bec239335c
curated_source_snapshot.zip,results/github_publish/GITHUB_SOURCE_INVENTORY.csv,799083,3b81451aecadc0c238a930b8e8a50579dd55984707cc46b9f8c1fdc31e8579c3
curated_source_snapshot.zip,results/github_publish/GITHUB_SOURCE_INVENTORY.md,398376,dd88f12ef244af340fa47bdb64d6c332d662061da2e95e9cc95611933d83d786
curated_source_snapshot.zip,results/github_publish/LARGE_FILE_AUDIT.csv,3678,49695a6cc84e6555933eecad68ea3fc461a0f4c847f0007aaee67a3084a54546
curated_source_snapshot.zip,results/github_publish/PR_BODY.md,2270,ba1a8eed984f3fed8247ba345eefab7705c8f61b6667a7cf17a02a9685983d56
curated_source_snapshot.zip,results/github_publish/REMOTE_REPOSITORY_BASELINE.md,4496,87662d81a0e54473e7f21b12b58a7224e852725831b3f58fac8032c0c7c9fba2
curated_source_snapshot.zip,results/github_publish/SECRET_AND_PRIVACY_AUDIT.md,2945,0e804f9e09376a33270e0dffa2047af10131602cf5e15708bbe646773c074b9b
curated_source_snapshot.zip,results/runs_rb09v3/ARTIFACT_FAMILY.json,1210,174cd35fac5d6d10dd37657b3814d9cae576ee1f2c1dab2bea70fcfe25390603
curated_source_snapshot.zip,results/runs_rb09v3/runs.csv,139938,d9f77bfd14ccaf157780858e35ecfee96af1e2fbf60f3559ad888d14c0ace2e9
curated_source_snapshot.zip,results/runs_rb17_review_budget_worst_block/rb17_results.csv,931873,f6486d8198bcdae1373b0fe286f94abca70a1ca4e32fb7cb81baf01f65d91404
curated_source_snapshot.zip,results/tkde_rebuild/CITATION_COVERAGE_AUDIT.md,516,026585fbf68f37740e74198d0f2d8fa380edb83a5570f0e21860ad34da86cacb
curated_source_snapshot.zip,results/tkde_rebuild/CITATION_VERIFICATION.md,10879,7341a51e04877fd023c6e79e08b89359e7715c9f0b9bb427234c80791c20a0d8
curated_source_snapshot.zip,results/tkde_rebuild/CLAIM_EVIDENCE_LEDGER.csv,83105,677c367f71969714448e0fb3768a90cf78f884773779e713195bc26792b0bd53
curated_source_snapshot.zip,results/tkde_rebuild/CLAIM_EVIDENCE_LEDGER.md,8197,641a30abc24fb747a24f9fd20bf8e074b82fa8001ef1d662d177b4a1dca63636
curated_source_snapshot.zip,results/tkde_rebuild/COMMAND_LOG.md,6316,ed5d3da8312a183f6ca912697d05e62c5ca789328f3d03ad9d0351089cbbd821
curated_source_snapshot.zip,results/tkde_rebuild/CURRENT_MANUSCRIPT_FORENSIC_AUDIT.md,16158,a5c0e76e50a00b61bdffdad75dff34af1e8f8499446c74934236323022b7201e
curated_source_snapshot.zip,results/tkde_rebuild/DATASET_TASK_STATISTICS.csv,5392,cce3333207b3a50903d4763844c9c006bc20d9c1963a159bf5c8b50c135e2682
curated_source_snapshot.zip,results/tkde_rebuild/DATASET_TASK_STATISTICS.md,5584,a3a169cd048e54e51598741d9e46fae1beae9850f2340e3a699fa5ddab2455a5
curated_source_snapshot.zip,results/tkde_rebuild/DEPLOYMENT_CONTRACT_AXES.csv,824,ebbb3e4d34a2259486cab3b2471b265a8031dfba7baa2c0a16e2dac9bfd20ac2
curated_source_snapshot.zip,results/tkde_rebuild/DEPLOYMENT_CONTRACT_AXES.md,957,57ae5657d8c1a0f2eef3cdc3d578221323e58def1f6671fb47eebeb569dc739a
curated_source_snapshot.zip,results/tkde_rebuild/EVIDENCE_INVENTORY.csv,483162,3e6d218baead53f68d3c3f712518261ab0e9633b75e03cf25ed7e4dbb3bb0776
curated_source_snapshot.zip,results/tkde_rebuild/EVIDENCE_INVENTORY.md,49630,3f80e71278e479f2faf7e7693e0ceaea69ccb4082c370097678db261d89fc377
curated_source_snapshot.zip,results/tkde_rebuild/FALSE_PROMOTION_AUDIT.csv,1350,9308d8d3022fe3c70e6c42279bc78427ffa24163874f92b6f705b253f4302fb4
curated_source_snapshot.zip,results/tkde_rebuild/FIGURE_AUDIT.md,3643,becaf1ce7fa168ea37234901deb7e2cdb0a4fc96f4f3eb143314a636dfc08dce
curated_source_snapshot.zip,results/tkde_rebuild/FIGURE_DATA_PROVENANCE.csv,5405,95b7afee50b49e023c5f9798f0002c67574284a0e3073a4235e47544d6fb0d6b
curated_source_snapshot.zip,results/tkde_rebuild/FINAL_TKDE_READINESS_REPORT.md,11077,34679915e1eb58e5a60b9037dd3d54f707597bdfe415e582836fd174d9082191
curated_source_snapshot.zip,results/tkde_rebuild/FRAMEWORK_VALIDATION_CASES.csv,2966,d51fc6b180fc52afc14fdd43090daecda3f3937506bc239e2ec0b00f36e5d10c
curated_source_snapshot.zip,results/tkde_rebuild/FRAMEWORK_VALIDATION_REPORT.md,1716,15330193be22c0a0702bb8bb4252dda1da625eebf26b319fe74afcaba3485dc3
curated_source_snapshot.zip,results/tkde_rebuild/GRAPHSAFE_BOUNDED_SUMMARY.csv,6289,013caecc0a39f1207cbab101fda7f9d80602311aa39cffb825a7abb05ab707a0
curated_source_snapshot.zip,results/tkde_rebuild/GRAPHSAFE_BOUNDED_SUMMARY.md,6435,8e99beba267fbefc2adb448bd29857e8a19150c7788dde6e839fa14384894aab
curated_source_snapshot.zip,results/tkde_rebuild/GRAPHSAFE_CALIBRATION_SUMMARY.csv,1910,3486c9ffe59e7cd288db1cee5754ae1eb55c17652fc2c40d10d37e6f6526f0b8
curated_source_snapshot.zip,results/tkde_rebuild/GRAPHSAFE_CALIBRATION_SUMMARY.md,2012,9b234dc67c70ac0609802b13c5e751a94a5bff4ef98785ea4e126d013d9137bf
curated_source_snapshot.zip,results/tkde_rebuild/GRAPHSAFE_PAIRED_VS_SIMPLE_AVERAGE.csv,7170,95bc556adbdbb67f0d7a4ffb298a2ccf42b2f4ab98edb608b0995491ec3d10a7
curated_source_snapshot.zip,results/tkde_rebuild/GRAPHSAFE_PAIRED_VS_SIMPLE_AVERAGE.md,7386,0206fce6d0669e73bf052ce11b97acb4829a2b4d3161155e325cba771f167999
curated_source_snapshot.zip,results/tkde_rebuild/IBM_CELL_SUMMARY.csv,164164,dcc2a34929052f9f73ba97f50ee769b41e6f8cdc94554d36ab42a9cb2875e761
curated_source_snapshot.zip,results/tkde_rebuild/IBM_CELL_SUMMARY.md,164351,b4b4835e0d71c33577802716f369f317e020fe4f18aced36b6b3cc74f66a52f7
curated_source_snapshot.zip,results/tkde_rebuild/IBM_IMPORTED_SEED_ROWS.csv,314608,dae5d51178b9a746946c9fc05bf31e74840b6663d69031597ef2be45d5e766b6
curated_source_snapshot.zip,results/tkde_rebuild/IBM_IMPORTED_SEED_ROWS.md,107714,f221e81f8a5d6da641e69fcf17e9e6734ad9ba127896c97b7aec970c6919d453
curated_source_snapshot.zip,results/tkde_rebuild/IBM_MATCHED_ABLATION_CONTEXT_EFFECTS.csv,476738,626f0e014a0b8d339fe344bb736d513ed63a6ec435be6104acad1f53f7bbe202
curated_source_snapshot.zip,results/tkde_rebuild/IBM_MATCHED_ABLATION_CONTEXT_EFFECTS.md,476978,47bd2d6997da7e7a8a47b9f09decaf3ee34f62a76187f5789a96cf1191626feb
curated_source_snapshot.zip,results/tkde_rebuild/IBM_MATCHED_ABLATION_EFFECTS.csv,447743,610bba2d4cb9fbea9c584fb4a99ce606f848898a850630c4a82595d1c4878bdf
curated_source_snapshot.zip,results/tkde_rebuild/IBM_MATCHED_ABLATION_EFFECTS.md,448028,4bc6c46daf1f5255dc83aac0ba5bae8896c64ff35d6f29ad672121205eabac03
curated_source_snapshot.zip,results/tkde_rebuild/IBM_METRIC_RANKS.csv,11326,98b74122c1a67a316cc148191d431e4aa07a8c9ca6ca80e1828897db4171a396
curated_source_snapshot.zip,results/tkde_rebuild/IBM_METRIC_RANKS.md,11495,08e6e809b4b9d83ca5ee2e9efe6edc5962be5e7d63dfd1562cf203f0211fd3de
curated_source_snapshot.zip,results/tkde_rebuild/IBM_RANK_DIVERGENCE.csv,3414,800f71ee63a153837a0ea2b5377e15051fb4d856013fb3cdf51c42461acbf3dc
curated_source_snapshot.zip,results/tkde_rebuild/IBM_RANK_DIVERGENCE.md,3534,e37935ac2c1f5459b5cfa8ebbd1bc058b884012e7a8e98876ac65823bcbd9a7e
curated_source_snapshot.zip,results/tkde_rebuild/IBM_RUNTIME_FEASIBILITY.csv,65115,a49107f2e466883b05289ea6c6e970e3da42d690dddcc50fe0da3e087f188fa3
curated_source_snapshot.zip,results/tkde_rebuild/IBM_RUNTIME_FEASIBILITY.md,65303,9cbf51f593859631775d3fa0da47fd6343f39d8bc506e5171fe3bd88efbd879c
curated_source_snapshot.zip,results/tkde_rebuild/LITERATURE_MATRIX.csv,22801,cbe220e596ff4d84c26101d3cf1b06b8700186cdf68feef15dae4aa58fea1483
curated_source_snapshot.zip,results/tkde_rebuild/LITERATURE_SYNTHESIS.md,4617,1355785d6e1e80a80996c767a03aa4b9528dab5a75eed048a93f4b5c9859d7c7
curated_source_snapshot.zip,results/tkde_rebuild/MANUSCRIPT_MACHINE_AUDIT.csv,401,7a05916c7afcd151cf805aa49ccdfdd888dabcf4d405c68c2353a6ac6d049e31
curated_source_snapshot.zip,results/tkde_rebuild/MODEL_CONSTRUCTION_INVENTORY.csv,1773,8607250e0e0d92a41048c43811ce8dd2bc62783bdd19f01f0dedee498cc61949
curated_source_snapshot.zip,results/tkde_rebuild/MODEL_CONSTRUCTION_INVENTORY.md,1891,53a39f5898a83fcce61d8b4a86fcf6dba37f81357f78d41152cd2e07c2adddc2
curated_source_snapshot.zip,results/tkde_rebuild/NOVELTY_DIFFERENTIATION_TABLE.csv,3240,8e8ba346751cd75a47d01f69e6e332c4e99a6a74a623ce1b793d4d0476c87f1d
curated_source_snapshot.zip,results/tkde_rebuild/NUMBER_PROVENANCE_MAP.csv,19502682,d284732dc4c5fdc03409eeca3aa700e9720a9d222b6eecf724467872768ffc63
curated_source_snapshot.zip,results/tkde_rebuild/NUMBER_PROVENANCE_MAP.md,308,55ff1f0f4eaeb629893a2db6e4e60c289d5df5bb7cfa7b8f947ccd0c3ee69e31
curated_source_snapshot.zip,results/tkde_rebuild/PAPER_IDENTITY_DECISION.md,3339,36029d268f1ed7863621b944f4b9d8c22ccc1e213602be2bcc994becdbfe6142
curated_source_snapshot.zip,results/tkde_rebuild/PROTOCOL_DEFINITIONS.csv,1002,8be510c0fe9c80994f9907a15708e016fc42c6e082ac84264c1491ea9a457757
curated_source_snapshot.zip,results/tkde_rebuild/PROTOCOL_DEFINITIONS.md,1124,c2817c04651bb837cec05870bb65c63786e700d8da291e4891e1b2ec66f8eb37
curated_source_snapshot.zip,results/tkde_rebuild/RB09_AUPRC_MAIN.csv,2106,5fd7b9c438ebae6594e895a506a79d9ddae5b1f4f146c7e4a9b2c879f06b7d03
curated_source_snapshot.zip,results/tkde_rebuild/RB09_AUPRC_MAIN.md,2227,a2ad46a200fb6b55e838daa9e43ed3bd960438cf3227dbbaf1ef2aebb0fc18e8
curated_source_snapshot.zip,results/tkde_rebuild/RB09_PROTOCOL_EFFECTS.csv,4962,7ec3ebb75e7bd0e067e292ca99d6f91f0f7562f63f8dc2319b8d4d48e298b1da
curated_source_snapshot.zip,results/tkde_rebuild/RB09_PROTOCOL_EFFECTS.md,5143,9f36c033aba9f0b396e3ebe327911e1c9c1e0e656bdf058cabebaea7b6f40748
curated_source_snapshot.zip,results/tkde_rebuild/REBUTTAL_AND_REPAIR_MATRIX.md,13358,238d0169c68ded57e8b0a9be48980f3228be4ad3f9ab54124c90c75a42f09c5a
curated_source_snapshot.zip,results/tkde_rebuild/REGENERATION_HASH_AUDIT.csv,7446,a94a1eca758bbfa5c516527e0affe3717081af93ece883f1e730700cec2588e7
curated_source_snapshot.zip,results/tkde_rebuild/RESOURCE_BOUNDARIES.csv,749,f411f26ea4b15344b532e02b9daa80afd5a824aa49e5753b4f3f793da09a0e7b
curated_source_snapshot.zip,results/tkde_rebuild/RESOURCE_BOUNDARIES.md,869,7bfc1420055f3cf9ca0f41d5c979831ece17c622ea215e18611ccba66ecaefe0
curated_source_snapshot.zip,results/tkde_rebuild/REVIEWER_1_BENCHMARK.md,9206,0f44b4cebe200c711146216cc5e7ff6cba5691e80166363d100ee1d92508dfd9
curated_source_snapshot.zip,results/tkde_rebuild/REVIEWER_2_GRAPH_ML.md,9002,98a3c2d95760134ba7609c88711c7548868482fad2aaeedb574ff789e34ea1a4
curated_source_snapshot.zip,results/tkde_rebuild/REVIEWER_3_AML.md,8052,4f0557ea853b892ba99264fb1daaf347e9daff194ee0895e172dcf80c858e15a
curated_source_snapshot.zip,results/tkde_rebuild/REVIEWER_4_STATS_ARTIFACT.md,8776,9b41072943d43435fe6953b9bf70458f2bb0d2ebe23302199bdeaba00e54eadd
curated_source_snapshot.zip,results/tkde_rebuild/REVIEW_BUDGET_CURVES.csv,5439,03357bcfeec65700980c48be3322ac82c1046303f5f16dbf3778aa7ea0001e34
curated_source_snapshot.zip,results/tkde_rebuild/REVIEW_BUDGET_CURVES.md,5560,add5dc3924d0f9527394375548eb1eb9e1712f56a2c7606cdc424a7078abf44f
curated_source_snapshot.zip,results/tkde_rebuild/TABLE_AND_FLOAT_PLACEMENT_AUDIT.md,9763,f1c3233f1b6e4ebd206ca17a830bd2ecea9f0fad0b52d8ac6b2de5d3dc660268
curated_source_snapshot.zip,results/tkde_rebuild/TABLE_DATA_PROVENANCE.csv,7642,fddad0458df94f450823d1aea4ff137005b33c7e70745c8eb99ceefee10caef9
curated_source_snapshot.zip,results/tkde_rebuild/TRAINING_CONFIGURATION.csv,1061,929bbd7cd882bed32658cfc8aeb1c0a4b71b8c8c97716fb414d7583fe083d80c
curated_source_snapshot.zip,results/tkde_rebuild/TRAINING_CONFIGURATION.md,1185,1362241107214e8a1905817f47e654bbdde54e7039ea5d6ab14ea1ae32d95e25
curated_source_snapshot.zip,results/tkde_rebuild/V24_DEDUPLICATED_RERUN_RESULTS.csv,79949,1a021ad7919e3c7ec197812c88c6b9fc0eb2523a9ca048cc7e3fa4b369a53e6b
curated_source_snapshot.zip,results/tkde_rebuild/V24_DEDUPLICATED_RERUN_RESULTS.md,80136,6b52d602f201efd6221d0e408fe4bd41cca2acc632f32adc3d06fad293ef8d16
curated_source_snapshot.zip,results/tkde_rebuild/V24_DUPLICATE_STRESS_AUDIT.csv,27358,25a4275cb2ad14cab9e9653a2e03a474ea0b7991047a95d03ccf16e27888146a
curated_source_snapshot.zip,results/tkde_rebuild/V24_DUPLICATE_STRESS_AUDIT.md,27552,951ad7faeccbff0faf343c6404489613fe83f8b2dd3b3c2c504d68d601e61175
curated_source_snapshot.zip,results/tkde_rebuild/figure_data/fig01_deployment_contract.csv,824,ebbb3e4d34a2259486cab3b2471b265a8031dfba7baa2c0a16e2dac9bfd20ac2
curated_source_snapshot.zip,results/tkde_rebuild/figure_data/fig02_protocol_architecture_effects.csv,1932,fa401e7f5a750c68ebe38c60cb2e6dce82d2a391d27ed165f0160a5e454a0ee5
curated_source_snapshot.zip,results/tkde_rebuild/figure_data/fig03_ibm_metric_scale_construction.csv,87495,b57d9766495375fe8afd9f326de293751df1fc122b00420eb038de562d269728
curated_source_snapshot.zip,results/tkde_rebuild/figure_data/fig04_rank_decision_divergence.csv,5051,bda4a383846c1f073c678732b3e9d7e626eb89aae05e2b7c171a6e443972ba2a
curated_source_snapshot.zip,results/tkde_rebuild/figure_data/fig05_matched_ablation_effects.csv,94337,e0633fcbb77e31c385be8d41c5734c9f9cd1ee5c1b8f0d55b1987e37f28b45e5
curated_source_snapshot.zip,results/tkde_rebuild/figure_data/fig06_runtime_resource_pareto.csv,64732,6ac61c5ed1b2a686dd57f0773bfb1d3e58bf54f9923beca65194d95776a5e2eb
curated_source_snapshot.zip,results/tkde_rebuild/figure_data/fig07_review_budget_analysis.csv,4248,e42ca4436b2088b9ac291a10e1a762a7e4d964273eb2db6c39164f7867601405
curated_source_snapshot.zip,results/tkde_rebuild/figure_data/fig08_claim_support_validation.csv,1698,cd253ffa88e34b9818f8ca166bd2b878b90542c5d3b5a1d83dcd1c448f644f32
curated_source_snapshot.zip,results/tkde_rebuild/table_data/EVIDENCE_FAMILY_SUMMARY.csv,3482,970197ece86c761ec9ee68ae202f6d7a52ac02d69b3f859e32edf00c4d978b76
curated_source_snapshot.zip,results/tkde_rebuild/table_data/table01_related_work.csv,655,26e2cb4604288457b92c81ae823c6c776fecce59fe1527b48425b0c23e96de04
curated_source_snapshot.zip,results/tkde_rebuild/table_data/table02_dataset_tasks.csv,841,5244e5f7490063334aaf845000e44bb76b8660d59e0d25cc79358d536e32353b
curated_source_snapshot.zip,results/tkde_rebuild/table_data/table03_model_constructions.csv,848,f3bdf427514bead2232d96d8e9b74528cc548eaa329ee8c049de52a807a6edd0
curated_source_snapshot.zip,results/tkde_rebuild/table_data/table04_rb09_protocol_effects.csv,1932,0d37f3a280948cfab1862d5b7901343858ec78a67e9d3dc9b6682e2f5fed2000
curated_source_snapshot.zip,results/tkde_rebuild/table_data/table05_ibm_results.csv,1846,6ede0ea682941f39d9f7a1eb510561fc593782342070367b84a24cfdce47c2f4
curated_source_snapshot.zip,results/tkde_rebuild/table_data/table06_resource_boundaries.csv,749,f411f26ea4b15344b532e02b9daa80afd5a824aa49e5753b4f3f793da09a0e7b
curated_source_snapshot.zip,results/tkde_rebuild/table_data/table07_graphsafe_case.csv,3832,43c325f162c5fceb4b0f3c17b289566ae6c10b6591d3a277a4d23e5f731df4f9
curated_source_snapshot.zip,results/tkde_visual_rebuild/BASELINE_PAGE_AUDIT.md,10787,db00489bed389c6c3aeac0438d52cd2897ffcf5fc9191210bad70185258b40ea
curated_source_snapshot.zip,results/tkde_visual_rebuild/COMMAND_LOG.md,8219,5431cdc74dd9ae12e407e987162b36dd5f3953c70112bd93ac375b96618ba4c0
curated_source_snapshot.zip,results/tkde_visual_rebuild/CONTENT_ALLOCATION_MAP.csv,17513,9452450455eb0631ac8ef48c827dea8afeaa3f7f6c20cb66c1dd5d6ea1f52ffd
curated_source_snapshot.zip,results/tkde_visual_rebuild/CURATED_SUPPLEMENT_TABLE_MANIFEST.csv,6791,dc4234121017a82a0e147235cd9925dc608aed4d83b964662bc4a7476b8c287f
curated_source_snapshot.zip,results/tkde_visual_rebuild/FIGURE_DATA_PROVENANCE.csv,7865,ac8ad31f025ff5df279a228b9341cd9f973aa0f4834504c5858c736d6444d786
curated_source_snapshot.zip,results/tkde_visual_rebuild/FINAL_PAGE_AND_FLOAT_AUDIT.md,8831,9709e55648e71e5a05e902d25bf9c2d9bd756704f85716d79cf92405add7952f
curated_source_snapshot.zip,results/tkde_visual_rebuild/FINAL_VISUAL_AND_EDITORIAL_READINESS_REPORT.md,8061,7fc33a1b367f3d327ca71a0dd32fe29218a874ecf9b321421ebfff2263cd45a6
curated_source_snapshot.zip,results/tkde_visual_rebuild/FINAL_VISUAL_QA_REPORT.md,2838,07e2ff5e125bace5aadf6c07395deadd6c17a59f30807d4dba3d3a54479b001c
curated_source_snapshot.zip,results/tkde_visual_rebuild/FROZEN_SCIENTIFIC_INPUT_HASHES.csv,7446,a94a1eca758bbfa5c516527e0affe3717081af93ece883f1e730700cec2588e7
curated_source_snapshot.zip,results/tkde_visual_rebuild/GENERATOR_AND_FORMATTING_AUDIT.md,7311,a768b5a58266777ebafff5765f2ca6755193d9c795f808bb0f7378d46b5f24de
curated_source_snapshot.zip,results/tkde_visual_rebuild/MAIN_TABLE_DATA_PROVENANCE.csv,3949,3d6116c073f5fe4a4b9849af4dee59f16c8119165202cf8e3fe0c3c65160e275
curated_source_snapshot.zip,results/tkde_visual_rebuild/OBJECT_RECONCILIATION_REPORT.md,2631,c1f79e1c90d2984d9835fbbeab81cf373add0f1ffbd8b1fbcb1d510dfca197ba
curated_source_snapshot.zip,results/tkde_visual_rebuild/RAW_TABLE_ARTIFACT_INDEX.csv,2871,4fa248dcd5893ab6259f265a19b204cb1745f705f2ef35f968b822bec2ca3056
curated_source_snapshot.zip,results/tkde_visual_rebuild/RAW_TABLE_ARTIFACT_INDEX.md,4189,0f0771b7d29429aa6cf738c3f6669a60b09f17caad534871999a225df90bb3cd
curated_source_snapshot.zip,results/tkde_visual_rebuild/REVIEWER_VISUAL_REPAIR_MATRIX.md,2881,400eb0d9d99145074d2c576b21fd937a108d22ed729a239756cd923488d20166
curated_source_snapshot.zip,results/tkde_visual_rebuild/SCIENTIFIC_DELTA_LEDGER.md,904,71e8245e928a2b58fc31be4a877950a7b062384b25c2bbcbd55a0d816d8eda71
curated_source_snapshot.zip,results/tkde_visual_rebuild/TKDE_PUBLICATION_DESIGN_SYSTEM.md,6000,215369c9cea45083de7d7da0fa48a2ac3ac01f6714da884a3e7e216b81ea981a
curated_source_snapshot.zip,results/tkde_visual_rebuild/VISUAL_OBJECT_INVENTORY.csv,44898,c96d37bebdcfbd163dce6b41c1fcabb9f159e1b4fd2421850c2cd50023fcc122
curated_source_snapshot.zip,results/tkde_visual_rebuild/VISUAL_OBJECT_INVENTORY.md,12133,94b7e54b857b11c929080a807d82d4e57edc8b9afaeb129785b16839cbf651b2
curated_source_snapshot.zip,results/tkde_visual_rebuild/audits/PDF_LAYOUT_AUDIT.md,3754,ed252376ef890b34ba333fa2bed318cee2de113eaf7f68a3eed93da29f3fc77b
curated_source_snapshot.zip,results/tkde_visual_rebuild/audits/SCIENTIFIC_DELTA_GATE.md,876,86041f45acb00754ae95f4e512bee78e44b873f4a530a00f2208ad1717bb9033
curated_source_snapshot.zip,results/tkde_visual_rebuild/audits/TABLE_READABILITY_AUDIT.md,4237,ab5fcd8e06e5a3f434429f9126f1311537588348419f4a0f0170037d3a59783d
curated_source_snapshot.zip,results/tkde_visual_rebuild/figure_data/fig01_deployment_contract.csv,2197,1f80c740e344f4126a7d55237551c7641d83d3407674e0e84d01a883b8b591af
curated_source_snapshot.zip,results/tkde_visual_rebuild/figure_data/fig02_protocol_architecture_effects.csv,2067,05c57209ed22deb613c8fcb6eb487a8a8ae24c5fbba144a3d83ec49ef751b6c3
curated_source_snapshot.zip,results/tkde_visual_rebuild/figure_data/fig03_ibm_metric_scale_construction.csv,60846,6e95d5bdf8c9a708d342e89894f04bef3c972ae3927720b7b9730a3e12fbcecc
curated_source_snapshot.zip,results/tkde_visual_rebuild/figure_data/fig04_rank_decision_divergence.csv,5621,b89abf62796b50607edb3d8f8285f4c2ec17d7ee78ab7096762594ab46dc8b7a
curated_source_snapshot.zip,results/tkde_visual_rebuild/figure_data/fig05_matched_ablation_effects.csv,283492,aec0afb816db4eaa51ae29906bb88176f10a6f77a141d140cfb631242c8f63bb
curated_source_snapshot.zip,results/tkde_visual_rebuild/figure_data/fig06_runtime_resource_pareto.csv,68764,d94d7166ae92d4146e3f4305cf589c57acdc4a88741c970c16928ac1d4bd0d95
curated_source_snapshot.zip,results/tkde_visual_rebuild/figure_data/fig07_review_budget_analysis.csv,6648,4e2212dade1ca025655cc2761df83d27ff2bd534b933c786f33ec869904ee477
curated_source_snapshot.zip,results/tkde_visual_rebuild/figure_data/fig08_claim_support_validation.csv,3617,cd707f65c3195b1f874999bb1d166c6ace55828ff0c71cf550a85902750d65d9
curated_source_snapshot.zip,results/tkde_visual_rebuild/table_data/table01_related_work.csv,476,3c8accd0c7ddba2a8fd0a74e1c58017eee079f17310ae7c6248ceb182d289b66
curated_source_snapshot.zip,results/tkde_visual_rebuild/table_data/table02_dataset_tasks.csv,936,0d8f2a81bc6373e42f19b0e13d9a1d1a9f06811f3f34d30489888fa84b90524d
curated_source_snapshot.zip,results/tkde_visual_rebuild/table_data/table03_protocol_visibility.csv,721,948c8156c0b804d4ab34d58b8dc9d4e9fc959e511618cd6398d14fab3d6688fa
curated_source_snapshot.zip,results/tkde_visual_rebuild/table_data/table04_rb09_protocol_effects.csv,1932,0d37f3a280948cfab1862d5b7901343858ec78a67e9d3dc9b6682e2f5fed2000
curated_source_snapshot.zip,results/tkde_visual_rebuild/table_data/table05_ibm_baselines.csv,845,c812e000cfc20ce84efabadae293bf89fc2c7b6ae038497be71bbf34f3d78a21
curated_source_snapshot.zip,results/tkde_visual_rebuild/table_data/table06_ibm_construction.csv,1238,cd9aa63a03b8f92816be2b156967bc7a15ddf8e615e7040efeda4e94e1e98ac4
curated_source_snapshot.zip,results/tkde_visual_rebuild/table_data/table07_resource_boundaries.csv,786,50fa92988b6da9388620ed4fdeb1f0a6b9fa62790eb7a9a8709a8734c365c885
curated_source_snapshot.zip,results/tkde_visual_rebuild/table_data/table08_graphsafe_case.csv,3832,43c325f162c5fceb4b0f3c17b289566ae6c10b6591d3a277a4d23e5f731df4f9
curated_source_snapshot.zip,results/tkde_visual_rebuild/validation/anonymization.md,761,03ef37e5f27b86fa8b3d800e66941bf0ac123c9e9cce2e0934c3d698c6418fca
curated_source_snapshot.zip,results/tkde_visual_rebuild/validation/claim_gates/claim_gate_check.json,1797,7a59017eea39f294941b7ae2b3c9167ec895fb9396de58e00e9726debad33345
curated_source_snapshot.zip,results/tkde_visual_rebuild/validation/claim_gates/claim_gate_check.md,393,03b2b5d8f0230709f69e5088e6edbab3c9ce646793f2d7216d30a8affbcb49f5
curated_source_snapshot.zip,results/tkde_visual_rebuild/validation/safety/safety_check.json,89,a6393483bc7514bf4a62d23908d35cbf800a0acc9e45e2ad4b195f8655253abf
curated_source_snapshot.zip,results/tkde_visual_rebuild/validation/safety/safety_check.md,132,fed1aa8e01ee3b666aa97db0ba21992c2363774e99085d29da6505841effd31b
curated_source_snapshot.zip,results/v24_imported/V24_IMPORTED_EVIDENCE_LOCK.json,52556,fdafe03d002dc078bb690a8f4965cca27781aa49dd916b6e03f68bb3d7893ca8
curated_source_snapshot.zip,results/v26_imported/V26_IMPORTED_EVIDENCE_LOCK.json,3510,f16ecd3b22dc35eaaf7dadfbb7ccfc508ccf52ab05d4c01894b9da2e78cd0dc1
curated_source_snapshot.zip,results/v27_imported/V27_STRONGER_GRAPH_EVIDENCE_LOCK.json,795,910dc7c1cef558ed9b107eec6fa868fdc932b804bb0204b0e98aff306ca5ed23
curated_source_snapshot.zip,results/v28_imported/V28_ALL_RUNS_EVIDENCE_LOCK.json,2183,3cd7204770ba25905def6381c39c0bce873130ecca74f280240d9d3aecc4be10
curated_source_snapshot.zip,results_summary/README.md,489,1ed40f091f9a9502f899e132d536775076dffc01b532867a45882f6f50526775
curated_source_snapshot.zip,run_full_upgrade.sh,6414,eeecdfbf0332662caac9b0da2857e1e9600fdf96605a8c059228778628601c41
curated_source_snapshot.zip,run_insights.sh,4095,b4544e5dc5d7e0719e0c4c14381bc0b9a091e7de30336fe6041e40085d0929e4
curated_source_snapshot.zip,run_overnight.sh,3820,398518dd2092b39696aad1eb018211c33fc0bddd60d1dbdcd218b4bb8e9a2904
curated_source_snapshot.zip,run_upgrades.sh,15808,5eef4755c39a2a63de9c065d67c728b50197ea21d083df98bc2d0fcc089eba0f
curated_source_snapshot.zip,scripts/addition10_feature_importance.py,9846,2056251bb9ba66b63866daf0fc2286e0a54158b10e055387885dd7a12c2f621e
curated_source_snapshot.zip,scripts/addition11_evolvegcn_run.py,9407,98f72036c2fec5ce0b522723eb045132b50f095c79291be22226da6559aa6aa5
curated_source_snapshot.zip,scripts/addition12_prior_work_comparison.py,7915,6c448facec2aa6d3b5396ebb0056cd04f47543e0c2e27a5e808ff8d0689293cb
curated_source_snapshot.zip,scripts/addition13_perclass_temporal.py,8061,5f4f46583e82bbc007b41b73d0cab2e82f3837c6fd8f29e0fc6bcce119a6b134
curated_source_snapshot.zip,scripts/addition1_mlp_baseline.py,5090,a50e308b8c32666e35e6e8a1e8aebee972ed35ec0361cc0c5d14f4a92c0ce2e1
curated_source_snapshot.zip,scripts/addition2_temporal_analysis.py,6973,3f18c6139583c640bc2f86c6406da16538d2096303a36a7a8c4470a8044cd228
curated_source_snapshot.zip,scripts/addition3_pr_curves.py,6115,3d99ab4b00a1582939af5fc5741c59f35e37ded2d4a5677cfa969f9ac6b949d2
curated_source_snapshot.zip,scripts/addition4_confusion_analysis.py,7478,535559a2a6361e98355984c0f766fe3bcc63f9ca1e580eeb55c7dde0a27c1fac
curated_source_snapshot.zip,scripts/addition5_ablation.py,7205,a34e935b5641f8faf00e40649cdb8939d50aa73e3ac7ad506e1c3f7f4db79dbd
curated_source_snapshot.zip,scripts/addition6_seed_table.py,7922,d075b83d23565231e3c3e7834f49814debd8cabbe605c19e9c2fe1ad64683af3
curated_source_snapshot.zip,scripts/addition7_temporal_calibration.py,10627,63c73800e43a6ab6841125fa3c9ef6a03a86756e9c22c11710bffbaaf95d29e3
curated_source_snapshot.zip,scripts/addition8_temperature_scaling.py,8871,6e72c399c8d15684066e0917f1cde66545325a884ed2ad2ebb50a1511da079d7
curated_source_snapshot.zip,scripts/addition9_subgraph_viz.py,10398,3f686f355cc3a9eb198a78339125b272f3567ec53a632b902dc50bad13f24abe
curated_source_snapshot.zip,scripts/analyze_graphsafe_acceptance.py,27465,64f367a7232395f5ca0df5e403bdd7f87541dde657a84868be4671289a2018e4
curated_source_snapshot.zip,scripts/analyze_graphsafe_tta.py,17844,406e1c77ccd24b8a29bea1c694d65de81ad23e8d076cd564626a5ae06fca92ef
curated_source_snapshot.zip,scripts/analyze_review_budget_worst_block.py,12099,8bf12a6adb408970de81d7c561237f58759e68c54310056cbb522e6722ab43dd
curated_source_snapshot.zip,scripts/audit_claim_language.py,1914,a5d69db8f0972e218a6da130df0a91f6d921dbbd356d4b34eaa623be69d83461
curated_source_snapshot.zip,scripts/audit_utils.py,1272,c9cd42f693223180558431e836fbb024de265c238e1358b0446c3d2ca5239e86
curated_source_snapshot.zip,scripts/check_anonymization.py,11895,e2d48f8c6050838440a5fffaf280160f45fe129b8a5be572386c72e4cab2db36
curated_source_snapshot.zip,scripts/check_claim_gates.py,28941,7c645ef6cf0ec5fa84994af5a54befe94c6351c91698f684d62e39aa53e405ca
curated_source_snapshot.zip,scripts/generate_figure_manifest.py,6996,8ed6d8970cc908bb20f864c0838ccd4659109e26f196fd677e71e49f91143316
curated_source_snapshot.zip,scripts/github_publish/build_audit_reports.py,14492,f7526be5794acb28142c48e72829e74747ad97cd6c83415e08bcc2a81b991828
curated_source_snapshot.zip,scripts/github_publish/sync_curated_checkout.py,5415,e8506ffefcd5347b1dd7dd8d6bdac8cb50c3288eeb32ddb5159c18b4cd2c6f4a
curated_source_snapshot.zip,scripts/github_publish/validate_public_tree.py,6986,21f7dd617aec814d2b2116aaa9b2b0f047cd5297e67f3a8d50e311891b57061c
curated_source_snapshot.zip,scripts/graphsafe_strengthening_common.py,14782,0a21b5e5c397f416e6a770e5bada79a83742202883f79849d86e61d4595ee651
curated_source_snapshot.zip,scripts/recommend_protocol_robust_model.py,10732,5df140ed89899e65b1a91bc56dde95f97085468fb6e0ffeb91a1b36ef2a62112
curated_source_snapshot.zip,scripts/run_all_additions.sh,1461,63981173a5252958c3dfb1e5aab6bc66c41aad2732cb10b93b25234705ecd56b
curated_source_snapshot.zip,scripts/run_fraudshift_falsification_suite.py,10323,0b192f653d9c361a249544c60c4aaa90b0641993e35772b6826cea9bd916302a
curated_source_snapshot.zip,scripts/run_fraudshift_stress_tests.py,14585,79bacd12cecd58a160392a87b3f282264677fb08bfd10777530cf55519763693
curated_source_snapshot.zip,scripts/run_graphsafe_tta.py,34324,a99bd878f6f3f990360c95a549efcd5a9a464b6f52a5b4e20e37183b88b62d11
curated_source_snapshot.zip,scripts/safety_check_no_heavy_defaults.py,5382,382759f1d267265b24a6bb5076dbca1d676e469f53557b9e53652651c81d221f
curated_source_snapshot.zip,scripts/save_checkpoints.py,1809,a0c6c462a2826e665e5b4f0d09c262dfb31384bd2d9481807d4022ff9da2ebab
curated_source_snapshot.zip,scripts/sync_paper_figures.py,5931,c1c7881c5cce297adc947fc356e9bc82f6e05a906502c355cbcf86dd7d99bea7
curated_source_snapshot.zip,scripts/tkde_rebuild/audit_manuscript.py,8027,518bc4eeef5bb20cc5840ae198b5feec7862f92f5085eb99258e120214464aa6
curated_source_snapshot.zip,scripts/tkde_rebuild/build_bibliography.py,3480,a7eaf55facf15220bda26da3d3088c740c47274412f68a8a18b997745b1fca7d
curated_source_snapshot.zip,scripts/tkde_rebuild/build_claim_ledger.py,34053,16cc0d5be2178bb6f7cb3ec14c9511350573a9b82542c24e52bc4760489ed3b0
curated_source_snapshot.zip,scripts/tkde_rebuild/build_evidence_inventory.py,45303,9bfffb3b3c2b0397876c9fcd1e84a4cc0e30d44a1bbd6e3c8da538a4ef5873c1
curated_source_snapshot.zip,scripts/tkde_rebuild/build_literature_assets.py,38725,7f207b0bbd6eaf5254c69bb7f39e6c195f46cfe6bf876032173e0d2ab09d50e7
curated_source_snapshot.zip,scripts/tkde_rebuild/build_release.py,31366,1bb5615cc9833e49cf8095073368a5a8f384ff1ab266957b809759d534fdadf0
curated_source_snapshot.zip,scripts/tkde_rebuild/build_tables.py,34470,cb46aad98327d6b03a7deaafd31803f5bbd24f28e924663b52ed8a305fb6dbb6
curated_source_snapshot.zip,scripts/tkde_rebuild/compile_papers.sh,885,8c4d15435485145cbc2f9db0a72c101b8d05c8fe4542f8b916bc94aaefe06d34
curated_source_snapshot.zip,scripts/tkde_rebuild/compute_analysis.py,52546,f4d6609ba9890424742896a8ad51499b8639d16978e2a62c8cec7a4eb5502063
curated_source_snapshot.zip,scripts/tkde_rebuild/make_figures.py,54104,a7b7615e65a5b2102a9642a5044afb5ca05429fd61373ba56a7b44d9595a5825
curated_source_snapshot.zip,scripts/tkde_rebuild/validate_support_relation.py,14583,7baccff863aec6b912f7f5899c3f41b301c17d1906014a7302f2bff82e26c7e4
curated_source_snapshot.zip,scripts/tkde_visual_rebuild/__init__.py,68,dce9d25e32e4c05d7f0c442f1ba34c1852f5293a91953cdd7bd70d0190eb29af
curated_source_snapshot.zip,scripts/tkde_visual_rebuild/audit_pdf_layout.py,23473,f2d8603f50fb5b33f1e33db4d4603509de7dade21b132baf0627dd228471859a
curated_source_snapshot.zip,scripts/tkde_visual_rebuild/audit_table_readability.py,20046,5622bba442bab3f84588a36a229e0ac07de94e1c89972d51f32f07eb677a5a4b
curated_source_snapshot.zip,scripts/tkde_visual_rebuild/audit_visual_objects.py,8220,bb31b0761eb8ab0043cf2def9caac4f921e732cb847f81745829758bc877daca
curated_source_snapshot.zip,scripts/tkde_visual_rebuild/build_curated_supplement_tables.py,68232,c8a3e22502c048945632416b9b4dd8d9a5aff0b9d7287e7c47e4c8725b2498ef
curated_source_snapshot.zip,scripts/tkde_visual_rebuild/build_main_tables.py,19595,25b9ce3026cd4c2f9ab316b0401e7da6143c30e78e5d70a108a1fab82b571e7a
curated_source_snapshot.zip,scripts/tkde_visual_rebuild/build_visual_release.py,42975,10acfe71882e361af8069f4689889b15b9f2430edffbae8339cc37d4e84e46fc
curated_source_snapshot.zip,scripts/tkde_visual_rebuild/object_registry.py,29169,5e66cdb145481097c05d87f51b90a92b1b7cbb871e60a09609ddcad49a889862
curated_source_snapshot.zip,scripts/tkde_visual_rebuild/publication_style.py,6532,411af1f3a2c9b2e37762371c3f6d63b8deb7e0f97142f73595ed70364733732e
curated_source_snapshot.zip,scripts/tkde_visual_rebuild/scientific_delta_gate.py,28748,1d2b5ba37200674b0184c0df84636c6caafaee03842f81faa96b48d9a301b767
curated_source_snapshot.zip,scripts/tune_threshold.py,1666,33a2a658c1cd4789f95a1196ff68259fd482e49f01f327edbb7453a7fcaa9f30
curated_source_snapshot.zip,tests/__init__.py,43,b15acc91a50e0d36ceae4fcd6476e70afa2b4e1e9a9c43b88179df24573b96d5
curated_source_snapshot.zip,tests/test_fraudshiftbench_claim_gates.py,1012,ff9ee3d83c3cdb11c1e5de0cb2e455b1e403106b88fa15edc11576d127229b67
curated_source_snapshot.zip,tests/test_fraudshiftbench_evidence_units.py,759,24bfe6df4f399536a0cdde458c4b6eabb5ea0740a12c8cf4f120a6d2fb4c37e6
curated_source_snapshot.zip,tests/test_fraudshiftbench_metrics.py,3355,87596406438f2ce9787d11909871ac455c1c57ed38d0544771847f364119a6fa
curated_source_snapshot.zip,tests/test_fraudshiftbench_protocols.py,314,6c2d294a47c5dc6ff3a70bfe9bb237ef5b2bfbf713540114dd8ce72c2cd2837c
curated_source_snapshot.zip,tests/test_fraudshiftbench_red_team_integrity.py,1313,7d7b692c34c51fcd3cf539f75e38cfc6976497bed34107529982577c5439d02d
curated_source_snapshot.zip,tests/test_tkde_visual_release_audits.py,8833,c30c76ce13b67799d50dab03b93f182bce4eaf513381794747f7d9abc9697ef1
curated_source_snapshot.zip,train.py,4600,98e2d2132ae635e07f28a3b51fc495461d8fa45100b7b0d12d011e1d9e2f31ab
curated_source_snapshot.zip,train_proper.py,5267,1601d1ed991bf6fa8b39149a7c6d4606ab8a654919b4363b1a33c52987be6612
curated_source_snapshot.zip,utils/__init__.py,0,e3b0c44298fc1c149afbf4c8996fb92427ae41e4649b934ca495991b7852b855
curated_source_snapshot.zip,utils/imbalance.py,5161,d9c3c63e19958a5731bef877d33b2617d65dcfdbe7045fa5bdbcee49c86c8d8e
curated_source_snapshot.zip,utils/metrics.py,20870,b7a8c3696c6739d65794f7fb17501de7169c3a08eedf88004fac7f93feeb88ed
curated_source_snapshot.zip,utils/reproducibility.py,5306,623ac6e71b85dc7605d485eef340092f7c8a42bc141ce1063c78823a2957cecc
curated_source_snapshot.zip,utils/scaling.py,3160,3b9f8376dae5da96d6c1a209905efb66d32cd1d274ed4f8611029e399f861da0
curated_source_snapshot.zip,utils/temporal.py,4695,79b21f979e2c057e287a87b7d82903b66feaa5abed3f00db216fe359d2fe728a
curated_source_snapshot.zip,utils/trainer.py,11776,8c138fbc8011b388c80530f26175d0afba17ed4c673a62b5e721bea06858eea5
curated_source_snapshot.zip,utils/trainer_minibatch.py,6853,e35a7770c0c47bbf19b254662fc756bc07335c6fd00dc48163d3d549376c15a5
curated_source_snapshot.zip,utils/visualise.py,14146,5ee64651a9395c33381c0609111921a356512ca6eee5bcdb83208cc1b14c5290
